FeatureNum,FS_Method,Scaler,AugName,ImblName,Model,Norm_Order,Prob_Threshold,Split_Ratio,Random_State,Timestamp,RunID,LogDir,Model_RunID,Accuracy,Macro_Precision,Macro_Recall,Macro_F1,Weighted_Precision,Weighted_Recall,Weighted_F1,Micro_Precision,Micro_Recall,Micro_F1,Integrated_Score
6,biMaxInfgain,minmax,gaussian_noise,noImbl,BalancedRandomForest,first,0.25,0.1,42,2026-05-30 18:22:59,20260530-182225,log/stroke_prediction_v4/6/biMaxInfgain/minmax__gaussian_noise__noImbl/BalancedRandomForest,1780136562317_d342c02e17801365796026916,0.675146771037182,0.5403684157109511,0.6964197530864198,0.4878893986959671,0.9361188730701392,0.675146771037182,0.7672604299234753,0.675146771037182,0.675146771037182,0.675146771037182,0.6756218868945401
6,biMaxInfgain,minmax,gaussian_noise,noImbl,BalancedRandomForest,first,0.25,0.1,126,2026-05-30 18:23:01,20260530-182225,log/stroke_prediction_v4/6/biMaxInfgain/minmax__gaussian_noise__noImbl/BalancedRandomForest,1780136562317_d342c02e17801365813708113,0.6438356164383562,0.5498876584817846,0.7558436213991769,0.4830235247031618,0.9472271870871009,0.6438356164383562,0.7431441362467568,0.6438356164383562,0.6438356164383562,0.6438356164383562,0.6667552424146364
6,biMaxInfgain,minmax,gaussian_noise,noImbl,BalancedRandomForest,first,0.25,0.1,5012,2026-05-30 18:23:03,20260530-182225,log/stroke_prediction_v4/6/biMaxInfgain/minmax__gaussian_noise__noImbl/BalancedRandomForest,1780136562317_d342c02e17801365832367454,0.6516634050880626,0.5403632198952879,0.7030452674897119,0.4775411267346751,0.938110393336134,0.6516634050880626,0.7496440769750536,0.6516634050880626,0.6516634050880626,0.6516634050880626,0.6628950306637976
6,biMaxInfgain,minmax,gaussian_noise,noImbl,BalancedRandomForest,first,0.25,0.2,42,2026-05-30 18:23:37,20260530-182225,log/stroke_prediction_v4/6/biMaxInfgain/minmax__gaussian_noise__noImbl/BalancedRandomForest,1780136562317_d342c02e17801366170370037,0.6565557729941291,0.5446931263077295,0.7245884773662552,0.484003952802275,0.9413752810956544,0.6565557729941291,0.7531964709357598,0.6565557729941291,0.6565557729941291,0.6565557729941291,0.6692680612353208
6,biMaxInfgain,minmax,gaussian_noise,noImbl,BalancedRandomForest,first,0.25,0.2,126,2026-05-30 18:23:38,20260530-182225,log/stroke_prediction_v4/6/biMaxInfgain/minmax__gaussian_noise__noImbl/BalancedRandomForest,1780136562317_d342c02e17801366187749490,0.6350293542074364,0.5503743285742118,0.7606995884773662,0.4792289102640289,0.9485984797672382,0.6350293542074364,0.7362020932976991,0.6350293542074364,0.6350293542074364,0.6350293542074364,0.6622936318991153
6,biMaxInfgain,minmax,gaussian_noise,noImbl,BalancedRandomForest,first,0.25,0.2,5012,2026-05-30 18:23:40,20260530-182225,log/stroke_prediction_v4/6/biMaxInfgain/minmax__gaussian_noise__noImbl/BalancedRandomForest,1780136562317_d342c02e17801366205091775,0.6682974559686888,0.5501369398992882,0.7497325102880659,0.4947256968599192,0.9448615624209816,0.6682974559686888,0.7618929120490437,0.6682974559686888,0.6682974559686888,0.6682974559686888,0.6802848749846534
6,biMaxInfgain,minmax,gaussian_noise,noImbl,BalancedRandomForest,last,0.25,0.1,42,2026-05-30 18:24:14,20260530-182225,log/stroke_prediction_v4/6/biMaxInfgain/gaussian_noise__noImbl__minmax/BalancedRandomForest,1780136562317_d342c02e17801366545277833,0.6790606653620352,0.544690280456037,0.7174485596707819,0.494059405940594,0.9392428119316112,0.6790606653620352,0.7700645211292166,0.6790606653620352,0.6790606653620352,0.6790606653620352,0.6813810204111286
6,biMaxInfgain,minmax,gaussian_noise,noImbl,BalancedRandomForest,last,0.25,0.1,126,2026-05-30 18:24:16,20260530-182225,log/stroke_prediction_v4/6/biMaxInfgain/gaussian_noise__noImbl__minmax/BalancedRandomForest,1780136562317_d342c02e17801366563144426,0.6379647749510763,0.5525465541938565,0.7717283950617284,0.4826265180247481,0.9503021074168704,0.6379647749510763,0.7383798624641671,0.6379647749510763,0.6379647749510763,0.6379647749510763,0.6657945727210132
6,biMaxInfgain,minmax,gaussian_noise,noImbl,BalancedRandomForest,last,0.25,0.1,5012,2026-05-30 18:24:18,20260530-182225,log/stroke_prediction_v4/6/biMaxInfgain/gaussian_noise__noImbl__minmax/BalancedRandomForest,1780136562317_d342c02e17801366580788139,0.6340508806262231,0.5378536977491962,0.6937860082304527,0.4671295134532274,0.9373753311393712,0.6340508806262231,0.7361880808194897,0.6340508806262231,0.6340508806262231,0.6340508806262231,0.6510194951032986
6,biMaxInfgain,minmax,gaussian_noise,noImbl,BalancedRandomForest,last,0.25,0.2,42,2026-05-30 18:24:52,20260530-182225,log/stroke_prediction_v4/6/biMaxInfgain/gaussian_noise__noImbl__minmax/BalancedRandomForest,1780136562317_d342c02e17801366920655729,0.6565557729941291,0.5464825506564188,0.7340740740740741,0.4857496742229733,0.9429181404820784,0.6565557729941291,0.7531235673757842,0.6565557729941291,0.6565557729941291,0.6565557729941291,0.6708007719587223
6,biMaxInfgain,minmax,gaussian_noise,noImbl,BalancedRandomForest,last,0.25,0.2,126,2026-05-30 18:24:53,20260530-182225,log/stroke_prediction_v4/6/biMaxInfgain/gaussian_noise__noImbl__minmax/BalancedRandomForest,1780136562317_d342c02e17801366938117942,0.6409001956947162,0.5529720760857859,0.7732716049382716,0.4844449942612867,0.950372695102618,0.6409001956947162,0.7406647024702069,0.6409001956947162,0.6409001956947162,0.6409001956947162,0.6677881704002778
6,biMaxInfgain,minmax,gaussian_noise,noImbl,BalancedRandomForest,last,0.25,0.2,5012,2026-05-30 18:24:55,20260530-182225,log/stroke_prediction_v4/6/biMaxInfgain/gaussian_noise__noImbl__minmax/BalancedRandomForest,1780136562317_d342c02e17801366956493961,0.675146771037182,0.5512794882047181,0.7533333333333333,0.4989959364959365,0.9450920218996548,0.675146771037182,0.7670010015900426,0.675146771037182,0.675146771037182,0.675146771037182,0.6849287334715403
6,biMaxInfgain,minmax,gaussian_noise,noImbl,EasyEnsemble,first,0.25,0.1,42,2026-05-30 18:23:00,20260530-182225,log/stroke_prediction_v4/6/biMaxInfgain/minmax__gaussian_noise__noImbl/EasyEnsemble,1780136562317_d342c02e17801365805558066,0.0489236790606653,0.0244618395303326,0.5,0.0466417910447761,0.0023935263728309,0.0489236790606653,0.0045637760317784,0.0489236790606653,0.0489236790606653,0.0489236790606653,0.0799358432760656
6,biMaxInfgain,minmax,gaussian_noise,noImbl,EasyEnsemble,first,0.25,0.1,126,2026-05-30 18:23:02,20260530-182225,log/stroke_prediction_v4/6/biMaxInfgain/minmax__gaussian_noise__noImbl/EasyEnsemble,1780136562317_d342c02e17801365823037605,0.0489236790606653,0.0244618395303326,0.5,0.0466417910447761,0.0023935263728309,0.0489236790606653,0.0045637760317784,0.0489236790606653,0.0489236790606653,0.0489236790606653,0.0799358432760656
6,biMaxInfgain,minmax,gaussian_noise,noImbl,EasyEnsemble,first,0.25,0.1,5012,2026-05-30 18:23:04,20260530-182225,log/stroke_prediction_v4/6/biMaxInfgain/minmax__gaussian_noise__noImbl/EasyEnsemble,1780136562317_d342c02e17801365841894316,0.0489236790606653,0.0244618395303326,0.5,0.0466417910447761,0.0023935263728309,0.0489236790606653,0.0045637760317784,0.0489236790606653,0.0489236790606653,0.0489236790606653,0.0799358432760656
6,biMaxInfgain,minmax,gaussian_noise,noImbl,EasyEnsemble,first,0.25,0.2,42,2026-05-30 18:23:37,20260530-182225,log/stroke_prediction_v4/6/biMaxInfgain/minmax__gaussian_noise__noImbl/EasyEnsemble,1780136562317_d342c02e17801366179764229,0.0489236790606653,0.0244618395303326,0.5,0.0466417910447761,0.0023935263728309,0.0489236790606653,0.0045637760317784,0.0489236790606653,0.0489236790606653,0.0489236790606653,0.0799358432760656
6,biMaxInfgain,minmax,gaussian_noise,noImbl,EasyEnsemble,first,0.25,0.2,126,2026-05-30 18:23:39,20260530-182225,log/stroke_prediction_v4/6/biMaxInfgain/minmax__gaussian_noise__noImbl/EasyEnsemble,1780136562317_d342c02e17801366197062336,0.0489236790606653,0.0244618395303326,0.5,0.0466417910447761,0.0023935263728309,0.0489236790606653,0.0045637760317784,0.0489236790606653,0.0489236790606653,0.0489236790606653,0.0799358432760656
6,biMaxInfgain,minmax,gaussian_noise,noImbl,EasyEnsemble,first,0.25,0.2,5012,2026-05-30 18:23:41,20260530-182225,log/stroke_prediction_v4/6/biMaxInfgain/minmax__gaussian_noise__noImbl/EasyEnsemble,1780136562317_d342c02e17801366214423398,0.0489236790606653,0.0244618395303326,0.5,0.0466417910447761,0.0023935263728309,0.0489236790606653,0.0045637760317784,0.0489236790606653,0.0489236790606653,0.0489236790606653,0.0799358432760656
6,biMaxInfgain,minmax,gaussian_noise,noImbl,EasyEnsemble,last,0.25,0.1,42,2026-05-30 18:24:15,20260530-182225,log/stroke_prediction_v4/6/biMaxInfgain/gaussian_noise__noImbl__minmax/EasyEnsemble,1780136562317_d342c02e17801366554930030,0.0489236790606653,0.0244618395303326,0.5,0.0466417910447761,0.0023935263728309,0.0489236790606653,0.0045637760317784,0.0489236790606653,0.0489236790606653,0.0489236790606653,0.0799358432760656
6,biMaxInfgain,minmax,gaussian_noise,noImbl,EasyEnsemble,last,0.25,0.1,126,2026-05-30 18:24:17,20260530-182225,log/stroke_prediction_v4/6/biMaxInfgain/gaussian_noise__noImbl__minmax/EasyEnsemble,1780136562317_d342c02e17801366572587289,0.0489236790606653,0.0244618395303326,0.5,0.0466417910447761,0.0023935263728309,0.0489236790606653,0.0045637760317784,0.0489236790606653,0.0489236790606653,0.0489236790606653,0.0799358432760656
6,biMaxInfgain,minmax,gaussian_noise,noImbl,EasyEnsemble,last,0.25,0.1,5012,2026-05-30 18:24:19,20260530-182225,log/stroke_prediction_v4/6/biMaxInfgain/gaussian_noise__noImbl__minmax/EasyEnsemble,1780136562317_d342c02e17801366590302406,0.0489236790606653,0.0244618395303326,0.5,0.0466417910447761,0.0023935263728309,0.0489236790606653,0.0045637760317784,0.0489236790606653,0.0489236790606653,0.0489236790606653,0.0799358432760656
6,biMaxInfgain,minmax,gaussian_noise,noImbl,EasyEnsemble,last,0.25,0.2,42,2026-05-30 18:24:53,20260530-182225,log/stroke_prediction_v4/6/biMaxInfgain/gaussian_noise__noImbl__minmax/EasyEnsemble,1780136562317_d342c02e17801366930043116,0.0489236790606653,0.0244618395303326,0.5,0.0466417910447761,0.0023935263728309,0.0489236790606653,0.0045637760317784,0.0489236790606653,0.0489236790606653,0.0489236790606653,0.0799358432760656
6,biMaxInfgain,minmax,gaussian_noise,noImbl,EasyEnsemble,last,0.25,0.2,126,2026-05-30 18:24:54,20260530-182225,log/stroke_prediction_v4/6/biMaxInfgain/gaussian_noise__noImbl__minmax/EasyEnsemble,1780136562317_d342c02e17801366948318750,0.0489236790606653,0.0244618395303326,0.5,0.0466417910447761,0.0023935263728309,0.0489236790606653,0.0045637760317784,0.0489236790606653,0.0489236790606653,0.0489236790606653,0.0799358432760656
6,biMaxInfgain,minmax,gaussian_noise,noImbl,EasyEnsemble,last,0.25,0.2,5012,2026-05-30 18:24:56,20260530-182225,log/stroke_prediction_v4/6/biMaxInfgain/gaussian_noise__noImbl__minmax/EasyEnsemble,1780136562317_d342c02e17801366965844003,0.0489236790606653,0.0244618395303326,0.5,0.0466417910447761,0.0023935263728309,0.0489236790606653,0.0045637760317784,0.0489236790606653,0.0489236790606653,0.0489236790606653,0.0799358432760656
6,biMaxInfgain,minmax,gaussian_noise,noImbl,XGBClassifier_SPW24,first,0.25,0.1,42,2026-05-30 18:22:58,20260530-182225,log/stroke_prediction_v4/6/biMaxInfgain/minmax__gaussian_noise__noImbl/XGBClassifier_SPW24,1780136562317_d342c02e17801365789966962,0.913894324853229,0.5769825268817205,0.5942798353909464,0.5843685300207039,0.9228986490751848,0.913894324853229,0.9182397199499216,0.913894324853229,0.913894324853229,0.913894324853229,0.8003650685716703
6,biMaxInfgain,minmax,gaussian_noise,noImbl,XGBClassifier_SPW24,first,0.25,0.1,126,2026-05-30 18:23:00,20260530-182225,log/stroke_prediction_v4/6/biMaxInfgain/minmax__gaussian_noise__noImbl/XGBClassifier_SPW24,1780136562317_d342c02e17801365807708409,0.9158512720156556,0.5552735923869945,0.5573662551440329,0.5562892510248179,0.9174224165892012,0.9158512720156556,0.916632928583027,0.9158512720156556,0.9158512720156556,0.9158512720156556,0.7902850621594616
6,biMaxInfgain,minmax,gaussian_noise,noImbl,XGBClassifier_SPW24,first,0.25,0.1,5012,2026-05-30 18:23:02,20260530-182225,log/stroke_prediction_v4/6/biMaxInfgain/minmax__gaussian_noise__noImbl/XGBClassifier_SPW24,1780136562317_d342c02e17801365826097694,0.8923679060665362,0.5304328474463114,0.5450205761316872,0.5348163596338779,0.914000806121998,0.892367906066536,0.9027432857621268,0.8923679060665362,0.8923679060665362,0.8923679060665362,0.7715265322060146
6,biMaxInfgain,minmax,gaussian_noise,noImbl,XGBClassifier_SPW24,first,0.25,0.2,42,2026-05-30 18:23:36,20260530-182225,log/stroke_prediction_v4/6/biMaxInfgain/minmax__gaussian_noise__noImbl/XGBClassifier_SPW24,1780136562317_d342c02e17801366164653253,0.923679060665362,0.6239235386221293,0.6563374485596708,0.6376874829560948,0.9330673767919956,0.923679060665362,0.9280886224362096,0.923679060665362,0.923679060665362,0.923679060665362,0.8256708764723698
6,biMaxInfgain,minmax,gaussian_noise,noImbl,XGBClassifier_SPW24,first,0.25,0.2,126,2026-05-30 18:23:38,20260530-182225,log/stroke_prediction_v4/6/biMaxInfgain/minmax__gaussian_noise__noImbl/XGBClassifier_SPW24,1780136562317_d342c02e17801366181995086,0.8953033268101761,0.5756837147814591,0.6319341563786008,0.592453870894407,0.9265042889367888,0.8953033268101761,0.9093973423522266,0.8953033268101761,0.8953033268101761,0.895303326810176,0.7968112287207502
6,biMaxInfgain,minmax,gaussian_noise,noImbl,XGBClassifier_SPW24,first,0.25,0.2,5012,2026-05-30 18:23:39,20260530-182225,log/stroke_prediction_v4/6/biMaxInfgain/minmax__gaussian_noise__noImbl/XGBClassifier_SPW24,1780136562317_d342c02e17801366199300979,0.8913894324853229,0.5593590808916507,0.6014197530864198,0.571585566192715,0.9220747019454016,0.891389432485323,0.905514405062233,0.8913894324853229,0.8913894324853229,0.8913894324853229,0.7864061222747184
6,biMaxInfgain,minmax,gaussian_noise,noImbl,XGBClassifier_SPW24,last,0.25,0.1,42,2026-05-30 18:24:13,20260530-182225,log/stroke_prediction_v4/6/biMaxInfgain/gaussian_noise__noImbl__minmax/XGBClassifier_SPW24,1780136562317_d342c02e17801366539074990,0.9099804305283756,0.5710346139216432,0.5922222222222222,0.5795893547002431,0.9221672464063708,0.9099804305283756,0.9158151515143028,0.9099804305283756,0.9099804305283756,0.9099804305283756,0.7968452563985557
6,biMaxInfgain,minmax,gaussian_noise,noImbl,XGBClassifier_SPW24,last,0.25,0.1,126,2026-05-30 18:24:15,20260530-182225,log/stroke_prediction_v4/6/biMaxInfgain/gaussian_noise__noImbl__minmax/XGBClassifier_SPW24,1780136562317_d342c02e17801366557127133,0.9080234833659492,0.5307971014492754,0.5342798353909465,0.5323519675993535,0.9129978971934216,0.9080234833659492,0.9104842138185688,0.9080234833659492,0.9080234833659492,0.9080234833659492,0.7774423039624322
6,biMaxInfgain,minmax,gaussian_noise,noImbl,XGBClassifier_SPW24,last,0.25,0.1,5012,2026-05-30 18:24:17,20260530-182225,log/stroke_prediction_v4/6/biMaxInfgain/gaussian_noise__noImbl__minmax/XGBClassifier_SPW24,1780136562317_d342c02e17801366574775971,0.898238747553816,0.5350840336134453,0.5481069958847736,0.5396396396396397,0.9147083490930618,0.8982387475538159,0.9061899472858378,0.898238747553816,0.898238747553816,0.898238747553816,0.7759598749194759
6,biMaxInfgain,minmax,gaussian_noise,noImbl,XGBClassifier_SPW24,last,0.25,0.2,42,2026-05-30 18:24:51,20260530-182225,log/stroke_prediction_v4/6/biMaxInfgain/gaussian_noise__noImbl__minmax/XGBClassifier_SPW24,1780136562317_d342c02e17801366914763826,0.910958904109589,0.5959098908834917,0.640164609053498,0.6122897342365816,0.9290236411064984,0.9109589041095892,0.919283016982304,0.910958904109589,0.910958904109589,0.910958904109589,0.8106292884310171
6,biMaxInfgain,minmax,gaussian_noise,noImbl,XGBClassifier_SPW24,last,0.25,0.2,126,2026-05-30 18:24:53,20260530-182225,log/stroke_prediction_v4/6/biMaxInfgain/gaussian_noise__noImbl__minmax/XGBClassifier_SPW24,1780136562317_d342c02e17801366932296256,0.8953033268101761,0.5756837147814591,0.6319341563786008,0.592453870894407,0.9265042889367888,0.8953033268101761,0.9093973423522266,0.8953033268101761,0.8953033268101761,0.895303326810176,0.7968112287207502
6,biMaxInfgain,minmax,gaussian_noise,noImbl,XGBClassifier_SPW24,last,0.25,0.2,5012,2026-05-30 18:24:55,20260530-182225,log/stroke_prediction_v4/6/biMaxInfgain/gaussian_noise__noImbl__minmax/XGBClassifier_SPW24,1780136562317_d342c02e17801366950578338,0.8894324853228963,0.5532051976829605,0.5909053497942387,0.5638663872051966,0.9205056232801414,0.8894324853228963,0.9038119619102012,0.8894324853228963,0.8894324853228963,0.8894324853228963,0.7823863635722021
6,biMaxInfgain,minmax,mixup,noImbl,BalancedRandomForest,first,0.25,0.1,42,2026-05-30 18:25:26,20260530-182225,log/stroke_prediction_v4/6/biMaxInfgain/minmax__mixup__noImbl/BalancedRandomForest,1780136562317_d342c02e17801367265221379,0.6125244618395304,0.5385590950625453,0.7014403292181071,0.4577581032412965,0.9397124372294878,0.6125244618395304,0.7191034926690834,0.6125244618395304,0.6125244618395304,0.6125244618395304,0.639510210273383
6,biMaxInfgain,minmax,mixup,noImbl,BalancedRandomForest,first,0.25,0.1,126,2026-05-30 18:25:28,20260530-182225,log/stroke_prediction_v4/6/biMaxInfgain/minmax__mixup__noImbl/BalancedRandomForest,1780136562317_d342c02e17801367280179414,0.5968688845401174,0.5471396661909784,0.7501234567901235,0.4575036075036075,0.9493356251199796,0.5968688845401174,0.7055630388311406,0.5968688845401174,0.5968688845401174,0.5968688845401174,0.6378674255763672
6,biMaxInfgain,minmax,mixup,noImbl,BalancedRandomForest,first,0.25,0.1,5012,2026-05-30 18:25:29,20260530-182225,log/stroke_prediction_v4/6/biMaxInfgain/minmax__mixup__noImbl/BalancedRandomForest,1780136562317_d342c02e17801367294770960,0.5753424657534246,0.5341428747991596,0.6818930041152264,0.4359909463136746,0.9382495009675896,0.5753424657534246,0.688908467816528,0.5753424657534246,0.5753424657534246,0.5753424657534246,0.6143004364090975
6,biMaxInfgain,minmax,mixup,noImbl,BalancedRandomForest,first,0.25,0.2,42,2026-05-30 18:25:57,20260530-182225,log/stroke_prediction_v4/6/biMaxInfgain/minmax__mixup__noImbl/BalancedRandomForest,1780136562317_d342c02e17801367575601793,0.5821917808219178,0.5419258315476534,0.7234362139917696,0.4458031456564669,0.94546067101365,0.5821917808219178,0.6938313934326913,0.5821917808219178,0.5821917808219178,0.5821917808219178,0.6249041648474479
6,biMaxInfgain,minmax,mixup,noImbl,BalancedRandomForest,first,0.25,0.2,126,2026-05-30 18:25:59,20260530-182225,log/stroke_prediction_v4/6/biMaxInfgain/minmax__mixup__noImbl/BalancedRandomForest,1780136562317_d342c02e17801367590792635,0.5684931506849316,0.543908472479901,0.7352057613168724,0.4403740921795513,0.9486776386412954,0.5684931506849316,0.6819400879708816,0.5684931506849316,0.5684931506849316,0.5684931506849316,0.6185235745403443
6,biMaxInfgain,minmax,mixup,noImbl,BalancedRandomForest,first,0.25,0.2,5012,2026-05-30 18:26:00,20260530-182225,log/stroke_prediction_v4/6/biMaxInfgain/minmax__mixup__noImbl/BalancedRandomForest,1780136562317_d342c02e17801367606692939,0.6027397260273972,0.5426080511780309,0.7247530864197531,0.4565994049115748,0.9443573570556818,0.6027397260273972,0.7108284163621188,0.6027397260273972,0.6027397260273972,0.6027397260273972,0.6373819130673594
6,biMaxInfgain,minmax,mixup,noImbl,BalancedRandomForest,last,0.25,0.1,42,2026-05-30 18:26:29,20260530-182225,log/stroke_prediction_v4/6/biMaxInfgain/mixup__noImbl__minmax/BalancedRandomForest,1780136562317_d342c02e17801367893044664,0.598825831702544,0.5333390738015468,0.6752674897119342,0.4466103530431015,0.9358643456996764,0.598825831702544,0.7084436950655008,0.598825831702544,0.598825831702544,0.598825831702544,0.6272355308186235
6,biMaxInfgain,minmax,mixup,noImbl,BalancedRandomForest,last,0.25,0.1,126,2026-05-30 18:26:30,20260530-182225,log/stroke_prediction_v4/6/biMaxInfgain/mixup__noImbl__minmax/BalancedRandomForest,1780136562317_d342c02e17801367907853900,0.598825831702544,0.5473761838223877,0.7511522633744856,0.4586892378604905,0.949381059631744,0.598825831702544,0.7071621984804392,0.598825831702544,0.598825831702544,0.598825831702544,0.6391989988150186
6,biMaxInfgain,minmax,mixup,noImbl,BalancedRandomForest,last,0.25,0.1,5012,2026-05-30 18:26:32,20260530-182225,log/stroke_prediction_v4/6/biMaxInfgain/mixup__noImbl__minmax/BalancedRandomForest,1780136562317_d342c02e17801367923124001,0.547945205479452,0.531216444239914,0.6674897119341564,0.4200057979274866,0.937109019578177,0.547945205479452,0.6657560766002203,0.547945205479452,0.547945205479452,0.547945205479452,0.5956238809461615
6,biMaxInfgain,minmax,mixup,noImbl,BalancedRandomForest,last,0.25,0.2,42,2026-05-30 18:27:01,20260530-182225,log/stroke_prediction_v4/6/biMaxInfgain/mixup__noImbl__minmax/BalancedRandomForest,1780136562317_d342c02e17801368211436273,0.5684931506849316,0.540404156910691,0.7162345679012345,0.4376312489472009,0.9450612234708432,0.5684931506849316,0.682366894793423,0.5684931506849316,0.5684931506849316,0.5684931506849316,0.615566976663343
6,biMaxInfgain,minmax,mixup,noImbl,BalancedRandomForest,last,0.25,0.2,126,2026-05-30 18:27:02,20260530-182225,log/stroke_prediction_v4/6/biMaxInfgain/mixup__noImbl__minmax/BalancedRandomForest,1780136562317_d342c02e17801368226335778,0.5714285714285714,0.5459774089442139,0.7462345679012345,0.4435045948203843,0.9505631298162418,0.5714285714285714,0.6842105263157895,0.5714285714285714,0.5714285714285714,0.5714285714285714,0.6220062074080236
6,biMaxInfgain,minmax,mixup,noImbl,BalancedRandomForest,last,0.25,0.2,5012,2026-05-30 18:27:04,20260530-182225,log/stroke_prediction_v4/6/biMaxInfgain/mixup__noImbl__minmax/BalancedRandomForest,1780136562317_d342c02e17801368241574931,0.601761252446184,0.5442388954880922,0.7337242798353909,0.4575138081916648,0.9460238433317328,0.601761252446184,0.7098784070582049,0.601761252446184,0.601761252446184,0.601761252446184,0.6382120351314756
6,biMaxInfgain,minmax,mixup,noImbl,EasyEnsemble,first,0.25,0.1,42,2026-05-30 18:25:27,20260530-182225,log/stroke_prediction_v4/6/biMaxInfgain/minmax__mixup__noImbl/EasyEnsemble,1780136562317_d342c02e17801367273267613,0.1037181996086105,0.525879917184265,0.5288065843621399,0.103687306596403,0.9536086024642138,0.1037181996086105,0.1084345328056208,0.1037181996086105,0.1037181996086105,0.1037181996086105,0.2741350661548096
6,biMaxInfgain,minmax,mixup,noImbl,EasyEnsemble,first,0.25,0.1,126,2026-05-30 18:25:28,20260530-182225,log/stroke_prediction_v4/6/biMaxInfgain/minmax__mixup__noImbl/EasyEnsemble,1780136562317_d342c02e17801367287914235,0.0528375733855185,0.5245579567779961,0.5020576131687242,0.0509148400564867,0.9534792521309194,0.0528375733855185,0.012376576374588,0.0528375733855185,0.0528375733855185,0.0528375733855185,0.2286382240266325
6,biMaxInfgain,minmax,mixup,noImbl,EasyEnsemble,first,0.25,0.1,5012,2026-05-30 18:25:30,20260530-182225,log/stroke_prediction_v4/6/biMaxInfgain/minmax__mixup__noImbl/EasyEnsemble,1780136562317_d342c02e17801367302334835,0.2426614481409001,0.5243177976334218,0.582880658436214,0.2255301650707865,0.9445235488180576,0.2426614481409001,0.3294449215881862,0.2426614481409001,0.2426614481409001,0.2426614481409001,0.3854830427439753
6,biMaxInfgain,minmax,mixup,noImbl,EasyEnsemble,first,0.25,0.2,42,2026-05-30 18:25:58,20260530-182225,log/stroke_prediction_v4/6/biMaxInfgain/minmax__mixup__noImbl/EasyEnsemble,1780136562317_d342c02e17801367583429157,0.0655577299412915,0.5248756218905473,0.5087448559670782,0.0645824448075752,0.95351033482295,0.0655577299412915,0.0373335692534406,0.0655577299412915,0.0655577299412915,0.0655577299412915,0.2402235753537265
6,biMaxInfgain,minmax,mixup,noImbl,EasyEnsemble,first,0.25,0.2,126,2026-05-30 18:25:59,20260530-182225,log/stroke_prediction_v4/6/biMaxInfgain/minmax__mixup__noImbl/EasyEnsemble,1780136562317_d342c02e17801367598673094,0.0684931506849315,0.5249500998003992,0.5102880658436214,0.0676898074328467,0.9535176222896672,0.0684931506849315,0.0430003914854435,0.0684931506849315,0.0684931506849315,0.0684931506849315,0.2428763689050848
6,biMaxInfgain,minmax,mixup,noImbl,EasyEnsemble,first,0.25,0.2,5012,2026-05-30 18:26:01,20260530-182225,log/stroke_prediction_v4/6/biMaxInfgain/minmax__mixup__noImbl/EasyEnsemble,1780136562317_d342c02e17801367614339324,0.3590998043052837,0.5311215397673995,0.6440946502057613,0.3106278506719064,0.948500592651796,0.3590998043052837,0.4755398110039135,0.3590998043052837,0.3590998043052837,0.3590998043052837,0.473936749235982
6,biMaxInfgain,minmax,mixup,noImbl,EasyEnsemble,last,0.25,0.1,42,2026-05-30 18:26:30,20260530-182225,log/stroke_prediction_v4/6/biMaxInfgain/mixup__noImbl__minmax/EasyEnsemble,1780136562317_d342c02e17801367900783894,0.0763209393346379,0.5251509054325956,0.51440329218107,0.0758927203065134,0.9535372705902736,0.0763209393346379,0.0579464501278388,0.0763209393346379,0.0763209393346379,0.0763209393346379,0.2499133981194018
6,biMaxInfgain,minmax,mixup,noImbl,EasyEnsemble,last,0.25,0.1,126,2026-05-30 18:26:31,20260530-182225,log/stroke_prediction_v4/6/biMaxInfgain/mixup__noImbl__minmax/EasyEnsemble,1780136562317_d342c02e17801367916048441,0.1389432485322896,0.5268817204301075,0.5473251028806584,0.1374865735767991,0.9537066262651768,0.1389432485322895,0.1694640571235188,0.1389432485322896,0.1389432485322896,0.1389432485322896,0.3044112389755576
6,biMaxInfgain,minmax,mixup,noImbl,EasyEnsemble,last,0.25,0.1,5012,2026-05-30 18:26:33,20260530-182225,log/stroke_prediction_v4/6/biMaxInfgain/mixup__noImbl__minmax/EasyEnsemble,1780136562317_d342c02e17801367930991367,0.2544031311154598,0.525030073100768,0.5890534979423868,0.2346961638698569,0.9450941143641588,0.2544031311154598,0.3454877724091612,0.2544031311154598,0.2544031311154598,0.2544031311154598,0.3947066114287679
6,biMaxInfgain,minmax,mixup,noImbl,EasyEnsemble,last,0.25,0.2,42,2026-05-30 18:27:01,20260530-182225,log/stroke_prediction_v4/6/biMaxInfgain/mixup__noImbl__minmax/EasyEnsemble,1780136562317_d342c02e17801368219209089,0.0694716242661448,0.5249750249750249,0.5108024691358024,0.068721775549685,0.9535200611521552,0.0694716242661447,0.0448817577367242,0.0694716242661448,0.0694716242661448,0.0694716242661448,0.2437589352257174
6,biMaxInfgain,minmax,mixup,noImbl,EasyEnsemble,last,0.25,0.2,126,2026-05-30 18:27:03,20260530-182225,log/stroke_prediction_v4/6/biMaxInfgain/mixup__noImbl__minmax/EasyEnsemble,1780136562317_d342c02e17801368234516514,0.1017612524461839,0.5258264462809917,0.5277777777777778,0.1017474925033604,0.953603370477592,0.1017612524461838,0.104919159324152,0.1017612524461839,0.1017612524461839,0.1017612524461839,0.2724252582062366
6,biMaxInfgain,minmax,mixup,noImbl,EasyEnsemble,last,0.25,0.2,5012,2026-05-30 18:27:04,20260530-182225,log/stroke_prediction_v4/6/biMaxInfgain/mixup__noImbl__minmax/EasyEnsemble,1780136562317_d342c02e17801368249695042,0.3590998043052837,0.5311215397673995,0.6440946502057613,0.3106278506719064,0.948500592651796,0.3590998043052837,0.4755398110039135,0.3590998043052837,0.3590998043052837,0.3590998043052837,0.473936749235982
6,biMaxInfgain,minmax,mixup,noImbl,XGBClassifier_SPW24,first,0.25,0.1,42,2026-05-30 18:25:26,20260530-182225,log/stroke_prediction_v4/6/biMaxInfgain/minmax__mixup__noImbl/XGBClassifier_SPW24,1780136562317_d342c02e17801367260764793,0.9080234833659492,0.568319151559995,0.5911934156378601,0.5772920076737595,0.9218263681797352,0.9080234833659492,0.9146088446076076,0.9080234833659492,0.9080234833659492,0.9080234833659492,0.7951284147263437
6,biMaxInfgain,minmax,mixup,noImbl,XGBClassifier_SPW24,first,0.25,0.1,126,2026-05-30 18:25:27,20260530-182225,log/stroke_prediction_v4/6/biMaxInfgain/minmax__mixup__noImbl/XGBClassifier_SPW24,1780136562317_d342c02e17801367275684036,0.9178082191780822,0.5426764076977905,0.5394238683127572,0.5409394250513346,0.9145812788642732,0.9178082191780822,0.9161802762228912,0.9178082191780822,0.9178082191780822,0.9178082191780822,0.7853593983498487
6,biMaxInfgain,minmax,mixup,noImbl,XGBClassifier_SPW24,first,0.25,0.1,5012,2026-05-30 18:25:29,20260530-182225,log/stroke_prediction_v4/6/biMaxInfgain/minmax__mixup__noImbl/XGBClassifier_SPW24,1780136562317_d342c02e17801367290306456,0.9001956947162426,0.5483918128654971,0.5681069958847736,0.555432353593422,0.917825957588034,0.9001956947162425,0.9086232430548004,0.9001956947162426,0.9001956947162426,0.9001956947162426,0.7831190940175606
6,biMaxInfgain,minmax,mixup,noImbl,XGBClassifier_SPW24,first,0.25,0.2,42,2026-05-30 18:25:57,20260530-182225,log/stroke_prediction_v4/6/biMaxInfgain/minmax__mixup__noImbl/XGBClassifier_SPW24,1780136562317_d342c02e17801367571029675,0.9021526418786692,0.5558625730994153,0.5786213991769548,0.5641493662680609,0.9195065860999532,0.9021526418786692,0.9104149441713728,0.9021526418786692,0.9021526418786692,0.9021526418786692,0.7874447591550149
6,biMaxInfgain,minmax,mixup,noImbl,XGBClassifier_SPW24,first,0.25,0.2,126,2026-05-30 18:25:58,20260530-182225,log/stroke_prediction_v4/6/biMaxInfgain/minmax__mixup__noImbl/XGBClassifier_SPW24,1780136562317_d342c02e17801367586197099,0.8972602739726028,0.5737722048066876,0.623477366255144,0.589258169096567,0.925489185668685,0.8972602739726028,0.9101371981312618,0.8972602739726028,0.8972602739726028,0.8972602739726028,0.7960872903462669
6,biMaxInfgain,minmax,mixup,noImbl,XGBClassifier_SPW24,first,0.25,0.2,5012,2026-05-30 18:26:00,20260530-182225,log/stroke_prediction_v4/6/biMaxInfgain/minmax__mixup__noImbl/XGBClassifier_SPW24,1780136562317_d342c02e17801367601147923,0.9001956947162426,0.558862801824858,0.5870781893004116,0.5686478971150504,0.9205972009580266,0.9001956947162426,0.909816501343063,0.9001956947162426,0.9001956947162426,0.9001956947162426,0.7885017568635435
6,biMaxInfgain,minmax,mixup,noImbl,XGBClassifier_SPW24,last,0.25,0.1,42,2026-05-30 18:26:28,20260530-182225,log/stroke_prediction_v4/6/biMaxInfgain/mixup__noImbl__minmax/XGBClassifier_SPW24,1780136562317_d342c02e17801367888494869,0.8943248532289628,0.5529579657498702,0.5839917695473251,0.5626664130848231,0.9197881175630676,0.8943248532289629,0.906249651076842,0.8943248532289628,0.8943248532289628,0.8943248532289628,0.783741136201861
6,biMaxInfgain,minmax,mixup,noImbl,XGBClassifier_SPW24,last,0.25,0.1,126,2026-05-30 18:26:30,20260530-182225,log/stroke_prediction_v4/6/biMaxInfgain/mixup__noImbl__minmax/XGBClassifier_SPW24,1780136562317_d342c02e17801367903233653,0.9119373776908024,0.5350118953211737,0.5363374485596708,0.5356515417701581,0.9135797545202996,0.9119373776908024,0.9127553903775864,0.9119373776908024,0.9119373776908024,0.9119373776908022,0.7805289007385968
6,biMaxInfgain,minmax,mixup,noImbl,XGBClassifier_SPW24,last,0.25,0.1,5012,2026-05-30 18:26:31,20260530-182225,log/stroke_prediction_v4/6/biMaxInfgain/mixup__noImbl__minmax/XGBClassifier_SPW24,1780136562317_d342c02e17801367918536354,0.9060665362035224,0.5289025611675491,0.5332510288065844,0.5307621671258036,0.912727268654489,0.9060665362035224,0.9093514759766318,0.9060665362035224,0.9060665362035224,0.9060665362035226,0.7759317468096365
6,biMaxInfgain,minmax,mixup,noImbl,XGBClassifier_SPW24,last,0.25,0.2,42,2026-05-30 18:27:00,20260530-182225,log/stroke_prediction_v4/6/biMaxInfgain/mixup__noImbl__minmax/XGBClassifier_SPW24,1780136562317_d342c02e17801368207085737,0.9080234833659492,0.5734243697478991,0.600679012345679,0.583905058905059,0.9231980463418245,0.9080234833659492,0.9152101446621996,0.9080234833659492,0.9080234833659492,0.9080234833659492,0.7978068167250085
6,biMaxInfgain,minmax,mixup,noImbl,XGBClassifier_SPW24,last,0.25,0.2,126,2026-05-30 18:27:02,20260530-182225,log/stroke_prediction_v4/6/biMaxInfgain/mixup__noImbl__minmax/XGBClassifier_SPW24,1780136562317_d342c02e17801368221718186,0.8923679060665362,0.5511727078891258,0.582962962962963,0.5607564272876455,0.9195356736029108,0.8923679060665363,0.905064741965728,0.8923679060665362,0.8923679060665362,0.8923679060665362,0.7821874722601203
6,biMaxInfgain,minmax,mixup,noImbl,XGBClassifier_SPW24,last,0.25,0.2,5012,2026-05-30 18:27:03,20260530-182225,log/stroke_prediction_v4/6/biMaxInfgain/mixup__noImbl__minmax/XGBClassifier_SPW24,1780136562317_d342c02e17801368237026869,0.8913894324853229,0.5454982870780245,0.572962962962963,0.5536643807320498,0.9180586095844836,0.891389432485323,0.9039259079722272,0.8913894324853229,0.8913894324853229,0.8913894324853229,0.7788463022623177
6,biMaxInfgain,minmax,noAug,noImbl,BalancedRandomForest,first,0.25,0.1,42,2026-05-30 18:27:30,20260530-182225,log/stroke_prediction_v4/6/biMaxInfgain/minmax__noAug__noImbl/BalancedRandomForest,1780136562317_d342c02e17801368508427185,0.5929549902152642,0.5326415977531596,0.6721810699588477,0.4432151538010225,0.9356049879709888,0.5929549902152642,0.7037059635631561,0.5929549902152642,0.5929549902152642,0.5929549902152642,0.6232629292590319
6,biMaxInfgain,minmax,noAug,noImbl,BalancedRandomForest,first,0.25,0.1,126,2026-05-30 18:27:32,20260530-182225,log/stroke_prediction_v4/6/biMaxInfgain/minmax__noAug__noImbl/BalancedRandomForest,1780136562317_d342c02e17801368521520977,0.5812133072407045,0.5453129818069689,0.7418930041152263,0.4480415909549767,0.9489727385131184,0.5812133072407045,0.6926318746510742,0.5812133072407045,0.5812133072407045,0.5812133072407045,0.6272042151807207
6,biMaxInfgain,minmax,noAug,noImbl,BalancedRandomForest,first,0.25,0.1,5012,2026-05-30 18:27:33,20260530-182225,log/stroke_prediction_v4/6/biMaxInfgain/minmax__noAug__noImbl/BalancedRandomForest,1780136562317_d342c02e17801368534666404,0.5636007827788649,0.5328592975651799,0.6757201646090536,0.4291418065595615,0.9377685742368602,0.5636007827788649,0.6790836938059279,0.5636007827788649,0.5636007827788649,0.5636007827788649,0.6063089418074787
6,biMaxInfgain,minmax,noAug,noImbl,BalancedRandomForest,first,0.25,0.2,42,2026-05-30 18:27:58,20260530-182225,log/stroke_prediction_v4/6/biMaxInfgain/minmax__noAug__noImbl/BalancedRandomForest,1780136562317_d342c02e17801368783392195,0.5724070450097848,0.5373264591304749,0.6993209876543209,0.4371473616952095,0.94163021138952,0.5724070450097848,0.686068375699278,0.5724070450097848,0.5724070450097848,0.5724070450097848,0.6152729444305185
6,biMaxInfgain,minmax,noAug,noImbl,BalancedRandomForest,first,0.25,0.2,126,2026-05-30 18:27:59,20260530-182225,log/stroke_prediction_v4/6/biMaxInfgain/minmax__noAug__noImbl/BalancedRandomForest,1780136562317_d342c02e17801368796562273,0.5557729941291585,0.5425686863731143,0.7285185185185186,0.4327137037417411,0.9483810780755432,0.5557729941291585,0.6710764468871169,0.5557729941291585,0.5557729941291585,0.5557729941291585,0.6098245485427096
6,biMaxInfgain,minmax,noAug,noImbl,BalancedRandomForest,first,0.25,0.2,5012,2026-05-30 18:28:00,20260530-182225,log/stroke_prediction_v4/6/biMaxInfgain/minmax__noAug__noImbl/BalancedRandomForest,1780136562317_d342c02e17801368809532548,0.5694716242661448,0.5422624538745389,0.7262345679012345,0.4395952244460507,0.9468891490529388,0.5694716242661448,0.6829814858975278,0.5694716242661448,0.5694716242661448,0.5694716242661448,0.6177137733408657
6,biMaxInfgain,minmax,noAug,noImbl,BalancedRandomForest,last,0.25,0.1,42,2026-05-30 18:28:25,20260530-182225,log/stroke_prediction_v4/6/biMaxInfgain/noAug__noImbl__minmax/BalancedRandomForest,1780136562317_d342c02e17801369059854525,0.5929549902152642,0.5326415977531596,0.6721810699588477,0.4432151538010225,0.9356049879709888,0.5929549902152642,0.7037059635631561,0.5929549902152642,0.5929549902152642,0.5929549902152642,0.6232629292590319
6,biMaxInfgain,minmax,noAug,noImbl,BalancedRandomForest,last,0.25,0.1,126,2026-05-30 18:28:27,20260530-182225,log/stroke_prediction_v4/6/biMaxInfgain/noAug__noImbl__minmax/BalancedRandomForest,1780136562317_d342c02e17801369072861297,0.5812133072407045,0.5453129818069689,0.7418930041152263,0.4480415909549767,0.9489727385131184,0.5812133072407045,0.6926318746510742,0.5812133072407045,0.5812133072407045,0.5812133072407045,0.6272042151807207
6,biMaxInfgain,minmax,noAug,noImbl,BalancedRandomForest,last,0.25,0.1,5012,2026-05-30 18:28:28,20260530-182225,log/stroke_prediction_v4/6/biMaxInfgain/noAug__noImbl__minmax/BalancedRandomForest,1780136562317_d342c02e17801369085768237,0.5636007827788649,0.5328592975651799,0.6757201646090536,0.4291418065595615,0.9377685742368602,0.5636007827788649,0.6790836938059279,0.5636007827788649,0.5636007827788649,0.5636007827788649,0.6063089418074787
6,biMaxInfgain,minmax,noAug,noImbl,BalancedRandomForest,last,0.25,0.2,42,2026-05-30 18:28:53,20260530-182225,log/stroke_prediction_v4/6/biMaxInfgain/noAug__noImbl__minmax/BalancedRandomForest,1780136562317_d342c02e17801369336184555,0.5724070450097848,0.5373264591304749,0.6993209876543209,0.4371473616952095,0.94163021138952,0.5724070450097848,0.686068375699278,0.5724070450097848,0.5724070450097848,0.5724070450097848,0.6152729444305185
6,biMaxInfgain,minmax,noAug,noImbl,BalancedRandomForest,last,0.25,0.2,126,2026-05-30 18:28:54,20260530-182225,log/stroke_prediction_v4/6/biMaxInfgain/noAug__noImbl__minmax/BalancedRandomForest,1780136562317_d342c02e17801369349581777,0.5557729941291585,0.5425686863731143,0.7285185185185186,0.4327137037417411,0.9483810780755432,0.5557729941291585,0.6710764468871169,0.5557729941291585,0.5557729941291585,0.5557729941291585,0.6098245485427096
6,biMaxInfgain,minmax,noAug,noImbl,BalancedRandomForest,last,0.25,0.2,5012,2026-05-30 18:28:56,20260530-182225,log/stroke_prediction_v4/6/biMaxInfgain/noAug__noImbl__minmax/BalancedRandomForest,1780136562317_d342c02e17801369362661284,0.5694716242661448,0.5422624538745389,0.7262345679012345,0.4395952244460507,0.9468891490529388,0.5694716242661448,0.6829814858975278,0.5694716242661448,0.5694716242661448,0.5694716242661448,0.6177137733408657
6,biMaxInfgain,minmax,noAug,noImbl,EasyEnsemble,first,0.25,0.1,42,2026-05-30 18:27:31,20260530-182225,log/stroke_prediction_v4/6/biMaxInfgain/minmax__noAug__noImbl/EasyEnsemble,1780136562317_d342c02e17801368515534904,0.0821917808219178,0.5253036437246964,0.5174897119341564,0.0819667735398782,0.9535522156286396,0.0821917808219177,0.0690007289123494,0.0821917808219178,0.0821917808219178,0.0821917808219178,0.2551563948253504
6,biMaxInfgain,minmax,noAug,noImbl,EasyEnsemble,first,0.25,0.1,126,2026-05-30 18:27:32,20260530-182225,log/stroke_prediction_v4/6/biMaxInfgain/minmax__noAug__noImbl/EasyEnsemble,1780136562317_d342c02e17801368528528820,0.0626223091976516,0.5248015873015873,0.507201646090535,0.0614577621675095,0.9535030907340104,0.0626223091976516,0.0316324187844265,0.0626223091976516,0.0626223091976516,0.0626223091976516,0.2375630832344643
6,biMaxInfgain,minmax,noAug,noImbl,EasyEnsemble,first,0.25,0.1,5012,2026-05-30 18:27:34,20260530-182225,log/stroke_prediction_v4/6/biMaxInfgain/minmax__noAug__noImbl/EasyEnsemble,1780136562317_d342c02e17801368541859837,0.1604696673189823,0.5180740962951852,0.5396707818930041,0.1567364837574288,0.9375541007685428,0.1604696673189823,0.2073540608714337,0.1604696673189823,0.1604696673189823,0.1604696673189823,0.3183313465175954
6,biMaxInfgain,minmax,noAug,noImbl,EasyEnsemble,first,0.25,0.2,42,2026-05-30 18:27:59,20260530-182225,log/stroke_prediction_v4/6/biMaxInfgain/minmax__noAug__noImbl/EasyEnsemble,1780136562317_d342c02e17801368790614411,0.3317025440313111,0.534106412005457,0.6486625514403292,0.293040148354759,0.9544135432490662,0.3317025440313111,0.4421896412994494,0.3317025440313111,0.3317025440313111,0.3317025440313111,0.4566837367301409
6,biMaxInfgain,minmax,noAug,noImbl,EasyEnsemble,first,0.25,0.2,126,2026-05-30 18:28:00,20260530-182225,log/stroke_prediction_v4/6/biMaxInfgain/minmax__noAug__noImbl/EasyEnsemble,1780136562317_d342c02e17801368803536441,0.0684931506849315,0.5249500998003992,0.5102880658436214,0.0676898074328467,0.9535176222896672,0.0684931506849315,0.0430003914854435,0.0684931506849315,0.0684931506849315,0.0684931506849315,0.2428763689050848
6,biMaxInfgain,minmax,noAug,noImbl,EasyEnsemble,first,0.25,0.2,5012,2026-05-30 18:28:01,20260530-182225,log/stroke_prediction_v4/6/biMaxInfgain/minmax__noAug__noImbl/EasyEnsemble,1780136562317_d342c02e17801368817440972,0.3590998043052837,0.5311215397673995,0.6440946502057613,0.3106278506719064,0.948500592651796,0.3590998043052837,0.4755398110039135,0.3590998043052837,0.3590998043052837,0.3590998043052837,0.473936749235982
6,biMaxInfgain,minmax,noAug,noImbl,EasyEnsemble,last,0.25,0.1,42,2026-05-30 18:28:26,20260530-182225,log/stroke_prediction_v4/6/biMaxInfgain/noAug__noImbl__minmax/EasyEnsemble,1780136562317_d342c02e17801369066919597,0.0821917808219178,0.5253036437246964,0.5174897119341564,0.0819667735398782,0.9535522156286396,0.0821917808219177,0.0690007289123494,0.0821917808219178,0.0821917808219178,0.0821917808219178,0.2551563948253504
6,biMaxInfgain,minmax,noAug,noImbl,EasyEnsemble,last,0.25,0.1,126,2026-05-30 18:28:27,20260530-182225,log/stroke_prediction_v4/6/biMaxInfgain/noAug__noImbl__minmax/EasyEnsemble,1780136562317_d342c02e17801369079782911,0.0626223091976516,0.5248015873015873,0.507201646090535,0.0614577621675095,0.9535030907340104,0.0626223091976516,0.0316324187844265,0.0626223091976516,0.0626223091976516,0.0626223091976516,0.2375630832344643
6,biMaxInfgain,minmax,noAug,noImbl,EasyEnsemble,last,0.25,0.1,5012,2026-05-30 18:28:29,20260530-182225,log/stroke_prediction_v4/6/biMaxInfgain/noAug__noImbl__minmax/EasyEnsemble,1780136562317_d342c02e17801369093026179,0.1604696673189823,0.5180740962951852,0.5396707818930041,0.1567364837574288,0.9375541007685428,0.1604696673189823,0.2073540608714337,0.1604696673189823,0.1604696673189823,0.1604696673189823,0.3183313465175954
6,biMaxInfgain,minmax,noAug,noImbl,EasyEnsemble,last,0.25,0.2,42,2026-05-30 18:28:54,20260530-182225,log/stroke_prediction_v4/6/biMaxInfgain/noAug__noImbl__minmax/EasyEnsemble,1780136562317_d342c02e17801369343490027,0.3317025440313111,0.534106412005457,0.6486625514403292,0.293040148354759,0.9544135432490662,0.3317025440313111,0.4421896412994494,0.3317025440313111,0.3317025440313111,0.3317025440313111,0.4566837367301409
6,biMaxInfgain,minmax,noAug,noImbl,EasyEnsemble,last,0.25,0.2,126,2026-05-30 18:28:55,20260530-182225,log/stroke_prediction_v4/6/biMaxInfgain/noAug__noImbl__minmax/EasyEnsemble,1780136562317_d342c02e17801369356622002,0.0684931506849315,0.5249500998003992,0.5102880658436214,0.0676898074328467,0.9535176222896672,0.0684931506849315,0.0430003914854435,0.0684931506849315,0.0684931506849315,0.0684931506849315,0.2428763689050848
6,biMaxInfgain,minmax,noAug,noImbl,EasyEnsemble,last,0.25,0.2,5012,2026-05-30 18:28:56,20260530-182225,log/stroke_prediction_v4/6/biMaxInfgain/noAug__noImbl__minmax/EasyEnsemble,1780136562317_d342c02e17801369369924932,0.3590998043052837,0.5311215397673995,0.6440946502057613,0.3106278506719064,0.948500592651796,0.3590998043052837,0.4755398110039135,0.3590998043052837,0.3590998043052837,0.3590998043052837,0.473936749235982
6,biMaxInfgain,minmax,noAug,noImbl,XGBClassifier_SPW24,first,0.25,0.1,42,2026-05-30 18:27:30,20260530-182225,log/stroke_prediction_v4/6/biMaxInfgain/minmax__noAug__noImbl/XGBClassifier_SPW24,1780136562317_d342c02e17801368504648478,0.9119373776908024,0.5625433125433125,0.5742798353909465,0.5676412522327724,0.919684474478995,0.9119373776908024,0.9157125545050352,0.9119373776908024,0.9119373776908024,0.9119373776908022,0.7929287843283173
6,biMaxInfgain,minmax,noAug,noImbl,XGBClassifier_SPW24,first,0.25,0.1,126,2026-05-30 18:27:31,20260530-182225,log/stroke_prediction_v4/6/biMaxInfgain/minmax__noAug__noImbl/XGBClassifier_SPW24,1780136562317_d342c02e17801368517639356,0.9119373776908024,0.5350118953211737,0.5363374485596708,0.5356515417701581,0.9135797545202996,0.9119373776908024,0.9127553903775864,0.9119373776908024,0.9119373776908024,0.9119373776908022,0.7805289007385968
6,biMaxInfgain,minmax,noAug,noImbl,XGBClassifier_SPW24,first,0.25,0.1,5012,2026-05-30 18:27:33,20260530-182225,log/stroke_prediction_v4/6/biMaxInfgain/minmax__noAug__noImbl/XGBClassifier_SPW24,1780136562317_d342c02e17801368530731348,0.9001956947162426,0.5239104906054279,0.5301646090534979,0.5262067084810472,0.9119809136369394,0.9001956947162427,0.9059620447242744,0.9001956947162426,0.9001956947162426,0.9001956947162426,0.7715091921968816
6,biMaxInfgain,minmax,noAug,noImbl,XGBClassifier_SPW24,first,0.25,0.2,42,2026-05-30 18:27:57,20260530-182225,log/stroke_prediction_v4/6/biMaxInfgain/minmax__noAug__noImbl/XGBClassifier_SPW24,1780136562317_d342c02e17801368779636424,0.9197651663405088,0.5874741200828157,0.5973662551440329,0.5920517164164574,0.9241470262911596,0.9197651663405088,0.9219117609906664,0.9197651663405088,0.9197651663405088,0.9197651663405088,0.8058993282990728
6,biMaxInfgain,minmax,noAug,noImbl,XGBClassifier_SPW24,first,0.25,0.2,126,2026-05-30 18:27:59,20260530-182225,log/stroke_prediction_v4/6/biMaxInfgain/minmax__noAug__noImbl/XGBClassifier_SPW24,1780136562317_d342c02e17801368792803063,0.9001956947162426,0.5728463933575505,0.6155349794238683,0.5869627234689996,0.9246133582208536,0.9001956947162426,0.9114580037947952,0.9001956947162426,0.9001956947162426,0.9001956947162426,0.7961408600762933
6,biMaxInfgain,minmax,noAug,noImbl,XGBClassifier_SPW24,first,0.25,0.2,5012,2026-05-30 18:28:00,20260530-182225,log/stroke_prediction_v4/6/biMaxInfgain/minmax__noAug__noImbl/XGBClassifier_SPW24,1780136562317_d342c02e17801368805690475,0.9070450097847358,0.5859066859066859,0.6286213991769547,0.6012059525423171,0.9270236612702366,0.9070450097847358,0.9162714394445628,0.9070450097847358,0.9070450097847358,0.9070450097847358,0.8045947873473138
6,biMaxInfgain,minmax,noAug,noImbl,XGBClassifier_SPW24,last,0.25,0.1,42,2026-05-30 18:28:25,20260530-182225,log/stroke_prediction_v4/6/biMaxInfgain/noAug__noImbl__minmax/XGBClassifier_SPW24,1780136562317_d342c02e17801369055854173,0.9119373776908024,0.5625433125433125,0.5742798353909465,0.5676412522327724,0.919684474478995,0.9119373776908024,0.9157125545050352,0.9119373776908024,0.9119373776908024,0.9119373776908022,0.7929287843283173
6,biMaxInfgain,minmax,noAug,noImbl,XGBClassifier_SPW24,last,0.25,0.1,126,2026-05-30 18:28:26,20260530-182225,log/stroke_prediction_v4/6/biMaxInfgain/noAug__noImbl__minmax/XGBClassifier_SPW24,1780136562317_d342c02e17801369069015892,0.9119373776908024,0.5350118953211737,0.5363374485596708,0.5356515417701581,0.9135797545202996,0.9119373776908024,0.9127553903775864,0.9119373776908024,0.9119373776908024,0.9119373776908022,0.7805289007385968
6,biMaxInfgain,minmax,noAug,noImbl,XGBClassifier_SPW24,last,0.25,0.1,5012,2026-05-30 18:28:28,20260530-182225,log/stroke_prediction_v4/6/biMaxInfgain/noAug__noImbl__minmax/XGBClassifier_SPW24,1780136562317_d342c02e17801369081893779,0.9001956947162426,0.5239104906054279,0.5301646090534979,0.5262067084810472,0.9119809136369394,0.9001956947162427,0.9059620447242744,0.9001956947162426,0.9001956947162426,0.9001956947162426,0.7715091921968816
6,biMaxInfgain,minmax,noAug,noImbl,XGBClassifier_SPW24,last,0.25,0.2,42,2026-05-30 18:28:53,20260530-182225,log/stroke_prediction_v4/6/biMaxInfgain/noAug__noImbl__minmax/XGBClassifier_SPW24,1780136562317_d342c02e17801369332254907,0.9197651663405088,0.5874741200828157,0.5973662551440329,0.5920517164164574,0.9241470262911596,0.9197651663405088,0.9219117609906664,0.9197651663405088,0.9197651663405088,0.9197651663405088,0.8058993282990728
6,biMaxInfgain,minmax,noAug,noImbl,XGBClassifier_SPW24,last,0.25,0.2,126,2026-05-30 18:28:54,20260530-182225,log/stroke_prediction_v4/6/biMaxInfgain/noAug__noImbl__minmax/XGBClassifier_SPW24,1780136562317_d342c02e17801369345748540,0.9001956947162426,0.5728463933575505,0.6155349794238683,0.5869627234689996,0.9246133582208536,0.9001956947162426,0.9114580037947952,0.9001956947162426,0.9001956947162426,0.9001956947162426,0.7961408600762933
6,biMaxInfgain,minmax,noAug,noImbl,XGBClassifier_SPW24,last,0.25,0.2,5012,2026-05-30 18:28:55,20260530-182225,log/stroke_prediction_v4/6/biMaxInfgain/noAug__noImbl__minmax/XGBClassifier_SPW24,1780136562317_d342c02e17801369358816876,0.9070450097847358,0.5859066859066859,0.6286213991769547,0.6012059525423171,0.9270236612702366,0.9070450097847358,0.9162714394445628,0.9070450097847358,0.9070450097847358,0.9070450097847358,0.8045947873473138
6,biMaxInfgain,standard,gaussian_noise,noImbl,BalancedRandomForest,first,0.25,0.1,42,2026-05-30 18:29:27,20260530-182225,log/stroke_prediction_v4/6/biMaxInfgain/standard__gaussian_noise__noImbl/BalancedRandomForest,1780136562317_d342c02e17801369670112611,0.6810176125244618,0.5450220488466757,0.718477366255144,0.4952581792620333,0.9393236517112004,0.6810176125244618,0.7715004332426124,0.6810176125244618,0.6810176125244618,0.6810176125244618,0.6827031435667834
6,biMaxInfgain,standard,gaussian_noise,noImbl,BalancedRandomForest,first,0.25,0.1,126,2026-05-30 18:29:28,20260530-182225,log/stroke_prediction_v4/6/biMaxInfgain/standard__gaussian_noise__noImbl/BalancedRandomForest,1780136562317_d342c02e17801369689196416,0.6634050880626223,0.5529041230366492,0.7661316872427983,0.4951520999908096,0.947795168594584,0.6634050880626223,0.7580830406725237,0.6634050880626223,0.6634050880626223,0.6634050880626223,0.6800304042119519
6,biMaxInfgain,standard,gaussian_noise,noImbl,BalancedRandomForest,first,0.25,0.1,5012,2026-05-30 18:29:30,20260530-182225,log/stroke_prediction_v4/6/biMaxInfgain/standard__gaussian_noise__noImbl/BalancedRandomForest,1780136562317_d342c02e17801369708118192,0.6614481409001957,0.5454515512812067,0.7271604938271605,0.4869745875334412,0.9415584239801243,0.6614481409001957,0.7568816617014741,0.6614481409001957,0.6614481409001957,0.6614481409001957,0.6725747406541647
6,biMaxInfgain,standard,gaussian_noise,noImbl,BalancedRandomForest,first,0.25,0.2,42,2026-05-30 18:30:06,20260530-182225,log/stroke_prediction_v4/6/biMaxInfgain/standard__gaussian_noise__noImbl/BalancedRandomForest,1780136562317_d342c02e17801370066320084,0.6604696673189824,0.548877860626236,0.7456172839506172,0.4898842496364371,0.9445995751289749,0.6604696673189824,0.7560090467655518,0.6604696673189824,0.6604696673189824,0.6604696673189824,0.674981333358474
6,biMaxInfgain,standard,gaussian_noise,noImbl,BalancedRandomForest,first,0.25,0.2,126,2026-05-30 18:30:08,20260530-182225,log/stroke_prediction_v4/6/biMaxInfgain/standard__gaussian_noise__noImbl/BalancedRandomForest,1780136562317_d342c02e17801370085030934,0.6516634050880626,0.5545838165184899,0.7789300411522634,0.4911497493734335,0.950634173426216,0.6516634050880626,0.7489783043714963,0.6516634050880626,0.6516634050880626,0.6516634050880626,0.6750993732066614
6,biMaxInfgain,standard,gaussian_noise,noImbl,BalancedRandomForest,first,0.25,0.2,5012,2026-05-30 18:30:10,20260530-182225,log/stroke_prediction_v4/6/biMaxInfgain/standard__gaussian_noise__noImbl/BalancedRandomForest,1780136562317_d342c02e17801370103589262,0.6692759295499021,0.5538666754495751,0.7692181069958848,0.4988364467812229,0.9479679061180992,0.6692759295499021,0.7625028949569314,0.6692759295499021,0.6692759295499021,0.6692759295499021,0.6840165419370398
6,biMaxInfgain,standard,gaussian_noise,noImbl,BalancedRandomForest,last,0.25,0.1,42,2026-05-30 18:30:46,20260530-182225,log/stroke_prediction_v4/6/biMaxInfgain/gaussian_noise__noImbl__standard/BalancedRandomForest,1780136562317_d342c02e17801370462489549,0.684931506849315,0.5493554952510176,0.7395061728395063,0.5014513304367323,0.9424406609542572,0.684931506849315,0.7743041089083473,0.684931506849315,0.684931506849315,0.684931506849315,0.6884661515459659
6,biMaxInfgain,standard,gaussian_noise,noImbl,BalancedRandomForest,last,0.25,0.1,126,2026-05-30 18:30:48,20260530-182225,log/stroke_prediction_v4/6/biMaxInfgain/gaussian_noise__noImbl__standard/BalancedRandomForest,1780136562317_d342c02e17801370481609773,0.6575342465753424,0.5519691697290968,0.7630452674897119,0.4914902449149024,0.9476236447381962,0.6575342465753424,0.7536350557555287,0.6575342465753424,0.6575342465753424,0.6575342465753424,0.6760463019264019
6,biMaxInfgain,standard,gaussian_noise,noImbl,BalancedRandomForest,last,0.25,0.1,5012,2026-05-30 18:30:50,20260530-182225,log/stroke_prediction_v4/6/biMaxInfgain/gaussian_noise__noImbl__standard/BalancedRandomForest,1780136562317_d342c02e17801370500222417,0.6653620352250489,0.5460711331679075,0.7292181069958847,0.4893613291179925,0.9417049881919524,0.6653620352250489,0.7598157475025025,0.6653620352250489,0.6653620352250489,0.6653620352250489,0.675220798418668
6,biMaxInfgain,standard,gaussian_noise,noImbl,BalancedRandomForest,last,0.25,0.2,42,2026-05-30 18:31:26,20260530-182225,log/stroke_prediction_v4/6/biMaxInfgain/gaussian_noise__noImbl__standard/BalancedRandomForest,1780136562317_d342c02e17801370860003215,0.649706457925636,0.5472222222222222,0.7399588477366255,0.4832872935979346,0.9442409840648588,0.649706457925636,0.747836378960246,0.649706457925636,0.649706457925636,0.649706457925636,0.667693339456352
6,biMaxInfgain,standard,gaussian_noise,noImbl,BalancedRandomForest,last,0.25,0.2,126,2026-05-30 18:31:27,20260530-182225,log/stroke_prediction_v4/6/biMaxInfgain/gaussian_noise__noImbl__standard/BalancedRandomForest,1780136562317_d342c02e17801370879571864,0.6516634050880626,0.556338424437299,0.7884156378600823,0.4927756866025373,0.9522376684012812,0.6516634050880626,0.7488849111543806,0.6516634050880626,0.6516634050880626,0.6516634050880626,0.6766136247686289
6,biMaxInfgain,standard,gaussian_noise,noImbl,BalancedRandomForest,last,0.25,0.2,5012,2026-05-30 18:31:29,20260530-182225,log/stroke_prediction_v4/6/biMaxInfgain/gaussian_noise__noImbl__standard/BalancedRandomForest,1780136562317_d342c02e17801370898089442,0.6712328767123288,0.5541938997821351,0.770246913580247,0.5000698812019566,0.9480257856567286,0.6712328767123288,0.7639700180925304,0.6712328767123288,0.6712328767123288,0.6712328767123288,0.6853457954810155
6,biMaxInfgain,standard,gaussian_noise,noImbl,EasyEnsemble,first,0.25,0.1,42,2026-05-30 18:29:28,20260530-182225,log/stroke_prediction_v4/6/biMaxInfgain/standard__gaussian_noise__noImbl/EasyEnsemble,1780136562317_d342c02e17801369680288770,0.0489236790606653,0.0244618395303326,0.5,0.0466417910447761,0.0023935263728309,0.0489236790606653,0.0045637760317784,0.0489236790606653,0.0489236790606653,0.0489236790606653,0.0799358432760656
6,biMaxInfgain,standard,gaussian_noise,noImbl,EasyEnsemble,first,0.25,0.1,126,2026-05-30 18:29:29,20260530-182225,log/stroke_prediction_v4/6/biMaxInfgain/standard__gaussian_noise__noImbl/EasyEnsemble,1780136562317_d342c02e17801369699342484,0.0489236790606653,0.0244618395303326,0.5,0.0466417910447761,0.0023935263728309,0.0489236790606653,0.0045637760317784,0.0489236790606653,0.0489236790606653,0.0489236790606653,0.0799358432760656
6,biMaxInfgain,standard,gaussian_noise,noImbl,EasyEnsemble,first,0.25,0.1,5012,2026-05-30 18:29:31,20260530-182225,log/stroke_prediction_v4/6/biMaxInfgain/standard__gaussian_noise__noImbl/EasyEnsemble,1780136562317_d342c02e17801369717727488,0.1037181996086105,0.5082813582813583,0.509835390946502,0.1036323804271225,0.9218148752395328,0.1037181996086105,0.111544908960314,0.1037181996086105,0.1037181996086105,0.1037181996086105,0.2677570356982989
6,biMaxInfgain,standard,gaussian_noise,noImbl,EasyEnsemble,first,0.25,0.2,42,2026-05-30 18:30:07,20260530-182225,log/stroke_prediction_v4/6/biMaxInfgain/standard__gaussian_noise__noImbl/EasyEnsemble,1780136562317_d342c02e17801370076185692,0.0489236790606653,0.0244618395303326,0.5,0.0466417910447761,0.0023935263728309,0.0489236790606653,0.0045637760317784,0.0489236790606653,0.0489236790606653,0.0489236790606653,0.0799358432760656
6,biMaxInfgain,standard,gaussian_noise,noImbl,EasyEnsemble,first,0.25,0.2,126,2026-05-30 18:30:09,20260530-182225,log/stroke_prediction_v4/6/biMaxInfgain/standard__gaussian_noise__noImbl/EasyEnsemble,1780136562317_d342c02e17801370094952243,0.0489236790606653,0.0244618395303326,0.5,0.0466417910447761,0.0023935263728309,0.0489236790606653,0.0045637760317784,0.0489236790606653,0.0489236790606653,0.0489236790606653,0.0799358432760656
6,biMaxInfgain,standard,gaussian_noise,noImbl,EasyEnsemble,first,0.25,0.2,5012,2026-05-30 18:30:11,20260530-182225,log/stroke_prediction_v4/6/biMaxInfgain/standard__gaussian_noise__noImbl/EasyEnsemble,1780136562317_d342c02e17801370113214947,0.0489236790606653,0.0244618395303326,0.5,0.0466417910447761,0.0023935263728309,0.0489236790606653,0.0045637760317784,0.0489236790606653,0.0489236790606653,0.0489236790606653,0.0799358432760656
6,biMaxInfgain,standard,gaussian_noise,noImbl,EasyEnsemble,last,0.25,0.1,42,2026-05-30 18:30:47,20260530-182225,log/stroke_prediction_v4/6/biMaxInfgain/gaussian_noise__noImbl__standard/EasyEnsemble,1780136562317_d342c02e17801370472863348,0.0489236790606653,0.0244618395303326,0.5,0.0466417910447761,0.0023935263728309,0.0489236790606653,0.0045637760317784,0.0489236790606653,0.0489236790606653,0.0489236790606653,0.0799358432760656
6,biMaxInfgain,standard,gaussian_noise,noImbl,EasyEnsemble,last,0.25,0.1,126,2026-05-30 18:30:49,20260530-182225,log/stroke_prediction_v4/6/biMaxInfgain/gaussian_noise__noImbl__standard/EasyEnsemble,1780136562317_d342c02e17801370491385195,0.0489236790606653,0.0244618395303326,0.5,0.0466417910447761,0.0023935263728309,0.0489236790606653,0.0045637760317784,0.0489236790606653,0.0489236790606653,0.0489236790606653,0.0799358432760656
6,biMaxInfgain,standard,gaussian_noise,noImbl,EasyEnsemble,last,0.25,0.1,5012,2026-05-30 18:30:51,20260530-182225,log/stroke_prediction_v4/6/biMaxInfgain/gaussian_noise__noImbl__standard/EasyEnsemble,1780136562317_d342c02e17801370510078308,0.0489236790606653,0.0244618395303326,0.5,0.0466417910447761,0.0023935263728309,0.0489236790606653,0.0045637760317784,0.0489236790606653,0.0489236790606653,0.0489236790606653,0.0799358432760656
6,biMaxInfgain,standard,gaussian_noise,noImbl,EasyEnsemble,last,0.25,0.2,42,2026-05-30 18:31:26,20260530-182225,log/stroke_prediction_v4/6/biMaxInfgain/gaussian_noise__noImbl__standard/EasyEnsemble,1780136562317_d342c02e17801370869777235,0.0489236790606653,0.0244618395303326,0.5,0.0466417910447761,0.0023935263728309,0.0489236790606653,0.0045637760317784,0.0489236790606653,0.0489236790606653,0.0489236790606653,0.0799358432760656
6,biMaxInfgain,standard,gaussian_noise,noImbl,EasyEnsemble,last,0.25,0.2,126,2026-05-30 18:31:28,20260530-182225,log/stroke_prediction_v4/6/biMaxInfgain/gaussian_noise__noImbl__standard/EasyEnsemble,1780136562317_d342c02e17801370889421282,0.0489236790606653,0.0244618395303326,0.5,0.0466417910447761,0.0023935263728309,0.0489236790606653,0.0045637760317784,0.0489236790606653,0.0489236790606653,0.0489236790606653,0.0799358432760656
6,biMaxInfgain,standard,gaussian_noise,noImbl,EasyEnsemble,last,0.25,0.2,5012,2026-05-30 18:31:30,20260530-182225,log/stroke_prediction_v4/6/biMaxInfgain/gaussian_noise__noImbl__standard/EasyEnsemble,1780136562317_d342c02e17801370907812624,0.0489236790606653,0.0244618395303326,0.5,0.0466417910447761,0.0023935263728309,0.0489236790606653,0.0045637760317784,0.0489236790606653,0.0489236790606653,0.0489236790606653,0.0799358432760656
6,biMaxInfgain,standard,gaussian_noise,noImbl,XGBClassifier_SPW24,first,0.25,0.1,42,2026-05-30 18:29:26,20260530-182225,log/stroke_prediction_v4/6/biMaxInfgain/standard__gaussian_noise__noImbl/XGBClassifier_SPW24,1780136562317_d342c02e17801369663524851,0.8806262230919765,0.5504772234273319,0.5957613168724281,0.5611263639563534,0.9207903349733202,0.8806262230919765,0.8989461691433311,0.8806262230919765,0.8806262230919765,0.8806262230919764,0.777964256729051
6,biMaxInfgain,standard,gaussian_noise,noImbl,XGBClassifier_SPW24,first,0.25,0.1,126,2026-05-30 18:29:28,20260530-182225,log/stroke_prediction_v4/6/biMaxInfgain/standard__gaussian_noise__noImbl/XGBClassifier_SPW24,1780136562317_d342c02e17801369682603987,0.8747553816046967,0.5613262230466032,0.6306172839506172,0.5757135443694862,0.9252830041430288,0.8747553816046967,0.8970615326338964,0.8747553816046967,0.8747553816046967,0.8747553816046967,0.7825410653064109
6,biMaxInfgain,standard,gaussian_noise,noImbl,XGBClassifier_SPW24,first,0.25,0.1,5012,2026-05-30 18:29:30,20260530-182225,log/stroke_prediction_v4/6/biMaxInfgain/standard__gaussian_noise__noImbl/XGBClassifier_SPW24,1780136562317_d342c02e17801369701662839,0.8708414872798435,0.5438995215311004,0.5906172839506173,0.552468152866242,0.9197604846487326,0.8708414872798435,0.8930020441995836,0.8708414872798435,0.8708414872798435,0.8708414872798435,0.7705848534848561
6,biMaxInfgain,standard,gaussian_noise,noImbl,XGBClassifier_SPW24,first,0.25,0.2,42,2026-05-30 18:30:05,20260530-182225,log/stroke_prediction_v4/6/biMaxInfgain/standard__gaussian_noise__noImbl/XGBClassifier_SPW24,1780136562317_d342c02e17801370059877179,0.8786692759295499,0.556912746148142,0.6137037037037038,0.5697251195132551,0.923159067701794,0.8786692759295499,0.8986471890465388,0.8786692759295499,0.8786692759295499,0.87866927592955,0.7811011084111529
6,biMaxInfgain,standard,gaussian_noise,noImbl,XGBClassifier_SPW24,first,0.25,0.2,126,2026-05-30 18:30:07,20260530-182225,log/stroke_prediction_v4/6/biMaxInfgain/standard__gaussian_noise__noImbl/XGBClassifier_SPW24,1780136562317_d342c02e17801370078553929,0.8708414872798435,0.5477335164835164,0.6001028806584362,0.5575235171409453,0.9210487408872928,0.8708414872798435,0.8934295269875313,0.8708414872798435,0.8708414872798435,0.8708414872798435,0.7728680653341331
6,biMaxInfgain,standard,gaussian_noise,noImbl,XGBClassifier_SPW24,first,0.25,0.2,5012,2026-05-30 18:30:09,20260530-182225,log/stroke_prediction_v4/6/biMaxInfgain/standard__gaussian_noise__noImbl/XGBClassifier_SPW24,1780136562317_d342c02e17801370097334716,0.8776908023483366,0.5599093622195203,0.6226748971193417,0.5737617403199707,0.9243303669443568,0.8776908023483367,0.8984692666121532,0.8776908023483366,0.8776908023483366,0.8776908023483365,0.7826024346074749
6,biMaxInfgain,standard,gaussian_noise,noImbl,XGBClassifier_SPW24,last,0.25,0.1,42,2026-05-30 18:30:45,20260530-182225,log/stroke_prediction_v4/6/biMaxInfgain/gaussian_noise__noImbl__standard/XGBClassifier_SPW24,1780136562317_d342c02e17801370455899527,0.8649706457925636,0.5155857214680745,0.5306172839506172,0.5154401154401155,0.9113263851378276,0.8649706457925636,0.8867156327038911,0.8649706457925636,0.8649706457925636,0.8649706457925636,0.7520645595942782
6,biMaxInfgain,standard,gaussian_noise,noImbl,XGBClassifier_SPW24,last,0.25,0.1,126,2026-05-30 18:30:47,20260530-182225,log/stroke_prediction_v4/6/biMaxInfgain/gaussian_noise__noImbl__standard/XGBClassifier_SPW24,1780136562317_d342c02e17801370475178578,0.8806262230919765,0.5584045584045583,0.6147325102880659,0.5716209716209716,0.9233779918711424,0.8806262230919765,0.8998500521005414,0.8806262230919765,0.8806262230919765,0.8806262230919764,0.7826226488513939
6,biMaxInfgain,standard,gaussian_noise,noImbl,XGBClassifier_SPW24,last,0.25,0.1,5012,2026-05-30 18:30:49,20260530-182225,log/stroke_prediction_v4/6/biMaxInfgain/gaussian_noise__noImbl__standard/XGBClassifier_SPW24,1780136562317_d342c02e17801370493697506,0.8551859099804305,0.5354662698412699,0.5823868312757201,0.5399308935176172,0.9182993973845246,0.8551859099804305,0.8835066916012033,0.8551859099804305,0.8551859099804305,0.8551859099804305,0.7592052516101465
6,biMaxInfgain,standard,gaussian_noise,noImbl,XGBClassifier_SPW24,last,0.25,0.2,42,2026-05-30 18:31:25,20260530-182225,log/stroke_prediction_v4/6/biMaxInfgain/gaussian_noise__noImbl__standard/XGBClassifier_SPW24,1780136562317_d342c02e17801370853683233,0.87279843444227,0.5527472527472528,0.6106172839506173,0.5642277062751734,0.9225306982645536,0.87279843444227,0.8950442311240838,0.87279843444227,0.87279843444227,0.87279843444227,0.7765996878830388
6,biMaxInfgain,standard,gaussian_noise,noImbl,XGBClassifier_SPW24,last,0.25,0.2,126,2026-05-30 18:31:27,20260530-182225,log/stroke_prediction_v4/6/biMaxInfgain/gaussian_noise__noImbl__standard/XGBClassifier_SPW24,1780136562317_d342c02e17801370872261717,0.8825831702544031,0.5599531116794544,0.615761316872428,0.5735506843217981,0.9236021508067194,0.8825831702544031,0.9010540774595702,0.8825831702544031,0.8825831702544031,0.8825831702544031,0.7841556403048265
6,biMaxInfgain,standard,gaussian_noise,noImbl,XGBClassifier_SPW24,last,0.25,0.2,5012,2026-05-30 18:31:29,20260530-182225,log/stroke_prediction_v4/6/biMaxInfgain/gaussian_noise__noImbl__standard/XGBClassifier_SPW24,1780136562317_d342c02e17801370891838507,0.8825831702544031,0.5637569130216189,0.625246913580247,0.5786435786435785,0.924884442712807,0.8825831702544032,0.9014918545251226,0.8825831702544031,0.8825831702544031,0.8825831702544031,0.7864424100085334
6,biMaxInfgain,standard,mixup,noImbl,BalancedRandomForest,first,0.25,0.1,42,2026-05-30 18:32:04,20260530-182225,log/stroke_prediction_v4/6/biMaxInfgain/standard__mixup__noImbl/BalancedRandomForest,1780136562317_d342c02e17801371247323058,0.5851272015655578,0.535250046534715,0.6870370370370371,0.4417027417027417,0.938642475819251,0.5851272015655578,0.6969872050106884,0.5851272015655578,0.5851272015655578,0.5851272015655578,0.6209473285723378
6,biMaxInfgain,standard,mixup,noImbl,BalancedRandomForest,first,0.25,0.1,126,2026-05-30 18:32:06,20260530-182225,log/stroke_prediction_v4/6/biMaxInfgain/standard__mixup__noImbl/BalancedRandomForest,1780136562317_d342c02e17801371263888583,0.6046966731898239,0.5480972845042352,0.754238683127572,0.4622509794115195,0.9495175642589488,0.6046966731898239,0.7119371574791937,0.6046966731898239,0.6046966731898239,0.6046966731898239,0.6431922429986121
6,biMaxInfgain,standard,mixup,noImbl,BalancedRandomForest,first,0.25,0.1,5012,2026-05-30 18:32:08,20260530-182225,log/stroke_prediction_v4/6/biMaxInfgain/standard__mixup__noImbl/BalancedRandomForest,1780136562317_d342c02e17801371280846777,0.5831702544031311,0.5350257268613229,0.6860082304526749,0.4405598359349701,0.9385644031662972,0.5831702544031311,0.6953792270738159,0.5831702544031311,0.5831702544031311,0.5831702544031311,0.6196187972605999
6,biMaxInfgain,standard,mixup,noImbl,BalancedRandomForest,first,0.25,0.2,42,2026-05-30 18:32:40,20260530-182225,log/stroke_prediction_v4/6/biMaxInfgain/standard__mixup__noImbl/BalancedRandomForest,1780136562317_d342c02e17801371600298595,0.586105675146771,0.5388722139385372,0.706522633744856,0.4452345112472233,0.9421060216606816,0.586105675146771,0.6974349250635009,0.586105675146771,0.586105675146771,0.586105675146771,0.6245927724397244
6,biMaxInfgain,standard,mixup,noImbl,BalancedRandomForest,first,0.25,0.2,126,2026-05-30 18:32:41,20260530-182225,log/stroke_prediction_v4/6/biMaxInfgain/standard__mixup__noImbl/BalancedRandomForest,1780136562317_d342c02e17801371616866559,0.5792563600782779,0.5468408327943577,0.7503497942386831,0.4482472880674969,0.9507207808453634,0.5792563600782779,0.6907982205854487,0.5792563600782779,0.5792563600782779,0.5792563600782779,0.6273505111170933
6,biMaxInfgain,standard,mixup,noImbl,BalancedRandomForest,first,0.25,0.2,5012,2026-05-30 18:32:43,20260530-182225,log/stroke_prediction_v4/6/biMaxInfgain/standard__mixup__noImbl/BalancedRandomForest,1780136562317_d342c02e17801371633400421,0.5812133072407045,0.5418146169759471,0.7229218106995885,0.4452189618085149,0.9454323105771282,0.5812133072407045,0.6930189351059038,0.5812133072407045,0.5812133072407045,0.5812133072407045,0.6242378812587108
6,biMaxInfgain,standard,mixup,noImbl,BalancedRandomForest,last,0.25,0.1,42,2026-05-30 18:33:15,20260530-182225,log/stroke_prediction_v4/6/biMaxInfgain/mixup__noImbl__standard/BalancedRandomForest,1780136562317_d342c02e17801371952887946,0.5968688845401174,0.5366281791231081,0.69320987654321,0.4485688542452435,0.939105935604866,0.5968688845401174,0.7065549446827413,0.5968688845401174,0.5968688845401174,0.5968688845401174,0.6289105227823629
6,biMaxInfgain,standard,mixup,noImbl,BalancedRandomForest,last,0.25,0.1,126,2026-05-30 18:33:16,20260530-182225,log/stroke_prediction_v4/6/biMaxInfgain/mixup__noImbl__standard/BalancedRandomForest,1780136562317_d342c02e17801371969488769,0.5949119373776908,0.5469050275866344,0.7490946502057614,0.4563187137959569,0.949290216926216,0.5949119373776908,0.703960093916807,0.5949119373776908,0.5949119373776908,0.5949119373776908,0.636535585579852
6,biMaxInfgain,standard,mixup,noImbl,BalancedRandomForest,last,0.25,0.1,5012,2026-05-30 18:33:18,20260530-182225,log/stroke_prediction_v4/6/biMaxInfgain/mixup__noImbl__standard/BalancedRandomForest,1780136562317_d342c02e17801371986211670,0.5733855185909981,0.5339256491802267,0.6808641975308642,0.4348492227768983,0.9381700891439072,0.5733855185909981,0.6872809712761075,0.5733855185909981,0.5733855185909981,0.5733855185909981,0.6129697301298498
6,biMaxInfgain,standard,mixup,noImbl,BalancedRandomForest,last,0.25,0.2,42,2026-05-30 18:33:50,20260530-182225,log/stroke_prediction_v4/6/biMaxInfgain/mixup__noImbl__standard/BalancedRandomForest,1780136562317_d342c02e17801372303441493,0.5958904109589042,0.5400233440326816,0.7116666666666667,0.4510228793575934,0.9424408104856278,0.5958904109589042,0.7054378586650379,0.5958904109589042,0.5958904109589042,0.5958904109589042,0.6312383572054537
6,biMaxInfgain,standard,mixup,noImbl,BalancedRandomForest,last,0.25,0.2,126,2026-05-30 18:33:52,20260530-182225,log/stroke_prediction_v4/6/biMaxInfgain/mixup__noImbl__standard/BalancedRandomForest,1780136562317_d342c02e17801372320294730,0.598825831702544,0.5491212694670223,0.7606378600823045,0.4601370851370851,0.9511178166701006,0.598825831702544,0.7069923444678826,0.598825831702544,0.598825831702544,0.598825831702544,0.6406874417437054
6,biMaxInfgain,standard,mixup,noImbl,BalancedRandomForest,last,0.25,0.2,5012,2026-05-30 18:33:53,20260530-182225,log/stroke_prediction_v4/6/biMaxInfgain/mixup__noImbl__standard/BalancedRandomForest,1780136562317_d342c02e17801372336880639,0.586105675146771,0.5423747491503009,0.7254938271604938,0.4481409001956946,0.9455738868377545,0.586105675146771,0.6970714726123138,0.586105675146771,0.586105675146771,0.586105675146771,0.6275683722947645
6,biMaxInfgain,standard,mixup,noImbl,EasyEnsemble,first,0.25,0.1,42,2026-05-30 18:32:05,20260530-182225,log/stroke_prediction_v4/6/biMaxInfgain/standard__mixup__noImbl/EasyEnsemble,1780136562317_d342c02e17801371255843349,0.0724070450097847,0.5250501002004008,0.5123456790123456,0.0718063092062907,0.9535274070646184,0.0724070450097846,0.0505032934054677,0.0724070450097847,0.0724070450097847,0.0724070450097847,0.2464015770234141
6,biMaxInfgain,standard,mixup,noImbl,EasyEnsemble,first,0.25,0.1,126,2026-05-30 18:32:07,20260530-182225,log/stroke_prediction_v4/6/biMaxInfgain/standard__mixup__noImbl/EasyEnsemble,1780136562317_d342c02e17801371272681871,0.1095890410958904,0.5260416666666666,0.5318930041152263,0.1094662657755137,0.9536244292237442,0.1095890410958903,0.1188995028911226,0.1095890410958904,0.1095890410958904,0.1095890410958904,0.2792463917389152
6,biMaxInfgain,standard,mixup,noImbl,EasyEnsemble,first,0.25,0.1,5012,2026-05-30 18:32:08,20260530-182225,log/stroke_prediction_v4/6/biMaxInfgain/standard__mixup__noImbl/EasyEnsemble,1780136562317_d342c02e17801371289416811,0.2544031311154598,0.5307881773399015,0.6080246913580246,0.235669614990519,0.954088862753415,0.2544031311154597,0.3436215016604907,0.2544031311154598,0.2544031311154598,0.2544031311154598,0.3979450930889693
6,biMaxInfgain,standard,mixup,noImbl,EasyEnsemble,first,0.25,0.2,42,2026-05-30 18:32:40,20260530-182225,log/stroke_prediction_v4/6/biMaxInfgain/standard__mixup__noImbl/EasyEnsemble,1780136562317_d342c02e17801371608970746,0.4178082191780822,0.5367833826432002,0.6844444444444444,0.3504998168210603,0.952295127775166,0.4178082191780822,0.5391270112683981,0.4178082191780822,0.4178082191780822,0.4178082191780822,0.5179196073709326
6,biMaxInfgain,standard,mixup,noImbl,EasyEnsemble,first,0.25,0.2,126,2026-05-30 18:32:42,20260530-182225,log/stroke_prediction_v4/6/biMaxInfgain/standard__mixup__noImbl/EasyEnsemble,1780136562317_d342c02e17801371625456668,0.0743639921722113,0.5251004016064257,0.5133744855967078,0.0738532514359502,0.9535323289243078,0.0743639921722113,0.0542322948179213,0.0743639921722113,0.0743639921722113,0.0743639921722113,0.2481591504197093
6,biMaxInfgain,standard,mixup,noImbl,EasyEnsemble,first,0.25,0.2,5012,2026-05-30 18:32:44,20260530-182225,log/stroke_prediction_v4/6/biMaxInfgain/standard__mixup__noImbl/EasyEnsemble,1780136562317_d342c02e17801371641974998,0.3679060665362035,0.5316517778945524,0.6487242798353909,0.3166101498420427,0.948705772017198,0.3679060665362035,0.485520275527815,0.3679060665362035,0.3679060665362035,0.3679060665362035,0.4803901733946741
6,biMaxInfgain,standard,mixup,noImbl,EasyEnsemble,last,0.25,0.1,42,2026-05-30 18:33:16,20260530-182225,log/stroke_prediction_v4/6/biMaxInfgain/mixup__noImbl__standard/EasyEnsemble,1780136562317_d342c02e17801371961714209,0.1154598825831702,0.5262054507337526,0.5349794238683128,0.1151854121973643,0.953640455062011,0.1154598825831702,0.1292443952925314,0.1154598825831702,0.1154598825831702,0.1154598825831702,0.28433095712316
6,biMaxInfgain,standard,mixup,noImbl,EasyEnsemble,last,0.25,0.1,126,2026-05-30 18:33:17,20260530-182225,log/stroke_prediction_v4/6/biMaxInfgain/mixup__noImbl__standard/EasyEnsemble,1780136562317_d342c02e17801371978038489,0.1291585127201565,0.526595744680851,0.5421810699588477,0.1283039119851264,0.9536786442936254,0.1291585127201565,0.1529270956631826,0.1291585127201565,0.1291585127201565,0.1291585127201565,0.2960936021286413
6,biMaxInfgain,standard,mixup,noImbl,EasyEnsemble,last,0.25,0.1,5012,2026-05-30 18:33:19,20260530-182225,log/stroke_prediction_v4/6/biMaxInfgain/mixup__noImbl__standard/EasyEnsemble,1780136562317_d342c02e17801371994935805,0.2778864970645792,0.531725888324873,0.6203703703703703,0.253695721867987,0.954180615295976,0.2778864970645792,0.3749125410596068,0.2778864970645792,0.2778864970645792,0.2778864970645792,0.4160735256640925
6,biMaxInfgain,standard,mixup,noImbl,EasyEnsemble,last,0.25,0.2,42,2026-05-30 18:33:51,20260530-182225,log/stroke_prediction_v4/6/biMaxInfgain/mixup__noImbl__standard/EasyEnsemble,1780136562317_d342c02e17801372312245851,0.1125244618395303,0.5261233019853709,0.5334362139917695,0.112333242998145,0.9536324170240088,0.1125244618395303,0.1240868277819576,0.1125244618395303,0.1125244618395303,0.1125244618395303,0.2817919886529424
6,biMaxInfgain,standard,mixup,noImbl,EasyEnsemble,last,0.25,0.2,126,2026-05-30 18:33:52,20260530-182225,log/stroke_prediction_v4/6/biMaxInfgain/mixup__noImbl__standard/EasyEnsemble,1780136562317_d342c02e17801372328987923,0.1144814090019569,0.5261780104712042,0.5344650205761317,0.1142363255905266,0.9536377701048144,0.1144814090019568,0.1275284964928038,0.1144814090019569,0.1144814090019569,0.1144814090019569,0.2834853670284973
6,biMaxInfgain,standard,mixup,noImbl,EasyEnsemble,last,0.25,0.2,5012,2026-05-30 18:33:54,20260530-182225,log/stroke_prediction_v4/6/biMaxInfgain/mixup__noImbl__standard/EasyEnsemble,1780136562317_d342c02e17801372345469851,0.3590998043052837,0.5311215397673995,0.6440946502057613,0.3106278506719064,0.948500592651796,0.3590998043052837,0.4755398110039135,0.3590998043052837,0.3590998043052837,0.3590998043052837,0.473936749235982
6,biMaxInfgain,standard,mixup,noImbl,XGBClassifier_SPW24,first,0.25,0.1,42,2026-05-30 18:32:04,20260530-182225,log/stroke_prediction_v4/6/biMaxInfgain/standard__mixup__noImbl/XGBClassifier_SPW24,1780136562317_d342c02e17801371242017414,0.8767123287671232,0.5393926247288503,0.5747325102880658,0.5467370644139388,0.917748789112412,0.8767123287671232,0.8956329287873749,0.8767123287671232,0.8767123287671232,0.8767123287671232,0.7702278228999789
6,biMaxInfgain,standard,mixup,noImbl,XGBClassifier_SPW24,first,0.25,0.1,126,2026-05-30 18:32:05,20260530-182225,log/stroke_prediction_v4/6/biMaxInfgain/standard__mixup__noImbl/XGBClassifier_SPW24,1780136562317_d342c02e17801371258540579,0.8551859099804305,0.5354662698412699,0.5823868312757201,0.5399308935176172,0.9182993973845246,0.8551859099804305,0.8835066916012033,0.8551859099804305,0.8551859099804305,0.8551859099804305,0.7592052516101465
6,biMaxInfgain,standard,mixup,noImbl,XGBClassifier_SPW24,first,0.25,0.1,5012,2026-05-30 18:32:07,20260530-182225,log/stroke_prediction_v4/6/biMaxInfgain/standard__mixup__noImbl/XGBClassifier_SPW24,1780136562317_d342c02e17801371275520297,0.8649706457925636,0.5326923076923078,0.568559670781893,0.5374109497382611,0.9166028687555108,0.8649706457925636,0.8885854145778737,0.8649706457925636,0.8649706457925636,0.8649706457925636,0.7616731976874167
6,biMaxInfgain,standard,mixup,noImbl,XGBClassifier_SPW24,first,0.25,0.2,42,2026-05-30 18:32:39,20260530-182225,log/stroke_prediction_v4/6/biMaxInfgain/standard__mixup__noImbl/XGBClassifier_SPW24,1780136562317_d342c02e17801371595131332,0.87279843444227,0.5489932216905902,0.6011316872427984,0.5592489384288748,0.9212480922106012,0.8727984344422701,0.8946232253480749,0.87279843444227,0.87279843444227,0.87279843444227,0.7743374984578494
6,biMaxInfgain,standard,mixup,noImbl,XGBClassifier_SPW24,first,0.25,0.2,126,2026-05-30 18:32:41,20260530-182225,log/stroke_prediction_v4/6/biMaxInfgain/standard__mixup__noImbl/XGBClassifier_SPW24,1780136562317_d342c02e17801371611749548,0.8933463796477495,0.547178599073746,0.5739917695473252,0.5554801818014947,0.9183026615030844,0.8933463796477497,0.9051015447804476,0.8933463796477495,0.8933463796477495,0.8933463796477495,0.7803731138588067
6,biMaxInfgain,standard,mixup,noImbl,XGBClassifier_SPW24,first,0.25,0.2,5012,2026-05-30 18:32:42,20260530-182225,log/stroke_prediction_v4/6/biMaxInfgain/standard__mixup__noImbl/XGBClassifier_SPW24,1780136562317_d342c02e17801371628249856,0.8796477495107632,0.5614064654512027,0.6237037037037038,0.5756888398327139,0.9245481286973845,0.8796477495107632,0.8996774117670044,0.8796477495107632,0.8796477495107632,0.8796477495107632,0.7841298673294921
6,biMaxInfgain,standard,mixup,noImbl,XGBClassifier_SPW24,last,0.25,0.1,42,2026-05-30 18:33:14,20260530-182225,log/stroke_prediction_v4/6/biMaxInfgain/mixup__noImbl__standard/XGBClassifier_SPW24,1780136562317_d342c02e17801371947614777,0.8825831702544031,0.5340963280877443,0.5588477366255145,0.5399159663865546,0.915693559058836,0.8825831702544031,0.8981236330148498,0.8825831702544031,0.8825831702544031,0.8825831702544031,0.7696029703891812
6,biMaxInfgain,standard,mixup,noImbl,XGBClassifier_SPW24,last,0.25,0.1,126,2026-05-30 18:33:16,20260530-182225,log/stroke_prediction_v4/6/biMaxInfgain/mixup__noImbl__standard/XGBClassifier_SPW24,1780136562317_d342c02e17801371964402707,0.8806262230919765,0.5584045584045583,0.6147325102880659,0.5716209716209716,0.9233779918711424,0.8806262230919765,0.8998500521005414,0.8806262230919765,0.8806262230919765,0.8806262230919764,0.7826226488513939
6,biMaxInfgain,standard,mixup,noImbl,XGBClassifier_SPW24,last,0.25,0.1,5012,2026-05-30 18:33:18,20260530-182225,log/stroke_prediction_v4/6/biMaxInfgain/mixup__noImbl__standard/XGBClassifier_SPW24,1780136562317_d342c02e17801371980806029,0.8688845401174168,0.5262904307021954,0.5516460905349794,0.5294853294853294,0.9143392868211562,0.8688845401174167,0.8899992375530538,0.8688845401174168,0.8688845401174168,0.8688845401174168,0.759704081908557
6,biMaxInfgain,standard,mixup,noImbl,XGBClassifier_SPW24,last,0.25,0.2,42,2026-05-30 18:33:49,20260530-182225,log/stroke_prediction_v4/6/biMaxInfgain/mixup__noImbl__standard/XGBClassifier_SPW24,1780136562317_d342c02e17801372298238156,0.8796477495107632,0.5685713155526547,0.6426748971193417,0.5853517744579648,0.9270869056893748,0.8796477495107633,0.9004979869999857,0.8796477495107632,0.8796477495107632,0.8796477495107632,0.7885698758591349
6,biMaxInfgain,standard,mixup,noImbl,XGBClassifier_SPW24,last,0.25,0.2,126,2026-05-30 18:33:51,20260530-182225,log/stroke_prediction_v4/6/biMaxInfgain/mixup__noImbl__standard/XGBClassifier_SPW24,1780136562317_d342c02e17801372315056296,0.8776908023483366,0.51628189843082,0.5278189300411522,0.5175513132800846,0.9110911512885812,0.8776908023483365,0.8935973029980102,0.8776908023483366,0.8776908023483366,0.8776908023483365,0.7582678113571041
6,biMaxInfgain,standard,mixup,noImbl,XGBClassifier_SPW24,last,0.25,0.2,5012,2026-05-30 18:33:53,20260530-182225,log/stroke_prediction_v4/6/biMaxInfgain/mixup__noImbl__standard/XGBClassifier_SPW24,1780136562317_d342c02e17801372331766159,0.8786692759295499,0.5490622335890878,0.5947325102880658,0.5593357071325247,0.920575305762567,0.8786692759295499,0.8977558800415559,0.8786692759295499,0.8786692759295499,0.87866927592955,0.776468453411904
6,biMaxInfgain,standard,noAug,noImbl,BalancedRandomForest,first,0.25,0.1,42,2026-05-30 18:34:23,20260530-182225,log/stroke_prediction_v4/6/biMaxInfgain/standard__noAug__noImbl/BalancedRandomForest,1780136562317_d342c02e17801372632977513,0.598825831702544,0.5368634801624492,0.694238683127572,0.4497150211435926,0.9391824105847548,0.598825831702544,0.7081363883153092,0.598825831702544,0.598825831702544,0.598825831702544,0.6302365014873302
6,biMaxInfgain,standard,noAug,noImbl,BalancedRandomForest,first,0.25,0.1,126,2026-05-30 18:34:24,20260530-182225,log/stroke_prediction_v4/6/biMaxInfgain/standard__noAug__noImbl/BalancedRandomForest,1780136562317_d342c02e17801372648515386,0.5792563600782779,0.5450924499229584,0.7408641975308643,0.4468611073350753,0.9489273879127608,0.5792563600782779,0.6909979533935409,0.5792563600782779,0.5792563600782779,0.5792563600782779,0.6258698066772617
6,biMaxInfgain,standard,noAug,noImbl,BalancedRandomForest,first,0.25,0.1,5012,2026-05-30 18:34:26,20260530-182225,log/stroke_prediction_v4/6/biMaxInfgain/standard__noAug__noImbl/BalancedRandomForest,1780136562317_d342c02e17801372662607738,0.5812133072407045,0.534802874043792,0.6849794238683128,0.4394172408136482,0.938486076001842,0.5812133072407045,0.6937673833150994,0.5812133072407045,0.5812133072407045,0.5812133072407045,0.6182898539069885
6,biMaxInfgain,standard,noAug,noImbl,BalancedRandomForest,first,0.25,0.2,42,2026-05-30 18:34:53,20260530-182225,log/stroke_prediction_v4/6/biMaxInfgain/standard__noAug__noImbl/BalancedRandomForest,1780136562317_d342c02e17801372939171625,0.576320939334638,0.5377606728784459,0.7013786008230453,0.4394566405601811,0.9417671009762764,0.576320939334638,0.6893356177285954,0.576320939334638,0.576320939334638,0.576320939334638,0.6179378519449483
6,biMaxInfgain,standard,noAug,noImbl,BalancedRandomForest,first,0.25,0.2,126,2026-05-30 18:34:55,20260530-182225,log/stroke_prediction_v4/6/biMaxInfgain/standard__noAug__noImbl/BalancedRandomForest,1780136562317_d342c02e17801372953547761,0.5714285714285714,0.5459774089442139,0.7462345679012345,0.4435045948203843,0.9505631298162418,0.5714285714285714,0.6842105263157895,0.5714285714285714,0.5714285714285714,0.5714285714285714,0.6220062074080236
6,biMaxInfgain,standard,noAug,noImbl,BalancedRandomForest,first,0.25,0.2,5012,2026-05-30 18:34:56,20260530-182225,log/stroke_prediction_v4/6/biMaxInfgain/standard__noAug__noImbl/BalancedRandomForest,1780136562317_d342c02e17801372968132967,0.5900195694716243,0.5445791105074356,0.737037037037037,0.4519265597102321,0.9474262563245692,0.5900195694716243,0.7001171152657947,0.5900195694716243,0.5900195694716243,0.5900195694716243,0.6317186194219578
6,biMaxInfgain,standard,noAug,noImbl,BalancedRandomForest,last,0.25,0.1,42,2026-05-30 18:35:24,20260530-182225,log/stroke_prediction_v4/6/biMaxInfgain/noAug__noImbl__standard/BalancedRandomForest,1780136562317_d342c02e17801373246906627,0.598825831702544,0.5368634801624492,0.694238683127572,0.4497150211435926,0.9391824105847548,0.598825831702544,0.7081363883153092,0.598825831702544,0.598825831702544,0.598825831702544,0.6302365014873302
6,biMaxInfgain,standard,noAug,noImbl,BalancedRandomForest,last,0.25,0.1,126,2026-05-30 18:35:26,20260530-182225,log/stroke_prediction_v4/6/biMaxInfgain/noAug__noImbl__standard/BalancedRandomForest,1780136562317_d342c02e17801373261277162,0.5792563600782779,0.5450924499229584,0.7408641975308643,0.4468611073350753,0.9489273879127608,0.5792563600782779,0.6909979533935409,0.5792563600782779,0.5792563600782779,0.5792563600782779,0.6258698066772617
6,biMaxInfgain,standard,noAug,noImbl,BalancedRandomForest,last,0.25,0.1,5012,2026-05-30 18:35:27,20260530-182225,log/stroke_prediction_v4/6/biMaxInfgain/noAug__noImbl__standard/BalancedRandomForest,1780136562317_d342c02e17801373275870591,0.5812133072407045,0.534802874043792,0.6849794238683128,0.4394172408136482,0.938486076001842,0.5812133072407045,0.6937673833150994,0.5812133072407045,0.5812133072407045,0.5812133072407045,0.6182898539069885
6,biMaxInfgain,standard,noAug,noImbl,BalancedRandomForest,last,0.25,0.2,42,2026-05-30 18:35:55,20260530-182225,log/stroke_prediction_v4/6/biMaxInfgain/noAug__noImbl__standard/BalancedRandomForest,1780136562317_d342c02e17801373555933192,0.576320939334638,0.5377606728784459,0.7013786008230453,0.4394566405601811,0.9417671009762764,0.576320939334638,0.6893356177285954,0.576320939334638,0.576320939334638,0.576320939334638,0.6179378519449483
6,biMaxInfgain,standard,noAug,noImbl,BalancedRandomForest,last,0.25,0.2,126,2026-05-30 18:35:57,20260530-182225,log/stroke_prediction_v4/6/biMaxInfgain/noAug__noImbl__standard/BalancedRandomForest,1780136562317_d342c02e17801373570621678,0.5714285714285714,0.5459774089442139,0.7462345679012345,0.4435045948203843,0.9505631298162418,0.5714285714285714,0.6842105263157895,0.5714285714285714,0.5714285714285714,0.5714285714285714,0.6220062074080236
6,biMaxInfgain,standard,noAug,noImbl,BalancedRandomForest,last,0.25,0.2,5012,2026-05-30 18:35:58,20260530-182225,log/stroke_prediction_v4/6/biMaxInfgain/noAug__noImbl__standard/BalancedRandomForest,1780136562317_d342c02e17801373585245150,0.5900195694716243,0.5445791105074356,0.737037037037037,0.4519265597102321,0.9474262563245692,0.5900195694716243,0.7001171152657947,0.5900195694716243,0.5900195694716243,0.5900195694716243,0.6317186194219578
6,biMaxInfgain,standard,noAug,noImbl,EasyEnsemble,first,0.25,0.1,42,2026-05-30 18:34:24,20260530-182225,log/stroke_prediction_v4/6/biMaxInfgain/standard__noAug__noImbl/EasyEnsemble,1780136562317_d342c02e17801372640920358,0.1272015655577299,0.5265392781316348,0.5411522633744856,0.1264488531828774,0.9536731191909624,0.1272015655577299,0.1495822135033434,0.1272015655577299,0.1272015655577299,0.1272015655577299,0.2944217522957332
6,biMaxInfgain,standard,noAug,noImbl,EasyEnsemble,first,0.25,0.1,126,2026-05-30 18:34:25,20260530-182225,log/stroke_prediction_v4/6/biMaxInfgain/standard__noAug__noImbl/EasyEnsemble,1780136562317_d342c02e17801372655963327,0.1291585127201565,0.526595744680851,0.5421810699588477,0.1283039119851264,0.9536786442936254,0.1291585127201565,0.1529270956631826,0.1291585127201565,0.1291585127201565,0.1291585127201565,0.2960936021286413
6,biMaxInfgain,standard,noAug,noImbl,EasyEnsemble,first,0.25,0.1,5012,2026-05-30 18:34:27,20260530-182225,log/stroke_prediction_v4/6/biMaxInfgain/standard__noAug__noImbl/EasyEnsemble,1780136562317_d342c02e17801372670324794,0.2074363992172211,0.5220132867920279,0.5643621399176955,0.1970926104819655,0.9423609539572044,0.207436399217221,0.2793078968087382,0.2074363992172211,0.2074363992172211,0.2074363992172211,0.3573082738471867
6,biMaxInfgain,standard,noAug,noImbl,EasyEnsemble,first,0.25,0.2,42,2026-05-30 18:34:54,20260530-182225,log/stroke_prediction_v4/6/biMaxInfgain/standard__noAug__noImbl/EasyEnsemble,1780136562317_d342c02e17801372946873719,0.3776908023483366,0.5364431486880467,0.6728395061728395,0.3248155165536498,0.954642186760083,0.3776908023483366,0.4952736057239338,0.3776908023483366,0.3776908023483366,0.3776908023483365,0.490482173443069
6,biMaxInfgain,standard,noAug,noImbl,EasyEnsemble,first,0.25,0.2,126,2026-05-30 18:34:56,20260530-182225,log/stroke_prediction_v4/6/biMaxInfgain/standard__noAug__noImbl/EasyEnsemble,1780136562317_d342c02e17801372961405764,0.0909980430528375,0.5255362614913176,0.522119341563786,0.0909553969370998,0.9535749766625556,0.0909980430528375,0.0853382942642318,0.0909980430528375,0.0909980430528375,0.0909980430528375,0.2629663288731006
6,biMaxInfgain,standard,noAug,noImbl,EasyEnsemble,first,0.25,0.2,5012,2026-05-30 18:34:57,20260530-182225,log/stroke_prediction_v4/6/biMaxInfgain/standard__noAug__noImbl/EasyEnsemble,1780136562317_d342c02e17801372975974018,0.3590998043052837,0.5311215397673995,0.6440946502057613,0.3106278506719064,0.948500592651796,0.3590998043052837,0.4755398110039135,0.3590998043052837,0.3590998043052837,0.3590998043052837,0.473936749235982
6,biMaxInfgain,standard,noAug,noImbl,EasyEnsemble,last,0.25,0.1,42,2026-05-30 18:35:25,20260530-182225,log/stroke_prediction_v4/6/biMaxInfgain/noAug__noImbl__standard/EasyEnsemble,1780136562317_d342c02e17801373254486189,0.1272015655577299,0.5265392781316348,0.5411522633744856,0.1264488531828774,0.9536731191909624,0.1272015655577299,0.1495822135033434,0.1272015655577299,0.1272015655577299,0.1272015655577299,0.2944217522957332
6,biMaxInfgain,standard,noAug,noImbl,EasyEnsemble,last,0.25,0.1,126,2026-05-30 18:35:26,20260530-182225,log/stroke_prediction_v4/6/biMaxInfgain/noAug__noImbl__standard/EasyEnsemble,1780136562317_d342c02e17801373269105854,0.1291585127201565,0.526595744680851,0.5421810699588477,0.1283039119851264,0.9536786442936254,0.1291585127201565,0.1529270956631826,0.1291585127201565,0.1291585127201565,0.1291585127201565,0.2960936021286413
6,biMaxInfgain,standard,noAug,noImbl,EasyEnsemble,last,0.25,0.1,5012,2026-05-30 18:35:28,20260530-182225,log/stroke_prediction_v4/6/biMaxInfgain/noAug__noImbl__standard/EasyEnsemble,1780136562317_d342c02e17801373283614621,0.2074363992172211,0.5220132867920279,0.5643621399176955,0.1970926104819655,0.9423609539572044,0.207436399217221,0.2793078968087382,0.2074363992172211,0.2074363992172211,0.2074363992172211,0.3573082738471867
6,biMaxInfgain,standard,noAug,noImbl,EasyEnsemble,last,0.25,0.2,42,2026-05-30 18:35:56,20260530-182225,log/stroke_prediction_v4/6/biMaxInfgain/noAug__noImbl__standard/EasyEnsemble,1780136562317_d342c02e17801373563847699,0.3776908023483366,0.5364431486880467,0.6728395061728395,0.3248155165536498,0.954642186760083,0.3776908023483366,0.4952736057239338,0.3776908023483366,0.3776908023483366,0.3776908023483365,0.490482173443069
6,biMaxInfgain,standard,noAug,noImbl,EasyEnsemble,last,0.25,0.2,126,2026-05-30 18:35:57,20260530-182225,log/stroke_prediction_v4/6/biMaxInfgain/noAug__noImbl__standard/EasyEnsemble,1780136562317_d342c02e17801373578437603,0.0909980430528375,0.5255362614913176,0.522119341563786,0.0909553969370998,0.9535749766625556,0.0909980430528375,0.0853382942642318,0.0909980430528375,0.0909980430528375,0.0909980430528375,0.2629663288731006
6,biMaxInfgain,standard,noAug,noImbl,EasyEnsemble,last,0.25,0.2,5012,2026-05-30 18:35:59,20260530-182225,log/stroke_prediction_v4/6/biMaxInfgain/noAug__noImbl__standard/EasyEnsemble,1780136562317_d342c02e17801373593034795,0.3590998043052837,0.5311215397673995,0.6440946502057613,0.3106278506719064,0.948500592651796,0.3590998043052837,0.4755398110039135,0.3590998043052837,0.3590998043052837,0.3590998043052837,0.473936749235982
6,biMaxInfgain,standard,noAug,noImbl,XGBClassifier_SPW24,first,0.25,0.1,42,2026-05-30 18:34:22,20260530-182225,log/stroke_prediction_v4/6/biMaxInfgain/standard__noAug__noImbl/XGBClassifier_SPW24,1780136562317_d342c02e17801372628619098,0.8943248532289628,0.5706485455412494,0.6219341563786008,0.5859243697478991,0.9250779465959666,0.8943248532289628,0.9083112697133646,0.8943248532289628,0.8943248532289628,0.8943248532289628,0.7936313520623561
6,biMaxInfgain,standard,noAug,noImbl,XGBClassifier_SPW24,first,0.25,0.1,126,2026-05-30 18:34:24,20260530-182225,log/stroke_prediction_v4/6/biMaxInfgain/standard__noAug__noImbl/XGBClassifier_SPW24,1780136562317_d342c02e17801372643281646,0.8708414872798435,0.5438995215311004,0.5906172839506173,0.552468152866242,0.9197604846487326,0.8708414872798435,0.8930020441995836,0.8708414872798435,0.8708414872798435,0.8708414872798435,0.7705848534848561
6,biMaxInfgain,standard,noAug,noImbl,XGBClassifier_SPW24,first,0.25,0.1,5012,2026-05-30 18:34:25,20260530-182225,log/stroke_prediction_v4/6/biMaxInfgain/standard__noAug__noImbl/XGBClassifier_SPW24,1780136562317_d342c02e17801372658271391,0.8669275929549902,0.5415797202256744,0.588559670781893,0.5491956408925791,0.919376620296744,0.8669275929549902,0.8906278784235151,0.8669275929549902,0.8669275929549902,0.8669275929549902,0.7676961662098412
6,biMaxInfgain,standard,noAug,noImbl,XGBClassifier_SPW24,first,0.25,0.2,42,2026-05-30 18:34:53,20260530-182225,log/stroke_prediction_v4/6/biMaxInfgain/standard__noAug__noImbl/XGBClassifier_SPW24,1780136562317_d342c02e17801372934871880,0.8943248532289628,0.5480493630573248,0.5745061728395062,0.556402218471184,0.9184275555610952,0.8943248532289628,0.9056899642634172,0.8943248532289628,0.8943248532289628,0.8943248532289628,0.7811420778475678
6,biMaxInfgain,standard,noAug,noImbl,XGBClassifier_SPW24,first,0.25,0.2,126,2026-05-30 18:34:54,20260530-182225,log/stroke_prediction_v4/6/biMaxInfgain/standard__noAug__noImbl/XGBClassifier_SPW24,1780136562317_d342c02e17801372949290816,0.8953033268101761,0.5203932661161549,0.5275925925925926,0.522627960275019,0.911419370143177,0.8953033268101761,0.9031447797051572,0.8953033268101761,0.8953033268101761,0.895303326810176,0.7679277646062891
6,biMaxInfgain,standard,noAug,noImbl,XGBClassifier_SPW24,first,0.25,0.2,5012,2026-05-30 18:34:56,20260530-182225,log/stroke_prediction_v4/6/biMaxInfgain/standard__noAug__noImbl/XGBClassifier_SPW24,1780136562317_d342c02e17801372963823527,0.8816046966731899,0.5552563399662441,0.605761316872428,0.5673778962577358,0.922199248361127,0.8816046966731899,0.9000037400959086,0.8816046966731899,0.8816046966731899,0.8816046966731899,0.7810708146423024
6,biMaxInfgain,standard,noAug,noImbl,XGBClassifier_SPW24,last,0.25,0.1,42,2026-05-30 18:35:24,20260530-182225,log/stroke_prediction_v4/6/biMaxInfgain/noAug__noImbl__standard/XGBClassifier_SPW24,1780136562317_d342c02e17801373241544798,0.8943248532289628,0.5706485455412494,0.6219341563786008,0.5859243697478991,0.9250779465959666,0.8943248532289628,0.9083112697133646,0.8943248532289628,0.8943248532289628,0.8943248532289628,0.7936313520623561
6,biMaxInfgain,standard,noAug,noImbl,XGBClassifier_SPW24,last,0.25,0.1,126,2026-05-30 18:35:25,20260530-182225,log/stroke_prediction_v4/6/biMaxInfgain/noAug__noImbl__standard/XGBClassifier_SPW24,1780136562317_d342c02e17801373256846278,0.8708414872798435,0.5438995215311004,0.5906172839506173,0.552468152866242,0.9197604846487326,0.8708414872798435,0.8930020441995836,0.8708414872798435,0.8708414872798435,0.8708414872798435,0.7705848534848561
6,biMaxInfgain,standard,noAug,noImbl,XGBClassifier_SPW24,last,0.25,0.1,5012,2026-05-30 18:35:27,20260530-182225,log/stroke_prediction_v4/6/biMaxInfgain/noAug__noImbl__standard/XGBClassifier_SPW24,1780136562317_d342c02e17801373271476984,0.8669275929549902,0.5415797202256744,0.588559670781893,0.5491956408925791,0.919376620296744,0.8669275929549902,0.8906278784235151,0.8669275929549902,0.8669275929549902,0.8669275929549902,0.7676961662098412
6,biMaxInfgain,standard,noAug,noImbl,XGBClassifier_SPW24,last,0.25,0.2,42,2026-05-30 18:35:55,20260530-182225,log/stroke_prediction_v4/6/biMaxInfgain/noAug__noImbl__standard/XGBClassifier_SPW24,1780136562317_d342c02e17801373551595882,0.8943248532289628,0.5480493630573248,0.5745061728395062,0.556402218471184,0.9184275555610952,0.8943248532289628,0.9056899642634172,0.8943248532289628,0.8943248532289628,0.8943248532289628,0.7811420778475678
6,biMaxInfgain,standard,noAug,noImbl,XGBClassifier_SPW24,last,0.25,0.2,126,2026-05-30 18:35:56,20260530-182225,log/stroke_prediction_v4/6/biMaxInfgain/noAug__noImbl__standard/XGBClassifier_SPW24,1780136562317_d342c02e17801373566304695,0.8953033268101761,0.5203932661161549,0.5275925925925926,0.522627960275019,0.911419370143177,0.8953033268101761,0.9031447797051572,0.8953033268101761,0.8953033268101761,0.895303326810176,0.7679277646062891
6,biMaxInfgain,standard,noAug,noImbl,XGBClassifier_SPW24,last,0.25,0.2,5012,2026-05-30 18:35:58,20260530-182225,log/stroke_prediction_v4/6/biMaxInfgain/noAug__noImbl__standard/XGBClassifier_SPW24,1780136562317_d342c02e17801373580885820,0.8816046966731899,0.5552563399662441,0.605761316872428,0.5673778962577358,0.922199248361127,0.8816046966731899,0.9000037400959086,0.8816046966731899,0.8816046966731899,0.8816046966731899,0.7810708146423024
6,infgain,minmax,gaussian_noise,noImbl,BalancedRandomForest,first,0.25,0.1,42,2026-05-30 18:36:32,20260530-182225,log/stroke_prediction_v4/6/infgain/minmax__gaussian_noise__noImbl/BalancedRandomForest,1780136562317_d342c02e17801373920952133,0.7064579256360078,0.542095483133219,0.6939094650205762,0.5028924976652485,0.9346917836191548,0.7064579256360078,0.7898761744069001,0.7064579256360078,0.7064579256360078,0.7064579256360078,0.6935681442425203
6,infgain,minmax,gaussian_noise,noImbl,BalancedRandomForest,first,0.25,0.1,126,2026-05-30 18:36:34,20260530-182225,log/stroke_prediction_v4/6/infgain/minmax__gaussian_noise__noImbl/BalancedRandomForest,1780136562317_d342c02e17801373940829216,0.6692759295499021,0.5574110509919659,0.7881893004115226,0.5022679461686983,0.951072951871421,0.6692759295499021,0.7623715959617218,0.6692759295499021,0.6692759295499021,0.6692759295499021,0.6870736334670146
6,infgain,minmax,gaussian_noise,noImbl,BalancedRandomForest,first,0.25,0.1,5012,2026-05-30 18:36:36,20260530-182225,log/stroke_prediction_v4/6/infgain/minmax__gaussian_noise__noImbl/BalancedRandomForest,1780136562317_d342c02e17801373962307002,0.6712328767123288,0.5323214285714285,0.6564197530864198,0.4778102189781022,0.9300740844282916,0.6712328767123288,0.7645235476452356,0.6712328767123288,0.6712328767123288,0.6712328767123288,0.6667247422870461
6,infgain,minmax,gaussian_noise,noImbl,BalancedRandomForest,first,0.25,0.2,42,2026-05-30 18:37:15,20260530-182225,log/stroke_prediction_v4/6/infgain/minmax__gaussian_noise__noImbl/BalancedRandomForest,1780136562317_d342c02e17801374354263871,0.6937377690802349,0.552773317920065,0.7536213991769547,0.5088914647158616,0.9442468840937894,0.6937377690802349,0.7807069234462478,0.6937377690802349,0.6937377690802349,0.6937377690802349,0.695999025975491
6,infgain,minmax,gaussian_noise,noImbl,BalancedRandomForest,first,0.25,0.2,126,2026-05-30 18:37:17,20260530-182225,log/stroke_prediction_v4/6/infgain/minmax__gaussian_noise__noImbl/BalancedRandomForest,1780136562317_d342c02e17801374375508358,0.6575342465753424,0.5519691697290968,0.7630452674897119,0.4914902449149024,0.9476236447381962,0.6575342465753424,0.7536350557555287,0.6575342465753424,0.6575342465753424,0.6575342465753424,0.6760463019264019
6,infgain,minmax,gaussian_noise,noImbl,BalancedRandomForest,first,0.25,0.2,5012,2026-05-30 18:37:19,20260530-182225,log/stroke_prediction_v4/6/infgain/minmax__gaussian_noise__noImbl/BalancedRandomForest,1780136562317_d342c02e17801374396344621,0.6741682974559687,0.5420462922010909,0.7053909465020576,0.4891986449714,0.9375543728666664,0.6741682974559687,0.7665027418669648,0.6741682974559687,0.6741682974559687,0.6741682974559687,0.6765216881651235
6,infgain,minmax,gaussian_noise,noImbl,BalancedRandomForest,last,0.25,0.1,42,2026-05-30 18:37:57,20260530-182225,log/stroke_prediction_v4/6/infgain/gaussian_noise__noImbl__minmax/BalancedRandomForest,1780136562317_d342c02e17801374779700018,0.6908023483365949,0.5467320261437908,0.7236213991769547,0.5012971290210999,0.939728585498126,0.6908023483365949,0.7786365134796496,0.6908023483365949,0.6908023483365949,0.6908023483365949,0.6893191867916373
6,infgain,minmax,gaussian_noise,noImbl,BalancedRandomForest,last,0.25,0.1,126,2026-05-30 18:38:00,20260530-182225,log/stroke_prediction_v4/6/infgain/gaussian_noise__noImbl__minmax/BalancedRandomForest,1780136562317_d342c02e17801374800105797,0.6888454011741683,0.5572932483044842,0.7795061728395062,0.5113047871668561,0.9485548126459316,0.6888454011741683,0.7770392776128655,0.6888454011741683,0.6888454011741683,0.6888454011741683,0.6973251935656175
6,infgain,minmax,gaussian_noise,noImbl,BalancedRandomForest,last,0.25,0.1,5012,2026-05-30 18:38:02,20260530-182225,log/stroke_prediction_v4/6/infgain/gaussian_noise__noImbl__minmax/BalancedRandomForest,1780136562317_d342c02e17801374820017957,0.675146771037182,0.5403684157109511,0.6964197530864198,0.4878893986959671,0.9361188730701392,0.675146771037182,0.7672604299234753,0.675146771037182,0.675146771037182,0.675146771037182,0.6756218868945401
6,infgain,minmax,gaussian_noise,noImbl,BalancedRandomForest,last,0.25,0.2,42,2026-05-30 18:38:40,20260530-182225,log/stroke_prediction_v4/6/infgain/gaussian_noise__noImbl__minmax/BalancedRandomForest,1780136562317_d342c02e17801375202276084,0.6771037181996086,0.5480026854649211,0.7353909465020576,0.4965817834432934,0.942145573482742,0.6771037181996086,0.768544567504278,0.6771037181996086,0.6771037181996086,0.6771037181996086,0.683164360466951
6,infgain,minmax,gaussian_noise,noImbl,BalancedRandomForest,last,0.25,0.2,126,2026-05-30 18:38:42,20260530-182225,log/stroke_prediction_v4/6/infgain/gaussian_noise__noImbl__minmax/BalancedRandomForest,1780136562317_d342c02e17801375222547205,0.6585127201565558,0.5538911698891718,0.7730452674897119,0.4937829533277982,0.9492234213093684,0.6585127201565558,0.7542989825149585,0.6585127201565558,0.6585127201565558,0.6585127201565558,0.678233364307861
6,infgain,minmax,gaussian_noise,noImbl,BalancedRandomForest,last,0.25,0.2,5012,2026-05-30 18:38:44,20260530-182225,log/stroke_prediction_v4/6/infgain/gaussian_noise__noImbl__minmax/BalancedRandomForest,1780136562317_d342c02e17801375242552849,0.6868884540117417,0.5441920491184743,0.7120781893004116,0.4969389324719274,0.9381024841831224,0.6868884540117417,0.7758138669619096,0.6868884540117417,0.6868884540117417,0.6868884540117417,0.6851055737799729
6,infgain,minmax,gaussian_noise,noImbl,EasyEnsemble,first,0.25,0.1,42,2026-05-30 18:36:33,20260530-182225,log/stroke_prediction_v4/6/infgain/minmax__gaussian_noise__noImbl/EasyEnsemble,1780136562317_d342c02e17801373931017290,0.0489236790606653,0.0244618395303326,0.5,0.0466417910447761,0.0023935263728309,0.0489236790606653,0.0045637760317784,0.0489236790606653,0.0489236790606653,0.0489236790606653,0.0799358432760656
6,infgain,minmax,gaussian_noise,noImbl,EasyEnsemble,first,0.25,0.1,126,2026-05-30 18:36:35,20260530-182225,log/stroke_prediction_v4/6/infgain/minmax__gaussian_noise__noImbl/EasyEnsemble,1780136562317_d342c02e17801373951349327,0.0489236790606653,0.0244618395303326,0.5,0.0466417910447761,0.0023935263728309,0.0489236790606653,0.0045637760317784,0.0489236790606653,0.0489236790606653,0.0489236790606653,0.0799358432760656
6,infgain,minmax,gaussian_noise,noImbl,EasyEnsemble,first,0.25,0.1,5012,2026-05-30 18:36:37,20260530-182225,log/stroke_prediction_v4/6/infgain/minmax__gaussian_noise__noImbl/EasyEnsemble,1780136562317_d342c02e17801373972304597,0.0489236790606653,0.0244618395303326,0.5,0.0466417910447761,0.0023935263728309,0.0489236790606653,0.0045637760317784,0.0489236790606653,0.0489236790606653,0.0489236790606653,0.0799358432760656
6,infgain,minmax,gaussian_noise,noImbl,EasyEnsemble,first,0.25,0.2,42,2026-05-30 18:37:16,20260530-182225,log/stroke_prediction_v4/6/infgain/minmax__gaussian_noise__noImbl/EasyEnsemble,1780136562317_d342c02e17801374365001092,0.0489236790606653,0.0244618395303326,0.5,0.0466417910447761,0.0023935263728309,0.0489236790606653,0.0045637760317784,0.0489236790606653,0.0489236790606653,0.0489236790606653,0.0799358432760656
6,infgain,minmax,gaussian_noise,noImbl,EasyEnsemble,first,0.25,0.2,126,2026-05-30 18:37:18,20260530-182225,log/stroke_prediction_v4/6/infgain/minmax__gaussian_noise__noImbl/EasyEnsemble,1780136562317_d342c02e17801374385977454,0.0489236790606653,0.0244618395303326,0.5,0.0466417910447761,0.0023935263728309,0.0489236790606653,0.0045637760317784,0.0489236790606653,0.0489236790606653,0.0489236790606653,0.0799358432760656
6,infgain,minmax,gaussian_noise,noImbl,EasyEnsemble,first,0.25,0.2,5012,2026-05-30 18:37:20,20260530-182225,log/stroke_prediction_v4/6/infgain/minmax__gaussian_noise__noImbl/EasyEnsemble,1780136562317_d342c02e17801374406687870,0.0528375733855185,0.5245579567779961,0.5020576131687242,0.0509148400564867,0.9534792521309194,0.0528375733855185,0.012376576374588,0.0528375733855185,0.0528375733855185,0.0528375733855185,0.2286382240266325
6,infgain,minmax,gaussian_noise,noImbl,EasyEnsemble,last,0.25,0.1,42,2026-05-30 18:37:58,20260530-182225,log/stroke_prediction_v4/6/infgain/gaussian_noise__noImbl__minmax/EasyEnsemble,1780136562317_d342c02e17801374789959972,0.0489236790606653,0.0244618395303326,0.5,0.0466417910447761,0.0023935263728309,0.0489236790606653,0.0045637760317784,0.0489236790606653,0.0489236790606653,0.0489236790606653,0.0799358432760656
6,infgain,minmax,gaussian_noise,noImbl,EasyEnsemble,last,0.25,0.1,126,2026-05-30 18:38:01,20260530-182225,log/stroke_prediction_v4/6/infgain/gaussian_noise__noImbl__minmax/EasyEnsemble,1780136562317_d342c02e17801374810129660,0.0489236790606653,0.0244618395303326,0.5,0.0466417910447761,0.0023935263728309,0.0489236790606653,0.0045637760317784,0.0489236790606653,0.0489236790606653,0.0489236790606653,0.0799358432760656
6,infgain,minmax,gaussian_noise,noImbl,EasyEnsemble,last,0.25,0.1,5012,2026-05-30 18:38:02,20260530-182225,log/stroke_prediction_v4/6/infgain/gaussian_noise__noImbl__minmax/EasyEnsemble,1780136562317_d342c02e17801374829942847,0.0489236790606653,0.0244618395303326,0.5,0.0466417910447761,0.0023935263728309,0.0489236790606653,0.0045637760317784,0.0489236790606653,0.0489236790606653,0.0489236790606653,0.0799358432760656
6,infgain,minmax,gaussian_noise,noImbl,EasyEnsemble,last,0.25,0.2,42,2026-05-30 18:38:41,20260530-182225,log/stroke_prediction_v4/6/infgain/gaussian_noise__noImbl__minmax/EasyEnsemble,1780136562317_d342c02e17801375212155011,0.0489236790606653,0.0244618395303326,0.5,0.0466417910447761,0.0023935263728309,0.0489236790606653,0.0045637760317784,0.0489236790606653,0.0489236790606653,0.0489236790606653,0.0799358432760656
6,infgain,minmax,gaussian_noise,noImbl,EasyEnsemble,last,0.25,0.2,126,2026-05-30 18:38:43,20260530-182225,log/stroke_prediction_v4/6/infgain/gaussian_noise__noImbl__minmax/EasyEnsemble,1780136562317_d342c02e17801375232614005,0.0489236790606653,0.0244618395303326,0.5,0.0466417910447761,0.0023935263728309,0.0489236790606653,0.0045637760317784,0.0489236790606653,0.0489236790606653,0.0489236790606653,0.0799358432760656
6,infgain,minmax,gaussian_noise,noImbl,EasyEnsemble,last,0.25,0.2,5012,2026-05-30 18:38:45,20260530-182225,log/stroke_prediction_v4/6/infgain/gaussian_noise__noImbl__minmax/EasyEnsemble,1780136562317_d342c02e17801375253454847,0.0489236790606653,0.0244618395303326,0.5,0.0466417910447761,0.0023935263728309,0.0489236790606653,0.0045637760317784,0.0489236790606653,0.0489236790606653,0.0489236790606653,0.0799358432760656
6,infgain,minmax,gaussian_noise,noImbl,XGBClassifier_SPW24,first,0.25,0.1,42,2026-05-30 18:36:31,20260530-182225,log/stroke_prediction_v4/6/infgain/minmax__gaussian_noise__noImbl/XGBClassifier_SPW24,1780136562317_d342c02e17801373913432424,0.898238747553816,0.5350840336134453,0.5481069958847736,0.5396396396396397,0.9147083490930618,0.8982387475538159,0.9061899472858378,0.898238747553816,0.898238747553816,0.898238747553816,0.7759598749194759
6,infgain,minmax,gaussian_noise,noImbl,XGBClassifier_SPW24,first,0.25,0.1,126,2026-05-30 18:36:33,20260530-182225,log/stroke_prediction_v4/6/infgain/minmax__gaussian_noise__noImbl/XGBClassifier_SPW24,1780136562317_d342c02e17801373933444965,0.9119373776908024,0.5739170146137786,0.5932510288065844,0.5819470957185711,0.9225241452144676,0.9119373776908024,0.917025333580242,0.9119373776908024,0.9119373776908024,0.9119373776908022,0.7985900343346258
6,infgain,minmax,gaussian_noise,noImbl,XGBClassifier_SPW24,first,0.25,0.1,5012,2026-05-30 18:36:35,20260530-182225,log/stroke_prediction_v4/6/infgain/minmax__gaussian_noise__noImbl/XGBClassifier_SPW24,1780136562317_d342c02e17801373953849356,0.8904109589041096,0.5290362885701868,0.5439917695473252,0.5332724425887265,0.9137792978633472,0.8904109589041097,0.9015965052764036,0.8904109589041096,0.8904109589041096,0.8904109589041096,0.770075461339499
6,infgain,minmax,gaussian_noise,noImbl,XGBClassifier_SPW24,first,0.25,0.2,42,2026-05-30 18:37:14,20260530-182225,log/stroke_prediction_v4/6/infgain/minmax__gaussian_noise__noImbl/XGBClassifier_SPW24,1780136562317_d342c02e17801374346217068,0.9187866927592956,0.5855740387237524,0.5968518518518517,0.5907246488692891,0.923924332799491,0.9187866927592954,0.921296457029492,0.9187866927592956,0.9187866927592956,0.9187866927592956,0.8049528653260447
6,infgain,minmax,gaussian_noise,noImbl,XGBClassifier_SPW24,first,0.25,0.2,126,2026-05-30 18:37:16,20260530-182225,log/stroke_prediction_v4/6/infgain/minmax__gaussian_noise__noImbl/XGBClassifier_SPW24,1780136562317_d342c02e17801374367763304,0.8904109589041096,0.5584644730567477,0.6009053497942387,0.5705882352941176,0.9219498174169232,0.8904109589041096,0.9049153908138596,0.8904109589041096,0.8904109589041096,0.8904109589041096,0.7856218915046312
6,infgain,minmax,gaussian_noise,noImbl,XGBClassifier_SPW24,first,0.25,0.2,5012,2026-05-30 18:37:18,20260530-182225,log/stroke_prediction_v4/6/infgain/minmax__gaussian_noise__noImbl/XGBClassifier_SPW24,1780136562317_d342c02e17801374388665910,0.8816046966731899,0.5334627778236801,0.5583333333333333,0.5391300783011519,0.9155899792275468,0.8816046966731899,0.8975427890151348,0.8816046966731899,0.8816046966731899,0.8816046966731899,0.7688814178051749
6,infgain,minmax,gaussian_noise,noImbl,XGBClassifier_SPW24,last,0.25,0.1,42,2026-05-30 18:37:57,20260530-182225,log/stroke_prediction_v4/6/infgain/gaussian_noise__noImbl__minmax/XGBClassifier_SPW24,1780136562317_d342c02e17801374772251990,0.9060665362035224,0.5657563025210084,0.590164609053498,0.575051975051975,0.921500106892072,0.9060665362035226,0.913406105186927,0.9060665362035224,0.9060665362035224,0.9060665362035226,0.7934374283639021
6,infgain,minmax,gaussian_noise,noImbl,XGBClassifier_SPW24,last,0.25,0.1,126,2026-05-30 18:37:59,20260530-182225,log/stroke_prediction_v4/6/infgain/gaussian_noise__noImbl__minmax/XGBClassifier_SPW24,1780136562317_d342c02e17801374792488421,0.923679060665362,0.5694366982710541,0.5614814814814814,0.5651063829787234,0.9191277669301032,0.923679060665362,0.9213607028354917,0.923679060665362,0.923679060665362,0.923679060665362,0.7974462818065408
6,infgain,minmax,gaussian_noise,noImbl,XGBClassifier_SPW24,last,0.25,0.1,5012,2026-05-30 18:38:01,20260530-182225,log/stroke_prediction_v4/6/infgain/gaussian_noise__noImbl__minmax/XGBClassifier_SPW24,1780136562317_d342c02e17801374812604572,0.9119373776908024,0.5496894409937888,0.5553086419753086,0.5522518838717215,0.9167142735593344,0.9119373776908022,0.914293396209268,0.9119373776908024,0.9119373776908024,0.9119373776908022,0.7869279787413123
6,infgain,minmax,gaussian_noise,noImbl,XGBClassifier_SPW24,last,0.25,0.2,42,2026-05-30 18:38:39,20260530-182225,log/stroke_prediction_v4/6/infgain/gaussian_noise__noImbl__minmax/XGBClassifier_SPW24,1780136562317_d342c02e17801375195128879,0.9227005870841488,0.613457634636052,0.6368518518518518,0.6237095864617851,0.9302598592551024,0.9227005870841486,0.926310796751378,0.9227005870841488,0.9227005870841488,0.9227005870841488,0.8196402268899344
6,infgain,minmax,gaussian_noise,noImbl,XGBClassifier_SPW24,last,0.25,0.2,126,2026-05-30 18:38:41,20260530-182225,log/stroke_prediction_v4/6/infgain/gaussian_noise__noImbl__minmax/XGBClassifier_SPW24,1780136562317_d342c02e17801375214939843,0.8806262230919765,0.5621755788086018,0.6242181069958848,0.5766650369404607,0.9246589047706654,0.8806262230919765,0.9002819118038529,0.8806262230919765,0.8806262230919765,0.8806262230919764,0.7848977906059526
6,infgain,minmax,gaussian_noise,noImbl,XGBClassifier_SPW24,last,0.25,0.2,5012,2026-05-30 18:38:43,20260530-182225,log/stroke_prediction_v4/6/infgain/gaussian_noise__noImbl__minmax/XGBClassifier_SPW24,1780136562317_d342c02e17801375235224881,0.8845401174168297,0.5492135913426266,0.5883333333333334,0.5592251461988303,0.9199222928299352,0.8845401174168297,0.9008429177967752,0.8845401174168297,0.8845401174168297,0.8845401174168297,0.7785731783166621
6,infgain,minmax,mixup,noImbl,BalancedRandomForest,first,0.25,0.1,42,2026-05-30 18:39:19,20260530-182225,log/stroke_prediction_v4/6/infgain/minmax__mixup__noImbl/BalancedRandomForest,1780136562317_d342c02e17801375596875641,0.6301369863013698,0.5373209651062194,0.6917283950617283,0.4648325160003325,0.9372105517507464,0.6301369863013698,0.7331612512425094,0.6301369863013698,0.6301369863013698,0.6301369863013698,0.6483798507988435
6,infgain,minmax,mixup,noImbl,BalancedRandomForest,first,0.25,0.1,126,2026-05-30 18:39:21,20260530-182225,log/stroke_prediction_v4/6/infgain/minmax__mixup__noImbl/BalancedRandomForest,1780136562317_d342c02e17801375613884285,0.6066536203522505,0.548341594189345,0.7552674897119342,0.4634399895520438,0.9495631473400824,0.6066536203522505,0.7135213675781622,0.6066536203522505,0.6066536203522505,0.6066536203522505,0.6445228748345672
6,infgain,minmax,mixup,noImbl,BalancedRandomForest,first,0.25,0.1,5012,2026-05-30 18:39:23,20260530-182225,log/stroke_prediction_v4/6/infgain/minmax__mixup__noImbl/BalancedRandomForest,1780136562317_d342c02e17801375630908390,0.589041095890411,0.5357031857031855,0.6890946502057613,0.4439896373056995,0.9387978840033632,0.589041095890411,0.7001916388672014,0.589041095890411,0.589041095890411,0.589041095890411,0.6236032017733304
6,infgain,minmax,mixup,noImbl,BalancedRandomForest,first,0.25,0.2,42,2026-05-30 18:39:55,20260530-182225,log/stroke_prediction_v4/6/infgain/minmax__mixup__noImbl/BalancedRandomForest,1780136562317_d342c02e17801375955642601,0.6095890410958904,0.5417076737885091,0.7188683127572016,0.4591538311561708,0.9429039600539292,0.6095890410958904,0.7164845613313499,0.6095890410958904,0.6095890410958904,0.6095890410958904,0.6405293699714482
6,infgain,minmax,mixup,noImbl,BalancedRandomForest,first,0.25,0.2,126,2026-05-30 18:39:57,20260530-182225,log/stroke_prediction_v4/6/infgain/minmax__mixup__noImbl/BalancedRandomForest,1780136562317_d342c02e17801375972586342,0.5909980430528375,0.5446940134411099,0.737551440329218,0.4525149688320209,0.9474517049695328,0.5909980430528375,0.700922350994653,0.5909980430528375,0.5909980430528375,0.5909980430528375,0.632384531069122
6,infgain,minmax,mixup,noImbl,BalancedRandomForest,first,0.25,0.2,5012,2026-05-30 18:39:58,20260530-182225,log/stroke_prediction_v4/6/infgain/minmax__mixup__noImbl/BalancedRandomForest,1780136562317_d342c02e17801375989441490,0.6027397260273972,0.5390981735159817,0.7057818930041152,0.4535536685068903,0.9409989366360167,0.6027397260273972,0.7111370861733837,0.6027397260273972,0.6027397260273972,0.6027397260273972,0.6343874039286113
6,infgain,minmax,mixup,noImbl,BalancedRandomForest,last,0.25,0.1,42,2026-05-30 18:40:32,20260530-182225,log/stroke_prediction_v4/6/infgain/mixup__noImbl__minmax/BalancedRandomForest,1780136562317_d342c02e17801376320995628,0.6144814090019569,0.5388086073073768,0.7024691358024692,0.4589104786476389,0.9397874760568188,0.6144814090019569,0.7206557300831885,0.6144814090019569,0.6144814090019569,0.6144814090019569,0.6408340168270732
6,infgain,minmax,mixup,noImbl,BalancedRandomForest,last,0.25,0.1,126,2026-05-30 18:40:33,20260530-182225,log/stroke_prediction_v4/6/infgain/mixup__noImbl__minmax/BalancedRandomForest,1780136562317_d342c02e17801376337991640,0.6066536203522505,0.548341594189345,0.7552674897119342,0.4634399895520438,0.9495631473400824,0.6066536203522505,0.7135213675781622,0.6066536203522505,0.6066536203522505,0.6066536203522505,0.6445228748345672
6,infgain,minmax,mixup,noImbl,BalancedRandomForest,last,0.25,0.1,5012,2026-05-30 18:40:35,20260530-182225,log/stroke_prediction_v4/6/infgain/mixup__noImbl__minmax/BalancedRandomForest,1780136562317_d342c02e17801376354941247,0.5596868884540117,0.5324415744157441,0.6736625514403292,0.42685875227437,0.9376057605977234,0.5596868884540117,0.6757765196679262,0.5596868884540117,0.5596868884540117,0.5596868884540117,0.6036410348183288
6,infgain,minmax,mixup,noImbl,BalancedRandomForest,last,0.25,0.2,42,2026-05-30 18:41:07,20260530-182225,log/stroke_prediction_v4/6/infgain/mixup__noImbl__minmax/BalancedRandomForest,1780136562317_d342c02e17801376674538698,0.6046966731898239,0.542849890659169,0.7257818930041152,0.4577679720536863,0.9444184363863788,0.6046966731898239,0.7124075631204511,0.6046966731898239,0.6046966731898239,0.6046966731898239,0.6387100215570164
6,infgain,minmax,mixup,noImbl,BalancedRandomForest,last,0.25,0.2,126,2026-05-30 18:41:09,20260530-182225,log/stroke_prediction_v4/6/infgain/mixup__noImbl__minmax/BalancedRandomForest,1780136562317_d342c02e17801376691580273,0.5949119373776908,0.5451580629149345,0.7396090534979424,0.4548701298701298,0.947553433569858,0.5949119373776908,0.7041337331943985,0.5949119373776908,0.5949119373776908,0.5949119373776908,0.635047409409029
6,infgain,minmax,mixup,noImbl,BalancedRandomForest,last,0.25,0.2,5012,2026-05-30 18:41:10,20260530-182225,log/stroke_prediction_v4/6/infgain/mixup__noImbl__minmax/BalancedRandomForest,1780136562317_d342c02e17801376708438141,0.6056751467710372,0.54121731307086,0.7168106995884773,0.4568267570843207,0.9427721959868288,0.6056751467710372,0.7133467856659143,0.6056751467710372,0.6056751467710372,0.6056751467710372,0.6378761109855665
6,infgain,minmax,mixup,noImbl,EasyEnsemble,first,0.25,0.1,42,2026-05-30 18:39:20,20260530-182225,log/stroke_prediction_v4/6/infgain/minmax__mixup__noImbl/EasyEnsemble,1780136562317_d342c02e17801375605535813,0.1232876712328767,0.5264270613107822,0.5390946502057613,0.122719887182317,0.9536621390715052,0.1232876712328766,0.1428543831290864,0.1232876712328767,0.1232876712328767,0.1232876712328767,0.291069594098666
6,infgain,minmax,mixup,noImbl,EasyEnsemble,first,0.25,0.1,126,2026-05-30 18:39:22,20260530-182225,log/stroke_prediction_v4/6/infgain/minmax__mixup__noImbl/EasyEnsemble,1780136562317_d342c02e17801375622671290,0.1135029354207436,0.5261506276150627,0.5339506172839505,0.1132856042933152,0.9536350907646832,0.1135029354207436,0.1258093105113759,0.1135029354207436,0.1135029354207436,0.1135029354207436,0.2826390449553708
6,infgain,minmax,mixup,noImbl,EasyEnsemble,first,0.25,0.1,5012,2026-05-30 18:39:23,20260530-182225,log/stroke_prediction_v4/6/infgain/minmax__mixup__noImbl/EasyEnsemble,1780136562317_d342c02e17801375639441957,0.2270058708414872,0.5233317898852703,0.5746502057613169,0.213070718176041,0.9436587088981442,0.2270058708414872,0.3075428560991397,0.2270058708414872,0.2270058708414872,0.2270058708414872,0.3730584549323451
6,infgain,minmax,mixup,noImbl,EasyEnsemble,first,0.25,0.2,42,2026-05-30 18:39:56,20260530-182225,log/stroke_prediction_v4/6/infgain/minmax__mixup__noImbl/EasyEnsemble,1780136562317_d342c02e17801375964250615,0.4138943248532289,0.5345567824316821,0.6729012345679012,0.3470484398248635,0.9496716551456144,0.4138943248532289,0.5355252165715084,0.4138943248532289,0.4138943248532289,0.4138943248532289,0.5136567456152671
6,infgain,minmax,mixup,noImbl,EasyEnsemble,first,0.25,0.2,126,2026-05-30 18:39:58,20260530-182225,log/stroke_prediction_v4/6/infgain/minmax__mixup__noImbl/EasyEnsemble,1780136562317_d342c02e17801375981252373,0.1144814090019569,0.5261780104712042,0.5344650205761317,0.1142363255905266,0.9536377701048144,0.1144814090019568,0.1275284964928038,0.1144814090019569,0.1144814090019569,0.1144814090019569,0.2834853670284973
6,infgain,minmax,mixup,noImbl,EasyEnsemble,first,0.25,0.2,5012,2026-05-30 18:39:59,20260530-182225,log/stroke_prediction_v4/6/infgain/minmax__mixup__noImbl/EasyEnsemble,1780136562317_d342c02e17801375998195650,0.3590998043052837,0.5311215397673995,0.6440946502057613,0.3106278506719064,0.948500592651796,0.3590998043052837,0.4755398110039135,0.3590998043052837,0.3590998043052837,0.3590998043052837,0.473936749235982
6,infgain,minmax,mixup,noImbl,EasyEnsemble,last,0.25,0.1,42,2026-05-30 18:40:32,20260530-182225,log/stroke_prediction_v4/6/infgain/mixup__noImbl__minmax/EasyEnsemble,1780136562317_d342c02e17801376329642202,0.1232876712328767,0.5264270613107822,0.5390946502057613,0.122719887182317,0.9536621390715052,0.1232876712328766,0.1428543831290864,0.1232876712328767,0.1232876712328767,0.1232876712328767,0.291069594098666
6,infgain,minmax,mixup,noImbl,EasyEnsemble,last,0.25,0.1,126,2026-05-30 18:40:34,20260530-182225,log/stroke_prediction_v4/6/infgain/mixup__noImbl__minmax/EasyEnsemble,1780136562317_d342c02e17801376346600223,0.0704500978473581,0.525,0.5113168724279835,0.0697518443997317,0.953522504892368,0.070450097847358,0.0467593558743196,0.0704500978473581,0.0704500978473581,0.0704500978473581,0.244640656912086
6,infgain,minmax,mixup,noImbl,EasyEnsemble,last,0.25,0.1,5012,2026-05-30 18:40:36,20260530-182225,log/stroke_prediction_v4/6/infgain/mixup__noImbl__minmax/EasyEnsemble,1780136562317_d342c02e17801376363556810,0.223091976516634,0.5230769230769231,0.5725925925925925,0.2099117870426265,0.9434205716006108,0.2230919765166339,0.3019734135201639,0.223091976516634,0.223091976516634,0.223091976516634,0.3699285794180847
6,infgain,minmax,mixup,noImbl,EasyEnsemble,last,0.25,0.2,42,2026-05-30 18:41:08,20260530-182225,log/stroke_prediction_v4/6/infgain/mixup__noImbl__minmax/EasyEnsemble,1780136562317_d342c02e17801376683195828,0.3209393346379647,0.5312331536388141,0.6335185185185185,0.28471213734792,0.950910428787695,0.3209393346379647,0.4299359456149687,0.3209393346379647,0.3209393346379647,0.3209393346379647,0.447139156394122
6,infgain,minmax,mixup,noImbl,EasyEnsemble,last,0.25,0.2,126,2026-05-30 18:41:10,20260530-182225,log/stroke_prediction_v4/6/infgain/mixup__noImbl__minmax/EasyEnsemble,1780136562317_d342c02e17801376700203265,0.1154598825831702,0.5262054507337526,0.5349794238683128,0.1151854121973643,0.953640455062011,0.1154598825831702,0.1292443952925314,0.1154598825831702,0.1154598825831702,0.1154598825831702,0.28433095712316
6,infgain,minmax,mixup,noImbl,EasyEnsemble,last,0.25,0.2,5012,2026-05-30 18:41:11,20260530-182225,log/stroke_prediction_v4/6/infgain/mixup__noImbl__minmax/EasyEnsemble,1780136562317_d342c02e17801376717120575,0.3062622309197652,0.5280427611181386,0.6163168724279835,0.2735094922272519,0.9470625333371968,0.3062622309197652,0.4126708981005107,0.3062622309197652,0.3062622309197652,0.3062622309197652,0.4345741676054022
6,infgain,minmax,mixup,noImbl,XGBClassifier_SPW24,first,0.25,0.1,42,2026-05-30 18:39:19,20260530-182225,log/stroke_prediction_v4/6/infgain/minmax__mixup__noImbl/XGBClassifier_SPW24,1780136562317_d342c02e17801375591283654,0.9119373776908024,0.5840732519422863,0.6122222222222222,0.5952795818153017,0.9252591706106066,0.9119373776908024,0.918242510794518,0.9119373776908024,0.9119373776908024,0.9119373776908022,0.8039587294453052
6,infgain,minmax,mixup,noImbl,XGBClassifier_SPW24,first,0.25,0.1,126,2026-05-30 18:39:20,20260530-182225,log/stroke_prediction_v4/6/infgain/minmax__mixup__noImbl/XGBClassifier_SPW24,1780136562317_d342c02e17801375608320107,0.913894324853229,0.5199126870990735,0.5183950617283951,0.5190793976728268,0.910505235496204,0.913894324853229,0.9121888608049336,0.913894324853229,0.913894324853229,0.913894324853229,0.7751292671453227
6,infgain,minmax,mixup,noImbl,XGBClassifier_SPW24,first,0.25,0.1,5012,2026-05-30 18:39:22,20260530-182225,log/stroke_prediction_v4/6/infgain/minmax__mixup__noImbl/XGBClassifier_SPW24,1780136562317_d342c02e17801375625393576,0.898238747553816,0.5224419931532902,0.5291358024691357,0.524753183574188,0.9117505409704642,0.898238747553816,0.9048345191031252,0.898238747553816,0.898238747553816,0.898238747553816,0.7700664880824123
6,infgain,minmax,mixup,noImbl,XGBClassifier_SPW24,first,0.25,0.2,42,2026-05-30 18:39:55,20260530-182225,log/stroke_prediction_v4/6/infgain/minmax__mixup__noImbl/XGBClassifier_SPW24,1780136562317_d342c02e17801375950219522,0.9119373776908024,0.5739170146137786,0.5932510288065844,0.5819470957185711,0.9225241452144676,0.9119373776908024,0.917025333580242,0.9119373776908024,0.9119373776908024,0.9119373776908022,0.7985900343346258
6,infgain,minmax,mixup,noImbl,XGBClassifier_SPW24,first,0.25,0.2,126,2026-05-30 18:39:56,20260530-182225,log/stroke_prediction_v4/6/infgain/minmax__mixup__noImbl/XGBClassifier_SPW24,1780136562317_d342c02e17801375967051533,0.8747553816046967,0.5338503253796096,0.5642181069958848,0.5395424146427314,0.916228016181958,0.8747553816046967,0.8939763086093966,0.8747553816046967,0.8747553816046967,0.8747553816046967,0.766359605985443
6,infgain,minmax,mixup,noImbl,XGBClassifier_SPW24,first,0.25,0.2,5012,2026-05-30 18:39:58,20260530-182225,log/stroke_prediction_v4/6/infgain/minmax__mixup__noImbl/XGBClassifier_SPW24,1780136562317_d342c02e17801375984055365,0.8913894324853229,0.5503107539707451,0.5824485596707819,0.559816075897794,0.9194123286074124,0.8913894324853229,0.9044729358455974,0.8913894324853229,0.8913894324853229,0.8913894324853229,0.7814162889805317
6,infgain,minmax,mixup,noImbl,XGBClassifier_SPW24,last,0.25,0.1,42,2026-05-30 18:40:31,20260530-182225,log/stroke_prediction_v4/6/infgain/mixup__noImbl__minmax/XGBClassifier_SPW24,1780136562317_d342c02e17801376315491752,0.9060665362035224,0.5548370736655255,0.5711934156378601,0.5613106309915581,0.9186950112610686,0.9060665362035224,0.9121549407105772,0.9060665362035224,0.9060665362035224,0.9060665362035226,0.7879190002931745
6,infgain,minmax,mixup,noImbl,XGBClassifier_SPW24,last,0.25,0.1,126,2026-05-30 18:40:33,20260530-182225,log/stroke_prediction_v4/6/infgain/mixup__noImbl__minmax/XGBClassifier_SPW24,1780136562317_d342c02e17801376332434503,0.9158512720156556,0.5552735923869945,0.5573662551440329,0.5562892510248179,0.9174224165892012,0.9158512720156556,0.916632928583027,0.9158512720156556,0.9158512720156556,0.9158512720156556,0.7902850621594616
6,infgain,minmax,mixup,noImbl,XGBClassifier_SPW24,last,0.25,0.1,5012,2026-05-30 18:40:34,20260530-182225,log/stroke_prediction_v4/6/infgain/mixup__noImbl__minmax/XGBClassifier_SPW24,1780136562317_d342c02e17801376349365132,0.9041095890410958,0.5405793319415448,0.5511934156378601,0.5447868375602218,0.915495324162782,0.9041095890410958,0.9096498076762636,0.9041095890410958,0.9041095890410958,0.9041095890410958,0.7805361395761297
6,infgain,minmax,mixup,noImbl,XGBClassifier_SPW24,last,0.25,0.2,42,2026-05-30 18:41:06,20260530-182225,log/stroke_prediction_v4/6/infgain/mixup__noImbl__minmax/XGBClassifier_SPW24,1780136562317_d342c02e17801376668984893,0.9021526418786692,0.5751725053078556,0.6165637860082304,0.5892613133992444,0.92491228015506,0.9021526418786692,0.9126758928364974,0.9021526418786692,0.9021526418786692,0.9021526418786692,0.7978164948339432
6,infgain,minmax,mixup,noImbl,XGBClassifier_SPW24,last,0.25,0.2,126,2026-05-30 18:41:08,20260530-182225,log/stroke_prediction_v4/6/infgain/mixup__noImbl__minmax/XGBClassifier_SPW24,1780136562317_d342c02e17801376686055777,0.8845401174168297,0.5575912183055041,0.6073045267489712,0.5702332078914357,0.9225390209455068,0.8845401174168297,0.9018018241184532,0.8845401174168297,0.8845401174168297,0.8845401174168297,0.7833647783682133
6,infgain,minmax,mixup,noImbl,XGBClassifier_SPW24,last,0.25,0.2,5012,2026-05-30 18:41:10,20260530-182225,log/stroke_prediction_v4/6/infgain/mixup__noImbl__minmax/XGBClassifier_SPW24,1780136562317_d342c02e17801376703043222,0.8708414872798435,0.5272804774083546,0.5526748971193416,0.5309057527539779,0.9145216156742626,0.8708414872798436,0.8911594852055272,0.8708414872798435,0.8708414872798435,0.8708414872798435,0.7610940796260588
6,infgain,minmax,noAug,noImbl,BalancedRandomForest,first,0.25,0.1,42,2026-05-30 18:41:41,20260530-182225,log/stroke_prediction_v4/6/infgain/minmax__noAug__noImbl/BalancedRandomForest,1780136562317_d342c02e17801377015904202,0.62426614481409,0.5365375418460067,0.6886419753086419,0.4613965744400526,0.936962155393397,0.62426614481409,0.728595406975395,0.62426614481409,0.62426614481409,0.62426614481409,0.6444194223927575
6,infgain,minmax,noAug,noImbl,BalancedRandomForest,first,0.25,0.1,126,2026-05-30 18:41:43,20260530-182225,log/stroke_prediction_v4/6/infgain/minmax__noAug__noImbl/BalancedRandomForest,1780136562317_d342c02e17801377030888943,0.5968688845401174,0.5471396661909784,0.7501234567901235,0.4575036075036075,0.9493356251199796,0.5968688845401174,0.7055630388311406,0.5968688845401174,0.5968688845401174,0.5968688845401174,0.6378674255763672
6,infgain,minmax,noAug,noImbl,BalancedRandomForest,first,0.25,0.1,5012,2026-05-30 18:41:44,20260530-182225,log/stroke_prediction_v4/6/infgain/minmax__noAug__noImbl/BalancedRandomForest,1780136562317_d342c02e17801377045890230,0.5636007827788649,0.5328592975651799,0.6757201646090536,0.4291418065595615,0.9377685742368602,0.5636007827788649,0.6790836938059279,0.5636007827788649,0.5636007827788649,0.5636007827788649,0.6063089418074787
6,infgain,minmax,noAug,noImbl,BalancedRandomForest,first,0.25,0.2,42,2026-05-30 18:42:13,20260530-182225,log/stroke_prediction_v4/6/infgain/minmax__noAug__noImbl/BalancedRandomForest,1780136562317_d342c02e17801377330259184,0.6125244618395304,0.5420804525455688,0.7204115226337449,0.4609015345268542,0.9430025301321892,0.6125244618395304,0.7188283592174213,0.6125244618395304,0.6125244618395304,0.6125244618395304,0.6425187193286035
6,infgain,minmax,noAug,noImbl,BalancedRandomForest,first,0.25,0.2,126,2026-05-30 18:42:14,20260530-182225,log/stroke_prediction_v4/6/infgain/minmax__noAug__noImbl/BalancedRandomForest,1780136562317_d342c02e17801377345495366,0.5821917808219178,0.5454238751990499,0.7424074074074074,0.4486319845857417,0.9489954107262422,0.5821917808219178,0.6934473566130862,0.5821917808219178,0.5821917808219178,0.5821917808219178,0.6278712828418611
6,infgain,minmax,noAug,noImbl,BalancedRandomForest,first,0.25,0.2,5012,2026-05-30 18:42:16,20260530-182225,log/stroke_prediction_v4/6/infgain/minmax__noAug__noImbl/BalancedRandomForest,1780136562317_d342c02e17801377360375915,0.5880626223091977,0.5390991724325057,0.707551440329218,0.4463911888264849,0.9421732865959872,0.5880626223091977,0.699043145637048,0.5880626223091977,0.5880626223091977,0.5880626223091977,0.62592258902898
6,infgain,minmax,noAug,noImbl,BalancedRandomForest,last,0.25,0.1,42,2026-05-30 18:42:44,20260530-182225,log/stroke_prediction_v4/6/infgain/noAug__noImbl__minmax/BalancedRandomForest,1780136562317_d342c02e17801377649258519,0.62426614481409,0.5365375418460067,0.6886419753086419,0.4613965744400526,0.936962155393397,0.62426614481409,0.728595406975395,0.62426614481409,0.62426614481409,0.62426614481409,0.6444194223927575
6,infgain,minmax,noAug,noImbl,BalancedRandomForest,last,0.25,0.1,126,2026-05-30 18:42:46,20260530-182225,log/stroke_prediction_v4/6/infgain/noAug__noImbl__minmax/BalancedRandomForest,1780136562317_d342c02e17801377663915663,0.5968688845401174,0.5471396661909784,0.7501234567901235,0.4575036075036075,0.9493356251199796,0.5968688845401174,0.7055630388311406,0.5968688845401174,0.5968688845401174,0.5968688845401174,0.6378674255763672
6,infgain,minmax,noAug,noImbl,BalancedRandomForest,last,0.25,0.1,5012,2026-05-30 18:42:47,20260530-182225,log/stroke_prediction_v4/6/infgain/noAug__noImbl__minmax/BalancedRandomForest,1780136562317_d342c02e17801377678732808,0.5636007827788649,0.5328592975651799,0.6757201646090536,0.4291418065595615,0.9377685742368602,0.5636007827788649,0.6790836938059279,0.5636007827788649,0.5636007827788649,0.5636007827788649,0.6063089418074787
6,infgain,minmax,noAug,noImbl,BalancedRandomForest,last,0.25,0.2,42,2026-05-30 18:43:16,20260530-182225,log/stroke_prediction_v4/6/infgain/noAug__noImbl__minmax/BalancedRandomForest,1780136562317_d342c02e17801377963025089,0.6125244618395304,0.5420804525455688,0.7204115226337449,0.4609015345268542,0.9430025301321892,0.6125244618395304,0.7188283592174213,0.6125244618395304,0.6125244618395304,0.6125244618395304,0.6425187193286035
6,infgain,minmax,noAug,noImbl,BalancedRandomForest,last,0.25,0.2,126,2026-05-30 18:43:17,20260530-182225,log/stroke_prediction_v4/6/infgain/noAug__noImbl__minmax/BalancedRandomForest,1780136562317_d342c02e17801377977914988,0.5821917808219178,0.5454238751990499,0.7424074074074074,0.4486319845857417,0.9489954107262422,0.5821917808219178,0.6934473566130862,0.5821917808219178,0.5821917808219178,0.5821917808219178,0.6278712828418611
6,infgain,minmax,noAug,noImbl,BalancedRandomForest,last,0.25,0.2,5012,2026-05-30 18:43:19,20260530-182225,log/stroke_prediction_v4/6/infgain/noAug__noImbl__minmax/BalancedRandomForest,1780136562317_d342c02e17801377992818483,0.5880626223091977,0.5390991724325057,0.707551440329218,0.4463911888264849,0.9421732865959872,0.5880626223091977,0.699043145637048,0.5880626223091977,0.5880626223091977,0.5880626223091977,0.62592258902898
6,infgain,minmax,noAug,noImbl,EasyEnsemble,first,0.25,0.1,42,2026-05-30 18:41:42,20260530-182225,log/stroke_prediction_v4/6/infgain/minmax__noAug__noImbl/EasyEnsemble,1780136562317_d342c02e17801377023844585,0.0821917808219178,0.5253036437246964,0.5174897119341564,0.0819667735398782,0.9535522156286396,0.0821917808219177,0.0690007289123494,0.0821917808219178,0.0821917808219178,0.0821917808219178,0.2551563948253504
6,infgain,minmax,noAug,noImbl,EasyEnsemble,first,0.25,0.1,126,2026-05-30 18:41:43,20260530-182225,log/stroke_prediction_v4/6/infgain/minmax__noAug__noImbl/EasyEnsemble,1780136562317_d342c02e17801377038818762,0.0626223091976516,0.5248015873015873,0.507201646090535,0.0614577621675095,0.9535030907340104,0.0626223091976516,0.0316324187844265,0.0626223091976516,0.0626223091976516,0.0626223091976516,0.2375630832344643
6,infgain,minmax,noAug,noImbl,EasyEnsemble,first,0.25,0.1,5012,2026-05-30 18:41:45,20260530-182225,log/stroke_prediction_v4/6/infgain/minmax__noAug__noImbl/EasyEnsemble,1780136562317_d342c02e17801377053650411,0.1565557729941291,0.5176597882371127,0.5376131687242798,0.1532351391980683,0.9369770452321136,0.1565557729941291,0.2010730198225684,0.1565557729941291,0.1565557729941291,0.1565557729941291,0.3149935332700977
6,infgain,minmax,noAug,noImbl,EasyEnsemble,first,0.25,0.2,42,2026-05-30 18:42:13,20260530-182225,log/stroke_prediction_v4/6/infgain/minmax__noAug__noImbl/EasyEnsemble,1780136562317_d342c02e17801377338263572,0.3140900195694716,0.5308787785423299,0.629917695473251,0.2798005539052329,0.9507931394099252,0.3140900195694716,0.4215713491627578,0.3140900195694716,0.3140900195694716,0.3140900195694716,0.4420007546305379
6,infgain,minmax,noAug,noImbl,EasyEnsemble,first,0.25,0.2,126,2026-05-30 18:42:15,20260530-182225,log/stroke_prediction_v4/6/infgain/minmax__noAug__noImbl/EasyEnsemble,1780136562317_d342c02e17801377353418359,0.0694716242661448,0.5249750249750249,0.5108024691358024,0.068721775549685,0.9535200611521552,0.0694716242661447,0.0448817577367242,0.0694716242661448,0.0694716242661448,0.0694716242661448,0.2437589352257174
6,infgain,minmax,noAug,noImbl,EasyEnsemble,first,0.25,0.2,5012,2026-05-30 18:42:16,20260530-182225,log/stroke_prediction_v4/6/infgain/minmax__noAug__noImbl/EasyEnsemble,1780136562317_d342c02e17801377368180365,0.3590998043052837,0.5311215397673995,0.6440946502057613,0.3106278506719064,0.948500592651796,0.3590998043052837,0.4755398110039135,0.3590998043052837,0.3590998043052837,0.3590998043052837,0.473936749235982
6,infgain,minmax,noAug,noImbl,EasyEnsemble,last,0.25,0.1,42,2026-05-30 18:42:45,20260530-182225,log/stroke_prediction_v4/6/infgain/noAug__noImbl__minmax/EasyEnsemble,1780136562317_d342c02e17801377656980037,0.0821917808219178,0.5253036437246964,0.5174897119341564,0.0819667735398782,0.9535522156286396,0.0821917808219177,0.0690007289123494,0.0821917808219178,0.0821917808219178,0.0821917808219178,0.2551563948253504
6,infgain,minmax,noAug,noImbl,EasyEnsemble,last,0.25,0.1,126,2026-05-30 18:42:47,20260530-182225,log/stroke_prediction_v4/6/infgain/noAug__noImbl__minmax/EasyEnsemble,1780136562317_d342c02e17801377671773882,0.0626223091976516,0.5248015873015873,0.507201646090535,0.0614577621675095,0.9535030907340104,0.0626223091976516,0.0316324187844265,0.0626223091976516,0.0626223091976516,0.0626223091976516,0.2375630832344643
6,infgain,minmax,noAug,noImbl,EasyEnsemble,last,0.25,0.1,5012,2026-05-30 18:42:48,20260530-182225,log/stroke_prediction_v4/6/infgain/noAug__noImbl__minmax/EasyEnsemble,1780136562317_d342c02e17801377686597540,0.1565557729941291,0.5176597882371127,0.5376131687242798,0.1532351391980683,0.9369770452321136,0.1565557729941291,0.2010730198225684,0.1565557729941291,0.1565557729941291,0.1565557729941291,0.3149935332700977
6,infgain,minmax,noAug,noImbl,EasyEnsemble,last,0.25,0.2,42,2026-05-30 18:43:17,20260530-182225,log/stroke_prediction_v4/6/infgain/noAug__noImbl__minmax/EasyEnsemble,1780136562317_d342c02e17801377970790401,0.3140900195694716,0.5308787785423299,0.629917695473251,0.2798005539052329,0.9507931394099252,0.3140900195694716,0.4215713491627578,0.3140900195694716,0.3140900195694716,0.3140900195694716,0.4420007546305379
6,infgain,minmax,noAug,noImbl,EasyEnsemble,last,0.25,0.2,126,2026-05-30 18:43:18,20260530-182225,log/stroke_prediction_v4/6/infgain/noAug__noImbl__minmax/EasyEnsemble,1780136562317_d342c02e17801377985799123,0.0694716242661448,0.5249750249750249,0.5108024691358024,0.068721775549685,0.9535200611521552,0.0694716242661447,0.0448817577367242,0.0694716242661448,0.0694716242661448,0.0694716242661448,0.2437589352257174
6,infgain,minmax,noAug,noImbl,EasyEnsemble,last,0.25,0.2,5012,2026-05-30 18:43:20,20260530-182225,log/stroke_prediction_v4/6/infgain/noAug__noImbl__minmax/EasyEnsemble,1780136562317_d342c02e17801378001075599,0.3590998043052837,0.5311215397673995,0.6440946502057613,0.3106278506719064,0.948500592651796,0.3590998043052837,0.4755398110039135,0.3590998043052837,0.3590998043052837,0.3590998043052837,0.473936749235982
6,infgain,minmax,noAug,noImbl,XGBClassifier_SPW24,first,0.25,0.1,42,2026-05-30 18:41:41,20260530-182225,log/stroke_prediction_v4/6/infgain/minmax__noAug__noImbl/XGBClassifier_SPW24,1780136562317_d342c02e17801377011380957,0.9060665362035224,0.5657563025210084,0.590164609053498,0.575051975051975,0.921500106892072,0.9060665362035226,0.913406105186927,0.9060665362035224,0.9060665362035224,0.9060665362035226,0.7934374283639021
6,infgain,minmax,noAug,noImbl,XGBClassifier_SPW24,first,0.25,0.1,126,2026-05-30 18:41:42,20260530-182225,log/stroke_prediction_v4/6/infgain/minmax__noAug__noImbl/XGBClassifier_SPW24,1780136562317_d342c02e17801377026335264,0.913894324853229,0.5373662551440329,0.5373662551440329,0.5373662551440329,0.913894324853229,0.913894324853229,0.913894324853229,0.913894324853229,0.913894324853229,0.913894324853229,0.7821095004550102
6,infgain,minmax,noAug,noImbl,XGBClassifier_SPW24,first,0.25,0.1,5012,2026-05-30 18:41:44,20260530-182225,log/stroke_prediction_v4/6/infgain/minmax__noAug__noImbl/XGBClassifier_SPW24,1780136562317_d342c02e17801377041276599,0.9119373776908024,0.5496894409937888,0.5553086419753086,0.5522518838717215,0.9167142735593344,0.9119373776908022,0.914293396209268,0.9119373776908024,0.9119373776908024,0.9119373776908022,0.7869279787413123
6,infgain,minmax,noAug,noImbl,XGBClassifier_SPW24,first,0.25,0.2,42,2026-05-30 18:42:12,20260530-182225,log/stroke_prediction_v4/6/infgain/minmax__noAug__noImbl/XGBClassifier_SPW24,1780136562317_d342c02e17801377325797854,0.913894324853229,0.5822514352818372,0.6037654320987654,0.5912371602581583,0.9242813504773888,0.913894324853229,0.9188692150562368,0.913894324853229,0.913894324853229,0.913894324853229,0.8031035080242497
6,infgain,minmax,noAug,noImbl,XGBClassifier_SPW24,first,0.25,0.2,126,2026-05-30 18:42:14,20260530-182225,log/stroke_prediction_v4/6/infgain/minmax__noAug__noImbl/XGBClassifier_SPW24,1780136562317_d342c02e17801377340937404,0.8933463796477495,0.5655129641003408,0.6119341563786008,0.5793047451802338,0.9236437806106618,0.8933463796477495,0.9072168482142652,0.8933463796477495,0.8933463796477495,0.8933463796477495,0.7904258809772349
6,infgain,minmax,noAug,noImbl,XGBClassifier_SPW24,first,0.25,0.2,5012,2026-05-30 18:42:15,20260530-182225,log/stroke_prediction_v4/6/infgain/minmax__noAug__noImbl/XGBClassifier_SPW24,1780136562317_d342c02e17801377355930832,0.8884540117416829,0.5431201550387597,0.5714197530864198,0.5510081391046985,0.9177058207800484,0.888454011741683,0.9021651307201608,0.8884540117416829,0.8884540117416829,0.8884540117416829,0.7765821680609246
6,infgain,minmax,noAug,noImbl,XGBClassifier_SPW24,last,0.25,0.1,42,2026-05-30 18:42:44,20260530-182225,log/stroke_prediction_v4/6/infgain/noAug__noImbl__minmax/XGBClassifier_SPW24,1780136562317_d342c02e17801377644736640,0.9060665362035224,0.5657563025210084,0.590164609053498,0.575051975051975,0.921500106892072,0.9060665362035226,0.913406105186927,0.9060665362035224,0.9060665362035224,0.9060665362035226,0.7934374283639021
6,infgain,minmax,noAug,noImbl,XGBClassifier_SPW24,last,0.25,0.1,126,2026-05-30 18:42:45,20260530-182225,log/stroke_prediction_v4/6/infgain/noAug__noImbl__minmax/XGBClassifier_SPW24,1780136562317_d342c02e17801377659413963,0.913894324853229,0.5373662551440329,0.5373662551440329,0.5373662551440329,0.913894324853229,0.913894324853229,0.913894324853229,0.913894324853229,0.913894324853229,0.913894324853229,0.7821095004550102
6,infgain,minmax,noAug,noImbl,XGBClassifier_SPW24,last,0.25,0.1,5012,2026-05-30 18:42:47,20260530-182225,log/stroke_prediction_v4/6/infgain/noAug__noImbl__minmax/XGBClassifier_SPW24,1780136562317_d342c02e17801377674213869,0.9119373776908024,0.5496894409937888,0.5553086419753086,0.5522518838717215,0.9167142735593344,0.9119373776908022,0.914293396209268,0.9119373776908024,0.9119373776908024,0.9119373776908022,0.7869279787413123
6,infgain,minmax,noAug,noImbl,XGBClassifier_SPW24,last,0.25,0.2,42,2026-05-30 18:43:15,20260530-182225,log/stroke_prediction_v4/6/infgain/noAug__noImbl__minmax/XGBClassifier_SPW24,1780136562317_d342c02e17801377958582406,0.913894324853229,0.5822514352818372,0.6037654320987654,0.5912371602581583,0.9242813504773888,0.913894324853229,0.9188692150562368,0.913894324853229,0.913894324853229,0.913894324853229,0.8031035080242497
6,infgain,minmax,noAug,noImbl,XGBClassifier_SPW24,last,0.25,0.2,126,2026-05-30 18:43:17,20260530-182225,log/stroke_prediction_v4/6/infgain/noAug__noImbl__minmax/XGBClassifier_SPW24,1780136562317_d342c02e17801377973378923,0.8933463796477495,0.5655129641003408,0.6119341563786008,0.5793047451802338,0.9236437806106618,0.8933463796477495,0.9072168482142652,0.8933463796477495,0.8933463796477495,0.8933463796477495,0.7904258809772349
6,infgain,minmax,noAug,noImbl,XGBClassifier_SPW24,last,0.25,0.2,5012,2026-05-30 18:43:18,20260530-182225,log/stroke_prediction_v4/6/infgain/noAug__noImbl__minmax/XGBClassifier_SPW24,1780136562317_d342c02e17801377988329066,0.8884540117416829,0.5431201550387597,0.5714197530864198,0.5510081391046985,0.9177058207800484,0.888454011741683,0.9021651307201608,0.8884540117416829,0.8884540117416829,0.8884540117416829,0.7765821680609246
6,infgain,standard,gaussian_noise,noImbl,BalancedRandomForest,first,0.25,0.1,42,2026-05-30 18:43:53,20260530-182225,log/stroke_prediction_v4/6/infgain/standard__gaussian_noise__noImbl/BalancedRandomForest,1780136562317_d342c02e17801378331570217,0.6771037181996086,0.5480026854649211,0.7353909465020576,0.4965817834432934,0.942145573482742,0.6771037181996086,0.768544567504278,0.6771037181996086,0.6771037181996086,0.6771037181996086,0.683164360466951
6,infgain,standard,gaussian_noise,noImbl,BalancedRandomForest,first,0.25,0.1,126,2026-05-30 18:43:55,20260530-182225,log/stroke_prediction_v4/6/infgain/standard__gaussian_noise__noImbl/BalancedRandomForest,1780136562317_d342c02e17801378351739925,0.675146771037182,0.5584109064501221,0.791275720164609,0.5060214302352667,0.9512228303525644,0.675146771037182,0.7667798988295239,0.675146771037182,0.675146771037182,0.675146771037182,0.6910698534713209
6,infgain,standard,gaussian_noise,noImbl,BalancedRandomForest,first,0.25,0.1,5012,2026-05-30 18:43:57,20260530-182225,log/stroke_prediction_v4/6/infgain/standard__gaussian_noise__noImbl/BalancedRandomForest,1780136562317_d342c02e17801378371794415,0.6516634050880626,0.5367494824016563,0.6840740740740741,0.4739636346812251,0.9350601467507792,0.6516634050880626,0.7497871840332524,0.6516634050880626,0.6516634050880626,0.6516634050880626,0.6598163551650476
6,infgain,standard,gaussian_noise,noImbl,BalancedRandomForest,first,0.25,0.2,42,2026-05-30 18:44:35,20260530-182225,log/stroke_prediction_v4/6/infgain/standard__gaussian_noise__noImbl/BalancedRandomForest,1780136562317_d342c02e17801378754165350,0.6565557729941291,0.5500437445319335,0.7530452674897119,0.4891884618068262,0.94602797937929,0.6565557729941291,0.7529707881567294,0.6565557729941291,0.6565557729941291,0.6565557729941291,0.6738578958322785
6,infgain,standard,gaussian_noise,noImbl,BalancedRandomForest,first,0.25,0.2,126,2026-05-30 18:44:37,20260530-182225,log/stroke_prediction_v4/6/infgain/standard__gaussian_noise__noImbl/BalancedRandomForest,1780136562317_d342c02e17801378774124429,0.6604696673189824,0.5577251227094572,0.7930452674897119,0.4983414035191951,0.9524354149177164,0.6604696673189824,0.7556258428021622,0.6604696673189824,0.6604696673189824,0.6604696673189824,0.6826035343874849
6,infgain,standard,gaussian_noise,noImbl,BalancedRandomForest,first,0.25,0.2,5012,2026-05-30 18:44:39,20260530-182225,log/stroke_prediction_v4/6/infgain/standard__gaussian_noise__noImbl/BalancedRandomForest,1780136562317_d342c02e17801378793913703,0.6702544031311155,0.5486642844988939,0.741275720164609,0.4941597209473104,0.9434040358330776,0.6702544031311155,0.7634122864091151,0.6702544031311155,0.6702544031311155,0.6702544031311155,0.680071966405568
6,infgain,standard,gaussian_noise,noImbl,BalancedRandomForest,last,0.25,0.1,42,2026-05-30 18:45:18,20260530-182225,log/stroke_prediction_v4/6/infgain/gaussian_noise__noImbl__standard/BalancedRandomForest,1780136562317_d342c02e17801379185959206,0.6712328767123288,0.5470228575236572,0.7323045267489712,0.4929597429597429,0.9419250564614337,0.6712328767123288,0.7641937847417299,0.6712328767123288,0.6712328767123288,0.6712328767123288,0.6791914239135586
6,infgain,standard,gaussian_noise,noImbl,BalancedRandomForest,last,0.25,0.1,126,2026-05-30 18:45:20,20260530-182225,log/stroke_prediction_v4/6/infgain/gaussian_noise__noImbl__standard/BalancedRandomForest,1780136562317_d342c02e17801379207001547,0.6790606653620352,0.5590946774995855,0.7933333333333333,0.5085385878489327,0.9513239002271696,0.6790606653620352,0.7697036301530532,0.6790606653620352,0.6790606653620352,0.6790606653620352,0.6937357899511205
6,infgain,standard,gaussian_noise,noImbl,BalancedRandomForest,last,0.25,0.1,5012,2026-05-30 18:45:22,20260530-182225,log/stroke_prediction_v4/6/infgain/gaussian_noise__noImbl__standard/BalancedRandomForest,1780136562317_d342c02e17801379227031110,0.6536203522504892,0.5406542056074766,0.7040740740740741,0.4787066655139621,0.938191561351208,0.6536203522504892,0.751122914113756,0.6536203522504892,0.6536203522504892,0.6536203522504892,0.6642145619476293
6,infgain,standard,gaussian_noise,noImbl,BalancedRandomForest,last,0.25,0.2,42,2026-05-30 18:46:01,20260530-182225,log/stroke_prediction_v4/6/infgain/gaussian_noise__noImbl__standard/BalancedRandomForest,1780136562317_d342c02e17801379613067138,0.6594911937377691,0.5505036899164054,0.7545884773662551,0.4910038068523341,0.9461197470947412,0.6594911937377691,0.7551966141794957,0.6594911937377691,0.6594911937377691,0.6594911937377691,0.6758477320876222
6,infgain,standard,gaussian_noise,noImbl,BalancedRandomForest,last,0.25,0.2,126,2026-05-30 18:46:03,20260530-182225,log/stroke_prediction_v4/6/infgain/gaussian_noise__noImbl__standard/BalancedRandomForest,1780136562317_d342c02e17801379633180137,0.6761252446183953,0.5585805342928076,0.7917901234567901,0.5066495742201571,0.9512480086413286,0.6761252446183953,0.7675119583723702,0.6761252446183953,0.6761252446183953,0.6761252446183953,0.6917361943753297
6,infgain,standard,gaussian_noise,noImbl,BalancedRandomForest,last,0.25,0.2,5012,2026-05-30 18:46:05,20260530-182225,log/stroke_prediction_v4/6/infgain/gaussian_noise__noImbl__standard/BalancedRandomForest,1780136562317_d342c02e17801379653585533,0.6966731898238747,0.5514921511126445,0.745679012345679,0.5088518897466903,0.9428866472873648,0.6966731898238747,0.7828570142263804,0.6966731898238747,0.6966731898238747,0.6966731898238747,0.6964313926000792
6,infgain,standard,gaussian_noise,noImbl,EasyEnsemble,first,0.25,0.1,42,2026-05-30 18:43:54,20260530-182225,log/stroke_prediction_v4/6/infgain/standard__gaussian_noise__noImbl/EasyEnsemble,1780136562317_d342c02e17801378341671071,0.0489236790606653,0.0244618395303326,0.5,0.0466417910447761,0.0023935263728309,0.0489236790606653,0.0045637760317784,0.0489236790606653,0.0489236790606653,0.0489236790606653,0.0799358432760656
6,infgain,standard,gaussian_noise,noImbl,EasyEnsemble,first,0.25,0.1,126,2026-05-30 18:43:56,20260530-182225,log/stroke_prediction_v4/6/infgain/standard__gaussian_noise__noImbl/EasyEnsemble,1780136562317_d342c02e17801378361702082,0.0489236790606653,0.0244618395303326,0.5,0.0466417910447761,0.0023935263728309,0.0489236790606653,0.0045637760317784,0.0489236790606653,0.0489236790606653,0.0489236790606653,0.0799358432760656
6,infgain,standard,gaussian_noise,noImbl,EasyEnsemble,first,0.25,0.1,5012,2026-05-30 18:43:58,20260530-182225,log/stroke_prediction_v4/6/infgain/standard__gaussian_noise__noImbl/EasyEnsemble,1780136562317_d342c02e17801378381910089,0.0489236790606653,0.0244618395303326,0.5,0.0466417910447761,0.0023935263728309,0.0489236790606653,0.0045637760317784,0.0489236790606653,0.0489236790606653,0.0489236790606653,0.0799358432760656
6,infgain,standard,gaussian_noise,noImbl,EasyEnsemble,first,0.25,0.2,42,2026-05-30 18:44:36,20260530-182225,log/stroke_prediction_v4/6/infgain/standard__gaussian_noise__noImbl/EasyEnsemble,1780136562317_d342c02e17801378764131981,0.0489236790606653,0.0244618395303326,0.5,0.0466417910447761,0.0023935263728309,0.0489236790606653,0.0045637760317784,0.0489236790606653,0.0489236790606653,0.0489236790606653,0.0799358432760656
6,infgain,standard,gaussian_noise,noImbl,EasyEnsemble,first,0.25,0.2,126,2026-05-30 18:44:38,20260530-182225,log/stroke_prediction_v4/6/infgain/standard__gaussian_noise__noImbl/EasyEnsemble,1780136562317_d342c02e17801378784230266,0.0489236790606653,0.0244618395303326,0.5,0.0466417910447761,0.0023935263728309,0.0489236790606653,0.0045637760317784,0.0489236790606653,0.0489236790606653,0.0489236790606653,0.0799358432760656
6,infgain,standard,gaussian_noise,noImbl,EasyEnsemble,first,0.25,0.2,5012,2026-05-30 18:44:40,20260530-182225,log/stroke_prediction_v4/6/infgain/standard__gaussian_noise__noImbl/EasyEnsemble,1780136562317_d342c02e17801378803914051,0.0567514677103718,0.52465483234714,0.5041152263374485,0.0551557465091299,0.9534887311494268,0.0567514677103717,0.0201258668056778,0.0567514677103718,0.0567514677103718,0.0567514677103718,0.2322187080647713
6,infgain,standard,gaussian_noise,noImbl,EasyEnsemble,last,0.25,0.1,42,2026-05-30 18:45:19,20260530-182225,log/stroke_prediction_v4/6/infgain/gaussian_noise__noImbl__standard/EasyEnsemble,1780136562317_d342c02e17801379195927511,0.0489236790606653,0.0244618395303326,0.5,0.0466417910447761,0.0023935263728309,0.0489236790606653,0.0045637760317784,0.0489236790606653,0.0489236790606653,0.0489236790606653,0.0799358432760656
6,infgain,standard,gaussian_noise,noImbl,EasyEnsemble,last,0.25,0.1,126,2026-05-30 18:45:21,20260530-182225,log/stroke_prediction_v4/6/infgain/gaussian_noise__noImbl__standard/EasyEnsemble,1780136562317_d342c02e17801379216941653,0.0489236790606653,0.0244618395303326,0.5,0.0466417910447761,0.0023935263728309,0.0489236790606653,0.0045637760317784,0.0489236790606653,0.0489236790606653,0.0489236790606653,0.0799358432760656
6,infgain,standard,gaussian_noise,noImbl,EasyEnsemble,last,0.25,0.1,5012,2026-05-30 18:45:23,20260530-182225,log/stroke_prediction_v4/6/infgain/gaussian_noise__noImbl__standard/EasyEnsemble,1780136562317_d342c02e17801379237115853,0.0489236790606653,0.0244618395303326,0.5,0.0466417910447761,0.0023935263728309,0.0489236790606653,0.0045637760317784,0.0489236790606653,0.0489236790606653,0.0489236790606653,0.0799358432760656
6,infgain,standard,gaussian_noise,noImbl,EasyEnsemble,last,0.25,0.2,42,2026-05-30 18:46:02,20260530-182225,log/stroke_prediction_v4/6/infgain/gaussian_noise__noImbl__standard/EasyEnsemble,1780136562317_d342c02e17801379623107325,0.0489236790606653,0.0244618395303326,0.5,0.0466417910447761,0.0023935263728309,0.0489236790606653,0.0045637760317784,0.0489236790606653,0.0489236790606653,0.0489236790606653,0.0799358432760656
6,infgain,standard,gaussian_noise,noImbl,EasyEnsemble,last,0.25,0.2,126,2026-05-30 18:46:04,20260530-182225,log/stroke_prediction_v4/6/infgain/gaussian_noise__noImbl__standard/EasyEnsemble,1780136562317_d342c02e17801379643289606,0.0489236790606653,0.0244618395303326,0.5,0.0466417910447761,0.0023935263728309,0.0489236790606653,0.0045637760317784,0.0489236790606653,0.0489236790606653,0.0489236790606653,0.0799358432760656
6,infgain,standard,gaussian_noise,noImbl,EasyEnsemble,last,0.25,0.2,5012,2026-05-30 18:46:06,20260530-182225,log/stroke_prediction_v4/6/infgain/gaussian_noise__noImbl__standard/EasyEnsemble,1780136562317_d342c02e17801379663729481,0.0489236790606653,0.0244618395303326,0.5,0.0466417910447761,0.0023935263728309,0.0489236790606653,0.0045637760317784,0.0489236790606653,0.0489236790606653,0.0489236790606653,0.0799358432760656
6,infgain,standard,gaussian_noise,noImbl,XGBClassifier_SPW24,first,0.25,0.1,42,2026-05-30 18:43:52,20260530-182225,log/stroke_prediction_v4/6/infgain/standard__gaussian_noise__noImbl/XGBClassifier_SPW24,1780136562317_d342c02e17801378324091066,0.8845401174168297,0.5691092676386793,0.635761316872428,0.5856661856661857,0.9263908935544712,0.8845401174168297,0.903133656949704,0.8845401174168297,0.8845401174168297,0.8845401174168297,0.7902621711656732
6,infgain,standard,gaussian_noise,noImbl,XGBClassifier_SPW24,first,0.25,0.1,126,2026-05-30 18:43:54,20260530-182225,log/stroke_prediction_v4/6/infgain/standard__gaussian_noise__noImbl/XGBClassifier_SPW24,1780136562317_d342c02e17801378344268980,0.8786692759295499,0.5839162112932604,0.6895884773662551,0.606415225601272,0.9332251130858812,0.8786692759295499,0.9017307954867688,0.8786692759295499,0.8786692759295499,0.87866927592955,0.7983625937095654
6,infgain,standard,gaussian_noise,noImbl,XGBClassifier_SPW24,first,0.25,0.1,5012,2026-05-30 18:43:56,20260530-182225,log/stroke_prediction_v4/6/infgain/standard__gaussian_noise__noImbl/XGBClassifier_SPW24,1780136562317_d342c02e17801378364204809,0.837573385518591,0.5281099721589471,0.5731275720164609,0.5273000835887434,0.9168364941175188,0.837573385518591,0.8727976492642502,0.837573385518591,0.837573385518591,0.837573385518591,0.7468514179646779
6,infgain,standard,gaussian_noise,noImbl,XGBClassifier_SPW24,first,0.25,0.2,42,2026-05-30 18:44:34,20260530-182225,log/stroke_prediction_v4/6/infgain/standard__gaussian_noise__noImbl/XGBClassifier_SPW24,1780136562317_d342c02e17801378746884460,0.8806262230919765,0.5793750475755499,0.6716460905349794,0.600048757329638,0.930961862545354,0.8806262230919764,0.9022595323680448,0.8806262230919765,0.8806262230919765,0.8806262230919764,0.7957950327570311
6,infgain,standard,gaussian_noise,noImbl,XGBClassifier_SPW24,first,0.25,0.2,126,2026-05-30 18:44:36,20260530-182225,log/stroke_prediction_v4/6/infgain/standard__gaussian_noise__noImbl/XGBClassifier_SPW24,1780136562317_d342c02e17801378766744493,0.8835616438356164,0.5567976624314652,0.6067901234567901,0.5692727240530537,0.9224243503618385,0.8835616438356164,0.9012021444877876,0.8835616438356164,0.8835616438356164,0.8835616438356163,0.782597101440382
6,infgain,standard,gaussian_noise,noImbl,XGBClassifier_SPW24,first,0.25,0.2,5012,2026-05-30 18:44:38,20260530-182225,log/stroke_prediction_v4/6/infgain/standard__gaussian_noise__noImbl/XGBClassifier_SPW24,1780136562317_d342c02e17801378786836291,0.8669275929549902,0.552540650406504,0.6170164609053498,0.5637139807897545,0.9232117003166116,0.8669275929549902,0.8918395094474391,0.8669275929549902,0.8669275929549902,0.8669275929549902,0.7743809418804214
6,infgain,standard,gaussian_noise,noImbl,XGBClassifier_SPW24,last,0.25,0.1,42,2026-05-30 18:45:17,20260530-182225,log/stroke_prediction_v4/6/infgain/gaussian_noise__noImbl__standard/XGBClassifier_SPW24,1780136562317_d342c02e17801379178352692,0.8904109589041096,0.5584644730567477,0.6009053497942387,0.5705882352941176,0.9219498174169232,0.8904109589041096,0.9049153908138596,0.8904109589041096,0.8904109589041096,0.8904109589041096,0.7856218915046312
6,infgain,standard,gaussian_noise,noImbl,XGBClassifier_SPW24,last,0.25,0.1,126,2026-05-30 18:45:19,20260530-182225,log/stroke_prediction_v4/6/infgain/gaussian_noise__noImbl__standard/XGBClassifier_SPW24,1780136562317_d342c02e17801379198494378,0.8747553816046967,0.5681528423578821,0.6495884773662551,0.5849324804548683,0.927806202644858,0.8747553816046967,0.8978326149515213,0.8747553816046967,0.8747553816046967,0.8747553816046967,0.7868716691897365
6,infgain,standard,gaussian_noise,noImbl,XGBClassifier_SPW24,last,0.25,0.1,5012,2026-05-30 18:45:21,20260530-182225,log/stroke_prediction_v4/6/infgain/gaussian_noise__noImbl__standard/XGBClassifier_SPW24,1780136562317_d342c02e17801379219513050,0.8473581213307241,0.5387402452619844,0.5972427983539095,0.5430805209097579,0.9201687730573972,0.8473581213307241,0.8794641511113536,0.8473581213307241,0.8473581213307241,0.8473581213307241,0.7579401310027852
6,infgain,standard,gaussian_noise,noImbl,XGBClassifier_SPW24,last,0.25,0.2,42,2026-05-30 18:46:00,20260530-182225,log/stroke_prediction_v4/6/infgain/gaussian_noise__noImbl__standard/XGBClassifier_SPW24,1780136562317_d342c02e17801379605670512,0.8845401174168297,0.5727012441295214,0.645246913580247,0.5905448717948718,0.9276585789084084,0.8845401174168298,0.9035513573184806,0.8845401174168297,0.8845401174168297,0.8845401174168297,0.7924911549955523
6,infgain,standard,gaussian_noise,noImbl,XGBClassifier_SPW24,last,0.25,0.2,126,2026-05-30 18:46:02,20260530-182225,log/stroke_prediction_v4/6/infgain/gaussian_noise__noImbl__standard/XGBClassifier_SPW24,1780136562317_d342c02e17801379625786065,0.87279843444227,0.5599261627464412,0.6295884773662551,0.5738224463348602,0.9250758266749908,0.87279843444227,0.8958503213757854,0.87279843444227,0.87279843444227,0.87279843444227,0.7810293356122735
6,infgain,standard,gaussian_noise,noImbl,XGBClassifier_SPW24,last,0.25,0.2,5012,2026-05-30 18:46:04,20260530-182225,log/stroke_prediction_v4/6/infgain/gaussian_noise__noImbl__standard/XGBClassifier_SPW24,1780136562317_d342c02e17801379646041975,0.8688845401174168,0.5671502976190476,0.6559876543209876,0.5834509441308156,0.9284476633119,0.8688845401174168,0.8945263288821705,0.8688845401174168,0.8688845401174168,0.8688845401174168,0.7844089685241079
6,infgain,standard,mixup,noImbl,BalancedRandomForest,first,0.25,0.1,42,2026-05-30 18:46:41,20260530-182225,log/stroke_prediction_v4/6/infgain/standard__mixup__noImbl/BalancedRandomForest,1780136562317_d342c02e17801380016500897,0.6027397260273972,0.5373391364248363,0.6962962962962963,0.4520092764280469,0.9393347605152436,0.6027397260273972,0.7112881468209593,0.6027397260273972,0.6027397260273972,0.6027397260273972,0.6328875232219473
6,infgain,standard,mixup,noImbl,BalancedRandomForest,first,0.25,0.1,126,2026-05-30 18:46:43,20260530-182225,log/stroke_prediction_v4/6/infgain/standard__mixup__noImbl/BalancedRandomForest,1780136562317_d342c02e17801380033772215,0.6183953033268101,0.5498509102322662,0.761440329218107,0.4705957358636921,0.949837811708023,0.6183953033268101,0.7229498121618307,0.6183953033268101,0.6183953033268101,0.6183953033268101,0.6525028586503919
6,infgain,standard,mixup,noImbl,BalancedRandomForest,first,0.25,0.1,5012,2026-05-30 18:46:45,20260530-182225,log/stroke_prediction_v4/6/infgain/standard__mixup__noImbl/BalancedRandomForest,1780136562317_d342c02e17801380052130000,0.5909980430528375,0.5394426331315012,0.7090946502057613,0.4481270766480123,0.942273886923637,0.5909980430528375,0.7014482901581063,0.5909980430528375,0.5909980430528375,0.5909980430528375,0.6279166392681426
6,infgain,standard,mixup,noImbl,BalancedRandomForest,first,0.25,0.2,42,2026-05-30 18:47:18,20260530-182225,log/stroke_prediction_v4/6/infgain/standard__mixup__noImbl/BalancedRandomForest,1780136562317_d342c02e17801380385527016,0.5939334637964775,0.5397897985439818,0.7106378600823045,0.4498641295536055,0.9423741482439902,0.5939334637964775,0.7038448679320528,0.5939334637964775,0.5939334637964775,0.5939334637964775,0.6299099158284672
6,infgain,standard,mixup,noImbl,BalancedRandomForest,first,0.25,0.2,126,2026-05-30 18:47:20,20260530-182225,log/stroke_prediction_v4/6/infgain/standard__mixup__noImbl/BalancedRandomForest,1780136562317_d342c02e17801380403252664,0.6086105675146771,0.5485879232329536,0.7562962962962962,0.4646299555779062,0.9496087785064972,0.6086105675146771,0.7151018880414963,0.6086105675146771,0.6086105675146771,0.6086105675146771,0.6458533033523558
6,infgain,standard,mixup,noImbl,BalancedRandomForest,first,0.25,0.2,5012,2026-05-30 18:47:22,20260530-182225,log/stroke_prediction_v4/6/infgain/standard__mixup__noImbl/BalancedRandomForest,1780136562317_d342c02e17801380420655607,0.6183953033268101,0.5463513641083735,0.7424691358024691,0.467529136408086,0.9464990265143896,0.6183953033268101,0.723225103134306,0.6183953033268101,0.6183953033268101,0.6183953033268101,0.649503209904606
6,infgain,standard,mixup,noImbl,BalancedRandomForest,last,0.25,0.1,42,2026-05-30 18:47:55,20260530-182225,log/stroke_prediction_v4/6/infgain/mixup__noImbl__standard/BalancedRandomForest,1780136562317_d342c02e17801380759771777,0.6164383561643836,0.5390600315955766,0.7034979423868313,0.4600638288696252,0.9398623644744528,0.6164383561643836,0.722204400080111,0.6164383561643836,0.6164383561643836,0.6164383561643836,0.6421576106538998
6,infgain,standard,mixup,noImbl,BalancedRandomForest,last,0.25,0.1,126,2026-05-30 18:47:57,20260530-182225,log/stroke_prediction_v4/6/infgain/mixup__noImbl__standard/BalancedRandomForest,1780136562317_d342c02e17801380777372705,0.62426614481409,0.5506349056306519,0.7645267489711934,0.4741896758703481,0.9499760969667104,0.62426614481409,0.7276155080427473,0.62426614481409,0.62426614481409,0.62426614481409,0.6564910106694556
6,infgain,standard,mixup,noImbl,BalancedRandomForest,last,0.25,0.1,5012,2026-05-30 18:47:59,20260530-182225,log/stroke_prediction_v4/6/infgain/mixup__noImbl__standard/BalancedRandomForest,1780136562317_d342c02e17801380794904084,0.5792563600782779,0.5345814637165403,0.6839506172839507,0.4382749188332439,0.9384074876922464,0.5792563600782779,0.6921516548252779,0.5792563600782779,0.5792563600782779,0.5792563600782779,0.616960486949363
6,infgain,standard,mixup,noImbl,BalancedRandomForest,last,0.25,0.2,42,2026-05-30 18:48:32,20260530-182225,log/stroke_prediction_v4/6/infgain/mixup__noImbl__standard/BalancedRandomForest,1780136562317_d342c02e17801381128163172,0.6125244618395304,0.543836315128688,0.7298971193415638,0.4624510548769797,0.9446620826438564,0.6125244618395304,0.7186875015797051,0.6125244618395304,0.6125244618395304,0.6125244618395304,0.6440201199157254
6,infgain,standard,mixup,noImbl,BalancedRandomForest,last,0.25,0.2,126,2026-05-30 18:48:34,20260530-182225,log/stroke_prediction_v4/6/infgain/mixup__noImbl__standard/BalancedRandomForest,1780136562317_d342c02e17801381146404228,0.6037181996086106,0.5479758778328956,0.7537242798353909,0.4616568187404973,0.9494947893735924,0.6037181996086106,0.7111436628555458,0.6037181996086106,0.6037181996086106,0.6037181996086106,0.6425268467870383
6,infgain,standard,mixup,noImbl,BalancedRandomForest,last,0.25,0.2,5012,2026-05-30 18:48:36,20260530-182225,log/stroke_prediction_v4/6/infgain/mixup__noImbl__standard/BalancedRandomForest,1780136562317_d342c02e17801381163950176,0.6125244618395304,0.543836315128688,0.7298971193415638,0.4624510548769797,0.9446620826438564,0.6125244618395304,0.7186875015797051,0.6125244618395304,0.6125244618395304,0.6125244618395304,0.6440201199157254
6,infgain,standard,mixup,noImbl,EasyEnsemble,first,0.25,0.1,42,2026-05-30 18:46:42,20260530-182225,log/stroke_prediction_v4/6/infgain/standard__mixup__noImbl/EasyEnsemble,1780136562317_d342c02e17801380025270623,0.1545988258317025,0.5273522975929978,0.5555555555555556,0.1518672199170124,0.9537526709973578,0.1545988258317025,0.1952903346298446,0.1545988258317025,0.1545988258317025,0.1545988258317025,0.3175792159293006
6,infgain,standard,mixup,noImbl,EasyEnsemble,first,0.25,0.1,126,2026-05-30 18:46:44,20260530-182225,log/stroke_prediction_v4/6/infgain/standard__mixup__noImbl/EasyEnsemble,1780136562317_d342c02e17801380042361874,0.0958904109589041,0.5256673511293635,0.5246913580246914,0.0958869485294117,0.9535878034373154,0.095890410958904,0.0942907685334407,0.0958904109589041,0.0958904109589041,0.0958904109589041,0.2672774732021265
6,infgain,standard,mixup,noImbl,EasyEnsemble,first,0.25,0.1,5012,2026-05-30 18:46:46,20260530-182225,log/stroke_prediction_v4/6/infgain/standard__mixup__noImbl/EasyEnsemble,1780136562317_d342c02e17801380060913388,0.1819960861056751,0.5200680272108843,0.5509876543209876,0.1756028653472071,0.9401520295006456,0.1819960861056751,0.2410978602284008,0.1819960861056751,0.1819960861056751,0.1819960861056751,0.3364243143818629
6,infgain,standard,mixup,noImbl,EasyEnsemble,first,0.25,0.2,42,2026-05-30 18:47:19,20260530-182225,log/stroke_prediction_v4/6/infgain/standard__mixup__noImbl/EasyEnsemble,1780136562317_d342c02e17801380394493667,0.0929549902152641,0.5255885363357216,0.5231481481481481,0.0929332793340858,0.9535800916179769,0.092954990215264,0.0889297928448051,0.0929549902152641,0.0929549902152641,0.0929549902152641,0.2646931345231239
6,infgain,standard,mixup,noImbl,EasyEnsemble,first,0.25,0.2,126,2026-05-30 18:47:21,20260530-182225,log/stroke_prediction_v4/6/infgain/standard__mixup__noImbl/EasyEnsemble,1780136562317_d342c02e17801380412144702,0.1761252446183953,0.5280269058295964,0.5668724279835391,0.1710458883866815,0.953818679631076,0.1761252446183953,0.2295854689571818,0.1761252446183953,0.1761252446183953,0.1761252446183953,0.3354166027933586
6,infgain,standard,mixup,noImbl,EasyEnsemble,first,0.25,0.2,5012,2026-05-30 18:47:22,20260530-182225,log/stroke_prediction_v4/6/infgain/standard__mixup__noImbl/EasyEnsemble,1780136562317_d342c02e17801380429461940,0.3062622309197652,0.5280427611181386,0.6163168724279835,0.2735094922272519,0.9470625333371968,0.3062622309197652,0.4126708981005107,0.3062622309197652,0.3062622309197652,0.3062622309197652,0.4345741676054022
6,infgain,standard,mixup,noImbl,EasyEnsemble,last,0.25,0.1,42,2026-05-30 18:47:56,20260530-182225,log/stroke_prediction_v4/6/infgain/mixup__noImbl__standard/EasyEnsemble,1780136562317_d342c02e17801380768649736,0.1937377690802348,0.528604118993135,0.5761316872427984,0.1862554112554112,0.953875158414201,0.1937377690802348,0.2566506552807923,0.1937377690802348,0.1937377690802348,0.1937377690802348,0.3497921140775378
6,infgain,standard,mixup,noImbl,EasyEnsemble,last,0.25,0.1,126,2026-05-30 18:47:58,20260530-182225,log/stroke_prediction_v4/6/infgain/mixup__noImbl__standard/EasyEnsemble,1780136562317_d342c02e17801380786165819,0.1428571428571428,0.5269978401727862,0.5493827160493827,0.1411171486461594,0.9537179882752236,0.1428571428571428,0.175992684788043,0.1428571428571428,0.1428571428571428,0.1428571428571428,0.3077191866077267
6,infgain,standard,mixup,noImbl,EasyEnsemble,last,0.25,0.1,5012,2026-05-30 18:48:00,20260530-182225,log/stroke_prediction_v4/6/infgain/mixup__noImbl__standard/EasyEnsemble,1780136562317_d342c02e17801380803883689,0.2446183953033268,0.5244378925164197,0.5839094650205761,0.2270682466535001,0.9446228704162108,0.2446183953033267,0.332141214544021,0.2446183953033268,0.2446183953033268,0.2446183953033268,0.3870258000962794
6,infgain,standard,mixup,noImbl,EasyEnsemble,last,0.25,0.2,42,2026-05-30 18:48:33,20260530-182225,log/stroke_prediction_v4/6/infgain/mixup__noImbl__standard/EasyEnsemble,1780136562317_d342c02e17801381137947487,0.4080234833659491,0.5361641288694663,0.6793004115226338,0.3441233533073872,0.952170027299899,0.4080234833659491,0.5288127574264908,0.4080234833659491,0.4080234833659491,0.4080234833659491,0.5109132667256611
6,infgain,standard,mixup,noImbl,EasyEnsemble,last,0.25,0.2,126,2026-05-30 18:48:35,20260530-182225,log/stroke_prediction_v4/6/infgain/mixup__noImbl__standard/EasyEnsemble,1780136562317_d342c02e17801381155128688,0.1712328767123287,0.527870680044593,0.5643004115226338,0.1667454389864264,0.953803393350743,0.1712328767123287,0.2219110067635188,0.1712328767123287,0.1712328767123287,0.1712328767123287,0.3313890660392202
6,infgain,standard,mixup,noImbl,EasyEnsemble,last,0.25,0.2,5012,2026-05-30 18:48:37,20260530-182225,log/stroke_prediction_v4/6/infgain/mixup__noImbl__standard/EasyEnsemble,1780136562317_d342c02e17801381173007425,0.3679060665362035,0.5316517778945524,0.6487242798353909,0.3166101498420427,0.948705772017198,0.3679060665362035,0.485520275527815,0.3679060665362035,0.3679060665362035,0.3679060665362035,0.4803901733946741
6,infgain,standard,mixup,noImbl,XGBClassifier_SPW24,first,0.25,0.1,42,2026-05-30 18:46:41,20260530-182225,log/stroke_prediction_v4/6/infgain/standard__mixup__noImbl/XGBClassifier_SPW24,1780136562317_d342c02e17801380010817301,0.8845401174168297,0.5691092676386793,0.635761316872428,0.5856661856661857,0.9263908935544712,0.8845401174168297,0.903133656949704,0.8845401174168297,0.8845401174168297,0.8845401174168297,0.7902621711656732
6,infgain,standard,mixup,noImbl,XGBClassifier_SPW24,first,0.25,0.1,126,2026-05-30 18:46:42,20260530-182225,log/stroke_prediction_v4/6/infgain/standard__mixup__noImbl/XGBClassifier_SPW24,1780136562317_d342c02e17801380028130017,0.8688845401174168,0.5702775447427293,0.6654732510288066,0.5876898250177631,0.9296974530135672,0.8688845401174168,0.8948717294275743,0.8688845401174168,0.8688845401174168,0.8688845401174168,0.7864828740922775
6,infgain,standard,mixup,noImbl,XGBClassifier_SPW24,first,0.25,0.1,5012,2026-05-30 18:46:44,20260530-182225,log/stroke_prediction_v4/6/infgain/standard__mixup__noImbl/XGBClassifier_SPW24,1780136562317_d342c02e17801380045475343,0.8532289628180039,0.541504937010555,0.6003292181069959,0.54763281830951,0.920673211145737,0.8532289628180039,0.8830609674009758,0.8532289628180039,0.8532289628180039,0.8532289628180039,0.7621463896101031
6,infgain,standard,mixup,noImbl,XGBClassifier_SPW24,first,0.25,0.2,42,2026-05-30 18:47:17,20260530-182225,log/stroke_prediction_v4/6/infgain/standard__mixup__noImbl/XGBClassifier_SPW24,1780136562317_d342c02e17801380379814402,0.8767123287671232,0.5436167945439044,0.5842181069958847,0.5522282185378881,0.9190618832404908,0.8767123287671232,0.8961067813325488,0.8767123287671232,0.8767123287671232,0.8767123287671232,0.7726248599654427
6,infgain,standard,mixup,noImbl,XGBClassifier_SPW24,first,0.25,0.2,126,2026-05-30 18:47:19,20260530-182225,log/stroke_prediction_v4/6/infgain/standard__mixup__noImbl/XGBClassifier_SPW24,1780136562317_d342c02e17801380397534700,0.8737769080234834,0.5375777808297326,0.5731893004115226,0.5443224354786864,0.9174498338599264,0.8737769080234834,0.8938702187770785,0.8737769080234834,0.8737769080234834,0.8737769080234834,0.768061352857876
6,infgain,standard,mixup,noImbl,XGBClassifier_SPW24,first,0.25,0.2,5012,2026-05-30 18:47:21,20260530-182225,log/stroke_prediction_v4/6/infgain/standard__mixup__noImbl/XGBClassifier_SPW24,1780136562317_d342c02e17801380415108187,0.8806262230919765,0.5584045584045583,0.6147325102880659,0.5716209716209716,0.9233779918711424,0.8806262230919765,0.8998500521005414,0.8806262230919765,0.8806262230919765,0.8806262230919764,0.7826226488513939
6,infgain,standard,mixup,noImbl,XGBClassifier_SPW24,last,0.25,0.1,42,2026-05-30 18:47:55,20260530-182225,log/stroke_prediction_v4/6/infgain/mixup__noImbl__standard/XGBClassifier_SPW24,1780136562317_d342c02e17801380753981879,0.8864970645792564,0.5632343846629561,0.6178189300411522,0.57751739080853,0.9240675455380516,0.8864970645792563,0.9034661999808524,0.8864970645792564,0.8864970645792564,0.8864970645792564,0.7872584504743257
6,infgain,standard,mixup,noImbl,XGBClassifier_SPW24,last,0.25,0.1,126,2026-05-30 18:47:57,20260530-182225,log/stroke_prediction_v4/6/infgain/mixup__noImbl__standard/XGBClassifier_SPW24,1780136562317_d342c02e17801380771501755,0.8571428571428571,0.5434843400447427,0.6023868312757201,0.5507665257656226,0.9210210930009588,0.8571428571428571,0.8854572574360139,0.8571428571428571,0.8571428571428571,0.8571428571428571,0.7649799367695302
6,infgain,standard,mixup,noImbl,XGBClassifier_SPW24,last,0.25,0.1,5012,2026-05-30 18:47:58,20260530-182225,log/stroke_prediction_v4/6/infgain/mixup__noImbl__standard/XGBClassifier_SPW24,1780136562317_d342c02e17801380789026113,0.8336594911937377,0.5200265755504936,0.5520987654320988,0.5159097241571469,0.9139905377072662,0.8336594911937377,0.8697325323790512,0.8336594911937377,0.8336594911937377,0.8336594911937377,0.7399217228269105
6,infgain,standard,mixup,noImbl,XGBClassifier_SPW24,last,0.25,0.2,42,2026-05-30 18:48:32,20260530-182225,log/stroke_prediction_v4/6/infgain/mixup__noImbl__standard/XGBClassifier_SPW24,1780136562317_d342c02e17801381122434849,0.8845401174168297,0.5828296703296703,0.6737037037037037,0.6044528410805421,0.9314224425281176,0.8845401174168297,0.9047324559433992,0.8845401174168297,0.8845401174168297,0.8845401174168297,0.7989894231764721
6,infgain,standard,mixup,noImbl,XGBClassifier_SPW24,last,0.25,0.2,126,2026-05-30 18:48:34,20260530-182225,log/stroke_prediction_v4/6/infgain/mixup__noImbl__standard/XGBClassifier_SPW24,1780136562317_d342c02e17801381140849404,0.8835616438356164,0.5484642025776416,0.5878189300411523,0.5583228922663471,0.9198101651255418,0.8835616438356163,0.9002500632433897,0.8835616438356164,0.8835616438356164,0.8835616438356163,0.7778199306351404
6,infgain,standard,mixup,noImbl,XGBClassifier_SPW24,last,0.25,0.2,5012,2026-05-30 18:48:35,20260530-182225,log/stroke_prediction_v4/6/infgain/mixup__noImbl__standard/XGBClassifier_SPW24,1780136562317_d342c02e17801381158178927,0.8590998043052838,0.5445188492063492,0.6034156378600823,0.5523651936928168,0.9211989019352034,0.8590998043052838,0.8866551593957654,0.8590998043052838,0.8590998043052838,0.8590998043052838,0.7664063135855641
6,infgain,standard,noAug,noImbl,BalancedRandomForest,first,0.25,0.1,42,2026-05-30 18:49:08,20260530-182225,log/stroke_prediction_v4/6/infgain/standard__noAug__noImbl/BalancedRandomForest,1780136562317_d342c02e17801381483260077,0.5949119373776908,0.5363945260139031,0.6921810699588478,0.4474232728222541,0.9390292519647404,0.5949119373776908,0.7049697666103462,0.5949119373776908,0.5949119373776908,0.5949119373776908,0.6275842156597156
6,infgain,standard,noAug,noImbl,BalancedRandomForest,first,0.25,0.1,126,2026-05-30 18:49:09,20260530-182225,log/stroke_prediction_v4/6/infgain/standard__noAug__noImbl/BalancedRandomForest,1780136562317_d342c02e17801381498814727,0.6066536203522505,0.548341594189345,0.7552674897119342,0.4634399895520438,0.9495631473400824,0.6066536203522505,0.7135213675781622,0.6066536203522505,0.6066536203522505,0.6066536203522505,0.6445228748345672
6,infgain,standard,noAug,noImbl,BalancedRandomForest,first,0.25,0.1,5012,2026-05-30 18:49:11,20260530-182225,log/stroke_prediction_v4/6/infgain/standard__noAug__noImbl/BalancedRandomForest,1780136562317_d342c02e17801381514299053,0.5714285714285714,0.5372187981510016,0.6988065843621398,0.436570151192472,0.9415958617653534,0.5714285714285714,0.6852490781078393,0.5714285714285714,0.5714285714285714,0.5714285714285714,0.6146064373943246
6,infgain,standard,noAug,noImbl,BalancedRandomForest,first,0.25,0.2,42,2026-05-30 18:49:41,20260530-182225,log/stroke_prediction_v4/6/infgain/standard__noAug__noImbl/BalancedRandomForest,1780136562317_d342c02e17801381813755767,0.5909980430528375,0.5411948563628466,0.7185802469135802,0.4496031746031745,0.9439890504696148,0.5909980430528375,0.7012751219209145,0.5909980430528375,0.5909980430528375,0.5909980430528375,0.6294073770743523
6,infgain,standard,noAug,noImbl,BalancedRandomForest,first,0.25,0.2,126,2026-05-30 18:49:42,20260530-182225,log/stroke_prediction_v4/6/infgain/standard__noAug__noImbl/BalancedRandomForest,1780136562317_d342c02e17801381829474849,0.586105675146771,0.5476184964407663,0.7539506172839505,0.452402214681193,0.950859164246862,0.586105675146771,0.6965103147787434,0.586105675146771,0.586105675146771,0.586105675146771,0.6320219772748565
6,infgain,standard,noAug,noImbl,BalancedRandomForest,first,0.25,0.2,5012,2026-05-30 18:49:44,20260530-182225,log/stroke_prediction_v4/6/infgain/standard__noAug__noImbl/BalancedRandomForest,1780136562317_d342c02e17801381845263259,0.5958904109589042,0.5452752010614648,0.7401234567901235,0.455459327100344,0.9475788521428354,0.5958904109589042,0.7049342005446453,0.5958904109589042,0.5958904109589042,0.5958904109589042,0.6357129445297522
6,infgain,standard,noAug,noImbl,BalancedRandomForest,last,0.25,0.1,42,2026-05-30 18:50:15,20260530-182225,log/stroke_prediction_v4/6/infgain/noAug__noImbl__standard/BalancedRandomForest,1780136562317_d342c02e17801382152523089,0.5949119373776908,0.5363945260139031,0.6921810699588478,0.4474232728222541,0.9390292519647404,0.5949119373776908,0.7049697666103462,0.5949119373776908,0.5949119373776908,0.5949119373776908,0.6275842156597156
6,infgain,standard,noAug,noImbl,BalancedRandomForest,last,0.25,0.1,126,2026-05-30 18:50:16,20260530-182225,log/stroke_prediction_v4/6/infgain/noAug__noImbl__standard/BalancedRandomForest,1780136562317_d342c02e17801382168594405,0.6066536203522505,0.548341594189345,0.7552674897119342,0.4634399895520438,0.9495631473400824,0.6066536203522505,0.7135213675781622,0.6066536203522505,0.6066536203522505,0.6066536203522505,0.6445228748345672
6,infgain,standard,noAug,noImbl,BalancedRandomForest,last,0.25,0.1,5012,2026-05-30 18:50:18,20260530-182225,log/stroke_prediction_v4/6/infgain/noAug__noImbl__standard/BalancedRandomForest,1780136562317_d342c02e17801382185361854,0.5714285714285714,0.5372187981510016,0.6988065843621398,0.436570151192472,0.9415958617653534,0.5714285714285714,0.6852490781078393,0.5714285714285714,0.5714285714285714,0.5714285714285714,0.6146064373943246
6,infgain,standard,noAug,noImbl,BalancedRandomForest,last,0.25,0.2,42,2026-05-30 18:50:48,20260530-182225,log/stroke_prediction_v4/6/infgain/noAug__noImbl__standard/BalancedRandomForest,1780136562317_d342c02e17801382487623240,0.5909980430528375,0.5411948563628466,0.7185802469135802,0.4496031746031745,0.9439890504696148,0.5909980430528375,0.7012751219209145,0.5909980430528375,0.5909980430528375,0.5909980430528375,0.6294073770743523
6,infgain,standard,noAug,noImbl,BalancedRandomForest,last,0.25,0.2,126,2026-05-30 18:50:50,20260530-182225,log/stroke_prediction_v4/6/infgain/noAug__noImbl__standard/BalancedRandomForest,1780136562317_d342c02e17801382504347835,0.586105675146771,0.5476184964407663,0.7539506172839505,0.452402214681193,0.950859164246862,0.586105675146771,0.6965103147787434,0.586105675146771,0.586105675146771,0.586105675146771,0.6320219772748565
6,infgain,standard,noAug,noImbl,BalancedRandomForest,last,0.25,0.2,5012,2026-05-30 18:50:52,20260530-182225,log/stroke_prediction_v4/6/infgain/noAug__noImbl__standard/BalancedRandomForest,1780136562317_d342c02e17801382520060294,0.5958904109589042,0.5452752010614648,0.7401234567901235,0.455459327100344,0.9475788521428354,0.5958904109589042,0.7049342005446453,0.5958904109589042,0.5958904109589042,0.5958904109589042,0.6357129445297522
6,infgain,standard,noAug,noImbl,EasyEnsemble,first,0.25,0.1,42,2026-05-30 18:49:09,20260530-182225,log/stroke_prediction_v4/6/infgain/standard__noAug__noImbl/EasyEnsemble,1780136562317_d342c02e17801381491315440,0.1330724070450097,0.5267094017094017,0.544238683127572,0.1319953833824775,0.953689765333601,0.1330724070450097,0.1595791560728861,0.1330724070450097,0.1330724070450097,0.1330724070450097,0.2994289287533658
6,infgain,standard,noAug,noImbl,EasyEnsemble,first,0.25,0.1,126,2026-05-30 18:49:10,20260530-182225,log/stroke_prediction_v4/6/infgain/standard__noAug__noImbl/EasyEnsemble,1780136562317_d342c02e17801381506821446,0.1350293542074364,0.5267665952890792,0.5452674897119342,0.1338318760546096,0.953695361574274,0.1350293542074364,0.162886477552144,0.1350293542074364,0.1350293542074364,0.1350293542074364,0.3010924393815162
6,infgain,standard,noAug,noImbl,EasyEnsemble,first,0.25,0.1,5012,2026-05-30 18:49:12,20260530-182225,log/stroke_prediction_v4/6/infgain/standard__noAug__noImbl/EasyEnsemble,1780136562317_d342c02e17801381522327893,0.2250489236790606,0.5232048355297291,0.5736213991769546,0.211493500420836,0.9435408458146164,0.2250489236790605,0.3047629052274262,0.2250489236790606,0.2250489236790606,0.2250489236790606,0.3714947383709935
6,infgain,standard,noAug,noImbl,EasyEnsemble,first,0.25,0.2,42,2026-05-30 18:49:42,20260530-182225,log/stroke_prediction_v4/6/infgain/standard__noAug__noImbl/EasyEnsemble,1780136562317_d342c02e17801381821827036,0.3835616438356164,0.5346822048432461,0.6664403292181069,0.3279459901800327,0.9518473463074216,0.3835616438356163,0.502359706746183,0.3835616438356164,0.3835616438356164,0.3835616438356164,0.4932675001100562
6,infgain,standard,noAug,noImbl,EasyEnsemble,first,0.25,0.2,126,2026-05-30 18:49:43,20260530-182225,log/stroke_prediction_v4/6/infgain/standard__noAug__noImbl/EasyEnsemble,1780136562317_d342c02e17801381837729430,0.0880626223091976,0.525458248472505,0.5205761316872428,0.0879753041027054,0.9535673432947656,0.0880626223091976,0.0799245654641307,0.0880626223091976,0.0880626223091976,0.0880626223091976,0.2603702017041557
6,infgain,standard,noAug,noImbl,EasyEnsemble,first,0.25,0.2,5012,2026-05-30 18:49:45,20260530-182225,log/stroke_prediction_v4/6/infgain/standard__noAug__noImbl/EasyEnsemble,1780136562317_d342c02e17801381853547626,0.3590998043052837,0.5311215397673995,0.6440946502057613,0.3106278506719064,0.948500592651796,0.3590998043052837,0.4755398110039135,0.3590998043052837,0.3590998043052837,0.3590998043052837,0.473936749235982
6,infgain,standard,noAug,noImbl,EasyEnsemble,last,0.25,0.1,42,2026-05-30 18:50:16,20260530-182225,log/stroke_prediction_v4/6/infgain/noAug__noImbl__standard/EasyEnsemble,1780136562317_d342c02e17801382160756218,0.1330724070450097,0.5267094017094017,0.544238683127572,0.1319953833824775,0.953689765333601,0.1330724070450097,0.1595791560728861,0.1330724070450097,0.1330724070450097,0.1330724070450097,0.2994289287533658
6,infgain,standard,noAug,noImbl,EasyEnsemble,last,0.25,0.1,126,2026-05-30 18:50:17,20260530-182225,log/stroke_prediction_v4/6/infgain/noAug__noImbl__standard/EasyEnsemble,1780136562317_d342c02e17801382176734876,0.1350293542074364,0.5267665952890792,0.5452674897119342,0.1338318760546096,0.953695361574274,0.1350293542074364,0.162886477552144,0.1350293542074364,0.1350293542074364,0.1350293542074364,0.3010924393815162
6,infgain,standard,noAug,noImbl,EasyEnsemble,last,0.25,0.1,5012,2026-05-30 18:50:19,20260530-182225,log/stroke_prediction_v4/6/infgain/noAug__noImbl__standard/EasyEnsemble,1780136562317_d342c02e17801382193538521,0.2250489236790606,0.5232048355297291,0.5736213991769546,0.211493500420836,0.9435408458146164,0.2250489236790605,0.3047629052274262,0.2250489236790606,0.2250489236790606,0.2250489236790606,0.3714947383709935
6,infgain,standard,noAug,noImbl,EasyEnsemble,last,0.25,0.2,42,2026-05-30 18:50:49,20260530-182225,log/stroke_prediction_v4/6/infgain/noAug__noImbl__standard/EasyEnsemble,1780136562317_d342c02e17801382496673753,0.3835616438356164,0.5346822048432461,0.6664403292181069,0.3279459901800327,0.9518473463074216,0.3835616438356163,0.502359706746183,0.3835616438356164,0.3835616438356164,0.3835616438356164,0.4932675001100562
6,infgain,standard,noAug,noImbl,EasyEnsemble,last,0.25,0.2,126,2026-05-30 18:50:51,20260530-182225,log/stroke_prediction_v4/6/infgain/noAug__noImbl__standard/EasyEnsemble,1780136562317_d342c02e17801382512490682,0.0880626223091976,0.525458248472505,0.5205761316872428,0.0879753041027054,0.9535673432947656,0.0880626223091976,0.0799245654641307,0.0880626223091976,0.0880626223091976,0.0880626223091976,0.2603702017041557
6,infgain,standard,noAug,noImbl,EasyEnsemble,last,0.25,0.2,5012,2026-05-30 18:50:52,20260530-182225,log/stroke_prediction_v4/6/infgain/noAug__noImbl__standard/EasyEnsemble,1780136562317_d342c02e17801382528278760,0.3590998043052837,0.5311215397673995,0.6440946502057613,0.3106278506719064,0.948500592651796,0.3590998043052837,0.4755398110039135,0.3590998043052837,0.3590998043052837,0.3590998043052837,0.473936749235982
6,infgain,standard,noAug,noImbl,XGBClassifier_SPW24,first,0.25,0.1,42,2026-05-30 18:49:07,20260530-182225,log/stroke_prediction_v4/6/infgain/standard__noAug__noImbl/XGBClassifier_SPW24,1780136562317_d342c02e17801381478360725,0.9060665362035224,0.5845556279878313,0.6281069958847736,0.5999478079331941,0.9268570799218582,0.9060665362035224,0.9156541473797744,0.9060665362035224,0.9060665362035224,0.9060665362035226,0.8037188781578004
6,infgain,standard,noAug,noImbl,XGBClassifier_SPW24,first,0.25,0.1,126,2026-05-30 18:49:09,20260530-182225,log/stroke_prediction_v4/6/infgain/standard__noAug__noImbl/XGBClassifier_SPW24,1780136562317_d342c02e17801381493957301,0.8864970645792564,0.5550715333822449,0.5988477366255145,0.5666959064327485,0.9214676242259432,0.8864970645792564,0.902523546308694,0.8864970645792564,0.8864970645792564,0.8864970645792564,0.782520433166289
6,infgain,standard,noAug,noImbl,XGBClassifier_SPW24,first,0.25,0.1,5012,2026-05-30 18:49:10,20260530-182225,log/stroke_prediction_v4/6/infgain/standard__noAug__noImbl/XGBClassifier_SPW24,1780136562317_d342c02e17801381509450232,0.8747553816046967,0.5381713554987213,0.5737037037037037,0.5451207299432514,0.917548460718415,0.8747553816046967,0.8944576826235419,0.8747553816046967,0.8747553816046967,0.8747553816046967,0.7687812665189816
6,infgain,standard,noAug,noImbl,XGBClassifier_SPW24,first,0.25,0.2,42,2026-05-30 18:49:40,20260530-182225,log/stroke_prediction_v4/6/infgain/standard__noAug__noImbl/XGBClassifier_SPW24,1780136562317_d342c02e17801381808907653,0.8992172211350293,0.5800540906017579,0.6339917695473252,0.5970818230185371,0.9270687207334516,0.8992172211350294,0.9118488705478092,0.8992172211350293,0.8992172211350293,0.8992172211350293,0.800137950577217
6,infgain,standard,noAug,noImbl,XGBClassifier_SPW24,first,0.25,0.2,126,2026-05-30 18:49:42,20260530-182225,log/stroke_prediction_v4/6/infgain/standard__noAug__noImbl/XGBClassifier_SPW24,1780136562317_d342c02e17801381824522909,0.8943248532289628,0.5319021553198768,0.5460493827160494,0.536391129032258,0.9142290746244276,0.8943248532289628,0.9038910106685184,0.8943248532289628,0.8943248532289628,0.8943248532289628,0.7729903235127369
6,infgain,standard,noAug,noImbl,XGBClassifier_SPW24,first,0.25,0.2,5012,2026-05-30 18:49:44,20260530-182225,log/stroke_prediction_v4/6/infgain/standard__noAug__noImbl/XGBClassifier_SPW24,1780136562317_d342c02e17801381840424075,0.8806262230919765,0.5463048855905999,0.5862757201646089,0.555664842057247,0.9194819717604176,0.8806262230919764,0.8984730723936548,0.8806262230919765,0.8806262230919765,0.8806262230919764,0.7755774341559882
6,infgain,standard,noAug,noImbl,XGBClassifier_SPW24,last,0.25,0.1,42,2026-05-30 18:50:14,20260530-182225,log/stroke_prediction_v4/6/infgain/noAug__noImbl__standard/XGBClassifier_SPW24,1780136562317_d342c02e17801382147362610,0.9060665362035224,0.5845556279878313,0.6281069958847736,0.5999478079331941,0.9268570799218582,0.9060665362035224,0.9156541473797744,0.9060665362035224,0.9060665362035224,0.9060665362035226,0.8037188781578004
6,infgain,standard,noAug,noImbl,XGBClassifier_SPW24,last,0.25,0.1,126,2026-05-30 18:50:16,20260530-182225,log/stroke_prediction_v4/6/infgain/noAug__noImbl__standard/XGBClassifier_SPW24,1780136562317_d342c02e17801382163527124,0.8864970645792564,0.5550715333822449,0.5988477366255145,0.5666959064327485,0.9214676242259432,0.8864970645792564,0.902523546308694,0.8864970645792564,0.8864970645792564,0.8864970645792564,0.782520433166289
6,infgain,standard,noAug,noImbl,XGBClassifier_SPW24,last,0.25,0.1,5012,2026-05-30 18:50:17,20260530-182225,log/stroke_prediction_v4/6/infgain/noAug__noImbl__standard/XGBClassifier_SPW24,1780136562317_d342c02e17801382179410073,0.8747553816046967,0.5381713554987213,0.5737037037037037,0.5451207299432514,0.917548460718415,0.8747553816046967,0.8944576826235419,0.8747553816046967,0.8747553816046967,0.8747553816046967,0.7687812665189816
6,infgain,standard,noAug,noImbl,XGBClassifier_SPW24,last,0.25,0.2,42,2026-05-30 18:50:48,20260530-182225,log/stroke_prediction_v4/6/infgain/noAug__noImbl__standard/XGBClassifier_SPW24,1780136562317_d342c02e17801382482796561,0.8992172211350293,0.5800540906017579,0.6339917695473252,0.5970818230185371,0.9270687207334516,0.8992172211350294,0.9118488705478092,0.8992172211350293,0.8992172211350293,0.8992172211350293,0.800137950577217
6,infgain,standard,noAug,noImbl,XGBClassifier_SPW24,last,0.25,0.2,126,2026-05-30 18:50:49,20260530-182225,log/stroke_prediction_v4/6/infgain/noAug__noImbl__standard/XGBClassifier_SPW24,1780136562317_d342c02e17801382499460199,0.8943248532289628,0.5319021553198768,0.5460493827160494,0.536391129032258,0.9142290746244276,0.8943248532289628,0.9038910106685184,0.8943248532289628,0.8943248532289628,0.8943248532289628,0.7729903235127369
6,infgain,standard,noAug,noImbl,XGBClassifier_SPW24,last,0.25,0.2,5012,2026-05-30 18:50:51,20260530-182225,log/stroke_prediction_v4/6/infgain/noAug__noImbl__standard/XGBClassifier_SPW24,1780136562317_d342c02e17801382515202659,0.8806262230919765,0.5463048855905999,0.5862757201646089,0.555664842057247,0.9194819717604176,0.8806262230919764,0.8984730723936548,0.8806262230919765,0.8806262230919765,0.8806262230919764,0.7755774341559882
7,biMaxInfgain,minmax,gaussian_noise,noImbl,BalancedRandomForest,first,0.25,0.1,42,2026-05-30 18:51:29,20260530-182225,log/stroke_prediction_v4/7/biMaxInfgain/minmax__gaussian_noise__noImbl/BalancedRandomForest,1780136562317_d342c02e17801382892640097,0.6986301369863014,0.5444298476090382,0.7087654320987654,0.5021887651821862,0.9371720211058242,0.6986301369863014,0.7843055016360713,0.6986301369863014,0.6986301369863014,0.6986301369863014,0.6914629248986218
7,biMaxInfgain,minmax,gaussian_noise,noImbl,BalancedRandomForest,first,0.25,0.1,126,2026-05-30 18:51:31,20260530-182225,log/stroke_prediction_v4/7/biMaxInfgain/minmax__gaussian_noise__noImbl/BalancedRandomForest,1780136562317_d342c02e17801382915842821,0.6731898238747553,0.5545244003308519,0.771275720164609,0.5013060933491505,0.9480838266167476,0.6731898238747553,0.7654340925901633,0.6731898238747553,0.6731898238747553,0.6731898238747553,0.6866753521520199
7,biMaxInfgain,minmax,gaussian_noise,noImbl,BalancedRandomForest,first,0.25,0.1,5012,2026-05-30 18:51:33,20260530-182225,log/stroke_prediction_v4/7/biMaxInfgain/minmax__gaussian_noise__noImbl/BalancedRandomForest,1780136562317_d342c02e17801382938711074,0.6614481409001957,0.5418444995864351,0.7081893004115226,0.4833889470024134,0.9385155689795548,0.6614481409001957,0.7570065749586721,0.6614481409001957,0.6614481409001957,0.6614481409001957,0.6694935215519924
7,biMaxInfgain,minmax,gaussian_noise,noImbl,BalancedRandomForest,first,0.25,0.2,42,2026-05-30 18:52:17,20260530-182225,log/stroke_prediction_v4/7/biMaxInfgain/minmax__gaussian_noise__noImbl/BalancedRandomForest,1780136562317_d342c02e17801383374580135,0.6585127201565558,0.548570506298598,0.7445884773662551,0.4886798755094521,0.9445342608963988,0.6585127201565558,0.7545302706955802,0.6585127201565558,0.6585127201565558,0.6585127201565558,0.6736559344495023
7,biMaxInfgain,minmax,gaussian_noise,noImbl,BalancedRandomForest,first,0.25,0.2,126,2026-05-30 18:52:19,20260530-182225,log/stroke_prediction_v4/7/biMaxInfgain/minmax__gaussian_noise__noImbl/BalancedRandomForest,1780136562317_d342c02e17801383396848169,0.6526418786692759,0.5512101684081927,0.7604732510288066,0.4884545917266719,0.947481511038357,0.6526418786692759,0.749906540882252,0.6526418786692759,0.6526418786692759,0.6526418786692759,0.6727274144065843
7,biMaxInfgain,minmax,gaussian_noise,noImbl,BalancedRandomForest,first,0.25,0.2,5012,2026-05-30 18:52:22,20260530-182225,log/stroke_prediction_v4/7/biMaxInfgain/minmax__gaussian_noise__noImbl/BalancedRandomForest,1780136562317_d342c02e17801383420175674,0.678082191780822,0.5517814369380102,0.7548765432098765,0.5008365461555249,0.9451912206037952,0.678082191780822,0.7691788864946446,0.678082191780822,0.678082191780822,0.678082191780822,0.6869201116850223
7,biMaxInfgain,minmax,gaussian_noise,noImbl,BalancedRandomForest,last,0.25,0.1,42,2026-05-30 18:53:05,20260530-182225,log/stroke_prediction_v4/7/biMaxInfgain/gaussian_noise__noImbl__minmax/BalancedRandomForest,1780136562317_d342c02e17801383856834980,0.684931506849315,0.5493554952510176,0.7395061728395063,0.5014513304367323,0.9424406609542572,0.684931506849315,0.7743041089083473,0.684931506849315,0.684931506849315,0.684931506849315,0.6884661515459659
7,biMaxInfgain,minmax,gaussian_noise,noImbl,BalancedRandomForest,last,0.25,0.1,126,2026-05-30 18:53:08,20260530-182225,log/stroke_prediction_v4/7/biMaxInfgain/gaussian_noise__noImbl__minmax/BalancedRandomForest,1780136562317_d342c02e17801383880282778,0.6771037181996086,0.5551954527323494,0.7733333333333333,0.5037871431345892,0.9482004204274996,0.6771037181996086,0.7683531732835095,0.6771037181996086,0.6771037181996086,0.6771037181996086,0.6893354553918762
7,biMaxInfgain,minmax,gaussian_noise,noImbl,BalancedRandomForest,last,0.25,0.1,5012,2026-05-30 18:53:10,20260530-182225,log/stroke_prediction_v4/7/biMaxInfgain/gaussian_noise__noImbl__minmax/BalancedRandomForest,1780136562317_d342c02e17801383903359899,0.6575342465753424,0.5412439891970225,0.7061316872427983,0.4810436579095504,0.9383536829111372,0.6575342465753424,0.7540710450737456,0.6575342465753424,0.6575342465753424,0.6575342465753424,0.666853840012727
7,biMaxInfgain,minmax,gaussian_noise,noImbl,BalancedRandomForest,last,0.25,0.2,42,2026-05-30 18:53:54,20260530-182225,log/stroke_prediction_v4/7/biMaxInfgain/gaussian_noise__noImbl__minmax/BalancedRandomForest,1780136562317_d342c02e17801384343751009,0.6634050880626223,0.545759886446161,0.7281893004115226,0.4881667831353365,0.9416316962650566,0.6634050880626223,0.758350256618543,0.6634050880626223,0.6634050880626223,0.6634050880626223,0.6738976795004048
7,biMaxInfgain,minmax,gaussian_noise,noImbl,BalancedRandomForest,last,0.25,0.2,126,2026-05-30 18:53:56,20260530-182225,log/stroke_prediction_v4/7/biMaxInfgain/gaussian_noise__noImbl__minmax/BalancedRandomForest,1780136562317_d342c02e17801384366376524,0.6418786692759295,0.5496010766125157,0.7548148148148148,0.4818219599368298,0.947170891732458,0.6418786692759295,0.7416323226316361,0.6418786692759295,0.6418786692759295,0.6418786692759295,0.6654282884116205
7,biMaxInfgain,minmax,gaussian_noise,noImbl,BalancedRandomForest,last,0.25,0.2,5012,2026-05-30 18:53:58,20260530-182225,log/stroke_prediction_v4/7/biMaxInfgain/gaussian_noise__noImbl__minmax/BalancedRandomForest,1780136562317_d342c02e17801384389772596,0.6927592954990215,0.5562202380952381,0.7720781893004115,0.5120012165450122,0.9471798993570032,0.6927592954990215,0.7799416486922736,0.6927592954990215,0.6927592954990215,0.6927592954990215,0.6984429806604666
7,biMaxInfgain,minmax,gaussian_noise,noImbl,EasyEnsemble,first,0.25,0.1,42,2026-05-30 18:51:30,20260530-182225,log/stroke_prediction_v4/7/biMaxInfgain/minmax__gaussian_noise__noImbl/EasyEnsemble,1780136562317_d342c02e17801382904256948,0.0508806262230919,0.5245098039215687,0.5010288065843621,0.0487823600529658,0.953474540501132,0.0508806262230919,0.0084781640351274,0.0508806262230919,0.0508806262230919,0.0508806262230919,0.226842644203157
7,biMaxInfgain,minmax,gaussian_noise,noImbl,EasyEnsemble,first,0.25,0.1,126,2026-05-30 18:51:32,20260530-182225,log/stroke_prediction_v4/7/biMaxInfgain/minmax__gaussian_noise__noImbl/EasyEnsemble,1780136562317_d342c02e17801382927576986,0.0489236790606653,0.0244618395303326,0.5,0.0466417910447761,0.0023935263728309,0.0489236790606653,0.0045637760317784,0.0489236790606653,0.0489236790606653,0.0489236790606653,0.0799358432760656
7,biMaxInfgain,minmax,gaussian_noise,noImbl,EasyEnsemble,first,0.25,0.1,5012,2026-05-30 18:51:35,20260530-182225,log/stroke_prediction_v4/7/biMaxInfgain/minmax__gaussian_noise__noImbl/EasyEnsemble,1780136562317_d342c02e17801382950387253,0.0489236790606653,0.0244618395303326,0.5,0.0466417910447761,0.0023935263728309,0.0489236790606653,0.0045637760317784,0.0489236790606653,0.0489236790606653,0.0489236790606653,0.0799358432760656
7,biMaxInfgain,minmax,gaussian_noise,noImbl,EasyEnsemble,first,0.25,0.2,42,2026-05-30 18:52:18,20260530-182225,log/stroke_prediction_v4/7/biMaxInfgain/minmax__gaussian_noise__noImbl/EasyEnsemble,1780136562317_d342c02e17801383385858192,0.0489236790606653,0.0244618395303326,0.5,0.0466417910447761,0.0023935263728309,0.0489236790606653,0.0045637760317784,0.0489236790606653,0.0489236790606653,0.0489236790606653,0.0799358432760656
7,biMaxInfgain,minmax,gaussian_noise,noImbl,EasyEnsemble,first,0.25,0.2,126,2026-05-30 18:52:20,20260530-182225,log/stroke_prediction_v4/7/biMaxInfgain/minmax__gaussian_noise__noImbl/EasyEnsemble,1780136562317_d342c02e17801383408761388,0.0489236790606653,0.0244618395303326,0.5,0.0466417910447761,0.0023935263728309,0.0489236790606653,0.0045637760317784,0.0489236790606653,0.0489236790606653,0.0489236790606653,0.0799358432760656
7,biMaxInfgain,minmax,gaussian_noise,noImbl,EasyEnsemble,first,0.25,0.2,5012,2026-05-30 18:52:23,20260530-182225,log/stroke_prediction_v4/7/biMaxInfgain/minmax__gaussian_noise__noImbl/EasyEnsemble,1780136562317_d342c02e17801383431807826,0.0489236790606653,0.0244618395303326,0.5,0.0466417910447761,0.0023935263728309,0.0489236790606653,0.0045637760317784,0.0489236790606653,0.0489236790606653,0.0489236790606653,0.0799358432760656
7,biMaxInfgain,minmax,gaussian_noise,noImbl,EasyEnsemble,last,0.25,0.1,42,2026-05-30 18:53:06,20260530-182225,log/stroke_prediction_v4/7/biMaxInfgain/gaussian_noise__noImbl__minmax/EasyEnsemble,1780136562317_d342c02e17801383868887185,0.0489236790606653,0.0244618395303326,0.5,0.0466417910447761,0.0023935263728309,0.0489236790606653,0.0045637760317784,0.0489236790606653,0.0489236790606653,0.0489236790606653,0.0799358432760656
7,biMaxInfgain,minmax,gaussian_noise,noImbl,EasyEnsemble,last,0.25,0.1,126,2026-05-30 18:53:09,20260530-182225,log/stroke_prediction_v4/7/biMaxInfgain/gaussian_noise__noImbl__minmax/EasyEnsemble,1780136562317_d342c02e17801383892035670,0.0489236790606653,0.0244618395303326,0.5,0.0466417910447761,0.0023935263728309,0.0489236790606653,0.0045637760317784,0.0489236790606653,0.0489236790606653,0.0489236790606653,0.0799358432760656
7,biMaxInfgain,minmax,gaussian_noise,noImbl,EasyEnsemble,last,0.25,0.1,5012,2026-05-30 18:53:11,20260530-182225,log/stroke_prediction_v4/7/biMaxInfgain/gaussian_noise__noImbl__minmax/EasyEnsemble,1780136562317_d342c02e17801383915394749,0.0489236790606653,0.0244618395303326,0.5,0.0466417910447761,0.0023935263728309,0.0489236790606653,0.0045637760317784,0.0489236790606653,0.0489236790606653,0.0489236790606653,0.0799358432760656
7,biMaxInfgain,minmax,gaussian_noise,noImbl,EasyEnsemble,last,0.25,0.2,42,2026-05-30 18:53:55,20260530-182225,log/stroke_prediction_v4/7/biMaxInfgain/gaussian_noise__noImbl__minmax/EasyEnsemble,1780136562317_d342c02e17801384355204833,0.0489236790606653,0.0244618395303326,0.5,0.0466417910447761,0.0023935263728309,0.0489236790606653,0.0045637760317784,0.0489236790606653,0.0489236790606653,0.0489236790606653,0.0799358432760656
7,biMaxInfgain,minmax,gaussian_noise,noImbl,EasyEnsemble,last,0.25,0.2,126,2026-05-30 18:53:57,20260530-182225,log/stroke_prediction_v4/7/biMaxInfgain/gaussian_noise__noImbl__minmax/EasyEnsemble,1780136562317_d342c02e17801384378211012,0.0489236790606653,0.0244618395303326,0.5,0.0466417910447761,0.0023935263728309,0.0489236790606653,0.0045637760317784,0.0489236790606653,0.0489236790606653,0.0489236790606653,0.0799358432760656
7,biMaxInfgain,minmax,gaussian_noise,noImbl,EasyEnsemble,last,0.25,0.2,5012,2026-05-30 18:54:00,20260530-182225,log/stroke_prediction_v4/7/biMaxInfgain/gaussian_noise__noImbl__minmax/EasyEnsemble,1780136562317_d342c02e17801384401728499,0.0489236790606653,0.0244618395303326,0.5,0.0466417910447761,0.0023935263728309,0.0489236790606653,0.0045637760317784,0.0489236790606653,0.0489236790606653,0.0489236790606653,0.0799358432760656
7,biMaxInfgain,minmax,gaussian_noise,noImbl,XGBClassifier_SPW24,first,0.25,0.1,42,2026-05-30 18:51:28,20260530-182225,log/stroke_prediction_v4/7/biMaxInfgain/minmax__gaussian_noise__noImbl/XGBClassifier_SPW24,1780136562317_d342c02e17801382884281955,0.9041095890410958,0.5633333333333332,0.5891358024691358,0.5728663789426996,0.921187214611872,0.9041095890410958,0.9122066452879456,0.9041095890410958,0.9041095890410958,0.9041095890410958,0.791770424292469
7,biMaxInfgain,minmax,gaussian_noise,noImbl,XGBClassifier_SPW24,first,0.25,0.1,126,2026-05-30 18:51:30,20260530-182225,log/stroke_prediction_v4/7/biMaxInfgain/minmax__gaussian_noise__noImbl/XGBClassifier_SPW24,1780136562317_d342c02e17801382907218509,0.9099804305283756,0.5328282828282829,0.5353086419753086,0.533980967486122,0.9132815434185296,0.9099804305283756,0.91161877241527,0.9099804305283756,0.9099804305283756,0.9099804305283756,0.778973980018771
7,biMaxInfgain,minmax,gaussian_noise,noImbl,XGBClassifier_SPW24,first,0.25,0.1,5012,2026-05-30 18:51:33,20260530-182225,log/stroke_prediction_v4/7/biMaxInfgain/minmax__gaussian_noise__noImbl/XGBClassifier_SPW24,1780136562317_d342c02e17801382930401935,0.9021526418786692,0.5504201680672269,0.5691358024691358,0.5573458073458073,0.9181042279925667,0.9021526418786692,0.9097980262363824,0.9021526418786692,0.9021526418786692,0.9021526418786692,0.7846986516416887
7,biMaxInfgain,minmax,gaussian_noise,noImbl,XGBClassifier_SPW24,first,0.25,0.2,42,2026-05-30 18:52:16,20260530-182225,log/stroke_prediction_v4/7/biMaxInfgain/minmax__gaussian_noise__noImbl/XGBClassifier_SPW24,1780136562317_d342c02e17801383366770157,0.9129158512720156,0.5856294444010315,0.6127366255144033,0.5965652291547465,0.92544708757113,0.9129158512720156,0.9188583491460418,0.9129158512720156,0.9129158512720156,0.9129158512720156,0.8048611930025809
7,biMaxInfgain,minmax,gaussian_noise,noImbl,XGBClassifier_SPW24,first,0.25,0.2,126,2026-05-30 18:52:18,20260530-182225,log/stroke_prediction_v4/7/biMaxInfgain/minmax__gaussian_noise__noImbl/XGBClassifier_SPW24,1780136562317_d342c02e17801383388753051,0.8835616438356164,0.5567976624314652,0.6067901234567901,0.5692727240530537,0.9224243503618385,0.8835616438356164,0.9012021444877876,0.8835616438356164,0.8835616438356164,0.8835616438356163,0.782597101440382
7,biMaxInfgain,minmax,gaussian_noise,noImbl,XGBClassifier_SPW24,first,0.25,0.2,5012,2026-05-30 18:52:21,20260530-182225,log/stroke_prediction_v4/7/biMaxInfgain/minmax__gaussian_noise__noImbl/XGBClassifier_SPW24,1780136562317_d342c02e17801383411824164,0.8962818003913894,0.5685127211290002,0.613477366255144,0.582516339869281,0.9240457694583212,0.8962818003913894,0.909030735581904,0.8962818003913894,0.8962818003913894,0.8962818003913894,0.7928483671584798
7,biMaxInfgain,minmax,gaussian_noise,noImbl,XGBClassifier_SPW24,last,0.25,0.1,42,2026-05-30 18:53:04,20260530-182225,log/stroke_prediction_v4/7/biMaxInfgain/gaussian_noise__noImbl__minmax/XGBClassifier_SPW24,1780136562317_d342c02e17801383848630718,0.9099804305283756,0.5598118279569892,0.5732510288065844,0.5654761904761905,0.9193390568777224,0.9099804305283756,0.914523343584009,0.9099804305283756,0.9099804305283756,0.9099804305283756,0.7912322936845096
7,biMaxInfgain,minmax,gaussian_noise,noImbl,XGBClassifier_SPW24,last,0.25,0.1,126,2026-05-30 18:53:07,20260530-182225,log/stroke_prediction_v4/7/biMaxInfgain/gaussian_noise__noImbl__minmax/XGBClassifier_SPW24,1780136562317_d342c02e17801383871837145,0.9119373776908024,0.5739170146137786,0.5932510288065844,0.5819470957185711,0.9225241452144676,0.9119373776908024,0.917025333580242,0.9119373776908024,0.9119373776908024,0.9119373776908022,0.7985900343346258
7,biMaxInfgain,minmax,gaussian_noise,noImbl,XGBClassifier_SPW24,last,0.25,0.1,5012,2026-05-30 18:53:09,20260530-182225,log/stroke_prediction_v4/7/biMaxInfgain/gaussian_noise__noImbl__minmax/XGBClassifier_SPW24,1780136562317_d342c02e17801383894937246,0.9119373776908024,0.5496894409937888,0.5553086419753086,0.5522518838717215,0.9167142735593344,0.9119373776908022,0.914293396209268,0.9119373776908024,0.9119373776908024,0.9119373776908022,0.7869279787413123
7,biMaxInfgain,minmax,gaussian_noise,noImbl,XGBClassifier_SPW24,last,0.25,0.2,42,2026-05-30 18:53:53,20260530-182225,log/stroke_prediction_v4/7/biMaxInfgain/gaussian_noise__noImbl__minmax/XGBClassifier_SPW24,1780136562317_d342c02e17801384335983827,0.9021526418786692,0.5504201680672269,0.5691358024691358,0.5573458073458073,0.9181042279925667,0.9021526418786692,0.9097980262363824,0.9021526418786692,0.9021526418786692,0.9021526418786692,0.7846986516416887
7,biMaxInfgain,minmax,gaussian_noise,noImbl,XGBClassifier_SPW24,last,0.25,0.2,126,2026-05-30 18:53:55,20260530-182225,log/stroke_prediction_v4/7/biMaxInfgain/gaussian_noise__noImbl__minmax/XGBClassifier_SPW24,1780136562317_d342c02e17801384358178971,0.8933463796477495,0.5420822314992549,0.5645061728395062,0.5490598498188515,0.9169266118151252,0.8933463796477495,0.904527017234578,0.8933463796477495,0.8933463796477495,0.8933463796477495,0.7777280835325028
7,biMaxInfgain,minmax,gaussian_noise,noImbl,XGBClassifier_SPW24,last,0.25,0.2,5012,2026-05-30 18:53:58,20260530-182225,log/stroke_prediction_v4/7/biMaxInfgain/gaussian_noise__noImbl__minmax/XGBClassifier_SPW24,1780136562317_d342c02e17801384381282054,0.8806262230919765,0.5463048855905999,0.5862757201646089,0.555664842057247,0.9194819717604176,0.8806262230919764,0.8984730723936548,0.8806262230919765,0.8806262230919765,0.8806262230919764,0.7755774341559882
7,biMaxInfgain,minmax,mixup,noImbl,BalancedRandomForest,first,0.25,0.1,42,2026-05-30 18:54:38,20260530-182225,log/stroke_prediction_v4/7/biMaxInfgain/minmax__mixup__noImbl/BalancedRandomForest,1780136562317_d342c02e17801384789826397,0.6183953033268101,0.535772086824067,0.6855555555555556,0.4579709198909903,0.936712116379484,0.6183953033268101,0.723998404653267,0.6183953033268101,0.6183953033268101,0.6183953033268101,0.6404574958882733
7,biMaxInfgain,minmax,mixup,noImbl,BalancedRandomForest,first,0.25,0.1,126,2026-05-30 18:54:40,20260530-182225,log/stroke_prediction_v4/7/biMaxInfgain/minmax__mixup__noImbl/BalancedRandomForest,1780136562317_d342c02e17801384808904315,0.6066536203522505,0.548341594189345,0.7552674897119342,0.4634399895520438,0.9495631473400824,0.6066536203522505,0.7135213675781622,0.6066536203522505,0.6066536203522505,0.6066536203522505,0.6445228748345672
7,biMaxInfgain,minmax,mixup,noImbl,BalancedRandomForest,first,0.25,0.1,5012,2026-05-30 18:54:42,20260530-182225,log/stroke_prediction_v4/7/biMaxInfgain/minmax__mixup__noImbl/BalancedRandomForest,1780136562317_d342c02e17801384827741814,0.5772994129158513,0.5308464182848648,0.6639506172839507,0.4341781496062992,0.934899824414766,0.5772994129158513,0.6909053962432778,0.5772994129158513,0.5772994129158513,0.5772994129158513,0.6126519830421351
7,biMaxInfgain,minmax,mixup,noImbl,BalancedRandomForest,first,0.25,0.2,42,2026-05-30 18:55:19,20260530-182225,log/stroke_prediction_v4/7/biMaxInfgain/minmax__mixup__noImbl/BalancedRandomForest,1780136562317_d342c02e17801385191738412,0.6164383561643836,0.5460952231301068,0.741440329218107,0.4663469735720374,0.9464431778066692,0.6164383561643836,0.7216684768010837,0.6164383561643836,0.6164383561643836,0.6164383561643836,0.6481755330372099
7,biMaxInfgain,minmax,mixup,noImbl,BalancedRandomForest,first,0.25,0.2,126,2026-05-30 18:55:21,20260530-182225,log/stroke_prediction_v4/7/biMaxInfgain/minmax__mixup__noImbl/BalancedRandomForest,1780136562317_d342c02e17801385210800090,0.5880626223091977,0.5460982083866206,0.7454938271604938,0.4521767805827072,0.9491314337680372,0.5880626223091977,0.6983197001737175,0.5880626223091977,0.5880626223091977,0.5880626223091977,0.6318718679686579
7,biMaxInfgain,minmax,mixup,noImbl,BalancedRandomForest,first,0.25,0.2,5012,2026-05-30 18:55:22,20260530-182225,log/stroke_prediction_v4/7/biMaxInfgain/minmax__mixup__noImbl/BalancedRandomForest,1780136562317_d342c02e17801385229693234,0.5968688845401174,0.5436441336441337,0.7311522633744856,0.454580310880829,0.9458836445137816,0.5968688845401174,0.7059022743173499,0.5968688845401174,0.5968688845401174,0.5968688845401174,0.6348879457490139
7,biMaxInfgain,minmax,mixup,noImbl,BalancedRandomForest,last,0.25,0.1,42,2026-05-30 18:55:59,20260530-182225,log/stroke_prediction_v4/7/biMaxInfgain/mixup__noImbl__minmax/BalancedRandomForest,1780136562317_d342c02e17801385592153026,0.6301369863013698,0.5373209651062194,0.6917283950617283,0.4648325160003325,0.9372105517507464,0.6301369863013698,0.7331612512425094,0.6301369863013698,0.6301369863013698,0.6301369863013698,0.6483798507988435
7,biMaxInfgain,minmax,mixup,noImbl,BalancedRandomForest,last,0.25,0.1,126,2026-05-30 18:56:01,20260530-182225,log/stroke_prediction_v4/7/biMaxInfgain/mixup__noImbl__minmax/BalancedRandomForest,1780136562317_d342c02e17801385611348273,0.6066536203522505,0.548341594189345,0.7552674897119342,0.4634399895520438,0.9495631473400824,0.6066536203522505,0.7135213675781622,0.6066536203522505,0.6066536203522505,0.6066536203522505,0.6445228748345672
7,biMaxInfgain,minmax,mixup,noImbl,BalancedRandomForest,last,0.25,0.1,5012,2026-05-30 18:56:03,20260530-182225,log/stroke_prediction_v4/7/biMaxInfgain/mixup__noImbl__minmax/BalancedRandomForest,1780136562317_d342c02e17801385630364195,0.5440313111545988,0.5272971314618806,0.6464609053497943,0.4149842031043479,0.9333211755852004,0.5440313111545988,0.6628621898175382,0.5440313111545988,0.5440313111545988,0.5440313111545988,0.5899974046398098
7,biMaxInfgain,minmax,mixup,noImbl,BalancedRandomForest,last,0.25,0.2,42,2026-05-30 18:56:39,20260530-182225,log/stroke_prediction_v4/7/biMaxInfgain/mixup__noImbl__minmax/BalancedRandomForest,1780136562317_d342c02e17801385994165580,0.6115459882583171,0.5401970149019053,0.7104115226337449,0.4587579288587112,0.9413174626739274,0.6115459882583171,0.7181881144322592,0.6115459882583171,0.6115459882583171,0.6115459882583171,0.6403529018179301
7,biMaxInfgain,minmax,mixup,noImbl,BalancedRandomForest,last,0.25,0.2,126,2026-05-30 18:56:41,20260530-182225,log/stroke_prediction_v4/7/biMaxInfgain/mixup__noImbl__minmax/BalancedRandomForest,1780136562317_d342c02e17801386013128030,0.5704500978473581,0.5441201901460682,0.7362345679012345,0.4415529939519767,0.9487231051558908,0.5704500978473581,0.6835960281506358,0.5704500978473581,0.5704500978473581,0.5704500978473581,0.6198601787746543
7,biMaxInfgain,minmax,mixup,noImbl,BalancedRandomForest,last,0.25,0.2,5012,2026-05-30 18:56:43,20260530-182225,log/stroke_prediction_v4/7/biMaxInfgain/mixup__noImbl__minmax/BalancedRandomForest,1780136562317_d342c02e17801386031953293,0.601761252446184,0.5442388954880922,0.7337242798353909,0.4575138081916648,0.9460238433317328,0.601761252446184,0.7098784070582049,0.601761252446184,0.601761252446184,0.601761252446184,0.6382120351314756
7,biMaxInfgain,minmax,mixup,noImbl,EasyEnsemble,first,0.25,0.1,42,2026-05-30 18:54:39,20260530-182225,log/stroke_prediction_v4/7/biMaxInfgain/minmax__mixup__noImbl/EasyEnsemble,1780136562317_d342c02e17801384799425325,0.0841487279843444,0.5253549695740365,0.5185185185185185,0.0839768339768339,0.9535572377274008,0.0841487279843443,0.0726563857679317,0.0841487279843444,0.0841487279843444,0.0841487279843444,0.2568975467374481
7,biMaxInfgain,minmax,mixup,noImbl,EasyEnsemble,first,0.25,0.1,126,2026-05-30 18:54:41,20260530-182225,log/stroke_prediction_v4/7/biMaxInfgain/minmax__mixup__noImbl/EasyEnsemble,1780136562317_d342c02e17801384818412495,0.0724070450097847,0.5250501002004008,0.5123456790123456,0.0718063092062907,0.9535274070646184,0.0724070450097846,0.0505032934054677,0.0724070450097847,0.0724070450097847,0.0724070450097847,0.2464015770234141
7,biMaxInfgain,minmax,mixup,noImbl,EasyEnsemble,first,0.25,0.1,5012,2026-05-30 18:54:43,20260530-182225,log/stroke_prediction_v4/7/biMaxInfgain/minmax__mixup__noImbl/EasyEnsemble,1780136562317_d342c02e17801384837273388,0.1506849315068493,0.5169989464300188,0.5345267489711933,0.1479406792684801,0.9360330925331976,0.1506849315068492,0.1915648269197976,0.1506849315068493,0.1506849315068493,0.1506849315068493,0.3099556773244223
7,biMaxInfgain,minmax,mixup,noImbl,EasyEnsemble,first,0.25,0.2,42,2026-05-30 18:55:20,20260530-182225,log/stroke_prediction_v4/7/biMaxInfgain/minmax__mixup__noImbl/EasyEnsemble,1780136562317_d342c02e17801385201390916,0.0968688845401174,0.5256937307297019,0.5252057613168724,0.0968680198720323,0.9535903846115168,0.0968688845401173,0.0960707958976316,0.0968688845401174,0.0968688845401174,0.0968688845401174,0.2681373638473056
7,biMaxInfgain,minmax,mixup,noImbl,EasyEnsemble,first,0.25,0.2,126,2026-05-30 18:55:22,20260530-182225,log/stroke_prediction_v4/7/biMaxInfgain/minmax__mixup__noImbl/EasyEnsemble,1780136562317_d342c02e17801385220394607,0.0851272015655577,0.5253807106598984,0.5190329218106996,0.084979149011553,0.9535597564246476,0.0851272015655576,0.0744788063352194,0.0851272015655577,0.0851272015655577,0.0851272015655577,0.2577669128177635
7,biMaxInfgain,minmax,mixup,noImbl,EasyEnsemble,first,0.25,0.2,5012,2026-05-30 18:55:23,20260530-182225,log/stroke_prediction_v4/7/biMaxInfgain/minmax__mixup__noImbl/EasyEnsemble,1780136562317_d342c02e17801385239288941,0.3590998043052837,0.5311215397673995,0.6440946502057613,0.3106278506719064,0.948500592651796,0.3590998043052837,0.4755398110039135,0.3590998043052837,0.3590998043052837,0.3590998043052837,0.473936749235982
7,biMaxInfgain,minmax,mixup,noImbl,EasyEnsemble,last,0.25,0.1,42,2026-05-30 18:56:00,20260530-182225,log/stroke_prediction_v4/7/biMaxInfgain/mixup__noImbl__minmax/EasyEnsemble,1780136562317_d342c02e17801385601940677,0.0998043052837573,0.5257731958762887,0.5267489711934156,0.0998008578431372,0.953598160066173,0.0998043052837572,0.1013901279689958,0.0998043052837573,0.0998043052837573,0.0998043052837573,0.2707124026989105
7,biMaxInfgain,minmax,mixup,noImbl,EasyEnsemble,last,0.25,0.1,126,2026-05-30 18:56:02,20260530-182225,log/stroke_prediction_v4/7/biMaxInfgain/mixup__noImbl__minmax/EasyEnsemble,1780136562317_d342c02e17801385620951969,0.1859099804305283,0.528344671201814,0.5720164609053497,0.1795473492450674,0.95384977213325,0.1859099804305283,0.2447289709450114,0.1859099804305283,0.1859099804305283,0.1859099804305283,0.3434265306247644
7,biMaxInfgain,minmax,mixup,noImbl,EasyEnsemble,last,0.25,0.1,5012,2026-05-30 18:56:03,20260530-182225,log/stroke_prediction_v4/7/biMaxInfgain/mixup__noImbl__minmax/EasyEnsemble,1780136562317_d342c02e17801385639891557,0.1585127201565557,0.5178693765699932,0.5386419753086419,0.1549886167856263,0.937270436333524,0.1585127201565557,0.2042192729673974,0.1585127201565557,0.1585127201565557,0.1585127201565557,0.3166644503467917
7,biMaxInfgain,minmax,mixup,noImbl,EasyEnsemble,last,0.25,0.2,42,2026-05-30 18:56:40,20260530-182225,log/stroke_prediction_v4/7/biMaxInfgain/mixup__noImbl__minmax/EasyEnsemble,1780136562317_d342c02e17801386003824813,0.3522504892367906,0.532904478150957,0.6499794238683128,0.3066855222167568,0.9514044223189504,0.3522504892367905,0.4670324672261885,0.3522504892367906,0.3522504892367906,0.3522504892367906,0.47038672654498
7,biMaxInfgain,minmax,mixup,noImbl,EasyEnsemble,last,0.25,0.2,126,2026-05-30 18:56:42,20260530-182225,log/stroke_prediction_v4/7/biMaxInfgain/mixup__noImbl__minmax/EasyEnsemble,1780136562317_d342c02e17801386022583520,0.086105675146771,0.5254065040650406,0.5195473251028806,0.0859796617959668,0.9535622802411976,0.086105675146771,0.0762976360091769,0.086105675146771,0.086105675146771,0.086105675146771,0.2586354756703918
7,biMaxInfgain,minmax,mixup,noImbl,EasyEnsemble,last,0.25,0.2,5012,2026-05-30 18:56:44,20260530-182225,log/stroke_prediction_v4/7/biMaxInfgain/mixup__noImbl__minmax/EasyEnsemble,1780136562317_d342c02e17801386041530431,0.3590998043052837,0.5311215397673995,0.6440946502057613,0.3106278506719064,0.948500592651796,0.3590998043052837,0.4755398110039135,0.3590998043052837,0.3590998043052837,0.3590998043052837,0.473936749235982
7,biMaxInfgain,minmax,mixup,noImbl,XGBClassifier_SPW24,first,0.25,0.1,42,2026-05-30 18:54:38,20260530-182225,log/stroke_prediction_v4/7/biMaxInfgain/minmax__mixup__noImbl/XGBClassifier_SPW24,1780136562317_d342c02e17801384783647463,0.9099804305283756,0.58109243697479,0.6111934156378601,0.5927581427581428,0.9248959857915772,0.9099804305283756,0.9170141841374718,0.9099804305283756,0.9099804305283756,0.9099804305283756,0.8021762050861151
7,biMaxInfgain,minmax,mixup,noImbl,XGBClassifier_SPW24,first,0.25,0.1,126,2026-05-30 18:54:40,20260530-182225,log/stroke_prediction_v4/7/biMaxInfgain/minmax__mixup__noImbl/XGBClassifier_SPW24,1780136562317_d342c02e17801384802826728,0.913894324853229,0.5373662551440329,0.5373662551440329,0.5373662551440329,0.913894324853229,0.913894324853229,0.913894324853229,0.913894324853229,0.913894324853229,0.913894324853229,0.7821095004550102
7,biMaxInfgain,minmax,mixup,noImbl,XGBClassifier_SPW24,first,0.25,0.1,5012,2026-05-30 18:54:42,20260530-182225,log/stroke_prediction_v4/7/biMaxInfgain/minmax__mixup__noImbl/XGBClassifier_SPW24,1780136562317_d342c02e17801384821616986,0.9099804305283756,0.5598118279569892,0.5732510288065844,0.5654761904761905,0.9193390568777224,0.9099804305283756,0.914523343584009,0.9099804305283756,0.9099804305283756,0.9099804305283756,0.7912322936845096
7,biMaxInfgain,minmax,mixup,noImbl,XGBClassifier_SPW24,first,0.25,0.2,42,2026-05-30 18:55:18,20260530-182225,log/stroke_prediction_v4/7/biMaxInfgain/minmax__mixup__noImbl/XGBClassifier_SPW24,1780136562317_d342c02e17801385185687653,0.9217221135029354,0.5856661379857255,0.5889094650205762,0.5872458149068072,0.9231864096925528,0.9217221135029356,0.9224492358911878,0.9217221135029354,0.9217221135029354,0.9217221135029354,0.8049193042907586
7,biMaxInfgain,minmax,mixup,noImbl,XGBClassifier_SPW24,first,0.25,0.2,126,2026-05-30 18:55:20,20260530-182225,log/stroke_prediction_v4/7/biMaxInfgain/minmax__mixup__noImbl/XGBClassifier_SPW24,1780136562317_d342c02e17801385204782303,0.9031311154598826,0.5806995447448866,0.6265637860082304,0.5962618164986053,0.9263761821858476,0.9031311154598824,0.9138078250758191,0.9031311154598826,0.9031311154598826,0.9031311154598826,0.801126843714013
7,biMaxInfgain,minmax,mixup,noImbl,XGBClassifier_SPW24,first,0.25,0.2,5012,2026-05-30 18:55:22,20260530-182225,log/stroke_prediction_v4/7/biMaxInfgain/minmax__mixup__noImbl/XGBClassifier_SPW24,1780136562317_d342c02e17801385223757261,0.8894324853228963,0.5532051976829605,0.5909053497942387,0.5638663872051966,0.9205056232801414,0.8894324853228963,0.9038119619102012,0.8894324853228963,0.8894324853228963,0.8894324853228963,0.7823863635722021
7,biMaxInfgain,minmax,mixup,noImbl,XGBClassifier_SPW24,last,0.25,0.1,42,2026-05-30 18:55:58,20260530-182225,log/stroke_prediction_v4/7/biMaxInfgain/mixup__noImbl__minmax/XGBClassifier_SPW24,1780136562317_d342c02e17801385586025606,0.9178082191780822,0.5719314355677991,0.577366255144033,0.5745043616177637,0.9208355870871436,0.9178082191780822,0.9193040965530728,0.9178082191780822,0.9178082191780822,0.9178082191780822,0.7982078841767559
7,biMaxInfgain,minmax,mixup,noImbl,XGBClassifier_SPW24,last,0.25,0.1,126,2026-05-30 18:56:00,20260530-182225,log/stroke_prediction_v4/7/biMaxInfgain/mixup__noImbl__minmax/XGBClassifier_SPW24,1780136562317_d342c02e17801385605238578,0.9080234833659492,0.4961926762491444,0.4963374485596708,0.4962560563793863,0.906244516596546,0.9080234833659492,0.9071322118789652,0.9080234833659492,0.9080234833659492,0.9080234833659492,0.7635950977256684
7,biMaxInfgain,minmax,mixup,noImbl,XGBClassifier_SPW24,last,0.25,0.1,5012,2026-05-30 18:56:02,20260530-182225,log/stroke_prediction_v4/7/biMaxInfgain/mixup__noImbl__minmax/XGBClassifier_SPW24,1780136562317_d342c02e17801385624279626,0.8962818003913894,0.5446478246355847,0.5660493827160494,0.5517321283744642,0.917299003540012,0.8962818003913894,0.906279893552595,0.8962818003913894,0.8962818003913894,0.8962818003913894,0.7800141445347792
7,biMaxInfgain,minmax,mixup,noImbl,XGBClassifier_SPW24,last,0.25,0.2,42,2026-05-30 18:56:38,20260530-182225,log/stroke_prediction_v4/7/biMaxInfgain/mixup__noImbl__minmax/XGBClassifier_SPW24,1780136562317_d342c02e17801385988237374,0.901174168297456,0.5493920409946536,0.5686213991769548,0.5563835776571558,0.9179637698278172,0.901174168297456,0.9092103529849658,0.901174168297456,0.901174168297456,0.901174168297456,0.7839064779152431
7,biMaxInfgain,minmax,mixup,noImbl,XGBClassifier_SPW24,last,0.25,0.2,126,2026-05-30 18:56:40,20260530-182225,log/stroke_prediction_v4/7/biMaxInfgain/mixup__noImbl__minmax/XGBClassifier_SPW24,1780136562317_d342c02e17801386007180265,0.901174168297456,0.5648388648388648,0.5970781893004116,0.5760189600713057,0.9220982539964928,0.901174168297456,0.9109833198305354,0.901174168297456,0.901174168297456,0.901174168297456,0.7919215401178354
7,biMaxInfgain,minmax,mixup,noImbl,XGBClassifier_SPW24,last,0.25,0.2,5012,2026-05-30 18:56:42,20260530-182225,log/stroke_prediction_v4/7/biMaxInfgain/mixup__noImbl__minmax/XGBClassifier_SPW24,1780136562317_d342c02e17801386025914179,0.898238747553816,0.5616109341825902,0.5955349794238682,0.5728317659352142,0.9216699178580776,0.898238747553816,0.9091829285499574,0.898238747553816,0.898238747553816,0.898238747553816,0.7894792863407557
7,biMaxInfgain,minmax,noAug,noImbl,BalancedRandomForest,first,0.25,0.1,42,2026-05-30 18:57:17,20260530-182225,log/stroke_prediction_v4/7/biMaxInfgain/minmax__noAug__noImbl/BalancedRandomForest,1780136562317_d342c02e17801386372404115,0.6125244618395304,0.5385590950625453,0.7014403292181071,0.4577581032412965,0.9397124372294878,0.6125244618395304,0.7191034926690834,0.6125244618395304,0.6125244618395304,0.6125244618395304,0.639510210273383
7,biMaxInfgain,minmax,noAug,noImbl,BalancedRandomForest,first,0.25,0.1,126,2026-05-30 18:57:18,20260530-182225,log/stroke_prediction_v4/7/biMaxInfgain/minmax__noAug__noImbl/BalancedRandomForest,1780136562317_d342c02e17801386388893633,0.589041095890411,0.5462121212121211,0.746008230452675,0.4527680319843342,0.9491541074711328,0.589041095890411,0.6991283553596337,0.589041095890411,0.589041095890411,0.589041095890411,0.6325383423713523
7,biMaxInfgain,minmax,noAug,noImbl,BalancedRandomForest,first,0.25,0.1,5012,2026-05-30 18:57:20,20260530-182225,log/stroke_prediction_v4/7/biMaxInfgain/minmax__noAug__noImbl/BalancedRandomForest,1780136562317_d342c02e17801386405409872,0.547945205479452,0.5347341469397767,0.6864609053497942,0.4227174694464414,0.9407540127257972,0.547945205479452,0.6652804371406342,0.547945205479452,0.547945205479452,0.547945205479452,0.5985726746813788
7,biMaxInfgain,minmax,noAug,noImbl,BalancedRandomForest,first,0.25,0.2,42,2026-05-30 18:57:52,20260530-182225,log/stroke_prediction_v4/7/biMaxInfgain/minmax__noAug__noImbl/BalancedRandomForest,1780136562317_d342c02e17801386720865176,0.589041095890411,0.5392132530868027,0.7080658436213991,0.4469696969696969,0.9422068589194936,0.589041095890411,0.6998458162841724,0.589041095890411,0.589041095890411,0.589041095890411,0.6265873609070142
7,biMaxInfgain,minmax,noAug,noImbl,BalancedRandomForest,first,0.25,0.2,126,2026-05-30 18:57:53,20260530-182225,log/stroke_prediction_v4/7/biMaxInfgain/minmax__noAug__noImbl/BalancedRandomForest,1780136562317_d342c02e17801386737510636,0.5655577299412916,0.5435937595970763,0.7336625514403292,0.4386060414109822,0.9486093727444054,0.5655577299412916,0.6794485451660135,0.5655577299412916,0.5655577299412916,0.5655577299412916,0.6165178483412469
7,biMaxInfgain,minmax,noAug,noImbl,BalancedRandomForest,first,0.25,0.2,5012,2026-05-30 18:57:55,20260530-182225,log/stroke_prediction_v4/7/biMaxInfgain/minmax__noAug__noImbl/BalancedRandomForest,1780136562317_d342c02e17801386754797485,0.576320939334638,0.5412644834136736,0.7203497942386832,0.4422993309245441,0.9452901379027872,0.576320939334638,0.6889418917111839,0.576320939334638,0.576320939334638,0.576320939334638,0.6209050006847288
7,biMaxInfgain,minmax,noAug,noImbl,BalancedRandomForest,last,0.25,0.1,42,2026-05-30 18:58:27,20260530-182225,log/stroke_prediction_v4/7/biMaxInfgain/noAug__noImbl__minmax/BalancedRandomForest,1780136562317_d342c02e17801387071481457,0.6125244618395304,0.5385590950625453,0.7014403292181071,0.4577581032412965,0.9397124372294878,0.6125244618395304,0.7191034926690834,0.6125244618395304,0.6125244618395304,0.6125244618395304,0.639510210273383
7,biMaxInfgain,minmax,noAug,noImbl,BalancedRandomForest,last,0.25,0.1,126,2026-05-30 18:58:28,20260530-182225,log/stroke_prediction_v4/7/biMaxInfgain/noAug__noImbl__minmax/BalancedRandomForest,1780136562317_d342c02e17801387088093965,0.589041095890411,0.5462121212121211,0.746008230452675,0.4527680319843342,0.9491541074711328,0.589041095890411,0.6991283553596337,0.589041095890411,0.589041095890411,0.589041095890411,0.6325383423713523
7,biMaxInfgain,minmax,noAug,noImbl,BalancedRandomForest,last,0.25,0.1,5012,2026-05-30 18:58:30,20260530-182225,log/stroke_prediction_v4/7/biMaxInfgain/noAug__noImbl__minmax/BalancedRandomForest,1780136562317_d342c02e17801387104636564,0.547945205479452,0.5347341469397767,0.6864609053497942,0.4227174694464414,0.9407540127257972,0.547945205479452,0.6652804371406342,0.547945205479452,0.547945205479452,0.547945205479452,0.5985726746813788
7,biMaxInfgain,minmax,noAug,noImbl,BalancedRandomForest,last,0.25,0.2,42,2026-05-30 18:59:02,20260530-182225,log/stroke_prediction_v4/7/biMaxInfgain/noAug__noImbl__minmax/BalancedRandomForest,1780136562317_d342c02e17801387420962521,0.589041095890411,0.5392132530868027,0.7080658436213991,0.4469696969696969,0.9422068589194936,0.589041095890411,0.6998458162841724,0.589041095890411,0.589041095890411,0.589041095890411,0.6265873609070142
7,biMaxInfgain,minmax,noAug,noImbl,BalancedRandomForest,last,0.25,0.2,126,2026-05-30 18:59:03,20260530-182225,log/stroke_prediction_v4/7/biMaxInfgain/noAug__noImbl__minmax/BalancedRandomForest,1780136562317_d342c02e17801387437663562,0.5655577299412916,0.5435937595970763,0.7336625514403292,0.4386060414109822,0.9486093727444054,0.5655577299412916,0.6794485451660135,0.5655577299412916,0.5655577299412916,0.5655577299412916,0.6165178483412469
7,biMaxInfgain,minmax,noAug,noImbl,BalancedRandomForest,last,0.25,0.2,5012,2026-05-30 18:59:05,20260530-182225,log/stroke_prediction_v4/7/biMaxInfgain/noAug__noImbl__minmax/BalancedRandomForest,1780136562317_d342c02e17801387454675255,0.576320939334638,0.5412644834136736,0.7203497942386832,0.4422993309245441,0.9452901379027872,0.576320939334638,0.6889418917111839,0.576320939334638,0.576320939334638,0.576320939334638,0.6209050006847288
7,biMaxInfgain,minmax,noAug,noImbl,EasyEnsemble,first,0.25,0.1,42,2026-05-30 18:57:18,20260530-182225,log/stroke_prediction_v4/7/biMaxInfgain/minmax__noAug__noImbl/EasyEnsemble,1780136562317_d342c02e17801386380936452,0.0782778864970645,0.5252016129032258,0.5154320987654321,0.0779247646741066,0.9535422321823116,0.0782778864970644,0.0616458486357474,0.0782778864970645,0.0782778864970645,0.0782778864970645,0.2516643409804008
7,biMaxInfgain,minmax,noAug,noImbl,EasyEnsemble,first,0.25,0.1,126,2026-05-30 18:57:19,20260530-182225,log/stroke_prediction_v4/7/biMaxInfgain/minmax__noAug__noImbl/EasyEnsemble,1780136562317_d342c02e17801386397324508,0.0626223091976516,0.5248015873015873,0.507201646090535,0.0614577621675095,0.9535030907340104,0.0626223091976516,0.0316324187844265,0.0626223091976516,0.0626223091976516,0.0626223091976516,0.2375630832344643
7,biMaxInfgain,minmax,noAug,noImbl,EasyEnsemble,first,0.25,0.1,5012,2026-05-30 18:57:21,20260530-182225,log/stroke_prediction_v4/7/biMaxInfgain/minmax__noAug__noImbl/EasyEnsemble,1780136562317_d342c02e17801386413882113,0.1604696673189823,0.5180740962951852,0.5396707818930041,0.1567364837574288,0.9375541007685428,0.1604696673189823,0.2073540608714337,0.1604696673189823,0.1604696673189823,0.1604696673189823,0.3183313465175954
7,biMaxInfgain,minmax,noAug,noImbl,EasyEnsemble,first,0.25,0.2,42,2026-05-30 18:57:52,20260530-182225,log/stroke_prediction_v4/7/biMaxInfgain/minmax__noAug__noImbl/EasyEnsemble,1780136562317_d342c02e17801386729482836,0.3062622309197652,0.5329380764163373,0.6352880658436214,0.2747601627440284,0.9542992246982718,0.3062622309197652,0.4111212278051985,0.3062622309197652,0.3062622309197652,0.3062622309197652,0.437639637646113
7,biMaxInfgain,minmax,noAug,noImbl,EasyEnsemble,first,0.25,0.2,126,2026-05-30 18:57:54,20260530-182225,log/stroke_prediction_v4/7/biMaxInfgain/minmax__noAug__noImbl/EasyEnsemble,1780136562317_d342c02e17801386746858749,0.0684931506849315,0.5249500998003992,0.5102880658436214,0.0676898074328467,0.9535176222896672,0.0684931506849315,0.0430003914854435,0.0684931506849315,0.0684931506849315,0.0684931506849315,0.2428763689050848
7,biMaxInfgain,minmax,noAug,noImbl,EasyEnsemble,first,0.25,0.2,5012,2026-05-30 18:57:56,20260530-182225,log/stroke_prediction_v4/7/biMaxInfgain/minmax__noAug__noImbl/EasyEnsemble,1780136562317_d342c02e17801386763433427,0.3590998043052837,0.5311215397673995,0.6440946502057613,0.3106278506719064,0.948500592651796,0.3590998043052837,0.4755398110039135,0.3590998043052837,0.3590998043052837,0.3590998043052837,0.473936749235982
7,biMaxInfgain,minmax,noAug,noImbl,EasyEnsemble,last,0.25,0.1,42,2026-05-30 18:58:27,20260530-182225,log/stroke_prediction_v4/7/biMaxInfgain/noAug__noImbl__minmax/EasyEnsemble,1780136562317_d342c02e17801387079935193,0.0782778864970645,0.5252016129032258,0.5154320987654321,0.0779247646741066,0.9535422321823116,0.0782778864970644,0.0616458486357474,0.0782778864970645,0.0782778864970645,0.0782778864970645,0.2516643409804008
7,biMaxInfgain,minmax,noAug,noImbl,EasyEnsemble,last,0.25,0.1,126,2026-05-30 18:58:29,20260530-182225,log/stroke_prediction_v4/7/biMaxInfgain/noAug__noImbl__minmax/EasyEnsemble,1780136562317_d342c02e17801387096643235,0.0626223091976516,0.5248015873015873,0.507201646090535,0.0614577621675095,0.9535030907340104,0.0626223091976516,0.0316324187844265,0.0626223091976516,0.0626223091976516,0.0626223091976516,0.2375630832344643
7,biMaxInfgain,minmax,noAug,noImbl,EasyEnsemble,last,0.25,0.1,5012,2026-05-30 18:58:31,20260530-182225,log/stroke_prediction_v4/7/biMaxInfgain/noAug__noImbl__minmax/EasyEnsemble,1780136562317_d342c02e17801387113328679,0.1604696673189823,0.5180740962951852,0.5396707818930041,0.1567364837574288,0.9375541007685428,0.1604696673189823,0.2073540608714337,0.1604696673189823,0.1604696673189823,0.1604696673189823,0.3183313465175954
7,biMaxInfgain,minmax,noAug,noImbl,EasyEnsemble,last,0.25,0.2,42,2026-05-30 18:59:02,20260530-182225,log/stroke_prediction_v4/7/biMaxInfgain/noAug__noImbl__minmax/EasyEnsemble,1780136562317_d342c02e17801387429545110,0.3062622309197652,0.5329380764163373,0.6352880658436214,0.2747601627440284,0.9542992246982718,0.3062622309197652,0.4111212278051985,0.3062622309197652,0.3062622309197652,0.3062622309197652,0.437639637646113
7,biMaxInfgain,minmax,noAug,noImbl,EasyEnsemble,last,0.25,0.2,126,2026-05-30 18:59:04,20260530-182225,log/stroke_prediction_v4/7/biMaxInfgain/noAug__noImbl__minmax/EasyEnsemble,1780136562317_d342c02e17801387446235431,0.0684931506849315,0.5249500998003992,0.5102880658436214,0.0676898074328467,0.9535176222896672,0.0684931506849315,0.0430003914854435,0.0684931506849315,0.0684931506849315,0.0684931506849315,0.2428763689050848
7,biMaxInfgain,minmax,noAug,noImbl,EasyEnsemble,last,0.25,0.2,5012,2026-05-30 18:59:06,20260530-182225,log/stroke_prediction_v4/7/biMaxInfgain/noAug__noImbl__minmax/EasyEnsemble,1780136562317_d342c02e17801387463286047,0.3590998043052837,0.5311215397673995,0.6440946502057613,0.3106278506719064,0.948500592651796,0.3590998043052837,0.4755398110039135,0.3590998043052837,0.3590998043052837,0.3590998043052837,0.473936749235982
7,biMaxInfgain,minmax,noAug,noImbl,XGBClassifier_SPW24,first,0.25,0.1,42,2026-05-30 18:57:16,20260530-182225,log/stroke_prediction_v4/7/biMaxInfgain/minmax__noAug__noImbl/XGBClassifier_SPW24,1780136562317_d342c02e17801386367254209,0.9178082191780822,0.5941532258064516,0.6153086419753087,0.6032608695652174,0.926458241272647,0.917808219178082,0.9219560963158344,0.9178082191780822,0.9178082191780822,0.9178082191780822,0.8094978434588312
7,biMaxInfgain,minmax,noAug,noImbl,XGBClassifier_SPW24,first,0.25,0.1,126,2026-05-30 18:57:18,20260530-182225,log/stroke_prediction_v4/7/biMaxInfgain/minmax__noAug__noImbl/XGBClassifier_SPW24,1780136562317_d342c02e17801386383776851,0.9119373776908024,0.5180527036276522,0.5173662551440329,0.5176919688738804,0.9102359320145036,0.9119373776908024,0.911084032650073,0.9119373776908024,0.9119373776908024,0.9119373776908022,0.7736568403835327
7,biMaxInfgain,minmax,noAug,noImbl,XGBClassifier_SPW24,first,0.25,0.1,5012,2026-05-30 18:57:20,20260530-182225,log/stroke_prediction_v4/7/biMaxInfgain/minmax__noAug__noImbl/XGBClassifier_SPW24,1780136562317_d342c02e17801386400217005,0.9099804305283756,0.5328282828282829,0.5353086419753086,0.533980967486122,0.9132815434185296,0.9099804305283756,0.91161877241527,0.9099804305283756,0.9099804305283756,0.9099804305283756,0.778973980018771
7,biMaxInfgain,minmax,noAug,noImbl,XGBClassifier_SPW24,first,0.25,0.2,42,2026-05-30 18:57:51,20260530-182225,log/stroke_prediction_v4/7/biMaxInfgain/minmax__noAug__noImbl/XGBClassifier_SPW24,1780136562317_d342c02e17801386715847864,0.9187866927592956,0.5855740387237524,0.5968518518518517,0.5907246488692891,0.923924332799491,0.9187866927592954,0.921296457029492,0.9187866927592956,0.9187866927592956,0.9187866927592956,0.8049528653260447
7,biMaxInfgain,minmax,noAug,noImbl,XGBClassifier_SPW24,first,0.25,0.2,126,2026-05-30 18:57:53,20260530-182225,log/stroke_prediction_v4/7/biMaxInfgain/minmax__noAug__noImbl/XGBClassifier_SPW24,1780136562317_d342c02e17801386732452505,0.9031311154598826,0.5671312917986624,0.5981069958847736,0.578205315268369,0.9223971603945856,0.9031311154598824,0.9121870184752536,0.9031311154598826,0.9031311154598826,0.9031311154598826,0.7935748410532985
7,biMaxInfgain,minmax,noAug,noImbl,XGBClassifier_SPW24,first,0.25,0.2,5012,2026-05-30 18:57:54,20260530-182225,log/stroke_prediction_v4/7/biMaxInfgain/minmax__noAug__noImbl/XGBClassifier_SPW24,1780136562317_d342c02e17801386749729589,0.8962818003913894,0.5446478246355847,0.5660493827160494,0.5517321283744642,0.917299003540012,0.8962818003913894,0.906279893552595,0.8962818003913894,0.8962818003913894,0.8962818003913894,0.7800141445347792
7,biMaxInfgain,minmax,noAug,noImbl,XGBClassifier_SPW24,last,0.25,0.1,42,2026-05-30 18:58:26,20260530-182225,log/stroke_prediction_v4/7/biMaxInfgain/noAug__noImbl__minmax/XGBClassifier_SPW24,1780136562317_d342c02e17801387066358573,0.9178082191780822,0.5941532258064516,0.6153086419753087,0.6032608695652174,0.926458241272647,0.917808219178082,0.9219560963158344,0.9178082191780822,0.9178082191780822,0.9178082191780822,0.8094978434588312
7,biMaxInfgain,minmax,noAug,noImbl,XGBClassifier_SPW24,last,0.25,0.1,126,2026-05-30 18:58:28,20260530-182225,log/stroke_prediction_v4/7/biMaxInfgain/noAug__noImbl__minmax/XGBClassifier_SPW24,1780136562317_d342c02e17801387082781032,0.9119373776908024,0.5180527036276522,0.5173662551440329,0.5176919688738804,0.9102359320145036,0.9119373776908024,0.911084032650073,0.9119373776908024,0.9119373776908024,0.9119373776908022,0.7736568403835327
7,biMaxInfgain,minmax,noAug,noImbl,XGBClassifier_SPW24,last,0.25,0.1,5012,2026-05-30 18:58:29,20260530-182225,log/stroke_prediction_v4/7/biMaxInfgain/noAug__noImbl__minmax/XGBClassifier_SPW24,1780136562317_d342c02e17801387099495092,0.9099804305283756,0.5328282828282829,0.5353086419753086,0.533980967486122,0.9132815434185296,0.9099804305283756,0.91161877241527,0.9099804305283756,0.9099804305283756,0.9099804305283756,0.778973980018771
7,biMaxInfgain,minmax,noAug,noImbl,XGBClassifier_SPW24,last,0.25,0.2,42,2026-05-30 18:59:01,20260530-182225,log/stroke_prediction_v4/7/biMaxInfgain/noAug__noImbl__minmax/XGBClassifier_SPW24,1780136562317_d342c02e17801387415905453,0.9187866927592956,0.5855740387237524,0.5968518518518517,0.5907246488692891,0.923924332799491,0.9187866927592954,0.921296457029492,0.9187866927592956,0.9187866927592956,0.9187866927592956,0.8049528653260447
7,biMaxInfgain,minmax,noAug,noImbl,XGBClassifier_SPW24,last,0.25,0.2,126,2026-05-30 18:59:03,20260530-182225,log/stroke_prediction_v4/7/biMaxInfgain/noAug__noImbl__minmax/XGBClassifier_SPW24,1780136562317_d342c02e17801387432515239,0.9031311154598826,0.5671312917986624,0.5981069958847736,0.578205315268369,0.9223971603945856,0.9031311154598824,0.9121870184752536,0.9031311154598826,0.9031311154598826,0.9031311154598826,0.7935748410532985
7,biMaxInfgain,minmax,noAug,noImbl,XGBClassifier_SPW24,last,0.25,0.2,5012,2026-05-30 18:59:04,20260530-182225,log/stroke_prediction_v4/7/biMaxInfgain/noAug__noImbl__minmax/XGBClassifier_SPW24,1780136562317_d342c02e17801387449543334,0.8962818003913894,0.5446478246355847,0.5660493827160494,0.5517321283744642,0.917299003540012,0.8962818003913894,0.906279893552595,0.8962818003913894,0.8962818003913894,0.8962818003913894,0.7800141445347792
7,biMaxInfgain,standard,gaussian_noise,noImbl,BalancedRandomForest,first,0.25,0.1,42,2026-05-30 18:59:43,20260530-182225,log/stroke_prediction_v4/7/biMaxInfgain/standard__gaussian_noise__noImbl/BalancedRandomForest,1780136562317_d342c02e17801387838346135,0.6790606653620352,0.544690280456037,0.7174485596707819,0.494059405940594,0.9392428119316112,0.6790606653620352,0.7700645211292166,0.6790606653620352,0.6790606653620352,0.6790606653620352,0.6813810204111286
7,biMaxInfgain,standard,gaussian_noise,noImbl,BalancedRandomForest,first,0.25,0.1,126,2026-05-30 18:59:46,20260530-182225,log/stroke_prediction_v4/7/biMaxInfgain/standard__gaussian_noise__noImbl/BalancedRandomForest,1780136562317_d342c02e17801387862156755,0.6731898238747553,0.5580742375337593,0.790246913580247,0.5047673764051138,0.9511726471870868,0.6731898238747553,0.76531351158466,0.6731898238747553,0.6731898238747553,0.6731898238747553,0.6897374425784775
7,biMaxInfgain,standard,gaussian_noise,noImbl,BalancedRandomForest,first,0.25,0.1,5012,2026-05-30 18:59:48,20260530-182225,log/stroke_prediction_v4/7/biMaxInfgain/standard__gaussian_noise__noImbl/BalancedRandomForest,1780136562317_d342c02e17801387886077013,0.6653620352250489,0.5460711331679075,0.7292181069958847,0.4893613291179925,0.9417049881919524,0.6653620352250489,0.7598157475025025,0.6653620352250489,0.6653620352250489,0.6653620352250489,0.675220798418668
7,biMaxInfgain,standard,gaussian_noise,noImbl,BalancedRandomForest,first,0.25,0.2,42,2026-05-30 19:00:33,20260530-182225,log/stroke_prediction_v4/7/biMaxInfgain/standard__gaussian_noise__noImbl/BalancedRandomForest,1780136562317_d342c02e17801388333926561,0.6575342465753424,0.5501963372111969,0.753559670781893,0.4897930074398648,0.9460585469461656,0.6575342465753424,0.7537135236223057,0.6575342465753424,0.6575342465753424,0.6575342465753424,0.674521133783388
7,biMaxInfgain,standard,gaussian_noise,noImbl,BalancedRandomForest,first,0.25,0.2,126,2026-05-30 19:00:35,20260530-182225,log/stroke_prediction_v4/7/biMaxInfgain/standard__gaussian_noise__noImbl/BalancedRandomForest,1780136562317_d342c02e17801388357813694,0.6643835616438356,0.5566005423148279,0.7856172839506173,0.4991591836151532,0.9509495257328636,0.6643835616438356,0.758676860859523,0.6643835616438356,0.6643835616438356,0.6643835616438356,0.6837455665285663
7,biMaxInfgain,standard,gaussian_noise,noImbl,BalancedRandomForest,first,0.25,0.2,5012,2026-05-30 19:00:38,20260530-182225,log/stroke_prediction_v4/7/biMaxInfgain/standard__gaussian_noise__noImbl/BalancedRandomForest,1780136562317_d342c02e17801388381489278,0.6937377690802349,0.5564039901735802,0.7725925925925926,0.5126326454433957,0.9472118424943692,0.6937377690802349,0.7806566004886054,0.6937377690802349,0.6937377690802349,0.6937377690802349,0.6991093370479481
7,biMaxInfgain,standard,gaussian_noise,noImbl,BalancedRandomForest,last,0.25,0.1,42,2026-05-30 19:01:23,20260530-182225,log/stroke_prediction_v4/7/biMaxInfgain/gaussian_noise__noImbl__standard/BalancedRandomForest,1780136562317_d342c02e17801388831195313,0.6731898238747553,0.5437143336690164,0.7143621399176955,0.4904797444547272,0.939000432906405,0.6731898238747553,0.7657390471103905,0.6731898238747553,0.6731898238747553,0.6731898238747553,0.6774164389339814
7,biMaxInfgain,standard,gaussian_noise,noImbl,BalancedRandomForest,last,0.25,0.1,126,2026-05-30 19:01:25,20260530-182225,log/stroke_prediction_v4/7/biMaxInfgain/gaussian_noise__noImbl__standard/BalancedRandomForest,1780136562317_d342c02e17801388854506313,0.6653620352250489,0.5532218396458436,0.7671604938271606,0.4963776260050142,0.9478526042413676,0.6653620352250489,0.7595594254997303,0.6653620352250489,0.6653620352250489,0.6653620352250489,0.6813588655871682
7,biMaxInfgain,standard,gaussian_noise,noImbl,BalancedRandomForest,last,0.25,0.1,5012,2026-05-30 19:01:27,20260530-182225,log/stroke_prediction_v4/7/biMaxInfgain/gaussian_noise__noImbl__standard/BalancedRandomForest,1780136562317_d342c02e17801388878122759,0.6653620352250489,0.5460711331679075,0.7292181069958847,0.4893613291179925,0.9417049881919524,0.6653620352250489,0.7598157475025025,0.6653620352250489,0.6653620352250489,0.6653620352250489,0.675220798418668
7,biMaxInfgain,standard,gaussian_noise,noImbl,BalancedRandomForest,last,0.25,0.2,42,2026-05-30 19:02:12,20260530-182225,log/stroke_prediction_v4/7/biMaxInfgain/gaussian_noise__noImbl__standard/BalancedRandomForest,1780136562317_d342c02e17801389325282820,0.662426614481409,0.5491881311628785,0.7466460905349794,0.491090952391262,0.9446649554798676,0.662426614481409,0.7574846799580672,0.662426614481409,0.662426614481409,0.662426614481409,0.6763069083627353
7,biMaxInfgain,standard,gaussian_noise,noImbl,BalancedRandomForest,last,0.25,0.2,126,2026-05-30 19:02:14,20260530-182225,log/stroke_prediction_v4/7/biMaxInfgain/gaussian_noise__noImbl__standard/BalancedRandomForest,1780136562317_d342c02e17801389348906325,0.6692759295499021,0.5574110509919659,0.7881893004115226,0.5022679461686983,0.951072951871421,0.6692759295499021,0.7623715959617218,0.6692759295499021,0.6692759295499021,0.6692759295499021,0.6870736334670146
7,biMaxInfgain,standard,gaussian_noise,noImbl,BalancedRandomForest,last,0.25,0.2,5012,2026-05-30 19:02:17,20260530-182225,log/stroke_prediction_v4/7/biMaxInfgain/gaussian_noise__noImbl__standard/BalancedRandomForest,1780136562317_d342c02e17801389373602428,0.6731898238747553,0.5527400099485988,0.7617901234567901,0.4995484400656814,0.9465511037071672,0.6731898238747553,0.7654908916802431,0.6731898238747553,0.6731898238747553,0.6731898238747553,0.6851399530230464
7,biMaxInfgain,standard,gaussian_noise,noImbl,EasyEnsemble,first,0.25,0.1,42,2026-05-30 18:59:45,20260530-182225,log/stroke_prediction_v4/7/biMaxInfgain/standard__gaussian_noise__noImbl/EasyEnsemble,1780136562317_d342c02e17801387850628592,0.0489236790606653,0.0244618395303326,0.5,0.0466417910447761,0.0023935263728309,0.0489236790606653,0.0045637760317784,0.0489236790606653,0.0489236790606653,0.0489236790606653,0.0799358432760656
7,biMaxInfgain,standard,gaussian_noise,noImbl,EasyEnsemble,first,0.25,0.1,126,2026-05-30 18:59:47,20260530-182225,log/stroke_prediction_v4/7/biMaxInfgain/standard__gaussian_noise__noImbl/EasyEnsemble,1780136562317_d342c02e17801387873893157,0.0489236790606653,0.0244618395303326,0.5,0.0466417910447761,0.0023935263728309,0.0489236790606653,0.0045637760317784,0.0489236790606653,0.0489236790606653,0.0489236790606653,0.0799358432760656
7,biMaxInfgain,standard,gaussian_noise,noImbl,EasyEnsemble,first,0.25,0.1,5012,2026-05-30 18:59:49,20260530-182225,log/stroke_prediction_v4/7/biMaxInfgain/standard__gaussian_noise__noImbl/EasyEnsemble,1780136562317_d342c02e17801387898257166,0.0489236790606653,0.0244618395303326,0.5,0.0466417910447761,0.0023935263728309,0.0489236790606653,0.0045637760317784,0.0489236790606653,0.0489236790606653,0.0489236790606653,0.0799358432760656
7,biMaxInfgain,standard,gaussian_noise,noImbl,EasyEnsemble,first,0.25,0.2,42,2026-05-30 19:00:34,20260530-182225,log/stroke_prediction_v4/7/biMaxInfgain/standard__gaussian_noise__noImbl/EasyEnsemble,1780136562317_d342c02e17801388345640197,0.0489236790606653,0.0244618395303326,0.5,0.0466417910447761,0.0023935263728309,0.0489236790606653,0.0045637760317784,0.0489236790606653,0.0489236790606653,0.0489236790606653,0.0799358432760656
7,biMaxInfgain,standard,gaussian_noise,noImbl,EasyEnsemble,first,0.25,0.2,126,2026-05-30 19:00:36,20260530-182225,log/stroke_prediction_v4/7/biMaxInfgain/standard__gaussian_noise__noImbl/EasyEnsemble,1780136562317_d342c02e17801388369849881,0.0489236790606653,0.0244618395303326,0.5,0.0466417910447761,0.0023935263728309,0.0489236790606653,0.0045637760317784,0.0489236790606653,0.0489236790606653,0.0489236790606653,0.0799358432760656
7,biMaxInfgain,standard,gaussian_noise,noImbl,EasyEnsemble,first,0.25,0.2,5012,2026-05-30 19:00:39,20260530-182225,log/stroke_prediction_v4/7/biMaxInfgain/standard__gaussian_noise__noImbl/EasyEnsemble,1780136562317_d342c02e17801388393695519,0.0489236790606653,0.0244618395303326,0.5,0.0466417910447761,0.0023935263728309,0.0489236790606653,0.0045637760317784,0.0489236790606653,0.0489236790606653,0.0489236790606653,0.0799358432760656
7,biMaxInfgain,standard,gaussian_noise,noImbl,EasyEnsemble,last,0.25,0.1,42,2026-05-30 19:01:24,20260530-182225,log/stroke_prediction_v4/7/biMaxInfgain/gaussian_noise__noImbl__standard/EasyEnsemble,1780136562317_d342c02e17801388842827752,0.0489236790606653,0.0244618395303326,0.5,0.0466417910447761,0.0023935263728309,0.0489236790606653,0.0045637760317784,0.0489236790606653,0.0489236790606653,0.0489236790606653,0.0799358432760656
7,biMaxInfgain,standard,gaussian_noise,noImbl,EasyEnsemble,last,0.25,0.1,126,2026-05-30 19:01:26,20260530-182225,log/stroke_prediction_v4/7/biMaxInfgain/gaussian_noise__noImbl__standard/EasyEnsemble,1780136562317_d342c02e17801388866560205,0.0489236790606653,0.0244618395303326,0.5,0.0466417910447761,0.0023935263728309,0.0489236790606653,0.0045637760317784,0.0489236790606653,0.0489236790606653,0.0489236790606653,0.0799358432760656
7,biMaxInfgain,standard,gaussian_noise,noImbl,EasyEnsemble,last,0.25,0.1,5012,2026-05-30 19:01:28,20260530-182225,log/stroke_prediction_v4/7/biMaxInfgain/gaussian_noise__noImbl__standard/EasyEnsemble,1780136562317_d342c02e17801388889930185,0.0489236790606653,0.0244618395303326,0.5,0.0466417910447761,0.0023935263728309,0.0489236790606653,0.0045637760317784,0.0489236790606653,0.0489236790606653,0.0489236790606653,0.0799358432760656
7,biMaxInfgain,standard,gaussian_noise,noImbl,EasyEnsemble,last,0.25,0.2,42,2026-05-30 19:02:13,20260530-182225,log/stroke_prediction_v4/7/biMaxInfgain/gaussian_noise__noImbl__standard/EasyEnsemble,1780136562317_d342c02e17801389337435144,0.0489236790606653,0.0244618395303326,0.5,0.0466417910447761,0.0023935263728309,0.0489236790606653,0.0045637760317784,0.0489236790606653,0.0489236790606653,0.0489236790606653,0.0799358432760656
7,biMaxInfgain,standard,gaussian_noise,noImbl,EasyEnsemble,last,0.25,0.2,126,2026-05-30 19:02:16,20260530-182225,log/stroke_prediction_v4/7/biMaxInfgain/gaussian_noise__noImbl__standard/EasyEnsemble,1780136562317_d342c02e17801389361093175,0.0489236790606653,0.0244618395303326,0.5,0.0466417910447761,0.0023935263728309,0.0489236790606653,0.0045637760317784,0.0489236790606653,0.0489236790606653,0.0489236790606653,0.0799358432760656
7,biMaxInfgain,standard,gaussian_noise,noImbl,EasyEnsemble,last,0.25,0.2,5012,2026-05-30 19:02:18,20260530-182225,log/stroke_prediction_v4/7/biMaxInfgain/gaussian_noise__noImbl__standard/EasyEnsemble,1780136562317_d342c02e17801389385276947,0.0489236790606653,0.0244618395303326,0.5,0.0466417910447761,0.0023935263728309,0.0489236790606653,0.0045637760317784,0.0489236790606653,0.0489236790606653,0.0489236790606653,0.0799358432760656
7,biMaxInfgain,standard,gaussian_noise,noImbl,XGBClassifier_SPW24,first,0.25,0.1,42,2026-05-30 18:59:42,20260530-182225,log/stroke_prediction_v4/7/biMaxInfgain/standard__gaussian_noise__noImbl/XGBClassifier_SPW24,1780136562317_d342c02e17801387829895608,0.8747553816046967,0.5381713554987213,0.5737037037037037,0.5451207299432514,0.917548460718415,0.8747553816046967,0.8944576826235419,0.8747553816046967,0.8747553816046967,0.8747553816046967,0.7687812665189816
7,biMaxInfgain,standard,gaussian_noise,noImbl,XGBClassifier_SPW24,first,0.25,0.1,126,2026-05-30 18:59:45,20260530-182225,log/stroke_prediction_v4/7/biMaxInfgain/standard__gaussian_noise__noImbl/XGBClassifier_SPW24,1780136562317_d342c02e17801387853662530,0.8590998043052838,0.5512935494998275,0.6223868312757201,0.5613733905579399,0.923731038910104,0.8590998043052838,0.8873873495544375,0.8590998043052838,0.8590998043052838,0.8590998043052838,0.7706951747075351
7,biMaxInfgain,standard,gaussian_noise,noImbl,XGBClassifier_SPW24,first,0.25,0.1,5012,2026-05-30 18:59:47,20260530-182225,log/stroke_prediction_v4/7/biMaxInfgain/standard__gaussian_noise__noImbl/XGBClassifier_SPW24,1780136562317_d342c02e17801387877869940,0.8395303326810176,0.5288412291933419,0.574156378600823,0.5286402087832973,0.916992114580384,0.8395303326810176,0.8739904427998011,0.8395303326810176,0.8395303326810176,0.8395303326810175,0.7482057030473266
7,biMaxInfgain,standard,gaussian_noise,noImbl,XGBClassifier_SPW24,first,0.25,0.2,42,2026-05-30 19:00:32,20260530-182225,log/stroke_prediction_v4/7/biMaxInfgain/standard__gaussian_noise__noImbl/XGBClassifier_SPW24,1780136562317_d342c02e17801388325807419,0.8874755381604696,0.5515574650912995,0.5898765432098766,0.5619831322696899,0.9202675405315076,0.8874755381604698,0.9026233118738886,0.8874755381604696,0.8874755381604696,0.8874755381604696,0.7808513367689929
7,biMaxInfgain,standard,gaussian_noise,noImbl,XGBClassifier_SPW24,first,0.25,0.2,126,2026-05-30 19:00:34,20260530-182225,log/stroke_prediction_v4/7/biMaxInfgain/standard__gaussian_noise__noImbl/XGBClassifier_SPW24,1780136562317_d342c02e17801388349512820,0.8698630136986302,0.5393701578624758,0.5806172839506173,0.5464824917004487,0.9183681840825434,0.8698630136986302,0.891971299675331,0.8698630136986302,0.8698630136986302,0.8698630136986303,0.7675488367753825
7,biMaxInfgain,standard,gaussian_noise,noImbl,XGBClassifier_SPW24,first,0.25,0.2,5012,2026-05-30 19:00:37,20260530-182225,log/stroke_prediction_v4/7/biMaxInfgain/standard__gaussian_noise__noImbl/XGBClassifier_SPW24,1780136562317_d342c02e17801388372966423,0.8669275929549902,0.5453394991246099,0.5980452674897119,0.5541527130887768,0.9206612997722184,0.8669275929549902,0.8910434131315907,0.8669275929549902,0.8669275929549902,0.8669275929549902,0.769955062753705
7,biMaxInfgain,standard,gaussian_noise,noImbl,XGBClassifier_SPW24,last,0.25,0.1,42,2026-05-30 19:01:22,20260530-182225,log/stroke_prediction_v4/7/biMaxInfgain/gaussian_noise__noImbl__standard/XGBClassifier_SPW24,1780136562317_d342c02e17801388822759532,0.8767123287671232,0.5304850611951043,0.555761316872428,0.5353003161222338,0.9150893271004072,0.8767123287671232,0.8946403568283846,0.8767123287671232,0.8767123287671232,0.8767123287671232,0.765309602966236
7,biMaxInfgain,standard,gaussian_noise,noImbl,XGBClassifier_SPW24,last,0.25,0.1,126,2026-05-30 19:01:24,20260530-182225,log/stroke_prediction_v4/7/biMaxInfgain/gaussian_noise__noImbl__standard/XGBClassifier_SPW24,1780136562317_d342c02e17801388845852548,0.8669275929549902,0.5489913004349782,0.6075308641975309,0.5589907604832978,0.92193947054115,0.8669275929549902,0.8914471533859915,0.8669275929549902,0.8669275929549902,0.8669275929549902,0.7721828877797552
7,biMaxInfgain,standard,gaussian_noise,noImbl,XGBClassifier_SPW24,last,0.25,0.1,5012,2026-05-30 19:01:26,20260530-182225,log/stroke_prediction_v4/7/biMaxInfgain/gaussian_noise__noImbl__standard/XGBClassifier_SPW24,1780136562317_d342c02e17801388869595078,0.8688845401174168,0.5427197802197802,0.5895884773662552,0.5508193280067173,0.919566783510032,0.8688845401174168,0.891814822850979,0.8688845401174168,0.8688845401174168,0.8688845401174168,0.7691364427852276
7,biMaxInfgain,standard,gaussian_noise,noImbl,XGBClassifier_SPW24,last,0.25,0.2,42,2026-05-30 19:02:11,20260530-182225,log/stroke_prediction_v4/7/biMaxInfgain/gaussian_noise__noImbl__standard/XGBClassifier_SPW24,1780136562317_d342c02e17801389316676841,0.8904109589041096,0.5540563558497178,0.5914197530864198,0.5648219961372933,0.9206272116607688,0.8904109589041097,0.9044068645434072,0.8904109589041096,0.8904109589041096,0.8904109589041096,0.7831590447234393
7,biMaxInfgain,standard,gaussian_noise,noImbl,XGBClassifier_SPW24,last,0.25,0.2,126,2026-05-30 19:02:14,20260530-182225,log/stroke_prediction_v4/7/biMaxInfgain/gaussian_noise__noImbl__standard/XGBClassifier_SPW24,1780136562317_d342c02e17801389340538649,0.87279843444227,0.5411242481667627,0.5821604938271605,0.5489053672316384,0.9186595564951798,0.87279843444227,0.8937430207745973,0.87279843444227,0.87279843444227,0.87279843444227,0.7697110618267535
7,biMaxInfgain,standard,gaussian_noise,noImbl,XGBClassifier_SPW24,last,0.25,0.2,5012,2026-05-30 19:02:16,20260530-182225,log/stroke_prediction_v4/7/biMaxInfgain/gaussian_noise__noImbl__standard/XGBClassifier_SPW24,1780136562317_d342c02e17801389364377794,0.8688845401174168,0.5305985828458433,0.5611316872427984,0.5350255323772273,0.9156598823574368,0.8688845401174169,0.8904735752599696,0.8688845401174168,0.8688845401174168,0.8688845401174168,0.7621176974371539
7,biMaxInfgain,standard,mixup,noImbl,BalancedRandomForest,first,0.25,0.1,42,2026-05-30 19:02:58,20260530-182225,log/stroke_prediction_v4/7/biMaxInfgain/standard__mixup__noImbl/BalancedRandomForest,1780136562317_d342c02e17801389783244016,0.5851272015655578,0.535250046534715,0.6870370370370371,0.4417027417027417,0.938642475819251,0.5851272015655578,0.6969872050106884,0.5851272015655578,0.5851272015655578,0.5851272015655578,0.6209473285723378
7,biMaxInfgain,standard,mixup,noImbl,BalancedRandomForest,first,0.25,0.1,126,2026-05-30 19:03:00,20260530-182225,log/stroke_prediction_v4/7/biMaxInfgain/standard__mixup__noImbl/BalancedRandomForest,1780136562317_d342c02e17801389802916175,0.6125244618395304,0.5490867579908676,0.7583539094650206,0.4670129377554891,0.9497002028433816,0.6125244618395304,0.7182519362676352,0.6125244618395304,0.6125244618395304,0.6125244618395304,0.6485136028692076
7,biMaxInfgain,standard,mixup,noImbl,BalancedRandomForest,first,0.25,0.1,5012,2026-05-30 19:03:02,20260530-182225,log/stroke_prediction_v4/7/biMaxInfgain/standard__mixup__noImbl/BalancedRandomForest,1780136562317_d342c02e17801389822488305,0.5577299412915852,0.5357471899760456,0.691604938271605,0.4284908349499188,0.9411091242345928,0.5577299412915852,0.673672843277113,0.5577299412915852,0.5577299412915852,0.5577299412915852,0.6052626534989131
7,biMaxInfgain,standard,mixup,noImbl,BalancedRandomForest,first,0.25,0.2,42,2026-05-30 19:03:39,20260530-182225,log/stroke_prediction_v4/7/biMaxInfgain/standard__mixup__noImbl/BalancedRandomForest,1780136562317_d342c02e17801390194299147,0.6056751467710372,0.54121731307086,0.7168106995884773,0.4568267570843207,0.9427721959868288,0.6056751467710372,0.7133467856659143,0.6056751467710372,0.6056751467710372,0.6056751467710372,0.6378761109855665
7,biMaxInfgain,standard,mixup,noImbl,BalancedRandomForest,first,0.25,0.2,126,2026-05-30 19:03:41,20260530-182225,log/stroke_prediction_v4/7/biMaxInfgain/standard__mixup__noImbl/BalancedRandomForest,1780136562317_d342c02e17801390213923584,0.5968688845401174,0.5471396661909784,0.7501234567901235,0.4575036075036075,0.9493356251199796,0.5968688845401174,0.7055630388311406,0.5968688845401174,0.5968688845401174,0.5968688845401174,0.6378674255763672
7,biMaxInfgain,standard,mixup,noImbl,BalancedRandomForest,first,0.25,0.2,5012,2026-05-30 19:03:43,20260530-182225,log/stroke_prediction_v4/7/biMaxInfgain/standard__mixup__noImbl/BalancedRandomForest,1780136562317_d342c02e17801390233413713,0.5998043052837574,0.5439996109327887,0.7326954732510288,0.4563398490490454,0.94596779992961,0.5998043052837574,0.708290760760292,0.5998043052837574,0.5998043052837574,0.5998043052837574,0.6368826019962462
7,biMaxInfgain,standard,mixup,noImbl,BalancedRandomForest,last,0.25,0.1,42,2026-05-30 19:04:20,20260530-182225,log/stroke_prediction_v4/7/biMaxInfgain/mixup__noImbl__standard/BalancedRandomForest,1780136562317_d342c02e17801390608129037,0.6086105675146771,0.5345338248731765,0.6804115226337448,0.4522809123649459,0.9362912173170802,0.6086105675146771,0.7162661542111953,0.6086105675146771,0.6086105675146771,0.6086105675146771,0.6338499434746921
7,biMaxInfgain,standard,mixup,noImbl,BalancedRandomForest,last,0.25,0.1,126,2026-05-30 19:04:22,20260530-182225,log/stroke_prediction_v4/7/biMaxInfgain/mixup__noImbl__standard/BalancedRandomForest,1780136562317_d342c02e17801390627702050,0.6105675146771037,0.5488363011558888,0.7573251028806585,0.4658209229637801,0.9496544621880026,0.6105675146771037,0.7166787379255929,0.6105675146771037,0.6105675146771037,0.6105675146771037,0.6471835416267021
7,biMaxInfgain,standard,mixup,noImbl,BalancedRandomForest,last,0.25,0.1,5012,2026-05-30 19:04:24,20260530-182225,log/stroke_prediction_v4/7/biMaxInfgain/mixup__noImbl__standard/BalancedRandomForest,1780136562317_d342c02e17801390648012515,0.5772994129158513,0.5343614718614719,0.6829218106995885,0.4371328328981723,0.938328631577164,0.5772994129158513,0.6905320226556234,0.5772994129158513,0.5772994129158513,0.5772994129158513,0.6156306849132321
7,biMaxInfgain,standard,mixup,noImbl,BalancedRandomForest,last,0.25,0.2,42,2026-05-30 19:05:02,20260530-182225,log/stroke_prediction_v4/7/biMaxInfgain/mixup__noImbl__standard/BalancedRandomForest,1780136562317_d342c02e17801391021938705,0.598825831702544,0.5421298891380169,0.7226954732510288,0.4542646078186213,0.9442349587110476,0.598825831702544,0.707658996451657,0.598825831702544,0.598825831702544,0.598825831702544,0.6347249054315683
7,biMaxInfgain,standard,mixup,noImbl,BalancedRandomForest,last,0.25,0.2,126,2026-05-30 19:05:04,20260530-182225,log/stroke_prediction_v4/7/biMaxInfgain/mixup__noImbl__standard/BalancedRandomForest,1780136562317_d342c02e17801391041540023,0.589041095890411,0.5479583796811272,0.7554938271604938,0.454184786755169,0.9509186386700594,0.589041095890411,0.6989436785321239,0.589041095890411,0.589041095890411,0.589041095890411,0.6340227927004262
7,biMaxInfgain,standard,mixup,noImbl,BalancedRandomForest,last,0.25,0.2,5012,2026-05-30 19:05:06,20260530-182225,log/stroke_prediction_v4/7/biMaxInfgain/mixup__noImbl__standard/BalancedRandomForest,1780136562317_d342c02e17801391061183986,0.6281800391389433,0.5476646915301497,0.7476131687242799,0.4734587183825762,0.9467784038705126,0.6281800391389433,0.730955212493353,0.6281800391389433,0.6281800391389433,0.6281800391389433,0.6561397316994609
7,biMaxInfgain,standard,mixup,noImbl,EasyEnsemble,first,0.25,0.1,42,2026-05-30 19:02:59,20260530-182225,log/stroke_prediction_v4/7/biMaxInfgain/standard__mixup__noImbl/EasyEnsemble,1780136562317_d342c02e17801389793039571,0.1878669275929549,0.5284090909090909,0.5730452674897119,0.1812320225478272,0.953856075431418,0.1878669275929549,0.2477253100653029,0.1878669275929549,0.1878669275929549,0.1878669275929549,0.3450214143121735
7,biMaxInfgain,standard,mixup,noImbl,EasyEnsemble,first,0.25,0.1,126,2026-05-30 19:03:01,20260530-182225,log/stroke_prediction_v4/7/biMaxInfgain/standard__mixup__noImbl/EasyEnsemble,1780136562317_d342c02e17801389812758165,0.1917808219178082,0.5285388127853881,0.5751028806584362,0.1845860202382377,0.953868768374304,0.1917808219178081,0.253686094702445,0.1917808219178082,0.1917808219178082,0.1917808219178082,0.3482041921900384
7,biMaxInfgain,standard,mixup,noImbl,EasyEnsemble,first,0.25,0.1,5012,2026-05-30 19:03:03,20260530-182225,log/stroke_prediction_v4/7/biMaxInfgain/standard__mixup__noImbl/EasyEnsemble,1780136562317_d342c02e17801389832203957,0.2250489236790606,0.5232048355297291,0.5736213991769546,0.211493500420836,0.9435408458146164,0.2250489236790605,0.3047629052274262,0.2250489236790606,0.2250489236790606,0.2250489236790606,0.3714947383709935
7,biMaxInfgain,standard,mixup,noImbl,EasyEnsemble,first,0.25,0.2,42,2026-05-30 19:03:40,20260530-182225,log/stroke_prediction_v4/7/biMaxInfgain/standard__mixup__noImbl/EasyEnsemble,1780136562317_d342c02e17801390204195777,0.4178082191780822,0.5367833826432002,0.6844444444444444,0.3504998168210603,0.952295127775166,0.4178082191780822,0.5391270112683981,0.4178082191780822,0.4178082191780822,0.4178082191780822,0.5179196073709326
7,biMaxInfgain,standard,mixup,noImbl,EasyEnsemble,first,0.25,0.2,126,2026-05-30 19:03:42,20260530-182225,log/stroke_prediction_v4/7/biMaxInfgain/standard__mixup__noImbl/EasyEnsemble,1780136562317_d342c02e17801390223823535,0.0724070450097847,0.5250501002004008,0.5123456790123456,0.0718063092062907,0.9535274070646184,0.0724070450097846,0.0505032934054677,0.0724070450097847,0.0724070450097847,0.0724070450097847,0.2464015770234141
7,biMaxInfgain,standard,mixup,noImbl,EasyEnsemble,first,0.25,0.2,5012,2026-05-30 19:03:44,20260530-182225,log/stroke_prediction_v4/7/biMaxInfgain/standard__mixup__noImbl/EasyEnsemble,1780136562317_d342c02e17801390243153897,0.3590998043052837,0.5311215397673995,0.6440946502057613,0.3106278506719064,0.948500592651796,0.3590998043052837,0.4755398110039135,0.3590998043052837,0.3590998043052837,0.3590998043052837,0.473936749235982
7,biMaxInfgain,standard,mixup,noImbl,EasyEnsemble,last,0.25,0.1,42,2026-05-30 19:04:21,20260530-182225,log/stroke_prediction_v4/7/biMaxInfgain/mixup__noImbl__standard/EasyEnsemble,1780136562317_d342c02e17801390617858809,0.0978473581213307,0.5257201646090535,0.5257201646090535,0.0978473581213307,0.9535929710967764,0.0978473581213307,0.0978473581213307,0.0978473581213307,0.0978473581213307,0.0978473581213307,0.2689964807164197
7,biMaxInfgain,standard,mixup,noImbl,EasyEnsemble,last,0.25,0.1,126,2026-05-30 19:04:23,20260530-182225,log/stroke_prediction_v4/7/biMaxInfgain/mixup__noImbl__standard/EasyEnsemble,1780136562317_d342c02e17801390638175027,0.0939334637964774,0.5256147540983607,0.5236625514403292,0.0939195839412983,0.9535826569567868,0.0939334637964774,0.0907202773225042,0.0939334637964774,0.0939334637964774,0.0939334637964774,0.265555360957709
7,biMaxInfgain,standard,mixup,noImbl,EasyEnsemble,last,0.25,0.1,5012,2026-05-30 19:04:25,20260530-182225,log/stroke_prediction_v4/7/biMaxInfgain/mixup__noImbl__standard/EasyEnsemble,1780136562317_d342c02e17801390657678403,0.1682974559686888,0.5188492063492063,0.5437860082304526,0.1636725624525853,0.9386007827788648,0.1682974559686887,0.2197798232663674,0.1682974559686888,0.1682974559686888,0.1682974559686888,0.3249604399811708
7,biMaxInfgain,standard,mixup,noImbl,EasyEnsemble,last,0.25,0.2,42,2026-05-30 19:05:03,20260530-182225,log/stroke_prediction_v4/7/biMaxInfgain/mixup__noImbl__standard/EasyEnsemble,1780136562317_d342c02e17801391031653838,0.3894324853228962,0.5350297619047619,0.6695267489711934,0.331860984573864,0.9519263116205388,0.3894324853228962,0.5087973968758899,0.3894324853228962,0.3894324853228962,0.3894324853228962,0.4975200335962708
7,biMaxInfgain,standard,mixup,noImbl,EasyEnsemble,last,0.25,0.2,126,2026-05-30 19:05:05,20260530-182225,log/stroke_prediction_v4/7/biMaxInfgain/mixup__noImbl__standard/EasyEnsemble,1780136562317_d342c02e17801391051405793,0.1007827788649706,0.5257997936016512,0.5272633744855967,0.1007750305177241,0.9536007625833318,0.1007827788649706,0.1031563559047937,0.1007827788649706,0.1007827788649706,0.1007827788649706,0.2715692125764238
7,biMaxInfgain,standard,mixup,noImbl,EasyEnsemble,last,0.25,0.2,5012,2026-05-30 19:05:07,20260530-182225,log/stroke_prediction_v4/7/biMaxInfgain/mixup__noImbl__standard/EasyEnsemble,1780136562317_d342c02e17801391071185729,0.3590998043052837,0.5311215397673995,0.6440946502057613,0.3106278506719064,0.948500592651796,0.3590998043052837,0.4755398110039135,0.3590998043052837,0.3590998043052837,0.3590998043052837,0.473936749235982
7,biMaxInfgain,standard,mixup,noImbl,XGBClassifier_SPW24,first,0.25,0.1,42,2026-05-30 19:02:57,20260530-182225,log/stroke_prediction_v4/7/biMaxInfgain/standard__mixup__noImbl/XGBClassifier_SPW24,1780136562317_d342c02e17801389776848995,0.8884540117416829,0.5382018479033405,0.5619341563786008,0.544783933734469,0.916342942820146,0.8884540117416829,0.9016125507644815,0.8884540117416829,0.8884540117416829,0.8884540117416829,0.7739889720817242
7,biMaxInfgain,standard,mixup,noImbl,XGBClassifier_SPW24,first,0.25,0.1,126,2026-05-30 19:02:59,20260530-182225,log/stroke_prediction_v4/7/biMaxInfgain/standard__mixup__noImbl/XGBClassifier_SPW24,1780136562317_d342c02e17801389796534563,0.8688845401174168,0.5502017203318871,0.608559670781893,0.5607092908374713,0.9221328087398092,0.8688845401174168,0.8926457158796556,0.8688845401174168,0.8688845401174168,0.8688845401174168,0.7736464870398944
7,biMaxInfgain,standard,mixup,noImbl,XGBClassifier_SPW24,first,0.25,0.1,5012,2026-05-30 19:03:01,20260530-182225,log/stroke_prediction_v4/7/biMaxInfgain/standard__mixup__noImbl/XGBClassifier_SPW24,1780136562317_d342c02e17801389816292007,0.8610567514677103,0.5140611070589188,0.528559670781893,0.5129871001516839,0.9109965712585538,0.8610567514677103,0.8844225382458696,0.8610567514677103,0.8610567514677103,0.8610567514677103,0.7493958812566537
7,biMaxInfgain,standard,mixup,noImbl,XGBClassifier_SPW24,first,0.25,0.2,42,2026-05-30 19:03:38,20260530-182225,log/stroke_prediction_v4/7/biMaxInfgain/standard__mixup__noImbl/XGBClassifier_SPW24,1780136562317_d342c02e17801390188003384,0.8776908023483366,0.5599093622195203,0.6226748971193417,0.5737617403199707,0.9243303669443568,0.8776908023483367,0.8984692666121532,0.8776908023483366,0.8776908023483366,0.8776908023483365,0.7826024346074749
7,biMaxInfgain,standard,mixup,noImbl,XGBClassifier_SPW24,first,0.25,0.2,126,2026-05-30 19:03:40,20260530-182225,log/stroke_prediction_v4/7/biMaxInfgain/standard__mixup__noImbl/XGBClassifier_SPW24,1780136562317_d342c02e17801390207695912,0.8786692759295499,0.5449349240780912,0.5852469135802469,0.5539317141851461,0.9192695620428664,0.87866927592955,0.8972895489653528,0.8786692759295499,0.8786692759295499,0.87866927592955,0.774096039814515
7,biMaxInfgain,standard,mixup,noImbl,XGBClassifier_SPW24,first,0.25,0.2,5012,2026-05-30 19:03:42,20260530-182225,log/stroke_prediction_v4/7/biMaxInfgain/standard__mixup__noImbl/XGBClassifier_SPW24,1780136562317_d342c02e17801390227312754,0.8688845401174168,0.5572616407982262,0.6275308641975308,0.5701299516604934,0.9246738059801876,0.8688845401174168,0.8934301048967416,0.8688845401174168,0.8688845401174168,0.8688845401174168,0.7780344556281461
7,biMaxInfgain,standard,mixup,noImbl,XGBClassifier_SPW24,last,0.25,0.1,42,2026-05-30 19:04:20,20260530-182225,log/stroke_prediction_v4/7/biMaxInfgain/mixup__noImbl__standard/XGBClassifier_SPW24,1780136562317_d342c02e17801390601913830,0.9041095890410958,0.5819532908704884,0.6270781893004115,0.5974760871312594,0.9265334613035512,0.9041095890410958,0.9144223749797674,0.9041095890410958,0.9041095890410958,0.9041095890410958,0.8019850990805373
7,biMaxInfgain,standard,mixup,noImbl,XGBClassifier_SPW24,last,0.25,0.1,126,2026-05-30 19:04:22,20260530-182225,log/stroke_prediction_v4/7/biMaxInfgain/mixup__noImbl__standard/XGBClassifier_SPW24,1780136562317_d342c02e17801390621293803,0.8904109589041096,0.5745207173778601,0.6388477366255144,0.5920857566427187,0.9271245947231408,0.8904109589041096,0.9067949517056504,0.8904109589041096,0.8904109589041096,0.8904109589041096,0.7950457946865505
7,biMaxInfgain,standard,mixup,noImbl,XGBClassifier_SPW24,last,0.25,0.1,5012,2026-05-30 19:04:24,20260530-182225,log/stroke_prediction_v4/7/biMaxInfgain/mixup__noImbl__standard/XGBClassifier_SPW24,1780136562317_d342c02e17801390641694836,0.8590998043052838,0.5133373205741627,0.5275308641975308,0.5117834394904458,0.9108348392775214,0.8590998043052838,0.8832749573086366,0.8590998043052838,0.8590998043052838,0.8590998043052838,0.7480689836468972
7,biMaxInfgain,standard,mixup,noImbl,XGBClassifier_SPW24,last,0.25,0.2,42,2026-05-30 19:05:01,20260530-182225,log/stroke_prediction_v4/7/biMaxInfgain/mixup__noImbl__standard/XGBClassifier_SPW24,1780136562317_d342c02e17801391015846531,0.8884540117416829,0.5798139768728003,0.6567901234567901,0.5997113997113996,0.9294037952378,0.8884540117416829,0.9064172617988664,0.8884540117416829,0.8884540117416829,0.8884540117416829,0.7979016934799519
7,biMaxInfgain,standard,mixup,noImbl,XGBClassifier_SPW24,last,0.25,0.2,126,2026-05-30 19:05:03,20260530-182225,log/stroke_prediction_v4/7/biMaxInfgain/mixup__noImbl__standard/XGBClassifier_SPW24,1780136562317_d342c02e17801391035228157,0.8855185909980431,0.5499785872194636,0.5888477366255145,0.5601358136865765,0.9200358641140212,0.8855185909980431,0.9014360647459309,0.8855185909980431,0.8855185909980431,0.8855185909980431,0.779329436959993
7,biMaxInfgain,standard,mixup,noImbl,XGBClassifier_SPW24,last,0.25,0.2,5012,2026-05-30 19:05:05,20260530-182225,log/stroke_prediction_v4/7/biMaxInfgain/mixup__noImbl__standard/XGBClassifier_SPW24,1780136562317_d342c02e17801391054922288,0.8737769080234834,0.5375777808297326,0.5731893004115226,0.5443224354786864,0.9174498338599264,0.8737769080234834,0.8938702187770785,0.8737769080234834,0.8737769080234834,0.8737769080234834,0.768061352857876
7,biMaxInfgain,standard,noAug,noImbl,BalancedRandomForest,first,0.25,0.1,42,2026-05-30 19:05:41,20260530-182225,log/stroke_prediction_v4/7/biMaxInfgain/standard__noAug__noImbl/BalancedRandomForest,1780136562317_d342c02e17801391410626431,0.5909980430528375,0.5359320557491289,0.6901234567901235,0.4451337042867459,0.9388752326857908,0.5909980430528375,0.7017881324209758,0.5909980430528375,0.5909980430528375,0.5909980430528375,0.6249305672497975
7,biMaxInfgain,standard,noAug,noImbl,BalancedRandomForest,first,0.25,0.1,126,2026-05-30 19:05:42,20260530-182225,log/stroke_prediction_v4/7/biMaxInfgain/standard__noAug__noImbl/BalancedRandomForest,1780136562317_d342c02e17801391428481016,0.5909980430528375,0.54644128113879,0.747037037037037,0.4539509676099905,0.949199462361847,0.5909980430528375,0.7007427714348049,0.5909980430528375,0.5909980430528375,0.5909980430528375,0.6338710561316216
7,biMaxInfgain,standard,noAug,noImbl,BalancedRandomForest,first,0.25,0.1,5012,2026-05-30 19:05:44,20260530-182225,log/stroke_prediction_v4/7/biMaxInfgain/standard__noAug__noImbl/BalancedRandomForest,1780136562317_d342c02e17801391445678147,0.5616438356164384,0.5326498277135122,0.6746913580246914,0.4280003198209003,0.93768733205439,0.5616438356164384,0.6774321448482001,0.5616438356164384,0.5616438356164384,0.5616438356164384,0.6049752557261996
7,biMaxInfgain,standard,noAug,noImbl,BalancedRandomForest,first,0.25,0.2,42,2026-05-30 19:06:17,20260530-182225,log/stroke_prediction_v4/7/biMaxInfgain/standard__noAug__noImbl/BalancedRandomForest,1780136562317_d342c02e17801391771438318,0.5968688845401174,0.5418935104529616,0.7216666666666667,0.4530982922634912,0.94417362877326,0.5968688845401174,0.7060686855441196,0.5968688845401174,0.5968688845401174,0.5968688845401174,0.6333959810764773
7,biMaxInfgain,standard,noAug,noImbl,BalancedRandomForest,first,0.25,0.2,126,2026-05-30 19:06:18,20260530-182225,log/stroke_prediction_v4/7/biMaxInfgain/standard__noAug__noImbl/BalancedRandomForest,1780136562317_d342c02e17801391788601097,0.5792563600782779,0.5468408327943577,0.7503497942386831,0.4482472880674969,0.9507207808453634,0.5792563600782779,0.6907982205854487,0.5792563600782779,0.5792563600782779,0.5792563600782779,0.6273505111170933
7,biMaxInfgain,standard,noAug,noImbl,BalancedRandomForest,first,0.25,0.2,5012,2026-05-30 19:06:20,20260530-182225,log/stroke_prediction_v4/7/biMaxInfgain/standard__noAug__noImbl/BalancedRandomForest,1780136562317_d342c02e17801391805770024,0.5802348336594912,0.541703802303374,0.7224074074074074,0.4446348702085859,0.9454039262845104,0.5802348336594912,0.6922054965486546,0.5802348336594912,0.5802348336594912,0.5802348336594912,0.6235715020769117
7,biMaxInfgain,standard,noAug,noImbl,BalancedRandomForest,last,0.25,0.1,42,2026-05-30 19:06:53,20260530-182225,log/stroke_prediction_v4/7/biMaxInfgain/noAug__noImbl__standard/BalancedRandomForest,1780136562317_d342c02e17801392132041072,0.5909980430528375,0.5359320557491289,0.6901234567901235,0.4451337042867459,0.9388752326857908,0.5909980430528375,0.7017881324209758,0.5909980430528375,0.5909980430528375,0.5909980430528375,0.6249305672497975
7,biMaxInfgain,standard,noAug,noImbl,BalancedRandomForest,last,0.25,0.1,126,2026-05-30 19:06:54,20260530-182225,log/stroke_prediction_v4/7/biMaxInfgain/noAug__noImbl__standard/BalancedRandomForest,1780136562317_d342c02e17801392149125641,0.5909980430528375,0.54644128113879,0.747037037037037,0.4539509676099905,0.949199462361847,0.5909980430528375,0.7007427714348049,0.5909980430528375,0.5909980430528375,0.5909980430528375,0.6338710561316216
7,biMaxInfgain,standard,noAug,noImbl,BalancedRandomForest,last,0.25,0.1,5012,2026-05-30 19:06:56,20260530-182225,log/stroke_prediction_v4/7/biMaxInfgain/noAug__noImbl__standard/BalancedRandomForest,1780136562317_d342c02e17801392166546994,0.5616438356164384,0.5326498277135122,0.6746913580246914,0.4280003198209003,0.93768733205439,0.5616438356164384,0.6774321448482001,0.5616438356164384,0.5616438356164384,0.5616438356164384,0.6049752557261996
7,biMaxInfgain,standard,noAug,noImbl,BalancedRandomForest,last,0.25,0.2,42,2026-05-30 19:07:29,20260530-182225,log/stroke_prediction_v4/7/biMaxInfgain/noAug__noImbl__standard/BalancedRandomForest,1780136562317_d342c02e17801392492987618,0.5968688845401174,0.5418935104529616,0.7216666666666667,0.4530982922634912,0.94417362877326,0.5968688845401174,0.7060686855441196,0.5968688845401174,0.5968688845401174,0.5968688845401174,0.6333959810764773
7,biMaxInfgain,standard,noAug,noImbl,BalancedRandomForest,last,0.25,0.2,126,2026-05-30 19:07:31,20260530-182225,log/stroke_prediction_v4/7/biMaxInfgain/noAug__noImbl__standard/BalancedRandomForest,1780136562317_d342c02e17801392510122533,0.5792563600782779,0.5468408327943577,0.7503497942386831,0.4482472880674969,0.9507207808453634,0.5792563600782779,0.6907982205854487,0.5792563600782779,0.5792563600782779,0.5792563600782779,0.6273505111170933
7,biMaxInfgain,standard,noAug,noImbl,BalancedRandomForest,last,0.25,0.2,5012,2026-05-30 19:07:32,20260530-182225,log/stroke_prediction_v4/7/biMaxInfgain/noAug__noImbl__standard/BalancedRandomForest,1780136562317_d342c02e17801392527372063,0.5802348336594912,0.541703802303374,0.7224074074074074,0.4446348702085859,0.9454039262845104,0.5802348336594912,0.6922054965486546,0.5802348336594912,0.5802348336594912,0.5802348336594912,0.6235715020769117
7,biMaxInfgain,standard,noAug,noImbl,EasyEnsemble,first,0.25,0.1,42,2026-05-30 19:05:42,20260530-182225,log/stroke_prediction_v4/7/biMaxInfgain/standard__noAug__noImbl/EasyEnsemble,1780136562317_d342c02e17801391420193931,0.12133072407045,0.5263713080168776,0.5380658436213992,0.1208458982975511,0.95365668375899,0.12133072407045,0.1394712884064199,0.12133072407045,0.12133072407045,0.12133072407045,0.2893892511735023
7,biMaxInfgain,standard,noAug,noImbl,EasyEnsemble,first,0.25,0.1,126,2026-05-30 19:05:43,20260530-182225,log/stroke_prediction_v4/7/biMaxInfgain/standard__noAug__noImbl/EasyEnsemble,1780136562317_d342c02e17801391437237356,0.1291585127201565,0.526595744680851,0.5421810699588477,0.1283039119851264,0.9536786442936254,0.1291585127201565,0.1529270956631826,0.1291585127201565,0.1291585127201565,0.1291585127201565,0.2960936021286413
7,biMaxInfgain,standard,noAug,noImbl,EasyEnsemble,first,0.25,0.1,5012,2026-05-30 19:05:45,20260530-182225,log/stroke_prediction_v4/7/biMaxInfgain/standard__noAug__noImbl/EasyEnsemble,1780136562317_d342c02e17801391454310684,0.2093933463796477,0.5221506635441061,0.5653909465020576,0.1987113802204626,0.9425037924444424,0.2093933463796477,0.2821755564812139,0.2093933463796477,0.2093933463796477,0.2093933463796477,0.358894919306171
7,biMaxInfgain,standard,noAug,noImbl,EasyEnsemble,first,0.25,0.2,42,2026-05-30 19:06:18,20260530-182225,log/stroke_prediction_v4/7/biMaxInfgain/standard__noAug__noImbl/EasyEnsemble,1780136562317_d342c02e17801391780167077,0.3688845401174168,0.5359712230215827,0.6682098765432098,0.3188461955763597,0.9545960100803896,0.3688845401174168,0.4853998189224054,0.3688845401174168,0.3688845401174168,0.3688845401174168,0.4840684291862995
7,biMaxInfgain,standard,noAug,noImbl,EasyEnsemble,first,0.25,0.2,126,2026-05-30 19:06:19,20260530-182225,log/stroke_prediction_v4/7/biMaxInfgain/standard__noAug__noImbl/EasyEnsemble,1780136562317_d342c02e17801391797439456,0.0919765166340508,0.5255623721881391,0.522633744855967,0.091945218909893,0.953577531525258,0.0919765166340508,0.0871358019643098,0.0919765166340508,0.0919765166340508,0.0919765166340508,0.2638301246416871
7,biMaxInfgain,standard,noAug,noImbl,EasyEnsemble,first,0.25,0.2,5012,2026-05-30 19:06:21,20260530-182225,log/stroke_prediction_v4/7/biMaxInfgain/standard__noAug__noImbl/EasyEnsemble,1780136562317_d342c02e17801391814549113,0.3590998043052837,0.5311215397673995,0.6440946502057613,0.3106278506719064,0.948500592651796,0.3590998043052837,0.4755398110039135,0.3590998043052837,0.3590998043052837,0.3590998043052837,0.473936749235982
7,biMaxInfgain,standard,noAug,noImbl,EasyEnsemble,last,0.25,0.1,42,2026-05-30 19:06:54,20260530-182225,log/stroke_prediction_v4/7/biMaxInfgain/noAug__noImbl__standard/EasyEnsemble,1780136562317_d342c02e17801392140766763,0.12133072407045,0.5263713080168776,0.5380658436213992,0.1208458982975511,0.95365668375899,0.12133072407045,0.1394712884064199,0.12133072407045,0.12133072407045,0.12133072407045,0.2893892511735023
7,biMaxInfgain,standard,noAug,noImbl,EasyEnsemble,last,0.25,0.1,126,2026-05-30 19:06:55,20260530-182225,log/stroke_prediction_v4/7/biMaxInfgain/noAug__noImbl__standard/EasyEnsemble,1780136562317_d342c02e17801392157983384,0.1291585127201565,0.526595744680851,0.5421810699588477,0.1283039119851264,0.9536786442936254,0.1291585127201565,0.1529270956631826,0.1291585127201565,0.1291585127201565,0.1291585127201565,0.2960936021286413
7,biMaxInfgain,standard,noAug,noImbl,EasyEnsemble,last,0.25,0.1,5012,2026-05-30 19:06:57,20260530-182225,log/stroke_prediction_v4/7/biMaxInfgain/noAug__noImbl__standard/EasyEnsemble,1780136562317_d342c02e17801392175192828,0.2093933463796477,0.5221506635441061,0.5653909465020576,0.1987113802204626,0.9425037924444424,0.2093933463796477,0.2821755564812139,0.2093933463796477,0.2093933463796477,0.2093933463796477,0.358894919306171
7,biMaxInfgain,standard,noAug,noImbl,EasyEnsemble,last,0.25,0.2,42,2026-05-30 19:07:30,20260530-182225,log/stroke_prediction_v4/7/biMaxInfgain/noAug__noImbl__standard/EasyEnsemble,1780136562317_d342c02e17801392501728110,0.3688845401174168,0.5359712230215827,0.6682098765432098,0.3188461955763597,0.9545960100803896,0.3688845401174168,0.4853998189224054,0.3688845401174168,0.3688845401174168,0.3688845401174168,0.4840684291862995
7,biMaxInfgain,standard,noAug,noImbl,EasyEnsemble,last,0.25,0.2,126,2026-05-30 19:07:31,20260530-182225,log/stroke_prediction_v4/7/biMaxInfgain/noAug__noImbl__standard/EasyEnsemble,1780136562317_d342c02e17801392518998136,0.0919765166340508,0.5255623721881391,0.522633744855967,0.091945218909893,0.953577531525258,0.0919765166340508,0.0871358019643098,0.0919765166340508,0.0919765166340508,0.0919765166340508,0.2638301246416871
7,biMaxInfgain,standard,noAug,noImbl,EasyEnsemble,last,0.25,0.2,5012,2026-05-30 19:07:33,20260530-182225,log/stroke_prediction_v4/7/biMaxInfgain/noAug__noImbl__standard/EasyEnsemble,1780136562317_d342c02e17801392536148117,0.3590998043052837,0.5311215397673995,0.6440946502057613,0.3106278506719064,0.948500592651796,0.3590998043052837,0.4755398110039135,0.3590998043052837,0.3590998043052837,0.3590998043052837,0.473936749235982
7,biMaxInfgain,standard,noAug,noImbl,XGBClassifier_SPW24,first,0.25,0.1,42,2026-05-30 19:05:40,20260530-182225,log/stroke_prediction_v4/7/biMaxInfgain/standard__noAug__noImbl/XGBClassifier_SPW24,1780136562317_d342c02e17801391405294006,0.9001956947162426,0.558862801824858,0.5870781893004116,0.5686478971150504,0.9205972009580266,0.9001956947162426,0.909816501343063,0.9001956947162426,0.9001956947162426,0.9001956947162426,0.7885017568635435
7,biMaxInfgain,standard,noAug,noImbl,XGBClassifier_SPW24,first,0.25,0.1,126,2026-05-30 19:05:42,20260530-182225,log/stroke_prediction_v4/7/biMaxInfgain/standard__noAug__noImbl/XGBClassifier_SPW24,1780136562317_d342c02e17801391423170561,0.8923679060665362,0.5686769518466573,0.6209053497942387,0.5837591267901837,0.924814254699555,0.8923679060665362,0.9070969614410892,0.8923679060665362,0.8923679060665362,0.8923679060665362,0.7920152312953502
7,biMaxInfgain,standard,noAug,noImbl,XGBClassifier_SPW24,first,0.25,0.1,5012,2026-05-30 19:05:44,20260530-182225,log/stroke_prediction_v4/7/biMaxInfgain/standard__noAug__noImbl/XGBClassifier_SPW24,1780136562317_d342c02e17801391440235053,0.8708414872798435,0.5514529716361388,0.6095884773662551,0.5624545926310327,0.9223298122198864,0.8708414872798435,0.8938447055287058,0.8708414872798435,0.8708414872798435,0.8708414872798435,0.775118615758126
7,biMaxInfgain,standard,noAug,noImbl,XGBClassifier_SPW24,first,0.25,0.2,42,2026-05-30 19:06:16,20260530-182225,log/stroke_prediction_v4/7/biMaxInfgain/standard__noAug__noImbl/XGBClassifier_SPW24,1780136562317_d342c02e17801391766162260,0.8953033268101761,0.563142695712223,0.603477366255144,0.5756785596492249,0.9225935195060172,0.8953033268101761,0.907915352571882,0.8953033268101761,0.8953033268101761,0.895303326810176,0.7895817757045747
7,biMaxInfgain,standard,noAug,noImbl,XGBClassifier_SPW24,first,0.25,0.2,126,2026-05-30 19:06:18,20260530-182225,log/stroke_prediction_v4/7/biMaxInfgain/standard__noAug__noImbl/XGBClassifier_SPW24,1780136562317_d342c02e17801391783265893,0.898238747553816,0.5289339006042669,0.5386213991769547,0.5323230723199043,0.9132443621025564,0.898238747553816,0.905524679140332,0.898238747553816,0.898238747553816,0.898238747553816,0.7730526279289396
7,biMaxInfgain,standard,noAug,noImbl,XGBClassifier_SPW24,first,0.25,0.2,5012,2026-05-30 19:06:20,20260530-182225,log/stroke_prediction_v4/7/biMaxInfgain/standard__noAug__noImbl/XGBClassifier_SPW24,1780136562317_d342c02e17801391800493057,0.8884540117416829,0.5523724368144969,0.5903909465020576,0.5629201680672268,0.9203857528274014,0.8884540117416829,0.9032174513641072,0.8884540117416829,0.8884540117416829,0.8884540117416829,0.7816171612257686
7,biMaxInfgain,standard,noAug,noImbl,XGBClassifier_SPW24,last,0.25,0.1,42,2026-05-30 19:06:52,20260530-182225,log/stroke_prediction_v4/7/biMaxInfgain/noAug__noImbl__standard/XGBClassifier_SPW24,1780136562317_d342c02e17801392126617072,0.9001956947162426,0.558862801824858,0.5870781893004116,0.5686478971150504,0.9205972009580266,0.9001956947162426,0.909816501343063,0.9001956947162426,0.9001956947162426,0.9001956947162426,0.7885017568635435
7,biMaxInfgain,standard,noAug,noImbl,XGBClassifier_SPW24,last,0.25,0.1,126,2026-05-30 19:06:54,20260530-182225,log/stroke_prediction_v4/7/biMaxInfgain/noAug__noImbl__standard/XGBClassifier_SPW24,1780136562317_d342c02e17801392143794727,0.8923679060665362,0.5686769518466573,0.6209053497942387,0.5837591267901837,0.924814254699555,0.8923679060665362,0.9070969614410892,0.8923679060665362,0.8923679060665362,0.8923679060665362,0.7920152312953502
7,biMaxInfgain,standard,noAug,noImbl,XGBClassifier_SPW24,last,0.25,0.1,5012,2026-05-30 19:06:56,20260530-182225,log/stroke_prediction_v4/7/biMaxInfgain/noAug__noImbl__standard/XGBClassifier_SPW24,1780136562317_d342c02e17801392161168709,0.8708414872798435,0.5514529716361388,0.6095884773662551,0.5624545926310327,0.9223298122198864,0.8708414872798435,0.8938447055287058,0.8708414872798435,0.8708414872798435,0.8708414872798435,0.775118615758126
7,biMaxInfgain,standard,noAug,noImbl,XGBClassifier_SPW24,last,0.25,0.2,42,2026-05-30 19:07:28,20260530-182225,log/stroke_prediction_v4/7/biMaxInfgain/noAug__noImbl__standard/XGBClassifier_SPW24,1780136562317_d342c02e17801392487732165,0.8953033268101761,0.563142695712223,0.603477366255144,0.5756785596492249,0.9225935195060172,0.8953033268101761,0.907915352571882,0.8953033268101761,0.8953033268101761,0.895303326810176,0.7895817757045747
7,biMaxInfgain,standard,noAug,noImbl,XGBClassifier_SPW24,last,0.25,0.2,126,2026-05-30 19:07:30,20260530-182225,log/stroke_prediction_v4/7/biMaxInfgain/noAug__noImbl__standard/XGBClassifier_SPW24,1780136562317_d342c02e17801392504844846,0.898238747553816,0.5289339006042669,0.5386213991769547,0.5323230723199043,0.9132443621025564,0.898238747553816,0.905524679140332,0.898238747553816,0.898238747553816,0.898238747553816,0.7730526279289396
7,biMaxInfgain,standard,noAug,noImbl,XGBClassifier_SPW24,last,0.25,0.2,5012,2026-05-30 19:07:32,20260530-182225,log/stroke_prediction_v4/7/biMaxInfgain/noAug__noImbl__standard/XGBClassifier_SPW24,1780136562317_d342c02e17801392522100058,0.8884540117416829,0.5523724368144969,0.5903909465020576,0.5629201680672268,0.9203857528274014,0.8884540117416829,0.9032174513641072,0.8884540117416829,0.8884540117416829,0.8884540117416829,0.7816171612257686
7,infgain,minmax,gaussian_noise,noImbl,BalancedRandomForest,first,0.25,0.1,42,2026-05-30 19:08:10,20260530-182225,log/stroke_prediction_v4/7/infgain/minmax__gaussian_noise__noImbl/BalancedRandomForest,1780136562317_d342c02e17801392908594021,0.7142857142857143,0.5436027546212395,0.6980246913580247,0.5077461071522829,0.9350696422099104,0.7142857142857143,0.7954039889906873,0.7142857142857143,0.7142857142857143,0.7142857142857143,0.6988565089546485
7,infgain,minmax,gaussian_noise,noImbl,BalancedRandomForest,first,0.25,0.1,126,2026-05-30 19:08:13,20260530-182225,log/stroke_prediction_v4/7/infgain/minmax__gaussian_noise__noImbl/BalancedRandomForest,1780136562317_d342c02e17801392930720288,0.6712328767123288,0.557740970784449,0.7892181069958848,0.5035162394744147,0.9511226898277012,0.6712328767123288,0.7638440838066651,0.6712328767123288,0.6712328767123288,0.6712328767123288,0.6884053759378969
7,infgain,minmax,gaussian_noise,noImbl,BalancedRandomForest,first,0.25,0.1,5012,2026-05-30 19:08:15,20260530-182225,log/stroke_prediction_v4/7/infgain/minmax__gaussian_noise__noImbl/BalancedRandomForest,1780136562317_d342c02e17801392953162710,0.639921722113503,0.5314628344250009,0.6589300411522634,0.4635537906796294,0.9314592122201968,0.639921722113503,0.7410473619800243,0.639921722113503,0.639921722113503,0.639921722113503,0.6488440705240952
7,infgain,minmax,gaussian_noise,noImbl,BalancedRandomForest,first,0.25,0.2,42,2026-05-30 19:08:57,20260530-182225,log/stroke_prediction_v4/7/infgain/minmax__gaussian_noise__noImbl/BalancedRandomForest,1780136562317_d342c02e17801393379499339,0.6859099804305284,0.5513471969918315,0.7495061728395062,0.5039307569825939,0.9439639258857504,0.6859099804305284,0.774988663313766,0.6859099804305284,0.6859099804305284,0.6859099804305284,0.6906836347883739
7,infgain,minmax,gaussian_noise,noImbl,BalancedRandomForest,first,0.25,0.2,126,2026-05-30 19:09:00,20260530-182225,log/stroke_prediction_v4/7/infgain/minmax__gaussian_noise__noImbl/BalancedRandomForest,1780136562317_d342c02e17801393403382924,0.6526418786692759,0.5458849620541617,0.7320164609053498,0.4833672476963627,0.9427796278571262,0.6526418786692759,0.7501556404434156,0.6526418786692759,0.6526418786692759,0.6526418786692759,0.6681532897703407
7,infgain,minmax,gaussian_noise,noImbl,BalancedRandomForest,first,0.25,0.2,5012,2026-05-30 19:09:02,20260530-182225,log/stroke_prediction_v4/7/infgain/minmax__gaussian_noise__noImbl/BalancedRandomForest,1780136562317_d342c02e17801393425354499,0.6741682974559687,0.5438750173306948,0.7148765432098765,0.4910746730670016,0.9390408208685318,0.6741682974559687,0.7664618210060353,0.6741682974559687,0.6741682974559687,0.6741682974559687,0.6780770312342531
7,infgain,minmax,gaussian_noise,noImbl,BalancedRandomForest,last,0.25,0.1,42,2026-05-30 19:09:45,20260530-182225,log/stroke_prediction_v4/7/infgain/gaussian_noise__noImbl__minmax/BalancedRandomForest,1780136562317_d342c02e17801393853589131,0.6868884540117417,0.5423374613003096,0.7025925925925927,0.4949844344517468,0.9366451988149262,0.6868884540117417,0.7758344440300249,0.6868884540117417,0.6868884540117417,0.6868884540117417,0.6835357386477452
7,infgain,minmax,gaussian_noise,noImbl,BalancedRandomForest,last,0.25,0.1,126,2026-05-30 19:09:47,20260530-182225,log/stroke_prediction_v4/7/infgain/gaussian_noise__noImbl__minmax/BalancedRandomForest,1780136562317_d342c02e17801393875312093,0.6653620352250489,0.5567610370950887,0.7861316872427984,0.4997796032859146,0.9509741090471486,0.6653620352250489,0.7594173622108839,0.6653620352250489,0.6653620352250489,0.6653620352250489,0.6844110422530427
7,infgain,minmax,gaussian_noise,noImbl,BalancedRandomForest,last,0.25,0.1,5012,2026-05-30 19:09:49,20260530-182225,log/stroke_prediction_v4/7/infgain/gaussian_noise__noImbl__minmax/BalancedRandomForest,1780136562317_d342c02e17801393897215877,0.6594911937377691,0.5342529654804744,0.6692181069958848,0.4748511623511623,0.9324241601467697,0.6594911937377691,0.7557721341967917,0.6594911937377691,0.6594911937377691,0.6594911937377691,0.6619794952396134
7,infgain,minmax,gaussian_noise,noImbl,BalancedRandomForest,last,0.25,0.2,42,2026-05-30 19:10:31,20260530-182225,log/stroke_prediction_v4/7/infgain/gaussian_noise__noImbl__minmax/BalancedRandomForest,1780136562317_d342c02e17801394316567614,0.675146771037182,0.5494797755436053,0.7438477366255144,0.4971933256275747,0.9435783124316246,0.675146771037182,0.767050359620433,0.675146771037182,0.675146771037182,0.675146771037182,0.6833858436621483
7,infgain,minmax,gaussian_noise,noImbl,BalancedRandomForest,last,0.25,0.2,126,2026-05-30 19:10:33,20260530-182225,log/stroke_prediction_v4/7/infgain/gaussian_noise__noImbl__minmax/BalancedRandomForest,1780136562317_d342c02e17801394338308425,0.662426614481409,0.5509702277854893,0.7561316872427983,0.4928243980535182,0.946211722145635,0.662426614481409,0.7574153346804477,0.662426614481409,0.662426614481409,0.662426614481409,0.6778379694200505
7,infgain,minmax,gaussian_noise,noImbl,BalancedRandomForest,last,0.25,0.2,5012,2026-05-30 19:10:36,20260530-182225,log/stroke_prediction_v4/7/infgain/gaussian_noise__noImbl__minmax/BalancedRandomForest,1780136562317_d342c02e17801394360098464,0.6663405088062623,0.542610811822701,0.710761316872428,0.4863329987515826,0.9387176889714628,0.6663405088062623,0.760658493413425,0.6663405088062623,0.6663405088062623,0.6663405088062623,0.6727939091139151
7,infgain,minmax,gaussian_noise,noImbl,EasyEnsemble,first,0.25,0.1,42,2026-05-30 19:08:11,20260530-182225,log/stroke_prediction_v4/7/infgain/minmax__gaussian_noise__noImbl/EasyEnsemble,1780136562317_d342c02e17801392919361230,0.0489236790606653,0.0244618395303326,0.5,0.0466417910447761,0.0023935263728309,0.0489236790606653,0.0045637760317784,0.0489236790606653,0.0489236790606653,0.0489236790606653,0.0799358432760656
7,infgain,minmax,gaussian_noise,noImbl,EasyEnsemble,first,0.25,0.1,126,2026-05-30 19:08:14,20260530-182225,log/stroke_prediction_v4/7/infgain/minmax__gaussian_noise__noImbl/EasyEnsemble,1780136562317_d342c02e17801392941928789,0.0489236790606653,0.0244618395303326,0.5,0.0466417910447761,0.0023935263728309,0.0489236790606653,0.0045637760317784,0.0489236790606653,0.0489236790606653,0.0489236790606653,0.0799358432760656
7,infgain,minmax,gaussian_noise,noImbl,EasyEnsemble,first,0.25,0.1,5012,2026-05-30 19:08:16,20260530-182225,log/stroke_prediction_v4/7/infgain/minmax__gaussian_noise__noImbl/EasyEnsemble,1780136562317_d342c02e17801392964177123,0.0489236790606653,0.0244618395303326,0.5,0.0466417910447761,0.0023935263728309,0.0489236790606653,0.0045637760317784,0.0489236790606653,0.0489236790606653,0.0489236790606653,0.0799358432760656
7,infgain,minmax,gaussian_noise,noImbl,EasyEnsemble,first,0.25,0.2,42,2026-05-30 19:08:59,20260530-182225,log/stroke_prediction_v4/7/infgain/minmax__gaussian_noise__noImbl/EasyEnsemble,1780136562317_d342c02e17801393390838510,0.0489236790606653,0.0244618395303326,0.5,0.0466417910447761,0.0023935263728309,0.0489236790606653,0.0045637760317784,0.0489236790606653,0.0489236790606653,0.0489236790606653,0.0799358432760656
7,infgain,minmax,gaussian_noise,noImbl,EasyEnsemble,first,0.25,0.2,126,2026-05-30 19:09:01,20260530-182225,log/stroke_prediction_v4/7/infgain/minmax__gaussian_noise__noImbl/EasyEnsemble,1780136562317_d342c02e17801393414188754,0.0489236790606653,0.0244618395303326,0.5,0.0466417910447761,0.0023935263728309,0.0489236790606653,0.0045637760317784,0.0489236790606653,0.0489236790606653,0.0489236790606653,0.0799358432760656
7,infgain,minmax,gaussian_noise,noImbl,EasyEnsemble,first,0.25,0.2,5012,2026-05-30 19:09:03,20260530-182225,log/stroke_prediction_v4/7/infgain/minmax__gaussian_noise__noImbl/EasyEnsemble,1780136562317_d342c02e17801393436447632,0.0489236790606653,0.0244618395303326,0.5,0.0466417910447761,0.0023935263728309,0.0489236790606653,0.0045637760317784,0.0489236790606653,0.0489236790606653,0.0489236790606653,0.0799358432760656
7,infgain,minmax,gaussian_noise,noImbl,EasyEnsemble,last,0.25,0.1,42,2026-05-30 19:09:46,20260530-182225,log/stroke_prediction_v4/7/infgain/gaussian_noise__noImbl__minmax/EasyEnsemble,1780136562317_d342c02e17801393864030430,0.0489236790606653,0.0244618395303326,0.5,0.0466417910447761,0.0023935263728309,0.0489236790606653,0.0045637760317784,0.0489236790606653,0.0489236790606653,0.0489236790606653,0.0799358432760656
7,infgain,minmax,gaussian_noise,noImbl,EasyEnsemble,last,0.25,0.1,126,2026-05-30 19:09:48,20260530-182225,log/stroke_prediction_v4/7/infgain/gaussian_noise__noImbl__minmax/EasyEnsemble,1780136562317_d342c02e17801393886101634,0.0489236790606653,0.0244618395303326,0.5,0.0466417910447761,0.0023935263728309,0.0489236790606653,0.0045637760317784,0.0489236790606653,0.0489236790606653,0.0489236790606653,0.0799358432760656
7,infgain,minmax,gaussian_noise,noImbl,EasyEnsemble,last,0.25,0.1,5012,2026-05-30 19:09:50,20260530-182225,log/stroke_prediction_v4/7/infgain/gaussian_noise__noImbl__minmax/EasyEnsemble,1780136562317_d342c02e17801393908004174,0.0489236790606653,0.0244618395303326,0.5,0.0466417910447761,0.0023935263728309,0.0489236790606653,0.0045637760317784,0.0489236790606653,0.0489236790606653,0.0489236790606653,0.0799358432760656
7,infgain,minmax,gaussian_noise,noImbl,EasyEnsemble,last,0.25,0.2,42,2026-05-30 19:10:32,20260530-182225,log/stroke_prediction_v4/7/infgain/gaussian_noise__noImbl__minmax/EasyEnsemble,1780136562317_d342c02e17801394327233971,0.0489236790606653,0.0244618395303326,0.5,0.0466417910447761,0.0023935263728309,0.0489236790606653,0.0045637760317784,0.0489236790606653,0.0489236790606653,0.0489236790606653,0.0799358432760656
7,infgain,minmax,gaussian_noise,noImbl,EasyEnsemble,last,0.25,0.2,126,2026-05-30 19:10:34,20260530-182225,log/stroke_prediction_v4/7/infgain/gaussian_noise__noImbl__minmax/EasyEnsemble,1780136562317_d342c02e17801394349128855,0.0489236790606653,0.0244618395303326,0.5,0.0466417910447761,0.0023935263728309,0.0489236790606653,0.0045637760317784,0.0489236790606653,0.0489236790606653,0.0489236790606653,0.0799358432760656
7,infgain,minmax,gaussian_noise,noImbl,EasyEnsemble,last,0.25,0.2,5012,2026-05-30 19:10:37,20260530-182225,log/stroke_prediction_v4/7/infgain/gaussian_noise__noImbl__minmax/EasyEnsemble,1780136562317_d342c02e17801394370944491,0.0489236790606653,0.0244618395303326,0.5,0.0466417910447761,0.0023935263728309,0.0489236790606653,0.0045637760317784,0.0489236790606653,0.0489236790606653,0.0489236790606653,0.0799358432760656
7,infgain,minmax,gaussian_noise,noImbl,XGBClassifier_SPW24,first,0.25,0.1,42,2026-05-30 19:08:10,20260530-182225,log/stroke_prediction_v4/7/infgain/minmax__gaussian_noise__noImbl/XGBClassifier_SPW24,1780136562317_d342c02e17801392900629212,0.9178082191780822,0.611764705882353,0.6532510288065844,0.6281704781704782,0.931687743590587,0.9178082191780822,0.9242303420385614,0.9178082191780822,0.9178082191780822,0.9178082191780822,0.8196537585305411
7,infgain,minmax,gaussian_noise,noImbl,XGBClassifier_SPW24,first,0.25,0.1,126,2026-05-30 19:08:12,20260530-182225,log/stroke_prediction_v4/7/infgain/minmax__gaussian_noise__noImbl/XGBClassifier_SPW24,1780136562317_d342c02e17801392922422282,0.9060665362035224,0.5289025611675491,0.5332510288065844,0.5307621671258036,0.912727268654489,0.9060665362035224,0.9093514759766318,0.9060665362035224,0.9060665362035224,0.9060665362035226,0.7759317468096365
7,infgain,minmax,gaussian_noise,noImbl,XGBClassifier_SPW24,first,0.25,0.1,5012,2026-05-30 19:08:14,20260530-182225,log/stroke_prediction_v4/7/infgain/minmax__gaussian_noise__noImbl/XGBClassifier_SPW24,1780136562317_d342c02e17801392944957348,0.8962818003913894,0.5334502923976607,0.5470781893004115,0.5379983282441446,0.9144647005641958,0.8962818003913894,0.9050398408216556,0.8962818003913894,0.8962818003913894,0.8962818003913894,0.7744677637426525
7,infgain,minmax,gaussian_noise,noImbl,XGBClassifier_SPW24,first,0.25,0.2,42,2026-05-30 19:08:57,20260530-182225,log/stroke_prediction_v4/7/infgain/minmax__gaussian_noise__noImbl/XGBClassifier_SPW24,1780136562317_d342c02e17801393371667622,0.9119373776908024,0.5563206467305766,0.5647942386831276,0.5600895316804407,0.918217584860078,0.9119373776908024,0.9150170087280922,0.9119373776908024,0.9119373776908024,0.9119373776908022,0.7899741791649788
7,infgain,minmax,gaussian_noise,noImbl,XGBClassifier_SPW24,first,0.25,0.2,126,2026-05-30 19:08:59,20260530-182225,log/stroke_prediction_v4/7/infgain/minmax__gaussian_noise__noImbl/XGBClassifier_SPW24,1780136562317_d342c02e17801393394331216,0.8835616438356164,0.5567976624314652,0.6067901234567901,0.5692727240530537,0.9224243503618385,0.8835616438356164,0.9012021444877876,0.8835616438356164,0.8835616438356164,0.8835616438356163,0.782597101440382
7,infgain,minmax,gaussian_noise,noImbl,XGBClassifier_SPW24,first,0.25,0.2,5012,2026-05-30 19:09:01,20260530-182225,log/stroke_prediction_v4/7/infgain/minmax__gaussian_noise__noImbl/XGBClassifier_SPW24,1780136562317_d342c02e17801393417345167,0.8610567514677103,0.5140611070589188,0.528559670781893,0.5129871001516839,0.9109965712585538,0.8610567514677103,0.8844225382458696,0.8610567514677103,0.8610567514677103,0.8610567514677103,0.7493958812566537
7,infgain,minmax,gaussian_noise,noImbl,XGBClassifier_SPW24,last,0.25,0.1,42,2026-05-30 19:09:44,20260530-182225,log/stroke_prediction_v4/7/infgain/gaussian_noise__noImbl__minmax/XGBClassifier_SPW24,1780136562317_d342c02e17801393845629457,0.9001956947162426,0.558862801824858,0.5870781893004116,0.5686478971150504,0.9205972009580266,0.9001956947162426,0.909816501343063,0.9001956947162426,0.9001956947162426,0.9001956947162426,0.7885017568635435
7,infgain,minmax,gaussian_noise,noImbl,XGBClassifier_SPW24,last,0.25,0.1,126,2026-05-30 19:09:46,20260530-182225,log/stroke_prediction_v4/7/infgain/gaussian_noise__noImbl__minmax/XGBClassifier_SPW24,1780136562317_d342c02e17801393867134036,0.9060665362035224,0.5132767064585246,0.5142798353909465,0.5137192704203013,0.9095045215842228,0.9060665362035224,0.9077761103463686,0.9060665362035224,0.9060665362035224,0.9060665362035226,0.7693570279397788
7,infgain,minmax,gaussian_noise,noImbl,XGBClassifier_SPW24,last,0.25,0.1,5012,2026-05-30 19:09:48,20260530-182225,log/stroke_prediction_v4/7/infgain/gaussian_noise__noImbl__minmax/XGBClassifier_SPW24,1780136562317_d342c02e17801393889174111,0.9080234833659492,0.5448371448371448,0.5532510288065844,0.5484253078875623,0.9160763955284504,0.9080234833659492,0.91196644581637,0.9080234833659492,0.9080234833659492,0.9080234833659492,0.7836846133191873
7,infgain,minmax,gaussian_noise,noImbl,XGBClassifier_SPW24,last,0.25,0.2,42,2026-05-30 19:10:30,20260530-182225,log/stroke_prediction_v4/7/infgain/gaussian_noise__noImbl__minmax/XGBClassifier_SPW24,1780136562317_d342c02e17801394308781326,0.913894324853229,0.5822514352818372,0.6037654320987654,0.5912371602581583,0.9242813504773888,0.913894324853229,0.9188692150562368,0.913894324853229,0.913894324853229,0.913894324853229,0.8031035080242497
7,infgain,minmax,gaussian_noise,noImbl,XGBClassifier_SPW24,last,0.25,0.2,126,2026-05-30 19:10:33,20260530-182225,log/stroke_prediction_v4/7/infgain/gaussian_noise__noImbl__minmax/XGBClassifier_SPW24,1780136562317_d342c02e17801394330403065,0.8855185909980431,0.5542667347981604,0.5983333333333334,0.5657460369341396,0.9213511235196647,0.8855185909980431,0.901926532768711,0.8855185909980431,0.8855185909980431,0.8855185909980431,0.7817534410197604
7,infgain,minmax,gaussian_noise,noImbl,XGBClassifier_SPW24,last,0.25,0.2,5012,2026-05-30 19:10:35,20260530-182225,log/stroke_prediction_v4/7/infgain/gaussian_noise__noImbl__minmax/XGBClassifier_SPW24,1780136562317_d342c02e17801394352272641,0.8708414872798435,0.5399444849663667,0.5811316872427984,0.5472837832395935,0.9184643809130484,0.8708414872798436,0.8925617961158788,0.8708414872798435,0.8708414872798435,0.8708414872798435,0.7682674871274795
7,infgain,minmax,mixup,noImbl,BalancedRandomForest,first,0.25,0.1,42,2026-05-30 19:11:15,20260530-182225,log/stroke_prediction_v4/7/infgain/minmax__mixup__noImbl/BalancedRandomForest,1780136562317_d342c02e17801394756587042,0.6360078277886497,0.538123308851952,0.6948148148148148,0.4682800751879699,0.9374574967264444,0.6360078277886497,0.7376964304106646,0.6360078277886497,0.6360078277886497,0.6360078277886497,0.652339168994576
7,infgain,minmax,mixup,noImbl,BalancedRandomForest,first,0.25,0.1,126,2026-05-30 19:11:17,20260530-182225,log/stroke_prediction_v4/7/infgain/minmax__mixup__noImbl/BalancedRandomForest,1780136562317_d342c02e17801394775891740,0.6223091976516634,0.5503713143900059,0.7634979423868313,0.4729903760346697,0.9499299190119828,0.6223091976516634,0.7260638200252362,0.6223091976516634,0.6223091976516634,0.6223091976516634,0.6551617260485331
7,infgain,minmax,mixup,noImbl,BalancedRandomForest,first,0.25,0.1,5012,2026-05-30 19:11:19,20260530-182225,log/stroke_prediction_v4/7/infgain/minmax__mixup__noImbl/BalancedRandomForest,1780136562317_d342c02e17801394795048429,0.5753424657534246,0.5341428747991596,0.6818930041152264,0.4359909463136746,0.9382495009675896,0.5753424657534246,0.688908467816528,0.5753424657534246,0.5753424657534246,0.5753424657534246,0.6143004364090975
7,infgain,minmax,mixup,noImbl,BalancedRandomForest,first,0.25,0.2,42,2026-05-30 19:11:56,20260530-182225,log/stroke_prediction_v4/7/infgain/minmax__mixup__noImbl/BalancedRandomForest,1780136562317_d342c02e17801395164158148,0.6379647749510763,0.5455077061104169,0.7337860082304526,0.4761588119579973,0.9438507784052208,0.6379647749510763,0.7388086321685938,0.6379647749510763,0.6379647749510763,0.6379647749510763,0.6597454758740281
7,infgain,minmax,mixup,noImbl,BalancedRandomForest,first,0.25,0.2,126,2026-05-30 19:11:58,20260530-182225,log/stroke_prediction_v4/7/infgain/minmax__mixup__noImbl/BalancedRandomForest,1780136562317_d342c02e17801395183737203,0.6056751467710372,0.5447231101275851,0.7357818930041152,0.4598641614744735,0.9461358085937476,0.6056751467710372,0.7130425577897873,0.6056751467710372,0.6056751467710372,0.6056751467710372,0.6408701477705987
7,infgain,minmax,mixup,noImbl,BalancedRandomForest,first,0.25,0.2,5012,2026-05-30 19:12:00,20260530-182225,log/stroke_prediction_v4/7/infgain/minmax__mixup__noImbl/BalancedRandomForest,1780136562317_d342c02e17801395203076806,0.5958904109589042,0.5382684555916888,0.7021810699588478,0.4495164687546869,0.9407490832323888,0.5958904109589042,0.7056014302580801,0.5958904109589042,0.5958904109589042,0.5958904109589042,0.6297437101137691
7,infgain,minmax,mixup,noImbl,BalancedRandomForest,last,0.25,0.1,42,2026-05-30 19:12:37,20260530-182225,log/stroke_prediction_v4/7/infgain/mixup__noImbl__minmax/BalancedRandomForest,1780136562317_d342c02e17801395574245784,0.6340508806262231,0.5378536977491962,0.6937860082304527,0.4671295134532274,0.9373753311393712,0.6340508806262231,0.7361880808194897,0.6340508806262231,0.6340508806262231,0.6340508806262231,0.6510194951032986
7,infgain,minmax,mixup,noImbl,BalancedRandomForest,last,0.25,0.1,126,2026-05-30 19:12:39,20260530-182225,log/stroke_prediction_v4/7/infgain/mixup__noImbl__minmax/BalancedRandomForest,1780136562317_d342c02e17801395593647346,0.5909980430528375,0.54644128113879,0.747037037037037,0.4539509676099905,0.949199462361847,0.5909980430528375,0.7007427714348049,0.5909980430528375,0.5909980430528375,0.5909980430528375,0.6338710561316216
7,infgain,minmax,mixup,noImbl,BalancedRandomForest,last,0.25,0.1,5012,2026-05-30 19:12:41,20260530-182225,log/stroke_prediction_v4/7/infgain/mixup__noImbl__minmax/BalancedRandomForest,1780136562317_d342c02e17801395612775816,0.5733855185909981,0.5339256491802267,0.6808641975308642,0.4348492227768983,0.9381700891439072,0.5733855185909981,0.6872809712761075,0.5733855185909981,0.5733855185909981,0.5733855185909981,0.6129697301298498
7,infgain,minmax,mixup,noImbl,BalancedRandomForest,last,0.25,0.2,42,2026-05-30 19:13:17,20260530-182225,log/stroke_prediction_v4/7/infgain/mixup__noImbl__minmax/BalancedRandomForest,1780136562317_d342c02e17801395976153431,0.6262230919765166,0.5421155924230867,0.7181275720164608,0.4674759930161501,0.9418429872079446,0.6262230919765166,0.7297785472123114,0.6262230919765166,0.6262230919765166,0.6262230919765166,0.650286032989625
7,infgain,minmax,mixup,noImbl,BalancedRandomForest,last,0.25,0.2,126,2026-05-30 19:13:19,20260530-182225,log/stroke_prediction_v4/7/infgain/mixup__noImbl__minmax/BalancedRandomForest,1780136562317_d342c02e17801395995010225,0.5792563600782779,0.5433433549182856,0.7313786008230453,0.4454623460528972,0.947145681229419,0.5792563600782779,0.6911955749999111,0.5792563600782779,0.5792563600782779,0.5792563600782779,0.6243879958863072
7,infgain,minmax,mixup,noImbl,BalancedRandomForest,last,0.25,0.2,5012,2026-05-30 19:13:21,20260530-182225,log/stroke_prediction_v4/7/infgain/mixup__noImbl__minmax/BalancedRandomForest,1780136562317_d342c02e17801396013710718,0.6037181996086106,0.5444800523982736,0.7347530864197531,0.4586885644673396,0.9460798445154104,0.6037181996086106,0.7114623330878533,0.6037181996086106,0.6037181996086106,0.6037181996086106,0.6395412128100667
7,infgain,minmax,mixup,noImbl,EasyEnsemble,first,0.25,0.1,42,2026-05-30 19:11:16,20260530-182225,log/stroke_prediction_v4/7/infgain/minmax__mixup__noImbl/EasyEnsemble,1780136562317_d342c02e17801394766065636,0.0919765166340508,0.5255623721881391,0.522633744855967,0.091945218909893,0.953577531525258,0.0919765166340508,0.0871358019643098,0.0919765166340508,0.0919765166340508,0.0919765166340508,0.2638301246416871
7,infgain,minmax,mixup,noImbl,EasyEnsemble,first,0.25,0.1,126,2026-05-30 19:11:18,20260530-182225,log/stroke_prediction_v4/7/infgain/minmax__mixup__noImbl/EasyEnsemble,1780136562317_d342c02e17801394785417149,0.086105675146771,0.5254065040650406,0.5195473251028806,0.0859796617959668,0.9535622802411976,0.086105675146771,0.0762976360091769,0.086105675146771,0.086105675146771,0.086105675146771,0.2586354756703918
7,infgain,minmax,mixup,noImbl,EasyEnsemble,first,0.25,0.1,5012,2026-05-30 19:11:20,20260530-182225,log/stroke_prediction_v4/7/infgain/minmax__mixup__noImbl/EasyEnsemble,1780136562317_d342c02e17801394804513938,0.2857142857142857,0.5268627944011398,0.6055144032921811,0.2584397873702374,0.9463702000790256,0.2857142857142857,0.3867412540703014,0.2857142857142857,0.2857142857142857,0.2857142857142857,0.4189376102790297
7,infgain,minmax,mixup,noImbl,EasyEnsemble,first,0.25,0.2,42,2026-05-30 19:11:57,20260530-182225,log/stroke_prediction_v4/7/infgain/minmax__mixup__noImbl/EasyEnsemble,1780136562317_d342c02e17801395173760648,0.1223091976516634,0.5194324194324194,0.5290946502057613,0.1216961834913365,0.941261463766356,0.1223091976516633,0.1426294818550899,0.1223091976516634,0.1223091976516634,0.1223091976516634,0.2875513822030829
7,infgain,minmax,mixup,noImbl,EasyEnsemble,first,0.25,0.2,126,2026-05-30 19:11:59,20260530-182225,log/stroke_prediction_v4/7/infgain/minmax__mixup__noImbl/EasyEnsemble,1780136562317_d342c02e17801395193292131,0.0489236790606653,0.0244618395303326,0.5,0.0466417910447761,0.0023935263728309,0.0489236790606653,0.0045637760317784,0.0489236790606653,0.0489236790606653,0.0489236790606653,0.0799358432760656
7,infgain,minmax,mixup,noImbl,EasyEnsemble,first,0.25,0.2,5012,2026-05-30 19:12:01,20260530-182225,log/stroke_prediction_v4/7/infgain/minmax__mixup__noImbl/EasyEnsemble,1780136562317_d342c02e17801395212721240,0.3590998043052837,0.5311215397673995,0.6440946502057613,0.3106278506719064,0.948500592651796,0.3590998043052837,0.4755398110039135,0.3590998043052837,0.3590998043052837,0.3590998043052837,0.473936749235982
7,infgain,minmax,mixup,noImbl,EasyEnsemble,last,0.25,0.1,42,2026-05-30 19:12:38,20260530-182225,log/stroke_prediction_v4/7/infgain/mixup__noImbl__minmax/EasyEnsemble,1780136562317_d342c02e17801395583917164,0.0782778864970645,0.5252016129032258,0.5154320987654321,0.0779247646741066,0.9535422321823116,0.0782778864970644,0.0616458486357474,0.0782778864970645,0.0782778864970645,0.0782778864970645,0.2516643409804008
7,infgain,minmax,mixup,noImbl,EasyEnsemble,last,0.25,0.1,126,2026-05-30 19:12:40,20260530-182225,log/stroke_prediction_v4/7/infgain/mixup__noImbl__minmax/EasyEnsemble,1780136562317_d342c02e17801395603100571,0.0489236790606653,0.0244618395303326,0.5,0.0466417910447761,0.0023935263728309,0.0489236790606653,0.0045637760317784,0.0489236790606653,0.0489236790606653,0.0489236790606653,0.0799358432760656
7,infgain,minmax,mixup,noImbl,EasyEnsemble,last,0.25,0.1,5012,2026-05-30 19:12:42,20260530-182225,log/stroke_prediction_v4/7/infgain/mixup__noImbl__minmax/EasyEnsemble,1780136562317_d342c02e17801395622302667,0.2191780821917808,0.522818041429256,0.5705349794238683,0.2067347534286547,0.943172459472728,0.2191780821917807,0.2963656059255469,0.2191780821917808,0.2191780821917808,0.2191780821917808,0.3667888348124277
7,infgain,minmax,mixup,noImbl,EasyEnsemble,last,0.25,0.2,42,2026-05-30 19:13:18,20260530-182225,log/stroke_prediction_v4/7/infgain/mixup__noImbl__minmax/EasyEnsemble,1780136562317_d342c02e17801395985340189,0.423679060665362,0.5352112962623857,0.678045267489712,0.3533695342754172,0.949859365699708,0.423679060665362,0.5457297222028032,0.423679060665362,0.423679060665362,0.423679060665362,0.5206481056830583
7,infgain,minmax,mixup,noImbl,EasyEnsemble,last,0.25,0.2,126,2026-05-30 19:13:20,20260530-182225,log/stroke_prediction_v4/7/infgain/mixup__noImbl__minmax/EasyEnsemble,1780136562317_d342c02e17801396004281212,0.0616438356164383,0.5247770069375619,0.5066872427983539,0.0604123227065088,0.953500685610329,0.0616438356164383,0.029724352356374,0.0616438356164383,0.0616438356164383,0.0616438356164383,0.2366745290406322
7,infgain,minmax,mixup,noImbl,EasyEnsemble,last,0.25,0.2,5012,2026-05-30 19:13:22,20260530-182225,log/stroke_prediction_v4/7/infgain/mixup__noImbl__minmax/EasyEnsemble,1780136562317_d342c02e17801396023070935,0.3590998043052837,0.5311215397673995,0.6440946502057613,0.3106278506719064,0.948500592651796,0.3590998043052837,0.4755398110039135,0.3590998043052837,0.3590998043052837,0.3590998043052837,0.473936749235982
7,infgain,minmax,mixup,noImbl,XGBClassifier_SPW24,first,0.25,0.1,42,2026-05-30 19:11:15,20260530-182225,log/stroke_prediction_v4/7/infgain/minmax__mixup__noImbl/XGBClassifier_SPW24,1780136562317_d342c02e17801394750386587,0.913894324853229,0.552379859198041,0.5563374485596708,0.5542426645519429,0.9170585652528368,0.913894324853229,0.9154614344841714,0.913894324853229,0.913894324853229,0.913894324853229,0.7885909320977633
7,infgain,minmax,mixup,noImbl,XGBClassifier_SPW24,first,0.25,0.1,126,2026-05-30 19:11:16,20260530-182225,log/stroke_prediction_v4/7/infgain/minmax__mixup__noImbl/XGBClassifier_SPW24,1780136562317_d342c02e17801394769477123,0.9060665362035224,0.5132767064585246,0.5142798353909465,0.5137192704203013,0.9095045215842228,0.9060665362035224,0.9077761103463686,0.9060665362035224,0.9060665362035224,0.9060665362035226,0.7693570279397788
7,infgain,minmax,mixup,noImbl,XGBClassifier_SPW24,first,0.25,0.1,5012,2026-05-30 19:11:18,20260530-182225,log/stroke_prediction_v4/7/infgain/minmax__mixup__noImbl/XGBClassifier_SPW24,1780136562317_d342c02e17801394788794322,0.8943248532289628,0.5319021553198768,0.5460493827160494,0.536391129032258,0.9142290746244276,0.8943248532289628,0.9038910106685184,0.8943248532289628,0.8943248532289628,0.8943248532289628,0.7729903235127369
7,infgain,minmax,mixup,noImbl,XGBClassifier_SPW24,first,0.25,0.2,42,2026-05-30 19:11:55,20260530-182225,log/stroke_prediction_v4/7/infgain/minmax__mixup__noImbl/XGBClassifier_SPW24,1780136562317_d342c02e17801395158052292,0.9041095890410958,0.5861053450960042,0.6365637860082304,0.6031602637251172,0.9278301853260446,0.9041095890410956,0.9149302389400972,0.9041095890410958,0.9041095890410958,0.9041095890410958,0.8044073426592482
7,infgain,minmax,mixup,noImbl,XGBClassifier_SPW24,first,0.25,0.2,126,2026-05-30 19:11:57,20260530-182225,log/stroke_prediction_v4/7/infgain/minmax__mixup__noImbl/XGBClassifier_SPW24,1780136562317_d342c02e17801395177507046,0.8962818003913894,0.5498560408518036,0.5755349794238683,0.5582757045929019,0.9186834661352888,0.8962818003913894,0.9068681210651676,0.8962818003913894,0.8962818003913894,0.8962818003913894,0.7826917426463622
7,infgain,minmax,mixup,noImbl,XGBClassifier_SPW24,first,0.25,0.2,5012,2026-05-30 19:11:59,20260530-182225,log/stroke_prediction_v4/7/infgain/minmax__mixup__noImbl/XGBClassifier_SPW24,1780136562317_d342c02e17801395196854068,0.8737769080234834,0.5375777808297326,0.5731893004115226,0.5443224354786864,0.9174498338599264,0.8737769080234834,0.8938702187770785,0.8737769080234834,0.8737769080234834,0.8737769080234834,0.768061352857876
7,infgain,minmax,mixup,noImbl,XGBClassifier_SPW24,last,0.25,0.1,42,2026-05-30 19:12:36,20260530-182225,log/stroke_prediction_v4/7/infgain/mixup__noImbl__minmax/XGBClassifier_SPW24,1780136562317_d342c02e17801395567822728,0.9080234833659492,0.5572481732776617,0.5722222222222222,0.5633669666393964,0.9190097346886248,0.9080234833659492,0.9133375706282528,0.9080234833659492,0.9080234833659492,0.9080234833659492,0.7895630869553777
7,infgain,minmax,mixup,noImbl,XGBClassifier_SPW24,last,0.25,0.1,126,2026-05-30 19:12:38,20260530-182225,log/stroke_prediction_v4/7/infgain/mixup__noImbl__minmax/XGBClassifier_SPW24,1780136562317_d342c02e17801395587317563,0.9275929549902152,0.6054928131416838,0.6014814814814814,0.6034356188518573,0.926201593686334,0.9275929549902152,0.9268913157345046,0.9275929549902152,0.9275929549902152,0.9275929549902152,0.8139038110149901
7,infgain,minmax,mixup,noImbl,XGBClassifier_SPW24,last,0.25,0.1,5012,2026-05-30 19:12:40,20260530-182225,log/stroke_prediction_v4/7/infgain/mixup__noImbl__minmax/XGBClassifier_SPW24,1780136562317_d342c02e17801395606489007,0.9021526418786692,0.5254704301075269,0.5311934156378602,0.5276915113871635,0.912219872482798,0.9021526418786692,0.9070905908521836,0.9021526418786692,0.9021526418786692,0.9021526418786692,0.7729667439101879
7,infgain,minmax,mixup,noImbl,XGBClassifier_SPW24,last,0.25,0.2,42,2026-05-30 19:13:17,20260530-182225,log/stroke_prediction_v4/7/infgain/mixup__noImbl__minmax/XGBClassifier_SPW24,1780136562317_d342c02e17801395970250072,0.9178082191780822,0.6034296944338786,0.6342798353909465,0.6161468021176134,0.9291117166969752,0.9178082191780822,0.923135573121755,0.9178082191780822,0.9178082191780822,0.9178082191780822,0.814697768609318
7,infgain,minmax,mixup,noImbl,XGBClassifier_SPW24,last,0.25,0.2,126,2026-05-30 19:13:18,20260530-182225,log/stroke_prediction_v4/7/infgain/mixup__noImbl__minmax/XGBClassifier_SPW24,1780136562317_d342c02e17801395988983397,0.8894324853228963,0.5697910281415436,0.6288477366255144,0.5858623892361372,0.9257202836019388,0.8894324853228963,0.9057385361984136,0.8894324853228963,0.8894324853228963,0.8894324853228963,0.7919490377812407
7,infgain,minmax,mixup,noImbl,XGBClassifier_SPW24,last,0.25,0.2,5012,2026-05-30 19:13:20,20260530-182225,log/stroke_prediction_v4/7/infgain/mixup__noImbl__minmax/XGBClassifier_SPW24,1780136562317_d342c02e17801396007765295,0.8845401174168297,0.5354049055869184,0.5598765432098766,0.5415088887875055,0.9159045099689258,0.8845401174168298,0.8992858037153755,0.8845401174168297,0.8845401174168297,0.8845401174168297,0.771053846718736
7,infgain,minmax,noAug,noImbl,BalancedRandomForest,first,0.25,0.1,42,2026-05-30 19:13:55,20260530-182225,log/stroke_prediction_v4/7/infgain/minmax__noAug__noImbl/BalancedRandomForest,1780136562317_d342c02e17801396358908964,0.6262230919765166,0.5367966404802964,0.6896707818930041,0.4625406807381179,0.9370451272740592,0.6262230919765166,0.7301207927271314,0.6262230919765166,0.6262230919765166,0.6262230919765166,0.6457397127751299
7,infgain,minmax,noAug,noImbl,BalancedRandomForest,first,0.25,0.1,126,2026-05-30 19:13:57,20260530-182225,log/stroke_prediction_v4/7/infgain/minmax__noAug__noImbl/BalancedRandomForest,1780136562317_d342c02e17801396376544016,0.598825831702544,0.5473761838223877,0.7511522633744856,0.4586892378604905,0.949381059631744,0.598825831702544,0.7071621984804392,0.598825831702544,0.598825831702544,0.598825831702544,0.6391989988150186
7,infgain,minmax,noAug,noImbl,BalancedRandomForest,first,0.25,0.1,5012,2026-05-30 19:13:59,20260530-182225,log/stroke_prediction_v4/7/infgain/minmax__noAug__noImbl/BalancedRandomForest,1780136562317_d342c02e17801396393631954,0.5557729941291585,0.5320286337521889,0.671604938271605,0.4245752412133839,0.9374416016700756,0.5557729941291585,0.6724529629108106,0.5557729941291585,0.5557729941291585,0.5557729941291585,0.6009709456396795
7,infgain,minmax,noAug,noImbl,BalancedRandomForest,first,0.25,0.2,42,2026-05-30 19:14:31,20260530-182225,log/stroke_prediction_v4/7/infgain/minmax__noAug__noImbl/BalancedRandomForest,1780136562317_d342c02e17801396714059841,0.6046966731898239,0.5410958904109588,0.7162962962962962,0.45624552235661,0.9427391898774896,0.6046966731898239,0.7125600561922338,0.6046966731898239,0.6046966731898239,0.6046966731898239,0.6372126437167305
7,infgain,minmax,noAug,noImbl,BalancedRandomForest,first,0.25,0.2,126,2026-05-30 19:14:33,20260530-182225,log/stroke_prediction_v4/7/infgain/minmax__noAug__noImbl/BalancedRandomForest,1780136562317_d342c02e17801396730844840,0.5870841487279843,0.5459847361265604,0.7449794238683127,0.4515856666920983,0.9491087618554211,0.5870841487279843,0.6975100770013244,0.5870841487279843,0.5870841487279843,0.5870841487279843,0.6312053132302363
7,infgain,minmax,noAug,noImbl,BalancedRandomForest,first,0.25,0.2,5012,2026-05-30 19:14:34,20260530-182225,log/stroke_prediction_v4/7/infgain/minmax__noAug__noImbl/BalancedRandomForest,1780136562317_d342c02e17801396748607425,0.5821917808219178,0.5366694141639288,0.6949794238683127,0.441462150349091,0.9402427031895616,0.5821917808219178,0.6943914277291033,0.5821917808219178,0.5821917808219178,0.5821917808219178,0.6204439031626764
7,infgain,minmax,noAug,noImbl,BalancedRandomForest,last,0.25,0.1,42,2026-05-30 19:15:07,20260530-182225,log/stroke_prediction_v4/7/infgain/noAug__noImbl__minmax/BalancedRandomForest,1780136562317_d342c02e17801397074654923,0.6262230919765166,0.5367966404802964,0.6896707818930041,0.4625406807381179,0.9370451272740592,0.6262230919765166,0.7301207927271314,0.6262230919765166,0.6262230919765166,0.6262230919765166,0.6457397127751299
7,infgain,minmax,noAug,noImbl,BalancedRandomForest,last,0.25,0.1,126,2026-05-30 19:15:09,20260530-182225,log/stroke_prediction_v4/7/infgain/noAug__noImbl__minmax/BalancedRandomForest,1780136562317_d342c02e17801397091688425,0.598825831702544,0.5473761838223877,0.7511522633744856,0.4586892378604905,0.949381059631744,0.598825831702544,0.7071621984804392,0.598825831702544,0.598825831702544,0.598825831702544,0.6391989988150186
7,infgain,minmax,noAug,noImbl,BalancedRandomForest,last,0.25,0.1,5012,2026-05-30 19:15:10,20260530-182225,log/stroke_prediction_v4/7/infgain/noAug__noImbl__minmax/BalancedRandomForest,1780136562317_d342c02e17801397108545060,0.5557729941291585,0.5320286337521889,0.671604938271605,0.4245752412133839,0.9374416016700756,0.5557729941291585,0.6724529629108106,0.5557729941291585,0.5557729941291585,0.5557729941291585,0.6009709456396795
7,infgain,minmax,noAug,noImbl,BalancedRandomForest,last,0.25,0.2,42,2026-05-30 19:15:42,20260530-182225,log/stroke_prediction_v4/7/infgain/noAug__noImbl__minmax/BalancedRandomForest,1780136562317_d342c02e17801397429868687,0.6046966731898239,0.5410958904109588,0.7162962962962962,0.45624552235661,0.9427391898774896,0.6046966731898239,0.7125600561922338,0.6046966731898239,0.6046966731898239,0.6046966731898239,0.6372126437167305
7,infgain,minmax,noAug,noImbl,BalancedRandomForest,last,0.25,0.2,126,2026-05-30 19:15:44,20260530-182225,log/stroke_prediction_v4/7/infgain/noAug__noImbl__minmax/BalancedRandomForest,1780136562317_d342c02e17801397446654448,0.5870841487279843,0.5459847361265604,0.7449794238683127,0.4515856666920983,0.9491087618554211,0.5870841487279843,0.6975100770013244,0.5870841487279843,0.5870841487279843,0.5870841487279843,0.6312053132302363
7,infgain,minmax,noAug,noImbl,BalancedRandomForest,last,0.25,0.2,5012,2026-05-30 19:15:46,20260530-182225,log/stroke_prediction_v4/7/infgain/noAug__noImbl__minmax/BalancedRandomForest,1780136562317_d342c02e17801397463530293,0.5821917808219178,0.5366694141639288,0.6949794238683127,0.441462150349091,0.9402427031895616,0.5821917808219178,0.6943914277291033,0.5821917808219178,0.5821917808219178,0.5821917808219178,0.6204439031626764
7,infgain,minmax,noAug,noImbl,EasyEnsemble,first,0.25,0.1,42,2026-05-30 19:13:56,20260530-182225,log/stroke_prediction_v4/7/infgain/minmax__noAug__noImbl/EasyEnsemble,1780136562317_d342c02e17801396368298903,0.0821917808219178,0.5253036437246964,0.5174897119341564,0.0819667735398782,0.9535522156286396,0.0821917808219177,0.0690007289123494,0.0821917808219178,0.0821917808219178,0.0821917808219178,0.2551563948253504
7,infgain,minmax,noAug,noImbl,EasyEnsemble,first,0.25,0.1,126,2026-05-30 19:13:58,20260530-182225,log/stroke_prediction_v4/7/infgain/minmax__noAug__noImbl/EasyEnsemble,1780136562317_d342c02e17801396385190244,0.0626223091976516,0.5248015873015873,0.507201646090535,0.0614577621675095,0.9535030907340104,0.0626223091976516,0.0316324187844265,0.0626223091976516,0.0626223091976516,0.0626223091976516,0.2375630832344643
7,infgain,minmax,noAug,noImbl,EasyEnsemble,first,0.25,0.1,5012,2026-05-30 19:14:00,20260530-182225,log/stroke_prediction_v4/7/infgain/minmax__noAug__noImbl/EasyEnsemble,1780136562317_d342c02e17801396402080069,0.1565557729941291,0.5176597882371127,0.5376131687242798,0.1532351391980683,0.9369770452321136,0.1565557729941291,0.2010730198225684,0.1565557729941291,0.1565557729941291,0.1565557729941291,0.3149935332700977
7,infgain,minmax,noAug,noImbl,EasyEnsemble,first,0.25,0.2,42,2026-05-30 19:14:32,20260530-182225,log/stroke_prediction_v4/7/infgain/minmax__noAug__noImbl/EasyEnsemble,1780136562317_d342c02e17801396722534851,0.3228962818003913,0.5313350584627181,0.6345473251028806,0.2861082510649466,0.9509432507829478,0.3228962818003913,0.4323089594187401,0.3228962818003913,0.3228962818003913,0.3228962818003913,0.448603657727564
7,infgain,minmax,noAug,noImbl,EasyEnsemble,first,0.25,0.2,126,2026-05-30 19:14:33,20260530-182225,log/stroke_prediction_v4/7/infgain/minmax__noAug__noImbl/EasyEnsemble,1780136562317_d342c02e17801396739281948,0.0665362035225048,0.5249003984063745,0.5092592592592593,0.0656201483525961,0.953512759139567,0.0665362035225048,0.039226308769601,0.0665362035225048,0.0665362035225048,0.0665362035225048,0.2411086916578514
7,infgain,minmax,noAug,noImbl,EasyEnsemble,first,0.25,0.2,5012,2026-05-30 19:14:35,20260530-182225,log/stroke_prediction_v4/7/infgain/minmax__noAug__noImbl/EasyEnsemble,1780136562317_d342c02e17801396757065551,0.3590998043052837,0.5311215397673995,0.6440946502057613,0.3106278506719064,0.948500592651796,0.3590998043052837,0.4755398110039135,0.3590998043052837,0.3590998043052837,0.3590998043052837,0.473936749235982
7,infgain,minmax,noAug,noImbl,EasyEnsemble,last,0.25,0.1,42,2026-05-30 19:15:08,20260530-182225,log/stroke_prediction_v4/7/infgain/noAug__noImbl__minmax/EasyEnsemble,1780136562317_d342c02e17801397083244762,0.0821917808219178,0.5253036437246964,0.5174897119341564,0.0819667735398782,0.9535522156286396,0.0821917808219177,0.0690007289123494,0.0821917808219178,0.0821917808219178,0.0821917808219178,0.2551563948253504
7,infgain,minmax,noAug,noImbl,EasyEnsemble,last,0.25,0.1,126,2026-05-30 19:15:10,20260530-182225,log/stroke_prediction_v4/7/infgain/noAug__noImbl__minmax/EasyEnsemble,1780136562317_d342c02e17801397100293154,0.0626223091976516,0.5248015873015873,0.507201646090535,0.0614577621675095,0.9535030907340104,0.0626223091976516,0.0316324187844265,0.0626223091976516,0.0626223091976516,0.0626223091976516,0.2375630832344643
7,infgain,minmax,noAug,noImbl,EasyEnsemble,last,0.25,0.1,5012,2026-05-30 19:15:11,20260530-182225,log/stroke_prediction_v4/7/infgain/noAug__noImbl__minmax/EasyEnsemble,1780136562317_d342c02e17801397117058522,0.1565557729941291,0.5176597882371127,0.5376131687242798,0.1532351391980683,0.9369770452321136,0.1565557729941291,0.2010730198225684,0.1565557729941291,0.1565557729941291,0.1565557729941291,0.3149935332700977
7,infgain,minmax,noAug,noImbl,EasyEnsemble,last,0.25,0.2,42,2026-05-30 19:15:43,20260530-182225,log/stroke_prediction_v4/7/infgain/noAug__noImbl__minmax/EasyEnsemble,1780136562317_d342c02e17801397438317411,0.3228962818003913,0.5313350584627181,0.6345473251028806,0.2861082510649466,0.9509432507829478,0.3228962818003913,0.4323089594187401,0.3228962818003913,0.3228962818003913,0.3228962818003913,0.448603657727564
7,infgain,minmax,noAug,noImbl,EasyEnsemble,last,0.25,0.2,126,2026-05-30 19:15:45,20260530-182225,log/stroke_prediction_v4/7/infgain/noAug__noImbl__minmax/EasyEnsemble,1780136562317_d342c02e17801397455263743,0.0665362035225048,0.5249003984063745,0.5092592592592593,0.0656201483525961,0.953512759139567,0.0665362035225048,0.039226308769601,0.0665362035225048,0.0665362035225048,0.0665362035225048,0.2411086916578514
7,infgain,minmax,noAug,noImbl,EasyEnsemble,last,0.25,0.2,5012,2026-05-30 19:15:47,20260530-182225,log/stroke_prediction_v4/7/infgain/noAug__noImbl__minmax/EasyEnsemble,1780136562317_d342c02e17801397472843464,0.3590998043052837,0.5311215397673995,0.6440946502057613,0.3106278506719064,0.948500592651796,0.3590998043052837,0.4755398110039135,0.3590998043052837,0.3590998043052837,0.3590998043052837,0.473936749235982
7,infgain,minmax,noAug,noImbl,XGBClassifier_SPW24,first,0.25,0.1,42,2026-05-30 19:13:55,20260530-182225,log/stroke_prediction_v4/7/infgain/minmax__noAug__noImbl/XGBClassifier_SPW24,1780136562317_d342c02e17801396353652052,0.9041095890410958,0.5633333333333332,0.5891358024691358,0.5728663789426996,0.921187214611872,0.9041095890410958,0.9122066452879456,0.9041095890410958,0.9041095890410958,0.9041095890410958,0.791770424292469
7,infgain,minmax,noAug,noImbl,XGBClassifier_SPW24,first,0.25,0.1,126,2026-05-30 19:13:57,20260530-182225,log/stroke_prediction_v4/7/infgain/minmax__noAug__noImbl/XGBClassifier_SPW24,1780136562317_d342c02e17801396371340071,0.9158512720156556,0.5552735923869945,0.5573662551440329,0.5562892510248179,0.9174224165892012,0.9158512720156556,0.916632928583027,0.9158512720156556,0.9158512720156556,0.9158512720156556,0.7902850621594616
7,infgain,minmax,noAug,noImbl,XGBClassifier_SPW24,first,0.25,0.1,5012,2026-05-30 19:13:58,20260530-182225,log/stroke_prediction_v4/7/infgain/minmax__noAug__noImbl/XGBClassifier_SPW24,1780136562317_d342c02e17801396388340909,0.9119373776908024,0.5350118953211737,0.5363374485596708,0.5356515417701581,0.9135797545202996,0.9119373776908024,0.9127553903775864,0.9119373776908024,0.9119373776908024,0.9119373776908022,0.7805289007385968
7,infgain,minmax,noAug,noImbl,XGBClassifier_SPW24,first,0.25,0.2,42,2026-05-30 19:14:30,20260530-182225,log/stroke_prediction_v4/7/infgain/minmax__noAug__noImbl/XGBClassifier_SPW24,1780136562317_d342c02e17801396709007740,0.9168297455968688,0.5819649048700213,0.5958230452674897,0.5881279188298604,0.9234974083547044,0.9168297455968688,0.9200699607566752,0.9168297455968688,0.9168297455968688,0.9168297455968688,0.8030901160259492
7,infgain,minmax,noAug,noImbl,XGBClassifier_SPW24,first,0.25,0.2,126,2026-05-30 19:14:32,20260530-182225,log/stroke_prediction_v4/7/infgain/minmax__noAug__noImbl/XGBClassifier_SPW24,1780136562317_d342c02e17801396725680305,0.8884540117416829,0.5523724368144969,0.5903909465020576,0.5629201680672268,0.9203857528274014,0.8884540117416829,0.9032174513641072,0.8884540117416829,0.8884540117416829,0.8884540117416829,0.7816171612257686
7,infgain,minmax,noAug,noImbl,XGBClassifier_SPW24,first,0.25,0.2,5012,2026-05-30 19:14:34,20260530-182225,log/stroke_prediction_v4/7/infgain/minmax__noAug__noImbl/XGBClassifier_SPW24,1780136562317_d342c02e17801396743353236,0.8913894324853229,0.5503107539707451,0.5824485596707819,0.559816075897794,0.9194123286074124,0.8913894324853229,0.9044729358455974,0.8913894324853229,0.8913894324853229,0.8913894324853229,0.7814162889805317
7,infgain,minmax,noAug,noImbl,XGBClassifier_SPW24,last,0.25,0.1,42,2026-05-30 19:15:06,20260530-182225,log/stroke_prediction_v4/7/infgain/noAug__noImbl__minmax/XGBClassifier_SPW24,1780136562317_d342c02e17801397069270520,0.9041095890410958,0.5633333333333332,0.5891358024691358,0.5728663789426996,0.921187214611872,0.9041095890410958,0.9122066452879456,0.9041095890410958,0.9041095890410958,0.9041095890410958,0.791770424292469
7,infgain,minmax,noAug,noImbl,XGBClassifier_SPW24,last,0.25,0.1,126,2026-05-30 19:15:08,20260530-182225,log/stroke_prediction_v4/7/infgain/noAug__noImbl__minmax/XGBClassifier_SPW24,1780136562317_d342c02e17801397086373587,0.9158512720156556,0.5552735923869945,0.5573662551440329,0.5562892510248179,0.9174224165892012,0.9158512720156556,0.916632928583027,0.9158512720156556,0.9158512720156556,0.9158512720156556,0.7902850621594616
7,infgain,minmax,noAug,noImbl,XGBClassifier_SPW24,last,0.25,0.1,5012,2026-05-30 19:15:10,20260530-182225,log/stroke_prediction_v4/7/infgain/noAug__noImbl__minmax/XGBClassifier_SPW24,1780136562317_d342c02e17801397103390888,0.9119373776908024,0.5350118953211737,0.5363374485596708,0.5356515417701581,0.9135797545202996,0.9119373776908024,0.9127553903775864,0.9119373776908024,0.9119373776908024,0.9119373776908022,0.7805289007385968
7,infgain,minmax,noAug,noImbl,XGBClassifier_SPW24,last,0.25,0.2,42,2026-05-30 19:15:42,20260530-182225,log/stroke_prediction_v4/7/infgain/noAug__noImbl__minmax/XGBClassifier_SPW24,1780136562317_d342c02e17801397424795604,0.9168297455968688,0.5819649048700213,0.5958230452674897,0.5881279188298604,0.9234974083547044,0.9168297455968688,0.9200699607566752,0.9168297455968688,0.9168297455968688,0.9168297455968688,0.8030901160259492
7,infgain,minmax,noAug,noImbl,XGBClassifier_SPW24,last,0.25,0.2,126,2026-05-30 19:15:44,20260530-182225,log/stroke_prediction_v4/7/infgain/noAug__noImbl__minmax/XGBClassifier_SPW24,1780136562317_d342c02e17801397441474777,0.8884540117416829,0.5523724368144969,0.5903909465020576,0.5629201680672268,0.9203857528274014,0.8884540117416829,0.9032174513641072,0.8884540117416829,0.8884540117416829,0.8884540117416829,0.7816171612257686
7,infgain,minmax,noAug,noImbl,XGBClassifier_SPW24,last,0.25,0.2,5012,2026-05-30 19:15:45,20260530-182225,log/stroke_prediction_v4/7/infgain/noAug__noImbl__minmax/XGBClassifier_SPW24,1780136562317_d342c02e17801397458402733,0.8913894324853229,0.5503107539707451,0.5824485596707819,0.559816075897794,0.9194123286074124,0.8913894324853229,0.9044729358455974,0.8913894324853229,0.8913894324853229,0.8913894324853229,0.7814162889805317
7,infgain,standard,gaussian_noise,noImbl,BalancedRandomForest,first,0.25,0.1,42,2026-05-30 19:16:24,20260530-182225,log/stroke_prediction_v4/7/infgain/standard__gaussian_noise__noImbl/BalancedRandomForest,1780136562317_d342c02e17801397841283311,0.6927592954990215,0.5470846989822322,0.7246502057613169,0.5025144947756798,0.9398097808198924,0.6927592954990215,0.7800551692486563,0.6927592954990215,0.6927592954990215,0.6927592954990215,0.690643636359603
7,infgain,standard,gaussian_noise,noImbl,BalancedRandomForest,first,0.25,0.1,126,2026-05-30 19:16:26,20260530-182225,log/stroke_prediction_v4/7/infgain/standard__gaussian_noise__noImbl/BalancedRandomForest,1780136562317_d342c02e17801397864960606,0.6771037181996086,0.5551954527323494,0.7733333333333333,0.5037871431345892,0.9482004204274996,0.6771037181996086,0.7683531732835095,0.6771037181996086,0.6771037181996086,0.6771037181996086,0.6893354553918762
7,infgain,standard,gaussian_noise,noImbl,BalancedRandomForest,first,0.25,0.1,5012,2026-05-30 19:16:28,20260530-182225,log/stroke_prediction_v4/7/infgain/standard__gaussian_noise__noImbl/BalancedRandomForest,1780136562317_d342c02e17801397887315506,0.6379647749510763,0.5419614147909968,0.7148148148148148,0.4728286630419628,0.940678072753129,0.6379647749510763,0.7390095986716877,0.6379647749510763,0.6379647749510763,0.6379647749510763,0.656707079473372
7,infgain,standard,gaussian_noise,noImbl,BalancedRandomForest,first,0.25,0.2,42,2026-05-30 19:17:11,20260530-182225,log/stroke_prediction_v4/7/infgain/standard__gaussian_noise__noImbl/BalancedRandomForest,1780136562317_d342c02e17801398310805351,0.6634050880626223,0.549344375431332,0.7471604938271605,0.4916951975571388,0.9446976725969324,0.6634050880626223,0.7582213238973001,0.6634050880626223,0.6634050880626223,0.6634050880626223,0.6769697676287572
7,infgain,standard,gaussian_noise,noImbl,BalancedRandomForest,first,0.25,0.2,126,2026-05-30 19:17:13,20260530-182225,log/stroke_prediction_v4/7/infgain/standard__gaussian_noise__noImbl/BalancedRandomForest,1780136562317_d342c02e17801398332757031,0.6614481409001957,0.5543593378303516,0.7745884773662551,0.495623944497695,0.9493028435519364,0.6614481409001957,0.7565282262094792,0.6614481409001957,0.6614481409001957,0.6614481409001957,0.6802271478410087
7,infgain,standard,gaussian_noise,noImbl,BalancedRandomForest,first,0.25,0.2,5012,2026-05-30 19:17:15,20260530-182225,log/stroke_prediction_v4/7/infgain/standard__gaussian_noise__noImbl/BalancedRandomForest,1780136562317_d342c02e17801398354919231,0.6829745596868885,0.5490121452011231,0.738477366255144,0.500229413185221,0.9423667507930836,0.6829745596868885,0.7728686123349578,0.6829745596868885,0.6829745596868885,0.6829745596868885,0.6871401539277171
7,infgain,standard,gaussian_noise,noImbl,BalancedRandomForest,last,0.25,0.1,42,2026-05-30 19:17:58,20260530-182225,log/stroke_prediction_v4/7/infgain/gaussian_noise__noImbl__standard/BalancedRandomForest,1780136562317_d342c02e17801398781414501,0.6771037181996086,0.5480026854649211,0.7353909465020576,0.4965817834432934,0.942145573482742,0.6771037181996086,0.768544567504278,0.6771037181996086,0.6771037181996086,0.6771037181996086,0.683164360466951
7,infgain,standard,gaussian_noise,noImbl,BalancedRandomForest,last,0.25,0.1,126,2026-05-30 19:18:00,20260530-182225,log/stroke_prediction_v4/7/infgain/gaussian_noise__noImbl__standard/BalancedRandomForest,1780136562317_d342c02e17801398803385948,0.684931506849315,0.5565793890567304,0.7774485596707819,0.5087858614204257,0.948435854635416,0.684931506849315,0.7741556082920532,0.684931506849315,0.684931506849315,0.684931506849315,0.6946602035328905
7,infgain,standard,gaussian_noise,noImbl,BalancedRandomForest,last,0.25,0.1,5012,2026-05-30 19:18:02,20260530-182225,log/stroke_prediction_v4/7/infgain/gaussian_noise__noImbl__standard/BalancedRandomForest,1780136562317_d342c02e17801398825535184,0.6536203522504892,0.5442463427377221,0.7230452674897119,0.4822280104187537,0.9412653851423338,0.6536203522504892,0.7509758661481076,0.6536203522504892,0.6536203522504892,0.6536203522504892,0.6672844219222015
7,infgain,standard,gaussian_noise,noImbl,BalancedRandomForest,last,0.25,0.2,42,2026-05-30 19:18:44,20260530-182225,log/stroke_prediction_v4/7/infgain/gaussian_noise__noImbl__standard/BalancedRandomForest,1780136562317_d342c02e17801399242517564,0.6516634050880626,0.5475170399221032,0.7409876543209877,0.4844819768759918,0.9443060840667916,0.6516634050880626,0.7493295315349767,0.6516634050880626,0.6516634050880626,0.6516634050880626,0.6690181661278585
7,infgain,standard,gaussian_noise,noImbl,BalancedRandomForest,last,0.25,0.2,126,2026-05-30 19:18:46,20260530-182225,log/stroke_prediction_v4/7/infgain/gaussian_noise__noImbl__standard/BalancedRandomForest,1780136562317_d342c02e17801399263862172,0.6722113502935421,0.5579071823658832,0.7897325102880659,0.504141447935359,0.951147640684172,0.6722113502935421,0.76457917898451,0.6722113502935421,0.6722113502935421,0.6722113502935421,0.6890713674892092
7,infgain,standard,gaussian_noise,noImbl,BalancedRandomForest,last,0.25,0.2,5012,2026-05-30 19:18:48,20260530-182225,log/stroke_prediction_v4/7/infgain/gaussian_noise__noImbl__standard/BalancedRandomForest,1780136562317_d342c02e17801399285289552,0.6859099804305284,0.5513471969918315,0.7495061728395062,0.5039307569825939,0.9439639258857504,0.6859099804305284,0.774988663313766,0.6859099804305284,0.6859099804305284,0.6859099804305284,0.6906836347883739
7,infgain,standard,gaussian_noise,noImbl,EasyEnsemble,first,0.25,0.1,42,2026-05-30 19:16:25,20260530-182225,log/stroke_prediction_v4/7/infgain/standard__gaussian_noise__noImbl/EasyEnsemble,1780136562317_d342c02e17801397853355905,0.0508806262230919,0.5245098039215687,0.5010288065843621,0.0487823600529658,0.953474540501132,0.0508806262230919,0.0084781640351274,0.0508806262230919,0.0508806262230919,0.0508806262230919,0.226842644203157
7,infgain,standard,gaussian_noise,noImbl,EasyEnsemble,first,0.25,0.1,126,2026-05-30 19:16:27,20260530-182225,log/stroke_prediction_v4/7/infgain/standard__gaussian_noise__noImbl/EasyEnsemble,1780136562317_d342c02e17801397876050835,0.0489236790606653,0.0244618395303326,0.5,0.0466417910447761,0.0023935263728309,0.0489236790606653,0.0045637760317784,0.0489236790606653,0.0489236790606653,0.0489236790606653,0.0799358432760656
7,infgain,standard,gaussian_noise,noImbl,EasyEnsemble,first,0.25,0.1,5012,2026-05-30 19:16:29,20260530-182225,log/stroke_prediction_v4/7/infgain/standard__gaussian_noise__noImbl/EasyEnsemble,1780136562317_d342c02e17801397898122022,0.0489236790606653,0.0244618395303326,0.5,0.0466417910447761,0.0023935263728309,0.0489236790606653,0.0045637760317784,0.0489236790606653,0.0489236790606653,0.0489236790606653,0.0799358432760656
7,infgain,standard,gaussian_noise,noImbl,EasyEnsemble,first,0.25,0.2,42,2026-05-30 19:17:12,20260530-182225,log/stroke_prediction_v4/7/infgain/standard__gaussian_noise__noImbl/EasyEnsemble,1780136562317_d342c02e17801398321522796,0.0489236790606653,0.0244618395303326,0.5,0.0466417910447761,0.0023935263728309,0.0489236790606653,0.0045637760317784,0.0489236790606653,0.0489236790606653,0.0489236790606653,0.0799358432760656
7,infgain,standard,gaussian_noise,noImbl,EasyEnsemble,first,0.25,0.2,126,2026-05-30 19:17:14,20260530-182225,log/stroke_prediction_v4/7/infgain/standard__gaussian_noise__noImbl/EasyEnsemble,1780136562317_d342c02e17801398343631231,0.0489236790606653,0.0244618395303326,0.5,0.0466417910447761,0.0023935263728309,0.0489236790606653,0.0045637760317784,0.0489236790606653,0.0489236790606653,0.0489236790606653,0.0799358432760656
7,infgain,standard,gaussian_noise,noImbl,EasyEnsemble,first,0.25,0.2,5012,2026-05-30 19:17:16,20260530-182225,log/stroke_prediction_v4/7/infgain/standard__gaussian_noise__noImbl/EasyEnsemble,1780136562317_d342c02e17801398365909847,0.0567514677103718,0.52465483234714,0.5041152263374485,0.0551557465091299,0.9534887311494268,0.0567514677103717,0.0201258668056778,0.0567514677103718,0.0567514677103718,0.0567514677103718,0.2322187080647713
7,infgain,standard,gaussian_noise,noImbl,EasyEnsemble,last,0.25,0.1,42,2026-05-30 19:17:59,20260530-182225,log/stroke_prediction_v4/7/infgain/gaussian_noise__noImbl__standard/EasyEnsemble,1780136562317_d342c02e17801398792043197,0.0508806262230919,0.5245098039215687,0.5010288065843621,0.0487823600529658,0.953474540501132,0.0508806262230919,0.0084781640351274,0.0508806262230919,0.0508806262230919,0.0508806262230919,0.226842644203157
7,infgain,standard,gaussian_noise,noImbl,EasyEnsemble,last,0.25,0.1,126,2026-05-30 19:18:01,20260530-182225,log/stroke_prediction_v4/7/infgain/gaussian_noise__noImbl__standard/EasyEnsemble,1780136562317_d342c02e17801398814171242,0.0489236790606653,0.0244618395303326,0.5,0.0466417910447761,0.0023935263728309,0.0489236790606653,0.0045637760317784,0.0489236790606653,0.0489236790606653,0.0489236790606653,0.0799358432760656
7,infgain,standard,gaussian_noise,noImbl,EasyEnsemble,last,0.25,0.1,5012,2026-05-30 19:18:03,20260530-182225,log/stroke_prediction_v4/7/infgain/gaussian_noise__noImbl__standard/EasyEnsemble,1780136562317_d342c02e17801398836187159,0.0489236790606653,0.0244618395303326,0.5,0.0466417910447761,0.0023935263728309,0.0489236790606653,0.0045637760317784,0.0489236790606653,0.0489236790606653,0.0489236790606653,0.0799358432760656
7,infgain,standard,gaussian_noise,noImbl,EasyEnsemble,last,0.25,0.2,42,2026-05-30 19:18:45,20260530-182225,log/stroke_prediction_v4/7/infgain/gaussian_noise__noImbl__standard/EasyEnsemble,1780136562317_d342c02e17801399252895697,0.0489236790606653,0.0244618395303326,0.5,0.0466417910447761,0.0023935263728309,0.0489236790606653,0.0045637760317784,0.0489236790606653,0.0489236790606653,0.0489236790606653,0.0799358432760656
7,infgain,standard,gaussian_noise,noImbl,EasyEnsemble,last,0.25,0.2,126,2026-05-30 19:18:47,20260530-182225,log/stroke_prediction_v4/7/infgain/gaussian_noise__noImbl__standard/EasyEnsemble,1780136562317_d342c02e17801399274321512,0.0489236790606653,0.0244618395303326,0.5,0.0466417910447761,0.0023935263728309,0.0489236790606653,0.0045637760317784,0.0489236790606653,0.0489236790606653,0.0489236790606653,0.0799358432760656
7,infgain,standard,gaussian_noise,noImbl,EasyEnsemble,last,0.25,0.2,5012,2026-05-30 19:18:49,20260530-182225,log/stroke_prediction_v4/7/infgain/gaussian_noise__noImbl__standard/EasyEnsemble,1780136562317_d342c02e17801399295923933,0.0489236790606653,0.0244618395303326,0.5,0.0466417910447761,0.0023935263728309,0.0489236790606653,0.0045637760317784,0.0489236790606653,0.0489236790606653,0.0489236790606653,0.0799358432760656
7,infgain,standard,gaussian_noise,noImbl,XGBClassifier_SPW24,first,0.25,0.1,42,2026-05-30 19:16:23,20260530-182225,log/stroke_prediction_v4/7/infgain/standard__gaussian_noise__noImbl/XGBClassifier_SPW24,1780136562317_d342c02e17801397833029058,0.8962818003913894,0.572707806112517,0.622962962962963,0.5881351034870812,0.925349913352612,0.8962818003913895,0.9095279253714388,0.8962818003913894,0.8962818003913894,0.8962818003913894,0.7952642427281429
7,infgain,standard,gaussian_noise,noImbl,XGBClassifier_SPW24,first,0.25,0.1,126,2026-05-30 19:16:25,20260530-182225,log/stroke_prediction_v4/7/infgain/standard__gaussian_noise__noImbl/XGBClassifier_SPW24,1780136562317_d342c02e17801397856561628,0.8571428571428571,0.5502042900919305,0.621358024691358,0.5596959431545898,0.9235517291697068,0.8571428571428571,0.8861793416036166,0.8571428571428571,0.8571428571428571,0.8571428571428571,0.7692498399661731
7,infgain,standard,gaussian_noise,noImbl,XGBClassifier_SPW24,first,0.25,0.1,5012,2026-05-30 19:16:27,20260530-182225,log/stroke_prediction_v4/7/infgain/standard__gaussian_noise__noImbl/XGBClassifier_SPW24,1780136562317_d342c02e17801397879246602,0.8708414872798435,0.5514529716361388,0.6095884773662551,0.5624545926310327,0.9223298122198864,0.8708414872798435,0.8938447055287058,0.8708414872798435,0.8708414872798435,0.8708414872798435,0.775118615758126
7,infgain,standard,gaussian_noise,noImbl,XGBClassifier_SPW24,first,0.25,0.2,42,2026-05-30 19:17:10,20260530-182225,log/stroke_prediction_v4/7/infgain/standard__gaussian_noise__noImbl/XGBClassifier_SPW24,1780136562317_d342c02e17801398302929410,0.8953033268101761,0.5674903190116172,0.612962962962963,0.5814345151745969,0.9239096506039184,0.8953033268101762,0.9084255257147146,0.8953033268101761,0.8953033268101761,0.895303326810176,0.7920366301153169
7,infgain,standard,gaussian_noise,noImbl,XGBClassifier_SPW24,first,0.25,0.2,126,2026-05-30 19:17:12,20260530-182225,log/stroke_prediction_v4/7/infgain/standard__gaussian_noise__noImbl/XGBClassifier_SPW24,1780136562317_d342c02e17801398324815669,0.8953033268101761,0.5832793959007552,0.6509053497942388,0.602861760273102,0.929055915490282,0.8953033268101761,0.9103088803953168,0.8953033268101761,0.8953033268101761,0.895303326810176,0.8014209929428606
7,infgain,standard,gaussian_noise,noImbl,XGBClassifier_SPW24,first,0.25,0.2,5012,2026-05-30 19:17:14,20260530-182225,log/stroke_prediction_v4/7/infgain/standard__gaussian_noise__noImbl/XGBClassifier_SPW24,1780136562317_d342c02e17801398346914762,0.8669275929549902,0.5489913004349782,0.6075308641975309,0.5589907604832978,0.92193947054115,0.8669275929549902,0.8914471533859915,0.8669275929549902,0.8669275929549902,0.8669275929549902,0.7721828877797552
7,infgain,standard,gaussian_noise,noImbl,XGBClassifier_SPW24,last,0.25,0.1,42,2026-05-30 19:17:57,20260530-182225,log/stroke_prediction_v4/7/infgain/gaussian_noise__noImbl__standard/XGBClassifier_SPW24,1780136562317_d342c02e17801398773353029,0.898238747553816,0.582832618025751,0.642962962962963,0.6012605042016806,0.9282060757750096,0.8982387475538162,0.9117071486128698,0.898238747553816,0.898238747553816,0.898238747553816,0.8016408126200812
7,infgain,standard,gaussian_noise,noImbl,XGBClassifier_SPW24,last,0.25,0.1,126,2026-05-30 19:17:59,20260530-182225,log/stroke_prediction_v4/7/infgain/gaussian_noise__noImbl__standard/XGBClassifier_SPW24,1780136562317_d342c02e17801398795289604,0.8806262230919765,0.5584045584045583,0.6147325102880659,0.5716209716209716,0.9233779918711424,0.8806262230919765,0.8998500521005414,0.8806262230919765,0.8806262230919765,0.8806262230919764,0.7826226488513939
7,infgain,standard,gaussian_noise,noImbl,XGBClassifier_SPW24,last,0.25,0.1,5012,2026-05-30 19:18:01,20260530-182225,log/stroke_prediction_v4/7/infgain/gaussian_noise__noImbl__standard/XGBClassifier_SPW24,1780136562317_d342c02e17801398817405094,0.8473581213307241,0.5248533977233528,0.5593004115226338,0.5248211731044349,0.9150756485973636,0.8473581213307241,0.8780029620173073,0.8473581213307241,0.8473581213307241,0.8473581213307241,0.7492898145848857
7,infgain,standard,gaussian_noise,noImbl,XGBClassifier_SPW24,last,0.25,0.2,42,2026-05-30 19:18:43,20260530-182225,log/stroke_prediction_v4/7/infgain/gaussian_noise__noImbl__standard/XGBClassifier_SPW24,1780136562317_d342c02e17801399234805210,0.8835616438356164,0.5682660850599782,0.635246913580247,0.5846308850902509,0.9262740963791144,0.8835616438356165,0.9025249560974332,0.8835616438356164,0.8835616438356164,0.8835616438356163,0.7894767432143329
7,infgain,standard,gaussian_noise,noImbl,XGBClassifier_SPW24,last,0.25,0.2,126,2026-05-30 19:18:45,20260530-182225,log/stroke_prediction_v4/7/infgain/gaussian_noise__noImbl__standard/XGBClassifier_SPW24,1780136562317_d342c02e17801399256138039,0.8776908023483366,0.5442695735371582,0.5847325102880658,0.5530763391092313,0.91916515032241,0.8776908023483366,0.8966980786114759,0.8776908023483366,0.8776908023483366,0.8776908023483365,0.773359207012204
7,infgain,standard,gaussian_noise,noImbl,XGBClassifier_SPW24,last,0.25,0.2,5012,2026-05-30 19:18:47,20260530-182225,log/stroke_prediction_v4/7/infgain/gaussian_noise__noImbl__standard/XGBClassifier_SPW24,1780136562317_d342c02e17801399277609066,0.8659491193737769,0.5519349483127104,0.6165020576131688,0.5628428608449402,0.9231158017977148,0.8659491193737769,0.8912376556317644,0.8659491193737769,0.8659491193737769,0.8659491193737769,0.7736470059933757
7,infgain,standard,mixup,noImbl,BalancedRandomForest,first,0.25,0.1,42,2026-05-30 19:19:28,20260530-182225,log/stroke_prediction_v4/7/infgain/standard__mixup__noImbl/BalancedRandomForest,1780136562317_d342c02e17801399681533243,0.5949119373776908,0.5363945260139031,0.6921810699588478,0.4474232728222541,0.9390292519647404,0.5949119373776908,0.7049697666103462,0.5949119373776908,0.5949119373776908,0.5949119373776908,0.6275842156597156
7,infgain,standard,mixup,noImbl,BalancedRandomForest,first,0.25,0.1,126,2026-05-30 19:19:30,20260530-182225,log/stroke_prediction_v4/7/infgain/standard__mixup__noImbl/BalancedRandomForest,1780136562317_d342c02e17801399700500556,0.6086105675146771,0.5485879232329536,0.7562962962962962,0.4646299555779062,0.9496087785064972,0.6086105675146771,0.7151018880414963,0.6086105675146771,0.6086105675146771,0.6086105675146771,0.6458533033523558
7,infgain,standard,mixup,noImbl,BalancedRandomForest,first,0.25,0.1,5012,2026-05-30 19:19:31,20260530-182225,log/stroke_prediction_v4/7/infgain/standard__mixup__noImbl/BalancedRandomForest,1780136562317_d342c02e17801399719472396,0.5812133072407045,0.534802874043792,0.6849794238683128,0.4394172408136482,0.938486076001842,0.5812133072407045,0.6937673833150994,0.5812133072407045,0.5812133072407045,0.5812133072407045,0.6182898539069885
7,infgain,standard,mixup,noImbl,BalancedRandomForest,first,0.25,0.2,42,2026-05-30 19:20:08,20260530-182225,log/stroke_prediction_v4/7/infgain/standard__mixup__noImbl/BalancedRandomForest,1780136562317_d342c02e17801400085424341,0.6154598825831703,0.5442143578737171,0.731440329218107,0.4642112494747443,0.9447532223988137,0.6154598825831703,0.7210275288964177,0.6154598825831703,0.6154598825831703,0.6154598825831703,0.646010560738006
7,infgain,standard,mixup,noImbl,BalancedRandomForest,first,0.25,0.2,126,2026-05-30 19:20:10,20260530-182225,log/stroke_prediction_v4/7/infgain/standard__mixup__noImbl/BalancedRandomForest,1780136562317_d342c02e17801400104692557,0.6105675146771037,0.5470890410958904,0.7478395061728396,0.4643210839057693,0.9479599496019088,0.6105675146771037,0.7168289662487849,0.6105675146771037,0.6105675146771037,0.6105675146771037,0.6456883630810882
7,infgain,standard,mixup,noImbl,BalancedRandomForest,first,0.25,0.2,5012,2026-05-30 19:20:12,20260530-182225,log/stroke_prediction_v4/7/infgain/standard__mixup__noImbl/BalancedRandomForest,1780136562317_d342c02e17801400123938626,0.6301369863013698,0.5479341203351104,0.748641975308642,0.4746487377404983,0.9468343436029588,0.6301369863013698,0.7324907614331665,0.6301369863013698,0.6301369863013698,0.6301369863013698,0.6574667633212686
7,infgain,standard,mixup,noImbl,BalancedRandomForest,last,0.25,0.1,42,2026-05-30 19:20:49,20260530-182225,log/stroke_prediction_v4/7/infgain/mixup__noImbl__standard/BalancedRandomForest,1780136562317_d342c02e17801400493942564,0.6066536203522505,0.5378217200251099,0.6983539094650206,0.4543063738902673,0.93948635357969,0.6066536203522505,0.7144251909975794,0.6066536203522505,0.6066536203522505,0.6066536203522505,0.6355373811810591
7,infgain,standard,mixup,noImbl,BalancedRandomForest,last,0.25,0.1,126,2026-05-30 19:20:51,20260530-182225,log/stroke_prediction_v4/7/infgain/mixup__noImbl__standard/BalancedRandomForest,1780136562317_d342c02e17801400513108681,0.6262230919765166,0.5473975636766334,0.7465843621399177,0.4722701343642704,0.9467224927562614,0.6262230919765166,0.7294161976224062,0.6262230919765166,0.6262230919765166,0.6262230919765166,0.6548126284458893
7,infgain,standard,mixup,noImbl,BalancedRandomForest,last,0.25,0.1,5012,2026-05-30 19:20:53,20260530-182225,log/stroke_prediction_v4/7/infgain/mixup__noImbl__standard/BalancedRandomForest,1780136562317_d342c02e17801400533367412,0.5772994129158513,0.5343614718614719,0.6829218106995885,0.4371328328981723,0.938328631577164,0.5772994129158513,0.6905320226556234,0.5772994129158513,0.5772994129158513,0.5772994129158513,0.6156306849132321
7,infgain,standard,mixup,noImbl,BalancedRandomForest,last,0.25,0.2,42,2026-05-30 19:21:29,20260530-182225,log/stroke_prediction_v4/7/infgain/mixup__noImbl__standard/BalancedRandomForest,1780136562317_d342c02e17801400899558303,0.6174168297455969,0.5444689351150297,0.7324691358024691,0.4653860613090483,0.9448139282661192,0.6174168297455969,0.7225830677283102,0.6174168297455969,0.6174168297455969,0.6174168297455969,0.6473373011722041
7,infgain,standard,mixup,noImbl,BalancedRandomForest,last,0.25,0.2,126,2026-05-30 19:21:31,20260530-182225,log/stroke_prediction_v4/7/infgain/mixup__noImbl__standard/BalancedRandomForest,1780136562317_d342c02e17801400918723923,0.6095890410958904,0.5469646827148869,0.7473251028806585,0.4637287199416092,0.947934532904368,0.6095890410958904,0.7160424462159943,0.6095890410958904,0.6095890410958904,0.6095890410958904,0.6450237232119879
7,infgain,standard,mixup,noImbl,BalancedRandomForest,last,0.25,0.2,5012,2026-05-30 19:21:33,20260530-182225,log/stroke_prediction_v4/7/infgain/mixup__noImbl__standard/BalancedRandomForest,1780136562317_d342c02e17801400937911431,0.6115459882583171,0.5454639801053477,0.7388683127572017,0.46339644101757,0.9463035295595432,0.6115459882583171,0.7177612130026143,0.6115459882583171,0.6115459882583171,0.6115459882583171,0.6448556256485637
7,infgain,standard,mixup,noImbl,EasyEnsemble,first,0.25,0.1,42,2026-05-30 19:19:29,20260530-182225,log/stroke_prediction_v4/7/infgain/standard__mixup__noImbl/EasyEnsemble,1780136562317_d342c02e17801399690809160,0.1761252446183953,0.5280269058295964,0.5668724279835391,0.1710458883866815,0.953818679631076,0.1761252446183953,0.2295854689571818,0.1761252446183953,0.1761252446183953,0.1761252446183953,0.3354166027933586
7,infgain,standard,mixup,noImbl,EasyEnsemble,first,0.25,0.1,126,2026-05-30 19:19:30,20260530-182225,log/stroke_prediction_v4/7/infgain/standard__mixup__noImbl/EasyEnsemble,1780136562317_d342c02e17801399709771239,0.0978473581213307,0.5257201646090535,0.5257201646090535,0.0978473581213307,0.9535929710967764,0.0978473581213307,0.0978473581213307,0.0978473581213307,0.0978473581213307,0.0978473581213307,0.2689964807164197
7,infgain,standard,mixup,noImbl,EasyEnsemble,first,0.25,0.1,5012,2026-05-30 19:19:32,20260530-182225,log/stroke_prediction_v4/7/infgain/standard__mixup__noImbl/EasyEnsemble,1780136562317_d342c02e17801399728863112,0.1800391389432485,0.5199029444553741,0.5499588477366255,0.1739143854775546,0.9399490955038724,0.1800391389432485,0.2380850979249383,0.1800391389432485,0.1800391389432485,0.1800391389432485,0.3347966668572605
7,infgain,standard,mixup,noImbl,EasyEnsemble,first,0.25,0.2,42,2026-05-30 19:20:09,20260530-182225,log/stroke_prediction_v4/7/infgain/standard__mixup__noImbl/EasyEnsemble,1780136562317_d342c02e17801400094929026,0.1575342465753424,0.5274423710208562,0.5570987654320988,0.1545222111085809,0.9537614844443107,0.1575342465753424,0.2000483865242226,0.1575342465753424,0.1575342465753424,0.1575342465753424,0.3200295503647841
7,infgain,standard,mixup,noImbl,EasyEnsemble,first,0.25,0.2,126,2026-05-30 19:20:11,20260530-182225,log/stroke_prediction_v4/7/infgain/standard__mixup__noImbl/EasyEnsemble,1780136562317_d342c02e17801400114190571,0.0782778864970645,0.5252016129032258,0.5154320987654321,0.0779247646741066,0.9535422321823116,0.0782778864970644,0.0616458486357474,0.0782778864970645,0.0782778864970645,0.0782778864970645,0.2516643409804008
7,infgain,standard,mixup,noImbl,EasyEnsemble,first,0.25,0.2,5012,2026-05-30 19:20:13,20260530-182225,log/stroke_prediction_v4/7/infgain/standard__mixup__noImbl/EasyEnsemble,1780136562317_d342c02e17801400133509512,0.3590998043052837,0.5311215397673995,0.6440946502057613,0.3106278506719064,0.948500592651796,0.3590998043052837,0.4755398110039135,0.3590998043052837,0.3590998043052837,0.3590998043052837,0.473936749235982
7,infgain,standard,mixup,noImbl,EasyEnsemble,last,0.25,0.1,42,2026-05-30 19:20:50,20260530-182225,log/stroke_prediction_v4/7/infgain/mixup__noImbl__standard/EasyEnsemble,1780136562317_d342c02e17801400503158927,0.0665362035225048,0.5249003984063745,0.5092592592592593,0.0656201483525961,0.953512759139567,0.0665362035225048,0.039226308769601,0.0665362035225048,0.0665362035225048,0.0665362035225048,0.2411086916578514
7,infgain,standard,mixup,noImbl,EasyEnsemble,last,0.25,0.1,126,2026-05-30 19:20:52,20260530-182225,log/stroke_prediction_v4/7/infgain/mixup__noImbl__standard/EasyEnsemble,1780136562317_d342c02e17801400522557676,0.0587084148727984,0.5247035573122529,0.5051440329218106,0.0572642786733711,0.9534934987585374,0.0587084148727984,0.0239769392765722,0.0587084148727984,0.0587084148727984,0.0587084148727984,0.2340036575408709
7,infgain,standard,mixup,noImbl,EasyEnsemble,last,0.25,0.1,5012,2026-05-30 19:20:54,20260530-182225,log/stroke_prediction_v4/7/infgain/mixup__noImbl__standard/EasyEnsemble,1780136562317_d342c02e17801400542834527,0.334637964774951,0.529679472861291,0.6312345679012346,0.2937168688412631,0.947884752990606,0.334637964774951,0.4470878056333781,0.334637964774951,0.334637964774951,0.334637964774951,0.4558557664564896
7,infgain,standard,mixup,noImbl,EasyEnsemble,last,0.25,0.2,42,2026-05-30 19:21:30,20260530-182225,log/stroke_prediction_v4/7/infgain/mixup__noImbl__standard/EasyEnsemble,1780136562317_d342c02e17801400909046370,0.4099804305283757,0.5362866997072717,0.6803292181069959,0.3454027487590858,0.9521952003606368,0.4099804305283757,0.5308875543394139,0.4099804305283757,0.4099804305283757,0.4099804305283757,0.5123168294936156
7,infgain,standard,mixup,noImbl,EasyEnsemble,last,0.25,0.2,126,2026-05-30 19:21:32,20260530-182225,log/stroke_prediction_v4/7/infgain/mixup__noImbl__standard/EasyEnsemble,1780136562317_d342c02e17801400928171690,0.0890410958904109,0.5254841997961264,0.5210905349794238,0.0889704453166066,0.9535698825632216,0.0890410958904109,0.0817326865335493,0.0890410958904109,0.0890410958904109,0.0890410958904109,0.2612363698675649
7,infgain,standard,mixup,noImbl,EasyEnsemble,last,0.25,0.2,5012,2026-05-30 19:21:34,20260530-182225,log/stroke_prediction_v4/7/infgain/mixup__noImbl__standard/EasyEnsemble,1780136562317_d342c02e17801400947352970,0.3590998043052837,0.5311215397673995,0.6440946502057613,0.3106278506719064,0.948500592651796,0.3590998043052837,0.4755398110039135,0.3590998043052837,0.3590998043052837,0.3590998043052837,0.473936749235982
7,infgain,standard,mixup,noImbl,XGBClassifier_SPW24,first,0.25,0.1,42,2026-05-30 19:19:27,20260530-182225,log/stroke_prediction_v4/7/infgain/standard__mixup__noImbl/XGBClassifier_SPW24,1780136562317_d342c02e17801399675394514,0.8806262230919765,0.5793750475755499,0.6716460905349794,0.600048757329638,0.930961862545354,0.8806262230919764,0.9022595323680448,0.8806262230919765,0.8806262230919765,0.8806262230919764,0.7957950327570311
7,infgain,standard,mixup,noImbl,XGBClassifier_SPW24,first,0.25,0.1,126,2026-05-30 19:19:29,20260530-182225,log/stroke_prediction_v4/7/infgain/standard__mixup__noImbl/XGBClassifier_SPW24,1780136562317_d342c02e17801399694321416,0.8669275929549902,0.5559927140255009,0.6265020576131688,0.5683263764659113,0.9244785217028648,0.8669275929549902,0.8922208724693593,0.8669275929549902,0.8669275929549902,0.8669275929549902,0.77655045385644
7,infgain,standard,mixup,noImbl,XGBClassifier_SPW24,first,0.25,0.1,5012,2026-05-30 19:19:31,20260530-182225,log/stroke_prediction_v4/7/infgain/standard__mixup__noImbl/XGBClassifier_SPW24,1780136562317_d342c02e17801399713258529,0.8512720156555773,0.4929625199362041,0.4854732510288065,0.4846602972399151,0.9048844090300472,0.8512720156555773,0.876790232714672,0.8512720156555773,0.8512720156555773,0.8512720156555773,0.7330584037549247
7,infgain,standard,mixup,noImbl,XGBClassifier_SPW24,first,0.25,0.2,42,2026-05-30 19:20:07,20260530-182225,log/stroke_prediction_v4/7/infgain/standard__mixup__noImbl/XGBClassifier_SPW24,1780136562317_d342c02e17801400079034880,0.8894324853228963,0.5575890275138395,0.6003909465020576,0.5696008169258692,0.921826727632828,0.8894324853228963,0.904316819493473,0.8894324853228963,0.8894324853228963,0.8894324853228963,0.7848413097569322
7,infgain,standard,mixup,noImbl,XGBClassifier_SPW24,first,0.25,0.2,126,2026-05-30 19:20:09,20260530-182225,log/stroke_prediction_v4/7/infgain/standard__mixup__noImbl/XGBClassifier_SPW24,1780136562317_d342c02e17801400098564282,0.9001956947162426,0.5637358757062146,0.5965637860082305,0.5749445459290188,0.9219529116499166,0.9001956947162425,0.9103825315910102,0.9001956947162426,0.9001956947162426,0.9001956947162426,0.7911025968509374
7,infgain,standard,mixup,noImbl,XGBClassifier_SPW24,first,0.25,0.2,5012,2026-05-30 19:20:11,20260530-182225,log/stroke_prediction_v4/7/infgain/standard__mixup__noImbl/XGBClassifier_SPW24,1780136562317_d342c02e17801400117737559,0.863013698630137,0.5466848816029144,0.6054732510288066,0.5556300934207911,0.9215629912418594,0.863013698630137,0.8890508981302228,0.863013698630137,0.863013698630137,0.863013698630137,0.7692797405720648
7,infgain,standard,mixup,noImbl,XGBClassifier_SPW24,last,0.25,0.1,42,2026-05-30 19:20:48,20260530-182225,log/stroke_prediction_v4/7/infgain/mixup__noImbl__standard/XGBClassifier_SPW24,1780136562317_d342c02e17801400487733063,0.8786692759295499,0.5711994744570678,0.6516460905349795,0.5889724961079397,0.9282361960661718,0.8786692759295498,0.9002783597390872,0.8786692759295499,0.8786692759295499,0.87866927592955,0.7899635148546956
7,infgain,standard,mixup,noImbl,XGBClassifier_SPW24,last,0.25,0.1,126,2026-05-30 19:20:50,20260530-182225,log/stroke_prediction_v4/7/infgain/mixup__noImbl__standard/XGBClassifier_SPW24,1780136562317_d342c02e17801400506848600,0.87279843444227,0.5599261627464412,0.6295884773662551,0.5738224463348602,0.9250758266749908,0.87279843444227,0.8958503213757854,0.87279843444227,0.87279843444227,0.87279843444227,0.7810293356122735
7,infgain,standard,mixup,noImbl,XGBClassifier_SPW24,last,0.25,0.1,5012,2026-05-30 19:20:52,20260530-182225,log/stroke_prediction_v4/7/infgain/mixup__noImbl__standard/XGBClassifier_SPW24,1780136562317_d342c02e17801400527013809,0.8277886497064579,0.518211009174312,0.5490123456790124,0.5122776572668113,0.9135442288012352,0.8277886497064579,0.8661719821200402,0.8277886497064579,0.8277886497064579,0.8277886497064578,0.7359596641560667
7,infgain,standard,mixup,noImbl,XGBClassifier_SPW24,last,0.25,0.2,42,2026-05-30 19:21:29,20260530-182225,log/stroke_prediction_v4/7/infgain/mixup__noImbl__standard/XGBClassifier_SPW24,1780136562317_d342c02e17801400893506959,0.8796477495107632,0.5847451408444244,0.6901028806584362,0.6075158531673551,0.9333351474987376,0.8796477495107632,0.9023520557861828,0.8796477495107632,0.8796477495107632,0.8796477495107632,0.7991576030474956
7,infgain,standard,mixup,noImbl,XGBClassifier_SPW24,last,0.25,0.2,126,2026-05-30 19:21:31,20260530-182225,log/stroke_prediction_v4/7/infgain/mixup__noImbl__standard/XGBClassifier_SPW24,1780136562317_d342c02e17801400912647361,0.9001956947162426,0.5637358757062146,0.5965637860082305,0.5749445459290188,0.9219529116499166,0.9001956947162425,0.9103825315910102,0.9001956947162426,0.9001956947162426,0.9001956947162426,0.7911025968509374
7,infgain,standard,mixup,noImbl,XGBClassifier_SPW24,last,0.25,0.2,5012,2026-05-30 19:21:33,20260530-182225,log/stroke_prediction_v4/7/infgain/mixup__noImbl__standard/XGBClassifier_SPW24,1780136562317_d342c02e17801400931788303,0.850293542074364,0.5184034654584588,0.5418724279835391,0.5169162421257835,0.9127367781386968,0.850293542074364,0.8789584924821923,0.850293542074364,0.850293542074364,0.850293542074364,0.7467998941790112
7,infgain,standard,noAug,noImbl,BalancedRandomForest,first,0.25,0.1,42,2026-05-30 19:22:09,20260530-182225,log/stroke_prediction_v4/7/infgain/standard__noAug__noImbl/BalancedRandomForest,1780136562317_d342c02e17801401291677753,0.5909980430528375,0.5359320557491289,0.6901234567901235,0.4451337042867459,0.9388752326857908,0.5909980430528375,0.7017881324209758,0.5909980430528375,0.5909980430528375,0.5909980430528375,0.6249305672497975
7,infgain,standard,noAug,noImbl,BalancedRandomForest,first,0.25,0.1,126,2026-05-30 19:22:10,20260530-182225,log/stroke_prediction_v4/7/infgain/standard__noAug__noImbl/BalancedRandomForest,1780136562317_d342c02e17801401308915135,0.6027397260273972,0.5478549651567943,0.7532098765432099,0.4610628802402365,0.9494720248607292,0.6027397260273972,0.7103492386672637,0.6027397260273972,0.6027397260273972,0.6027397260273972,0.6418613949031572
7,infgain,standard,noAug,noImbl,BalancedRandomForest,first,0.25,0.1,5012,2026-05-30 19:22:12,20260530-182225,log/stroke_prediction_v4/7/infgain/standard__noAug__noImbl/BalancedRandomForest,1780136562317_d342c02e17801401326433131,0.5733855185909981,0.5339256491802267,0.6808641975308642,0.4348492227768983,0.9381700891439072,0.5733855185909981,0.6872809712761075,0.5733855185909981,0.5733855185909981,0.5733855185909981,0.6129697301298498
7,infgain,standard,noAug,noImbl,BalancedRandomForest,first,0.25,0.2,42,2026-05-30 19:22:45,20260530-182225,log/stroke_prediction_v4/7/infgain/standard__noAug__noImbl/BalancedRandomForest,1780136562317_d342c02e17801401658392395,0.5909980430528375,0.5411948563628466,0.7185802469135802,0.4496031746031745,0.9439890504696148,0.5909980430528375,0.7012751219209145,0.5909980430528375,0.5909980430528375,0.5909980430528375,0.6294073770743523
7,infgain,standard,noAug,noImbl,BalancedRandomForest,first,0.25,0.2,126,2026-05-30 19:22:47,20260530-182225,log/stroke_prediction_v4/7/infgain/standard__noAug__noImbl/BalancedRandomForest,1780136562317_d342c02e17801401675755706,0.5958904109589042,0.5470221136887804,0.7496090534979424,0.4569110712240814,0.9493129180017632,0.5958904109589042,0.7047620407318309,0.5958904109589042,0.5958904109589042,0.5958904109589042,0.6372015396957968
7,infgain,standard,noAug,noImbl,BalancedRandomForest,first,0.25,0.2,5012,2026-05-30 19:22:49,20260530-182225,log/stroke_prediction_v4/7/infgain/standard__noAug__noImbl/BalancedRandomForest,1780136562317_d342c02e17801401692910307,0.5880626223091977,0.5408512615944694,0.717037037037037,0.4478575159221772,0.9438963965850188,0.5880626223091977,0.6988654927936971,0.5880626223091977,0.5880626223091977,0.5880626223091977,0.6274119697527127
7,infgain,standard,noAug,noImbl,BalancedRandomForest,last,0.25,0.1,42,2026-05-30 19:23:22,20260530-182225,log/stroke_prediction_v4/7/infgain/noAug__noImbl__standard/BalancedRandomForest,1780136562317_d342c02e17801402028160068,0.5909980430528375,0.5359320557491289,0.6901234567901235,0.4451337042867459,0.9388752326857908,0.5909980430528375,0.7017881324209758,0.5909980430528375,0.5909980430528375,0.5909980430528375,0.6249305672497975
7,infgain,standard,noAug,noImbl,BalancedRandomForest,last,0.25,0.1,126,2026-05-30 19:23:24,20260530-182225,log/stroke_prediction_v4/7/infgain/noAug__noImbl__standard/BalancedRandomForest,1780136562317_d342c02e17801402045529342,0.6027397260273972,0.5478549651567943,0.7532098765432099,0.4610628802402365,0.9494720248607292,0.6027397260273972,0.7103492386672637,0.6027397260273972,0.6027397260273972,0.6027397260273972,0.6418613949031572
7,infgain,standard,noAug,noImbl,BalancedRandomForest,last,0.25,0.1,5012,2026-05-30 19:23:26,20260530-182225,log/stroke_prediction_v4/7/infgain/noAug__noImbl__standard/BalancedRandomForest,1780136562317_d342c02e17801402063263922,0.5733855185909981,0.5339256491802267,0.6808641975308642,0.4348492227768983,0.9381700891439072,0.5733855185909981,0.6872809712761075,0.5733855185909981,0.5733855185909981,0.5733855185909981,0.6129697301298498
7,infgain,standard,noAug,noImbl,BalancedRandomForest,last,0.25,0.2,42,2026-05-30 19:23:59,20260530-182225,log/stroke_prediction_v4/7/infgain/noAug__noImbl__standard/BalancedRandomForest,1780136562317_d342c02e17801402396948930,0.5909980430528375,0.5411948563628466,0.7185802469135802,0.4496031746031745,0.9439890504696148,0.5909980430528375,0.7012751219209145,0.5909980430528375,0.5909980430528375,0.5909980430528375,0.6294073770743523
7,infgain,standard,noAug,noImbl,BalancedRandomForest,last,0.25,0.2,126,2026-05-30 19:24:01,20260530-182225,log/stroke_prediction_v4/7/infgain/noAug__noImbl__standard/BalancedRandomForest,1780136562317_d342c02e17801402414381128,0.5958904109589042,0.5470221136887804,0.7496090534979424,0.4569110712240814,0.9493129180017632,0.5958904109589042,0.7047620407318309,0.5958904109589042,0.5958904109589042,0.5958904109589042,0.6372015396957968
7,infgain,standard,noAug,noImbl,BalancedRandomForest,last,0.25,0.2,5012,2026-05-30 19:24:03,20260530-182225,log/stroke_prediction_v4/7/infgain/noAug__noImbl__standard/BalancedRandomForest,1780136562317_d342c02e17801402431633208,0.5880626223091977,0.5408512615944694,0.717037037037037,0.4478575159221772,0.9438963965850188,0.5880626223091977,0.6988654927936971,0.5880626223091977,0.5880626223091977,0.5880626223091977,0.6274119697527127
7,infgain,standard,noAug,noImbl,EasyEnsemble,first,0.25,0.1,42,2026-05-30 19:22:10,20260530-182225,log/stroke_prediction_v4/7/infgain/standard__noAug__noImbl/EasyEnsemble,1780136562317_d342c02e17801401300258294,0.1330724070450097,0.5267094017094017,0.544238683127572,0.1319953833824775,0.953689765333601,0.1330724070450097,0.1595791560728861,0.1330724070450097,0.1330724070450097,0.1330724070450097,0.2994289287533658
7,infgain,standard,noAug,noImbl,EasyEnsemble,first,0.25,0.1,126,2026-05-30 19:22:11,20260530-182225,log/stroke_prediction_v4/7/infgain/standard__noAug__noImbl/EasyEnsemble,1780136562317_d342c02e17801401317617481,0.1330724070450097,0.5267094017094017,0.544238683127572,0.1319953833824775,0.953689765333601,0.1330724070450097,0.1595791560728861,0.1330724070450097,0.1330724070450097,0.1330724070450097,0.2994289287533658
7,infgain,standard,noAug,noImbl,EasyEnsemble,first,0.25,0.1,5012,2026-05-30 19:22:13,20260530-182225,log/stroke_prediction_v4/7/infgain/standard__noAug__noImbl/EasyEnsemble,1780136562317_d342c02e17801401335127819,0.2093933463796477,0.5221506635441061,0.5653909465020576,0.1987113802204626,0.9425037924444424,0.2093933463796477,0.2821755564812139,0.2093933463796477,0.2093933463796477,0.2093933463796477,0.358894919306171
7,infgain,standard,noAug,noImbl,EasyEnsemble,first,0.25,0.2,42,2026-05-30 19:22:46,20260530-182225,log/stroke_prediction_v4/7/infgain/standard__noAug__noImbl/EasyEnsemble,1780136562317_d342c02e17801401667165493,0.3943248532289628,0.5353231834786831,0.6720987654320987,0.3351074507677156,0.9519913260756132,0.3943248532289627,0.5141187460767972,0.3943248532289628,0.3943248532289628,0.3943248532289627,0.5010551983169014
7,infgain,standard,noAug,noImbl,EasyEnsemble,first,0.25,0.2,126,2026-05-30 19:22:48,20260530-182225,log/stroke_prediction_v4/7/infgain/standard__noAug__noImbl/EasyEnsemble,1780136562317_d342c02e17801401684412135,0.0851272015655577,0.5253807106598984,0.5190329218106996,0.084979149011553,0.9535597564246476,0.0851272015655576,0.0744788063352194,0.0851272015655577,0.0851272015655577,0.0851272015655577,0.2577669128177635
7,infgain,standard,noAug,noImbl,EasyEnsemble,first,0.25,0.2,5012,2026-05-30 19:22:50,20260530-182225,log/stroke_prediction_v4/7/infgain/standard__noAug__noImbl/EasyEnsemble,1780136562317_d342c02e17801401701616630,0.3590998043052837,0.5311215397673995,0.6440946502057613,0.3106278506719064,0.948500592651796,0.3590998043052837,0.4755398110039135,0.3590998043052837,0.3590998043052837,0.3590998043052837,0.473936749235982
7,infgain,standard,noAug,noImbl,EasyEnsemble,last,0.25,0.1,42,2026-05-30 19:23:23,20260530-182225,log/stroke_prediction_v4/7/infgain/noAug__noImbl__standard/EasyEnsemble,1780136562317_d342c02e17801402036730840,0.1330724070450097,0.5267094017094017,0.544238683127572,0.1319953833824775,0.953689765333601,0.1330724070450097,0.1595791560728861,0.1330724070450097,0.1330724070450097,0.1330724070450097,0.2994289287533658
7,infgain,standard,noAug,noImbl,EasyEnsemble,last,0.25,0.1,126,2026-05-30 19:23:25,20260530-182225,log/stroke_prediction_v4/7/infgain/noAug__noImbl__standard/EasyEnsemble,1780136562317_d342c02e17801402054269899,0.1330724070450097,0.5267094017094017,0.544238683127572,0.1319953833824775,0.953689765333601,0.1330724070450097,0.1595791560728861,0.1330724070450097,0.1330724070450097,0.1330724070450097,0.2994289287533658
7,infgain,standard,noAug,noImbl,EasyEnsemble,last,0.25,0.1,5012,2026-05-30 19:23:27,20260530-182225,log/stroke_prediction_v4/7/infgain/noAug__noImbl__standard/EasyEnsemble,1780136562317_d342c02e17801402072023991,0.2093933463796477,0.5221506635441061,0.5653909465020576,0.1987113802204626,0.9425037924444424,0.2093933463796477,0.2821755564812139,0.2093933463796477,0.2093933463796477,0.2093933463796477,0.358894919306171
7,infgain,standard,noAug,noImbl,EasyEnsemble,last,0.25,0.2,42,2026-05-30 19:24:00,20260530-182225,log/stroke_prediction_v4/7/infgain/noAug__noImbl__standard/EasyEnsemble,1780136562317_d342c02e17801402405751968,0.3943248532289628,0.5353231834786831,0.6720987654320987,0.3351074507677156,0.9519913260756132,0.3943248532289627,0.5141187460767972,0.3943248532289628,0.3943248532289628,0.3943248532289627,0.5010551983169014
7,infgain,standard,noAug,noImbl,EasyEnsemble,last,0.25,0.2,126,2026-05-30 19:24:02,20260530-182225,log/stroke_prediction_v4/7/infgain/noAug__noImbl__standard/EasyEnsemble,1780136562317_d342c02e17801402422998129,0.0851272015655577,0.5253807106598984,0.5190329218106996,0.084979149011553,0.9535597564246476,0.0851272015655576,0.0744788063352194,0.0851272015655577,0.0851272015655577,0.0851272015655577,0.2577669128177635
7,infgain,standard,noAug,noImbl,EasyEnsemble,last,0.25,0.2,5012,2026-05-30 19:24:04,20260530-182225,log/stroke_prediction_v4/7/infgain/noAug__noImbl__standard/EasyEnsemble,1780136562317_d342c02e17801402440339022,0.3590998043052837,0.5311215397673995,0.6440946502057613,0.3106278506719064,0.948500592651796,0.3590998043052837,0.4755398110039135,0.3590998043052837,0.3590998043052837,0.3590998043052837,0.473936749235982
7,infgain,standard,noAug,noImbl,XGBClassifier_SPW24,first,0.25,0.1,42,2026-05-30 19:22:08,20260530-182225,log/stroke_prediction_v4/7/infgain/standard__noAug__noImbl/XGBClassifier_SPW24,1780136562317_d342c02e17801401286191760,0.9080234833659492,0.5782748538011696,0.610164609053498,0.5903004042919773,0.9245484716357104,0.9080234833659492,0.9157900475210906,0.9080234833659492,0.9080234833659492,0.9080234833659492,0.8004217545673774
7,infgain,standard,noAug,noImbl,XGBClassifier_SPW24,first,0.25,0.1,126,2026-05-30 19:22:10,20260530-182225,log/stroke_prediction_v4/7/infgain/standard__noAug__noImbl/XGBClassifier_SPW24,1780136562317_d342c02e17801401303500122,0.8786692759295499,0.5490622335890878,0.5947325102880658,0.5593357071325247,0.920575305762567,0.8786692759295499,0.8977558800415559,0.8786692759295499,0.8786692759295499,0.87866927592955,0.776468453411904
7,infgain,standard,noAug,noImbl,XGBClassifier_SPW24,first,0.25,0.1,5012,2026-05-30 19:22:12,20260530-182225,log/stroke_prediction_v4/7/infgain/standard__noAug__noImbl/XGBClassifier_SPW24,1780136562317_d342c02e17801401320889668,0.8845401174168297,0.525230987917555,0.5409053497942387,0.5288114401812924,0.9131502120373808,0.8845401174168297,0.8981603595632354,0.8845401174168297,0.8845401174168297,0.8845401174168297,0.7657904719033284
7,infgain,standard,noAug,noImbl,XGBClassifier_SPW24,first,0.25,0.2,42,2026-05-30 19:22:45,20260530-182225,log/stroke_prediction_v4/7/infgain/standard__noAug__noImbl/XGBClassifier_SPW24,1780136562317_d342c02e17801401653168597,0.9090019569471623,0.5842992623814541,0.620164609053498,0.5977450768781503,0.9260525550636264,0.9090019569471626,0.9169651474272372,0.9090019569471623,0.9090019569471623,0.9090019569471623,0.8038589590745306
7,infgain,standard,noAug,noImbl,XGBClassifier_SPW24,first,0.25,0.2,126,2026-05-30 19:22:47,20260530-182225,log/stroke_prediction_v4/7/infgain/standard__noAug__noImbl/XGBClassifier_SPW24,1780136562317_d342c02e17801401670477837,0.8972602739726028,0.5455473424850404,0.5665637860082304,0.5526420010422095,0.917427299860651,0.8972602739726027,0.906865019594966,0.8972602739726028,0.8972602739726028,0.8972602739726028,0.7807840055200094
7,infgain,standard,noAug,noImbl,XGBClassifier_SPW24,first,0.25,0.2,5012,2026-05-30 19:22:48,20260530-182225,log/stroke_prediction_v4/7/infgain/standard__noAug__noImbl/XGBClassifier_SPW24,1780136562317_d342c02e17801401687669312,0.8776908023483366,0.5561871201675093,0.6131893004115226,0.5687894713747094,0.9230514703788,0.8776908023483366,0.8980461501697201,0.8776908023483366,0.8776908023483366,0.8776908023483365,0.780344453266782
7,infgain,standard,noAug,noImbl,XGBClassifier_SPW24,last,0.25,0.1,42,2026-05-30 19:23:22,20260530-182225,log/stroke_prediction_v4/7/infgain/noAug__noImbl__standard/XGBClassifier_SPW24,1780136562317_d342c02e17801402022752945,0.9080234833659492,0.5782748538011696,0.610164609053498,0.5903004042919773,0.9245484716357104,0.9080234833659492,0.9157900475210906,0.9080234833659492,0.9080234833659492,0.9080234833659492,0.8004217545673774
7,infgain,standard,noAug,noImbl,XGBClassifier_SPW24,last,0.25,0.1,126,2026-05-30 19:23:24,20260530-182225,log/stroke_prediction_v4/7/infgain/noAug__noImbl__standard/XGBClassifier_SPW24,1780136562317_d342c02e17801402040030421,0.8786692759295499,0.5490622335890878,0.5947325102880658,0.5593357071325247,0.920575305762567,0.8786692759295499,0.8977558800415559,0.8786692759295499,0.8786692759295499,0.87866927592955,0.776468453411904
7,infgain,standard,noAug,noImbl,XGBClassifier_SPW24,last,0.25,0.1,5012,2026-05-30 19:23:25,20260530-182225,log/stroke_prediction_v4/7/infgain/noAug__noImbl__standard/XGBClassifier_SPW24,1780136562317_d342c02e17801402057583670,0.8845401174168297,0.525230987917555,0.5409053497942387,0.5288114401812924,0.9131502120373808,0.8845401174168297,0.8981603595632354,0.8845401174168297,0.8845401174168297,0.8845401174168297,0.7657904719033284
7,infgain,standard,noAug,noImbl,XGBClassifier_SPW24,last,0.25,0.2,42,2026-05-30 19:23:59,20260530-182225,log/stroke_prediction_v4/7/infgain/noAug__noImbl__standard/XGBClassifier_SPW24,1780136562317_d342c02e17801402391651334,0.9090019569471623,0.5842992623814541,0.620164609053498,0.5977450768781503,0.9260525550636264,0.9090019569471626,0.9169651474272372,0.9090019569471623,0.9090019569471623,0.9090019569471623,0.8038589590745306
7,infgain,standard,noAug,noImbl,XGBClassifier_SPW24,last,0.25,0.2,126,2026-05-30 19:24:00,20260530-182225,log/stroke_prediction_v4/7/infgain/noAug__noImbl__standard/XGBClassifier_SPW24,1780136562317_d342c02e17801402409062562,0.8972602739726028,0.5455473424850404,0.5665637860082304,0.5526420010422095,0.917427299860651,0.8972602739726027,0.906865019594966,0.8972602739726028,0.8972602739726028,0.8972602739726028,0.7807840055200094
7,infgain,standard,noAug,noImbl,XGBClassifier_SPW24,last,0.25,0.2,5012,2026-05-30 19:24:02,20260530-182225,log/stroke_prediction_v4/7/infgain/noAug__noImbl__standard/XGBClassifier_SPW24,1780136562317_d342c02e17801402426297800,0.8776908023483366,0.5561871201675093,0.6131893004115226,0.5687894713747094,0.9230514703788,0.8776908023483366,0.8980461501697201,0.8776908023483366,0.8776908023483366,0.8776908023483365,0.780344453266782
8,biMaxInfgain,minmax,gaussian_noise,noImbl,BalancedRandomForest,first,0.25,0.1,42,2026-05-30 19:24:43,20260530-182225,log/stroke_prediction_v4/8/biMaxInfgain/minmax__gaussian_noise__noImbl/BalancedRandomForest,1780136562317_d342c02e17801402834896685,0.6868884540117417,0.5460375551527175,0.7215637860082305,0.4988722173188192,0.9395664301467184,0.6868884540117417,0.7757907001157434,0.6868884540117417,0.6868884540117417,0.6868884540117417,0.6866715963506477
8,biMaxInfgain,minmax,gaussian_noise,noImbl,BalancedRandomForest,first,0.25,0.1,126,2026-05-30 19:24:45,20260530-182225,log/stroke_prediction_v4/8/biMaxInfgain/minmax__gaussian_noise__noImbl/BalancedRandomForest,1780136562317_d342c02e17801402859768662,0.675146771037182,0.5584109064501221,0.791275720164609,0.5060214302352667,0.9512228303525644,0.675146771037182,0.7667798988295239,0.675146771037182,0.675146771037182,0.675146771037182,0.6910698534713209
8,biMaxInfgain,minmax,gaussian_noise,noImbl,BalancedRandomForest,first,0.25,0.1,5012,2026-05-30 19:24:48,20260530-182225,log/stroke_prediction_v4/8/biMaxInfgain/minmax__gaussian_noise__noImbl/BalancedRandomForest,1780136562317_d342c02e17801402884588366,0.649706457925636,0.540074777951933,0.7020164609053499,0.4763774794630334,0.9380291438407284,0.649706457925636,0.7481620341271824,0.649706457925636,0.649706457925636,0.649706457925636,0.6615755484785878
8,biMaxInfgain,minmax,gaussian_noise,noImbl,BalancedRandomForest,first,0.25,0.2,42,2026-05-30 19:25:35,20260530-182225,log/stroke_prediction_v4/8/biMaxInfgain/minmax__gaussian_noise__noImbl/BalancedRandomForest,1780136562317_d342c02e17801403356417652,0.6800391389432485,0.5503157337501103,0.7464197530864197,0.5002444987775061,0.9437531666056154,0.6800391389432485,0.7706697161230437,0.6800391389432485,0.6800391389432485,0.6800391389432485,0.6867016531565963
8,biMaxInfgain,minmax,gaussian_noise,noImbl,BalancedRandomForest,first,0.25,0.2,126,2026-05-30 19:25:38,20260530-182225,log/stroke_prediction_v4/8/biMaxInfgain/minmax__gaussian_noise__noImbl/BalancedRandomForest,1780136562317_d342c02e17801403380728767,0.6389432485322897,0.5474138103527622,0.7437860082304526,0.4783947330202837,0.9454805179071216,0.6389432485322897,0.7394630421950094,0.6389432485322897,0.6389432485322897,0.6389432485322897,0.6619239993442433
8,biMaxInfgain,minmax,gaussian_noise,noImbl,BalancedRandomForest,first,0.25,0.2,5012,2026-05-30 19:25:40,20260530-182225,log/stroke_prediction_v4/8/biMaxInfgain/minmax__gaussian_noise__noImbl/BalancedRandomForest,1780136562317_d342c02e17801403405841144,0.6682974559686888,0.5483436222937136,0.740246913580247,0.492950944191499,0.9433344603234536,0.6682974559686888,0.7619517492806321,0.6682974559686888,0.6682974559686888,0.6682974559686888,0.6787468860280365
8,biMaxInfgain,minmax,gaussian_noise,noImbl,BalancedRandomForest,last,0.25,0.1,42,2026-05-30 19:26:27,20260530-182225,log/stroke_prediction_v4/8/biMaxInfgain/gaussian_noise__noImbl__minmax/BalancedRandomForest,1780136562317_d342c02e17801403878560072,0.684931506849315,0.5456956239980899,0.7205349794238682,0.4976645072262893,0.9394854521846836,0.684931506849315,0.7743635034641574,0.684931506849315,0.684931506849315,0.684931506849315,0.6853484099039572
8,biMaxInfgain,minmax,gaussian_noise,noImbl,BalancedRandomForest,last,0.25,0.1,126,2026-05-30 19:26:30,20260530-182225,log/stroke_prediction_v4/8/biMaxInfgain/gaussian_noise__noImbl__minmax/BalancedRandomForest,1780136562317_d342c02e17801403903895550,0.6712328767123288,0.5541938997821351,0.770246913580247,0.5000698812019566,0.9480257856567286,0.6712328767123288,0.7639700180925304,0.6712328767123288,0.6712328767123288,0.6712328767123288,0.6853457954810155
8,biMaxInfgain,minmax,gaussian_noise,noImbl,BalancedRandomForest,last,0.25,0.1,5012,2026-05-30 19:26:32,20260530-182225,log/stroke_prediction_v4/8/biMaxInfgain/gaussian_noise__noImbl__minmax/BalancedRandomForest,1780136562317_d342c02e17801403928351533,0.6692759295499021,0.5430792611643676,0.7123045267489712,0.4881064580184345,0.9388388810673026,0.6692759295499021,0.7628404263605615,0.6692759295499021,0.6692759295499021,0.6692759295499021,0.6747746713748741
8,biMaxInfgain,minmax,gaussian_noise,noImbl,BalancedRandomForest,last,0.25,0.2,42,2026-05-30 19:27:20,20260530-182225,log/stroke_prediction_v4/8/biMaxInfgain/gaussian_noise__noImbl__minmax/BalancedRandomForest,1780136562317_d342c02e17801404400738025,0.636986301369863,0.5453688696800528,0.7332716049382716,0.4755676042019654,0.9438182659913972,0.636986301369863,0.738050917762462,0.636986301369863,0.636986301369863,0.636986301369863,0.6590831729035814
8,biMaxInfgain,minmax,gaussian_noise,noImbl,BalancedRandomForest,last,0.25,0.2,126,2026-05-30 19:27:22,20260530-182225,log/stroke_prediction_v4/8/biMaxInfgain/gaussian_noise__noImbl__minmax/BalancedRandomForest,1780136562317_d342c02e17801404424404680,0.6350293542074364,0.548617996901892,0.7512139917695473,0.477630408776548,0.946974354080452,0.6350293542074364,0.7363145936023575,0.6350293542074364,0.6350293542074364,0.6350293542074364,0.6607841263149994
8,biMaxInfgain,minmax,gaussian_noise,noImbl,BalancedRandomForest,last,0.25,0.2,5012,2026-05-30 19:27:25,20260530-182225,log/stroke_prediction_v4/8/biMaxInfgain/gaussian_noise__noImbl__minmax/BalancedRandomForest,1780136562317_d342c02e17801404450145950,0.6692759295499021,0.5502977667493796,0.750246913580247,0.4953337112335716,0.94489440740435,0.6692759295499021,0.762624920046333,0.6692759295499021,0.6692759295499021,0.6692759295499021,0.6809480752853441
8,biMaxInfgain,minmax,gaussian_noise,noImbl,EasyEnsemble,first,0.25,0.1,42,2026-05-30 19:24:44,20260530-182225,log/stroke_prediction_v4/8/biMaxInfgain/minmax__gaussian_noise__noImbl/EasyEnsemble,1780136562317_d342c02e17801402847289131,0.0489236790606653,0.0244618395303326,0.5,0.0466417910447761,0.0023935263728309,0.0489236790606653,0.0045637760317784,0.0489236790606653,0.0489236790606653,0.0489236790606653,0.0799358432760656
8,biMaxInfgain,minmax,gaussian_noise,noImbl,EasyEnsemble,first,0.25,0.1,126,2026-05-30 19:24:47,20260530-182225,log/stroke_prediction_v4/8/biMaxInfgain/minmax__gaussian_noise__noImbl/EasyEnsemble,1780136562317_d342c02e17801402872249970,0.0489236790606653,0.0244618395303326,0.5,0.0466417910447761,0.0023935263728309,0.0489236790606653,0.0045637760317784,0.0489236790606653,0.0489236790606653,0.0489236790606653,0.0799358432760656
8,biMaxInfgain,minmax,gaussian_noise,noImbl,EasyEnsemble,first,0.25,0.1,5012,2026-05-30 19:24:49,20260530-182225,log/stroke_prediction_v4/8/biMaxInfgain/minmax__gaussian_noise__noImbl/EasyEnsemble,1780136562317_d342c02e17801402897015390,0.0489236790606653,0.0244618395303326,0.5,0.0466417910447761,0.0023935263728309,0.0489236790606653,0.0045637760317784,0.0489236790606653,0.0489236790606653,0.0489236790606653,0.0799358432760656
8,biMaxInfgain,minmax,gaussian_noise,noImbl,EasyEnsemble,first,0.25,0.2,42,2026-05-30 19:25:36,20260530-182225,log/stroke_prediction_v4/8/biMaxInfgain/minmax__gaussian_noise__noImbl/EasyEnsemble,1780136562317_d342c02e17801403368693284,0.0489236790606653,0.0244618395303326,0.5,0.0466417910447761,0.0023935263728309,0.0489236790606653,0.0045637760317784,0.0489236790606653,0.0489236790606653,0.0489236790606653,0.0799358432760656
8,biMaxInfgain,minmax,gaussian_noise,noImbl,EasyEnsemble,first,0.25,0.2,126,2026-05-30 19:25:39,20260530-182225,log/stroke_prediction_v4/8/biMaxInfgain/minmax__gaussian_noise__noImbl/EasyEnsemble,1780136562317_d342c02e17801403393824596,0.0489236790606653,0.0244618395303326,0.5,0.0466417910447761,0.0023935263728309,0.0489236790606653,0.0045637760317784,0.0489236790606653,0.0489236790606653,0.0489236790606653,0.0799358432760656
8,biMaxInfgain,minmax,gaussian_noise,noImbl,EasyEnsemble,first,0.25,0.2,5012,2026-05-30 19:25:41,20260530-182225,log/stroke_prediction_v4/8/biMaxInfgain/minmax__gaussian_noise__noImbl/EasyEnsemble,1780136562317_d342c02e17801403417747669,0.0489236790606653,0.0244618395303326,0.5,0.0466417910447761,0.0023935263728309,0.0489236790606653,0.0045637760317784,0.0489236790606653,0.0489236790606653,0.0489236790606653,0.0799358432760656
8,biMaxInfgain,minmax,gaussian_noise,noImbl,EasyEnsemble,last,0.25,0.1,42,2026-05-30 19:26:29,20260530-182225,log/stroke_prediction_v4/8/biMaxInfgain/gaussian_noise__noImbl__minmax/EasyEnsemble,1780136562317_d342c02e17801403891437662,0.0489236790606653,0.0244618395303326,0.5,0.0466417910447761,0.0023935263728309,0.0489236790606653,0.0045637760317784,0.0489236790606653,0.0489236790606653,0.0489236790606653,0.0799358432760656
8,biMaxInfgain,minmax,gaussian_noise,noImbl,EasyEnsemble,last,0.25,0.1,126,2026-05-30 19:26:31,20260530-182225,log/stroke_prediction_v4/8/biMaxInfgain/gaussian_noise__noImbl__minmax/EasyEnsemble,1780136562317_d342c02e17801403916295126,0.0489236790606653,0.0244618395303326,0.5,0.0466417910447761,0.0023935263728309,0.0489236790606653,0.0045637760317784,0.0489236790606653,0.0489236790606653,0.0489236790606653,0.0799358432760656
8,biMaxInfgain,minmax,gaussian_noise,noImbl,EasyEnsemble,last,0.25,0.1,5012,2026-05-30 19:26:34,20260530-182225,log/stroke_prediction_v4/8/biMaxInfgain/gaussian_noise__noImbl__minmax/EasyEnsemble,1780136562317_d342c02e17801403941434544,0.0489236790606653,0.0244618395303326,0.5,0.0466417910447761,0.0023935263728309,0.0489236790606653,0.0045637760317784,0.0489236790606653,0.0489236790606653,0.0489236790606653,0.0799358432760656
8,biMaxInfgain,minmax,gaussian_noise,noImbl,EasyEnsemble,last,0.25,0.2,42,2026-05-30 19:27:21,20260530-182225,log/stroke_prediction_v4/8/biMaxInfgain/gaussian_noise__noImbl__minmax/EasyEnsemble,1780136562317_d342c02e17801404412456636,0.0489236790606653,0.0244618395303326,0.5,0.0466417910447761,0.0023935263728309,0.0489236790606653,0.0045637760317784,0.0489236790606653,0.0489236790606653,0.0489236790606653,0.0799358432760656
8,biMaxInfgain,minmax,gaussian_noise,noImbl,EasyEnsemble,last,0.25,0.2,126,2026-05-30 19:27:23,20260530-182225,log/stroke_prediction_v4/8/biMaxInfgain/gaussian_noise__noImbl__minmax/EasyEnsemble,1780136562317_d342c02e17801404436726040,0.0489236790606653,0.0244618395303326,0.5,0.0466417910447761,0.0023935263728309,0.0489236790606653,0.0045637760317784,0.0489236790606653,0.0489236790606653,0.0489236790606653,0.0799358432760656
8,biMaxInfgain,minmax,gaussian_noise,noImbl,EasyEnsemble,last,0.25,0.2,5012,2026-05-30 19:27:26,20260530-182225,log/stroke_prediction_v4/8/biMaxInfgain/gaussian_noise__noImbl__minmax/EasyEnsemble,1780136562317_d342c02e17801404462416578,0.0489236790606653,0.0244618395303326,0.5,0.0466417910447761,0.0023935263728309,0.0489236790606653,0.0045637760317784,0.0489236790606653,0.0489236790606653,0.0489236790606653,0.0799358432760656
8,biMaxInfgain,minmax,gaussian_noise,noImbl,XGBClassifier_SPW24,first,0.25,0.1,42,2026-05-30 19:24:42,20260530-182225,log/stroke_prediction_v4/8/biMaxInfgain/minmax__gaussian_noise__noImbl/XGBClassifier_SPW24,1780136562317_d342c02e17801402826006751,0.898238747553816,0.5567959582790091,0.5860493827160493,0.5666101252609603,0.9203181888926028,0.898238747553816,0.908625326328089,0.898238747553816,0.898238747553816,0.898238747553816,0.7868971697486499
8,biMaxInfgain,minmax,gaussian_noise,noImbl,XGBClassifier_SPW24,first,0.25,0.1,126,2026-05-30 19:24:45,20260530-182225,log/stroke_prediction_v4/8/biMaxInfgain/minmax__gaussian_noise__noImbl/XGBClassifier_SPW24,1780136562317_d342c02e17801402850704024,0.9178082191780822,0.5241496598639456,0.5204526748971194,0.5219618674269422,0.9110933610234702,0.9178082191780824,0.9144030892705454,0.9178082191780822,0.9178082191780822,0.9178082191780822,0.7781476007543094
8,biMaxInfgain,minmax,gaussian_noise,noImbl,XGBClassifier_SPW24,first,0.25,0.1,5012,2026-05-30 19:24:47,20260530-182225,log/stroke_prediction_v4/8/biMaxInfgain/minmax__gaussian_noise__noImbl/XGBClassifier_SPW24,1780136562317_d342c02e17801402875631279,0.9001956947162426,0.5239104906054279,0.5301646090534979,0.5262067084810472,0.9119809136369394,0.9001956947162427,0.9059620447242744,0.9001956947162426,0.9001956947162426,0.9001956947162426,0.7715091921968816
8,biMaxInfgain,minmax,gaussian_noise,noImbl,XGBClassifier_SPW24,first,0.25,0.2,42,2026-05-30 19:25:34,20260530-182225,log/stroke_prediction_v4/8/biMaxInfgain/minmax__gaussian_noise__noImbl/XGBClassifier_SPW24,1780136562317_d342c02e17801403347943437,0.9060665362035224,0.5708040935672515,0.5996502057613169,0.5815833916173385,0.9228678431237912,0.9060665362035224,0.9139983464045182,0.9060665362035224,0.9060665362035224,0.9060665362035226,0.7960960894299234
8,biMaxInfgain,minmax,gaussian_noise,noImbl,XGBClassifier_SPW24,first,0.25,0.2,126,2026-05-30 19:25:37,20260530-182225,log/stroke_prediction_v4/8/biMaxInfgain/minmax__gaussian_noise__noImbl/XGBClassifier_SPW24,1780136562317_d342c02e17801403372151235,0.9021526418786692,0.5835998578535891,0.6355349794238683,0.6006876611705868,0.9275175005598232,0.9021526418786692,0.9136952199688436,0.9021526418786692,0.9021526418786692,0.9021526418786692,0.8026837227061101
8,biMaxInfgain,minmax,gaussian_noise,noImbl,XGBClassifier_SPW24,first,0.25,0.2,5012,2026-05-30 19:25:39,20260530-182225,log/stroke_prediction_v4/8/biMaxInfgain/minmax__gaussian_noise__noImbl/XGBClassifier_SPW24,1780136562317_d342c02e17801403397688555,0.898238747553816,0.5517553132302213,0.5765637860082304,0.5601900127447573,0.9189481022490192,0.8982387475538159,0.9080481974478288,0.898238747553816,0.898238747553816,0.898238747553816,0.7842579506991614
8,biMaxInfgain,minmax,gaussian_noise,noImbl,XGBClassifier_SPW24,last,0.25,0.1,42,2026-05-30 19:26:26,20260530-182225,log/stroke_prediction_v4/8/biMaxInfgain/gaussian_noise__noImbl__minmax/XGBClassifier_SPW24,1780136562317_d342c02e17801403869854325,0.8962818003913894,0.5548301486199576,0.5850205761316871,0.564616992203199,0.9200487367095866,0.8962818003913893,0.9074364464066872,0.8962818003913894,0.8962818003913894,0.8962818003913894,0.7853106820941618
8,biMaxInfgain,minmax,gaussian_noise,noImbl,XGBClassifier_SPW24,last,0.25,0.1,126,2026-05-30 19:26:29,20260530-182225,log/stroke_prediction_v4/8/biMaxInfgain/gaussian_noise__noImbl__minmax/XGBClassifier_SPW24,1780136562317_d342c02e17801403894913840,0.9197651663405088,0.561772758384668,0.5594238683127571,0.5605637938628688,0.9182187628504188,0.9197651663405088,0.9189876741922888,0.9197651663405088,0.9197651663405088,0.9197651663405088,0.7937803256992614
8,biMaxInfgain,minmax,gaussian_noise,noImbl,XGBClassifier_SPW24,last,0.25,0.1,5012,2026-05-30 19:26:31,20260530-182225,log/stroke_prediction_v4/8/biMaxInfgain/gaussian_noise__noImbl__minmax/XGBClassifier_SPW24,1780136562317_d342c02e17801403919601473,0.9041095890410958,0.5405793319415448,0.5511934156378601,0.5447868375602218,0.915495324162782,0.9041095890410958,0.9096498076762636,0.9041095890410958,0.9041095890410958,0.9041095890410958,0.7805361395761297
8,biMaxInfgain,minmax,gaussian_noise,noImbl,XGBClassifier_SPW24,last,0.25,0.2,42,2026-05-30 19:27:19,20260530-182225,log/stroke_prediction_v4/8/biMaxInfgain/gaussian_noise__noImbl__minmax/XGBClassifier_SPW24,1780136562317_d342c02e17801404392595454,0.9099804305283756,0.5761962017511407,0.6017078189300412,0.5862857947445307,0.9235427693951708,0.9099804305283758,0.9164256777010628,0.9099804305283756,0.9099804305283756,0.9099804305283756,0.7995435720858245
8,biMaxInfgain,minmax,gaussian_noise,noImbl,XGBClassifier_SPW24,last,0.25,0.2,126,2026-05-30 19:27:21,20260530-182225,log/stroke_prediction_v4/8/biMaxInfgain/gaussian_noise__noImbl__minmax/XGBClassifier_SPW24,1780136562317_d342c02e17801404416016683,0.9060665362035224,0.5845556279878313,0.6281069958847736,0.5999478079331941,0.9268570799218582,0.9060665362035224,0.9156541473797744,0.9060665362035224,0.9060665362035224,0.9060665362035226,0.8037188781578004
8,biMaxInfgain,minmax,gaussian_noise,noImbl,XGBClassifier_SPW24,last,0.25,0.2,5012,2026-05-30 19:27:24,20260530-182225,log/stroke_prediction_v4/8/biMaxInfgain/gaussian_noise__noImbl__minmax/XGBClassifier_SPW24,1780136562317_d342c02e17801404440462178,0.9060665362035224,0.5708040935672515,0.5996502057613169,0.5815833916173385,0.9228678431237912,0.9060665362035224,0.9139983464045182,0.9060665362035224,0.9060665362035224,0.9060665362035226,0.7960960894299234
8,biMaxInfgain,minmax,mixup,noImbl,BalancedRandomForest,first,0.25,0.1,42,2026-05-30 19:28:08,20260530-182225,log/stroke_prediction_v4/8/biMaxInfgain/minmax__mixup__noImbl/BalancedRandomForest,1780136562317_d342c02e17801404882856487,0.6125244618395304,0.5385590950625453,0.7014403292181071,0.4577581032412965,0.9397124372294878,0.6125244618395304,0.7191034926690834,0.6125244618395304,0.6125244618395304,0.6125244618395304,0.639510210273383
8,biMaxInfgain,minmax,mixup,noImbl,BalancedRandomForest,first,0.25,0.1,126,2026-05-30 19:28:10,20260530-182225,log/stroke_prediction_v4/8/biMaxInfgain/minmax__mixup__noImbl/BalancedRandomForest,1780136562317_d342c02e17801404903739718,0.6027397260273972,0.5478549651567943,0.7532098765432099,0.4610628802402365,0.9494720248607292,0.6027397260273972,0.7103492386672637,0.6027397260273972,0.6027397260273972,0.6027397260273972,0.6418613949031572
8,biMaxInfgain,minmax,mixup,noImbl,BalancedRandomForest,first,0.25,0.1,5012,2026-05-30 19:28:12,20260530-182225,log/stroke_prediction_v4/8/biMaxInfgain/minmax__mixup__noImbl/BalancedRandomForest,1780136562317_d342c02e17801404924326372,0.547945205479452,0.5276984711733284,0.6485185185185185,0.4172455160769561,0.9335134500917196,0.547945205479452,0.6662230235750992,0.547945205479452,0.547945205479452,0.547945205479452,0.5926714071179456
8,biMaxInfgain,minmax,mixup,noImbl,BalancedRandomForest,first,0.25,0.2,42,2026-05-30 19:28:51,20260530-182225,log/stroke_prediction_v4/8/biMaxInfgain/minmax__mixup__noImbl/BalancedRandomForest,1780136562317_d342c02e17801405317610538,0.6027397260273972,0.5390981735159817,0.7057818930041152,0.4535536685068903,0.9409989366360167,0.6027397260273972,0.7111370861733837,0.6027397260273972,0.6027397260273972,0.6027397260273972,0.6343874039286113
8,biMaxInfgain,minmax,mixup,noImbl,BalancedRandomForest,first,0.25,0.2,126,2026-05-30 19:28:53,20260530-182225,log/stroke_prediction_v4/8/biMaxInfgain/minmax__mixup__noImbl/BalancedRandomForest,1780136562317_d342c02e17801405338694346,0.5753424657534246,0.5446563240680888,0.7388065843621399,0.4445012198359859,0.9488366474092272,0.5753424657534246,0.6877182132550959,0.5753424657534246,0.5753424657534246,0.5753424657534246,0.6231998568489775
8,biMaxInfgain,minmax,mixup,noImbl,BalancedRandomForest,first,0.25,0.2,5012,2026-05-30 19:28:55,20260530-182225,log/stroke_prediction_v4/8/biMaxInfgain/minmax__mixup__noImbl/BalancedRandomForest,1780136562317_d342c02e17801405359248497,0.5792563600782779,0.5398423750270169,0.7124074074074074,0.4426265270506108,0.9436167552188228,0.5792563600782779,0.6915844441484548,0.5792563600782779,0.5792563600782779,0.5792563600782779,0.6214208434764955
8,biMaxInfgain,minmax,mixup,noImbl,BalancedRandomForest,last,0.25,0.1,42,2026-05-30 19:29:35,20260530-182225,log/stroke_prediction_v4/8/biMaxInfgain/mixup__noImbl__minmax/BalancedRandomForest,1780136562317_d342c02e17801405752441251,0.5968688845401174,0.5331050228310502,0.674238683127572,0.445478106957731,0.9357781769115978,0.5968688845401174,0.7068681761168326,0.5968688845401174,0.5968688845401174,0.5968688845401174,0.6259116845642534
8,biMaxInfgain,minmax,mixup,noImbl,BalancedRandomForest,last,0.25,0.1,126,2026-05-30 19:29:37,20260530-182225,log/stroke_prediction_v4/8/biMaxInfgain/mixup__noImbl__minmax/BalancedRandomForest,1780136562317_d342c02e17801405772795978,0.598825831702544,0.5473761838223877,0.7511522633744856,0.4586892378604905,0.949381059631744,0.598825831702544,0.7071621984804392,0.598825831702544,0.598825831702544,0.598825831702544,0.6391989988150186
8,biMaxInfgain,minmax,mixup,noImbl,BalancedRandomForest,last,0.25,0.1,5012,2026-05-30 19:29:39,20260530-182225,log/stroke_prediction_v4/8/biMaxInfgain/mixup__noImbl__minmax/BalancedRandomForest,1780136562317_d342c02e17801405793692580,0.5557729941291585,0.5285132226322262,0.6526337448559671,0.4217641634056977,0.9338924052156372,0.5557729941291585,0.6728945331760855,0.5557729941291585,0.5557729941291585,0.5557729941291585,0.5980119394093137
8,biMaxInfgain,minmax,mixup,noImbl,BalancedRandomForest,last,0.25,0.2,42,2026-05-30 19:30:18,20260530-182225,log/stroke_prediction_v4/8/biMaxInfgain/mixup__noImbl__minmax/BalancedRandomForest,1780136562317_d342c02e17801406186585523,0.5939334637964775,0.5397897985439818,0.7106378600823045,0.4498641295536055,0.9423741482439902,0.5939334637964775,0.7038448679320528,0.5939334637964775,0.5939334637964775,0.5939334637964775,0.6299099158284672
8,biMaxInfgain,minmax,mixup,noImbl,BalancedRandomForest,last,0.25,0.2,126,2026-05-30 19:30:20,20260530-182225,log/stroke_prediction_v4/8/biMaxInfgain/mixup__noImbl__minmax/BalancedRandomForest,1780136562317_d342c02e17801406207024733,0.5645792563600783,0.5434896083210193,0.7331481481481481,0.4380167535980446,0.948586597737942,0.5645792563600783,0.6786159856528796,0.5645792563600783,0.5645792563600783,0.5645792563600783,0.6158490488523808
8,biMaxInfgain,minmax,mixup,noImbl,BalancedRandomForest,last,0.25,0.2,5012,2026-05-30 19:30:22,20260530-182225,log/stroke_prediction_v4/8/biMaxInfgain/mixup__noImbl__minmax/BalancedRandomForest,1780136562317_d342c02e17801406227445863,0.5831702544031311,0.5402867965367966,0.7144650205761317,0.4449504324412532,0.9437413695241484,0.5831702544031311,0.6948301890076285,0.5831702544031311,0.5831702544031311,0.5831702544031311,0.6240845136422922
8,biMaxInfgain,minmax,mixup,noImbl,EasyEnsemble,first,0.25,0.1,42,2026-05-30 19:28:09,20260530-182225,log/stroke_prediction_v4/8/biMaxInfgain/minmax__mixup__noImbl/EasyEnsemble,1780136562317_d342c02e17801404893415257,0.1545988258317025,0.5273522975929978,0.5555555555555556,0.1518672199170124,0.9537526709973578,0.1545988258317025,0.1952903346298446,0.1545988258317025,0.1545988258317025,0.1545988258317025,0.3175792159293006
8,biMaxInfgain,minmax,mixup,noImbl,EasyEnsemble,first,0.25,0.1,126,2026-05-30 19:28:11,20260530-182225,log/stroke_prediction_v4/8/biMaxInfgain/minmax__mixup__noImbl/EasyEnsemble,1780136562317_d342c02e17801404913923246,0.1761252446183953,0.5280269058295964,0.5668724279835391,0.1710458883866815,0.953818679631076,0.1761252446183953,0.2295854689571818,0.1761252446183953,0.1761252446183953,0.1761252446183953,0.3354166027933586
8,biMaxInfgain,minmax,mixup,noImbl,EasyEnsemble,first,0.25,0.1,5012,2026-05-30 19:28:13,20260530-182225,log/stroke_prediction_v4/8/biMaxInfgain/minmax__mixup__noImbl/EasyEnsemble,1780136562317_d342c02e17801404934449270,0.2348336594911937,0.5238308680711191,0.5787654320987654,0.2193352270285265,0.9441075657220516,0.2348336594911936,0.3185682459908818,0.2348336594911937,0.2348336594911937,0.2348336594911937,0.3792893713385823
8,biMaxInfgain,minmax,mixup,noImbl,EasyEnsemble,first,0.25,0.2,42,2026-05-30 19:28:52,20260530-182225,log/stroke_prediction_v4/8/biMaxInfgain/minmax__mixup__noImbl/EasyEnsemble,1780136562317_d342c02e17801405328053703,0.2778864970645792,0.5290518393927631,0.6108847736625515,0.2531488640324471,0.9500962859865552,0.2778864970645792,0.3757730449766718,0.2778864970645792,0.2778864970645792,0.2778864970645792,0.4144961750813863
8,biMaxInfgain,minmax,mixup,noImbl,EasyEnsemble,first,0.25,0.2,126,2026-05-30 19:28:54,20260530-182225,log/stroke_prediction_v4/8/biMaxInfgain/minmax__mixup__noImbl/EasyEnsemble,1780136562317_d342c02e17801405348887542,0.0753424657534246,0.5251256281407035,0.5138888888888888,0.0748739169791801,0.9535347972740414,0.0753424657534245,0.0560912226377258,0.0753424657534246,0.0753424657534246,0.0753424657534246,0.249036688674269
8,biMaxInfgain,minmax,mixup,noImbl,EasyEnsemble,first,0.25,0.2,5012,2026-05-30 19:28:56,20260530-182225,log/stroke_prediction_v4/8/biMaxInfgain/minmax__mixup__noImbl/EasyEnsemble,1780136562317_d342c02e17801405369616070,0.3062622309197652,0.5280427611181386,0.6163168724279835,0.2735094922272519,0.9470625333371968,0.3062622309197652,0.4126708981005107,0.3062622309197652,0.3062622309197652,0.3062622309197652,0.4345741676054022
8,biMaxInfgain,minmax,mixup,noImbl,EasyEnsemble,last,0.25,0.1,42,2026-05-30 19:29:36,20260530-182225,log/stroke_prediction_v4/8/biMaxInfgain/mixup__noImbl__minmax/EasyEnsemble,1780136562317_d342c02e17801405762402187,0.1389432485322896,0.5268817204301075,0.5473251028806584,0.1374865735767991,0.9537066262651768,0.1389432485322895,0.1694640571235188,0.1389432485322896,0.1389432485322896,0.1389432485322896,0.3044112389755576
8,biMaxInfgain,minmax,mixup,noImbl,EasyEnsemble,last,0.25,0.1,126,2026-05-30 19:29:38,20260530-182225,log/stroke_prediction_v4/8/biMaxInfgain/mixup__noImbl__minmax/EasyEnsemble,1780136562317_d342c02e17801405782972320,0.1389432485322896,0.5268817204301075,0.5473251028806584,0.1374865735767991,0.9537066262651768,0.1389432485322895,0.1694640571235188,0.1389432485322896,0.1389432485322896,0.1389432485322896,0.3044112389755576
8,biMaxInfgain,minmax,mixup,noImbl,EasyEnsemble,last,0.25,0.1,5012,2026-05-30 19:29:40,20260530-182225,log/stroke_prediction_v4/8/biMaxInfgain/mixup__noImbl__minmax/EasyEnsemble,1780136562317_d342c02e17801405803923809,0.1487279843444227,0.5167669110982944,0.5334979423868312,0.1461643946115995,0.935695170934183,0.1487279843444226,0.1883720684270088,0.1487279843444227,0.1487279843444227,0.1487279843444227,0.3082676656354911
8,biMaxInfgain,minmax,mixup,noImbl,EasyEnsemble,last,0.25,0.2,42,2026-05-30 19:30:19,20260530-182225,log/stroke_prediction_v4/8/biMaxInfgain/mixup__noImbl__minmax/EasyEnsemble,1780136562317_d342c02e17801406196733378,0.3816046966731898,0.5345674234606123,0.6654115226337448,0.3266362252663622,0.9518207787801494,0.3816046966731898,0.5002010562153179,0.3816046966731898,0.3816046966731898,0.3816046966731898,0.4918474433789784
8,biMaxInfgain,minmax,mixup,noImbl,EasyEnsemble,last,0.25,0.2,126,2026-05-30 19:30:21,20260530-182225,log/stroke_prediction_v4/8/biMaxInfgain/mixup__noImbl__minmax/EasyEnsemble,1780136562317_d342c02e17801406217091119,0.0557729941291585,0.5246305418719212,0.5036008230452674,0.0540985100250806,0.9534863543905988,0.0557729941291584,0.0181944555143885,0.0557729941291585,0.0557729941291585,0.0557729941291585,0.2313249144133624
8,biMaxInfgain,minmax,mixup,noImbl,EasyEnsemble,last,0.25,0.2,5012,2026-05-30 19:30:23,20260530-182225,log/stroke_prediction_v4/8/biMaxInfgain/mixup__noImbl__minmax/EasyEnsemble,1780136562317_d342c02e17801406237697162,0.3590998043052837,0.5311215397673995,0.6440946502057613,0.3106278506719064,0.948500592651796,0.3590998043052837,0.4755398110039135,0.3590998043052837,0.3590998043052837,0.3590998043052837,0.473936749235982
8,biMaxInfgain,minmax,mixup,noImbl,XGBClassifier_SPW24,first,0.25,0.1,42,2026-05-30 19:28:07,20260530-182225,log/stroke_prediction_v4/8/biMaxInfgain/minmax__mixup__noImbl/XGBClassifier_SPW24,1780136562317_d342c02e17801404876357479,0.9158512720156556,0.5685817805383022,0.5763374485596708,0.5721518001440894,0.9204306499252471,0.9158512720156556,0.9181025785999672,0.9158512720156556,0.9158512720156556,0.9158512720156556,0.7964136535201926
8,biMaxInfgain,minmax,mixup,noImbl,XGBClassifier_SPW24,first,0.25,0.1,126,2026-05-30 19:28:09,20260530-182225,log/stroke_prediction_v4/8/biMaxInfgain/minmax__mixup__noImbl/XGBClassifier_SPW24,1780136562317_d342c02e17801404897233883,0.913894324853229,0.552379859198041,0.5563374485596708,0.5542426645519429,0.9170585652528368,0.913894324853229,0.9154614344841714,0.913894324853229,0.913894324853229,0.913894324853229,0.7885909320977633
8,biMaxInfgain,minmax,mixup,noImbl,XGBClassifier_SPW24,first,0.25,0.1,5012,2026-05-30 19:28:11,20260530-182225,log/stroke_prediction_v4/8/biMaxInfgain/minmax__mixup__noImbl/XGBClassifier_SPW24,1780136562317_d342c02e17801404917777099,0.913894324853229,0.5654600085849191,0.5753086419753086,0.5698653198653199,0.9200476902619408,0.9138943248532287,0.9169055196452456,0.913894324853229,0.913894324853229,0.913894324853229,0.794654989950093
8,biMaxInfgain,minmax,mixup,noImbl,XGBClassifier_SPW24,first,0.25,0.2,42,2026-05-30 19:28:51,20260530-182225,log/stroke_prediction_v4/8/biMaxInfgain/minmax__mixup__noImbl/XGBClassifier_SPW24,1780136562317_d342c02e17801405311092594,0.9060665362035224,0.5756072528224427,0.6091358024691358,0.5879032258064516,0.924215329798822,0.9060665362035224,0.9145697872609052,0.9060665362035224,0.9060665362035224,0.9060665362035226,0.7986934049505525
8,biMaxInfgain,minmax,mixup,noImbl,XGBClassifier_SPW24,first,0.25,0.2,126,2026-05-30 19:28:53,20260530-182225,log/stroke_prediction_v4/8/biMaxInfgain/minmax__mixup__noImbl/XGBClassifier_SPW24,1780136562317_d342c02e17801405332053945,0.9001956947162426,0.5637358757062146,0.5965637860082305,0.5749445459290188,0.9219529116499166,0.9001956947162425,0.9103825315910102,0.9001956947162426,0.9001956947162426,0.9001956947162426,0.7911025968509374
8,biMaxInfgain,minmax,mixup,noImbl,XGBClassifier_SPW24,first,0.25,0.2,5012,2026-05-30 19:28:55,20260530-182225,log/stroke_prediction_v4/8/biMaxInfgain/minmax__mixup__noImbl/XGBClassifier_SPW24,1780136562317_d342c02e17801405352877451,0.8864970645792564,0.520926220806794,0.532448559670782,0.5235431235431236,0.9119428309671308,0.8864970645792564,0.8987040356903371,0.8864970645792564,0.8864970645792564,0.8864970645792564,0.7644676608611922
8,biMaxInfgain,minmax,mixup,noImbl,XGBClassifier_SPW24,last,0.25,0.1,42,2026-05-30 19:29:34,20260530-182225,log/stroke_prediction_v4/8/biMaxInfgain/mixup__noImbl__minmax/XGBClassifier_SPW24,1780136562317_d342c02e17801405745149751,0.9158512720156556,0.5802494802494803,0.5953086419753086,0.5868571965779824,0.9232925534295398,0.9158512720156554,0.9194586631937002,0.9158512720156556,0.9158512720156556,0.9158512720156556,0.8021729553374473
8,biMaxInfgain,minmax,mixup,noImbl,XGBClassifier_SPW24,last,0.25,0.1,126,2026-05-30 19:29:36,20260530-182225,log/stroke_prediction_v4/8/biMaxInfgain/mixup__noImbl__minmax/XGBClassifier_SPW24,1780136562317_d342c02e17801405766298641,0.913894324853229,0.552379859198041,0.5563374485596708,0.5542426645519429,0.9170585652528368,0.913894324853229,0.9154614344841714,0.913894324853229,0.913894324853229,0.913894324853229,0.7885909320977633
8,biMaxInfgain,minmax,mixup,noImbl,XGBClassifier_SPW24,last,0.25,0.1,5012,2026-05-30 19:29:38,20260530-182225,log/stroke_prediction_v4/8/biMaxInfgain/mixup__noImbl__minmax/XGBClassifier_SPW24,1780136562317_d342c02e17801405787168564,0.9217221135029354,0.5654401282965074,0.5604526748971194,0.5627994524298425,0.9186573222323424,0.9217221135029356,0.9201716916408488,0.9217221135029354,0.9217221135029354,0.9217221135029354,0.7955895295543746
8,biMaxInfgain,minmax,mixup,noImbl,XGBClassifier_SPW24,last,0.25,0.2,42,2026-05-30 19:30:18,20260530-182225,log/stroke_prediction_v4/8/biMaxInfgain/mixup__noImbl__minmax/XGBClassifier_SPW24,1780136562317_d342c02e17801406180191922,0.9060665362035224,0.5708040935672515,0.5996502057613169,0.5815833916173385,0.9228678431237912,0.9060665362035224,0.9139983464045182,0.9060665362035224,0.9060665362035224,0.9060665362035226,0.7960960894299234
8,biMaxInfgain,minmax,mixup,noImbl,XGBClassifier_SPW24,last,0.25,0.2,126,2026-05-30 19:30:20,20260530-182225,log/stroke_prediction_v4/8/biMaxInfgain/mixup__noImbl__minmax/XGBClassifier_SPW24,1780136562317_d342c02e17801406200749596,0.9041095890410958,0.5683230699053484,0.5986213991769547,0.5793178763440859,0.9225509539364232,0.9041095890410958,0.912789991162174,0.9041095890410958,0.9041095890410958,0.9041095890410958,0.7944095580442498
8,biMaxInfgain,minmax,mixup,noImbl,XGBClassifier_SPW24,last,0.25,0.2,5012,2026-05-30 19:30:22,20260530-182225,log/stroke_prediction_v4/8/biMaxInfgain/mixup__noImbl__minmax/XGBClassifier_SPW24,1780136562317_d342c02e17801406221042717,0.8884540117416829,0.547839205762118,0.5809053497942387,0.5570509603540307,0.919052977763488,0.8884540117416829,0.9026998442673964,0.8884540117416829,0.8884540117416829,0.8884540117416829,0.7791239787218714
8,biMaxInfgain,minmax,noAug,noImbl,BalancedRandomForest,first,0.25,0.1,42,2026-05-30 19:30:59,20260530-182225,log/stroke_prediction_v4/8/biMaxInfgain/minmax__noAug__noImbl/BalancedRandomForest,1780136562317_d342c02e17801406595043538,0.5929549902152642,0.5361624937717987,0.6911522633744855,0.4462782362257231,0.9389523531631462,0.5929549902152642,0.7033808354241202,0.5929549902152642,0.5929549902152642,0.5929549902152642,0.6262575678645251
8,biMaxInfgain,minmax,noAug,noImbl,BalancedRandomForest,first,0.25,0.1,126,2026-05-30 19:31:01,20260530-182225,log/stroke_prediction_v4/8/biMaxInfgain/minmax__noAug__noImbl/BalancedRandomForest,1780136562317_d342c02e17801406612895138,0.5929549902152642,0.5466722413205735,0.7480658436213992,0.4551345144356955,0.9492448307630712,0.5929549902152642,0.7023533445305638,0.5929549902152642,0.5929549902152642,0.5929549902152642,0.6352034665015488
8,biMaxInfgain,minmax,noAug,noImbl,BalancedRandomForest,first,0.25,0.1,5012,2026-05-30 19:31:03,20260530-182225,log/stroke_prediction_v4/8/biMaxInfgain/minmax__noAug__noImbl/BalancedRandomForest,1780136562317_d342c02e17801406630580581,0.5303326810176126,0.5259215001378803,0.6392592592592592,0.407055001160362,0.9326323772491896,0.5303326810176126,0.6509649171011022,0.5303326810176126,0.5303326810176126,0.5303326810176126,0.5806173738108975
8,biMaxInfgain,minmax,noAug,noImbl,BalancedRandomForest,first,0.25,0.2,42,2026-05-30 19:31:37,20260530-182225,log/stroke_prediction_v4/8/biMaxInfgain/minmax__noAug__noImbl/BalancedRandomForest,1780136562317_d342c02e17801406973033813,0.5753424657534246,0.5394041011409189,0.7103497942386832,0.4403038562487381,0.9434915666620204,0.5753424657534246,0.6883229756975847,0.5753424657534246,0.5753424657534246,0.5753424657534246,0.6187555572974802
8,biMaxInfgain,minmax,noAug,noImbl,BalancedRandomForest,first,0.25,0.2,126,2026-05-30 19:31:39,20260530-182225,log/stroke_prediction_v4/8/biMaxInfgain/minmax__noAug__noImbl/BalancedRandomForest,1780136562317_d342c02e17801406991068003,0.5596868884540117,0.5429743825740144,0.7305761316872428,0.4350705823969025,0.9484725515571072,0.5596868884540117,0.6744377369482665,0.5596868884540117,0.5596868884540117,0.5596868884540117,0.6125033098652164
8,biMaxInfgain,minmax,noAug,noImbl,BalancedRandomForest,first,0.25,0.2,5012,2026-05-30 19:31:40,20260530-182225,log/stroke_prediction_v4/8/biMaxInfgain/minmax__noAug__noImbl/BalancedRandomForest,1780136562317_d342c02e17801407008769441,0.5743639921722113,0.5392954712720742,0.709835390946502,0.4397233463098768,0.9434601746461536,0.5743639921722113,0.687505133705231,0.5743639921722113,0.5743639921722113,0.5743639921722113,0.6180889725576235
8,biMaxInfgain,minmax,noAug,noImbl,BalancedRandomForest,last,0.25,0.1,42,2026-05-30 19:32:15,20260530-182225,log/stroke_prediction_v4/8/biMaxInfgain/noAug__noImbl__minmax/BalancedRandomForest,1780136562317_d342c02e17801407350834057,0.5929549902152642,0.5361624937717987,0.6911522633744855,0.4462782362257231,0.9389523531631462,0.5929549902152642,0.7033808354241202,0.5929549902152642,0.5929549902152642,0.5929549902152642,0.6262575678645251
8,biMaxInfgain,minmax,noAug,noImbl,BalancedRandomForest,last,0.25,0.1,126,2026-05-30 19:32:16,20260530-182225,log/stroke_prediction_v4/8/biMaxInfgain/noAug__noImbl__minmax/BalancedRandomForest,1780136562317_d342c02e17801407368880344,0.5929549902152642,0.5466722413205735,0.7480658436213992,0.4551345144356955,0.9492448307630712,0.5929549902152642,0.7023533445305638,0.5929549902152642,0.5929549902152642,0.5929549902152642,0.6352034665015488
8,biMaxInfgain,minmax,noAug,noImbl,BalancedRandomForest,last,0.25,0.1,5012,2026-05-30 19:32:18,20260530-182225,log/stroke_prediction_v4/8/biMaxInfgain/noAug__noImbl__minmax/BalancedRandomForest,1780136562317_d342c02e17801407386717175,0.5303326810176126,0.5259215001378803,0.6392592592592592,0.407055001160362,0.9326323772491896,0.5303326810176126,0.6509649171011022,0.5303326810176126,0.5303326810176126,0.5303326810176126,0.5806173738108975
8,biMaxInfgain,minmax,noAug,noImbl,BalancedRandomForest,last,0.25,0.2,42,2026-05-30 19:32:52,20260530-182225,log/stroke_prediction_v4/8/biMaxInfgain/noAug__noImbl__minmax/BalancedRandomForest,1780136562317_d342c02e17801407728615159,0.5753424657534246,0.5394041011409189,0.7103497942386832,0.4403038562487381,0.9434915666620204,0.5753424657534246,0.6883229756975847,0.5753424657534246,0.5753424657534246,0.5753424657534246,0.6187555572974802
8,biMaxInfgain,minmax,noAug,noImbl,BalancedRandomForest,last,0.25,0.2,126,2026-05-30 19:32:54,20260530-182225,log/stroke_prediction_v4/8/biMaxInfgain/noAug__noImbl__minmax/BalancedRandomForest,1780136562317_d342c02e17801407746404650,0.5596868884540117,0.5429743825740144,0.7305761316872428,0.4350705823969025,0.9484725515571072,0.5596868884540117,0.6744377369482665,0.5596868884540117,0.5596868884540117,0.5596868884540117,0.6125033098652164
8,biMaxInfgain,minmax,noAug,noImbl,BalancedRandomForest,last,0.25,0.2,5012,2026-05-30 19:32:56,20260530-182225,log/stroke_prediction_v4/8/biMaxInfgain/noAug__noImbl__minmax/BalancedRandomForest,1780136562317_d342c02e17801407764471948,0.5743639921722113,0.5392954712720742,0.709835390946502,0.4397233463098768,0.9434601746461536,0.5743639921722113,0.687505133705231,0.5743639921722113,0.5743639921722113,0.5743639921722113,0.6180889725576235
8,biMaxInfgain,minmax,noAug,noImbl,EasyEnsemble,first,0.25,0.1,42,2026-05-30 19:31:00,20260530-182225,log/stroke_prediction_v4/8/biMaxInfgain/minmax__noAug__noImbl/EasyEnsemble,1780136562317_d342c02e17801406604003603,0.0802348336594911,0.5252525252525253,0.5164609053497942,0.0799494330370824,0.9535472138211863,0.0802348336594911,0.0653305789337006,0.0802348336594911,0.0802348336594911,0.0802348336594911,0.2534119997017644
8,biMaxInfgain,minmax,noAug,noImbl,EasyEnsemble,first,0.25,0.1,126,2026-05-30 19:31:02,20260530-182225,log/stroke_prediction_v4/8/biMaxInfgain/minmax__noAug__noImbl/EasyEnsemble,1780136562317_d342c02e17801406621783186,0.060665362035225,0.5247524752475248,0.5061728395061728,0.0593649332719742,0.9534982852492686,0.0606653620352249,0.0278124248583622,0.060665362035225,0.060665362035225,0.060665362035225,0.235785108533937
8,biMaxInfgain,minmax,noAug,noImbl,EasyEnsemble,first,0.25,0.1,5012,2026-05-30 19:31:03,20260530-182225,log/stroke_prediction_v4/8/biMaxInfgain/minmax__noAug__noImbl/EasyEnsemble,1780136562317_d342c02e17801406639501291,0.1604696673189823,0.5180740962951852,0.5396707818930041,0.1567364837574288,0.9375541007685428,0.1604696673189823,0.2073540608714337,0.1604696673189823,0.1604696673189823,0.1604696673189823,0.3183313465175954
8,biMaxInfgain,minmax,noAug,noImbl,EasyEnsemble,first,0.25,0.2,42,2026-05-30 19:31:38,20260530-182225,log/stroke_prediction_v4/8/biMaxInfgain/minmax__noAug__noImbl/EasyEnsemble,1780136562317_d342c02e17801406982081341,0.2827788649706458,0.5319284802043422,0.6229423868312757,0.2573815653429001,0.9542004383761588,0.2827788649706458,0.3812773868073523,0.2827788649706458,0.2827788649706458,0.2827788649706458,0.4198175193519737
8,biMaxInfgain,minmax,noAug,noImbl,EasyEnsemble,first,0.25,0.2,126,2026-05-30 19:31:39,20260530-182225,log/stroke_prediction_v4/8/biMaxInfgain/minmax__noAug__noImbl/EasyEnsemble,1780136562317_d342c02e17801406999927966,0.0684931506849315,0.5249500998003992,0.5102880658436214,0.0676898074328467,0.9535176222896672,0.0684931506849315,0.0430003914854435,0.0684931506849315,0.0684931506849315,0.0684931506849315,0.2428763689050848
8,biMaxInfgain,minmax,noAug,noImbl,EasyEnsemble,first,0.25,0.2,5012,2026-05-30 19:31:41,20260530-182225,log/stroke_prediction_v4/8/biMaxInfgain/minmax__noAug__noImbl/EasyEnsemble,1780136562317_d342c02e17801407017753202,0.3590998043052837,0.5311215397673995,0.6440946502057613,0.3106278506719064,0.948500592651796,0.3590998043052837,0.4755398110039135,0.3590998043052837,0.3590998043052837,0.3590998043052837,0.473936749235982
8,biMaxInfgain,minmax,noAug,noImbl,EasyEnsemble,last,0.25,0.1,42,2026-05-30 19:32:15,20260530-182225,log/stroke_prediction_v4/8/biMaxInfgain/noAug__noImbl__minmax/EasyEnsemble,1780136562317_d342c02e17801407359781436,0.0802348336594911,0.5252525252525253,0.5164609053497942,0.0799494330370824,0.9535472138211863,0.0802348336594911,0.0653305789337006,0.0802348336594911,0.0802348336594911,0.0802348336594911,0.2534119997017644
8,biMaxInfgain,minmax,noAug,noImbl,EasyEnsemble,last,0.25,0.1,126,2026-05-30 19:32:17,20260530-182225,log/stroke_prediction_v4/8/biMaxInfgain/noAug__noImbl__minmax/EasyEnsemble,1780136562317_d342c02e17801407377717935,0.060665362035225,0.5247524752475248,0.5061728395061728,0.0593649332719742,0.9534982852492686,0.0606653620352249,0.0278124248583622,0.060665362035225,0.060665362035225,0.060665362035225,0.235785108533937
8,biMaxInfgain,minmax,noAug,noImbl,EasyEnsemble,last,0.25,0.1,5012,2026-05-30 19:32:19,20260530-182225,log/stroke_prediction_v4/8/biMaxInfgain/noAug__noImbl__minmax/EasyEnsemble,1780136562317_d342c02e17801407395734785,0.1604696673189823,0.5180740962951852,0.5396707818930041,0.1567364837574288,0.9375541007685428,0.1604696673189823,0.2073540608714337,0.1604696673189823,0.1604696673189823,0.1604696673189823,0.3183313465175954
8,biMaxInfgain,minmax,noAug,noImbl,EasyEnsemble,last,0.25,0.2,42,2026-05-30 19:32:53,20260530-182225,log/stroke_prediction_v4/8/biMaxInfgain/noAug__noImbl__minmax/EasyEnsemble,1780136562317_d342c02e17801407737506065,0.2827788649706458,0.5319284802043422,0.6229423868312757,0.2573815653429001,0.9542004383761588,0.2827788649706458,0.3812773868073523,0.2827788649706458,0.2827788649706458,0.2827788649706458,0.4198175193519737
8,biMaxInfgain,minmax,noAug,noImbl,EasyEnsemble,last,0.25,0.2,126,2026-05-30 19:32:55,20260530-182225,log/stroke_prediction_v4/8/biMaxInfgain/noAug__noImbl__minmax/EasyEnsemble,1780136562317_d342c02e17801407755578151,0.0684931506849315,0.5249500998003992,0.5102880658436214,0.0676898074328467,0.9535176222896672,0.0684931506849315,0.0430003914854435,0.0684931506849315,0.0684931506849315,0.0684931506849315,0.2428763689050848
8,biMaxInfgain,minmax,noAug,noImbl,EasyEnsemble,last,0.25,0.2,5012,2026-05-30 19:32:57,20260530-182225,log/stroke_prediction_v4/8/biMaxInfgain/noAug__noImbl__minmax/EasyEnsemble,1780136562317_d342c02e17801407773487029,0.3590998043052837,0.5311215397673995,0.6440946502057613,0.3106278506719064,0.948500592651796,0.3590998043052837,0.4755398110039135,0.3590998043052837,0.3590998043052837,0.3590998043052837,0.473936749235982
8,biMaxInfgain,minmax,noAug,noImbl,XGBClassifier_SPW24,first,0.25,0.1,42,2026-05-30 19:30:58,20260530-182225,log/stroke_prediction_v4/8/biMaxInfgain/minmax__noAug__noImbl/XGBClassifier_SPW24,1780136562317_d342c02e17801406589576211,0.923679060665362,0.5957969865186359,0.5994238683127572,0.597564669534137,0.9251077407270036,0.923679060665362,0.9243880049939082,0.923679060665362,0.923679060665362,0.923679060665362,0.8097973850011909
8,biMaxInfgain,minmax,noAug,noImbl,XGBClassifier_SPW24,first,0.25,0.1,126,2026-05-30 19:31:00,20260530-182225,log/stroke_prediction_v4/8/biMaxInfgain/minmax__noAug__noImbl/XGBClassifier_SPW24,1780136562317_d342c02e17801406607334119,0.9119373776908024,0.5180527036276522,0.5173662551440329,0.5176919688738804,0.9102359320145036,0.9119373776908024,0.911084032650073,0.9119373776908024,0.9119373776908024,0.9119373776908022,0.7736568403835327
8,biMaxInfgain,minmax,noAug,noImbl,XGBClassifier_SPW24,first,0.25,0.1,5012,2026-05-30 19:31:02,20260530-182225,log/stroke_prediction_v4/8/biMaxInfgain/minmax__noAug__noImbl/XGBClassifier_SPW24,1780136562317_d342c02e17801406625109060,0.9041095890410958,0.5271309771309772,0.5322222222222222,0.529209363542352,0.9124683165779056,0.9041095890410958,0.9082203371277048,0.9041095890410958,0.9041095890410958,0.9041095890410958,0.7744404423100572
8,biMaxInfgain,minmax,noAug,noImbl,XGBClassifier_SPW24,first,0.25,0.2,42,2026-05-30 19:31:36,20260530-182225,log/stroke_prediction_v4/8/biMaxInfgain/minmax__noAug__noImbl/XGBClassifier_SPW24,1780136562317_d342c02e17801406967485441,0.920743639921722,0.5774418933381797,0.5789094650205762,0.5781658454059508,0.9214899480664688,0.9207436399217224,0.9211156027822168,0.920743639921722,0.920743639921722,0.920743639921722,0.8009738038394363
8,biMaxInfgain,minmax,noAug,noImbl,XGBClassifier_SPW24,first,0.25,0.2,126,2026-05-30 19:31:38,20260530-182225,log/stroke_prediction_v4/8/biMaxInfgain/minmax__noAug__noImbl/XGBClassifier_SPW24,1780136562317_d342c02e17801406985625903,0.8992172211350293,0.5578162578162578,0.5865637860082304,0.5676232959143017,0.9204564515719114,0.8992172211350292,0.909220613292526,0.8992172211350293,0.8992172211350293,0.8992172211350293,0.7876971243746757
8,biMaxInfgain,minmax,noAug,noImbl,XGBClassifier_SPW24,first,0.25,0.2,5012,2026-05-30 19:31:40,20260530-182225,log/stroke_prediction_v4/8/biMaxInfgain/minmax__noAug__noImbl/XGBClassifier_SPW24,1780136562317_d342c02e17801407003375957,0.8894324853228963,0.53894170932933,0.5624485596707819,0.5456222975019968,0.9164563068364188,0.8894324853228963,0.9021948432510062,0.8894324853228963,0.8894324853228963,0.8894324853228963,0.7747302228257619
8,biMaxInfgain,minmax,noAug,noImbl,XGBClassifier_SPW24,last,0.25,0.1,42,2026-05-30 19:32:14,20260530-182225,log/stroke_prediction_v4/8/biMaxInfgain/noAug__noImbl__minmax/XGBClassifier_SPW24,1780136562317_d342c02e17801407345424937,0.923679060665362,0.5957969865186359,0.5994238683127572,0.597564669534137,0.9251077407270036,0.923679060665362,0.9243880049939082,0.923679060665362,0.923679060665362,0.923679060665362,0.8097973850011909
8,biMaxInfgain,minmax,noAug,noImbl,XGBClassifier_SPW24,last,0.25,0.1,126,2026-05-30 19:32:16,20260530-182225,log/stroke_prediction_v4/8/biMaxInfgain/noAug__noImbl__minmax/XGBClassifier_SPW24,1780136562317_d342c02e17801407363467605,0.9119373776908024,0.5180527036276522,0.5173662551440329,0.5176919688738804,0.9102359320145036,0.9119373776908024,0.911084032650073,0.9119373776908024,0.9119373776908024,0.9119373776908022,0.7736568403835327
8,biMaxInfgain,minmax,noAug,noImbl,XGBClassifier_SPW24,last,0.25,0.1,5012,2026-05-30 19:32:18,20260530-182225,log/stroke_prediction_v4/8/biMaxInfgain/noAug__noImbl__minmax/XGBClassifier_SPW24,1780136562317_d342c02e17801407381131764,0.9041095890410958,0.5271309771309772,0.5322222222222222,0.529209363542352,0.9124683165779056,0.9041095890410958,0.9082203371277048,0.9041095890410958,0.9041095890410958,0.9041095890410958,0.7744404423100572
8,biMaxInfgain,minmax,noAug,noImbl,XGBClassifier_SPW24,last,0.25,0.2,42,2026-05-30 19:32:52,20260530-182225,log/stroke_prediction_v4/8/biMaxInfgain/noAug__noImbl__minmax/XGBClassifier_SPW24,1780136562317_d342c02e17801407723218707,0.920743639921722,0.5774418933381797,0.5789094650205762,0.5781658454059508,0.9214899480664688,0.9207436399217224,0.9211156027822168,0.920743639921722,0.920743639921722,0.920743639921722,0.8009738038394363
8,biMaxInfgain,minmax,noAug,noImbl,XGBClassifier_SPW24,last,0.25,0.2,126,2026-05-30 19:32:54,20260530-182225,log/stroke_prediction_v4/8/biMaxInfgain/noAug__noImbl__minmax/XGBClassifier_SPW24,1780136562317_d342c02e17801407740996214,0.8992172211350293,0.5578162578162578,0.5865637860082304,0.5676232959143017,0.9204564515719114,0.8992172211350292,0.909220613292526,0.8992172211350293,0.8992172211350293,0.8992172211350293,0.7876971243746757
8,biMaxInfgain,minmax,noAug,noImbl,XGBClassifier_SPW24,last,0.25,0.2,5012,2026-05-30 19:32:55,20260530-182225,log/stroke_prediction_v4/8/biMaxInfgain/noAug__noImbl__minmax/XGBClassifier_SPW24,1780136562317_d342c02e17801407759037928,0.8894324853228963,0.53894170932933,0.5624485596707819,0.5456222975019968,0.9164563068364188,0.8894324853228963,0.9021948432510062,0.8894324853228963,0.8894324853228963,0.8894324853228963,0.7747302228257619
8,biMaxInfgain,standard,gaussian_noise,noImbl,BalancedRandomForest,first,0.25,0.1,42,2026-05-30 19:33:37,20260530-182225,log/stroke_prediction_v4/8/biMaxInfgain/standard__gaussian_noise__noImbl/BalancedRandomForest,1780136562317_d342c02e17801408174733270,0.6692759295499021,0.5467025661481186,0.7312757201646091,0.4917577405439126,0.9418516607510712,0.6692759295499021,0.7627374926358371,0.6692759295499021,0.6692759295499021,0.6692759295499021,0.6778676515033031
8,biMaxInfgain,standard,gaussian_noise,noImbl,BalancedRandomForest,first,0.25,0.1,126,2026-05-30 19:33:39,20260530-182225,log/stroke_prediction_v4/8/biMaxInfgain/standard__gaussian_noise__noImbl/BalancedRandomForest,1780136562317_d342c02e17801408199397368,0.675146771037182,0.5548582324655944,0.7723045267489712,0.5025451559934319,0.9481420358805012,0.675146771037182,0.7668951378378465,0.675146771037182,0.675146771037182,0.675146771037182,0.6880052319990712
8,biMaxInfgain,standard,gaussian_noise,noImbl,BalancedRandomForest,first,0.25,0.1,5012,2026-05-30 19:33:42,20260530-182225,log/stroke_prediction_v4/8/biMaxInfgain/standard__gaussian_noise__noImbl/BalancedRandomForest,1780136562317_d342c02e17801408224646166,0.6555772994129159,0.5445435209424083,0.7240740740740741,0.4834114511533866,0.9413386517556172,0.6555772994129159,0.7524570648742103,0.6555772994129159,0.6555772994129159,0.6555772994129159,0.6686068218465157
8,biMaxInfgain,standard,gaussian_noise,noImbl,BalancedRandomForest,first,0.25,0.2,42,2026-05-30 19:34:29,20260530-182225,log/stroke_prediction_v4/8/biMaxInfgain/standard__gaussian_noise__noImbl/BalancedRandomForest,1780136562317_d342c02e17801408698996900,0.6555772994129159,0.5481148369016196,0.7430452674897119,0.4868775389109498,0.9444363986432804,0.6555772994129159,0.7523061723287189,0.6555772994129159,0.6555772994129159,0.6555772994129159,0.6716681267545777
8,biMaxInfgain,standard,gaussian_noise,noImbl,BalancedRandomForest,first,0.25,0.2,126,2026-05-30 19:34:32,20260530-182225,log/stroke_prediction_v4/8/biMaxInfgain/standard__gaussian_noise__noImbl/BalancedRandomForest,1780136562317_d342c02e17801408724791546,0.6487279843444227,0.5541359965625389,0.7773868312757202,0.4893150883229428,0.9505624180847974,0.6487279843444227,0.7467208503751398,0.6487279843444227,0.6487279843444227,0.6487279843444227,0.6731051091347869
8,biMaxInfgain,standard,gaussian_noise,noImbl,BalancedRandomForest,first,0.25,0.2,5012,2026-05-30 19:34:34,20260530-182225,log/stroke_prediction_v4/8/biMaxInfgain/standard__gaussian_noise__noImbl/BalancedRandomForest,1780136562317_d342c02e17801408749524637,0.6761252446183953,0.555026415501521,0.7728189300411523,0.5031657793280705,0.948171205803486,0.6761252446183953,0.7676245305680033,0.6761252446183953,0.6761252446183953,0.6761252446183953,0.688670299466385
8,biMaxInfgain,standard,gaussian_noise,noImbl,BalancedRandomForest,last,0.25,0.1,42,2026-05-30 19:35:22,20260530-182225,log/stroke_prediction_v4/8/biMaxInfgain/gaussian_noise__noImbl__standard/BalancedRandomForest,1780136562317_d342c02e17801409228336104,0.6829745596868885,0.5490121452011231,0.738477366255144,0.500229413185221,0.9423667507930836,0.6829745596868885,0.7728686123349578,0.6829745596868885,0.6829745596868885,0.6829745596868885,0.6871401539277171
8,biMaxInfgain,standard,gaussian_noise,noImbl,BalancedRandomForest,last,0.25,0.1,126,2026-05-30 19:35:25,20260530-182225,log/stroke_prediction_v4/8/biMaxInfgain/gaussian_noise__noImbl__standard/BalancedRandomForest,1780136562317_d342c02e17801409253662871,0.6771037181996086,0.5551954527323494,0.7733333333333333,0.5037871431345892,0.9482004204274996,0.6771037181996086,0.7683531732835095,0.6771037181996086,0.6771037181996086,0.6771037181996086,0.6893354553918762
8,biMaxInfgain,standard,gaussian_noise,noImbl,BalancedRandomForest,last,0.25,0.1,5012,2026-05-30 19:35:27,20260530-182225,log/stroke_prediction_v4/8/biMaxInfgain/gaussian_noise__noImbl__standard/BalancedRandomForest,1780136562317_d342c02e17801409278443285,0.639921722113503,0.5422384357685864,0.715843621399177,0.4739974937343358,0.9407516659013868,0.639921722113503,0.7405168989008726,0.639921722113503,0.639921722113503,0.639921722113503,0.6580292200475975
8,biMaxInfgain,standard,gaussian_noise,noImbl,BalancedRandomForest,last,0.25,0.2,42,2026-05-30 19:36:15,20260530-182225,log/stroke_prediction_v4/8/biMaxInfgain/gaussian_noise__noImbl__standard/BalancedRandomForest,1780136562317_d342c02e17801409754144793,0.6467710371819961,0.5467849716350714,0.7384156378600824,0.481498970564468,0.9441433873000042,0.6467710371819961,0.7455905570832911,0.6467710371819961,0.6467710371819961,0.6467710371819961,0.665706243699478
8,biMaxInfgain,standard,gaussian_noise,noImbl,BalancedRandomForest,last,0.25,0.2,126,2026-05-30 19:36:17,20260530-182225,log/stroke_prediction_v4/8/biMaxInfgain/gaussian_noise__noImbl__standard/BalancedRandomForest,1780136562317_d342c02e17801409779226443,0.6536203522504892,0.551360544217687,0.7609876543209877,0.4890606199264493,0.9475098845800548,0.6536203522504892,0.7506538495863887,0.6536203522504892,0.6536203522504892,0.6536203522504892,0.6733911196389942
8,biMaxInfgain,standard,gaussian_noise,noImbl,BalancedRandomForest,last,0.25,0.2,5012,2026-05-30 19:36:20,20260530-182225,log/stroke_prediction_v4/8/biMaxInfgain/gaussian_noise__noImbl__standard/BalancedRandomForest,1780136562317_d342c02e17801409803868893,0.6673189823874756,0.5517628944074829,0.7587037037037037,0.4958709819692775,0.9463655355836056,0.6673189823874756,0.761097586643067,0.6673189823874756,0.6673189823874756,0.6673189823874756,0.681156091616321
8,biMaxInfgain,standard,gaussian_noise,noImbl,EasyEnsemble,first,0.25,0.1,42,2026-05-30 19:33:38,20260530-182225,log/stroke_prediction_v4/8/biMaxInfgain/standard__gaussian_noise__noImbl/EasyEnsemble,1780136562317_d342c02e17801408187084334,0.0489236790606653,0.0244618395303326,0.5,0.0466417910447761,0.0023935263728309,0.0489236790606653,0.0045637760317784,0.0489236790606653,0.0489236790606653,0.0489236790606653,0.0799358432760656
8,biMaxInfgain,standard,gaussian_noise,noImbl,EasyEnsemble,first,0.25,0.1,126,2026-05-30 19:33:41,20260530-182225,log/stroke_prediction_v4/8/biMaxInfgain/standard__gaussian_noise__noImbl/EasyEnsemble,1780136562317_d342c02e17801408211536422,0.0489236790606653,0.0244618395303326,0.5,0.0466417910447761,0.0023935263728309,0.0489236790606653,0.0045637760317784,0.0489236790606653,0.0489236790606653,0.0489236790606653,0.0799358432760656
8,biMaxInfgain,standard,gaussian_noise,noImbl,EasyEnsemble,first,0.25,0.1,5012,2026-05-30 19:33:43,20260530-182225,log/stroke_prediction_v4/8/biMaxInfgain/standard__gaussian_noise__noImbl/EasyEnsemble,1780136562317_d342c02e17801408237125347,0.0489236790606653,0.0244618395303326,0.5,0.0466417910447761,0.0023935263728309,0.0489236790606653,0.0045637760317784,0.0489236790606653,0.0489236790606653,0.0489236790606653,0.0799358432760656
8,biMaxInfgain,standard,gaussian_noise,noImbl,EasyEnsemble,first,0.25,0.2,42,2026-05-30 19:34:31,20260530-182225,log/stroke_prediction_v4/8/biMaxInfgain/standard__gaussian_noise__noImbl/EasyEnsemble,1780136562317_d342c02e17801408712481121,0.0489236790606653,0.0244618395303326,0.5,0.0466417910447761,0.0023935263728309,0.0489236790606653,0.0045637760317784,0.0489236790606653,0.0489236790606653,0.0489236790606653,0.0799358432760656
8,biMaxInfgain,standard,gaussian_noise,noImbl,EasyEnsemble,first,0.25,0.2,126,2026-05-30 19:34:33,20260530-182225,log/stroke_prediction_v4/8/biMaxInfgain/standard__gaussian_noise__noImbl/EasyEnsemble,1780136562317_d342c02e17801408737300441,0.0489236790606653,0.0244618395303326,0.5,0.0466417910447761,0.0023935263728309,0.0489236790606653,0.0045637760317784,0.0489236790606653,0.0489236790606653,0.0489236790606653,0.0799358432760656
8,biMaxInfgain,standard,gaussian_noise,noImbl,EasyEnsemble,first,0.25,0.2,5012,2026-05-30 19:34:36,20260530-182225,log/stroke_prediction_v4/8/biMaxInfgain/standard__gaussian_noise__noImbl/EasyEnsemble,1780136562317_d342c02e17801408761680984,0.0489236790606653,0.0244618395303326,0.5,0.0466417910447761,0.0023935263728309,0.0489236790606653,0.0045637760317784,0.0489236790606653,0.0489236790606653,0.0489236790606653,0.0799358432760656
8,biMaxInfgain,standard,gaussian_noise,noImbl,EasyEnsemble,last,0.25,0.1,42,2026-05-30 19:35:24,20260530-182225,log/stroke_prediction_v4/8/biMaxInfgain/gaussian_noise__noImbl__standard/EasyEnsemble,1780136562317_d342c02e17801409241133113,0.0489236790606653,0.0244618395303326,0.5,0.0466417910447761,0.0023935263728309,0.0489236790606653,0.0045637760317784,0.0489236790606653,0.0489236790606653,0.0489236790606653,0.0799358432760656
8,biMaxInfgain,standard,gaussian_noise,noImbl,EasyEnsemble,last,0.25,0.1,126,2026-05-30 19:35:26,20260530-182225,log/stroke_prediction_v4/8/biMaxInfgain/gaussian_noise__noImbl__standard/EasyEnsemble,1780136562317_d342c02e17801409266246483,0.0489236790606653,0.0244618395303326,0.5,0.0466417910447761,0.0023935263728309,0.0489236790606653,0.0045637760317784,0.0489236790606653,0.0489236790606653,0.0489236790606653,0.0799358432760656
8,biMaxInfgain,standard,gaussian_noise,noImbl,EasyEnsemble,last,0.25,0.1,5012,2026-05-30 19:35:29,20260530-182225,log/stroke_prediction_v4/8/biMaxInfgain/gaussian_noise__noImbl__standard/EasyEnsemble,1780136562317_d342c02e17801409290981525,0.0489236790606653,0.0244618395303326,0.5,0.0466417910447761,0.0023935263728309,0.0489236790606653,0.0045637760317784,0.0489236790606653,0.0489236790606653,0.0489236790606653,0.0799358432760656
8,biMaxInfgain,standard,gaussian_noise,noImbl,EasyEnsemble,last,0.25,0.2,42,2026-05-30 19:36:16,20260530-182225,log/stroke_prediction_v4/8/biMaxInfgain/gaussian_noise__noImbl__standard/EasyEnsemble,1780136562317_d342c02e17801409767019494,0.0489236790606653,0.0244618395303326,0.5,0.0466417910447761,0.0023935263728309,0.0489236790606653,0.0045637760317784,0.0489236790606653,0.0489236790606653,0.0489236790606653,0.0799358432760656
8,biMaxInfgain,standard,gaussian_noise,noImbl,EasyEnsemble,last,0.25,0.2,126,2026-05-30 19:36:19,20260530-182225,log/stroke_prediction_v4/8/biMaxInfgain/gaussian_noise__noImbl__standard/EasyEnsemble,1780136562317_d342c02e17801409791430025,0.0489236790606653,0.0244618395303326,0.5,0.0466417910447761,0.0023935263728309,0.0489236790606653,0.0045637760317784,0.0489236790606653,0.0489236790606653,0.0489236790606653,0.0799358432760656
8,biMaxInfgain,standard,gaussian_noise,noImbl,EasyEnsemble,last,0.25,0.2,5012,2026-05-30 19:36:21,20260530-182225,log/stroke_prediction_v4/8/biMaxInfgain/gaussian_noise__noImbl__standard/EasyEnsemble,1780136562317_d342c02e17801409816195903,0.0489236790606653,0.0244618395303326,0.5,0.0466417910447761,0.0023935263728309,0.0489236790606653,0.0045637760317784,0.0489236790606653,0.0489236790606653,0.0489236790606653,0.0799358432760656
8,biMaxInfgain,standard,gaussian_noise,noImbl,XGBClassifier_SPW24,first,0.25,0.1,42,2026-05-30 19:33:36,20260530-182225,log/stroke_prediction_v4/8/biMaxInfgain/standard__gaussian_noise__noImbl/XGBClassifier_SPW24,1780136562317_d342c02e17801408165755909,0.8669275929549902,0.5337121212121212,0.5695884773662552,0.5389065817409766,0.9167852695249956,0.8669275929549902,0.8897596819026012,0.8669275929549902,0.8669275929549902,0.8669275929549902,0.7630795635388697
8,biMaxInfgain,standard,gaussian_noise,noImbl,XGBClassifier_SPW24,first,0.25,0.1,126,2026-05-30 19:33:39,20260530-182225,log/stroke_prediction_v4/8/biMaxInfgain/standard__gaussian_noise__noImbl/XGBClassifier_SPW24,1780136562317_d342c02e17801408190678696,0.8864970645792564,0.5909459772779967,0.6937037037037037,0.615490399584847,0.9341425799124567,0.8864970645792564,0.9067120139494688,0.8864970645792564,0.8864970645792564,0.8864970645792564,0.8048084139512656
8,biMaxInfgain,standard,gaussian_noise,noImbl,XGBClassifier_SPW24,first,0.25,0.1,5012,2026-05-30 19:33:41,20260530-182225,log/stroke_prediction_v4/8/biMaxInfgain/standard__gaussian_noise__noImbl/XGBClassifier_SPW24,1780136562317_d342c02e17801408215068385,0.87279843444227,0.5667036215816703,0.648559670781893,0.5829618934019712,0.927598017307339,0.87279843444227,0.8966112957953463,0.87279843444227,0.87279843444227,0.87279843444227,0.7853414831235956
8,biMaxInfgain,standard,gaussian_noise,noImbl,XGBClassifier_SPW24,first,0.25,0.2,42,2026-05-30 19:34:29,20260530-182225,log/stroke_prediction_v4/8/biMaxInfgain/standard__gaussian_noise__noImbl/XGBClassifier_SPW24,1780136562317_d342c02e17801408690354487,0.8855185909980431,0.5542667347981604,0.5983333333333334,0.5657460369341396,0.9213511235196647,0.8855185909980431,0.901926532768711,0.8855185909980431,0.8855185909980431,0.8855185909980431,0.7817534410197604
8,biMaxInfgain,standard,gaussian_noise,noImbl,XGBClassifier_SPW24,first,0.25,0.2,126,2026-05-30 19:34:31,20260530-182225,log/stroke_prediction_v4/8/biMaxInfgain/standard__gaussian_noise__noImbl/XGBClassifier_SPW24,1780136562317_d342c02e17801408716173204,0.8718199608610567,0.5364231188658669,0.5721604938271605,0.5427449239228812,0.9172554936436564,0.8718199608610567,0.8926955399055776,0.8718199608610567,0.8718199608610567,0.8718199608610567,0.7666279645523596
8,biMaxInfgain,standard,gaussian_noise,noImbl,XGBClassifier_SPW24,first,0.25,0.2,5012,2026-05-30 19:34:34,20260530-182225,log/stroke_prediction_v4/8/biMaxInfgain/standard__gaussian_noise__noImbl/XGBClassifier_SPW24,1780136562317_d342c02e17801408741024058,0.8698630136986302,0.550822108240257,0.6090740740740741,0.5615785314561259,0.9222308390895247,0.8698630136986302,0.8932451506248412,0.8698630136986302,0.8698630136986302,0.8698630136986303,0.7743814599319826
8,biMaxInfgain,standard,gaussian_noise,noImbl,XGBClassifier_SPW24,last,0.25,0.1,42,2026-05-30 19:35:21,20260530-182225,log/stroke_prediction_v4/8/biMaxInfgain/gaussian_noise__noImbl__standard/XGBClassifier_SPW24,1780136562317_d342c02e17801409219461531,0.8943248532289628,0.5706485455412494,0.6219341563786008,0.5859243697478991,0.9250779465959666,0.8943248532289628,0.9083112697133646,0.8943248532289628,0.8943248532289628,0.8943248532289628,0.7936313520623561
8,biMaxInfgain,standard,gaussian_noise,noImbl,XGBClassifier_SPW24,last,0.25,0.1,126,2026-05-30 19:35:24,20260530-182225,log/stroke_prediction_v4/8/biMaxInfgain/gaussian_noise__noImbl__standard/XGBClassifier_SPW24,1780136562317_d342c02e17801409244717915,0.8806262230919765,0.5728021978021978,0.6526748971193417,0.5910444628120859,0.9284585277735964,0.8806262230919766,0.9015030476702942,0.8806262230919765,0.8806262230919765,0.8806262230919764,0.791526178078661
8,biMaxInfgain,standard,gaussian_noise,noImbl,XGBClassifier_SPW24,last,0.25,0.1,5012,2026-05-30 19:35:26,20260530-182225,log/stroke_prediction_v4/8/biMaxInfgain/gaussian_noise__noImbl__standard/XGBClassifier_SPW24,1780136562317_d342c02e17801409269764889,0.8747553816046967,0.5293753865182437,0.5547325102880658,0.5338122933059641,0.9148963979827832,0.8747553816046967,0.8934799448064578,0.8747553816046967,0.8747553816046967,0.8747553816046967,0.7638964178376512
8,biMaxInfgain,standard,gaussian_noise,noImbl,XGBClassifier_SPW24,last,0.25,0.2,42,2026-05-30 19:36:14,20260530-182225,log/stroke_prediction_v4/8/biMaxInfgain/gaussian_noise__noImbl__standard/XGBClassifier_SPW24,1780136562317_d342c02e17801409745371682,0.8913894324853229,0.5636205899363794,0.6109053497942387,0.5772185015820485,0.9233859147341484,0.8913894324853229,0.9060103271130576,0.8913894324853229,0.8913894324853229,0.8913894324853229,0.7888312827448716
8,biMaxInfgain,standard,gaussian_noise,noImbl,XGBClassifier_SPW24,last,0.25,0.2,126,2026-05-30 19:36:17,20260530-182225,log/stroke_prediction_v4/8/biMaxInfgain/gaussian_noise__noImbl__standard/XGBClassifier_SPW24,1780136562317_d342c02e17801409770698024,0.8874755381604696,0.5558931444378855,0.5993621399176955,0.5676548596064641,0.921585688710879,0.8874755381604696,0.9031209183400172,0.8874755381604696,0.8874755381604696,0.8874755381604696,0.7832906792628058
8,biMaxInfgain,standard,gaussian_noise,noImbl,XGBClassifier_SPW24,last,0.25,0.2,5012,2026-05-30 19:36:19,20260530-182225,log/stroke_prediction_v4/8/biMaxInfgain/gaussian_noise__noImbl__standard/XGBClassifier_SPW24,1780136562317_d342c02e17801409795147505,0.8835616438356164,0.5567976624314652,0.6067901234567901,0.5692727240530537,0.9224243503618385,0.8835616438356164,0.9012021444877876,0.8835616438356164,0.8835616438356164,0.8835616438356163,0.782597101440382
8,biMaxInfgain,standard,mixup,noImbl,BalancedRandomForest,first,0.25,0.1,42,2026-05-30 19:37:04,20260530-182225,log/stroke_prediction_v4/8/biMaxInfgain/standard__mixup__noImbl/BalancedRandomForest,1780136562317_d342c02e17801410241772422,0.5949119373776908,0.5363945260139031,0.6921810699588478,0.4474232728222541,0.9390292519647404,0.5949119373776908,0.7049697666103462,0.5949119373776908,0.5949119373776908,0.5949119373776908,0.6275842156597156
8,biMaxInfgain,standard,mixup,noImbl,BalancedRandomForest,first,0.25,0.1,126,2026-05-30 19:37:06,20260530-182225,log/stroke_prediction_v4/8/biMaxInfgain/standard__mixup__noImbl/BalancedRandomForest,1780136562317_d342c02e17801410262557528,0.6046966731898239,0.5480972845042352,0.754238683127572,0.4622509794115195,0.9495175642589488,0.6046966731898239,0.7119371574791937,0.6046966731898239,0.6046966731898239,0.6046966731898239,0.6431922429986121
8,biMaxInfgain,standard,mixup,noImbl,BalancedRandomForest,first,0.25,0.1,5012,2026-05-30 19:37:08,20260530-182225,log/stroke_prediction_v4/8/biMaxInfgain/standard__mixup__noImbl/BalancedRandomForest,1780136562317_d342c02e17801410283421734,0.5655577299412916,0.5330700052357633,0.6767489711934156,0.430283246283648,0.937849494134372,0.5655577299412916,0.6807311859068355,0.5655577299412916,0.5655577299412916,0.5655577299412916,0.607642103861444
8,biMaxInfgain,standard,mixup,noImbl,BalancedRandomForest,first,0.25,0.2,42,2026-05-30 19:37:48,20260530-182225,log/stroke_prediction_v4/8/biMaxInfgain/standard__mixup__noImbl/BalancedRandomForest,1780136562317_d342c02e17801410681401287,0.5841487279843445,0.5386468382498055,0.7054938271604938,0.4440782526893762,0.9420385914733136,0.5841487279843445,0.6958228496132761,0.5841487279843445,0.5841487279843445,0.5841487279843445,0.6232625822274966
8,biMaxInfgain,standard,mixup,noImbl,BalancedRandomForest,first,0.25,0.2,126,2026-05-30 19:37:50,20260530-182225,log/stroke_prediction_v4/8/biMaxInfgain/standard__mixup__noImbl/BalancedRandomForest,1780136562317_d342c02e17801410702417778,0.6007827788649707,0.5476146076146076,0.7521810699588478,0.4598756476683937,0.9494265247689904,0.6007827788649707,0.7087575920424242,0.6007827788649707,0.6007827788649707,0.6007827788649707,0.6405303177368553
8,biMaxInfgain,standard,mixup,noImbl,BalancedRandomForest,first,0.25,0.2,5012,2026-05-30 19:37:52,20260530-182225,log/stroke_prediction_v4/8/biMaxInfgain/standard__mixup__noImbl/BalancedRandomForest,1780136562317_d342c02e17801410723594001,0.5743639921722113,0.5410471470326597,0.719320987654321,0.4411319915070466,0.9452330841203772,0.5743639921722113,0.6873041450406776,0.5743639921722113,0.5743639921722113,0.5743639921722113,0.6195711392317788
8,biMaxInfgain,standard,mixup,noImbl,BalancedRandomForest,last,0.25,0.1,42,2026-05-30 19:38:32,20260530-182225,log/stroke_prediction_v4/8/biMaxInfgain/mixup__noImbl__standard/BalancedRandomForest,1780136562317_d342c02e17801411122817961,0.5929549902152642,0.5361624937717987,0.6911522633744855,0.4462782362257231,0.9389523531631462,0.5929549902152642,0.7033808354241202,0.5929549902152642,0.5929549902152642,0.5929549902152642,0.6262575678645251
8,biMaxInfgain,standard,mixup,noImbl,BalancedRandomForest,last,0.25,0.1,126,2026-05-30 19:38:34,20260530-182225,log/stroke_prediction_v4/8/biMaxInfgain/mixup__noImbl__standard/BalancedRandomForest,1780136562317_d342c02e17801411143858881,0.6007827788649707,0.5476146076146076,0.7521810699588478,0.4598756476683937,0.9494265247689904,0.6007827788649707,0.7087575920424242,0.6007827788649707,0.6007827788649707,0.6007827788649707,0.6405303177368553
8,biMaxInfgain,standard,mixup,noImbl,BalancedRandomForest,last,0.25,0.1,5012,2026-05-30 19:38:36,20260530-182225,log/stroke_prediction_v4/8/biMaxInfgain/mixup__noImbl__standard/BalancedRandomForest,1780136562317_d342c02e17801411164757195,0.5655577299412916,0.5330700052357633,0.6767489711934156,0.430283246283648,0.937849494134372,0.5655577299412916,0.6807311859068355,0.5655577299412916,0.5655577299412916,0.5655577299412916,0.607642103861444
8,biMaxInfgain,standard,mixup,noImbl,BalancedRandomForest,last,0.25,0.2,42,2026-05-30 19:39:16,20260530-182225,log/stroke_prediction_v4/8/biMaxInfgain/mixup__noImbl__standard/BalancedRandomForest,1780136562317_d342c02e17801411562112739,0.5909980430528375,0.5394426331315012,0.7090946502057613,0.4481270766480123,0.942273886923637,0.5909980430528375,0.7014482901581063,0.5909980430528375,0.5909980430528375,0.5909980430528375,0.6279166392681426
8,biMaxInfgain,standard,mixup,noImbl,BalancedRandomForest,last,0.25,0.2,126,2026-05-30 19:39:18,20260530-182225,log/stroke_prediction_v4/8/biMaxInfgain/mixup__noImbl__standard/BalancedRandomForest,1780136562317_d342c02e17801411583006044,0.5958904109589042,0.5470221136887804,0.7496090534979424,0.4569110712240814,0.9493129180017632,0.5958904109589042,0.7047620407318309,0.5958904109589042,0.5958904109589042,0.5958904109589042,0.6372015396957968
8,biMaxInfgain,standard,mixup,noImbl,BalancedRandomForest,last,0.25,0.2,5012,2026-05-30 19:39:20,20260530-182225,log/stroke_prediction_v4/8/biMaxInfgain/mixup__noImbl__standard/BalancedRandomForest,1780136562317_d342c02e17801411603882334,0.5743639921722113,0.5410471470326597,0.719320987654321,0.4411319915070466,0.9452330841203772,0.5743639921722113,0.6873041450406776,0.5743639921722113,0.5743639921722113,0.5743639921722113,0.6195711392317788
8,biMaxInfgain,standard,mixup,noImbl,EasyEnsemble,first,0.25,0.1,42,2026-05-30 19:37:05,20260530-182225,log/stroke_prediction_v4/8/biMaxInfgain/standard__mixup__noImbl/EasyEnsemble,1780136562317_d342c02e17801410251698550,0.0763209393346379,0.5251509054325956,0.51440329218107,0.0758927203065134,0.9535372705902736,0.0763209393346379,0.0579464501278388,0.0763209393346379,0.0763209393346379,0.0763209393346379,0.2499133981194018
8,biMaxInfgain,standard,mixup,noImbl,EasyEnsemble,first,0.25,0.1,126,2026-05-30 19:37:07,20260530-182225,log/stroke_prediction_v4/8/biMaxInfgain/standard__mixup__noImbl/EasyEnsemble,1780136562317_d342c02e17801410272924474,0.136986301369863,0.526824034334764,0.5462962962962963,0.1356622596568745,0.9537009818331472,0.1369863013698629,0.1661814211412577,0.136986301369863,0.136986301369863,0.136986301369863,0.3027532039140856
8,biMaxInfgain,standard,mixup,noImbl,EasyEnsemble,first,0.25,0.1,5012,2026-05-30 19:37:09,20260530-182225,log/stroke_prediction_v4/8/biMaxInfgain/standard__mixup__noImbl/EasyEnsemble,1780136562317_d342c02e17801410293660044,0.2309197651663405,0.523582995951417,0.5767078189300412,0.2162117859191868,0.943887511191044,0.2309197651663405,0.3130743349611554,0.2309197651663405,0.2309197651663405,0.2309197651663405,0.3761786568058377
8,biMaxInfgain,standard,mixup,noImbl,EasyEnsemble,first,0.25,0.2,42,2026-05-30 19:37:49,20260530-182225,log/stroke_prediction_v4/8/biMaxInfgain/standard__mixup__noImbl/EasyEnsemble,1780136562317_d342c02e17801410691692293,0.4050880626223092,0.5359814407570306,0.6777572016460904,0.3422003158915467,0.9521321119301792,0.4050880626223091,0.5256892478085183,0.4050880626223092,0.4050880626223092,0.4050880626223092,0.5088057350372635
8,biMaxInfgain,standard,mixup,noImbl,EasyEnsemble,first,0.25,0.2,126,2026-05-30 19:37:51,20260530-182225,log/stroke_prediction_v4/8/biMaxInfgain/standard__mixup__noImbl/EasyEnsemble,1780136562317_d342c02e17801410712904857,0.0626223091976516,0.5248015873015873,0.507201646090535,0.0614577621675095,0.9535030907340104,0.0626223091976516,0.0316324187844265,0.0626223091976516,0.0626223091976516,0.0626223091976516,0.2375630832344643
8,biMaxInfgain,standard,mixup,noImbl,EasyEnsemble,first,0.25,0.2,5012,2026-05-30 19:37:53,20260530-182225,log/stroke_prediction_v4/8/biMaxInfgain/standard__mixup__noImbl/EasyEnsemble,1780136562317_d342c02e17801410733846391,0.324853228962818,0.5291121921556704,0.6260905349794238,0.2868238692217137,0.9476161122974702,0.3248532289628179,0.4353961983797563,0.324853228962818,0.324853228962818,0.324853228962818,0.4485561856686041
8,biMaxInfgain,standard,mixup,noImbl,EasyEnsemble,last,0.25,0.1,42,2026-05-30 19:38:33,20260530-182225,log/stroke_prediction_v4/8/biMaxInfgain/mixup__noImbl__standard/EasyEnsemble,1780136562317_d342c02e17801411133068956,0.1917808219178082,0.5285388127853881,0.5751028806584362,0.1845860202382377,0.953868768374304,0.1917808219178081,0.253686094702445,0.1917808219178082,0.1917808219178082,0.1917808219178082,0.3482041921900384
8,biMaxInfgain,standard,mixup,noImbl,EasyEnsemble,last,0.25,0.1,126,2026-05-30 19:38:35,20260530-182225,log/stroke_prediction_v4/8/biMaxInfgain/mixup__noImbl__standard/EasyEnsemble,1780136562317_d342c02e17801411154156856,0.086105675146771,0.5254065040650406,0.5195473251028806,0.0859796617959668,0.9535622802411976,0.086105675146771,0.0762976360091769,0.086105675146771,0.086105675146771,0.086105675146771,0.2586354756703918
8,biMaxInfgain,standard,mixup,noImbl,EasyEnsemble,last,0.25,0.1,5012,2026-05-30 19:38:37,20260530-182225,log/stroke_prediction_v4/8/biMaxInfgain/mixup__noImbl__standard/EasyEnsemble,1780136562317_d342c02e17801411175263455,0.2465753424657534,0.5245573957738435,0.5849382716049383,0.2286021243976363,0.94472043372476,0.2465753424657533,0.3348284516976613,0.2465753424657534,0.2465753424657534,0.2465753424657534,0.3885663335109501
8,biMaxInfgain,standard,mixup,noImbl,EasyEnsemble,last,0.25,0.2,42,2026-05-30 19:39:17,20260530-182225,log/stroke_prediction_v4/8/biMaxInfgain/mixup__noImbl__standard/EasyEnsemble,1780136562317_d342c02e17801411572365186,0.3845401174168297,0.5326737111751522,0.6574691358024691,0.3277686857859925,0.9490736302153144,0.3845401174168297,0.5040086183234738,0.3845401174168297,0.3845401174168297,0.3845401174168297,0.4925042903024452
8,biMaxInfgain,standard,mixup,noImbl,EasyEnsemble,last,0.25,0.2,126,2026-05-30 19:39:19,20260530-182225,log/stroke_prediction_v4/8/biMaxInfgain/mixup__noImbl__standard/EasyEnsemble,1780136562317_d342c02e17801411593380394,0.0743639921722113,0.5251004016064257,0.5133744855967078,0.0738532514359502,0.9535323289243078,0.0743639921722113,0.0542322948179213,0.0743639921722113,0.0743639921722113,0.0743639921722113,0.2481591504197093
8,biMaxInfgain,standard,mixup,noImbl,EasyEnsemble,last,0.25,0.2,5012,2026-05-30 19:39:21,20260530-182225,log/stroke_prediction_v4/8/biMaxInfgain/mixup__noImbl__standard/EasyEnsemble,1780136562317_d342c02e17801411614009110,0.3590998043052837,0.5311215397673995,0.6440946502057613,0.3106278506719064,0.948500592651796,0.3590998043052837,0.4755398110039135,0.3590998043052837,0.3590998043052837,0.3590998043052837,0.473936749235982
8,biMaxInfgain,standard,mixup,noImbl,XGBClassifier_SPW24,first,0.25,0.1,42,2026-05-30 19:37:03,20260530-182225,log/stroke_prediction_v4/8/biMaxInfgain/standard__mixup__noImbl/XGBClassifier_SPW24,1780136562317_d342c02e17801410234161686,0.8806262230919765,0.5584045584045583,0.6147325102880659,0.5716209716209716,0.9233779918711424,0.8806262230919765,0.8998500521005414,0.8806262230919765,0.8806262230919765,0.8806262230919764,0.7826226488513939
8,biMaxInfgain,standard,mixup,noImbl,XGBClassifier_SPW24,first,0.25,0.1,126,2026-05-30 19:37:05,20260530-182225,log/stroke_prediction_v4/8/biMaxInfgain/standard__mixup__noImbl/XGBClassifier_SPW24,1780136562317_d342c02e17801410255658194,0.8904109589041096,0.5817348678601875,0.6578189300411522,0.6019806387003449,0.9296558408950236,0.8904109589041095,0.9076504722955988,0.8904109589041096,0.8904109589041096,0.8904109589041096,0.7995300140906715
8,biMaxInfgain,standard,mixup,noImbl,XGBClassifier_SPW24,first,0.25,0.1,5012,2026-05-30 19:37:07,20260530-182225,log/stroke_prediction_v4/8/biMaxInfgain/standard__mixup__noImbl/XGBClassifier_SPW24,1780136562317_d342c02e17801410276903854,0.8532289628180039,0.5272289675982469,0.5623868312757201,0.5288585653697215,0.9155648792166136,0.8532289628180039,0.8815348701425001,0.8532289628180039,0.8532289628180039,0.8532289628180039,0.7533686682630927
8,biMaxInfgain,standard,mixup,noImbl,XGBClassifier_SPW24,first,0.25,0.2,42,2026-05-30 19:37:47,20260530-182225,log/stroke_prediction_v4/8/biMaxInfgain/standard__mixup__noImbl/XGBClassifier_SPW24,1780136562317_d342c02e17801410674930603,0.8874755381604696,0.5470513144742705,0.5803909465020576,0.5561472082176777,0.9189365446148814,0.8874755381604696,0.9021095187581692,0.8874755381604696,0.8874755381604696,0.8874755381604696,0.7783666048696857
8,biMaxInfgain,standard,mixup,noImbl,XGBClassifier_SPW24,first,0.25,0.2,126,2026-05-30 19:37:49,20260530-182225,log/stroke_prediction_v4/8/biMaxInfgain/standard__mixup__noImbl/XGBClassifier_SPW24,1780136562317_d342c02e17801410695834867,0.8962818003913894,0.564143567874911,0.6039917695473251,0.5767289208408221,0.9227284043856756,0.8962818003913895,0.9085169331669742,0.8962818003913894,0.8962818003913894,0.8962818003913894,0.7903859724385163
8,biMaxInfgain,standard,mixup,noImbl,XGBClassifier_SPW24,first,0.25,0.2,5012,2026-05-30 19:37:51,20260530-182225,log/stroke_prediction_v4/8/biMaxInfgain/standard__mixup__noImbl/XGBClassifier_SPW24,1780136562317_d342c02e17801410717168304,0.8874755381604696,0.5600692670186793,0.6088477366255144,0.573169181601932,0.9228920819137884,0.8874755381604696,0.903603002294032,0.8874755381604696,0.8874755381604696,0.8874755381604696,0.7856869514043804
8,biMaxInfgain,standard,mixup,noImbl,XGBClassifier_SPW24,last,0.25,0.1,42,2026-05-30 19:38:31,20260530-182225,log/stroke_prediction_v4/8/biMaxInfgain/mixup__noImbl__standard/XGBClassifier_SPW24,1780136562317_d342c02e17801411116275110,0.8845401174168297,0.544787283777466,0.5788477366255145,0.5534870632840153,0.9185964873759066,0.8845401174168297,0.9003403768186231,0.8845401174168297,0.8845401174168297,0.8845401174168297,0.7761133137600162
8,biMaxInfgain,standard,mixup,noImbl,XGBClassifier_SPW24,last,0.25,0.1,126,2026-05-30 19:38:33,20260530-182225,log/stroke_prediction_v4/8/biMaxInfgain/mixup__noImbl__standard/XGBClassifier_SPW24,1780136562317_d342c02e17801411137139683,0.8864970645792564,0.546280400572246,0.5798765432098766,0.5552521008403362,0.9188216882378796,0.8864970645792565,0.9015195119143548,0.8864970645792564,0.8864970645792564,0.8864970645792564,0.7776124309469064
8,biMaxInfgain,standard,mixup,noImbl,XGBClassifier_SPW24,last,0.25,0.1,5012,2026-05-30 19:38:35,20260530-182225,log/stroke_prediction_v4/8/biMaxInfgain/mixup__noImbl__standard/XGBClassifier_SPW24,1780136562317_d342c02e17801411158120106,0.8708414872798435,0.5272804774083546,0.5526748971193416,0.5309057527539779,0.9145216156742626,0.8708414872798436,0.8911594852055272,0.8708414872798435,0.8708414872798435,0.8708414872798435,0.7610940796260588
8,biMaxInfgain,standard,mixup,noImbl,XGBClassifier_SPW24,last,0.25,0.2,42,2026-05-30 19:39:15,20260530-182225,log/stroke_prediction_v4/8/biMaxInfgain/mixup__noImbl__standard/XGBClassifier_SPW24,1780136562317_d342c02e17801411555624208,0.8845401174168297,0.5795554226475278,0.6642181069958848,0.599933651804671,0.9301737375818124,0.8845401174168297,0.9043503122390218,0.8845401174168297,0.8845401174168297,0.8845401174168297,0.7968533682958081
8,biMaxInfgain,standard,mixup,noImbl,XGBClassifier_SPW24,last,0.25,0.2,126,2026-05-30 19:39:17,20260530-182225,log/stroke_prediction_v4/8/biMaxInfgain/mixup__noImbl__standard/XGBClassifier_SPW24,1780136562317_d342c02e17801411576408539,0.8884540117416829,0.5431201550387597,0.5714197530864198,0.5510081391046985,0.9177058207800484,0.888454011741683,0.9021651307201608,0.8884540117416829,0.8884540117416829,0.8884540117416829,0.7765821680609246
8,biMaxInfgain,standard,mixup,noImbl,XGBClassifier_SPW24,last,0.25,0.2,5012,2026-05-30 19:39:19,20260530-182225,log/stroke_prediction_v4/8/biMaxInfgain/mixup__noImbl__standard/XGBClassifier_SPW24,1780136562317_d342c02e17801411597509820,0.8767123287671232,0.5476998491704375,0.5937037037037037,0.5575757575757575,0.920365090187814,0.8767123287671232,0.8965664472513787,0.8767123287671232,0.8767123287671232,0.8767123287671232,0.7749831265371151
8,biMaxInfgain,standard,noAug,noImbl,BalancedRandomForest,first,0.25,0.1,42,2026-05-30 19:39:57,20260530-182225,log/stroke_prediction_v4/8/biMaxInfgain/standard__noAug__noImbl/BalancedRandomForest,1780136562317_d342c02e17801411977262753,0.5870841487279843,0.5354758577860581,0.6880658436213992,0.4428459960417732,0.9387203005695838,0.5870841487279843,0.6985913359969398,0.5870841487279843,0.5870841487279843,0.5870841487279843,0.6222754594947045
8,biMaxInfgain,standard,noAug,noImbl,BalancedRandomForest,first,0.25,0.1,126,2026-05-30 19:39:59,20260530-182225,log/stroke_prediction_v4/8/biMaxInfgain/standard__noAug__noImbl/BalancedRandomForest,1780136562317_d342c02e17801411995451190,0.5909980430528375,0.54644128113879,0.747037037037037,0.4539509676099905,0.949199462361847,0.5909980430528375,0.7007427714348049,0.5909980430528375,0.5909980430528375,0.5909980430528375,0.6338710561316216
8,biMaxInfgain,standard,noAug,noImbl,BalancedRandomForest,first,0.25,0.1,5012,2026-05-30 19:40:01,20260530-182225,log/stroke_prediction_v4/8/biMaxInfgain/standard__noAug__noImbl/BalancedRandomForest,1780136562317_d342c02e17801412013823188,0.5499021526418787,0.5349343638817322,0.6874897119341563,0.4238725490196078,0.9408255767304072,0.5499021526418787,0.6669673074709337,0.5499021526418787,0.5499021526418787,0.5499021526418787,0.5999118047849622
8,biMaxInfgain,standard,noAug,noImbl,BalancedRandomForest,first,0.25,0.2,42,2026-05-30 19:40:36,20260530-182225,log/stroke_prediction_v4/8/biMaxInfgain/standard__noAug__noImbl/BalancedRandomForest,1780136562317_d342c02e17801412362001063,0.5733855185909981,0.54093904955496,0.7188065843621398,0.440548413017276,0.9452045151120811,0.5733855185909981,0.6864837771517573,0.5733855185909981,0.5733855185909981,0.5733855185909981,0.6189040508646723
8,biMaxInfgain,standard,noAug,noImbl,BalancedRandomForest,first,0.25,0.2,126,2026-05-30 19:40:38,20260530-182225,log/stroke_prediction_v4/8/biMaxInfgain/standard__noAug__noImbl/BalancedRandomForest,1780136562317_d342c02e17801412380368820,0.5606653620352251,0.5430766988466599,0.7310905349794239,0.4356597956274757,0.948495385343088,0.5606653620352251,0.6752754551450326,0.5606653620352251,0.5606653620352251,0.5606653620352251,0.6131726943468833
8,biMaxInfgain,standard,noAug,noImbl,BalancedRandomForest,first,0.25,0.2,5012,2026-05-30 19:40:39,20260530-182225,log/stroke_prediction_v4/8/biMaxInfgain/standard__noAug__noImbl/BalancedRandomForest,1780136562317_d342c02e17801412398559343,0.5694716242661448,0.5405103987201575,0.7167489711934156,0.4382145998240985,0.9450899434686468,0.5694716242661448,0.683192285118768,0.5694716242661448,0.5694716242661448,0.5694716242661448,0.6162346137861098
8,biMaxInfgain,standard,noAug,noImbl,BalancedRandomForest,last,0.25,0.1,42,2026-05-30 19:41:14,20260530-182225,log/stroke_prediction_v4/8/biMaxInfgain/noAug__noImbl__standard/BalancedRandomForest,1780136562317_d342c02e17801412747873737,0.5870841487279843,0.5354758577860581,0.6880658436213992,0.4428459960417732,0.9387203005695838,0.5870841487279843,0.6985913359969398,0.5870841487279843,0.5870841487279843,0.5870841487279843,0.6222754594947045
8,biMaxInfgain,standard,noAug,noImbl,BalancedRandomForest,last,0.25,0.1,126,2026-05-30 19:41:16,20260530-182225,log/stroke_prediction_v4/8/biMaxInfgain/noAug__noImbl__standard/BalancedRandomForest,1780136562317_d342c02e17801412766877668,0.5909980430528375,0.54644128113879,0.747037037037037,0.4539509676099905,0.949199462361847,0.5909980430528375,0.7007427714348049,0.5909980430528375,0.5909980430528375,0.5909980430528375,0.6338710561316216
8,biMaxInfgain,standard,noAug,noImbl,BalancedRandomForest,last,0.25,0.1,5012,2026-05-30 19:41:18,20260530-182225,log/stroke_prediction_v4/8/biMaxInfgain/noAug__noImbl__standard/BalancedRandomForest,1780136562317_d342c02e17801412785244920,0.5499021526418787,0.5349343638817322,0.6874897119341563,0.4238725490196078,0.9408255767304072,0.5499021526418787,0.6669673074709337,0.5499021526418787,0.5499021526418787,0.5499021526418787,0.5999118047849622
8,biMaxInfgain,standard,noAug,noImbl,BalancedRandomForest,last,0.25,0.2,42,2026-05-30 19:41:53,20260530-182225,log/stroke_prediction_v4/8/biMaxInfgain/noAug__noImbl__standard/BalancedRandomForest,1780136562317_d342c02e17801413134625560,0.5733855185909981,0.54093904955496,0.7188065843621398,0.440548413017276,0.9452045151120811,0.5733855185909981,0.6864837771517573,0.5733855185909981,0.5733855185909981,0.5733855185909981,0.6189040508646723
8,biMaxInfgain,standard,noAug,noImbl,BalancedRandomForest,last,0.25,0.2,126,2026-05-30 19:41:55,20260530-182225,log/stroke_prediction_v4/8/biMaxInfgain/noAug__noImbl__standard/BalancedRandomForest,1780136562317_d342c02e17801413152903032,0.5606653620352251,0.5430766988466599,0.7310905349794239,0.4356597956274757,0.948495385343088,0.5606653620352251,0.6752754551450326,0.5606653620352251,0.5606653620352251,0.5606653620352251,0.6131726943468833
8,biMaxInfgain,standard,noAug,noImbl,BalancedRandomForest,last,0.25,0.2,5012,2026-05-30 19:41:57,20260530-182225,log/stroke_prediction_v4/8/biMaxInfgain/noAug__noImbl__standard/BalancedRandomForest,1780136562317_d342c02e17801413171153368,0.5694716242661448,0.5405103987201575,0.7167489711934156,0.4382145998240985,0.9450899434686468,0.5694716242661448,0.683192285118768,0.5694716242661448,0.5694716242661448,0.5694716242661448,0.6162346137861098
8,biMaxInfgain,standard,noAug,noImbl,EasyEnsemble,first,0.25,0.1,42,2026-05-30 19:39:58,20260530-182225,log/stroke_prediction_v4/8/biMaxInfgain/standard__noAug__noImbl/EasyEnsemble,1780136562317_d342c02e17801411986326226,0.1232876712328767,0.5264270613107822,0.5390946502057613,0.122719887182317,0.9536621390715052,0.1232876712328766,0.1428543831290864,0.1232876712328767,0.1232876712328767,0.1232876712328767,0.291069594098666
8,biMaxInfgain,standard,noAug,noImbl,EasyEnsemble,first,0.25,0.1,126,2026-05-30 19:40:00,20260530-182225,log/stroke_prediction_v4/8/biMaxInfgain/standard__noAug__noImbl/EasyEnsemble,1780136562317_d342c02e17801412004536456,0.1232876712328767,0.5264270613107822,0.5390946502057613,0.122719887182317,0.9536621390715052,0.1232876712328766,0.1428543831290864,0.1232876712328767,0.1232876712328767,0.1232876712328767,0.291069594098666
8,biMaxInfgain,standard,noAug,noImbl,EasyEnsemble,first,0.25,0.1,5012,2026-05-30 19:40:02,20260530-182225,log/stroke_prediction_v4/8/biMaxInfgain/standard__noAug__noImbl/EasyEnsemble,1780136562317_d342c02e17801412022843863,0.2093933463796477,0.5221506635441061,0.5653909465020576,0.1987113802204626,0.9425037924444424,0.2093933463796477,0.2821755564812139,0.2093933463796477,0.2093933463796477,0.2093933463796477,0.358894919306171
8,biMaxInfgain,standard,noAug,noImbl,EasyEnsemble,first,0.25,0.2,42,2026-05-30 19:40:37,20260530-182225,log/stroke_prediction_v4/8/biMaxInfgain/standard__noAug__noImbl/EasyEnsemble,1780136562317_d342c02e17801412371091723,0.3610567514677104,0.5355618776671408,0.6640946502057613,0.3134963373976338,0.9545559567188984,0.3610567514677104,0.4765100986341043,0.3610567514677104,0.3610567514677104,0.3610567514677104,0.4783449144510248
8,biMaxInfgain,standard,noAug,noImbl,EasyEnsemble,first,0.25,0.2,126,2026-05-30 19:40:38,20260530-182225,log/stroke_prediction_v4/8/biMaxInfgain/standard__noAug__noImbl/EasyEnsemble,1780136562317_d342c02e17801412389457434,0.0900195694716242,0.5255102040816326,0.5216049382716049,0.0899638076635836,0.9535724270138584,0.0900195694716241,0.0835372592868986,0.0900195694716242,0.0900195694716242,0.0900195694716242,0.2621017447679316
8,biMaxInfgain,standard,noAug,noImbl,EasyEnsemble,first,0.25,0.2,5012,2026-05-30 19:40:40,20260530-182225,log/stroke_prediction_v4/8/biMaxInfgain/standard__noAug__noImbl/EasyEnsemble,1780136562317_d342c02e17801412407622109,0.3590998043052837,0.5311215397673995,0.6440946502057613,0.3106278506719064,0.948500592651796,0.3590998043052837,0.4755398110039135,0.3590998043052837,0.3590998043052837,0.3590998043052837,0.473936749235982
8,biMaxInfgain,standard,noAug,noImbl,EasyEnsemble,last,0.25,0.1,42,2026-05-30 19:41:15,20260530-182225,log/stroke_prediction_v4/8/biMaxInfgain/noAug__noImbl__standard/EasyEnsemble,1780136562317_d342c02e17801412757818979,0.1232876712328767,0.5264270613107822,0.5390946502057613,0.122719887182317,0.9536621390715052,0.1232876712328766,0.1428543831290864,0.1232876712328767,0.1232876712328767,0.1232876712328767,0.291069594098666
8,biMaxInfgain,standard,noAug,noImbl,EasyEnsemble,last,0.25,0.1,126,2026-05-30 19:41:17,20260530-182225,log/stroke_prediction_v4/8/biMaxInfgain/noAug__noImbl__standard/EasyEnsemble,1780136562317_d342c02e17801412776032359,0.1232876712328767,0.5264270613107822,0.5390946502057613,0.122719887182317,0.9536621390715052,0.1232876712328766,0.1428543831290864,0.1232876712328767,0.1232876712328767,0.1232876712328767,0.291069594098666
8,biMaxInfgain,standard,noAug,noImbl,EasyEnsemble,last,0.25,0.1,5012,2026-05-30 19:41:19,20260530-182225,log/stroke_prediction_v4/8/biMaxInfgain/noAug__noImbl__standard/EasyEnsemble,1780136562317_d342c02e17801412794230922,0.2093933463796477,0.5221506635441061,0.5653909465020576,0.1987113802204626,0.9425037924444424,0.2093933463796477,0.2821755564812139,0.2093933463796477,0.2093933463796477,0.2093933463796477,0.358894919306171
8,biMaxInfgain,standard,noAug,noImbl,EasyEnsemble,last,0.25,0.2,42,2026-05-30 19:41:54,20260530-182225,log/stroke_prediction_v4/8/biMaxInfgain/noAug__noImbl__standard/EasyEnsemble,1780136562317_d342c02e17801413143763001,0.3610567514677104,0.5355618776671408,0.6640946502057613,0.3134963373976338,0.9545559567188984,0.3610567514677104,0.4765100986341043,0.3610567514677104,0.3610567514677104,0.3610567514677104,0.4783449144510248
8,biMaxInfgain,standard,noAug,noImbl,EasyEnsemble,last,0.25,0.2,126,2026-05-30 19:41:56,20260530-182225,log/stroke_prediction_v4/8/biMaxInfgain/noAug__noImbl__standard/EasyEnsemble,1780136562317_d342c02e17801413161878674,0.0900195694716242,0.5255102040816326,0.5216049382716049,0.0899638076635836,0.9535724270138584,0.0900195694716241,0.0835372592868986,0.0900195694716242,0.0900195694716242,0.0900195694716242,0.2621017447679316
8,biMaxInfgain,standard,noAug,noImbl,EasyEnsemble,last,0.25,0.2,5012,2026-05-30 19:41:58,20260530-182225,log/stroke_prediction_v4/8/biMaxInfgain/noAug__noImbl__standard/EasyEnsemble,1780136562317_d342c02e17801413180374828,0.3590998043052837,0.5311215397673995,0.6440946502057613,0.3106278506719064,0.948500592651796,0.3590998043052837,0.4755398110039135,0.3590998043052837,0.3590998043052837,0.3590998043052837,0.473936749235982
8,biMaxInfgain,standard,noAug,noImbl,XGBClassifier_SPW24,first,0.25,0.1,42,2026-05-30 19:39:57,20260530-182225,log/stroke_prediction_v4/8/biMaxInfgain/standard__noAug__noImbl/XGBClassifier_SPW24,1780136562317_d342c02e17801411971426263,0.9001956947162426,0.558862801824858,0.5870781893004116,0.5686478971150504,0.9205972009580266,0.9001956947162426,0.909816501343063,0.9001956947162426,0.9001956947162426,0.9001956947162426,0.7885017568635435
8,biMaxInfgain,standard,noAug,noImbl,XGBClassifier_SPW24,first,0.25,0.1,126,2026-05-30 19:39:58,20260530-182225,log/stroke_prediction_v4/8/biMaxInfgain/standard__noAug__noImbl/XGBClassifier_SPW24,1780136562317_d342c02e17801411989859695,0.8904109589041096,0.5745207173778601,0.6388477366255144,0.5920857566427187,0.9271245947231408,0.8904109589041096,0.9067949517056504,0.8904109589041096,0.8904109589041096,0.8904109589041096,0.7950457946865505
8,biMaxInfgain,standard,noAug,noImbl,XGBClassifier_SPW24,first,0.25,0.1,5012,2026-05-30 19:40:00,20260530-182225,log/stroke_prediction_v4/8/biMaxInfgain/standard__noAug__noImbl/XGBClassifier_SPW24,1780136562317_d342c02e17801412008091194,0.8688845401174168,0.5347678093848771,0.5706172839506173,0.5404244466220116,0.9169708189821494,0.8688845401174168,0.8909339445418769,0.8688845401174168,0.8688845401174168,0.8688845401174168,0.7644931659533141
8,biMaxInfgain,standard,noAug,noImbl,XGBClassifier_SPW24,first,0.25,0.2,42,2026-05-30 19:40:35,20260530-182225,log/stroke_prediction_v4/8/biMaxInfgain/standard__noAug__noImbl/XGBClassifier_SPW24,1780136562317_d342c02e17801412356550668,0.9099804305283756,0.58109243697479,0.6111934156378601,0.5927581427581428,0.9248959857915772,0.9099804305283756,0.9170141841374718,0.9099804305283756,0.9099804305283756,0.9099804305283756,0.8021762050861151
8,biMaxInfgain,standard,noAug,noImbl,XGBClassifier_SPW24,first,0.25,0.2,126,2026-05-30 19:40:37,20260530-182225,log/stroke_prediction_v4/8/biMaxInfgain/standard__noAug__noImbl/XGBClassifier_SPW24,1780136562317_d342c02e17801412374958407,0.8962818003913894,0.5210568504131212,0.5281069958847736,0.5233292852491331,0.9115279608871204,0.8962818003913893,0.9037078460468768,0.8962818003913894,0.8962818003913894,0.8962818003913894,0.7686374705694587
8,biMaxInfgain,standard,noAug,noImbl,XGBClassifier_SPW24,first,0.25,0.2,5012,2026-05-30 19:40:39,20260530-182225,log/stroke_prediction_v4/8/biMaxInfgain/standard__noAug__noImbl/XGBClassifier_SPW24,1780136562317_d342c02e17801412393041962,0.8943248532289628,0.5621645796064401,0.602962962962963,0.5746392896781354,0.922460782288753,0.8943248532289629,0.907314334366468,0.8943248532289628,0.8943248532289628,0.8943248532289628,0.788781817384091
8,biMaxInfgain,standard,noAug,noImbl,XGBClassifier_SPW24,last,0.25,0.1,42,2026-05-30 19:41:14,20260530-182225,log/stroke_prediction_v4/8/biMaxInfgain/noAug__noImbl__standard/XGBClassifier_SPW24,1780136562317_d342c02e17801412742200362,0.9001956947162426,0.558862801824858,0.5870781893004116,0.5686478971150504,0.9205972009580266,0.9001956947162426,0.909816501343063,0.9001956947162426,0.9001956947162426,0.9001956947162426,0.7885017568635435
8,biMaxInfgain,standard,noAug,noImbl,XGBClassifier_SPW24,last,0.25,0.1,126,2026-05-30 19:41:16,20260530-182225,log/stroke_prediction_v4/8/biMaxInfgain/noAug__noImbl__standard/XGBClassifier_SPW24,1780136562317_d342c02e17801412761306933,0.8904109589041096,0.5745207173778601,0.6388477366255144,0.5920857566427187,0.9271245947231408,0.8904109589041096,0.9067949517056504,0.8904109589041096,0.8904109589041096,0.8904109589041096,0.7950457946865505
8,biMaxInfgain,standard,noAug,noImbl,XGBClassifier_SPW24,last,0.25,0.1,5012,2026-05-30 19:41:17,20260530-182225,log/stroke_prediction_v4/8/biMaxInfgain/noAug__noImbl__standard/XGBClassifier_SPW24,1780136562317_d342c02e17801412779576885,0.8688845401174168,0.5347678093848771,0.5706172839506173,0.5404244466220116,0.9169708189821494,0.8688845401174168,0.8909339445418769,0.8688845401174168,0.8688845401174168,0.8688845401174168,0.7644931659533141
8,biMaxInfgain,standard,noAug,noImbl,XGBClassifier_SPW24,last,0.25,0.2,42,2026-05-30 19:41:52,20260530-182225,log/stroke_prediction_v4/8/biMaxInfgain/noAug__noImbl__standard/XGBClassifier_SPW24,1780136562317_d342c02e17801413129071560,0.9099804305283756,0.58109243697479,0.6111934156378601,0.5927581427581428,0.9248959857915772,0.9099804305283756,0.9170141841374718,0.9099804305283756,0.9099804305283756,0.9099804305283756,0.8021762050861151
8,biMaxInfgain,standard,noAug,noImbl,XGBClassifier_SPW24,last,0.25,0.2,126,2026-05-30 19:41:54,20260530-182225,log/stroke_prediction_v4/8/biMaxInfgain/noAug__noImbl__standard/XGBClassifier_SPW24,1780136562317_d342c02e17801413147427742,0.8962818003913894,0.5210568504131212,0.5281069958847736,0.5233292852491331,0.9115279608871204,0.8962818003913893,0.9037078460468768,0.8962818003913894,0.8962818003913894,0.8962818003913894,0.7686374705694587
8,biMaxInfgain,standard,noAug,noImbl,XGBClassifier_SPW24,last,0.25,0.2,5012,2026-05-30 19:41:56,20260530-182225,log/stroke_prediction_v4/8/biMaxInfgain/noAug__noImbl__standard/XGBClassifier_SPW24,1780136562317_d342c02e17801413165462994,0.8943248532289628,0.5621645796064401,0.602962962962963,0.5746392896781354,0.922460782288753,0.8943248532289629,0.907314334366468,0.8943248532289628,0.8943248532289628,0.8943248532289628,0.788781817384091
8,infgain,minmax,gaussian_noise,noImbl,BalancedRandomForest,first,0.25,0.1,42,2026-05-30 19:42:38,20260530-182225,log/stroke_prediction_v4/8/infgain/minmax__gaussian_noise__noImbl/BalancedRandomForest,1780136562317_d342c02e17801413588866345,0.7064579256360078,0.5496615189337847,0.7318518518518519,0.5111357722332772,0.9403812134728382,0.7064579256360078,0.7899082574303633,0.7064579256360078,0.7064579256360078,0.7064579256360078,0.6999292331297966
8,infgain,minmax,gaussian_noise,noImbl,BalancedRandomForest,first,0.25,0.1,126,2026-05-30 19:42:41,20260530-182225,log/stroke_prediction_v4/8/infgain/minmax__gaussian_noise__noImbl/BalancedRandomForest,1780136562317_d342c02e17801413613655325,0.6692759295499021,0.5574110509919659,0.7881893004115226,0.5022679461686983,0.951072951871421,0.6692759295499021,0.7623715959617218,0.6692759295499021,0.6692759295499021,0.6692759295499021,0.6870736334670146
8,infgain,minmax,gaussian_noise,noImbl,BalancedRandomForest,first,0.25,0.1,5012,2026-05-30 19:42:43,20260530-182225,log/stroke_prediction_v4/8/infgain/minmax__gaussian_noise__noImbl/BalancedRandomForest,1780136562317_d342c02e17801413638047888,0.6536203522504892,0.5406542056074766,0.7040740740740741,0.4787066655139621,0.938191561351208,0.6536203522504892,0.751122914113756,0.6536203522504892,0.6536203522504892,0.6536203522504892,0.6642145619476293
8,infgain,minmax,gaussian_noise,noImbl,BalancedRandomForest,first,0.25,0.2,42,2026-05-30 19:43:30,20260530-182225,log/stroke_prediction_v4/8/infgain/minmax__gaussian_noise__noImbl/BalancedRandomForest,1780136562317_d342c02e17801414106619525,0.6888454011741683,0.5536889416553595,0.7605349794238683,0.5076444816114313,0.9455576701973144,0.6888454011741683,0.777107784574082,0.6888454011741683,0.6888454011741683,0.6888454011741683,0.6942291595251483
8,infgain,minmax,gaussian_noise,noImbl,BalancedRandomForest,first,0.25,0.2,126,2026-05-30 19:43:33,20260530-182225,log/stroke_prediction_v4/8/infgain/minmax__gaussian_noise__noImbl/BalancedRandomForest,1780136562317_d342c02e17801414130905938,0.6585127201565558,0.5503496503496503,0.7540740740740741,0.4903981197716865,0.9460891359130106,0.6585127201565558,0.7544554648395732,0.6585127201565558,0.6585127201565558,0.6585127201565558,0.6751844117879847
8,infgain,minmax,gaussian_noise,noImbl,BalancedRandomForest,first,0.25,0.2,5012,2026-05-30 19:43:35,20260530-182225,log/stroke_prediction_v4/8/infgain/minmax__gaussian_noise__noImbl/BalancedRandomForest,1780136562317_d342c02e17801414156459824,0.6692759295499021,0.5485035649146078,0.740761316872428,0.4935550082101806,0.943369239360499,0.6692759295499021,0.7626823993650366,0.6692759295499021,0.6692759295499021,0.6692759295499021,0.6794093950709966
8,infgain,minmax,gaussian_noise,noImbl,BalancedRandomForest,last,0.25,0.1,42,2026-05-30 19:44:22,20260530-182225,log/stroke_prediction_v4/8/infgain/gaussian_noise__noImbl__minmax/BalancedRandomForest,1780136562317_d342c02e17801414624375557,0.6927592954990215,0.5433673469387755,0.705679012345679,0.4985718482221541,0.936908422860338,0.6927592954990215,0.7800825815386192,0.6927592954990215,0.6927592954990215,0.6927592954990215,0.6874973608782037
8,infgain,minmax,gaussian_noise,noImbl,BalancedRandomForest,last,0.25,0.1,126,2026-05-30 19:44:24,20260530-182225,log/stroke_prediction_v4/8/infgain/gaussian_noise__noImbl__minmax/BalancedRandomForest,1780136562317_d342c02e17801414649339294,0.6790606653620352,0.5590946774995855,0.7933333333333333,0.5085385878489327,0.9513239002271696,0.6790606653620352,0.7697036301530532,0.6790606653620352,0.6790606653620352,0.6790606653620352,0.6937357899511205
8,infgain,minmax,gaussian_noise,noImbl,BalancedRandomForest,last,0.25,0.1,5012,2026-05-30 19:44:27,20260530-182225,log/stroke_prediction_v4/8/infgain/gaussian_noise__noImbl__minmax/BalancedRandomForest,1780136562317_d342c02e17801414673410071,0.6653620352250489,0.5460711331679075,0.7292181069958847,0.4893613291179925,0.9417049881919524,0.6653620352250489,0.7598157475025025,0.6653620352250489,0.6653620352250489,0.6653620352250489,0.675220798418668
8,infgain,minmax,gaussian_noise,noImbl,BalancedRandomForest,last,0.25,0.2,42,2026-05-30 19:45:13,20260530-182225,log/stroke_prediction_v4/8/infgain/gaussian_noise__noImbl__minmax/BalancedRandomForest,1780136562317_d342c02e17801415135437143,0.6868884540117417,0.5533340099462093,0.7595061728395062,0.5063994204298479,0.945490689654556,0.6868884540117417,0.7756727035406992,0.6868884540117417,0.6868884540117417,0.6868884540117417,0.6928992874443058
8,infgain,minmax,gaussian_noise,noImbl,BalancedRandomForest,last,0.25,0.2,126,2026-05-30 19:45:15,20260530-182225,log/stroke_prediction_v4/8/infgain/gaussian_noise__noImbl__minmax/BalancedRandomForest,1780136562317_d342c02e17801415159421320,0.6594911937377691,0.5540464730560344,0.773559670781893,0.4943960149439601,0.9492498570745688,0.6594911937377691,0.7550428554369256,0.6594911937377691,0.6594911937377691,0.6594911937377691,0.6788979081434899
8,infgain,minmax,gaussian_noise,noImbl,BalancedRandomForest,last,0.25,0.2,5012,2026-05-30 19:45:18,20260530-182225,log/stroke_prediction_v4/8/infgain/gaussian_noise__noImbl__minmax/BalancedRandomForest,1780136562317_d342c02e17801415183350244,0.6731898238747553,0.5473462707505261,0.7333333333333334,0.4941643697578613,0.9419985019768508,0.6731898238747553,0.7656470485338093,0.6731898238747553,0.6731898238747553,0.6731898238747553,0.6805154528997237
8,infgain,minmax,gaussian_noise,noImbl,EasyEnsemble,first,0.25,0.1,42,2026-05-30 19:42:40,20260530-182225,log/stroke_prediction_v4/8/infgain/minmax__gaussian_noise__noImbl/EasyEnsemble,1780136562317_d342c02e17801413600837983,0.0489236790606653,0.0244618395303326,0.5,0.0466417910447761,0.0023935263728309,0.0489236790606653,0.0045637760317784,0.0489236790606653,0.0489236790606653,0.0489236790606653,0.0799358432760656
8,infgain,minmax,gaussian_noise,noImbl,EasyEnsemble,first,0.25,0.1,126,2026-05-30 19:42:42,20260530-182225,log/stroke_prediction_v4/8/infgain/minmax__gaussian_noise__noImbl/EasyEnsemble,1780136562317_d342c02e17801413625627273,0.0489236790606653,0.0244618395303326,0.5,0.0466417910447761,0.0023935263728309,0.0489236790606653,0.0045637760317784,0.0489236790606653,0.0489236790606653,0.0489236790606653,0.0799358432760656
8,infgain,minmax,gaussian_noise,noImbl,EasyEnsemble,first,0.25,0.1,5012,2026-05-30 19:42:44,20260530-182225,log/stroke_prediction_v4/8/infgain/minmax__gaussian_noise__noImbl/EasyEnsemble,1780136562317_d342c02e17801413649971756,0.0489236790606653,0.0244618395303326,0.5,0.0466417910447761,0.0023935263728309,0.0489236790606653,0.0045637760317784,0.0489236790606653,0.0489236790606653,0.0489236790606653,0.0799358432760656
8,infgain,minmax,gaussian_noise,noImbl,EasyEnsemble,first,0.25,0.2,42,2026-05-30 19:43:31,20260530-182225,log/stroke_prediction_v4/8/infgain/minmax__gaussian_noise__noImbl/EasyEnsemble,1780136562317_d342c02e17801414118418628,0.0489236790606653,0.0244618395303326,0.5,0.0466417910447761,0.0023935263728309,0.0489236790606653,0.0045637760317784,0.0489236790606653,0.0489236790606653,0.0489236790606653,0.0799358432760656
8,infgain,minmax,gaussian_noise,noImbl,EasyEnsemble,first,0.25,0.2,126,2026-05-30 19:43:34,20260530-182225,log/stroke_prediction_v4/8/infgain/minmax__gaussian_noise__noImbl/EasyEnsemble,1780136562317_d342c02e17801414143022942,0.0489236790606653,0.0244618395303326,0.5,0.0466417910447761,0.0023935263728309,0.0489236790606653,0.0045637760317784,0.0489236790606653,0.0489236790606653,0.0489236790606653,0.0799358432760656
8,infgain,minmax,gaussian_noise,noImbl,EasyEnsemble,first,0.25,0.2,5012,2026-05-30 19:43:36,20260530-182225,log/stroke_prediction_v4/8/infgain/minmax__gaussian_noise__noImbl/EasyEnsemble,1780136562317_d342c02e17801414168310539,0.0489236790606653,0.0244618395303326,0.5,0.0466417910447761,0.0023935263728309,0.0489236790606653,0.0045637760317784,0.0489236790606653,0.0489236790606653,0.0489236790606653,0.0799358432760656
8,infgain,minmax,gaussian_noise,noImbl,EasyEnsemble,last,0.25,0.1,42,2026-05-30 19:44:23,20260530-182225,log/stroke_prediction_v4/8/infgain/gaussian_noise__noImbl__minmax/EasyEnsemble,1780136562317_d342c02e17801414635975601,0.0489236790606653,0.0244618395303326,0.5,0.0466417910447761,0.0023935263728309,0.0489236790606653,0.0045637760317784,0.0489236790606653,0.0489236790606653,0.0489236790606653,0.0799358432760656
8,infgain,minmax,gaussian_noise,noImbl,EasyEnsemble,last,0.25,0.1,126,2026-05-30 19:44:26,20260530-182225,log/stroke_prediction_v4/8/infgain/gaussian_noise__noImbl__minmax/EasyEnsemble,1780136562317_d342c02e17801414661256275,0.0489236790606653,0.0244618395303326,0.5,0.0466417910447761,0.0023935263728309,0.0489236790606653,0.0045637760317784,0.0489236790606653,0.0489236790606653,0.0489236790606653,0.0799358432760656
8,infgain,minmax,gaussian_noise,noImbl,EasyEnsemble,last,0.25,0.1,5012,2026-05-30 19:44:28,20260530-182225,log/stroke_prediction_v4/8/infgain/gaussian_noise__noImbl__minmax/EasyEnsemble,1780136562317_d342c02e17801414684765037,0.0489236790606653,0.0244618395303326,0.5,0.0466417910447761,0.0023935263728309,0.0489236790606653,0.0045637760317784,0.0489236790606653,0.0489236790606653,0.0489236790606653,0.0799358432760656
8,infgain,minmax,gaussian_noise,noImbl,EasyEnsemble,last,0.25,0.2,42,2026-05-30 19:45:14,20260530-182225,log/stroke_prediction_v4/8/infgain/gaussian_noise__noImbl__minmax/EasyEnsemble,1780136562317_d342c02e17801415147010730,0.0489236790606653,0.0244618395303326,0.5,0.0466417910447761,0.0023935263728309,0.0489236790606653,0.0045637760317784,0.0489236790606653,0.0489236790606653,0.0489236790606653,0.0799358432760656
8,infgain,minmax,gaussian_noise,noImbl,EasyEnsemble,last,0.25,0.2,126,2026-05-30 19:45:17,20260530-182225,log/stroke_prediction_v4/8/infgain/gaussian_noise__noImbl__minmax/EasyEnsemble,1780136562317_d342c02e17801415171338312,0.0489236790606653,0.0244618395303326,0.5,0.0466417910447761,0.0023935263728309,0.0489236790606653,0.0045637760317784,0.0489236790606653,0.0489236790606653,0.0489236790606653,0.0799358432760656
8,infgain,minmax,gaussian_noise,noImbl,EasyEnsemble,last,0.25,0.2,5012,2026-05-30 19:45:19,20260530-182225,log/stroke_prediction_v4/8/infgain/gaussian_noise__noImbl__minmax/EasyEnsemble,1780136562317_d342c02e17801415194953592,0.0499021526418786,0.5244857982370225,0.500514403292181,0.0477130900321759,0.9534721916083192,0.0499021526418786,0.0065229731720551,0.0499021526418786,0.0499021526418786,0.0499021526418786,0.2259435098511383
8,infgain,minmax,gaussian_noise,noImbl,XGBClassifier_SPW24,first,0.25,0.1,42,2026-05-30 19:42:37,20260530-182225,log/stroke_prediction_v4/8/infgain/minmax__gaussian_noise__noImbl/XGBClassifier_SPW24,1780136562317_d342c02e17801413579763371,0.913894324853229,0.5872321541777609,0.6132510288065844,0.5978680784089284,0.9256394815516727,0.913894324853229,0.9194753623180292,0.913894324853229,0.913894324853229,0.913894324853229,0.8057715125039367
8,infgain,minmax,gaussian_noise,noImbl,XGBClassifier_SPW24,first,0.25,0.1,126,2026-05-30 19:42:40,20260530-182225,log/stroke_prediction_v4/8/infgain/minmax__gaussian_noise__noImbl/XGBClassifier_SPW24,1780136562317_d342c02e17801413604481786,0.9178082191780822,0.5426764076977905,0.5394238683127572,0.5409394250513346,0.9145812788642732,0.9178082191780822,0.9161802762228912,0.9178082191780822,0.9178082191780822,0.9178082191780822,0.7853593983498487
8,infgain,minmax,gaussian_noise,noImbl,XGBClassifier_SPW24,first,0.25,0.1,5012,2026-05-30 19:42:42,20260530-182225,log/stroke_prediction_v4/8/infgain/minmax__gaussian_noise__noImbl/XGBClassifier_SPW24,1780136562317_d342c02e17801413629196177,0.8943248532289628,0.5197478991596638,0.5270781893004115,0.5219334719334721,0.9113124701935568,0.8943248532289628,0.9025818683352932,0.8943248532289628,0.8943248532289628,0.8943248532289628,0.7672210981972629
8,infgain,minmax,gaussian_noise,noImbl,XGBClassifier_SPW24,first,0.25,0.2,42,2026-05-30 19:43:29,20260530-182225,log/stroke_prediction_v4/8/infgain/minmax__gaussian_noise__noImbl/XGBClassifier_SPW24,1780136562317_d342c02e17801414097889325,0.9246575342465754,0.6086584563316725,0.6189094650205762,0.6134777376654633,0.928122436416695,0.9246575342465756,0.9263542615997984,0.9246575342465754,0.9246575342465754,0.9246575342465754,0.8164068493653136
8,infgain,minmax,gaussian_noise,noImbl,XGBClassifier_SPW24,first,0.25,0.2,126,2026-05-30 19:43:32,20260530-182225,log/stroke_prediction_v4/8/infgain/minmax__gaussian_noise__noImbl/XGBClassifier_SPW24,1780136562317_d342c02e17801414122072133,0.8933463796477495,0.5655129641003408,0.6119341563786008,0.5793047451802338,0.9236437806106618,0.8933463796477495,0.9072168482142652,0.8933463796477495,0.8933463796477495,0.8933463796477495,0.7904258809772349
8,infgain,minmax,gaussian_noise,noImbl,XGBClassifier_SPW24,first,0.25,0.2,5012,2026-05-30 19:43:34,20260530-182225,log/stroke_prediction_v4/8/infgain/minmax__gaussian_noise__noImbl/XGBClassifier_SPW24,1780136562317_d342c02e17801414147782997,0.8923679060665362,0.5645565092989985,0.6114197530864198,0.5782563025210083,0.9235138820064448,0.8923679060665363,0.906613330263612,0.8923679060665362,0.8923679060665362,0.8923679060665362,0.7896266217834936
8,infgain,minmax,gaussian_noise,noImbl,XGBClassifier_SPW24,last,0.25,0.1,42,2026-05-30 19:44:21,20260530-182225,log/stroke_prediction_v4/8/infgain/gaussian_noise__noImbl__minmax/XGBClassifier_SPW24,1780136562317_d342c02e17801414615730798,0.9099804305283756,0.58109243697479,0.6111934156378601,0.5927581427581428,0.9248959857915772,0.9099804305283756,0.9170141841374718,0.9099804305283756,0.9099804305283756,0.9099804305283756,0.8021762050861151
8,infgain,minmax,gaussian_noise,noImbl,XGBClassifier_SPW24,last,0.25,0.1,126,2026-05-30 19:44:23,20260530-182225,log/stroke_prediction_v4/8/infgain/gaussian_noise__noImbl__minmax/XGBClassifier_SPW24,1780136562317_d342c02e17801414639992965,0.9060665362035224,0.5132767064585246,0.5142798353909465,0.5137192704203013,0.9095045215842228,0.9060665362035224,0.9077761103463686,0.9060665362035224,0.9060665362035224,0.9060665362035226,0.7693570279397788
8,infgain,minmax,gaussian_noise,noImbl,XGBClassifier_SPW24,last,0.25,0.1,5012,2026-05-30 19:44:26,20260530-182225,log/stroke_prediction_v4/8/infgain/gaussian_noise__noImbl__minmax/XGBClassifier_SPW24,1780136562317_d342c02e17801414664857364,0.9001956947162426,0.5368109507954125,0.5491358024691357,0.5413168593906753,0.914960763317992,0.9001956947162426,0.9073415122337872,0.9001956947162426,0.9001956947162426,0.9001956947162426,0.7774677852884202
8,infgain,minmax,gaussian_noise,noImbl,XGBClassifier_SPW24,last,0.25,0.2,42,2026-05-30 19:45:12,20260530-182225,log/stroke_prediction_v4/8/infgain/gaussian_noise__noImbl__minmax/XGBClassifier_SPW24,1780136562317_d342c02e17801415127015359,0.9275929549902152,0.6109670781893004,0.6109670781893004,0.6109670781893004,0.9275929549902152,0.9275929549902152,0.9275929549902152,0.9275929549902152,0.9275929549902152,0.9275929549902152,0.8167738981098949
8,infgain,minmax,gaussian_noise,noImbl,XGBClassifier_SPW24,last,0.25,0.2,126,2026-05-30 19:45:15,20260530-182225,log/stroke_prediction_v4/8/infgain/gaussian_noise__noImbl__minmax/XGBClassifier_SPW24,1780136562317_d342c02e17801415150839027,0.898238747553816,0.5662169174883238,0.6050205761316871,0.5788639533409409,0.9230049446682584,0.8982387475538159,0.9097218862221444,0.898238747553816,0.898238747553816,0.898238747553816,0.7920076187848161
8,infgain,minmax,gaussian_noise,noImbl,XGBClassifier_SPW24,last,0.25,0.2,5012,2026-05-30 19:45:17,20260530-182225,log/stroke_prediction_v4/8/infgain/gaussian_noise__noImbl__minmax/XGBClassifier_SPW24,1780136562317_d342c02e17801415175058576,0.8864970645792564,0.546280400572246,0.5798765432098766,0.5552521008403362,0.9188216882378796,0.8864970645792565,0.9015195119143548,0.8864970645792564,0.8864970645792564,0.8864970645792564,0.7776124309469064
8,infgain,minmax,mixup,noImbl,BalancedRandomForest,first,0.25,0.1,42,2026-05-30 19:46:01,20260530-182225,log/stroke_prediction_v4/8/infgain/minmax__mixup__noImbl/BalancedRandomForest,1780136562317_d342c02e17801415616419704,0.6438356164383562,0.5392242778318727,0.6989300411522634,0.4728973021990478,0.9377848323574004,0.6438356164383562,0.7436964872998078,0.6438356164383562,0.6438356164383562,0.6438356164383562,0.6576172301343243
8,infgain,minmax,mixup,noImbl,BalancedRandomForest,first,0.25,0.1,126,2026-05-30 19:46:03,20260530-182225,log/stroke_prediction_v4/8/infgain/minmax__mixup__noImbl/BalancedRandomForest,1780136562317_d342c02e17801415637347564,0.6183953033268101,0.5498509102322662,0.761440329218107,0.4705957358636921,0.949837811708023,0.6183953033268101,0.7229498121618307,0.6183953033268101,0.6183953033268101,0.6183953033268101,0.6525028586503919
8,infgain,minmax,mixup,noImbl,BalancedRandomForest,first,0.25,0.1,5012,2026-05-30 19:46:05,20260530-182225,log/stroke_prediction_v4/8/infgain/minmax__mixup__noImbl/BalancedRandomForest,1780136562317_d342c02e17801415658286508,0.5772994129158513,0.5343614718614719,0.6829218106995885,0.4371328328981723,0.938328631577164,0.5772994129158513,0.6905320226556234,0.5772994129158513,0.5772994129158513,0.5772994129158513,0.6156306849132321
8,infgain,minmax,mixup,noImbl,BalancedRandomForest,first,0.25,0.2,42,2026-05-30 19:46:45,20260530-182225,log/stroke_prediction_v4/8/infgain/minmax__mixup__noImbl/BalancedRandomForest,1780136562317_d342c02e17801416056905919,0.6252446183953033,0.5437481419822819,0.7270987654320987,0.4685026593469561,0.943427669922738,0.6252446183953033,0.7288920039281743,0.6252446183953033,0.6252446183953033,0.6252446183953033,0.6511345045831027
8,infgain,minmax,mixup,noImbl,BalancedRandomForest,first,0.25,0.2,126,2026-05-30 19:46:47,20260530-182225,log/stroke_prediction_v4/8/infgain/minmax__mixup__noImbl/BalancedRandomForest,1780136562317_d342c02e17801416077654555,0.5968688845401174,0.5471396661909784,0.7501234567901235,0.4575036075036075,0.9493356251199796,0.5968688845401174,0.7055630388311406,0.5968688845401174,0.5968688845401174,0.5968688845401174,0.6378674255763672
8,infgain,minmax,mixup,noImbl,BalancedRandomForest,first,0.25,0.2,5012,2026-05-30 19:46:49,20260530-182225,log/stroke_prediction_v4/8/infgain/minmax__mixup__noImbl/BalancedRandomForest,1780136562317_d342c02e17801416098395721,0.6252446183953033,0.5455083373902168,0.7365843621399177,0.4700971333807154,0.9450564411222266,0.6252446183953033,0.7287697937486178,0.6252446183953033,0.6252446183953033,0.6252446183953033,0.6526428004927574
8,infgain,minmax,mixup,noImbl,BalancedRandomForest,last,0.25,0.1,42,2026-05-30 19:47:29,20260530-182225,log/stroke_prediction_v4/8/infgain/mixup__noImbl__minmax/BalancedRandomForest,1780136562317_d342c02e17801416499403193,0.6086105675146771,0.5380656819610307,0.6993827160493827,0.4554560954816709,0.939561882457709,0.6086105675146771,0.715988241633759,0.6086105675146771,0.6086105675146771,0.6086105675146771,0.6368619056199976
8,infgain,minmax,mixup,noImbl,BalancedRandomForest,last,0.25,0.1,126,2026-05-30 19:47:32,20260530-182225,log/stroke_prediction_v4/8/infgain/mixup__noImbl__minmax/BalancedRandomForest,1780136562317_d342c02e17801416520110405,0.5929549902152642,0.5466722413205735,0.7480658436213992,0.4551345144356955,0.9492448307630712,0.5929549902152642,0.7023533445305638,0.5929549902152642,0.5929549902152642,0.5929549902152642,0.6352034665015488
8,infgain,minmax,mixup,noImbl,BalancedRandomForest,last,0.25,0.1,5012,2026-05-30 19:47:34,20260530-182225,log/stroke_prediction_v4/8/infgain/mixup__noImbl__minmax/BalancedRandomForest,1780136562317_d342c02e17801416540930613,0.5949119373776908,0.5363945260139031,0.6921810699588478,0.4474232728222541,0.9390292519647404,0.5949119373776908,0.7049697666103462,0.5949119373776908,0.5949119373776908,0.5949119373776908,0.6275842156597156
8,infgain,minmax,mixup,noImbl,BalancedRandomForest,last,0.25,0.2,42,2026-05-30 19:48:13,20260530-182225,log/stroke_prediction_v4/8/infgain/mixup__noImbl__minmax/BalancedRandomForest,1780136562317_d342c02e17801416938781007,0.6164383561643836,0.5425843652519141,0.7224691358024691,0.4632352941176471,0.9431336571418952,0.6164383561643836,0.7219408311269714,0.6164383561643836,0.6164383561643836,0.6164383561643836,0.645170477072074
8,infgain,minmax,mixup,noImbl,BalancedRandomForest,last,0.25,0.2,126,2026-05-30 19:48:16,20260530-182225,log/stroke_prediction_v4/8/infgain/mixup__noImbl__minmax/BalancedRandomForest,1780136562317_d342c02e17801416960223926,0.5909980430528375,0.5481872294372294,0.756522633744856,0.4553738984986945,0.9509583534534612,0.5909980430528375,0.7005610774769688,0.5909980430528375,0.5909980430528375,0.5909980430528375,0.6353562852810389
8,infgain,minmax,mixup,noImbl,BalancedRandomForest,last,0.25,0.2,5012,2026-05-30 19:48:18,20260530-182225,log/stroke_prediction_v4/8/infgain/mixup__noImbl__minmax/BalancedRandomForest,1780136562317_d342c02e17801416981114690,0.5978473581213307,0.5437621707342669,0.7316666666666667,0.4551666439675467,0.9459117092090475,0.5978473581213307,0.7066993752290934,0.5978473581213307,0.5978473581213307,0.5978473581213307,0.6355529007890264
8,infgain,minmax,mixup,noImbl,EasyEnsemble,first,0.25,0.1,42,2026-05-30 19:46:02,20260530-182225,log/stroke_prediction_v4/8/infgain/minmax__mixup__noImbl/EasyEnsemble,1780136562317_d342c02e17801415626667365,0.1839530332681017,0.5202304737516005,0.5520164609053497,0.1772861527769734,0.940349444111744,0.1839530332681017,0.2440998898728466,0.1839530332681017,0.1839530332681017,0.1839530332681017,0.338048757581583
8,infgain,minmax,mixup,noImbl,EasyEnsemble,first,0.25,0.1,126,2026-05-30 19:46:04,20260530-182225,log/stroke_prediction_v4/8/infgain/minmax__mixup__noImbl/EasyEnsemble,1780136562317_d342c02e17801415647306326,0.0547945205479452,0.5246062992125984,0.5030864197530864,0.0530392845221514,0.9534839823104304,0.0547945205479451,0.0162591114362014,0.0547945205479452,0.0547945205479452,0.0547945205479452,0.2304302377405425
8,infgain,minmax,mixup,noImbl,EasyEnsemble,first,0.25,0.1,5012,2026-05-30 19:46:06,20260530-182225,log/stroke_prediction_v4/8/infgain/minmax__mixup__noImbl/EasyEnsemble,1780136562317_d342c02e17801415668423208,0.172211350293542,0.519213521904105,0.545843621399177,0.1671078641034829,0.9390770418843396,0.172211350293542,0.2259255424439143,0.172211350293542,0.172211350293542,0.172211350293542,0.3282529696182885
8,infgain,minmax,mixup,noImbl,EasyEnsemble,first,0.25,0.2,42,2026-05-30 19:46:46,20260530-182225,log/stroke_prediction_v4/8/infgain/minmax__mixup__noImbl/EasyEnsemble,1780136562317_d342c02e17801416066941279,0.3904109589041096,0.5350881662357072,0.6700411522633745,0.3325114295988082,0.9519393698598728,0.3904109589041096,0.5098648050788342,0.3904109589041096,0.3904109589041096,0.3904109589041096,0.4982276875991855
8,infgain,minmax,mixup,noImbl,EasyEnsemble,first,0.25,0.2,126,2026-05-30 19:46:48,20260530-182225,log/stroke_prediction_v4/8/infgain/minmax__mixup__noImbl/EasyEnsemble,1780136562317_d342c02e17801416087735268,0.0508806262230919,0.5245098039215687,0.5010288065843621,0.0487823600529658,0.953474540501132,0.0508806262230919,0.0084781640351274,0.0508806262230919,0.0508806262230919,0.0508806262230919,0.226842644203157
8,infgain,minmax,mixup,noImbl,EasyEnsemble,first,0.25,0.2,5012,2026-05-30 19:46:50,20260530-182225,log/stroke_prediction_v4/8/infgain/minmax__mixup__noImbl/EasyEnsemble,1780136562317_d342c02e17801416108615475,0.3590998043052837,0.5311215397673995,0.6440946502057613,0.3106278506719064,0.948500592651796,0.3590998043052837,0.4755398110039135,0.3590998043052837,0.3590998043052837,0.3590998043052837,0.473936749235982
8,infgain,minmax,mixup,noImbl,EasyEnsemble,last,0.25,0.1,42,2026-05-30 19:47:30,20260530-182225,log/stroke_prediction_v4/8/infgain/mixup__noImbl__minmax/EasyEnsemble,1780136562317_d342c02e17801416509466252,0.0665362035225048,0.5249003984063745,0.5092592592592593,0.0656201483525961,0.953512759139567,0.0665362035225048,0.039226308769601,0.0665362035225048,0.0665362035225048,0.0665362035225048,0.2411086916578514
8,infgain,minmax,mixup,noImbl,EasyEnsemble,last,0.25,0.1,126,2026-05-30 19:47:33,20260530-182225,log/stroke_prediction_v4/8/infgain/mixup__noImbl__minmax/EasyEnsemble,1780136562317_d342c02e17801416530154826,0.0880626223091976,0.525458248472505,0.5205761316872428,0.0879753041027054,0.9535673432947656,0.0880626223091976,0.0799245654641307,0.0880626223091976,0.0880626223091976,0.0880626223091976,0.2603702017041557
8,infgain,minmax,mixup,noImbl,EasyEnsemble,last,0.25,0.1,5012,2026-05-30 19:47:35,20260530-182225,log/stroke_prediction_v4/8/infgain/mixup__noImbl__minmax/EasyEnsemble,1780136562317_d342c02e17801416551098255,0.1487279843444227,0.5167669110982944,0.5334979423868312,0.1461643946115995,0.935695170934183,0.1487279843444226,0.1883720684270088,0.1487279843444227,0.1487279843444227,0.1487279843444227,0.3082676656354911
8,infgain,minmax,mixup,noImbl,EasyEnsemble,last,0.25,0.2,42,2026-05-30 19:48:14,20260530-182225,log/stroke_prediction_v4/8/infgain/mixup__noImbl__minmax/EasyEnsemble,1780136562317_d342c02e17801416949333934,0.385518590998043,0.5327347453869504,0.6579835390946502,0.3284195546626486,0.949094543996069,0.385518590998043,0.5050816737943052,0.385518590998043,0.385518590998043,0.385518590998043,0.4932139035155272
8,infgain,minmax,mixup,noImbl,EasyEnsemble,last,0.25,0.2,126,2026-05-30 19:48:17,20260530-182225,log/stroke_prediction_v4/8/infgain/mixup__noImbl__minmax/EasyEnsemble,1780136562317_d342c02e17801416970310755,0.0684931506849315,0.5249500998003992,0.5102880658436214,0.0676898074328467,0.9535176222896672,0.0684931506849315,0.0430003914854435,0.0684931506849315,0.0684931506849315,0.0684931506849315,0.2428763689050848
8,infgain,minmax,mixup,noImbl,EasyEnsemble,last,0.25,0.2,5012,2026-05-30 19:48:19,20260530-182225,log/stroke_prediction_v4/8/infgain/mixup__noImbl__minmax/EasyEnsemble,1780136562317_d342c02e17801416991140032,0.3590998043052837,0.5311215397673995,0.6440946502057613,0.3106278506719064,0.948500592651796,0.3590998043052837,0.4755398110039135,0.3590998043052837,0.3590998043052837,0.3590998043052837,0.473936749235982
8,infgain,minmax,mixup,noImbl,XGBClassifier_SPW24,first,0.25,0.1,42,2026-05-30 19:46:00,20260530-182225,log/stroke_prediction_v4/8/infgain/minmax__mixup__noImbl/XGBClassifier_SPW24,1780136562317_d342c02e17801415609638773,0.9178082191780822,0.5837387322936043,0.5963374485596709,0.5894168962350781,0.9237079010656668,0.9178082191780822,0.9206825414795528,0.9178082191780822,0.9178082191780822,0.9178082191780822,0.8040166115203216
8,infgain,minmax,mixup,noImbl,XGBClassifier_SPW24,first,0.25,0.1,126,2026-05-30 19:46:03,20260530-182225,log/stroke_prediction_v4/8/infgain/minmax__mixup__noImbl/XGBClassifier_SPW24,1780136562317_d342c02e17801415630710670,0.9197651663405088,0.5456869306562557,0.5404526748971195,0.5428041462084016,0.9149590219848224,0.9197651663405088,0.9173279183655167,0.9197651663405088,0.9197651663405088,0.9197651663405088,0.787035738976111
8,infgain,minmax,mixup,noImbl,XGBClassifier_SPW24,first,0.25,0.1,5012,2026-05-30 19:46:05,20260530-182225,log/stroke_prediction_v4/8/infgain/minmax__mixup__noImbl/XGBClassifier_SPW24,1780136562317_d342c02e17801415651341882,0.9217221135029354,0.5654401282965074,0.5604526748971194,0.5627994524298425,0.9186573222323424,0.9217221135029356,0.9201716916408488,0.9217221135029354,0.9217221135029354,0.9217221135029354,0.7955895295543746
8,infgain,minmax,mixup,noImbl,XGBClassifier_SPW24,first,0.25,0.2,42,2026-05-30 19:46:45,20260530-182225,log/stroke_prediction_v4/8/infgain/minmax__mixup__noImbl/XGBClassifier_SPW24,1780136562317_d342c02e17801416050354082,0.9099804305283756,0.5761962017511407,0.6017078189300412,0.5862857947445307,0.9235427693951708,0.9099804305283758,0.9164256777010628,0.9099804305283756,0.9099804305283756,0.9099804305283756,0.7995435720858245
8,infgain,minmax,mixup,noImbl,XGBClassifier_SPW24,first,0.25,0.2,126,2026-05-30 19:46:47,20260530-182225,log/stroke_prediction_v4/8/infgain/minmax__mixup__noImbl/XGBClassifier_SPW24,1780136562317_d342c02e17801416071041111,0.8992172211350293,0.5626602413520008,0.5960493827160493,0.5738822434068047,0.921810166537131,0.8992172211350293,0.9097824107812988,0.8992172211350293,0.8992172211350293,0.8992172211350293,0.7902885656427452
8,infgain,minmax,mixup,noImbl,XGBClassifier_SPW24,first,0.25,0.2,5012,2026-05-30 19:46:49,20260530-182225,log/stroke_prediction_v4/8/infgain/minmax__mixup__noImbl/XGBClassifier_SPW24,1780136562317_d342c02e17801416091806991,0.8913894324853229,0.5549265474214764,0.5919341563786008,0.5657872073306565,0.9207505804743848,0.8913894324853229,0.9050021808816195,0.8913894324853229,0.8913894324853229,0.8913894324853229,0.7839353096534166
8,infgain,minmax,mixup,noImbl,XGBClassifier_SPW24,last,0.25,0.1,42,2026-05-30 19:47:29,20260530-182225,log/stroke_prediction_v4/8/infgain/mixup__noImbl__minmax/XGBClassifier_SPW24,1780136562317_d342c02e17801416492801486,0.9041095890410958,0.5525650511777038,0.570164609053498,0.5593044335322175,0.9183935657488638,0.904109589041096,0.9109751784206976,0.9041095890410958,0.9041095890410958,0.9041095890410958,0.786298100007382
8,infgain,minmax,mixup,noImbl,XGBClassifier_SPW24,last,0.25,0.1,126,2026-05-30 19:47:31,20260530-182225,log/stroke_prediction_v4/8/infgain/mixup__noImbl__minmax/XGBClassifier_SPW24,1780136562317_d342c02e17801416513432725,0.9197651663405088,0.561772758384668,0.5594238683127571,0.5605637938628688,0.9182187628504188,0.9197651663405088,0.9189876741922888,0.9197651663405088,0.9197651663405088,0.9197651663405088,0.7937803256992614
8,infgain,minmax,mixup,noImbl,XGBClassifier_SPW24,last,0.25,0.1,5012,2026-05-30 19:47:33,20260530-182225,log/stroke_prediction_v4/8/infgain/mixup__noImbl__minmax/XGBClassifier_SPW24,1780136562317_d342c02e17801416534287788,0.913894324853229,0.552379859198041,0.5563374485596708,0.5542426645519429,0.9170585652528368,0.913894324853229,0.9154614344841714,0.913894324853229,0.913894324853229,0.913894324853229,0.7885909320977633
8,infgain,minmax,mixup,noImbl,XGBClassifier_SPW24,last,0.25,0.2,42,2026-05-30 19:48:13,20260530-182225,log/stroke_prediction_v4/8/infgain/mixup__noImbl__minmax/XGBClassifier_SPW24,1780136562317_d342c02e17801416932151026,0.913894324853229,0.5822514352818372,0.6037654320987654,0.5912371602581583,0.9242813504773888,0.913894324853229,0.9188692150562368,0.913894324853229,0.913894324853229,0.913894324853229,0.8031035080242497
8,infgain,minmax,mixup,noImbl,XGBClassifier_SPW24,last,0.25,0.2,126,2026-05-30 19:48:15,20260530-182225,log/stroke_prediction_v4/8/infgain/mixup__noImbl__minmax/XGBClassifier_SPW24,1780136562317_d342c02e17801416953523420,0.8992172211350293,0.5626602413520008,0.5960493827160493,0.5738822434068047,0.921810166537131,0.8992172211350293,0.9097824107812988,0.8992172211350293,0.8992172211350293,0.8992172211350293,0.7902885656427452
8,infgain,minmax,mixup,noImbl,XGBClassifier_SPW24,last,0.25,0.2,5012,2026-05-30 19:48:17,20260530-182225,log/stroke_prediction_v4/8/infgain/mixup__noImbl__minmax/XGBClassifier_SPW24,1780136562317_d342c02e17801416974447178,0.8923679060665362,0.55581643808388,0.5924485596707819,0.5667622394869898,0.9208757951191848,0.8923679060665362,0.9055979331510324,0.8923679060665362,0.8923679060665362,0.8923679060665362,0.7847152676097022
8,infgain,minmax,noAug,noImbl,BalancedRandomForest,first,0.25,0.1,42,2026-05-30 19:48:56,20260530-182225,log/stroke_prediction_v4/8/infgain/minmax__noAug__noImbl/BalancedRandomForest,1780136562317_d342c02e17801417360817032,0.6164383561643836,0.5355207706201084,0.6845267489711935,0.4568310989630786,0.9366283720815156,0.6164383561643836,0.7224590613089327,0.6164383561643836,0.6164383561643836,0.6164383561643836,0.6391364556738368
8,infgain,minmax,noAug,noImbl,BalancedRandomForest,first,0.25,0.1,126,2026-05-30 19:48:57,20260530-182225,log/stroke_prediction_v4/8/infgain/minmax__noAug__noImbl/BalancedRandomForest,1780136562317_d342c02e17801417379550253,0.5949119373776908,0.5469050275866344,0.7490946502057614,0.4563187137959569,0.949290216926216,0.5949119373776908,0.703960093916807,0.5949119373776908,0.5949119373776908,0.5949119373776908,0.636535585579852
8,infgain,minmax,noAug,noImbl,BalancedRandomForest,first,0.25,0.1,5012,2026-05-30 19:48:59,20260530-182225,log/stroke_prediction_v4/8/infgain/minmax__noAug__noImbl/BalancedRandomForest,1780136562317_d342c02e17801417397888516,0.5772994129158513,0.5343614718614719,0.6829218106995885,0.4371328328981723,0.938328631577164,0.5772994129158513,0.6905320226556234,0.5772994129158513,0.5772994129158513,0.5772994129158513,0.6156306849132321
8,infgain,minmax,noAug,noImbl,BalancedRandomForest,first,0.25,0.2,42,2026-05-30 19:49:35,20260530-182225,log/stroke_prediction_v4/8/infgain/minmax__noAug__noImbl/BalancedRandomForest,1780136562317_d342c02e17801417753774375,0.6115459882583171,0.5419557084025267,0.7198971193415638,0.4603187271133527,0.9429696960715188,0.6115459882583171,0.7180479965692808,0.6115459882583171,0.6115459882583171,0.6115459882583171,0.6418556562372828
8,infgain,minmax,noAug,noImbl,BalancedRandomForest,first,0.25,0.2,126,2026-05-30 19:49:37,20260530-182225,log/stroke_prediction_v4/8/infgain/minmax__noAug__noImbl/BalancedRandomForest,1780136562317_d342c02e17801417772401839,0.5772994129158513,0.5448735717145584,0.7398353909465021,0.44568099638409,0.948882025600936,0.5772994129158513,0.6893600727742183,0.5772994129158513,0.5772994129158513,0.5772994129158513,0.6245350243662862
8,infgain,minmax,noAug,noImbl,BalancedRandomForest,first,0.25,0.2,5012,2026-05-30 19:49:39,20260530-182225,log/stroke_prediction_v4/8/infgain/minmax__noAug__noImbl/BalancedRandomForest,1780136562317_d342c02e17801417791210039,0.5998043052837574,0.5439996109327887,0.7326954732510288,0.4563398490490454,0.94596779992961,0.5998043052837574,0.708290760760292,0.5998043052837574,0.5998043052837574,0.5998043052837574,0.6368826019962462
8,infgain,minmax,noAug,noImbl,BalancedRandomForest,last,0.25,0.1,42,2026-05-30 19:50:15,20260530-182225,log/stroke_prediction_v4/8/infgain/noAug__noImbl__minmax/BalancedRandomForest,1780136562317_d342c02e17801418150494674,0.6164383561643836,0.5355207706201084,0.6845267489711935,0.4568310989630786,0.9366283720815156,0.6164383561643836,0.7224590613089327,0.6164383561643836,0.6164383561643836,0.6164383561643836,0.6391364556738368
8,infgain,minmax,noAug,noImbl,BalancedRandomForest,last,0.25,0.1,126,2026-05-30 19:50:16,20260530-182225,log/stroke_prediction_v4/8/infgain/noAug__noImbl__minmax/BalancedRandomForest,1780136562317_d342c02e17801418169141971,0.5949119373776908,0.5469050275866344,0.7490946502057614,0.4563187137959569,0.949290216926216,0.5949119373776908,0.703960093916807,0.5949119373776908,0.5949119373776908,0.5949119373776908,0.636535585579852
8,infgain,minmax,noAug,noImbl,BalancedRandomForest,last,0.25,0.1,5012,2026-05-30 19:50:18,20260530-182225,log/stroke_prediction_v4/8/infgain/noAug__noImbl__minmax/BalancedRandomForest,1780136562317_d342c02e17801418187547912,0.5772994129158513,0.5343614718614719,0.6829218106995885,0.4371328328981723,0.938328631577164,0.5772994129158513,0.6905320226556234,0.5772994129158513,0.5772994129158513,0.5772994129158513,0.6156306849132321
8,infgain,minmax,noAug,noImbl,BalancedRandomForest,last,0.25,0.2,42,2026-05-30 19:50:54,20260530-182225,log/stroke_prediction_v4/8/infgain/noAug__noImbl__minmax/BalancedRandomForest,1780136562317_d342c02e17801418544351246,0.6115459882583171,0.5419557084025267,0.7198971193415638,0.4603187271133527,0.9429696960715188,0.6115459882583171,0.7180479965692808,0.6115459882583171,0.6115459882583171,0.6115459882583171,0.6418556562372828
8,infgain,minmax,noAug,noImbl,BalancedRandomForest,last,0.25,0.2,126,2026-05-30 19:50:56,20260530-182225,log/stroke_prediction_v4/8/infgain/noAug__noImbl__minmax/BalancedRandomForest,1780136562317_d342c02e17801418563980640,0.5772994129158513,0.5448735717145584,0.7398353909465021,0.44568099638409,0.948882025600936,0.5772994129158513,0.6893600727742183,0.5772994129158513,0.5772994129158513,0.5772994129158513,0.6245350243662862
8,infgain,minmax,noAug,noImbl,BalancedRandomForest,last,0.25,0.2,5012,2026-05-30 19:50:58,20260530-182225,log/stroke_prediction_v4/8/infgain/noAug__noImbl__minmax/BalancedRandomForest,1780136562317_d342c02e17801418582167766,0.5998043052837574,0.5439996109327887,0.7326954732510288,0.4563398490490454,0.94596779992961,0.5998043052837574,0.708290760760292,0.5998043052837574,0.5998043052837574,0.5998043052837574,0.6368826019962462
8,infgain,minmax,noAug,noImbl,EasyEnsemble,first,0.25,0.1,42,2026-05-30 19:48:56,20260530-182225,log/stroke_prediction_v4/8/infgain/minmax__noAug__noImbl/EasyEnsemble,1780136562317_d342c02e17801417369919426,0.0782778864970645,0.5252016129032258,0.5154320987654321,0.0779247646741066,0.9535422321823116,0.0782778864970644,0.0616458486357474,0.0782778864970645,0.0782778864970645,0.0782778864970645,0.2516643409804008
8,infgain,minmax,noAug,noImbl,EasyEnsemble,first,0.25,0.1,126,2026-05-30 19:48:58,20260530-182225,log/stroke_prediction_v4/8/infgain/minmax__noAug__noImbl/EasyEnsemble,1780136562317_d342c02e17801417388556250,0.060665362035225,0.5247524752475248,0.5061728395061728,0.0593649332719742,0.9534982852492686,0.0606653620352249,0.0278124248583622,0.060665362035225,0.060665362035225,0.060665362035225,0.235785108533937
8,infgain,minmax,noAug,noImbl,EasyEnsemble,first,0.25,0.1,5012,2026-05-30 19:49:00,20260530-182225,log/stroke_prediction_v4/8/infgain/minmax__noAug__noImbl/EasyEnsemble,1780136562317_d342c02e17801417407071015,0.1565557729941291,0.5176597882371127,0.5376131687242798,0.1532351391980683,0.9369770452321136,0.1565557729941291,0.2010730198225684,0.1565557729941291,0.1565557729941291,0.1565557729941291,0.3149935332700977
8,infgain,minmax,noAug,noImbl,EasyEnsemble,first,0.25,0.2,42,2026-05-30 19:49:36,20260530-182225,log/stroke_prediction_v4/8/infgain/minmax__noAug__noImbl/EasyEnsemble,1780136562317_d342c02e17801417762966280,0.2808219178082192,0.5318471337579618,0.6219135802469136,0.255910016195896,0.9541924788412878,0.2808219178082191,0.378737680829917,0.2808219178082192,0.2808219178082192,0.2808219178082192,0.4183212409617758
8,infgain,minmax,noAug,noImbl,EasyEnsemble,first,0.25,0.2,126,2026-05-30 19:49:38,20260530-182225,log/stroke_prediction_v4/8/infgain/minmax__noAug__noImbl/EasyEnsemble,1780136562317_d342c02e17801417781593230,0.0645792563600782,0.5248508946322068,0.5082304526748971,0.0635428168322905,0.9535079153260476,0.0645792563600782,0.0354370155199282,0.0645792563600782,0.0645792563600782,0.0645792563600782,0.2393376036601792
8,infgain,minmax,noAug,noImbl,EasyEnsemble,first,0.25,0.2,5012,2026-05-30 19:49:40,20260530-182225,log/stroke_prediction_v4/8/infgain/minmax__noAug__noImbl/EasyEnsemble,1780136562317_d342c02e17801417800369391,0.3590998043052837,0.5311215397673995,0.6440946502057613,0.3106278506719064,0.948500592651796,0.3590998043052837,0.4755398110039135,0.3590998043052837,0.3590998043052837,0.3590998043052837,0.473936749235982
8,infgain,minmax,noAug,noImbl,EasyEnsemble,last,0.25,0.1,42,2026-05-30 19:50:15,20260530-182225,log/stroke_prediction_v4/8/infgain/noAug__noImbl__minmax/EasyEnsemble,1780136562317_d342c02e17801418159665855,0.0782778864970645,0.5252016129032258,0.5154320987654321,0.0779247646741066,0.9535422321823116,0.0782778864970644,0.0616458486357474,0.0782778864970645,0.0782778864970645,0.0782778864970645,0.2516643409804008
8,infgain,minmax,noAug,noImbl,EasyEnsemble,last,0.25,0.1,126,2026-05-30 19:50:17,20260530-182225,log/stroke_prediction_v4/8/infgain/noAug__noImbl__minmax/EasyEnsemble,1780136562317_d342c02e17801418178269173,0.060665362035225,0.5247524752475248,0.5061728395061728,0.0593649332719742,0.9534982852492686,0.0606653620352249,0.0278124248583622,0.060665362035225,0.060665362035225,0.060665362035225,0.235785108533937
8,infgain,minmax,noAug,noImbl,EasyEnsemble,last,0.25,0.1,5012,2026-05-30 19:50:19,20260530-182225,log/stroke_prediction_v4/8/infgain/noAug__noImbl__minmax/EasyEnsemble,1780136562317_d342c02e17801418196753577,0.1565557729941291,0.5176597882371127,0.5376131687242798,0.1532351391980683,0.9369770452321136,0.1565557729941291,0.2010730198225684,0.1565557729941291,0.1565557729941291,0.1565557729941291,0.3149935332700977
8,infgain,minmax,noAug,noImbl,EasyEnsemble,last,0.25,0.2,42,2026-05-30 19:50:55,20260530-182225,log/stroke_prediction_v4/8/infgain/noAug__noImbl__minmax/EasyEnsemble,1780136562317_d342c02e17801418553554529,0.2808219178082192,0.5318471337579618,0.6219135802469136,0.255910016195896,0.9541924788412878,0.2808219178082191,0.378737680829917,0.2808219178082192,0.2808219178082192,0.2808219178082192,0.4183212409617758
8,infgain,minmax,noAug,noImbl,EasyEnsemble,last,0.25,0.2,126,2026-05-30 19:50:57,20260530-182225,log/stroke_prediction_v4/8/infgain/noAug__noImbl__minmax/EasyEnsemble,1780136562317_d342c02e17801418572824977,0.0645792563600782,0.5248508946322068,0.5082304526748971,0.0635428168322905,0.9535079153260476,0.0645792563600782,0.0354370155199282,0.0645792563600782,0.0645792563600782,0.0645792563600782,0.2393376036601792
8,infgain,minmax,noAug,noImbl,EasyEnsemble,last,0.25,0.2,5012,2026-05-30 19:50:59,20260530-182225,log/stroke_prediction_v4/8/infgain/noAug__noImbl__minmax/EasyEnsemble,1780136562317_d342c02e17801418591367136,0.3590998043052837,0.5311215397673995,0.6440946502057613,0.3106278506719064,0.948500592651796,0.3590998043052837,0.4755398110039135,0.3590998043052837,0.3590998043052837,0.3590998043052837,0.473936749235982
8,infgain,minmax,noAug,noImbl,XGBClassifier_SPW24,first,0.25,0.1,42,2026-05-30 19:48:55,20260530-182225,log/stroke_prediction_v4/8/infgain/minmax__noAug__noImbl/XGBClassifier_SPW24,1780136562317_d342c02e17801417355086697,0.9197651663405088,0.5979556479556479,0.6163374485596709,0.6060731409231926,0.9269006323800844,0.9197651663405088,0.9232047718823654,0.9197651663405088,0.9197651663405088,0.9197651663405088,0.8114171263465774
8,infgain,minmax,noAug,noImbl,XGBClassifier_SPW24,first,0.25,0.1,126,2026-05-30 19:48:57,20260530-182225,log/stroke_prediction_v4/8/infgain/minmax__noAug__noImbl/XGBClassifier_SPW24,1780136562317_d342c02e17801417373558797,0.9275929549902152,0.5786150712830957,0.5635390946502058,0.5699533720004548,0.9201836580962212,0.9275929549902152,0.92375562040878,0.9275929549902152,0.9275929549902152,0.9275929549902152,0.8013273132604234
8,infgain,minmax,noAug,noImbl,XGBClassifier_SPW24,first,0.25,0.1,5012,2026-05-30 19:48:59,20260530-182225,log/stroke_prediction_v4/8/infgain/minmax__noAug__noImbl/XGBClassifier_SPW24,1780136562317_d342c02e17801417392161187,0.9119373776908024,0.5350118953211737,0.5363374485596708,0.5356515417701581,0.9135797545202996,0.9119373776908024,0.9127553903775864,0.9119373776908024,0.9119373776908024,0.9119373776908022,0.7805289007385968
8,infgain,minmax,noAug,noImbl,XGBClassifier_SPW24,first,0.25,0.2,42,2026-05-30 19:49:34,20260530-182225,log/stroke_prediction_v4/8/infgain/minmax__noAug__noImbl/XGBClassifier_SPW24,1780136562317_d342c02e17801417748200367,0.923679060665362,0.6063664596273293,0.6183950617283951,0.6119516326888252,0.9278634026570723,0.923679060665362,0.9257209433813652,0.923679060665362,0.923679060665362,0.923679060665362,0.8153850030779529
8,infgain,minmax,noAug,noImbl,XGBClassifier_SPW24,first,0.25,0.2,126,2026-05-30 19:49:36,20260530-182225,log/stroke_prediction_v4/8/infgain/minmax__noAug__noImbl/XGBClassifier_SPW24,1780136562317_d342c02e17801417766638273,0.9021526418786692,0.5751725053078556,0.6165637860082304,0.5892613133992444,0.92491228015506,0.9021526418786692,0.9126758928364974,0.9021526418786692,0.9021526418786692,0.9021526418786692,0.7978164948339432
8,infgain,minmax,noAug,noImbl,XGBClassifier_SPW24,first,0.25,0.2,5012,2026-05-30 19:49:38,20260530-182225,log/stroke_prediction_v4/8/infgain/minmax__noAug__noImbl/XGBClassifier_SPW24,1780136562317_d342c02e17801417785499080,0.8904109589041096,0.5446872778962331,0.5724485596707819,0.5527701805110573,0.9179393082115282,0.8904109589041096,0.9033386463651047,0.8904109589041096,0.8904109589041096,0.8904109589041096,0.7780882221709223
8,infgain,minmax,noAug,noImbl,XGBClassifier_SPW24,last,0.25,0.1,42,2026-05-30 19:50:14,20260530-182225,log/stroke_prediction_v4/8/infgain/noAug__noImbl__minmax/XGBClassifier_SPW24,1780136562317_d342c02e17801418144756829,0.9197651663405088,0.5979556479556479,0.6163374485596709,0.6060731409231926,0.9269006323800844,0.9197651663405088,0.9232047718823654,0.9197651663405088,0.9197651663405088,0.9197651663405088,0.8114171263465774
8,infgain,minmax,noAug,noImbl,XGBClassifier_SPW24,last,0.25,0.1,126,2026-05-30 19:50:16,20260530-182225,log/stroke_prediction_v4/8/infgain/noAug__noImbl__minmax/XGBClassifier_SPW24,1780136562317_d342c02e17801418163419382,0.9275929549902152,0.5786150712830957,0.5635390946502058,0.5699533720004548,0.9201836580962212,0.9275929549902152,0.92375562040878,0.9275929549902152,0.9275929549902152,0.9275929549902152,0.8013273132604234
8,infgain,minmax,noAug,noImbl,XGBClassifier_SPW24,last,0.25,0.1,5012,2026-05-30 19:50:18,20260530-182225,log/stroke_prediction_v4/8/infgain/noAug__noImbl__minmax/XGBClassifier_SPW24,1780136562317_d342c02e17801418181859987,0.9119373776908024,0.5350118953211737,0.5363374485596708,0.5356515417701581,0.9135797545202996,0.9119373776908024,0.9127553903775864,0.9119373776908024,0.9119373776908024,0.9119373776908022,0.7805289007385968
8,infgain,minmax,noAug,noImbl,XGBClassifier_SPW24,last,0.25,0.2,42,2026-05-30 19:50:53,20260530-182225,log/stroke_prediction_v4/8/infgain/noAug__noImbl__minmax/XGBClassifier_SPW24,1780136562317_d342c02e17801418538647864,0.923679060665362,0.6063664596273293,0.6183950617283951,0.6119516326888252,0.9278634026570723,0.923679060665362,0.9257209433813652,0.923679060665362,0.923679060665362,0.923679060665362,0.8153850030779529
8,infgain,minmax,noAug,noImbl,XGBClassifier_SPW24,last,0.25,0.2,126,2026-05-30 19:50:55,20260530-182225,log/stroke_prediction_v4/8/infgain/noAug__noImbl__minmax/XGBClassifier_SPW24,1780136562317_d342c02e17801418557277233,0.9021526418786692,0.5751725053078556,0.6165637860082304,0.5892613133992444,0.92491228015506,0.9021526418786692,0.9126758928364974,0.9021526418786692,0.9021526418786692,0.9021526418786692,0.7978164948339432
8,infgain,minmax,noAug,noImbl,XGBClassifier_SPW24,last,0.25,0.2,5012,2026-05-30 19:50:57,20260530-182225,log/stroke_prediction_v4/8/infgain/noAug__noImbl__minmax/XGBClassifier_SPW24,1780136562317_d342c02e17801418576519482,0.8904109589041096,0.5446872778962331,0.5724485596707819,0.5527701805110573,0.9179393082115282,0.8904109589041096,0.9033386463651047,0.8904109589041096,0.8904109589041096,0.8904109589041096,0.7780882221709223
8,infgain,standard,gaussian_noise,noImbl,BalancedRandomForest,first,0.25,0.1,42,2026-05-30 19:51:41,20260530-182225,log/stroke_prediction_v4/8/infgain/standard__gaussian_noise__noImbl/BalancedRandomForest,1780136562317_d342c02e17801419013958634,0.675146771037182,0.5440364811200108,0.7153909465020576,0.491670262236924,0.9390812108704416,0.675146771037182,0.7671838471128813,0.675146771037182,0.675146771037182,0.675146771037182,0.6787376886665946
8,infgain,standard,gaussian_noise,noImbl,BalancedRandomForest,first,0.25,0.1,126,2026-05-30 19:51:43,20260530-182225,log/stroke_prediction_v4/8/infgain/standard__gaussian_noise__noImbl/BalancedRandomForest,1780136562317_d342c02e17801419039704802,0.6771037181996086,0.5551954527323494,0.7733333333333333,0.5037871431345892,0.9482004204274996,0.6771037181996086,0.7683531732835095,0.6771037181996086,0.6771037181996086,0.6771037181996086,0.6893354553918762
8,infgain,standard,gaussian_noise,noImbl,BalancedRandomForest,first,0.25,0.1,5012,2026-05-30 19:51:46,20260530-182225,log/stroke_prediction_v4/8/infgain/standard__gaussian_noise__noImbl/BalancedRandomForest,1780136562317_d342c02e17801419065186924,0.6575342465753424,0.544843416953599,0.7251028806584363,0.4845969856776461,0.9414119089812614,0.6575342465753424,0.7539350845757475,0.6575342465753424,0.6575342465753424,0.6575342465753424,0.6699293298274754
8,infgain,standard,gaussian_noise,noImbl,BalancedRandomForest,first,0.25,0.2,42,2026-05-30 19:52:35,20260530-182225,log/stroke_prediction_v4/8/infgain/standard__gaussian_noise__noImbl/BalancedRandomForest,1780136562317_d342c02e17801419557290970,0.6614481409001957,0.550813972513089,0.7556172839506172,0.4922169377814538,0.9461810393848424,0.6614481409001957,0.7566765467229453,0.6614481409001957,0.6614481409001957,0.6614481409001957,0.6771745086205929
8,infgain,standard,gaussian_noise,noImbl,BalancedRandomForest,first,0.25,0.2,126,2026-05-30 19:52:38,20260530-182225,log/stroke_prediction_v4/8/infgain/standard__gaussian_noise__noImbl/BalancedRandomForest,1780136562317_d342c02e17801419582974923,0.6722113502935421,0.5579071823658832,0.7897325102880659,0.504141447935359,0.951147640684172,0.6722113502935421,0.76457917898451,0.6722113502935421,0.6722113502935421,0.6722113502935421,0.6890713674892092
8,infgain,standard,gaussian_noise,noImbl,BalancedRandomForest,first,0.25,0.2,5012,2026-05-30 19:52:40,20260530-182225,log/stroke_prediction_v4/8/infgain/standard__gaussian_noise__noImbl/BalancedRandomForest,1780136562317_d342c02e17801419608479907,0.6859099804305284,0.5567564501695258,0.777962962962963,0.5094143244880106,0.9484655123426984,0.6859099804305284,0.7748776112400522,0.6859099804305284,0.6859099804305284,0.6859099804305284,0.6953262750789393
8,infgain,standard,gaussian_noise,noImbl,BalancedRandomForest,last,0.25,0.1,42,2026-05-30 19:53:29,20260530-182225,log/stroke_prediction_v4/8/infgain/gaussian_noise__noImbl__standard/BalancedRandomForest,1780136562317_d342c02e17801420097717454,0.6790606653620352,0.544690280456037,0.7174485596707819,0.494059405940594,0.9392428119316112,0.6790606653620352,0.7700645211292166,0.6790606653620352,0.6790606653620352,0.6790606653620352,0.6813810204111286
8,infgain,standard,gaussian_noise,noImbl,BalancedRandomForest,last,0.25,0.1,126,2026-05-30 19:53:32,20260530-182225,log/stroke_prediction_v4/8/infgain/gaussian_noise__noImbl__standard/BalancedRandomForest,1780136562317_d342c02e17801420123574848,0.684931506849315,0.5601472995090017,0.7964197530864198,0.5123381049761417,0.9514773647054948,0.684931506849315,0.7740669150535525,0.684931506849315,0.684931506849315,0.684931506849315,0.6977377974742717
8,infgain,standard,gaussian_noise,noImbl,BalancedRandomForest,last,0.25,0.1,5012,2026-05-30 19:53:34,20260530-182225,log/stroke_prediction_v4/8/infgain/gaussian_noise__noImbl__standard/BalancedRandomForest,1780136562317_d342c02e17801420149571329,0.6575342465753424,0.544843416953599,0.7251028806584363,0.4845969856776461,0.9414119089812614,0.6575342465753424,0.7539350845757475,0.6575342465753424,0.6575342465753424,0.6575342465753424,0.6699293298274754
8,infgain,standard,gaussian_noise,noImbl,BalancedRandomForest,last,0.25,0.2,42,2026-05-30 19:54:23,20260530-182225,log/stroke_prediction_v4/8/infgain/gaussian_noise__noImbl__standard/BalancedRandomForest,1780136562317_d342c02e17801420631341366,0.6594911937377691,0.5505036899164054,0.7545884773662551,0.4910038068523341,0.9461197470947412,0.6594911937377691,0.7551966141794957,0.6594911937377691,0.6594911937377691,0.6594911937377691,0.6758477320876222
8,infgain,standard,gaussian_noise,noImbl,BalancedRandomForest,last,0.25,0.2,126,2026-05-30 19:54:25,20260530-182225,log/stroke_prediction_v4/8/infgain/gaussian_noise__noImbl__standard/BalancedRandomForest,1780136562317_d342c02e17801420657236775,0.6692759295499021,0.5574110509919659,0.7881893004115226,0.5022679461686983,0.951072951871421,0.6692759295499021,0.7623715959617218,0.6692759295499021,0.6692759295499021,0.6692759295499021,0.6870736334670146
8,infgain,standard,gaussian_noise,noImbl,BalancedRandomForest,last,0.25,0.2,5012,2026-05-30 19:54:28,20260530-182225,log/stroke_prediction_v4/8/infgain/gaussian_noise__noImbl__standard/BalancedRandomForest,1780136562317_d342c02e17801420681742518,0.6829745596868885,0.5562280261175289,0.7764197530864198,0.5075314106225014,0.9483766970938696,0.6829745596868885,0.7727094162575258,0.6829745596868885,0.6829745596868885,0.6829745596868885,0.6933283955365412
8,infgain,standard,gaussian_noise,noImbl,EasyEnsemble,first,0.25,0.1,42,2026-05-30 19:51:42,20260530-182225,log/stroke_prediction_v4/8/infgain/standard__gaussian_noise__noImbl/EasyEnsemble,1780136562317_d342c02e17801419026182173,0.0489236790606653,0.0244618395303326,0.5,0.0466417910447761,0.0023935263728309,0.0489236790606653,0.0045637760317784,0.0489236790606653,0.0489236790606653,0.0489236790606653,0.0799358432760656
8,infgain,standard,gaussian_noise,noImbl,EasyEnsemble,first,0.25,0.1,126,2026-05-30 19:51:45,20260530-182225,log/stroke_prediction_v4/8/infgain/standard__gaussian_noise__noImbl/EasyEnsemble,1780136562317_d342c02e17801419052125507,0.0489236790606653,0.0244618395303326,0.5,0.0466417910447761,0.0023935263728309,0.0489236790606653,0.0045637760317784,0.0489236790606653,0.0489236790606653,0.0489236790606653,0.0799358432760656
8,infgain,standard,gaussian_noise,noImbl,EasyEnsemble,first,0.25,0.1,5012,2026-05-30 19:51:47,20260530-182225,log/stroke_prediction_v4/8/infgain/standard__gaussian_noise__noImbl/EasyEnsemble,1780136562317_d342c02e17801419077572575,0.0489236790606653,0.0244618395303326,0.5,0.0466417910447761,0.0023935263728309,0.0489236790606653,0.0045637760317784,0.0489236790606653,0.0489236790606653,0.0489236790606653,0.0799358432760656
8,infgain,standard,gaussian_noise,noImbl,EasyEnsemble,first,0.25,0.2,42,2026-05-30 19:52:36,20260530-182225,log/stroke_prediction_v4/8/infgain/standard__gaussian_noise__noImbl/EasyEnsemble,1780136562317_d342c02e17801419569712390,0.0489236790606653,0.0244618395303326,0.5,0.0466417910447761,0.0023935263728309,0.0489236790606653,0.0045637760317784,0.0489236790606653,0.0489236790606653,0.0489236790606653,0.0799358432760656
8,infgain,standard,gaussian_noise,noImbl,EasyEnsemble,first,0.25,0.2,126,2026-05-30 19:52:39,20260530-182225,log/stroke_prediction_v4/8/infgain/standard__gaussian_noise__noImbl/EasyEnsemble,1780136562317_d342c02e17801419595381260,0.0489236790606653,0.0244618395303326,0.5,0.0466417910447761,0.0023935263728309,0.0489236790606653,0.0045637760317784,0.0489236790606653,0.0489236790606653,0.0489236790606653,0.0799358432760656
8,infgain,standard,gaussian_noise,noImbl,EasyEnsemble,first,0.25,0.2,5012,2026-05-30 19:52:42,20260530-182225,log/stroke_prediction_v4/8/infgain/standard__gaussian_noise__noImbl/EasyEnsemble,1780136562317_d342c02e17801419621132053,0.0489236790606653,0.0244618395303326,0.5,0.0466417910447761,0.0023935263728309,0.0489236790606653,0.0045637760317784,0.0489236790606653,0.0489236790606653,0.0489236790606653,0.0799358432760656
8,infgain,standard,gaussian_noise,noImbl,EasyEnsemble,last,0.25,0.1,42,2026-05-30 19:53:31,20260530-182225,log/stroke_prediction_v4/8/infgain/gaussian_noise__noImbl__standard/EasyEnsemble,1780136562317_d342c02e17801420110022662,0.0489236790606653,0.0244618395303326,0.5,0.0466417910447761,0.0023935263728309,0.0489236790606653,0.0045637760317784,0.0489236790606653,0.0489236790606653,0.0489236790606653,0.0799358432760656
8,infgain,standard,gaussian_noise,noImbl,EasyEnsemble,last,0.25,0.1,126,2026-05-30 19:53:33,20260530-182225,log/stroke_prediction_v4/8/infgain/gaussian_noise__noImbl__standard/EasyEnsemble,1780136562317_d342c02e17801420135893508,0.0489236790606653,0.0244618395303326,0.5,0.0466417910447761,0.0023935263728309,0.0489236790606653,0.0045637760317784,0.0489236790606653,0.0489236790606653,0.0489236790606653,0.0799358432760656
8,infgain,standard,gaussian_noise,noImbl,EasyEnsemble,last,0.25,0.1,5012,2026-05-30 19:53:36,20260530-182225,log/stroke_prediction_v4/8/infgain/gaussian_noise__noImbl__standard/EasyEnsemble,1780136562317_d342c02e17801420161757228,0.0489236790606653,0.0244618395303326,0.5,0.0466417910447761,0.0023935263728309,0.0489236790606653,0.0045637760317784,0.0489236790606653,0.0489236790606653,0.0489236790606653,0.0799358432760656
8,infgain,standard,gaussian_noise,noImbl,EasyEnsemble,last,0.25,0.2,42,2026-05-30 19:54:24,20260530-182225,log/stroke_prediction_v4/8/infgain/gaussian_noise__noImbl__standard/EasyEnsemble,1780136562317_d342c02e17801420644409862,0.0489236790606653,0.0244618395303326,0.5,0.0466417910447761,0.0023935263728309,0.0489236790606653,0.0045637760317784,0.0489236790606653,0.0489236790606653,0.0489236790606653,0.0799358432760656
8,infgain,standard,gaussian_noise,noImbl,EasyEnsemble,last,0.25,0.2,126,2026-05-30 19:54:26,20260530-182225,log/stroke_prediction_v4/8/infgain/gaussian_noise__noImbl__standard/EasyEnsemble,1780136562317_d342c02e17801420668827787,0.0489236790606653,0.0244618395303326,0.5,0.0466417910447761,0.0023935263728309,0.0489236790606653,0.0045637760317784,0.0489236790606653,0.0489236790606653,0.0489236790606653,0.0799358432760656
8,infgain,standard,gaussian_noise,noImbl,EasyEnsemble,last,0.25,0.2,5012,2026-05-30 19:54:29,20260530-182225,log/stroke_prediction_v4/8/infgain/gaussian_noise__noImbl__standard/EasyEnsemble,1780136562317_d342c02e17801420694395952,0.0489236790606653,0.0244618395303326,0.5,0.0466417910447761,0.0023935263728309,0.0489236790606653,0.0045637760317784,0.0489236790606653,0.0489236790606653,0.0489236790606653,0.0799358432760656
8,infgain,standard,gaussian_noise,noImbl,XGBClassifier_SPW24,first,0.25,0.1,42,2026-05-30 19:51:40,20260530-182225,log/stroke_prediction_v4/8/infgain/standard__gaussian_noise__noImbl/XGBClassifier_SPW24,1780136562317_d342c02e17801419004581320,0.8845401174168297,0.544787283777466,0.5788477366255145,0.5534870632840153,0.9185964873759066,0.8845401174168297,0.9003403768186231,0.8845401174168297,0.8845401174168297,0.8845401174168297,0.7761133137600162
8,infgain,standard,gaussian_noise,noImbl,XGBClassifier_SPW24,first,0.25,0.1,126,2026-05-30 19:51:42,20260530-182225,log/stroke_prediction_v4/8/infgain/standard__gaussian_noise__noImbl/XGBClassifier_SPW24,1780136562317_d342c02e17801419029970000,0.8708414872798435,0.5653005464480875,0.6475308641975308,0.5810226595110317,0.9273940521638704,0.8708414872798435,0.8953908468084958,0.8708414872798435,0.8708414872798435,0.8708414872798435,0.7838211671408152
8,infgain,standard,gaussian_noise,noImbl,XGBClassifier_SPW24,first,0.25,0.1,5012,2026-05-30 19:51:45,20260530-182225,log/stroke_prediction_v4/8/infgain/standard__gaussian_noise__noImbl/XGBClassifier_SPW24,1780136562317_d342c02e17801419055985890,0.8669275929549902,0.5415797202256744,0.588559670781893,0.5491956408925791,0.919376620296744,0.8669275929549902,0.8906278784235151,0.8669275929549902,0.8669275929549902,0.8669275929549902,0.7676961662098412
8,infgain,standard,gaussian_noise,noImbl,XGBClassifier_SPW24,first,0.25,0.2,42,2026-05-30 19:52:34,20260530-182225,log/stroke_prediction_v4/8/infgain/standard__gaussian_noise__noImbl/XGBClassifier_SPW24,1780136562317_d342c02e17801419548190986,0.898238747553816,0.590219185619956,0.6619341563786008,0.6115204678362574,0.9307396126019932,0.898238747553816,0.9126073173802084,0.898238747553816,0.898238747553816,0.898238747553816,0.8062039622640512
8,infgain,standard,gaussian_noise,noImbl,XGBClassifier_SPW24,first,0.25,0.2,126,2026-05-30 19:52:37,20260530-182225,log/stroke_prediction_v4/8/infgain/standard__gaussian_noise__noImbl/XGBClassifier_SPW24,1780136562317_d342c02e17801419573874684,0.901174168297456,0.5695195779695826,0.6065637860082305,0.5821563746027891,0.9234380181111328,0.901174168297456,0.9115342086302056,0.901174168297456,0.901174168297456,0.901174168297456,0.7944753930128261
8,infgain,standard,gaussian_noise,noImbl,XGBClassifier_SPW24,first,0.25,0.2,5012,2026-05-30 19:52:39,20260530-182225,log/stroke_prediction_v4/8/infgain/standard__gaussian_noise__noImbl/XGBClassifier_SPW24,1780136562317_d342c02e17801419599424864,0.87279843444227,0.5527472527472528,0.6106172839506173,0.5642277062751734,0.9225306982645536,0.87279843444227,0.8950442311240838,0.87279843444227,0.87279843444227,0.87279843444227,0.7765996878830388
8,infgain,standard,gaussian_noise,noImbl,XGBClassifier_SPW24,last,0.25,0.1,42,2026-05-30 19:53:28,20260530-182225,log/stroke_prediction_v4/8/infgain/gaussian_noise__noImbl__standard/XGBClassifier_SPW24,1780136562317_d342c02e17801420088507896,0.8806262230919765,0.5419816414686824,0.57679012345679,0.5500526870389884,0.9181627309345584,0.8806262230919765,0.8979851074052613,0.8806262230919765,0.8806262230919765,0.8806262230919764,0.7731496079894309
8,infgain,standard,gaussian_noise,noImbl,XGBClassifier_SPW24,last,0.25,0.1,126,2026-05-30 19:53:31,20260530-182225,log/stroke_prediction_v4/8/infgain/gaussian_noise__noImbl__standard/XGBClassifier_SPW24,1780136562317_d342c02e17801420113870723,0.8845401174168297,0.5761812140367939,0.6547325102880659,0.5952991395626669,0.9289193144293412,0.8845401174168297,0.9039567571338916,0.8845401174168297,0.8845401174168297,0.8845401174168297,0.7946877353466357
8,infgain,standard,gaussian_noise,noImbl,XGBClassifier_SPW24,last,0.25,0.1,5012,2026-05-30 19:53:33,20260530-182225,log/stroke_prediction_v4/8/infgain/gaussian_noise__noImbl__standard/XGBClassifier_SPW24,1780136562317_d342c02e17801420139722689,0.8688845401174168,0.5172234273318872,0.5326748971193416,0.5179584653291095,0.9116656973905956,0.8688845401174169,0.8890064480754621,0.8688845401174168,0.8688845401174168,0.8688845401174168,0.7547549552418347
8,infgain,standard,gaussian_noise,noImbl,XGBClassifier_SPW24,last,0.25,0.2,42,2026-05-30 19:54:22,20260530-182225,log/stroke_prediction_v4/8/infgain/gaussian_noise__noImbl__standard/XGBClassifier_SPW24,1780136562317_d342c02e17801420622427929,0.8825831702544031,0.5674384114690615,0.6347325102880659,0.5836049543676661,0.9261587418395366,0.8825831702544031,0.9019166345611668,0.8825831702544031,0.8825831702544031,0.8825831702544031,0.7886944728007523
8,infgain,standard,gaussian_noise,noImbl,XGBClassifier_SPW24,last,0.25,0.2,126,2026-05-30 19:54:24,20260530-182225,log/stroke_prediction_v4/8/infgain/gaussian_noise__noImbl__standard/XGBClassifier_SPW24,1780136562317_d342c02e17801420648481273,0.8913894324853229,0.5503107539707451,0.5824485596707819,0.559816075897794,0.9194123286074124,0.8913894324853229,0.9044729358455974,0.8913894324853229,0.8913894324853229,0.8913894324853229,0.7814162889805317
8,infgain,standard,gaussian_noise,noImbl,XGBClassifier_SPW24,last,0.25,0.2,5012,2026-05-30 19:54:27,20260530-182225,log/stroke_prediction_v4/8/infgain/gaussian_noise__noImbl__standard/XGBClassifier_SPW24,1780136562317_d342c02e17801420672739952,0.8747553816046967,0.5577609890109889,0.6211316872427984,0.5709318954094017,0.924012655641814,0.8747553816046968,0.8966589352606368,0.8747553816046967,0.8747553816046967,0.8747553816046967,0.7803313104319444
8,infgain,standard,mixup,noImbl,BalancedRandomForest,first,0.25,0.1,42,2026-05-30 19:55:12,20260530-182225,log/stroke_prediction_v4/8/infgain/standard__mixup__noImbl/BalancedRandomForest,1780136562317_d342c02e17801421129779175,0.6027397260273972,0.5373391364248363,0.6962962962962963,0.4520092764280469,0.9393347605152436,0.6027397260273972,0.7112881468209593,0.6027397260273972,0.6027397260273972,0.6027397260273972,0.6328875232219473
8,infgain,standard,mixup,noImbl,BalancedRandomForest,first,0.25,0.1,126,2026-05-30 19:55:15,20260530-182225,log/stroke_prediction_v4/8/infgain/standard__mixup__noImbl/BalancedRandomForest,1780136562317_d342c02e17801421151189359,0.6183953033268101,0.5498509102322662,0.761440329218107,0.4705957358636921,0.949837811708023,0.6183953033268101,0.7229498121618307,0.6183953033268101,0.6183953033268101,0.6183953033268101,0.6525028586503919
8,infgain,standard,mixup,noImbl,BalancedRandomForest,first,0.25,0.1,5012,2026-05-30 19:55:17,20260530-182225,log/stroke_prediction_v4/8/infgain/standard__mixup__noImbl/BalancedRandomForest,1780136562317_d342c02e17801421173500328,0.6027397260273972,0.5373391364248363,0.6962962962962963,0.4520092764280469,0.9393347605152436,0.6027397260273972,0.7112881468209593,0.6027397260273972,0.6027397260273972,0.6027397260273972,0.6328875232219473
8,infgain,standard,mixup,noImbl,BalancedRandomForest,first,0.25,0.2,42,2026-05-30 19:55:58,20260530-182225,log/stroke_prediction_v4/8/infgain/standard__mixup__noImbl/BalancedRandomForest,1780136562317_d342c02e17801421583715591,0.6066536203522505,0.543093607305936,0.7268106995884773,0.4589373762063298,0.9444794431189628,0.6066536203522505,0.7139830262110842,0.6066536203522505,0.6066536203522505,0.6066536203522505,0.6400378835048498
8,infgain,standard,mixup,noImbl,BalancedRandomForest,first,0.25,0.2,126,2026-05-30 19:56:00,20260530-182225,log/stroke_prediction_v4/8/infgain/standard__mixup__noImbl/BalancedRandomForest,1780136562317_d342c02e17801421605063280,0.5978473581213307,0.5472576884429908,0.7506378600823045,0.4580963279376305,0.9493583388173816,0.5978473581213307,0.7063630906146472,0.5978473581213307,0.5978473581213307,0.5978473581213307,0.6385332447656415
8,infgain,standard,mixup,noImbl,BalancedRandomForest,first,0.25,0.2,5012,2026-05-30 19:56:02,20260530-182225,log/stroke_prediction_v4/8/infgain/standard__mixup__noImbl/BalancedRandomForest,1780136562317_d342c02e17801421626360111,0.6037181996086106,0.5444800523982736,0.7347530864197531,0.4586885644673396,0.9460798445154104,0.6037181996086106,0.7114623330878533,0.6037181996086106,0.6037181996086106,0.6037181996086106,0.6395412128100667
8,infgain,standard,mixup,noImbl,BalancedRandomForest,last,0.25,0.1,42,2026-05-30 19:56:43,20260530-182225,log/stroke_prediction_v4/8/infgain/mixup__noImbl__standard/BalancedRandomForest,1780136562317_d342c02e17801422038710511,0.6046966731898239,0.5375795479482115,0.6973251028806584,0.4531574486119941,0.9394106484207218,0.6046966731898239,0.7128584989108029,0.6046966731898239,0.6046966731898239,0.6046966731898239,0.6342125913293082
8,infgain,standard,mixup,noImbl,BalancedRandomForest,last,0.25,0.1,126,2026-05-30 19:56:46,20260530-182225,log/stroke_prediction_v4/8/infgain/mixup__noImbl__standard/BalancedRandomForest,1780136562317_d342c02e17801422060360536,0.6105675146771037,0.5488363011558888,0.7573251028806585,0.4658209229637801,0.9496544621880026,0.6105675146771037,0.7166787379255929,0.6105675146771037,0.6105675146771037,0.6105675146771037,0.6471835416267021
8,infgain,standard,mixup,noImbl,BalancedRandomForest,last,0.25,0.1,5012,2026-05-30 19:56:48,20260530-182225,log/stroke_prediction_v4/8/infgain/mixup__noImbl__standard/BalancedRandomForest,1780136562317_d342c02e17801422082864995,0.5909980430528375,0.5359320557491289,0.6901234567901235,0.4451337042867459,0.9388752326857908,0.5909980430528375,0.7017881324209758,0.5909980430528375,0.5909980430528375,0.5909980430528375,0.6249305672497975
8,infgain,standard,mixup,noImbl,BalancedRandomForest,last,0.25,0.2,42,2026-05-30 19:57:28,20260530-182225,log/stroke_prediction_v4/8/infgain/mixup__noImbl__standard/BalancedRandomForest,1780136562317_d342c02e17801422489779652,0.6135029354207436,0.5439618248986146,0.7304115226337449,0.4630375244578699,0.9446924742823832,0.6135029354207436,0.7194684096848006,0.6135029354207436,0.6135029354207436,0.6135029354207436,0.6446836464711723
8,infgain,standard,mixup,noImbl,BalancedRandomForest,last,0.25,0.2,126,2026-05-30 19:57:31,20260530-182225,log/stroke_prediction_v4/8/infgain/mixup__noImbl__standard/BalancedRandomForest,1780136562317_d342c02e17801422511428694,0.6027397260273972,0.5478549651567943,0.7532098765432099,0.4610628802402365,0.9494720248607292,0.6027397260273972,0.7103492386672637,0.6027397260273972,0.6027397260273972,0.6027397260273972,0.6418613949031572
8,infgain,standard,mixup,noImbl,BalancedRandomForest,last,0.25,0.2,5012,2026-05-30 19:57:33,20260530-182225,log/stroke_prediction_v4/8/infgain/mixup__noImbl__standard/BalancedRandomForest,1780136562317_d342c02e17801422532720972,0.6056751467710372,0.5447231101275851,0.7357818930041152,0.4598641614744735,0.9461358085937476,0.6056751467710372,0.7130425577897873,0.6056751467710372,0.6056751467710372,0.6056751467710372,0.6408701477705987
8,infgain,standard,mixup,noImbl,EasyEnsemble,first,0.25,0.1,42,2026-05-30 19:55:14,20260530-182225,log/stroke_prediction_v4/8/infgain/standard__mixup__noImbl/EasyEnsemble,1780136562317_d342c02e17801421140049003,0.1526418786692759,0.5272925764192139,0.5545267489711934,0.150090075555914,0.9537468274382792,0.1526418786692759,0.1921036911009075,0.1526418786692759,0.1526418786692759,0.1526418786692759,0.3159424317491022
8,infgain,standard,mixup,noImbl,EasyEnsemble,first,0.25,0.1,126,2026-05-30 19:55:16,20260530-182225,log/stroke_prediction_v4/8/infgain/standard__mixup__noImbl/EasyEnsemble,1780136562317_d342c02e17801421161519361,0.0939334637964774,0.5256147540983607,0.5236625514403292,0.0939195839412983,0.9535826569567868,0.0939334637964774,0.0907202773225042,0.0939334637964774,0.0939334637964774,0.0939334637964774,0.265555360957709
8,infgain,standard,mixup,noImbl,EasyEnsemble,first,0.25,0.1,5012,2026-05-30 19:55:18,20260530-182225,log/stroke_prediction_v4/8/infgain/standard__mixup__noImbl/EasyEnsemble,1780136562317_d342c02e17801421184002113,0.1839530332681017,0.5282805429864253,0.5709876543209876,0.1778575149024827,0.9538434973567932,0.1839530332681017,0.2417219232331725,0.1839530332681017,0.1839530332681017,0.1839530332681017,0.3418292984940095
8,infgain,standard,mixup,noImbl,EasyEnsemble,first,0.25,0.2,42,2026-05-30 19:55:59,20260530-182225,log/stroke_prediction_v4/8/infgain/standard__mixup__noImbl/EasyEnsemble,1780136562317_d342c02e17801421594006602,0.3649706457925636,0.5336121840856417,0.6566666666666666,0.3154029636923432,0.9515893300700988,0.3649706457925636,0.4815898833156274,0.3649706457925636,0.3649706457925636,0.3649706457925636,0.4797240034504616
8,infgain,standard,mixup,noImbl,EasyEnsemble,first,0.25,0.2,126,2026-05-30 19:56:01,20260530-182225,log/stroke_prediction_v4/8/infgain/standard__mixup__noImbl/EasyEnsemble,1780136562317_d342c02e17801421615378015,0.0489236790606653,0.0244618395303326,0.5,0.0466417910447761,0.0023935263728309,0.0489236790606653,0.0045637760317784,0.0489236790606653,0.0489236790606653,0.0489236790606653,0.0799358432760656
8,infgain,standard,mixup,noImbl,EasyEnsemble,first,0.25,0.2,5012,2026-05-30 19:56:03,20260530-182225,log/stroke_prediction_v4/8/infgain/standard__mixup__noImbl/EasyEnsemble,1780136562317_d342c02e17801421636669840,0.363013698630137,0.5313563624324026,0.6461522633744856,0.3132932655835369,0.948592749598233,0.363013698630137,0.4799923174706832,0.363013698630137,0.363013698630137,0.363013698630137,0.4768084544506998
8,infgain,standard,mixup,noImbl,EasyEnsemble,last,0.25,0.1,42,2026-05-30 19:56:44,20260530-182225,log/stroke_prediction_v4/8/infgain/mixup__noImbl__standard/EasyEnsemble,1780136562317_d342c02e17801422049251667,0.0802348336594911,0.5252525252525253,0.5164609053497942,0.0799494330370824,0.9535472138211863,0.0802348336594911,0.0653305789337006,0.0802348336594911,0.0802348336594911,0.0802348336594911,0.2534119997017644
8,infgain,standard,mixup,noImbl,EasyEnsemble,last,0.25,0.1,126,2026-05-30 19:56:47,20260530-182225,log/stroke_prediction_v4/8/infgain/mixup__noImbl__standard/EasyEnsemble,1780136562317_d342c02e17801422071711253,0.1350293542074364,0.5267665952890792,0.5452674897119342,0.1338318760546096,0.953695361574274,0.1350293542074364,0.162886477552144,0.1350293542074364,0.1350293542074364,0.1350293542074364,0.3010924393815162
8,infgain,standard,mixup,noImbl,EasyEnsemble,last,0.25,0.1,5012,2026-05-30 19:56:49,20260530-182225,log/stroke_prediction_v4/8/infgain/mixup__noImbl__standard/EasyEnsemble,1780136562317_d342c02e17801422093135922,0.2935420743639921,0.5273129921259843,0.6096296296296295,0.2642261992605207,0.94664526095197,0.2935420743639921,0.3967224583066021,0.2935420743639921,0.2935420743639921,0.2935420743639921,0.4249179166514235
8,infgain,standard,mixup,noImbl,EasyEnsemble,last,0.25,0.2,42,2026-05-30 19:57:30,20260530-182225,log/stroke_prediction_v4/8/infgain/mixup__noImbl__standard/EasyEnsemble,1780136562317_d342c02e17801422500095112,0.3493150684931507,0.534965034965035,0.6579218106995884,0.3053907515573338,0.9544975572372832,0.3493150684931506,0.4629713749613147,0.3493150684931507,0.3493150684931507,0.3493150684931507,0.4697187866652481
8,infgain,standard,mixup,noImbl,EasyEnsemble,last,0.25,0.2,126,2026-05-30 19:57:32,20260530-182225,log/stroke_prediction_v4/8/infgain/mixup__noImbl__standard/EasyEnsemble,1780136562317_d342c02e17801422521702961,0.0958904109589041,0.5256673511293635,0.5246913580246914,0.0958869485294117,0.9535878034373154,0.095890410958904,0.0942907685334407,0.0958904109589041,0.0958904109589041,0.0958904109589041,0.2672774732021265
8,infgain,standard,mixup,noImbl,EasyEnsemble,last,0.25,0.2,5012,2026-05-30 19:57:34,20260530-182225,log/stroke_prediction_v4/8/infgain/mixup__noImbl__standard/EasyEnsemble,1780136562317_d342c02e17801422542821967,0.2984344422700587,0.5275937798873579,0.612201646090535,0.2678139454018423,0.9468098697348776,0.2984344422700586,0.4028957545525385,0.2984344422700587,0.2984344422700587,0.2984344422700587,0.4286407614724575
8,infgain,standard,mixup,noImbl,XGBClassifier_SPW24,first,0.25,0.1,42,2026-05-30 19:55:12,20260530-182225,log/stroke_prediction_v4/8/infgain/standard__mixup__noImbl/XGBClassifier_SPW24,1780136562317_d342c02e17801421122842338,0.8904109589041096,0.5745207173778601,0.6388477366255144,0.5920857566427187,0.9271245947231408,0.8904109589041096,0.9067949517056504,0.8904109589041096,0.8904109589041096,0.8904109589041096,0.7950457946865505
8,infgain,standard,mixup,noImbl,XGBClassifier_SPW24,first,0.25,0.1,126,2026-05-30 19:55:14,20260530-182225,log/stroke_prediction_v4/8/infgain/standard__mixup__noImbl/XGBClassifier_SPW24,1780136562317_d342c02e17801421144278185,0.8845401174168297,0.544787283777466,0.5788477366255145,0.5534870632840153,0.9185964873759066,0.8845401174168297,0.9003403768186231,0.8845401174168297,0.8845401174168297,0.8845401174168297,0.7761133137600162
8,infgain,standard,mixup,noImbl,XGBClassifier_SPW24,first,0.25,0.1,5012,2026-05-30 19:55:16,20260530-182225,log/stroke_prediction_v4/8/infgain/standard__mixup__noImbl/XGBClassifier_SPW24,1780136562317_d342c02e17801421166588139,0.8551859099804305,0.5031499202551833,0.5065020576131687,0.4982218683651804,0.9078596241537842,0.8551859099804305,0.8800325950116544,0.8551859099804305,0.8551859099804305,0.8551859099804305,0.7405636937009108
8,infgain,standard,mixup,noImbl,XGBClassifier_SPW24,first,0.25,0.2,42,2026-05-30 19:55:57,20260530-182225,log/stroke_prediction_v4/8/infgain/standard__mixup__noImbl/XGBClassifier_SPW24,1780136562317_d342c02e17801421576838148,0.8953033268101761,0.5795513733115732,0.6414197530864199,0.5977310432860143,0.9277849870983098,0.8953033268101762,0.9098603327163636,0.8953033268101761,0.8953033268101761,0.895303326810176,0.7991356484740573
8,infgain,standard,mixup,noImbl,XGBClassifier_SPW24,first,0.25,0.2,126,2026-05-30 19:55:59,20260530-182225,log/stroke_prediction_v4/8/infgain/standard__mixup__noImbl/XGBClassifier_SPW24,1780136562317_d342c02e17801421598241044,0.8913894324853229,0.5454982870780245,0.572962962962963,0.5536643807320498,0.9180586095844836,0.891389432485323,0.9039259079722272,0.8913894324853229,0.8913894324853229,0.8913894324853229,0.7788463022623177
8,infgain,standard,mixup,noImbl,XGBClassifier_SPW24,first,0.25,0.2,5012,2026-05-30 19:56:01,20260530-182225,log/stroke_prediction_v4/8/infgain/standard__mixup__noImbl/XGBClassifier_SPW24,1780136562317_d342c02e17801421619599346,0.8845401174168297,0.5534782217422607,0.5978189300411523,0.5648050579557429,0.9212361347687098,0.8845401174168296,0.901329857982138,0.8845401174168297,0.8845401174168297,0.8845401174168297,0.7809896130126261
8,infgain,standard,mixup,noImbl,XGBClassifier_SPW24,last,0.25,0.1,42,2026-05-30 19:56:43,20260530-182225,log/stroke_prediction_v4/8/infgain/mixup__noImbl__standard/XGBClassifier_SPW24,1780136562317_d342c02e17801422031724559,0.8923679060665362,0.5602735059373175,0.6019341563786008,0.5725930319205561,0.92220144555805,0.8923679060665362,0.9061138848194178,0.8923679060665362,0.8923679060665362,0.8923679060665362,0.7871941107250071
8,infgain,standard,mixup,noImbl,XGBClassifier_SPW24,last,0.25,0.1,126,2026-05-30 19:56:45,20260530-182225,log/stroke_prediction_v4/8/infgain/mixup__noImbl__standard/XGBClassifier_SPW24,1780136562317_d342c02e17801422053395290,0.8845401174168297,0.5534782217422607,0.5978189300411523,0.5648050579557429,0.9212361347687098,0.8845401174168296,0.901329857982138,0.8845401174168297,0.8845401174168297,0.8845401174168297,0.7809896130126261
8,infgain,standard,mixup,noImbl,XGBClassifier_SPW24,last,0.25,0.1,5012,2026-05-30 19:56:47,20260530-182225,log/stroke_prediction_v4/8/infgain/mixup__noImbl__standard/XGBClassifier_SPW24,1780136562317_d342c02e17801422075910187,0.8512720156555773,0.5336667816488444,0.5803292181069959,0.5370052455889366,0.9179607787016104,0.8512720156555773,0.8811310911963508,0.8512720156555773,0.8512720156555773,0.8512720156555773,0.756424934625769
8,infgain,standard,mixup,noImbl,XGBClassifier_SPW24,last,0.25,0.2,42,2026-05-30 19:57:28,20260530-182225,log/stroke_prediction_v4/8/infgain/mixup__noImbl__standard/XGBClassifier_SPW24,1780136562317_d342c02e17801422483002990,0.8767123287671232,0.5627747252747253,0.6316460905349794,0.5776360845436297,0.9254946130190748,0.8767123287671231,0.8982736393971891,0.8767123287671232,0.8767123287671232,0.8767123287671232,0.7840629329808498
8,infgain,standard,mixup,noImbl,XGBClassifier_SPW24,last,0.25,0.2,126,2026-05-30 19:57:30,20260530-182225,log/stroke_prediction_v4/8/infgain/mixup__noImbl__standard/XGBClassifier_SPW24,1780136562317_d342c02e17801422504334513,0.9001956947162426,0.568391719745223,0.6060493827160494,0.5810465396672293,0.923291099006569,0.9001956947162426,0.9109294106932272,0.9001956947162426,0.9001956947162426,0.9001956947162426,0.7936478905873495
8,infgain,standard,mixup,noImbl,XGBClassifier_SPW24,last,0.25,0.2,5012,2026-05-30 19:57:32,20260530-182225,log/stroke_prediction_v4/8/infgain/mixup__noImbl__standard/XGBClassifier_SPW24,1780136562317_d342c02e17801422526057921,0.8718199608610567,0.5405290843164292,0.5816460905349794,0.5480913660006953,0.9185614954230464,0.8718199608610566,0.8931523653778667,0.8718199608610567,0.8718199608610567,0.8718199608610567,0.7689882110786522
8,infgain,standard,noAug,noImbl,BalancedRandomForest,first,0.25,0.1,42,2026-05-30 19:58:12,20260530-182225,log/stroke_prediction_v4/8/infgain/standard__noAug__noImbl/BalancedRandomForest,1780136562317_d342c02e17801422921180603,0.5929549902152642,0.5361624937717987,0.6911522633744855,0.4462782362257231,0.9389523531631462,0.5929549902152642,0.7033808354241202,0.5929549902152642,0.5929549902152642,0.5929549902152642,0.6262575678645251
8,infgain,standard,noAug,noImbl,BalancedRandomForest,first,0.25,0.1,126,2026-05-30 19:58:14,20260530-182225,log/stroke_prediction_v4/8/infgain/standard__noAug__noImbl/BalancedRandomForest,1780136562317_d342c02e17801422940560034,0.6007827788649707,0.5476146076146076,0.7521810699588478,0.4598756476683937,0.9494265247689904,0.6007827788649707,0.7087575920424242,0.6007827788649707,0.6007827788649707,0.6007827788649707,0.6405303177368553
8,infgain,standard,noAug,noImbl,BalancedRandomForest,first,0.25,0.1,5012,2026-05-30 19:58:16,20260530-182225,log/stroke_prediction_v4/8/infgain/standard__noAug__noImbl/BalancedRandomForest,1780136562317_d342c02e17801422960786308,0.5870841487279843,0.5354758577860581,0.6880658436213992,0.4428459960417732,0.9387203005695838,0.5870841487279843,0.6985913359969398,0.5870841487279843,0.5870841487279843,0.5870841487279843,0.6222754594947045
8,infgain,standard,noAug,noImbl,BalancedRandomForest,first,0.25,0.2,42,2026-05-30 19:58:52,20260530-182225,log/stroke_prediction_v4/8/infgain/standard__noAug__noImbl/BalancedRandomForest,1780136562317_d342c02e17801423323492719,0.5939334637964775,0.5415422431568687,0.7201234567901235,0.4513500542660628,0.944081455071196,0.5939334637964775,0.7036761647978138,0.5939334637964775,0.5939334637964775,0.5939334637964775,0.6314020338799912
8,infgain,standard,noAug,noImbl,BalancedRandomForest,first,0.25,0.2,126,2026-05-30 19:58:54,20260530-182225,log/stroke_prediction_v4/8/infgain/standard__noAug__noImbl/BalancedRandomForest,1780136562317_d342c02e17801423342414878,0.5909980430528375,0.54644128113879,0.747037037037037,0.4539509676099905,0.949199462361847,0.5909980430528375,0.7007427714348049,0.5909980430528375,0.5909980430528375,0.5909980430528375,0.6338710561316216
8,infgain,standard,noAug,noImbl,BalancedRandomForest,first,0.25,0.2,5012,2026-05-30 19:58:56,20260530-182225,log/stroke_prediction_v4/8/infgain/standard__noAug__noImbl/BalancedRandomForest,1780136562317_d342c02e17801423362054304,0.5909980430528375,0.5429452606781973,0.7280658436213991,0.4510657545089613,0.94571494567291,0.5909980430528375,0.7010998049691431,0.5909980430528375,0.5909980430528375,0.5909980430528375,0.6308966561401012
8,infgain,standard,noAug,noImbl,BalancedRandomForest,last,0.25,0.1,42,2026-05-30 19:59:33,20260530-182225,log/stroke_prediction_v4/8/infgain/noAug__noImbl__standard/BalancedRandomForest,1780136562317_d342c02e17801423731832403,0.5929549902152642,0.5361624937717987,0.6911522633744855,0.4462782362257231,0.9389523531631462,0.5929549902152642,0.7033808354241202,0.5929549902152642,0.5929549902152642,0.5929549902152642,0.6262575678645251
8,infgain,standard,noAug,noImbl,BalancedRandomForest,last,0.25,0.1,126,2026-05-30 19:59:35,20260530-182225,log/stroke_prediction_v4/8/infgain/noAug__noImbl__standard/BalancedRandomForest,1780136562317_d342c02e17801423750841780,0.6007827788649707,0.5476146076146076,0.7521810699588478,0.4598756476683937,0.9494265247689904,0.6007827788649707,0.7087575920424242,0.6007827788649707,0.6007827788649707,0.6007827788649707,0.6405303177368553
8,infgain,standard,noAug,noImbl,BalancedRandomForest,last,0.25,0.1,5012,2026-05-30 19:59:37,20260530-182225,log/stroke_prediction_v4/8/infgain/noAug__noImbl__standard/BalancedRandomForest,1780136562317_d342c02e17801423770014444,0.5870841487279843,0.5354758577860581,0.6880658436213992,0.4428459960417732,0.9387203005695838,0.5870841487279843,0.6985913359969398,0.5870841487279843,0.5870841487279843,0.5870841487279843,0.6222754594947045
8,infgain,standard,noAug,noImbl,BalancedRandomForest,last,0.25,0.2,42,2026-05-30 20:00:13,20260530-182225,log/stroke_prediction_v4/8/infgain/noAug__noImbl__standard/BalancedRandomForest,1780136562317_d342c02e17801424133453181,0.5939334637964775,0.5415422431568687,0.7201234567901235,0.4513500542660628,0.944081455071196,0.5939334637964775,0.7036761647978138,0.5939334637964775,0.5939334637964775,0.5939334637964775,0.6314020338799912
8,infgain,standard,noAug,noImbl,BalancedRandomForest,last,0.25,0.2,126,2026-05-30 20:00:15,20260530-182225,log/stroke_prediction_v4/8/infgain/noAug__noImbl__standard/BalancedRandomForest,1780136562317_d342c02e17801424152714021,0.5909980430528375,0.54644128113879,0.747037037037037,0.4539509676099905,0.949199462361847,0.5909980430528375,0.7007427714348049,0.5909980430528375,0.5909980430528375,0.5909980430528375,0.6338710561316216
8,infgain,standard,noAug,noImbl,BalancedRandomForest,last,0.25,0.2,5012,2026-05-30 20:00:17,20260530-182225,log/stroke_prediction_v4/8/infgain/noAug__noImbl__standard/BalancedRandomForest,1780136562317_d342c02e17801424171632878,0.5909980430528375,0.5429452606781973,0.7280658436213991,0.4510657545089613,0.94571494567291,0.5909980430528375,0.7010998049691431,0.5909980430528375,0.5909980430528375,0.5909980430528375,0.6308966561401012
8,infgain,standard,noAug,noImbl,EasyEnsemble,first,0.25,0.1,42,2026-05-30 19:58:13,20260530-182225,log/stroke_prediction_v4/8/infgain/standard__noAug__noImbl/EasyEnsemble,1780136562317_d342c02e17801422930580993,0.1232876712328767,0.5264270613107822,0.5390946502057613,0.122719887182317,0.9536621390715052,0.1232876712328766,0.1428543831290864,0.1232876712328767,0.1232876712328767,0.1232876712328767,0.291069594098666
8,infgain,standard,noAug,noImbl,EasyEnsemble,first,0.25,0.1,126,2026-05-30 19:58:14,20260530-182225,log/stroke_prediction_v4/8/infgain/standard__noAug__noImbl/EasyEnsemble,1780136562317_d342c02e17801422949727001,0.0998043052837573,0.5257731958762887,0.5267489711934156,0.0998008578431372,0.953598160066173,0.0998043052837572,0.1013901279689958,0.0998043052837573,0.0998043052837573,0.0998043052837573,0.2707124026989105
8,infgain,standard,noAug,noImbl,EasyEnsemble,first,0.25,0.1,5012,2026-05-30 19:58:16,20260530-182225,log/stroke_prediction_v4/8/infgain/standard__noAug__noImbl/EasyEnsemble,1780136562317_d342c02e17801422969869650,0.2074363992172211,0.5220132867920279,0.5643621399176955,0.1970926104819655,0.9423609539572044,0.207436399217221,0.2793078968087382,0.2074363992172211,0.2074363992172211,0.2074363992172211,0.3573082738471867
8,infgain,standard,noAug,noImbl,EasyEnsemble,first,0.25,0.2,42,2026-05-30 19:58:53,20260530-182225,log/stroke_prediction_v4/8/infgain/standard__noAug__noImbl/EasyEnsemble,1780136562317_d342c02e17801423332701971,0.3649706457925636,0.5357653791130186,0.6661522633744856,0.3161765236531591,0.9545758687977514,0.3649706457925636,0.4809683940287301,0.3649706457925636,0.3649706457925636,0.3649706457925636,0.4812093470978343
8,infgain,standard,noAug,noImbl,EasyEnsemble,first,0.25,0.2,126,2026-05-30 19:58:55,20260530-182225,log/stroke_prediction_v4/8/infgain/standard__noAug__noImbl/EasyEnsemble,1780136562317_d342c02e17801423352530580,0.0831702544031311,0.5253292806484295,0.5180041152263375,0.082972710793012,0.9535547241338972,0.0831702544031311,0.0708303635576951,0.0831702544031311,0.0831702544031311,0.0831702544031311,0.2560273749147249
8,infgain,standard,noAug,noImbl,EasyEnsemble,first,0.25,0.2,5012,2026-05-30 19:58:57,20260530-182225,log/stroke_prediction_v4/8/infgain/standard__noAug__noImbl/EasyEnsemble,1780136562317_d342c02e17801423371580496,0.3590998043052837,0.5311215397673995,0.6440946502057613,0.3106278506719064,0.948500592651796,0.3590998043052837,0.4755398110039135,0.3590998043052837,0.3590998043052837,0.3590998043052837,0.473936749235982
8,infgain,standard,noAug,noImbl,EasyEnsemble,last,0.25,0.1,42,2026-05-30 19:59:34,20260530-182225,log/stroke_prediction_v4/8/infgain/noAug__noImbl__standard/EasyEnsemble,1780136562317_d342c02e17801423741032499,0.1232876712328767,0.5264270613107822,0.5390946502057613,0.122719887182317,0.9536621390715052,0.1232876712328766,0.1428543831290864,0.1232876712328767,0.1232876712328767,0.1232876712328767,0.291069594098666
8,infgain,standard,noAug,noImbl,EasyEnsemble,last,0.25,0.1,126,2026-05-30 19:59:36,20260530-182225,log/stroke_prediction_v4/8/infgain/noAug__noImbl__standard/EasyEnsemble,1780136562317_d342c02e17801423760174016,0.0998043052837573,0.5257731958762887,0.5267489711934156,0.0998008578431372,0.953598160066173,0.0998043052837572,0.1013901279689958,0.0998043052837573,0.0998043052837573,0.0998043052837573,0.2707124026989105
8,infgain,standard,noAug,noImbl,EasyEnsemble,last,0.25,0.1,5012,2026-05-30 19:59:37,20260530-182225,log/stroke_prediction_v4/8/infgain/noAug__noImbl__standard/EasyEnsemble,1780136562317_d342c02e17801423779225786,0.2074363992172211,0.5220132867920279,0.5643621399176955,0.1970926104819655,0.9423609539572044,0.207436399217221,0.2793078968087382,0.2074363992172211,0.2074363992172211,0.2074363992172211,0.3573082738471867
8,infgain,standard,noAug,noImbl,EasyEnsemble,last,0.25,0.2,42,2026-05-30 20:00:14,20260530-182225,log/stroke_prediction_v4/8/infgain/noAug__noImbl__standard/EasyEnsemble,1780136562317_d342c02e17801424142965841,0.3649706457925636,0.5357653791130186,0.6661522633744856,0.3161765236531591,0.9545758687977514,0.3649706457925636,0.4809683940287301,0.3649706457925636,0.3649706457925636,0.3649706457925636,0.4812093470978343
8,infgain,standard,noAug,noImbl,EasyEnsemble,last,0.25,0.2,126,2026-05-30 20:00:16,20260530-182225,log/stroke_prediction_v4/8/infgain/noAug__noImbl__standard/EasyEnsemble,1780136562317_d342c02e17801424162011567,0.0831702544031311,0.5253292806484295,0.5180041152263375,0.082972710793012,0.9535547241338972,0.0831702544031311,0.0708303635576951,0.0831702544031311,0.0831702544031311,0.0831702544031311,0.2560273749147249
8,infgain,standard,noAug,noImbl,EasyEnsemble,last,0.25,0.2,5012,2026-05-30 20:00:18,20260530-182225,log/stroke_prediction_v4/8/infgain/noAug__noImbl__standard/EasyEnsemble,1780136562317_d342c02e17801424180870169,0.3590998043052837,0.5311215397673995,0.6440946502057613,0.3106278506719064,0.948500592651796,0.3590998043052837,0.4755398110039135,0.3590998043052837,0.3590998043052837,0.3590998043052837,0.473936749235982
8,infgain,standard,noAug,noImbl,XGBClassifier_SPW24,first,0.25,0.1,42,2026-05-30 19:58:11,20260530-182225,log/stroke_prediction_v4/8/infgain/standard__noAug__noImbl/XGBClassifier_SPW24,1780136562317_d342c02e17801422915226348,0.9080234833659492,0.5782748538011696,0.610164609053498,0.5903004042919773,0.9245484716357104,0.9080234833659492,0.9157900475210906,0.9080234833659492,0.9080234833659492,0.9080234833659492,0.8004217545673774
8,infgain,standard,noAug,noImbl,XGBClassifier_SPW24,first,0.25,0.1,126,2026-05-30 19:58:13,20260530-182225,log/stroke_prediction_v4/8/infgain/standard__noAug__noImbl/XGBClassifier_SPW24,1780136562317_d342c02e17801422934483791,0.8904109589041096,0.5290362885701868,0.5439917695473252,0.5332724425887265,0.9137792978633472,0.8904109589041097,0.9015965052764036,0.8904109589041096,0.8904109589041096,0.8904109589041096,0.770075461339499
8,infgain,standard,noAug,noImbl,XGBClassifier_SPW24,first,0.25,0.1,5012,2026-05-30 19:58:15,20260530-182225,log/stroke_prediction_v4/8/infgain/standard__noAug__noImbl/XGBClassifier_SPW24,1780136562317_d342c02e17801422953701781,0.8688845401174168,0.5347678093848771,0.5706172839506173,0.5404244466220116,0.9169708189821494,0.8688845401174168,0.8909339445418769,0.8688845401174168,0.8688845401174168,0.8688845401174168,0.7644931659533141
8,infgain,standard,noAug,noImbl,XGBClassifier_SPW24,first,0.25,0.2,42,2026-05-30 19:58:51,20260530-182225,log/stroke_prediction_v4/8/infgain/standard__noAug__noImbl/XGBClassifier_SPW24,1780136562317_d342c02e17801423317607158,0.9021526418786692,0.5706757931334202,0.6070781893004116,0.5832789665970772,0.9235876344072304,0.9021526418786692,0.9121397368539316,0.9021526418786692,0.9021526418786692,0.9021526418786692,0.7953080239532251
8,infgain,standard,noAug,noImbl,XGBClassifier_SPW24,first,0.25,0.2,126,2026-05-30 19:58:53,20260530-182225,log/stroke_prediction_v4/8/infgain/standard__noAug__noImbl/XGBClassifier_SPW24,1780136562317_d342c02e17801423336572403,0.8962818003913894,0.5391863382369713,0.5565637860082304,0.5449764784946237,0.9158934504868268,0.8962818003913893,0.9056708067672496,0.8962818003913894,0.8962818003913894,0.8962818003913894,0.7772741704190396
8,infgain,standard,noAug,noImbl,XGBClassifier_SPW24,first,0.25,0.2,5012,2026-05-30 19:58:55,20260530-182225,log/stroke_prediction_v4/8/infgain/standard__noAug__noImbl/XGBClassifier_SPW24,1780136562317_d342c02e17801423356275135,0.8894324853228963,0.5697910281415436,0.6288477366255144,0.5858623892361372,0.9257202836019388,0.8894324853228963,0.9057385361984136,0.8894324853228963,0.8894324853228963,0.8894324853228963,0.7919490377812407
8,infgain,standard,noAug,noImbl,XGBClassifier_SPW24,last,0.25,0.1,42,2026-05-30 19:59:32,20260530-182225,log/stroke_prediction_v4/8/infgain/noAug__noImbl__standard/XGBClassifier_SPW24,1780136562317_d342c02e17801423725995961,0.9080234833659492,0.5782748538011696,0.610164609053498,0.5903004042919773,0.9245484716357104,0.9080234833659492,0.9157900475210906,0.9080234833659492,0.9080234833659492,0.9080234833659492,0.8004217545673774
8,infgain,standard,noAug,noImbl,XGBClassifier_SPW24,last,0.25,0.1,126,2026-05-30 19:59:34,20260530-182225,log/stroke_prediction_v4/8/infgain/noAug__noImbl__standard/XGBClassifier_SPW24,1780136562317_d342c02e17801423744820578,0.8904109589041096,0.5290362885701868,0.5439917695473252,0.5332724425887265,0.9137792978633472,0.8904109589041097,0.9015965052764036,0.8904109589041096,0.8904109589041096,0.8904109589041096,0.770075461339499
8,infgain,standard,noAug,noImbl,XGBClassifier_SPW24,last,0.25,0.1,5012,2026-05-30 19:59:36,20260530-182225,log/stroke_prediction_v4/8/infgain/noAug__noImbl__standard/XGBClassifier_SPW24,1780136562317_d342c02e17801423763911820,0.8688845401174168,0.5347678093848771,0.5706172839506173,0.5404244466220116,0.9169708189821494,0.8688845401174168,0.8909339445418769,0.8688845401174168,0.8688845401174168,0.8688845401174168,0.7644931659533141
8,infgain,standard,noAug,noImbl,XGBClassifier_SPW24,last,0.25,0.2,42,2026-05-30 20:00:12,20260530-182225,log/stroke_prediction_v4/8/infgain/noAug__noImbl__standard/XGBClassifier_SPW24,1780136562317_d342c02e17801424127636780,0.9021526418786692,0.5706757931334202,0.6070781893004116,0.5832789665970772,0.9235876344072304,0.9021526418786692,0.9121397368539316,0.9021526418786692,0.9021526418786692,0.9021526418786692,0.7953080239532251
8,infgain,standard,noAug,noImbl,XGBClassifier_SPW24,last,0.25,0.2,126,2026-05-30 20:00:14,20260530-182225,log/stroke_prediction_v4/8/infgain/noAug__noImbl__standard/XGBClassifier_SPW24,1780136562317_d342c02e17801424146960471,0.8962818003913894,0.5391863382369713,0.5565637860082304,0.5449764784946237,0.9158934504868268,0.8962818003913893,0.9056708067672496,0.8962818003913894,0.8962818003913894,0.8962818003913894,0.7772741704190396
8,infgain,standard,noAug,noImbl,XGBClassifier_SPW24,last,0.25,0.2,5012,2026-05-30 20:00:16,20260530-182225,log/stroke_prediction_v4/8/infgain/noAug__noImbl__standard/XGBClassifier_SPW24,1780136562317_d342c02e17801424165857898,0.8894324853228963,0.5697910281415436,0.6288477366255144,0.5858623892361372,0.9257202836019388,0.8894324853228963,0.9057385361984136,0.8894324853228963,0.8894324853228963,0.8894324853228963,0.7919490377812407
9,biMaxInfgain,minmax,gaussian_noise,noImbl,BalancedRandomForest,first,0.25,0.1,42,2026-05-30 20:01:00,20260530-182225,log/stroke_prediction_v4/9/biMaxInfgain/minmax__gaussian_noise__noImbl/BalancedRandomForest,1780136562317_d342c02e17801424601052666,0.6947162426614482,0.551126590987272,0.7446502057613169,0.5076098235904531,0.9428119721813264,0.6947162426614482,0.7814385829292744,0.6947162426614482,0.6947162426614482,0.6947162426614482,0.6951026349355298
9,biMaxInfgain,minmax,gaussian_noise,noImbl,BalancedRandomForest,first,0.25,0.1,126,2026-05-30 20:01:02,20260530-182225,log/stroke_prediction_v4/9/biMaxInfgain/minmax__gaussian_noise__noImbl/BalancedRandomForest,1780136562317_d342c02e17801424627295847,0.6575342465753424,0.5484179075235109,0.7440740740740741,0.488078541374474,0.9445016264439386,0.6575342465753424,0.7537896981690331,0.6575342465753424,0.6575342465753424,0.6575342465753424,0.6729932953658152
9,biMaxInfgain,minmax,gaussian_noise,noImbl,BalancedRandomForest,first,0.25,0.1,5012,2026-05-30 20:01:05,20260530-182225,log/stroke_prediction_v4/9/biMaxInfgain/minmax__gaussian_noise__noImbl/BalancedRandomForest,1780136562317_d342c02e17801424653006371,0.6438356164383562,0.5392242778318727,0.6989300411522634,0.4728973021990478,0.9377848323574004,0.6438356164383562,0.7436964872998078,0.6438356164383562,0.6438356164383562,0.6438356164383562,0.6576172301343243
9,biMaxInfgain,minmax,gaussian_noise,noImbl,BalancedRandomForest,first,0.25,0.2,42,2026-05-30 20:01:54,20260530-182225,log/stroke_prediction_v4/9/biMaxInfgain/minmax__gaussian_noise__noImbl/BalancedRandomForest,1780136562317_d342c02e17801425148875600,0.675146771037182,0.5476728612087727,0.7343621399176955,0.4953716923662669,0.9420720050402938,0.675146771037182,0.7670973030786992,0.675146771037182,0.675146771037182,0.675146771037182,0.6818397583482938
9,biMaxInfgain,minmax,gaussian_noise,noImbl,BalancedRandomForest,first,0.25,0.2,126,2026-05-30 20:01:57,20260530-182225,log/stroke_prediction_v4/9/biMaxInfgain/minmax__gaussian_noise__noImbl/BalancedRandomForest,1780136562317_d342c02e17801425175377650,0.6438356164383562,0.5498876584817846,0.7558436213991769,0.4830235247031618,0.9472271870871009,0.6438356164383562,0.7431441362467568,0.6438356164383562,0.6438356164383562,0.6438356164383562,0.6667552424146364
9,biMaxInfgain,minmax,gaussian_noise,noImbl,BalancedRandomForest,first,0.25,0.2,5012,2026-05-30 20:02:00,20260530-182225,log/stroke_prediction_v4/9/biMaxInfgain/minmax__gaussian_noise__noImbl/BalancedRandomForest,1780136562317_d342c02e17801425201049171,0.6771037181996086,0.5498116524359619,0.7448765432098765,0.4984116219303255,0.943648178053688,0.6771037181996086,0.7685003313734059,0.6771037181996086,0.6771037181996086,0.6771037181996086,0.6847119176453556
9,biMaxInfgain,minmax,gaussian_noise,noImbl,BalancedRandomForest,last,0.25,0.1,42,2026-05-30 20:02:50,20260530-182225,log/stroke_prediction_v4/9/biMaxInfgain/gaussian_noise__noImbl__minmax/BalancedRandomForest,1780136562317_d342c02e17801425700189231,0.6692759295499021,0.5430792611643676,0.7123045267489712,0.4881064580184345,0.9388388810673026,0.6692759295499021,0.7628404263605615,0.6692759295499021,0.6692759295499021,0.6692759295499021,0.6747746713748741
9,biMaxInfgain,minmax,gaussian_noise,noImbl,BalancedRandomForest,last,0.25,0.1,126,2026-05-30 20:02:52,20260530-182225,log/stroke_prediction_v4/9/biMaxInfgain/gaussian_noise__noImbl__minmax/BalancedRandomForest,1780136562317_d342c02e17801425726725413,0.649706457925636,0.5472222222222222,0.7399588477366255,0.4832872935979346,0.9442409840648588,0.649706457925636,0.747836378960246,0.649706457925636,0.649706457925636,0.649706457925636,0.667693339456352
9,biMaxInfgain,minmax,gaussian_noise,noImbl,BalancedRandomForest,last,0.25,0.1,5012,2026-05-30 20:02:55,20260530-182225,log/stroke_prediction_v4/9/biMaxInfgain/gaussian_noise__noImbl__minmax/BalancedRandomForest,1780136562317_d342c02e17801425753027370,0.6438356164383562,0.5320026178010471,0.6609876543209876,0.4658004778972521,0.931653876497167,0.6438356164383562,0.74401810117674,0.6438356164383562,0.6438356164383562,0.6438356164383562,0.6514714482983613
9,biMaxInfgain,minmax,gaussian_noise,noImbl,BalancedRandomForest,last,0.25,0.2,42,2026-05-30 20:03:44,20260530-182225,log/stroke_prediction_v4/9/biMaxInfgain/gaussian_noise__noImbl__minmax/BalancedRandomForest,1780136562317_d342c02e17801426249459924,0.6692759295499021,0.5502977667493796,0.750246913580247,0.4953337112335716,0.94489440740435,0.6692759295499021,0.762624920046333,0.6692759295499021,0.6692759295499021,0.6692759295499021,0.6809480752853441
9,biMaxInfgain,minmax,gaussian_noise,noImbl,BalancedRandomForest,last,0.25,0.2,126,2026-05-30 20:03:47,20260530-182225,log/stroke_prediction_v4/9/biMaxInfgain/gaussian_noise__noImbl__minmax/BalancedRandomForest,1780136562317_d342c02e17801426275179727,0.6438356164383562,0.551647761863565,0.765329218106996,0.4846535339262461,0.9488309483960764,0.6438356164383562,0.7430441678631572,0.6438356164383562,0.6438356164383562,0.6438356164383562,0.6682696946804165
9,biMaxInfgain,minmax,gaussian_noise,noImbl,BalancedRandomForest,last,0.25,0.2,5012,2026-05-30 20:03:50,20260530-182225,log/stroke_prediction_v4/9/biMaxInfgain/gaussian_noise__noImbl__minmax/BalancedRandomForest,1780136562317_d342c02e17801426300784929,0.6682974559686888,0.5501369398992882,0.7497325102880659,0.4947256968599192,0.9448615624209816,0.6682974559686888,0.7618929120490437,0.6682974559686888,0.6682974559686888,0.6682974559686888,0.6802848749846534
9,biMaxInfgain,minmax,gaussian_noise,noImbl,EasyEnsemble,first,0.25,0.1,42,2026-05-30 20:01:01,20260530-182225,log/stroke_prediction_v4/9/biMaxInfgain/minmax__gaussian_noise__noImbl/EasyEnsemble,1780136562317_d342c02e17801424613962884,0.0489236790606653,0.0244618395303326,0.5,0.0466417910447761,0.0023935263728309,0.0489236790606653,0.0045637760317784,0.0489236790606653,0.0489236790606653,0.0489236790606653,0.0799358432760656
9,biMaxInfgain,minmax,gaussian_noise,noImbl,EasyEnsemble,first,0.25,0.1,126,2026-05-30 20:01:04,20260530-182225,log/stroke_prediction_v4/9/biMaxInfgain/minmax__gaussian_noise__noImbl/EasyEnsemble,1780136562317_d342c02e17801424640129226,0.0489236790606653,0.0244618395303326,0.5,0.0466417910447761,0.0023935263728309,0.0489236790606653,0.0045637760317784,0.0489236790606653,0.0489236790606653,0.0489236790606653,0.0799358432760656
9,biMaxInfgain,minmax,gaussian_noise,noImbl,EasyEnsemble,first,0.25,0.1,5012,2026-05-30 20:01:06,20260530-182225,log/stroke_prediction_v4/9/biMaxInfgain/minmax__gaussian_noise__noImbl/EasyEnsemble,1780136562317_d342c02e17801424665833974,0.0489236790606653,0.0244618395303326,0.5,0.0466417910447761,0.0023935263728309,0.0489236790606653,0.0045637760317784,0.0489236790606653,0.0489236790606653,0.0489236790606653,0.0799358432760656
9,biMaxInfgain,minmax,gaussian_noise,noImbl,EasyEnsemble,first,0.25,0.2,42,2026-05-30 20:01:56,20260530-182225,log/stroke_prediction_v4/9/biMaxInfgain/minmax__gaussian_noise__noImbl/EasyEnsemble,1780136562317_d342c02e17801425161977702,0.0489236790606653,0.0244618395303326,0.5,0.0466417910447761,0.0023935263728309,0.0489236790606653,0.0045637760317784,0.0489236790606653,0.0489236790606653,0.0489236790606653,0.0799358432760656
9,biMaxInfgain,minmax,gaussian_noise,noImbl,EasyEnsemble,first,0.25,0.2,126,2026-05-30 20:01:58,20260530-182225,log/stroke_prediction_v4/9/biMaxInfgain/minmax__gaussian_noise__noImbl/EasyEnsemble,1780136562317_d342c02e17801425188051735,0.0489236790606653,0.0244618395303326,0.5,0.0466417910447761,0.0023935263728309,0.0489236790606653,0.0045637760317784,0.0489236790606653,0.0489236790606653,0.0489236790606653,0.0799358432760656
9,biMaxInfgain,minmax,gaussian_noise,noImbl,EasyEnsemble,first,0.25,0.2,5012,2026-05-30 20:02:01,20260530-182225,log/stroke_prediction_v4/9/biMaxInfgain/minmax__gaussian_noise__noImbl/EasyEnsemble,1780136562317_d342c02e17801425213987165,0.0489236790606653,0.0244618395303326,0.5,0.0466417910447761,0.0023935263728309,0.0489236790606653,0.0045637760317784,0.0489236790606653,0.0489236790606653,0.0489236790606653,0.0799358432760656
9,biMaxInfgain,minmax,gaussian_noise,noImbl,EasyEnsemble,last,0.25,0.1,42,2026-05-30 20:02:51,20260530-182225,log/stroke_prediction_v4/9/biMaxInfgain/gaussian_noise__noImbl__minmax/EasyEnsemble,1780136562317_d342c02e17801425713184441,0.0489236790606653,0.0244618395303326,0.5,0.0466417910447761,0.0023935263728309,0.0489236790606653,0.0045637760317784,0.0489236790606653,0.0489236790606653,0.0489236790606653,0.0799358432760656
9,biMaxInfgain,minmax,gaussian_noise,noImbl,EasyEnsemble,last,0.25,0.1,126,2026-05-30 20:02:53,20260530-182225,log/stroke_prediction_v4/9/biMaxInfgain/gaussian_noise__noImbl__minmax/EasyEnsemble,1780136562317_d342c02e17801425739889632,0.0489236790606653,0.0244618395303326,0.5,0.0466417910447761,0.0023935263728309,0.0489236790606653,0.0045637760317784,0.0489236790606653,0.0489236790606653,0.0489236790606653,0.0799358432760656
9,biMaxInfgain,minmax,gaussian_noise,noImbl,EasyEnsemble,last,0.25,0.1,5012,2026-05-30 20:02:56,20260530-182225,log/stroke_prediction_v4/9/biMaxInfgain/gaussian_noise__noImbl__minmax/EasyEnsemble,1780136562317_d342c02e17801425766329606,0.0489236790606653,0.0244618395303326,0.5,0.0466417910447761,0.0023935263728309,0.0489236790606653,0.0045637760317784,0.0489236790606653,0.0489236790606653,0.0489236790606653,0.0799358432760656
9,biMaxInfgain,minmax,gaussian_noise,noImbl,EasyEnsemble,last,0.25,0.2,42,2026-05-30 20:03:46,20260530-182225,log/stroke_prediction_v4/9/biMaxInfgain/gaussian_noise__noImbl__minmax/EasyEnsemble,1780136562317_d342c02e17801426262330944,0.0489236790606653,0.0244618395303326,0.5,0.0466417910447761,0.0023935263728309,0.0489236790606653,0.0045637760317784,0.0489236790606653,0.0489236790606653,0.0489236790606653,0.0799358432760656
9,biMaxInfgain,minmax,gaussian_noise,noImbl,EasyEnsemble,last,0.25,0.2,126,2026-05-30 20:03:48,20260530-182225,log/stroke_prediction_v4/9/biMaxInfgain/gaussian_noise__noImbl__minmax/EasyEnsemble,1780136562317_d342c02e17801426287840792,0.0489236790606653,0.0244618395303326,0.5,0.0466417910447761,0.0023935263728309,0.0489236790606653,0.0045637760317784,0.0489236790606653,0.0489236790606653,0.0489236790606653,0.0799358432760656
9,biMaxInfgain,minmax,gaussian_noise,noImbl,EasyEnsemble,last,0.25,0.2,5012,2026-05-30 20:03:51,20260530-182225,log/stroke_prediction_v4/9/biMaxInfgain/gaussian_noise__noImbl__minmax/EasyEnsemble,1780136562317_d342c02e17801426313602473,0.0489236790606653,0.0244618395303326,0.5,0.0466417910447761,0.0023935263728309,0.0489236790606653,0.0045637760317784,0.0489236790606653,0.0489236790606653,0.0489236790606653,0.0799358432760656
9,biMaxInfgain,minmax,gaussian_noise,noImbl,XGBClassifier_SPW24,first,0.25,0.1,42,2026-05-30 20:00:59,20260530-182225,log/stroke_prediction_v4/9/biMaxInfgain/minmax__gaussian_noise__noImbl/XGBClassifier_SPW24,1780136562317_d342c02e17801424592099239,0.9178082191780822,0.5837387322936043,0.5963374485596709,0.5894168962350781,0.9237079010656668,0.9178082191780822,0.9206825414795528,0.9178082191780822,0.9178082191780822,0.9178082191780822,0.8040166115203216
9,biMaxInfgain,minmax,gaussian_noise,noImbl,XGBClassifier_SPW24,first,0.25,0.1,126,2026-05-30 20:01:01,20260530-182225,log/stroke_prediction_v4/9/biMaxInfgain/minmax__gaussian_noise__noImbl/XGBClassifier_SPW24,1780136562317_d342c02e17801424617899878,0.913894324853229,0.552379859198041,0.5563374485596708,0.5542426645519429,0.9170585652528368,0.913894324853229,0.9154614344841714,0.913894324853229,0.913894324853229,0.913894324853229,0.7885909320977633
9,biMaxInfgain,minmax,gaussian_noise,noImbl,XGBClassifier_SPW24,first,0.25,0.1,5012,2026-05-30 20:01:04,20260530-182225,log/stroke_prediction_v4/9/biMaxInfgain/minmax__gaussian_noise__noImbl/XGBClassifier_SPW24,1780136562317_d342c02e17801424644017875,0.8884540117416829,0.5277070063694268,0.542962962962963,0.5317578972751387,0.913564012115622,0.888454011741683,0.9004505178336073,0.8884540117416829,0.8884540117416829,0.8884540117416829,0.768636265107786
9,biMaxInfgain,minmax,gaussian_noise,noImbl,XGBClassifier_SPW24,first,0.25,0.2,42,2026-05-30 20:01:54,20260530-182225,log/stroke_prediction_v4/9/biMaxInfgain/minmax__gaussian_noise__noImbl/XGBClassifier_SPW24,1780136562317_d342c02e17801425140082423,0.9148727984344422,0.5729711177992503,0.5853086419753086,0.5784368110376217,0.9216805752612492,0.914872798434442,0.9181892539509496,0.9148727984344422,0.9148727984344422,0.9148727984344422,0.7984390626256432
9,biMaxInfgain,minmax,gaussian_noise,noImbl,XGBClassifier_SPW24,first,0.25,0.2,126,2026-05-30 20:01:56,20260530-182225,log/stroke_prediction_v4/9/biMaxInfgain/minmax__gaussian_noise__noImbl/XGBClassifier_SPW24,1780136562317_d342c02e17801425166868829,0.9060665362035224,0.5657563025210084,0.590164609053498,0.575051975051975,0.921500106892072,0.9060665362035226,0.913406105186927,0.9060665362035224,0.9060665362035224,0.9060665362035226,0.7934374283639021
9,biMaxInfgain,minmax,gaussian_noise,noImbl,XGBClassifier_SPW24,first,0.25,0.2,5012,2026-05-30 20:01:59,20260530-182225,log/stroke_prediction_v4/9/biMaxInfgain/minmax__gaussian_noise__noImbl/XGBClassifier_SPW24,1780136562317_d342c02e17801425192357705,0.901174168297456,0.5437063734659429,0.5591358024691357,0.5493964858670741,0.916540430971209,0.901174168297456,0.9085759135534662,0.901174168297456,0.901174168297456,0.901174168297456,0.7811037879226921
9,biMaxInfgain,minmax,gaussian_noise,noImbl,XGBClassifier_SPW24,last,0.25,0.1,42,2026-05-30 20:02:49,20260530-182225,log/stroke_prediction_v4/9/biMaxInfgain/gaussian_noise__noImbl__minmax/XGBClassifier_SPW24,1780136562317_d342c02e17801425690745202,0.9001956947162426,0.568391719745223,0.6060493827160494,0.5810465396672293,0.923291099006569,0.9001956947162426,0.9109294106932272,0.9001956947162426,0.9001956947162426,0.9001956947162426,0.7936478905873495
9,biMaxInfgain,minmax,gaussian_noise,noImbl,XGBClassifier_SPW24,last,0.25,0.1,126,2026-05-30 20:02:51,20260530-182225,log/stroke_prediction_v4/9/biMaxInfgain/gaussian_noise__noImbl__minmax/XGBClassifier_SPW24,1780136562317_d342c02e17801425717183603,0.9217221135029354,0.5489795918367346,0.5414814814814815,0.5447255880256592,0.9153640321099084,0.9217221135029352,0.9184791326386146,0.9217221135029354,0.9217221135029354,0.9217221135029354,0.7887520640436275
9,biMaxInfgain,minmax,gaussian_noise,noImbl,XGBClassifier_SPW24,last,0.25,0.1,5012,2026-05-30 20:02:54,20260530-182225,log/stroke_prediction_v4/9/biMaxInfgain/gaussian_noise__noImbl__minmax/XGBClassifier_SPW24,1780136562317_d342c02e17801425743890756,0.9060665362035224,0.542641129032258,0.5522222222222222,0.5465838509316769,0.9157794646802602,0.9060665362035224,0.9108069672180964,0.9060665362035224,0.9060665362035224,0.9060665362035226,0.782099518797349
9,biMaxInfgain,minmax,gaussian_noise,noImbl,XGBClassifier_SPW24,last,0.25,0.2,42,2026-05-30 20:03:44,20260530-182225,log/stroke_prediction_v4/9/biMaxInfgain/gaussian_noise__noImbl__minmax/XGBClassifier_SPW24,1780136562317_d342c02e17801426240520998,0.9246575342465754,0.5790174002047083,0.5714814814814814,0.5749831222489266,0.9209489491173708,0.9246575342465752,0.9227714802444305,0.9246575342465754,0.9246575342465754,0.9246575342465754,0.8016709871529897
9,biMaxInfgain,minmax,gaussian_noise,noImbl,XGBClassifier_SPW24,last,0.25,0.2,126,2026-05-30 20:03:46,20260530-182225,log/stroke_prediction_v4/9/biMaxInfgain/gaussian_noise__noImbl__minmax/XGBClassifier_SPW24,1780136562317_d342c02e17801426266385779,0.8806262230919765,0.5621755788086018,0.6242181069958848,0.5766650369404607,0.9246589047706654,0.8806262230919765,0.9002819118038529,0.8806262230919765,0.8806262230919765,0.8806262230919764,0.7848977906059526
9,biMaxInfgain,minmax,gaussian_noise,noImbl,XGBClassifier_SPW24,last,0.25,0.2,5012,2026-05-30 20:03:49,20260530-182225,log/stroke_prediction_v4/9/biMaxInfgain/gaussian_noise__noImbl__minmax/XGBClassifier_SPW24,1780136562317_d342c02e17801426292014947,0.8874755381604696,0.5515574650912995,0.5898765432098766,0.5619831322696899,0.9202675405315076,0.8874755381604698,0.9026233118738886,0.8874755381604696,0.8874755381604696,0.8874755381604696,0.7808513367689929
9,biMaxInfgain,minmax,mixup,noImbl,BalancedRandomForest,first,0.25,0.1,42,2026-05-30 20:04:35,20260530-182225,log/stroke_prediction_v4/9/biMaxInfgain/minmax__mixup__noImbl/BalancedRandomForest,1780136562317_d342c02e17801426758904516,0.5968688845401174,0.5366281791231081,0.69320987654321,0.4485688542452435,0.939105935604866,0.5968688845401174,0.7065549446827413,0.5968688845401174,0.5968688845401174,0.5968688845401174,0.6289105227823629
9,biMaxInfgain,minmax,mixup,noImbl,BalancedRandomForest,first,0.25,0.1,126,2026-05-30 20:04:38,20260530-182225,log/stroke_prediction_v4/9/biMaxInfgain/minmax__mixup__noImbl/BalancedRandomForest,1780136562317_d342c02e17801426780768926,0.598825831702544,0.5473761838223877,0.7511522633744856,0.4586892378604905,0.949381059631744,0.598825831702544,0.7071621984804392,0.598825831702544,0.598825831702544,0.598825831702544,0.6391989988150186
9,biMaxInfgain,minmax,mixup,noImbl,BalancedRandomForest,first,0.25,0.1,5012,2026-05-30 20:04:40,20260530-182225,log/stroke_prediction_v4/9/biMaxInfgain/minmax__mixup__noImbl/BalancedRandomForest,1780136562317_d342c02e17801426802494842,0.5596868884540117,0.5324415744157441,0.6736625514403292,0.42685875227437,0.9376057605977234,0.5596868884540117,0.6757765196679262,0.5596868884540117,0.5596868884540117,0.5596868884540117,0.6036410348183288
9,biMaxInfgain,minmax,mixup,noImbl,BalancedRandomForest,first,0.25,0.2,42,2026-05-30 20:05:22,20260530-182225,log/stroke_prediction_v4/9/biMaxInfgain/minmax__mixup__noImbl/BalancedRandomForest,1780136562317_d342c02e17801427227606294,0.5998043052837574,0.5387399939895636,0.704238683127572,0.4518224368314136,0.9408921012270388,0.5998043052837574,0.7087702385509257,0.5998043052837574,0.5998043052837574,0.5998043052837574,0.6323977012552712
9,biMaxInfgain,minmax,mixup,noImbl,BalancedRandomForest,first,0.25,0.2,126,2026-05-30 20:05:25,20260530-182225,log/stroke_prediction_v4/9/biMaxInfgain/minmax__mixup__noImbl/BalancedRandomForest,1780136562317_d342c02e17801427250192061,0.5665362035225049,0.5436982856265238,0.7341769547325103,0.4391953574503137,0.9486321375514188,0.5665362035225049,0.6802800804042363,0.5665362035225049,0.5665362035225049,0.5665362035225049,0.6171865348782296
9,biMaxInfgain,minmax,mixup,noImbl,BalancedRandomForest,first,0.25,0.2,5012,2026-05-30 20:05:27,20260530-182225,log/stroke_prediction_v4/9/biMaxInfgain/minmax__mixup__noImbl/BalancedRandomForest,1780136562317_d342c02e17801427272411499,0.5733855185909981,0.5391872110939907,0.709320987654321,0.4391428902281228,0.9434287433022048,0.5733855185909981,0.6866862969292646,0.5733855185909981,0.5733855185909981,0.5733855185909981,0.6174222797150589
9,biMaxInfgain,minmax,mixup,noImbl,BalancedRandomForest,last,0.25,0.1,42,2026-05-30 20:06:09,20260530-182225,log/stroke_prediction_v4/9/biMaxInfgain/mixup__noImbl__minmax/BalancedRandomForest,1780136562317_d342c02e17801427697396611,0.5851272015655578,0.5317327117327117,0.6680658436213992,0.4386943005181347,0.9352550037481546,0.5851272015655578,0.6973363211421272,0.5851272015655578,0.5851272015655578,0.5851272015655578,0.6179608297854888
9,biMaxInfgain,minmax,mixup,noImbl,BalancedRandomForest,last,0.25,0.1,126,2026-05-30 20:06:11,20260530-182225,log/stroke_prediction_v4/9/biMaxInfgain/mixup__noImbl__minmax/BalancedRandomForest,1780136562317_d342c02e17801427719574892,0.598825831702544,0.5473761838223877,0.7511522633744856,0.4586892378604905,0.949381059631744,0.598825831702544,0.7071621984804392,0.598825831702544,0.598825831702544,0.598825831702544,0.6391989988150186
9,biMaxInfgain,minmax,mixup,noImbl,BalancedRandomForest,last,0.25,0.1,5012,2026-05-30 20:06:14,20260530-182225,log/stroke_prediction_v4/9/biMaxInfgain/mixup__noImbl__minmax/BalancedRandomForest,1780136562317_d342c02e17801427741942819,0.5616438356164384,0.529135483076165,0.6557201646090536,0.425150662916834,0.9341719836455176,0.5616438356164384,0.6778548902843745,0.5616438356164384,0.5616438356164384,0.5616438356164384,0.6020111303598301
9,biMaxInfgain,minmax,mixup,noImbl,BalancedRandomForest,last,0.25,0.2,42,2026-05-30 20:06:56,20260530-182225,log/stroke_prediction_v4/9/biMaxInfgain/mixup__noImbl__minmax/BalancedRandomForest,1780136562317_d342c02e17801428166692219,0.589041095890411,0.5392132530868027,0.7080658436213991,0.4469696969696969,0.9422068589194936,0.589041095890411,0.6998458162841724,0.589041095890411,0.589041095890411,0.589041095890411,0.6265873609070142
9,biMaxInfgain,minmax,mixup,noImbl,BalancedRandomForest,last,0.25,0.2,126,2026-05-30 20:06:58,20260530-182225,log/stroke_prediction_v4/9/biMaxInfgain/mixup__noImbl__minmax/BalancedRandomForest,1780136562317_d342c02e17801428189079750,0.5870841487279843,0.5459847361265604,0.7449794238683127,0.4515856666920983,0.9491087618554211,0.5870841487279843,0.6975100770013244,0.5870841487279843,0.5870841487279843,0.5870841487279843,0.6312053132302363
9,biMaxInfgain,minmax,mixup,noImbl,BalancedRandomForest,last,0.25,0.2,5012,2026-05-30 20:07:01,20260530-182225,log/stroke_prediction_v4/9/biMaxInfgain/mixup__noImbl__minmax/BalancedRandomForest,1780136562317_d342c02e17801428211895597,0.5821917808219178,0.5419258315476534,0.7234362139917696,0.4458031456564669,0.94546067101365,0.5821917808219178,0.6938313934326913,0.5821917808219178,0.5821917808219178,0.5821917808219178,0.6249041648474479
9,biMaxInfgain,minmax,mixup,noImbl,EasyEnsemble,first,0.25,0.1,42,2026-05-30 20:04:36,20260530-182225,log/stroke_prediction_v4/9/biMaxInfgain/minmax__mixup__noImbl/EasyEnsemble,1780136562317_d342c02e17801426769565419,0.1193737769080234,0.5263157894736842,0.537037037037037,0.1189655172413793,0.9536512514162118,0.1193737769080234,0.136075308725285,0.1193737769080234,0.1193737769080234,0.1193737769080234,0.2877060424509022
9,biMaxInfgain,minmax,mixup,noImbl,EasyEnsemble,first,0.25,0.1,126,2026-05-30 20:04:39,20260530-182225,log/stroke_prediction_v4/9/biMaxInfgain/minmax__mixup__noImbl/EasyEnsemble,1780136562317_d342c02e17801426791303928,0.0508806262230919,0.5245098039215687,0.5010288065843621,0.0487823600529658,0.953474540501132,0.0508806262230919,0.0084781640351274,0.0508806262230919,0.0508806262230919,0.0508806262230919,0.226842644203157
9,biMaxInfgain,minmax,mixup,noImbl,EasyEnsemble,first,0.25,0.1,5012,2026-05-30 20:04:41,20260530-182225,log/stroke_prediction_v4/9/biMaxInfgain/minmax__mixup__noImbl/EasyEnsemble,1780136562317_d342c02e17801426813064524,0.2309197651663405,0.523582995951417,0.5767078189300412,0.2162117859191868,0.943887511191044,0.2309197651663405,0.3130743349611554,0.2309197651663405,0.2309197651663405,0.2309197651663405,0.3761786568058377
9,biMaxInfgain,minmax,mixup,noImbl,EasyEnsemble,first,0.25,0.2,42,2026-05-30 20:05:23,20260530-182225,log/stroke_prediction_v4/9/biMaxInfgain/minmax__mixup__noImbl/EasyEnsemble,1780136562317_d342c02e17801427238473147,0.2544031311154598,0.5307881773399015,0.6080246913580246,0.235669614990519,0.954088862753415,0.2544031311154597,0.3436215016604907,0.2544031311154598,0.2544031311154598,0.2544031311154598,0.3979450930889693
9,biMaxInfgain,minmax,mixup,noImbl,EasyEnsemble,first,0.25,0.2,126,2026-05-30 20:05:26,20260530-182225,log/stroke_prediction_v4/9/biMaxInfgain/minmax__mixup__noImbl/EasyEnsemble,1780136562317_d342c02e17801427261047934,0.0538160469667318,0.5245821042281219,0.5025720164609053,0.0519780634058509,0.9534816148951196,0.0538160469667318,0.0143198224473573,0.0538160469667318,0.0538160469667318,0.0538160469667318,0.2295346752230886
9,biMaxInfgain,minmax,mixup,noImbl,EasyEnsemble,first,0.25,0.2,5012,2026-05-30 20:05:28,20260530-182225,log/stroke_prediction_v4/9/biMaxInfgain/minmax__mixup__noImbl/EasyEnsemble,1780136562317_d342c02e17801427283229178,0.3590998043052837,0.5311215397673995,0.6440946502057613,0.3106278506719064,0.948500592651796,0.3590998043052837,0.4755398110039135,0.3590998043052837,0.3590998043052837,0.3590998043052837,0.473936749235982
9,biMaxInfgain,minmax,mixup,noImbl,EasyEnsemble,last,0.25,0.1,42,2026-05-30 20:06:10,20260530-182225,log/stroke_prediction_v4/9/biMaxInfgain/mixup__noImbl__minmax/EasyEnsemble,1780136562317_d342c02e17801427708161305,0.0547945205479452,0.5246062992125984,0.5030864197530864,0.0530392845221514,0.9534839823104304,0.0547945205479451,0.0162591114362014,0.0547945205479452,0.0547945205479452,0.0547945205479452,0.2304302377405425
9,biMaxInfgain,minmax,mixup,noImbl,EasyEnsemble,last,0.25,0.1,126,2026-05-30 20:06:13,20260530-182225,log/stroke_prediction_v4/9/biMaxInfgain/mixup__noImbl__minmax/EasyEnsemble,1780136562317_d342c02e17801427730530999,0.1839530332681017,0.5282805429864253,0.5709876543209876,0.1778575149024827,0.9538434973567932,0.1839530332681017,0.2417219232331725,0.1839530332681017,0.1839530332681017,0.1839530332681017,0.3418292984940095
9,biMaxInfgain,minmax,mixup,noImbl,EasyEnsemble,last,0.25,0.1,5012,2026-05-30 20:06:15,20260530-182225,log/stroke_prediction_v4/9/biMaxInfgain/mixup__noImbl__minmax/EasyEnsemble,1780136562317_d342c02e17801427752661156,0.2465753424657534,0.5245573957738435,0.5849382716049383,0.2286021243976363,0.94472043372476,0.2465753424657533,0.3348284516976613,0.2465753424657534,0.2465753424657534,0.2465753424657534,0.3885663335109501
9,biMaxInfgain,minmax,mixup,noImbl,EasyEnsemble,last,0.25,0.2,42,2026-05-30 20:06:57,20260530-182225,log/stroke_prediction_v4/9/biMaxInfgain/mixup__noImbl__minmax/EasyEnsemble,1780136562317_d342c02e17801428177664952,0.1164383561643835,0.5262329485834207,0.5354938271604938,0.1161328694033173,0.953643145653955,0.1164383561643835,0.1309570164403161,0.1164383561643835,0.1164383561643835,0.1164383561643835,0.2851758174820853
9,biMaxInfgain,minmax,mixup,noImbl,EasyEnsemble,last,0.25,0.2,126,2026-05-30 20:07:00,20260530-182225,log/stroke_prediction_v4/9/biMaxInfgain/mixup__noImbl__minmax/EasyEnsemble,1780136562317_d342c02e17801428200154582,0.0557729941291585,0.5246305418719212,0.5036008230452674,0.0540985100250806,0.9534863543905988,0.0557729941291584,0.0181944555143885,0.0557729941291585,0.0557729941291585,0.0557729941291585,0.2313249144133624
9,biMaxInfgain,minmax,mixup,noImbl,EasyEnsemble,last,0.25,0.2,5012,2026-05-30 20:07:02,20260530-182225,log/stroke_prediction_v4/9/biMaxInfgain/mixup__noImbl__minmax/EasyEnsemble,1780136562317_d342c02e17801428222980831,0.3590998043052837,0.5311215397673995,0.6440946502057613,0.3106278506719064,0.948500592651796,0.3590998043052837,0.4755398110039135,0.3590998043052837,0.3590998043052837,0.3590998043052837,0.473936749235982
9,biMaxInfgain,minmax,mixup,noImbl,XGBClassifier_SPW24,first,0.25,0.1,42,2026-05-30 20:04:35,20260530-182225,log/stroke_prediction_v4/9/biMaxInfgain/minmax__mixup__noImbl/XGBClassifier_SPW24,1780136562317_d342c02e17801426751340839,0.9041095890410958,0.5633333333333332,0.5891358024691358,0.5728663789426996,0.921187214611872,0.9041095890410958,0.9122066452879456,0.9041095890410958,0.9041095890410958,0.9041095890410958,0.791770424292469
9,biMaxInfgain,minmax,mixup,noImbl,XGBClassifier_SPW24,first,0.25,0.1,126,2026-05-30 20:04:37,20260530-182225,log/stroke_prediction_v4/9/biMaxInfgain/minmax__mixup__noImbl/XGBClassifier_SPW24,1780136562317_d342c02e17801426773989063,0.9158512720156556,0.5399127310061602,0.538395061728395,0.5391278813683746,0.9142273474324614,0.9158512720156556,0.9150358534211808,0.9158512720156556,0.9158512720156556,0.9158512720156556,0.7837185830413971
9,biMaxInfgain,minmax,mixup,noImbl,XGBClassifier_SPW24,first,0.25,0.1,5012,2026-05-30 20:04:39,20260530-182225,log/stroke_prediction_v4/9/biMaxInfgain/minmax__mixup__noImbl/XGBClassifier_SPW24,1780136562317_d342c02e17801426795680414,0.9178082191780822,0.5426764076977905,0.5394238683127572,0.5409394250513346,0.9145812788642732,0.9178082191780822,0.9161802762228912,0.9178082191780822,0.9178082191780822,0.9178082191780822,0.7853593983498487
9,biMaxInfgain,minmax,mixup,noImbl,XGBClassifier_SPW24,first,0.25,0.2,42,2026-05-30 20:05:22,20260530-182225,log/stroke_prediction_v4/9/biMaxInfgain/minmax__mixup__noImbl/XGBClassifier_SPW24,1780136562317_d342c02e17801427220825493,0.9060665362035224,0.5657563025210084,0.590164609053498,0.575051975051975,0.921500106892072,0.9060665362035226,0.913406105186927,0.9060665362035224,0.9060665362035224,0.9060665362035226,0.7934374283639021
9,biMaxInfgain,minmax,mixup,noImbl,XGBClassifier_SPW24,first,0.25,0.2,126,2026-05-30 20:05:24,20260530-182225,log/stroke_prediction_v4/9/biMaxInfgain/minmax__mixup__noImbl/XGBClassifier_SPW24,1780136562317_d342c02e17801427243370762,0.9129158512720156,0.5856294444010315,0.6127366255144033,0.5965652291547465,0.92544708757113,0.9129158512720156,0.9188583491460418,0.9129158512720156,0.9129158512720156,0.9129158512720156,0.8048611930025809
9,biMaxInfgain,minmax,mixup,noImbl,XGBClassifier_SPW24,first,0.25,0.2,5012,2026-05-30 20:05:26,20260530-182225,log/stroke_prediction_v4/9/biMaxInfgain/minmax__mixup__noImbl/XGBClassifier_SPW24,1780136562317_d342c02e17801427265509869,0.8933463796477495,0.5420822314992549,0.5645061728395062,0.5490598498188515,0.9169266118151252,0.8933463796477495,0.904527017234578,0.8933463796477495,0.8933463796477495,0.8933463796477495,0.7777280835325028
9,biMaxInfgain,minmax,mixup,noImbl,XGBClassifier_SPW24,last,0.25,0.1,42,2026-05-30 20:06:09,20260530-182225,log/stroke_prediction_v4/9/biMaxInfgain/mixup__noImbl__minmax/XGBClassifier_SPW24,1780136562317_d342c02e17801427690183928,0.9080234833659492,0.568319151559995,0.5911934156378601,0.5772920076737595,0.9218263681797352,0.9080234833659492,0.9146088446076076,0.9080234833659492,0.9080234833659492,0.9080234833659492,0.7951284147263437
9,biMaxInfgain,minmax,mixup,noImbl,XGBClassifier_SPW24,last,0.25,0.1,126,2026-05-30 20:06:11,20260530-182225,log/stroke_prediction_v4/9/biMaxInfgain/mixup__noImbl__minmax/XGBClassifier_SPW24,1780136562317_d342c02e17801427712538884,0.9256360078277888,0.5565896448438168,0.5435390946502058,0.5487544153188325,0.9162733094011338,0.9256360078277888,0.9207938460396652,0.9256360078277888,0.9256360078277888,0.9256360078277884,0.7923268472244055
9,biMaxInfgain,minmax,mixup,noImbl,XGBClassifier_SPW24,last,0.25,0.1,5012,2026-05-30 20:06:13,20260530-182225,log/stroke_prediction_v4/9/biMaxInfgain/mixup__noImbl__minmax/XGBClassifier_SPW24,1780136562317_d342c02e17801427734960745,0.9080234833659492,0.568319151559995,0.5911934156378601,0.5772920076737595,0.9218263681797352,0.9080234833659492,0.9146088446076076,0.9080234833659492,0.9080234833659492,0.9080234833659492,0.7951284147263437
9,biMaxInfgain,minmax,mixup,noImbl,XGBClassifier_SPW24,last,0.25,0.2,42,2026-05-30 20:06:55,20260530-182225,log/stroke_prediction_v4/9/biMaxInfgain/mixup__noImbl__minmax/XGBClassifier_SPW24,1780136562317_d342c02e17801428159595569,0.9070450097847358,0.5815205913410771,0.6191358024691358,0.5952475247524752,0.925710400750542,0.9070450097847358,0.9157350177287786,0.9070450097847358,0.9070450097847358,0.9070450097847358,0.8021020647421576
9,biMaxInfgain,minmax,mixup,noImbl,XGBClassifier_SPW24,last,0.25,0.2,126,2026-05-30 20:06:58,20260530-182225,log/stroke_prediction_v4/9/biMaxInfgain/mixup__noImbl__minmax/XGBClassifier_SPW24,1780136562317_d342c02e17801428182188661,0.9070450097847358,0.5670194808157306,0.590679012345679,0.576165011459129,0.9216614917992404,0.9070450097847358,0.9140070474017752,0.9070450097847358,0.9070450097847358,0.9070450097847358,0.7942798112390947
9,biMaxInfgain,minmax,mixup,noImbl,XGBClassifier_SPW24,last,0.25,0.2,5012,2026-05-30 20:07:00,20260530-182225,log/stroke_prediction_v4/9/biMaxInfgain/mixup__noImbl__minmax/XGBClassifier_SPW24,1780136562317_d342c02e17801428204630017,0.8962818003913894,0.5334502923976607,0.5470781893004115,0.5379983282441446,0.9144647005641958,0.8962818003913894,0.9050398408216556,0.8962818003913894,0.8962818003913894,0.8962818003913894,0.7744677637426525
9,biMaxInfgain,minmax,noAug,noImbl,BalancedRandomForest,first,0.25,0.1,42,2026-05-30 20:07:41,20260530-182225,log/stroke_prediction_v4/9/biMaxInfgain/minmax__noAug__noImbl/BalancedRandomForest,1780136562317_d342c02e17801428611031321,0.589041095890411,0.5321842301943198,0.6701234567901235,0.4409539884971242,0.935430616131212,0.589041095890411,0.7005287280724289,0.589041095890411,0.589041095890411,0.589041095890411,0.6206126761531627
9,biMaxInfgain,minmax,noAug,noImbl,BalancedRandomForest,first,0.25,0.1,126,2026-05-30 20:07:43,20260530-182225,log/stroke_prediction_v4/9/biMaxInfgain/minmax__noAug__noImbl/BalancedRandomForest,1780136562317_d342c02e17801428630481961,0.5792563600782779,0.5450924499229584,0.7408641975308643,0.4468611073350753,0.9489273879127608,0.5792563600782779,0.6909979533935409,0.5792563600782779,0.5792563600782779,0.5792563600782779,0.6258698066772617
9,biMaxInfgain,minmax,noAug,noImbl,BalancedRandomForest,first,0.25,0.1,5012,2026-05-30 20:07:45,20260530-182225,log/stroke_prediction_v4/9/biMaxInfgain/minmax__noAug__noImbl/BalancedRandomForest,1780136562317_d342c02e17801428650077827,0.5303326810176126,0.5294500612745098,0.6582304526748972,0.4097035040431266,0.936337762844864,0.5303326810176126,0.6504396537627716,0.5303326810176126,0.5303326810176126,0.5303326810176126,0.5835563737573568
9,biMaxInfgain,minmax,noAug,noImbl,BalancedRandomForest,first,0.25,0.2,42,2026-05-30 20:08:22,20260530-182225,log/stroke_prediction_v4/9/biMaxInfgain/minmax__noAug__noImbl/BalancedRandomForest,1780136562317_d342c02e17801429023722475,0.5821917808219178,0.538423020559042,0.7044650205761317,0.4429223744292237,0.941970990182757,0.5821917808219178,0.6942069002493096,0.5821917808219178,0.5821917808219178,0.5821917808219178,0.62193200666234
9,biMaxInfgain,minmax,noAug,noImbl,BalancedRandomForest,first,0.25,0.2,126,2026-05-30 20:08:24,20260530-182225,log/stroke_prediction_v4/9/biMaxInfgain/minmax__noAug__noImbl/BalancedRandomForest,1780136562317_d342c02e17801429043429800,0.5528375733855186,0.5422680925905348,0.7269753086419753,0.4309458973749779,0.9483123131311622,0.5528375733855186,0.6685444709092665,0.5528375733855186,0.5528375733855186,0.5528375733855186,0.6078141560332112
9,biMaxInfgain,minmax,noAug,noImbl,BalancedRandomForest,first,0.25,0.2,5012,2026-05-30 20:08:26,20260530-182225,log/stroke_prediction_v4/9/biMaxInfgain/minmax__noAug__noImbl/BalancedRandomForest,1780136562317_d342c02e17801429064021052,0.5743639921722113,0.5410471470326597,0.719320987654321,0.4411319915070466,0.9452330841203772,0.5743639921722113,0.6873041450406776,0.5743639921722113,0.5743639921722113,0.5743639921722113,0.6195711392317788
9,biMaxInfgain,minmax,noAug,noImbl,BalancedRandomForest,last,0.25,0.1,42,2026-05-30 20:09:03,20260530-182225,log/stroke_prediction_v4/9/biMaxInfgain/noAug__noImbl__minmax/BalancedRandomForest,1780136562317_d342c02e17801429437187246,0.589041095890411,0.5321842301943198,0.6701234567901235,0.4409539884971242,0.935430616131212,0.589041095890411,0.7005287280724289,0.589041095890411,0.589041095890411,0.589041095890411,0.6206126761531627
9,biMaxInfgain,minmax,noAug,noImbl,BalancedRandomForest,last,0.25,0.1,126,2026-05-30 20:09:05,20260530-182225,log/stroke_prediction_v4/9/biMaxInfgain/noAug__noImbl__minmax/BalancedRandomForest,1780136562317_d342c02e17801429456763438,0.5792563600782779,0.5450924499229584,0.7408641975308643,0.4468611073350753,0.9489273879127608,0.5792563600782779,0.6909979533935409,0.5792563600782779,0.5792563600782779,0.5792563600782779,0.6258698066772617
9,biMaxInfgain,minmax,noAug,noImbl,BalancedRandomForest,last,0.25,0.1,5012,2026-05-30 20:09:07,20260530-182225,log/stroke_prediction_v4/9/biMaxInfgain/noAug__noImbl__minmax/BalancedRandomForest,1780136562317_d342c02e17801429477447789,0.5303326810176126,0.5294500612745098,0.6582304526748972,0.4097035040431266,0.936337762844864,0.5303326810176126,0.6504396537627716,0.5303326810176126,0.5303326810176126,0.5303326810176126,0.5835563737573568
9,biMaxInfgain,minmax,noAug,noImbl,BalancedRandomForest,last,0.25,0.2,42,2026-05-30 20:09:45,20260530-182225,log/stroke_prediction_v4/9/biMaxInfgain/noAug__noImbl__minmax/BalancedRandomForest,1780136562317_d342c02e17801429852324249,0.5821917808219178,0.538423020559042,0.7044650205761317,0.4429223744292237,0.941970990182757,0.5821917808219178,0.6942069002493096,0.5821917808219178,0.5821917808219178,0.5821917808219178,0.62193200666234
9,biMaxInfgain,minmax,noAug,noImbl,BalancedRandomForest,last,0.25,0.2,126,2026-05-30 20:09:47,20260530-182225,log/stroke_prediction_v4/9/biMaxInfgain/noAug__noImbl__minmax/BalancedRandomForest,1780136562317_d342c02e17801429872379856,0.5528375733855186,0.5422680925905348,0.7269753086419753,0.4309458973749779,0.9483123131311622,0.5528375733855186,0.6685444709092665,0.5528375733855186,0.5528375733855186,0.5528375733855186,0.6078141560332112
9,biMaxInfgain,minmax,noAug,noImbl,BalancedRandomForest,last,0.25,0.2,5012,2026-05-30 20:09:49,20260530-182225,log/stroke_prediction_v4/9/biMaxInfgain/noAug__noImbl__minmax/BalancedRandomForest,1780136562317_d342c02e17801429892021218,0.5743639921722113,0.5410471470326597,0.719320987654321,0.4411319915070466,0.9452330841203772,0.5743639921722113,0.6873041450406776,0.5743639921722113,0.5743639921722113,0.5743639921722113,0.6195711392317788
9,biMaxInfgain,minmax,noAug,noImbl,EasyEnsemble,first,0.25,0.1,42,2026-05-30 20:07:42,20260530-182225,log/stroke_prediction_v4/9/biMaxInfgain/minmax__noAug__noImbl/EasyEnsemble,1780136562317_d342c02e17801428620606868,0.0782778864970645,0.5252016129032258,0.5154320987654321,0.0779247646741066,0.9535422321823116,0.0782778864970644,0.0616458486357474,0.0782778864970645,0.0782778864970645,0.0782778864970645,0.2516643409804008
9,biMaxInfgain,minmax,noAug,noImbl,EasyEnsemble,first,0.25,0.1,126,2026-05-30 20:07:44,20260530-182225,log/stroke_prediction_v4/9/biMaxInfgain/minmax__noAug__noImbl/EasyEnsemble,1780136562317_d342c02e17801428640045386,0.0587084148727984,0.5247035573122529,0.5051440329218106,0.0572642786733711,0.9534934987585374,0.0587084148727984,0.0239769392765722,0.0587084148727984,0.0587084148727984,0.0587084148727984,0.2340036575408709
9,biMaxInfgain,minmax,noAug,noImbl,EasyEnsemble,first,0.25,0.1,5012,2026-05-30 20:07:45,20260530-182225,log/stroke_prediction_v4/9/biMaxInfgain/minmax__noAug__noImbl/EasyEnsemble,1780136562317_d342c02e17801428659730817,0.1565557729941291,0.5176597882371127,0.5376131687242798,0.1532351391980683,0.9369770452321136,0.1565557729941291,0.2010730198225684,0.1565557729941291,0.1565557729941291,0.1565557729941291,0.3149935332700977
9,biMaxInfgain,minmax,noAug,noImbl,EasyEnsemble,first,0.25,0.2,42,2026-05-30 20:08:23,20260530-182225,log/stroke_prediction_v4/9/biMaxInfgain/minmax__noAug__noImbl/EasyEnsemble,1780136562317_d342c02e17801429033446930,0.2720156555772994,0.5314861460957179,0.6172839506172839,0.2492417061611374,0.9541571571522228,0.2720156555772994,0.3672056463954146,0.2720156555772994,0.2720156555772994,0.2720156555772994,0.4115660905009249
9,biMaxInfgain,minmax,noAug,noImbl,EasyEnsemble,first,0.25,0.2,126,2026-05-30 20:08:25,20260530-182225,log/stroke_prediction_v4/9/biMaxInfgain/minmax__noAug__noImbl/EasyEnsemble,1780136562317_d342c02e17801429053032389,0.0675146771037182,0.5249252243270189,0.5097736625514403,0.0666559337935052,0.953515188290315,0.0675146771037181,0.0411152456639464,0.0675146771037182,0.0675146771037182,0.0675146771037182,0.2419929552769824
9,biMaxInfgain,minmax,noAug,noImbl,EasyEnsemble,first,0.25,0.2,5012,2026-05-30 20:08:27,20260530-182225,log/stroke_prediction_v4/9/biMaxInfgain/minmax__noAug__noImbl/EasyEnsemble,1780136562317_d342c02e17801429073535919,0.3590998043052837,0.5311215397673995,0.6440946502057613,0.3106278506719064,0.948500592651796,0.3590998043052837,0.4755398110039135,0.3590998043052837,0.3590998043052837,0.3590998043052837,0.473936749235982
9,biMaxInfgain,minmax,noAug,noImbl,EasyEnsemble,last,0.25,0.1,42,2026-05-30 20:09:04,20260530-182225,log/stroke_prediction_v4/9/biMaxInfgain/noAug__noImbl__minmax/EasyEnsemble,1780136562317_d342c02e17801429446918052,0.0782778864970645,0.5252016129032258,0.5154320987654321,0.0779247646741066,0.9535422321823116,0.0782778864970644,0.0616458486357474,0.0782778864970645,0.0782778864970645,0.0782778864970645,0.2516643409804008
9,biMaxInfgain,minmax,noAug,noImbl,EasyEnsemble,last,0.25,0.1,126,2026-05-30 20:09:06,20260530-182225,log/stroke_prediction_v4/9/biMaxInfgain/noAug__noImbl__minmax/EasyEnsemble,1780136562317_d342c02e17801429466399789,0.0587084148727984,0.5247035573122529,0.5051440329218106,0.0572642786733711,0.9534934987585374,0.0587084148727984,0.0239769392765722,0.0587084148727984,0.0587084148727984,0.0587084148727984,0.2340036575408709
9,biMaxInfgain,minmax,noAug,noImbl,EasyEnsemble,last,0.25,0.1,5012,2026-05-30 20:09:08,20260530-182225,log/stroke_prediction_v4/9/biMaxInfgain/noAug__noImbl__minmax/EasyEnsemble,1780136562317_d342c02e17801429486790937,0.1565557729941291,0.5176597882371127,0.5376131687242798,0.1532351391980683,0.9369770452321136,0.1565557729941291,0.2010730198225684,0.1565557729941291,0.1565557729941291,0.1565557729941291,0.3149935332700977
9,biMaxInfgain,minmax,noAug,noImbl,EasyEnsemble,last,0.25,0.2,42,2026-05-30 20:09:46,20260530-182225,log/stroke_prediction_v4/9/biMaxInfgain/noAug__noImbl__minmax/EasyEnsemble,1780136562317_d342c02e17801429861820711,0.2720156555772994,0.5314861460957179,0.6172839506172839,0.2492417061611374,0.9541571571522228,0.2720156555772994,0.3672056463954146,0.2720156555772994,0.2720156555772994,0.2720156555772994,0.4115660905009249
9,biMaxInfgain,minmax,noAug,noImbl,EasyEnsemble,last,0.25,0.2,126,2026-05-30 20:09:48,20260530-182225,log/stroke_prediction_v4/9/biMaxInfgain/noAug__noImbl__minmax/EasyEnsemble,1780136562317_d342c02e17801429882040936,0.0675146771037182,0.5249252243270189,0.5097736625514403,0.0666559337935052,0.953515188290315,0.0675146771037181,0.0411152456639464,0.0675146771037182,0.0675146771037182,0.0675146771037182,0.2419929552769824
9,biMaxInfgain,minmax,noAug,noImbl,EasyEnsemble,last,0.25,0.2,5012,2026-05-30 20:09:50,20260530-182225,log/stroke_prediction_v4/9/biMaxInfgain/noAug__noImbl__minmax/EasyEnsemble,1780136562317_d342c02e17801429901782991,0.3590998043052837,0.5311215397673995,0.6440946502057613,0.3106278506719064,0.948500592651796,0.3590998043052837,0.4755398110039135,0.3590998043052837,0.3590998043052837,0.3590998043052837,0.473936749235982
9,biMaxInfgain,minmax,noAug,noImbl,XGBClassifier_SPW24,first,0.25,0.1,42,2026-05-30 20:07:40,20260530-182225,log/stroke_prediction_v4/9/biMaxInfgain/minmax__noAug__noImbl/XGBClassifier_SPW24,1780136562317_d342c02e17801428605094858,0.9099804305283756,0.5710346139216432,0.5922222222222222,0.5795893547002431,0.9221672464063708,0.9099804305283756,0.9158151515143028,0.9099804305283756,0.9099804305283756,0.9099804305283756,0.7968452563985557
9,biMaxInfgain,minmax,noAug,noImbl,XGBClassifier_SPW24,first,0.25,0.1,126,2026-05-30 20:07:42,20260530-182225,log/stroke_prediction_v4/9/biMaxInfgain/minmax__noAug__noImbl/XGBClassifier_SPW24,1780136562317_d342c02e17801428624504330,0.9178082191780822,0.5019255455712452,0.5014814814814814,0.5012548800892359,0.9072572845411224,0.917808219178082,0.9124563561491036,0.9178082191780822,0.9178082191780822,0.9178082191780822,0.7702464042663686
9,biMaxInfgain,minmax,noAug,noImbl,XGBClassifier_SPW24,first,0.25,0.1,5012,2026-05-30 20:07:44,20260530-182225,log/stroke_prediction_v4/9/biMaxInfgain/minmax__noAug__noImbl/XGBClassifier_SPW24,1780136562317_d342c02e17801428644076577,0.9119373776908024,0.5496894409937888,0.5553086419753086,0.5522518838717215,0.9167142735593344,0.9119373776908022,0.914293396209268,0.9119373776908024,0.9119373776908024,0.9119373776908022,0.7869279787413123
9,biMaxInfgain,minmax,noAug,noImbl,XGBClassifier_SPW24,first,0.25,0.2,42,2026-05-30 20:08:21,20260530-182225,log/stroke_prediction_v4/9/biMaxInfgain/minmax__noAug__noImbl/XGBClassifier_SPW24,1780136562317_d342c02e17801429017915400,0.9197651663405088,0.5817072237526782,0.5878806584362141,0.5846352101506741,0.9227240980042972,0.9197651663405088,0.9212254275875232,0.9197651663405088,0.9197651663405088,0.9197651663405088,0.803016360216252
9,biMaxInfgain,minmax,noAug,noImbl,XGBClassifier_SPW24,first,0.25,0.2,126,2026-05-30 20:08:23,20260530-182225,log/stroke_prediction_v4/9/biMaxInfgain/minmax__noAug__noImbl/XGBClassifier_SPW24,1780136562317_d342c02e17801429037474031,0.8992172211350293,0.5672911664764304,0.6055349794238682,0.5799491626197611,0.9231467739127422,0.8992172211350293,0.9103253129576708,0.8992172211350293,0.8992172211350293,0.8992172211350293,0.7928253517719304
9,biMaxInfgain,minmax,noAug,noImbl,XGBClassifier_SPW24,first,0.25,0.2,5012,2026-05-30 20:08:25,20260530-182225,log/stroke_prediction_v4/9/biMaxInfgain/minmax__noAug__noImbl/XGBClassifier_SPW24,1780136562317_d342c02e17801429057011039,0.8874755381604696,0.5423627758313357,0.5709053497942387,0.5501398994867163,0.9175915103448516,0.8874755381604696,0.9015788360485252,0.8874755381604696,0.8874755381604696,0.8874755381604696,0.7758339891915165
9,biMaxInfgain,minmax,noAug,noImbl,XGBClassifier_SPW24,last,0.25,0.1,42,2026-05-30 20:09:03,20260530-182225,log/stroke_prediction_v4/9/biMaxInfgain/noAug__noImbl__minmax/XGBClassifier_SPW24,1780136562317_d342c02e17801429431220706,0.9099804305283756,0.5710346139216432,0.5922222222222222,0.5795893547002431,0.9221672464063708,0.9099804305283756,0.9158151515143028,0.9099804305283756,0.9099804305283756,0.9099804305283756,0.7968452563985557
9,biMaxInfgain,minmax,noAug,noImbl,XGBClassifier_SPW24,last,0.25,0.1,126,2026-05-30 20:09:05,20260530-182225,log/stroke_prediction_v4/9/biMaxInfgain/noAug__noImbl__minmax/XGBClassifier_SPW24,1780136562317_d342c02e17801429450778051,0.9178082191780822,0.5019255455712452,0.5014814814814814,0.5012548800892359,0.9072572845411224,0.917808219178082,0.9124563561491036,0.9178082191780822,0.9178082191780822,0.9178082191780822,0.7702464042663686
9,biMaxInfgain,minmax,noAug,noImbl,XGBClassifier_SPW24,last,0.25,0.1,5012,2026-05-30 20:09:07,20260530-182225,log/stroke_prediction_v4/9/biMaxInfgain/noAug__noImbl__minmax/XGBClassifier_SPW24,1780136562317_d342c02e17801429470380921,0.9119373776908024,0.5496894409937888,0.5553086419753086,0.5522518838717215,0.9167142735593344,0.9119373776908022,0.914293396209268,0.9119373776908024,0.9119373776908024,0.9119373776908022,0.7869279787413123
9,biMaxInfgain,minmax,noAug,noImbl,XGBClassifier_SPW24,last,0.25,0.2,42,2026-05-30 20:09:44,20260530-182225,log/stroke_prediction_v4/9/biMaxInfgain/noAug__noImbl__minmax/XGBClassifier_SPW24,1780136562317_d342c02e17801429846457007,0.9197651663405088,0.5817072237526782,0.5878806584362141,0.5846352101506741,0.9227240980042972,0.9197651663405088,0.9212254275875232,0.9197651663405088,0.9197651663405088,0.9197651663405088,0.803016360216252
9,biMaxInfgain,minmax,noAug,noImbl,XGBClassifier_SPW24,last,0.25,0.2,126,2026-05-30 20:09:46,20260530-182225,log/stroke_prediction_v4/9/biMaxInfgain/noAug__noImbl__minmax/XGBClassifier_SPW24,1780136562317_d342c02e17801429865947654,0.8992172211350293,0.5672911664764304,0.6055349794238682,0.5799491626197611,0.9231467739127422,0.8992172211350293,0.9103253129576708,0.8992172211350293,0.8992172211350293,0.8992172211350293,0.7928253517719304
9,biMaxInfgain,minmax,noAug,noImbl,XGBClassifier_SPW24,last,0.25,0.2,5012,2026-05-30 20:09:48,20260530-182225,log/stroke_prediction_v4/9/biMaxInfgain/noAug__noImbl__minmax/XGBClassifier_SPW24,1780136562317_d342c02e17801429886068564,0.8874755381604696,0.5423627758313357,0.5709053497942387,0.5501398994867163,0.9175915103448516,0.8874755381604696,0.9015788360485252,0.8874755381604696,0.8874755381604696,0.8874755381604696,0.7758339891915165
9,biMaxInfgain,standard,gaussian_noise,noImbl,BalancedRandomForest,first,0.25,0.1,42,2026-05-30 20:10:33,20260530-182225,log/stroke_prediction_v4/9/biMaxInfgain/standard__gaussian_noise__noImbl/BalancedRandomForest,1780136562317_d342c02e17801430335987984,0.6653620352250489,0.5424561228560032,0.7102469135802469,0.4857430392485742,0.938677280912857,0.6653620352250489,0.7599296523120008,0.6653620352250489,0.6653620352250489,0.6653620352250489,0.6721337495590164
9,biMaxInfgain,standard,gaussian_noise,noImbl,BalancedRandomForest,first,0.25,0.1,126,2026-05-30 20:10:36,20260530-182225,log/stroke_prediction_v4/9/biMaxInfgain/standard__gaussian_noise__noImbl/BalancedRandomForest,1780136562317_d342c02e17801430362912014,0.6673189823874756,0.5570844240837696,0.7871604938271606,0.5010224244095212,0.9510234270140676,0.6673189823874756,0.7608960285716804,0.6673189823874756,0.6673189823874756,0.6673189823874756,0.6857421953946701
9,biMaxInfgain,standard,gaussian_noise,noImbl,BalancedRandomForest,first,0.25,0.1,5012,2026-05-30 20:10:39,20260530-182225,log/stroke_prediction_v4/9/biMaxInfgain/standard__gaussian_noise__noImbl/BalancedRandomForest,1780136562317_d342c02e17801430390770431,0.6418786692759295,0.5425178300577661,0.7168724279835391,0.4751679509701027,0.9408251942279688,0.6418786692759295,0.7420208715915825,0.6418786692759295,0.6418786692759295,0.6418786692759295,0.659351336321552
9,biMaxInfgain,standard,gaussian_noise,noImbl,BalancedRandomForest,first,0.25,0.2,42,2026-05-30 20:11:29,20260530-182225,log/stroke_prediction_v4/9/biMaxInfgain/standard__gaussian_noise__noImbl/BalancedRandomForest,1780136562317_d342c02e17801430894466931,0.6457925636007827,0.5484111261435382,0.7473868312757201,0.4825736215538847,0.9456929196638016,0.6457925636007827,0.7447476016361845,0.6457925636007827,0.6457925636007827,0.6457925636007827,0.6665642966271292
9,biMaxInfgain,standard,gaussian_noise,noImbl,BalancedRandomForest,first,0.25,0.2,126,2026-05-30 20:11:32,20260530-182225,log/stroke_prediction_v4/9/biMaxInfgain/standard__gaussian_noise__noImbl/BalancedRandomForest,1780136562317_d342c02e17801430920287431,0.6360078277886497,0.5522660818713451,0.7706995884773662,0.481416412047141,0.9502552042205972,0.6360078277886497,0.7368524072329314,0.6360078277886497,0.6360078277886497,0.6360078277886497,0.6644655414644014
9,biMaxInfgain,standard,gaussian_noise,noImbl,BalancedRandomForest,first,0.25,0.2,5012,2026-05-30 20:11:34,20260530-182225,log/stroke_prediction_v4/9/biMaxInfgain/standard__gaussian_noise__noImbl/BalancedRandomForest,1780136562317_d342c02e17801430946015061,0.6663405088062623,0.5516028211296855,0.7581893004115225,0.4952603992416639,0.946334716793132,0.6663405088062623,0.7603626866678146,0.6663405088062623,0.6663405088062623,0.6663405088062623,0.6804923502423605
9,biMaxInfgain,standard,gaussian_noise,noImbl,BalancedRandomForest,last,0.25,0.1,42,2026-05-30 20:12:25,20260530-182225,log/stroke_prediction_v4/9/biMaxInfgain/gaussian_noise__noImbl__standard/BalancedRandomForest,1780136562317_d342c02e17801431450512114,0.6692759295499021,0.5467025661481186,0.7312757201646091,0.4917577405439126,0.9418516607510712,0.6692759295499021,0.7627374926358371,0.6692759295499021,0.6692759295499021,0.6692759295499021,0.6778676515033031
9,biMaxInfgain,standard,gaussian_noise,noImbl,BalancedRandomForest,last,0.25,0.1,126,2026-05-30 20:12:27,20260530-182225,log/stroke_prediction_v4/9/biMaxInfgain/gaussian_noise__noImbl__standard/BalancedRandomForest,1780136562317_d342c02e17801431478104005,0.6712328767123288,0.557740970784449,0.7892181069958848,0.5035162394744147,0.9511226898277012,0.6712328767123288,0.7638440838066651,0.6712328767123288,0.6712328767123288,0.6712328767123288,0.6884053759378969
9,biMaxInfgain,standard,gaussian_noise,noImbl,BalancedRandomForest,last,0.25,0.1,5012,2026-05-30 20:12:30,20260530-182225,log/stroke_prediction_v4/9/biMaxInfgain/gaussian_noise__noImbl__standard/BalancedRandomForest,1780136562317_d342c02e17801431502498620,0.6457925636007827,0.5430839002267572,0.7189300411522634,0.4775139672694199,0.9409720835496624,0.6457925636007827,0.7450189083341036,0.6457925636007827,0.6457925636007827,0.6457925636007827,0.6619955592737097
9,biMaxInfgain,standard,gaussian_noise,noImbl,BalancedRandomForest,last,0.25,0.2,42,2026-05-30 20:13:20,20260530-182225,log/stroke_prediction_v4/9/biMaxInfgain/gaussian_noise__noImbl__standard/BalancedRandomForest,1780136562317_d342c02e17801432006382182,0.6477495107632094,0.5469300656341944,0.7389300411522634,0.4820945945945946,0.9441759135356976,0.6477495107632094,0.7463399799016238,0.6477495107632094,0.6477495107632094,0.6477495107632094,0.6663685925119319
9,biMaxInfgain,standard,gaussian_noise,noImbl,BalancedRandomForest,last,0.25,0.2,126,2026-05-30 20:13:23,20260530-182225,log/stroke_prediction_v4/9/biMaxInfgain/gaussian_noise__noImbl__standard/BalancedRandomForest,1780136562317_d342c02e17801432033027111,0.6516634050880626,0.5545838165184899,0.7789300411522634,0.4911497493734335,0.950634173426216,0.6516634050880626,0.7489783043714963,0.6516634050880626,0.6516634050880626,0.6516634050880626,0.6750993732066614
9,biMaxInfgain,standard,gaussian_noise,noImbl,BalancedRandomForest,last,0.25,0.2,5012,2026-05-30 20:13:25,20260530-182225,log/stroke_prediction_v4/9/biMaxInfgain/gaussian_noise__noImbl__standard/BalancedRandomForest,1780136562317_d342c02e17801432059464807,0.6653620352250489,0.5532218396458436,0.7671604938271606,0.4963776260050142,0.9478526042413676,0.6653620352250489,0.7595594254997303,0.6653620352250489,0.6653620352250489,0.6653620352250489,0.6813588655871682
9,biMaxInfgain,standard,gaussian_noise,noImbl,EasyEnsemble,first,0.25,0.1,42,2026-05-30 20:10:34,20260530-182225,log/stroke_prediction_v4/9/biMaxInfgain/standard__gaussian_noise__noImbl/EasyEnsemble,1780136562317_d342c02e17801430348813843,0.0489236790606653,0.0244618395303326,0.5,0.0466417910447761,0.0023935263728309,0.0489236790606653,0.0045637760317784,0.0489236790606653,0.0489236790606653,0.0489236790606653,0.0799358432760656
9,biMaxInfgain,standard,gaussian_noise,noImbl,EasyEnsemble,first,0.25,0.1,126,2026-05-30 20:10:37,20260530-182225,log/stroke_prediction_v4/9/biMaxInfgain/standard__gaussian_noise__noImbl/EasyEnsemble,1780136562317_d342c02e17801430376623537,0.0489236790606653,0.0244618395303326,0.5,0.0466417910447761,0.0023935263728309,0.0489236790606653,0.0045637760317784,0.0489236790606653,0.0489236790606653,0.0489236790606653,0.0799358432760656
9,biMaxInfgain,standard,gaussian_noise,noImbl,EasyEnsemble,first,0.25,0.1,5012,2026-05-30 20:10:40,20260530-182225,log/stroke_prediction_v4/9/biMaxInfgain/standard__gaussian_noise__noImbl/EasyEnsemble,1780136562317_d342c02e17801430403924993,0.0489236790606653,0.0244618395303326,0.5,0.0466417910447761,0.0023935263728309,0.0489236790606653,0.0045637760317784,0.0489236790606653,0.0489236790606653,0.0489236790606653,0.0799358432760656
9,biMaxInfgain,standard,gaussian_noise,noImbl,EasyEnsemble,first,0.25,0.2,42,2026-05-30 20:11:30,20260530-182225,log/stroke_prediction_v4/9/biMaxInfgain/standard__gaussian_noise__noImbl/EasyEnsemble,1780136562317_d342c02e17801430907420913,0.0489236790606653,0.0244618395303326,0.5,0.0466417910447761,0.0023935263728309,0.0489236790606653,0.0045637760317784,0.0489236790606653,0.0489236790606653,0.0489236790606653,0.0799358432760656
9,biMaxInfgain,standard,gaussian_noise,noImbl,EasyEnsemble,first,0.25,0.2,126,2026-05-30 20:11:33,20260530-182225,log/stroke_prediction_v4/9/biMaxInfgain/standard__gaussian_noise__noImbl/EasyEnsemble,1780136562317_d342c02e17801430932904845,0.0489236790606653,0.0244618395303326,0.5,0.0466417910447761,0.0023935263728309,0.0489236790606653,0.0045637760317784,0.0489236790606653,0.0489236790606653,0.0489236790606653,0.0799358432760656
9,biMaxInfgain,standard,gaussian_noise,noImbl,EasyEnsemble,first,0.25,0.2,5012,2026-05-30 20:11:36,20260530-182225,log/stroke_prediction_v4/9/biMaxInfgain/standard__gaussian_noise__noImbl/EasyEnsemble,1780136562317_d342c02e17801430960014550,0.0489236790606653,0.0244618395303326,0.5,0.0466417910447761,0.0023935263728309,0.0489236790606653,0.0045637760317784,0.0489236790606653,0.0489236790606653,0.0489236790606653,0.0799358432760656
9,biMaxInfgain,standard,gaussian_noise,noImbl,EasyEnsemble,last,0.25,0.1,42,2026-05-30 20:12:26,20260530-182225,log/stroke_prediction_v4/9/biMaxInfgain/gaussian_noise__noImbl__standard/EasyEnsemble,1780136562317_d342c02e17801431464009900,0.0489236790606653,0.0244618395303326,0.5,0.0466417910447761,0.0023935263728309,0.0489236790606653,0.0045637760317784,0.0489236790606653,0.0489236790606653,0.0489236790606653,0.0799358432760656
9,biMaxInfgain,standard,gaussian_noise,noImbl,EasyEnsemble,last,0.25,0.1,126,2026-05-30 20:12:29,20260530-182225,log/stroke_prediction_v4/9/biMaxInfgain/gaussian_noise__noImbl__standard/EasyEnsemble,1780136562317_d342c02e17801431491052684,0.0489236790606653,0.0244618395303326,0.5,0.0466417910447761,0.0023935263728309,0.0489236790606653,0.0045637760317784,0.0489236790606653,0.0489236790606653,0.0489236790606653,0.0799358432760656
9,biMaxInfgain,standard,gaussian_noise,noImbl,EasyEnsemble,last,0.25,0.1,5012,2026-05-30 20:12:31,20260530-182225,log/stroke_prediction_v4/9/biMaxInfgain/gaussian_noise__noImbl__standard/EasyEnsemble,1780136562317_d342c02e17801431515060574,0.0489236790606653,0.0244618395303326,0.5,0.0466417910447761,0.0023935263728309,0.0489236790606653,0.0045637760317784,0.0489236790606653,0.0489236790606653,0.0489236790606653,0.0799358432760656
9,biMaxInfgain,standard,gaussian_noise,noImbl,EasyEnsemble,last,0.25,0.2,42,2026-05-30 20:13:21,20260530-182225,log/stroke_prediction_v4/9/biMaxInfgain/gaussian_noise__noImbl__standard/EasyEnsemble,1780136562317_d342c02e17801432019514286,0.0489236790606653,0.0244618395303326,0.5,0.0466417910447761,0.0023935263728309,0.0489236790606653,0.0045637760317784,0.0489236790606653,0.0489236790606653,0.0489236790606653,0.0799358432760656
9,biMaxInfgain,standard,gaussian_noise,noImbl,EasyEnsemble,last,0.25,0.2,126,2026-05-30 20:13:24,20260530-182225,log/stroke_prediction_v4/9/biMaxInfgain/gaussian_noise__noImbl__standard/EasyEnsemble,1780136562317_d342c02e17801432046211739,0.0489236790606653,0.0244618395303326,0.5,0.0466417910447761,0.0023935263728309,0.0489236790606653,0.0045637760317784,0.0489236790606653,0.0489236790606653,0.0489236790606653,0.0799358432760656
9,biMaxInfgain,standard,gaussian_noise,noImbl,EasyEnsemble,last,0.25,0.2,5012,2026-05-30 20:13:27,20260530-182225,log/stroke_prediction_v4/9/biMaxInfgain/gaussian_noise__noImbl__standard/EasyEnsemble,1780136562317_d342c02e17801432072733906,0.0489236790606653,0.0244618395303326,0.5,0.0466417910447761,0.0023935263728309,0.0489236790606653,0.0045637760317784,0.0489236790606653,0.0489236790606653,0.0489236790606653,0.0799358432760656
9,biMaxInfgain,standard,gaussian_noise,noImbl,XGBClassifier_SPW24,first,0.25,0.1,42,2026-05-30 20:10:32,20260530-182225,log/stroke_prediction_v4/9/biMaxInfgain/standard__gaussian_noise__noImbl/XGBClassifier_SPW24,1780136562317_d342c02e17801430326689074,0.8943248532289628,0.5621645796064401,0.602962962962963,0.5746392896781354,0.922460782288753,0.8943248532289629,0.907314334366468,0.8943248532289628,0.8943248532289628,0.8943248532289628,0.788781817384091
9,biMaxInfgain,standard,gaussian_noise,noImbl,XGBClassifier_SPW24,first,0.25,0.1,126,2026-05-30 20:10:35,20260530-182225,log/stroke_prediction_v4/9/biMaxInfgain/standard__gaussian_noise__noImbl/XGBClassifier_SPW24,1780136562317_d342c02e17801430353070061,0.8747553816046967,0.5540869218500797,0.6116460905349794,0.5660297239915074,0.9227356997724696,0.8747553816046966,0.8962444064965659,0.8747553816046967,0.8747553816046967,0.8747553816046967,0.7780901434308424
9,biMaxInfgain,standard,gaussian_noise,noImbl,XGBClassifier_SPW24,first,0.25,0.1,5012,2026-05-30 20:10:38,20260530-182225,log/stroke_prediction_v4/9/biMaxInfgain/standard__gaussian_noise__noImbl/XGBClassifier_SPW24,1780136562317_d342c02e17801430381012664,0.863013698630137,0.5535714285714286,0.6244444444444444,0.5647994938680163,0.9240984064858822,0.863013698630137,0.8898036271903274,0.863013698630137,0.863013698630137,0.863013698630137,0.7736073755609818
9,biMaxInfgain,standard,gaussian_noise,noImbl,XGBClassifier_SPW24,first,0.25,0.2,42,2026-05-30 20:11:28,20260530-182225,log/stroke_prediction_v4/9/biMaxInfgain/standard__gaussian_noise__noImbl/XGBClassifier_SPW24,1780136562317_d342c02e17801430885556519,0.8855185909980431,0.5584006687099471,0.6078189300411522,0.5712026508020182,0.92265516671674,0.885518590998043,0.9024018472142864,0.8855185909980431,0.8855185909980431,0.8855185909980431,0.7841355876484466
9,biMaxInfgain,standard,gaussian_noise,noImbl,XGBClassifier_SPW24,first,0.25,0.2,126,2026-05-30 20:11:31,20260530-182225,log/stroke_prediction_v4/9/biMaxInfgain/standard__gaussian_noise__noImbl/XGBClassifier_SPW24,1780136562317_d342c02e17801430911556069,0.8962818003913894,0.5767405817835002,0.632448559670782,0.5935924369747899,0.9266420111854882,0.8962818003913894,0.9100092091631172,0.8962818003913894,0.8962818003913894,0.8962818003913894,0.7976360823412187
9,biMaxInfgain,standard,gaussian_noise,noImbl,XGBClassifier_SPW24,first,0.25,0.2,5012,2026-05-30 20:11:33,20260530-182225,log/stroke_prediction_v4/9/biMaxInfgain/standard__gaussian_noise__noImbl/XGBClassifier_SPW24,1780136562317_d342c02e17801430937033599,0.8708414872798435,0.5585720713964302,0.628559670781893,0.5719616204690832,0.924872836593004,0.8708414872798435,0.8946398841687564,0.8708414872798435,0.8708414872798435,0.8708414872798435,0.7795272784847458
9,biMaxInfgain,standard,gaussian_noise,noImbl,XGBClassifier_SPW24,last,0.25,0.1,42,2026-05-30 20:12:24,20260530-182225,log/stroke_prediction_v4/9/biMaxInfgain/gaussian_noise__noImbl__standard/XGBClassifier_SPW24,1780136562317_d342c02e17801431441529508,0.8786692759295499,0.556912746148142,0.6137037037037038,0.5697251195132551,0.923159067701794,0.8786692759295499,0.8986471890465388,0.8786692759295499,0.8786692759295499,0.87866927592955,0.7811011084111529
9,biMaxInfgain,standard,gaussian_noise,noImbl,XGBClassifier_SPW24,last,0.25,0.1,126,2026-05-30 20:12:26,20260530-182225,log/stroke_prediction_v4/9/biMaxInfgain/gaussian_noise__noImbl__standard/XGBClassifier_SPW24,1780136562317_d342c02e17801431468327517,0.8610567514677103,0.5455851713485165,0.6044444444444445,0.5539861085500031,0.9213794825499336,0.8610567514677103,0.887853010401567,0.8610567514677103,0.8610567514677103,0.8610567514677103,0.767839478264109
9,biMaxInfgain,standard,gaussian_noise,noImbl,XGBClassifier_SPW24,last,0.25,0.1,5012,2026-05-30 20:12:29,20260530-182225,log/stroke_prediction_v4/9/biMaxInfgain/gaussian_noise__noImbl__standard/XGBClassifier_SPW24,1780136562317_d342c02e17801431495142818,0.8747553816046967,0.5381713554987213,0.5737037037037037,0.5451207299432514,0.917548460718415,0.8747553816046967,0.8944576826235419,0.8747553816046967,0.8747553816046967,0.8747553816046967,0.7687812665189816
9,biMaxInfgain,standard,gaussian_noise,noImbl,XGBClassifier_SPW24,last,0.25,0.2,42,2026-05-30 20:13:19,20260530-182225,log/stroke_prediction_v4/9/biMaxInfgain/gaussian_noise__noImbl__standard/XGBClassifier_SPW24,1780136562317_d342c02e17801431997056318,0.8806262230919765,0.5621755788086018,0.6242181069958848,0.5766650369404607,0.9246589047706654,0.8806262230919765,0.9002819118038529,0.8806262230919765,0.8806262230919765,0.8806262230919764,0.7848977906059526
9,biMaxInfgain,standard,gaussian_noise,noImbl,XGBClassifier_SPW24,last,0.25,0.2,126,2026-05-30 20:13:22,20260530-182225,log/stroke_prediction_v4/9/biMaxInfgain/gaussian_noise__noImbl__standard/XGBClassifier_SPW24,1780136562317_d342c02e17801432023714910,0.8786692759295499,0.5449349240780912,0.5852469135802469,0.5539317141851461,0.9192695620428664,0.87866927592955,0.8972895489653528,0.8786692759295499,0.8786692759295499,0.87866927592955,0.774096039814515
9,biMaxInfgain,standard,gaussian_noise,noImbl,XGBClassifier_SPW24,last,0.25,0.2,5012,2026-05-30 20:13:25,20260530-182225,log/stroke_prediction_v4/9/biMaxInfgain/gaussian_noise__noImbl__standard/XGBClassifier_SPW24,1780136562317_d342c02e17801432050452015,0.8806262230919765,0.5463048855905999,0.5862757201646089,0.555664842057247,0.9194819717604176,0.8806262230919764,0.8984730723936548,0.8806262230919765,0.8806262230919765,0.8806262230919764,0.7755774341559882
9,biMaxInfgain,standard,mixup,noImbl,BalancedRandomForest,first,0.25,0.1,42,2026-05-30 20:14:13,20260530-182225,log/stroke_prediction_v4/9/biMaxInfgain/standard__mixup__noImbl/BalancedRandomForest,1780136562317_d342c02e17801432532174938,0.6007827788649707,0.5371004566210046,0.6952674897119342,0.4508618146571704,0.9392586833945438,0.6007827788649707,0.7097141161545332,0.6007827788649707,0.6007827788649707,0.6007827788649707,0.6315621641404918
9,biMaxInfgain,standard,mixup,noImbl,BalancedRandomForest,first,0.25,0.1,126,2026-05-30 20:14:15,20260530-182225,log/stroke_prediction_v4/9/biMaxInfgain/standard__mixup__noImbl/BalancedRandomForest,1780136562317_d342c02e17801432556248176,0.5831702544031311,0.54553519084205,0.7429218106995885,0.4492224859197336,0.9490180815782912,0.5831702544031311,0.6942618560421394,0.5831702544031311,0.5831702544031311,0.5831702544031311,0.6285382613675263
9,biMaxInfgain,standard,mixup,noImbl,BalancedRandomForest,first,0.25,0.1,5012,2026-05-30 20:14:17,20260530-182225,log/stroke_prediction_v4/9/biMaxInfgain/standard__mixup__noImbl/BalancedRandomForest,1780136562317_d342c02e17801432578603389,0.5577299412915852,0.5322345166743507,0.6726337448559672,0.4257170704539125,0.9375238528310774,0.5577299412915852,0.6741167988464312,0.5577299412915852,0.5577299412915852,0.5577299412915852,0.602306268347825
9,biMaxInfgain,standard,mixup,noImbl,BalancedRandomForest,first,0.25,0.2,42,2026-05-30 20:15:01,20260530-182225,log/stroke_prediction_v4/9/biMaxInfgain/standard__mixup__noImbl/BalancedRandomForest,1780136562317_d342c02e17801433013274167,0.5851272015655578,0.5387593298027191,0.7060082304526749,0.4446563320209974,0.9420723275889183,0.5851272015655578,0.6966293703869209,0.5851272015655578,0.5851272015655578,0.5851272015655578,0.623927724771842
9,biMaxInfgain,standard,mixup,noImbl,BalancedRandomForest,first,0.25,0.2,126,2026-05-30 20:15:03,20260530-182225,log/stroke_prediction_v4/9/biMaxInfgain/standard__mixup__noImbl/BalancedRandomForest,1780136562317_d342c02e17801433035875143,0.5714285714285714,0.5442266297662977,0.7367489711934156,0.4421425188803868,0.9487458267439816,0.5714285714285714,0.6844224791434482,0.5714285714285714,0.5714285714285714,0.5714285714285714,0.6205283210453733
9,biMaxInfgain,standard,mixup,noImbl,BalancedRandomForest,first,0.25,0.2,5012,2026-05-30 20:15:05,20260530-182225,log/stroke_prediction_v4/9/biMaxInfgain/standard__mixup__noImbl/BalancedRandomForest,1780136562317_d342c02e17801433059032010,0.601761252446184,0.5459877443828421,0.7432098765432099,0.4589983338947713,0.9477312946516012,0.601761252446184,0.7097172118079188,0.601761252446184,0.601761252446184,0.601761252446184,0.6397047243916423
9,biMaxInfgain,standard,mixup,noImbl,BalancedRandomForest,last,0.25,0.1,42,2026-05-30 20:15:50,20260530-182225,log/stroke_prediction_v4/9/biMaxInfgain/mixup__noImbl__standard/BalancedRandomForest,1780136562317_d342c02e17801433500043871,0.6027397260273972,0.5338119899560576,0.6773251028806584,0.4488765865657923,0.9360358675369124,0.6027397260273972,0.7115836506094956,0.6027397260273972,0.6027397260273972,0.6027397260273972,0.6298822220246147
9,biMaxInfgain,standard,mixup,noImbl,BalancedRandomForest,last,0.25,0.1,126,2026-05-30 20:15:52,20260530-182225,log/stroke_prediction_v4/9/biMaxInfgain/mixup__noImbl__standard/BalancedRandomForest,1780136562317_d342c02e17801433522991011,0.5753424657534246,0.5446563240680888,0.7388065843621399,0.4445012198359859,0.9488366474092272,0.5753424657534246,0.6877182132550959,0.5753424657534246,0.5753424657534246,0.5753424657534246,0.6231998568489775
9,biMaxInfgain,standard,mixup,noImbl,BalancedRandomForest,last,0.25,0.1,5012,2026-05-30 20:15:54,20260530-182225,log/stroke_prediction_v4/9/biMaxInfgain/mixup__noImbl__standard/BalancedRandomForest,1780136562317_d342c02e17801433546196256,0.5694716242661448,0.5334952204748689,0.6788065843621399,0.4325661215424995,0.938010394810922,0.5694716242661448,0.6840140767440952,0.5694716242661448,0.5694716242661448,0.5694716242661448,0.6103068994142401
9,biMaxInfgain,standard,mixup,noImbl,BalancedRandomForest,last,0.25,0.2,42,2026-05-30 20:16:39,20260530-182225,log/stroke_prediction_v4/9/biMaxInfgain/mixup__noImbl__standard/BalancedRandomForest,1780136562317_d342c02e17801433992459702,0.5880626223091977,0.5408512615944694,0.717037037037037,0.4478575159221772,0.9438963965850188,0.5880626223091977,0.6988654927936971,0.5880626223091977,0.5880626223091977,0.5880626223091977,0.6274119697527127
9,biMaxInfgain,standard,mixup,noImbl,BalancedRandomForest,last,0.25,0.2,126,2026-05-30 20:16:41,20260530-182225,log/stroke_prediction_v4/9/biMaxInfgain/mixup__noImbl__standard/BalancedRandomForest,1780136562317_d342c02e17801434016895362,0.5753424657534246,0.5446563240680888,0.7388065843621399,0.4445012198359859,0.9488366474092272,0.5753424657534246,0.6877182132550959,0.5753424657534246,0.5753424657534246,0.5753424657534246,0.6231998568489775
9,biMaxInfgain,standard,mixup,noImbl,BalancedRandomForest,last,0.25,0.2,5012,2026-05-30 20:16:43,20260530-182225,log/stroke_prediction_v4/9/biMaxInfgain/mixup__noImbl__standard/BalancedRandomForest,1780136562317_d342c02e17801434039452065,0.5870841487279843,0.5424880086647067,0.7260082304526749,0.4487256180177416,0.9456021374719804,0.5870841487279843,0.6978790658982958,0.5870841487279843,0.5870841487279843,0.5870841487279843,0.6282341997375352
9,biMaxInfgain,standard,mixup,noImbl,EasyEnsemble,first,0.25,0.1,42,2026-05-30 20:14:14,20260530-182225,log/stroke_prediction_v4/9/biMaxInfgain/standard__mixup__noImbl/EasyEnsemble,1780136562317_d342c02e17801432543154079,0.2270058708414872,0.5297619047619048,0.5936213991769547,0.2138920803068953,0.9539884446929456,0.2270058708414871,0.3054899202530597,0.2270058708414872,0.2270058708414872,0.2270058708414872,0.3764468232837686
9,biMaxInfgain,standard,mixup,noImbl,EasyEnsemble,first,0.25,0.1,126,2026-05-30 20:14:16,20260530-182225,log/stroke_prediction_v4/9/biMaxInfgain/standard__mixup__noImbl/EasyEnsemble,1780136562317_d342c02e17801432566917440,0.1311154598825831,0.5266524520255863,0.5432098765432098,0.1301527419948472,0.9536841929574936,0.1311154598825831,0.1562593858916858,0.1311154598825831,0.1311154598825831,0.1311154598825831,0.2977626552886422
9,biMaxInfgain,standard,mixup,noImbl,EasyEnsemble,first,0.25,0.1,5012,2026-05-30 20:14:18,20260530-182225,log/stroke_prediction_v4/9/biMaxInfgain/standard__mixup__noImbl/EasyEnsemble,1780136562317_d342c02e17801432589555132,0.2270058708414872,0.5233317898852703,0.5746502057613169,0.213070718176041,0.9436587088981442,0.2270058708414872,0.3075428560991397,0.2270058708414872,0.2270058708414872,0.2270058708414872,0.3730584549323451
9,biMaxInfgain,standard,mixup,noImbl,EasyEnsemble,first,0.25,0.2,42,2026-05-30 20:15:02,20260530-182225,log/stroke_prediction_v4/9/biMaxInfgain/standard__mixup__noImbl/EasyEnsemble,1780136562317_d342c02e17801433024291568,0.3551859099804305,0.5330661637592331,0.651522633744856,0.3087074381658264,0.9514477810654982,0.3551859099804305,0.4704174419887127,0.3551859099804305,0.3551859099804305,0.3551859099804306,0.4725467538723117
9,biMaxInfgain,standard,mixup,noImbl,EasyEnsemble,first,0.25,0.2,126,2026-05-30 20:15:04,20260530-182225,log/stroke_prediction_v4/9/biMaxInfgain/standard__mixup__noImbl/EasyEnsemble,1780136562317_d342c02e17801433047116922,0.0958904109589041,0.5256673511293635,0.5246913580246914,0.0958869485294117,0.9535878034373154,0.095890410958904,0.0942907685334407,0.0958904109589041,0.0958904109589041,0.0958904109589041,0.2672774732021265
9,biMaxInfgain,standard,mixup,noImbl,EasyEnsemble,first,0.25,0.2,5012,2026-05-30 20:15:07,20260530-182225,log/stroke_prediction_v4/9/biMaxInfgain/standard__mixup__noImbl/EasyEnsemble,1780136562317_d342c02e17801433070348670,0.3698630136986301,0.5317705605028812,0.649753086419753,0.3179323495274415,0.948750331881427,0.3698630136986301,0.487719840186434,0.3698630136986301,0.3698630136986301,0.3698630136986301,0.4818204318169394
9,biMaxInfgain,standard,mixup,noImbl,EasyEnsemble,last,0.25,0.1,42,2026-05-30 20:15:51,20260530-182225,log/stroke_prediction_v4/9/biMaxInfgain/mixup__noImbl__standard/EasyEnsemble,1780136562317_d342c02e17801433511192925,0.0684931506849315,0.5249500998003992,0.5102880658436214,0.0676898074328467,0.9535176222896672,0.0684931506849315,0.0430003914854435,0.0684931506849315,0.0684931506849315,0.0684931506849315,0.2428763689050848
9,biMaxInfgain,standard,mixup,noImbl,EasyEnsemble,last,0.25,0.1,126,2026-05-30 20:15:53,20260530-182225,log/stroke_prediction_v4/9/biMaxInfgain/mixup__noImbl__standard/EasyEnsemble,1780136562317_d342c02e17801433533963627,0.1174168297455968,0.5262605042016807,0.5360082304526749,0.1170787024798771,0.9536458418984032,0.1174168297455968,0.1326663694295585,0.1174168297455968,0.1174168297455968,0.1174168297455968,0.2860199503399299
9,biMaxInfgain,standard,mixup,noImbl,EasyEnsemble,last,0.25,0.1,5012,2026-05-30 20:15:55,20260530-182225,log/stroke_prediction_v4/9/biMaxInfgain/mixup__noImbl__standard/EasyEnsemble,1780136562317_d342c02e17801433557207384,0.1859099804305283,0.528344671201814,0.5720164609053497,0.1795473492450674,0.95384977213325,0.1859099804305283,0.2447289709450114,0.1859099804305283,0.1859099804305283,0.1859099804305283,0.3434265306247644
9,biMaxInfgain,standard,mixup,noImbl,EasyEnsemble,last,0.25,0.2,42,2026-05-30 20:16:40,20260530-182225,log/stroke_prediction_v4/9/biMaxInfgain/mixup__noImbl__standard/EasyEnsemble,1780136562317_d342c02e17801434004226714,0.2113502935420743,0.5292056074766355,0.5853909465020576,0.2010575852450175,0.953934012473252,0.2113502935420743,0.2828668701578308,0.2113502935420743,0.2113502935420743,0.2113502935420743,0.3639818423724513
9,biMaxInfgain,standard,mixup,noImbl,EasyEnsemble,last,0.25,0.2,126,2026-05-30 20:16:42,20260530-182225,log/stroke_prediction_v4/9/biMaxInfgain/mixup__noImbl__standard/EasyEnsemble,1780136562317_d342c02e17801434027832400,0.0684931506849315,0.5249500998003992,0.5102880658436214,0.0676898074328467,0.9535176222896672,0.0684931506849315,0.0430003914854435,0.0684931506849315,0.0684931506849315,0.0684931506849315,0.2428763689050848
9,biMaxInfgain,standard,mixup,noImbl,EasyEnsemble,last,0.25,0.2,5012,2026-05-30 20:16:45,20260530-182225,log/stroke_prediction_v4/9/biMaxInfgain/mixup__noImbl__standard/EasyEnsemble,1780136562317_d342c02e17801434050404376,0.3590998043052837,0.5311215397673995,0.6440946502057613,0.3106278506719064,0.948500592651796,0.3590998043052837,0.4755398110039135,0.3590998043052837,0.3590998043052837,0.3590998043052837,0.473936749235982
9,biMaxInfgain,standard,mixup,noImbl,XGBClassifier_SPW24,first,0.25,0.1,42,2026-05-30 20:14:12,20260530-182225,log/stroke_prediction_v4/9/biMaxInfgain/standard__mixup__noImbl/XGBClassifier_SPW24,1780136562317_d342c02e17801432525065028,0.8943248532289628,0.5706485455412494,0.6219341563786008,0.5859243697478991,0.9250779465959666,0.8943248532289628,0.9083112697133646,0.8943248532289628,0.8943248532289628,0.8943248532289628,0.7936313520623561
9,biMaxInfgain,standard,mixup,noImbl,XGBClassifier_SPW24,first,0.25,0.1,126,2026-05-30 20:14:14,20260530-182225,log/stroke_prediction_v4/9/biMaxInfgain/standard__mixup__noImbl/XGBClassifier_SPW24,1780136562317_d342c02e17801432548102007,0.8845401174168297,0.5615618221258134,0.6167901234567901,0.575515663498768,0.9238318808342282,0.8845401174168297,0.9022594094992874,0.8845401174168297,0.8845401174168297,0.8845401174168297,0.7857006905581232
9,biMaxInfgain,standard,mixup,noImbl,XGBClassifier_SPW24,first,0.25,0.1,5012,2026-05-30 20:14:17,20260530-182225,log/stroke_prediction_v4/9/biMaxInfgain/standard__mixup__noImbl/XGBClassifier_SPW24,1780136562317_d342c02e17801432571463624,0.8825831702544031,0.5599531116794544,0.615761316872428,0.5735506843217981,0.9236021508067194,0.8825831702544031,0.9010540774595702,0.8825831702544031,0.8825831702544031,0.8825831702544031,0.7841556403048265
9,biMaxInfgain,standard,mixup,noImbl,XGBClassifier_SPW24,first,0.25,0.2,42,2026-05-30 20:15:00,20260530-182225,log/stroke_prediction_v4/9/biMaxInfgain/standard__mixup__noImbl/XGBClassifier_SPW24,1780136562317_d342c02e17801433006266893,0.8894324853228963,0.5697910281415436,0.6288477366255144,0.5858623892361372,0.9257202836019388,0.8894324853228963,0.9057385361984136,0.8894324853228963,0.8894324853228963,0.8894324853228963,0.7919490377812407
9,biMaxInfgain,standard,mixup,noImbl,XGBClassifier_SPW24,first,0.25,0.2,126,2026-05-30 20:15:02,20260530-182225,log/stroke_prediction_v4/9/biMaxInfgain/standard__mixup__noImbl/XGBClassifier_SPW24,1780136562317_d342c02e17801433028943588,0.9080234833659492,0.5734243697478991,0.600679012345679,0.583905058905059,0.9231980463418245,0.9080234833659492,0.9152101446621996,0.9080234833659492,0.9080234833659492,0.9080234833659492,0.7978068167250085
9,biMaxInfgain,standard,mixup,noImbl,XGBClassifier_SPW24,first,0.25,0.2,5012,2026-05-30 20:15:05,20260530-182225,log/stroke_prediction_v4/9/biMaxInfgain/standard__mixup__noImbl/XGBClassifier_SPW24,1780136562317_d342c02e17801433051827715,0.8864970645792564,0.5671041214750542,0.6273045267489712,0.5827103132699754,0.9253526537646825,0.8864970645792564,0.9039160296772656,0.8864970645792564,0.8864970645792564,0.8864970645792564,0.7895689074726594
9,biMaxInfgain,standard,mixup,noImbl,XGBClassifier_SPW24,last,0.25,0.1,42,2026-05-30 20:15:49,20260530-182225,log/stroke_prediction_v4/9/biMaxInfgain/mixup__noImbl__standard/XGBClassifier_SPW24,1780136562317_d342c02e17801433492746642,0.8962818003913894,0.564143567874911,0.6039917695473251,0.5767289208408221,0.9227284043856756,0.8962818003913895,0.9085169331669742,0.8962818003913894,0.8962818003913894,0.8962818003913894,0.7903859724385163
9,biMaxInfgain,standard,mixup,noImbl,XGBClassifier_SPW24,last,0.25,0.1,126,2026-05-30 20:15:51,20260530-182225,log/stroke_prediction_v4/9/biMaxInfgain/mixup__noImbl__standard/XGBClassifier_SPW24,1780136562317_d342c02e17801433515809547,0.898238747553816,0.5567959582790091,0.5860493827160493,0.5666101252609603,0.9203181888926028,0.898238747553816,0.908625326328089,0.898238747553816,0.898238747553816,0.898238747553816,0.7868971697486499
9,biMaxInfgain,standard,mixup,noImbl,XGBClassifier_SPW24,last,0.25,0.1,5012,2026-05-30 20:15:53,20260530-182225,log/stroke_prediction_v4/9/biMaxInfgain/mixup__noImbl__standard/XGBClassifier_SPW24,1780136562317_d342c02e17801433538569556,0.87279843444227,0.5369951399363163,0.5726748971193416,0.5435305435305435,0.917352188504485,0.8727984344422701,0.8932828424022162,0.87279843444227,0.87279843444227,0.87279843444227,0.7673436042228362
9,biMaxInfgain,standard,mixup,noImbl,XGBClassifier_SPW24,last,0.25,0.2,42,2026-05-30 20:16:38,20260530-182225,log/stroke_prediction_v4/9/biMaxInfgain/mixup__noImbl__standard/XGBClassifier_SPW24,1780136562317_d342c02e17801433985137681,0.8894324853228963,0.5618077016563076,0.6098765432098766,0.5751739055263516,0.9231355133077368,0.8894324853228964,0.9048057719341038,0.8894324853228963,0.8894324853228963,0.8894324853228963,0.7872519215656189
9,biMaxInfgain,standard,mixup,noImbl,XGBClassifier_SPW24,last,0.25,0.2,126,2026-05-30 20:16:40,20260530-182225,log/stroke_prediction_v4/9/biMaxInfgain/mixup__noImbl__standard/XGBClassifier_SPW24,1780136562317_d342c02e17801434009456592,0.8884540117416829,0.5649748020158387,0.6188477366255144,0.5795574288724974,0.9243095386028608,0.8884540117416829,0.9046746085590148,0.8884540117416829,0.8884540117416829,0.8884540117416829,0.7888296180358211
9,biMaxInfgain,standard,mixup,noImbl,XGBClassifier_SPW24,last,0.25,0.2,5012,2026-05-30 20:16:43,20260530-182225,log/stroke_prediction_v4/9/biMaxInfgain/mixup__noImbl__standard/XGBClassifier_SPW24,1780136562317_d342c02e17801434032443682,0.8874755381604696,0.5423627758313357,0.5709053497942387,0.5501398994867163,0.9175915103448516,0.8874755381604696,0.9015788360485252,0.8874755381604696,0.8874755381604696,0.8874755381604696,0.7758339891915165
9,biMaxInfgain,standard,noAug,noImbl,BalancedRandomForest,first,0.25,0.1,42,2026-05-30 20:17:24,20260530-182225,log/stroke_prediction_v4/9/biMaxInfgain/standard__noAug__noImbl/BalancedRandomForest,1780136562317_d342c02e17801434449961584,0.5870841487279843,0.5389854937697601,0.707037037037037,0.4458127952219658,0.9421396744196034,0.5870841487279843,0.6982395160214796,0.5870841487279843,0.5870841487279843,0.5870841487279843,0.6252577267003504
9,biMaxInfgain,standard,noAug,noImbl,BalancedRandomForest,first,0.25,0.1,126,2026-05-30 20:17:26,20260530-182225,log/stroke_prediction_v4/9/biMaxInfgain/standard__noAug__noImbl/BalancedRandomForest,1780136562317_d342c02e17801434469843944,0.5772994129158513,0.5448735717145584,0.7398353909465021,0.44568099638409,0.948882025600936,0.5772994129158513,0.6893600727742183,0.5772994129158513,0.5772994129158513,0.5772994129158513,0.6245350243662862
9,biMaxInfgain,standard,noAug,noImbl,BalancedRandomForest,first,0.25,0.1,5012,2026-05-30 20:17:28,20260530-182225,log/stroke_prediction_v4/9/biMaxInfgain/standard__noAug__noImbl/BalancedRandomForest,1780136562317_d342c02e17801434489906217,0.5342465753424658,0.5298357692189846,0.6602880658436214,0.4119962094840256,0.936512093803948,0.5342465753424658,0.6538735427919263,0.5342465753424658,0.5342465753424658,0.5342465753424658,0.5862426858650343
9,biMaxInfgain,standard,noAug,noImbl,BalancedRandomForest,first,0.25,0.2,42,2026-05-30 20:18:07,20260530-182225,log/stroke_prediction_v4/9/biMaxInfgain/standard__noAug__noImbl/BalancedRandomForest,1780136562317_d342c02e17801434874097622,0.5792563600782779,0.5398423750270169,0.7124074074074074,0.4426265270506108,0.9436167552188228,0.5792563600782779,0.6915844441484548,0.5792563600782779,0.5792563600782779,0.5792563600782779,0.6214208434764955
9,biMaxInfgain,standard,noAug,noImbl,BalancedRandomForest,first,0.25,0.2,126,2026-05-30 20:18:09,20260530-182225,log/stroke_prediction_v4/9/biMaxInfgain/standard__noAug__noImbl/BalancedRandomForest,1780136562317_d342c02e17801434894408671,0.5596868884540117,0.5429743825740144,0.7305761316872428,0.4350705823969025,0.9484725515571072,0.5596868884540117,0.6744377369482665,0.5596868884540117,0.5596868884540117,0.5596868884540117,0.6125033098652164
9,biMaxInfgain,standard,noAug,noImbl,BalancedRandomForest,first,0.25,0.2,5012,2026-05-30 20:18:11,20260530-182225,log/stroke_prediction_v4/9/biMaxInfgain/standard__noAug__noImbl/BalancedRandomForest,1780136562317_d342c02e17801434914926125,0.5596868884540117,0.5412191192266379,0.7210905349794239,0.4337322695035461,0.946630624646604,0.5596868884540117,0.6746662086577564,0.5596868884540117,0.5596868884540117,0.5596868884540117,0.6110285549910666
9,biMaxInfgain,standard,noAug,noImbl,BalancedRandomForest,last,0.25,0.1,42,2026-05-30 20:18:50,20260530-182225,log/stroke_prediction_v4/9/biMaxInfgain/noAug__noImbl__standard/BalancedRandomForest,1780136562317_d342c02e17801435307558703,0.5870841487279843,0.5389854937697601,0.707037037037037,0.4458127952219658,0.9421396744196034,0.5870841487279843,0.6982395160214796,0.5870841487279843,0.5870841487279843,0.5870841487279843,0.6252577267003504
9,biMaxInfgain,standard,noAug,noImbl,BalancedRandomForest,last,0.25,0.1,126,2026-05-30 20:18:52,20260530-182225,log/stroke_prediction_v4/9/biMaxInfgain/noAug__noImbl__standard/BalancedRandomForest,1780136562317_d342c02e17801435328103151,0.5772994129158513,0.5448735717145584,0.7398353909465021,0.44568099638409,0.948882025600936,0.5772994129158513,0.6893600727742183,0.5772994129158513,0.5772994129158513,0.5772994129158513,0.6245350243662862
9,biMaxInfgain,standard,noAug,noImbl,BalancedRandomForest,last,0.25,0.1,5012,2026-05-30 20:18:54,20260530-182225,log/stroke_prediction_v4/9/biMaxInfgain/noAug__noImbl__standard/BalancedRandomForest,1780136562317_d342c02e17801435349461088,0.5342465753424658,0.5298357692189846,0.6602880658436214,0.4119962094840256,0.936512093803948,0.5342465753424658,0.6538735427919263,0.5342465753424658,0.5342465753424658,0.5342465753424658,0.5862426858650343
9,biMaxInfgain,standard,noAug,noImbl,BalancedRandomForest,last,0.25,0.2,42,2026-05-30 20:19:33,20260530-182225,log/stroke_prediction_v4/9/biMaxInfgain/noAug__noImbl__standard/BalancedRandomForest,1780136562317_d342c02e17801435738253766,0.5792563600782779,0.5398423750270169,0.7124074074074074,0.4426265270506108,0.9436167552188228,0.5792563600782779,0.6915844441484548,0.5792563600782779,0.5792563600782779,0.5792563600782779,0.6214208434764955
9,biMaxInfgain,standard,noAug,noImbl,BalancedRandomForest,last,0.25,0.2,126,2026-05-30 20:19:35,20260530-182225,log/stroke_prediction_v4/9/biMaxInfgain/noAug__noImbl__standard/BalancedRandomForest,1780136562317_d342c02e17801435758478816,0.5596868884540117,0.5429743825740144,0.7305761316872428,0.4350705823969025,0.9484725515571072,0.5596868884540117,0.6744377369482665,0.5596868884540117,0.5596868884540117,0.5596868884540117,0.6125033098652164
9,biMaxInfgain,standard,noAug,noImbl,BalancedRandomForest,last,0.25,0.2,5012,2026-05-30 20:19:37,20260530-182225,log/stroke_prediction_v4/9/biMaxInfgain/noAug__noImbl__standard/BalancedRandomForest,1780136562317_d342c02e17801435779204265,0.5596868884540117,0.5412191192266379,0.7210905349794239,0.4337322695035461,0.946630624646604,0.5596868884540117,0.6746662086577564,0.5596868884540117,0.5596868884540117,0.5596868884540117,0.6110285549910666
9,biMaxInfgain,standard,noAug,noImbl,EasyEnsemble,first,0.25,0.1,42,2026-05-30 20:17:25,20260530-182225,log/stroke_prediction_v4/9/biMaxInfgain/standard__noAug__noImbl/EasyEnsemble,1780136562317_d342c02e17801434459552590,0.12133072407045,0.5263713080168776,0.5380658436213992,0.1208458982975511,0.95365668375899,0.12133072407045,0.1394712884064199,0.12133072407045,0.12133072407045,0.12133072407045,0.2893892511735023
9,biMaxInfgain,standard,noAug,noImbl,EasyEnsemble,first,0.25,0.1,126,2026-05-30 20:17:27,20260530-182225,log/stroke_prediction_v4/9/biMaxInfgain/standard__noAug__noImbl/EasyEnsemble,1780136562317_d342c02e17801434479647276,0.1135029354207436,0.5261506276150627,0.5339506172839505,0.1132856042933152,0.9536350907646832,0.1135029354207436,0.1258093105113759,0.1135029354207436,0.1135029354207436,0.1135029354207436,0.2826390449553708
9,biMaxInfgain,standard,noAug,noImbl,EasyEnsemble,first,0.25,0.1,5012,2026-05-30 20:17:29,20260530-182225,log/stroke_prediction_v4/9/biMaxInfgain/standard__noAug__noImbl/EasyEnsemble,1780136562317_d342c02e17801434499620525,0.2093933463796477,0.5221506635441061,0.5653909465020576,0.1987113802204626,0.9425037924444424,0.2093933463796477,0.2821755564812139,0.2093933463796477,0.2093933463796477,0.2093933463796477,0.358894919306171
9,biMaxInfgain,standard,noAug,noImbl,EasyEnsemble,first,0.25,0.2,42,2026-05-30 20:18:08,20260530-182225,log/stroke_prediction_v4/9/biMaxInfgain/standard__noAug__noImbl/EasyEnsemble,1780136562317_d342c02e17801434883772201,0.3561643835616438,0.5353107344632768,0.661522633744856,0.3101310233609769,0.9545313830198902,0.3561643835616438,0.4708990464860332,0.3561643835616438,0.3561643835616438,0.3561643835616438,0.4747567390245112
9,biMaxInfgain,standard,noAug,noImbl,EasyEnsemble,first,0.25,0.2,126,2026-05-30 20:18:10,20260530-182225,log/stroke_prediction_v4/9/biMaxInfgain/standard__noAug__noImbl/EasyEnsemble,1780136562317_d342c02e17801434904072175,0.0831702544031311,0.5253292806484295,0.5180041152263375,0.082972710793012,0.9535547241338972,0.0831702544031311,0.0708303635576951,0.0831702544031311,0.0831702544031311,0.0831702544031311,0.2560273749147249
9,biMaxInfgain,standard,noAug,noImbl,EasyEnsemble,first,0.25,0.2,5012,2026-05-30 20:18:12,20260530-182225,log/stroke_prediction_v4/9/biMaxInfgain/standard__noAug__noImbl/EasyEnsemble,1780136562317_d342c02e17801434924833251,0.3590998043052837,0.5311215397673995,0.6440946502057613,0.3106278506719064,0.948500592651796,0.3590998043052837,0.4755398110039135,0.3590998043052837,0.3590998043052837,0.3590998043052837,0.473936749235982
9,biMaxInfgain,standard,noAug,noImbl,EasyEnsemble,last,0.25,0.1,42,2026-05-30 20:18:51,20260530-182225,log/stroke_prediction_v4/9/biMaxInfgain/noAug__noImbl__standard/EasyEnsemble,1780136562317_d342c02e17801435317644982,0.12133072407045,0.5263713080168776,0.5380658436213992,0.1208458982975511,0.95365668375899,0.12133072407045,0.1394712884064199,0.12133072407045,0.12133072407045,0.12133072407045,0.2893892511735023
9,biMaxInfgain,standard,noAug,noImbl,EasyEnsemble,last,0.25,0.1,126,2026-05-30 20:18:53,20260530-182225,log/stroke_prediction_v4/9/biMaxInfgain/noAug__noImbl__standard/EasyEnsemble,1780136562317_d342c02e17801435338133730,0.1135029354207436,0.5261506276150627,0.5339506172839505,0.1132856042933152,0.9536350907646832,0.1135029354207436,0.1258093105113759,0.1135029354207436,0.1135029354207436,0.1135029354207436,0.2826390449553708
9,biMaxInfgain,standard,noAug,noImbl,EasyEnsemble,last,0.25,0.1,5012,2026-05-30 20:18:55,20260530-182225,log/stroke_prediction_v4/9/biMaxInfgain/noAug__noImbl__standard/EasyEnsemble,1780136562317_d342c02e17801435359313997,0.2093933463796477,0.5221506635441061,0.5653909465020576,0.1987113802204626,0.9425037924444424,0.2093933463796477,0.2821755564812139,0.2093933463796477,0.2093933463796477,0.2093933463796477,0.358894919306171
9,biMaxInfgain,standard,noAug,noImbl,EasyEnsemble,last,0.25,0.2,42,2026-05-30 20:19:34,20260530-182225,log/stroke_prediction_v4/9/biMaxInfgain/noAug__noImbl__standard/EasyEnsemble,1780136562317_d342c02e17801435748022286,0.3561643835616438,0.5353107344632768,0.661522633744856,0.3101310233609769,0.9545313830198902,0.3561643835616438,0.4708990464860332,0.3561643835616438,0.3561643835616438,0.3561643835616438,0.4747567390245112
9,biMaxInfgain,standard,noAug,noImbl,EasyEnsemble,last,0.25,0.2,126,2026-05-30 20:19:36,20260530-182225,log/stroke_prediction_v4/9/biMaxInfgain/noAug__noImbl__standard/EasyEnsemble,1780136562317_d342c02e17801435768227182,0.0831702544031311,0.5253292806484295,0.5180041152263375,0.082972710793012,0.9535547241338972,0.0831702544031311,0.0708303635576951,0.0831702544031311,0.0831702544031311,0.0831702544031311,0.2560273749147249
9,biMaxInfgain,standard,noAug,noImbl,EasyEnsemble,last,0.25,0.2,5012,2026-05-30 20:19:38,20260530-182225,log/stroke_prediction_v4/9/biMaxInfgain/noAug__noImbl__standard/EasyEnsemble,1780136562317_d342c02e17801435789011640,0.3590998043052837,0.5311215397673995,0.6440946502057613,0.3106278506719064,0.948500592651796,0.3590998043052837,0.4755398110039135,0.3590998043052837,0.3590998043052837,0.3590998043052837,0.473936749235982
9,biMaxInfgain,standard,noAug,noImbl,XGBClassifier_SPW24,first,0.25,0.1,42,2026-05-30 20:17:24,20260530-182225,log/stroke_prediction_v4/9/biMaxInfgain/standard__noAug__noImbl/XGBClassifier_SPW24,1780136562317_d342c02e17801434443438739,0.898238747553816,0.5567959582790091,0.5860493827160493,0.5666101252609603,0.9203181888926028,0.898238747553816,0.908625326328089,0.898238747553816,0.898238747553816,0.898238747553816,0.7868971697486499
9,biMaxInfgain,standard,noAug,noImbl,XGBClassifier_SPW24,first,0.25,0.1,126,2026-05-30 20:17:26,20260530-182225,log/stroke_prediction_v4/9/biMaxInfgain/standard__noAug__noImbl/XGBClassifier_SPW24,1780136562317_d342c02e17801434463668929,0.8962818003913894,0.572707806112517,0.622962962962963,0.5881351034870812,0.925349913352612,0.8962818003913895,0.9095279253714388,0.8962818003913894,0.8962818003913894,0.8962818003913894,0.7952642427281429
9,biMaxInfgain,standard,noAug,noImbl,XGBClassifier_SPW24,first,0.25,0.1,5012,2026-05-30 20:17:28,20260530-182225,log/stroke_prediction_v4/9/biMaxInfgain/standard__noAug__noImbl/XGBClassifier_SPW24,1780136562317_d342c02e17801434483713589,0.87279843444227,0.5527472527472528,0.6106172839506173,0.5642277062751734,0.9225306982645536,0.87279843444227,0.8950442311240838,0.87279843444227,0.87279843444227,0.87279843444227,0.7765996878830388
9,biMaxInfgain,standard,noAug,noImbl,XGBClassifier_SPW24,first,0.25,0.2,42,2026-05-30 20:18:06,20260530-182225,log/stroke_prediction_v4/9/biMaxInfgain/standard__noAug__noImbl/XGBClassifier_SPW24,1780136562317_d342c02e17801434867843545,0.9001956947162426,0.568391719745223,0.6060493827160494,0.5810465396672293,0.923291099006569,0.9001956947162426,0.9109294106932272,0.9001956947162426,0.9001956947162426,0.9001956947162426,0.7936478905873495
9,biMaxInfgain,standard,noAug,noImbl,XGBClassifier_SPW24,first,0.25,0.2,126,2026-05-30 20:18:08,20260530-182225,log/stroke_prediction_v4/9/biMaxInfgain/standard__noAug__noImbl/XGBClassifier_SPW24,1780136562317_d342c02e17801434888296753,0.8904109589041096,0.5344877919320594,0.553477366255144,0.5399726710071537,0.915185193264113,0.8904109589041096,0.9021969999768772,0.8904109589041096,0.8904109589041096,0.8904109589041096,0.7728048693543799
9,biMaxInfgain,standard,noAug,noImbl,XGBClassifier_SPW24,first,0.25,0.2,5012,2026-05-30 20:18:10,20260530-182225,log/stroke_prediction_v4/9/biMaxInfgain/standard__noAug__noImbl/XGBClassifier_SPW24,1780136562317_d342c02e17801434908429362,0.8864970645792564,0.5550715333822449,0.5988477366255145,0.5666959064327485,0.9214676242259432,0.8864970645792564,0.902523546308694,0.8864970645792564,0.8864970645792564,0.8864970645792564,0.782520433166289
9,biMaxInfgain,standard,noAug,noImbl,XGBClassifier_SPW24,last,0.25,0.1,42,2026-05-30 20:18:50,20260530-182225,log/stroke_prediction_v4/9/biMaxInfgain/noAug__noImbl__standard/XGBClassifier_SPW24,1780136562317_d342c02e17801435301290818,0.898238747553816,0.5567959582790091,0.5860493827160493,0.5666101252609603,0.9203181888926028,0.898238747553816,0.908625326328089,0.898238747553816,0.898238747553816,0.898238747553816,0.7868971697486499
9,biMaxInfgain,standard,noAug,noImbl,XGBClassifier_SPW24,last,0.25,0.1,126,2026-05-30 20:18:52,20260530-182225,log/stroke_prediction_v4/9/biMaxInfgain/noAug__noImbl__standard/XGBClassifier_SPW24,1780136562317_d342c02e17801435321872410,0.8962818003913894,0.572707806112517,0.622962962962963,0.5881351034870812,0.925349913352612,0.8962818003913895,0.9095279253714388,0.8962818003913894,0.8962818003913894,0.8962818003913894,0.7952642427281429
9,biMaxInfgain,standard,noAug,noImbl,XGBClassifier_SPW24,last,0.25,0.1,5012,2026-05-30 20:18:54,20260530-182225,log/stroke_prediction_v4/9/biMaxInfgain/noAug__noImbl__standard/XGBClassifier_SPW24,1780136562317_d342c02e17801435343291800,0.87279843444227,0.5527472527472528,0.6106172839506173,0.5642277062751734,0.9225306982645536,0.87279843444227,0.8950442311240838,0.87279843444227,0.87279843444227,0.87279843444227,0.7765996878830388
9,biMaxInfgain,standard,noAug,noImbl,XGBClassifier_SPW24,last,0.25,0.2,42,2026-05-30 20:19:33,20260530-182225,log/stroke_prediction_v4/9/biMaxInfgain/noAug__noImbl__standard/XGBClassifier_SPW24,1780136562317_d342c02e17801435732181273,0.9001956947162426,0.568391719745223,0.6060493827160494,0.5810465396672293,0.923291099006569,0.9001956947162426,0.9109294106932272,0.9001956947162426,0.9001956947162426,0.9001956947162426,0.7936478905873495
9,biMaxInfgain,standard,noAug,noImbl,XGBClassifier_SPW24,last,0.25,0.2,126,2026-05-30 20:19:35,20260530-182225,log/stroke_prediction_v4/9/biMaxInfgain/noAug__noImbl__standard/XGBClassifier_SPW24,1780136562317_d342c02e17801435752303935,0.8904109589041096,0.5344877919320594,0.553477366255144,0.5399726710071537,0.915185193264113,0.8904109589041096,0.9021969999768772,0.8904109589041096,0.8904109589041096,0.8904109589041096,0.7728048693543799
9,biMaxInfgain,standard,noAug,noImbl,XGBClassifier_SPW24,last,0.25,0.2,5012,2026-05-30 20:19:37,20260530-182225,log/stroke_prediction_v4/9/biMaxInfgain/noAug__noImbl__standard/XGBClassifier_SPW24,1780136562317_d342c02e17801435772545564,0.8864970645792564,0.5550715333822449,0.5988477366255145,0.5666959064327485,0.9214676242259432,0.8864970645792564,0.902523546308694,0.8864970645792564,0.8864970645792564,0.8864970645792564,0.782520433166289
9,infgain,minmax,gaussian_noise,noImbl,BalancedRandomForest,first,0.25,0.1,42,2026-05-30 20:20:23,20260530-182225,log/stroke_prediction_v4/9/infgain/minmax__gaussian_noise__noImbl/BalancedRandomForest,1780136562317_d342c02e17801436238630660,0.6868884540117417,0.5460375551527175,0.7215637860082305,0.4988722173188192,0.9395664301467184,0.6868884540117417,0.7757907001157434,0.6868884540117417,0.6868884540117417,0.6868884540117417,0.6866715963506477
9,infgain,minmax,gaussian_noise,noImbl,BalancedRandomForest,first,0.25,0.1,126,2026-05-30 20:20:26,20260530-182225,log/stroke_prediction_v4/9/infgain/minmax__gaussian_noise__noImbl/BalancedRandomForest,1780136562317_d342c02e17801436265283100,0.6614481409001957,0.5525894723092999,0.7651028806584362,0.4939290723301943,0.9477378677455436,0.6614481409001957,0.7566035301899584,0.6614481409001957,0.6614481409001957,0.6614481409001957,0.678702168809429
9,infgain,minmax,gaussian_noise,noImbl,BalancedRandomForest,first,0.25,0.1,5012,2026-05-30 20:20:29,20260530-182225,log/stroke_prediction_v4/9/infgain/minmax__gaussian_noise__noImbl/BalancedRandomForest,1780136562317_d342c02e17801436291896851,0.6594911937377691,0.5342529654804744,0.6692181069958848,0.4748511623511623,0.9324241601467697,0.6594911937377691,0.7557721341967917,0.6594911937377691,0.6594911937377691,0.6594911937377691,0.6619794952396134
9,infgain,minmax,gaussian_noise,noImbl,BalancedRandomForest,first,0.25,0.2,42,2026-05-30 20:21:22,20260530-182225,log/stroke_prediction_v4/9/infgain/minmax__gaussian_noise__noImbl/BalancedRandomForest,1780136562317_d342c02e17801436821569622,0.6771037181996086,0.5516132803366846,0.7543621399176954,0.5002222814972881,0.9451581228863988,0.6771037181996086,0.768453670707057,0.6771037181996086,0.6771037181996086,0.6771037181996086,0.6862562344245728
9,infgain,minmax,gaussian_noise,noImbl,BalancedRandomForest,first,0.25,0.2,126,2026-05-30 20:21:24,20260530-182225,log/stroke_prediction_v4/9/infgain/minmax__gaussian_noise__noImbl/BalancedRandomForest,1780136562317_d342c02e17801436849116698,0.6604696673189824,0.5542025270097051,0.7740740740740741,0.4950096759172897,0.9492763309014536,0.6604696673189824,0.755785935870043,0.6604696673189824,0.6604696673189824,0.6604696673189824,0.679562501894216
9,infgain,minmax,gaussian_noise,noImbl,BalancedRandomForest,first,0.25,0.2,5012,2026-05-30 20:21:27,20260530-182225,log/stroke_prediction_v4/9/infgain/minmax__gaussian_noise__noImbl/BalancedRandomForest,1780136562317_d342c02e17801436876867332,0.6712328767123288,0.5470228575236572,0.7323045267489712,0.4929597429597429,0.9419250564614337,0.6712328767123288,0.7641937847417299,0.6712328767123288,0.6712328767123288,0.6712328767123288,0.6791914239135586
9,infgain,minmax,gaussian_noise,noImbl,BalancedRandomForest,last,0.25,0.1,42,2026-05-30 20:22:18,20260530-182225,log/stroke_prediction_v4/9/infgain/gaussian_noise__noImbl__minmax/BalancedRandomForest,1780136562317_d342c02e17801437389714100,0.6927592954990215,0.5470846989822322,0.7246502057613169,0.5025144947756798,0.9398097808198924,0.6927592954990215,0.7800551692486563,0.6927592954990215,0.6927592954990215,0.6927592954990215,0.690643636359603
9,infgain,minmax,gaussian_noise,noImbl,BalancedRandomForest,last,0.25,0.1,126,2026-05-30 20:22:21,20260530-182225,log/stroke_prediction_v4/9/infgain/gaussian_noise__noImbl__minmax/BalancedRandomForest,1780136562317_d342c02e17801437416042045,0.6555772994129159,0.5551909211419703,0.7809876543209877,0.4936036036036036,0.9507304115941576,0.6555772994129159,0.7519768692371432,0.6555772994129159,0.6555772994129159,0.6555772994129159,0.6777588893969897
9,infgain,minmax,gaussian_noise,noImbl,BalancedRandomForest,last,0.25,0.1,5012,2026-05-30 20:22:24,20260530-182225,log/stroke_prediction_v4/9/infgain/gaussian_noise__noImbl__minmax/BalancedRandomForest,1780136562317_d342c02e17801437442245458,0.6536203522504892,0.5333912324234905,0.6661316872427984,0.4714441827712554,0.9321367305547598,0.6536203522504892,0.7513882298710114,0.6536203522504892,0.6536203522504892,0.6536203522504892,0.6580389678186406
9,infgain,minmax,gaussian_noise,noImbl,BalancedRandomForest,last,0.25,0.2,42,2026-05-30 20:23:14,20260530-182225,log/stroke_prediction_v4/9/infgain/gaussian_noise__noImbl__minmax/BalancedRandomForest,1780136562317_d342c02e17801437949143729,0.6741682974559687,0.5511138382178589,0.7528189300411523,0.4983838374905484,0.9450590167509744,0.6741682974559687,0.7662735434213211,0.6741682974559687,0.6741682974559687,0.6741682974559687,0.6842651046201663
9,infgain,minmax,gaussian_noise,noImbl,BalancedRandomForest,last,0.25,0.2,126,2026-05-30 20:23:17,20260530-182225,log/stroke_prediction_v4/9/infgain/gaussian_noise__noImbl__minmax/BalancedRandomForest,1780136562317_d342c02e17801437975476481,0.649706457925636,0.550763223287185,0.7589300411522634,0.4866396897467125,0.9473965377943668,0.649706457925636,0.7476597596442255,0.649706457925636,0.649706457925636,0.649706457925636,0.6707364808022765
9,infgain,minmax,gaussian_noise,noImbl,BalancedRandomForest,last,0.25,0.2,5012,2026-05-30 20:23:20,20260530-182225,log/stroke_prediction_v4/9/infgain/gaussian_noise__noImbl__minmax/BalancedRandomForest,1780136562317_d342c02e17801438001599609,0.6771037181996086,0.5461861412128963,0.7259053497942387,0.4947324895728462,0.9406502130486768,0.6771037181996086,0.7685863540579845,0.6771037181996086,0.6771037181996086,0.6771037181996086,0.681613484230049
9,infgain,minmax,gaussian_noise,noImbl,EasyEnsemble,first,0.25,0.1,42,2026-05-30 20:20:25,20260530-182225,log/stroke_prediction_v4/9/infgain/minmax__gaussian_noise__noImbl/EasyEnsemble,1780136562317_d342c02e17801436251361335,0.0489236790606653,0.0244618395303326,0.5,0.0466417910447761,0.0023935263728309,0.0489236790606653,0.0045637760317784,0.0489236790606653,0.0489236790606653,0.0489236790606653,0.0799358432760656
9,infgain,minmax,gaussian_noise,noImbl,EasyEnsemble,first,0.25,0.1,126,2026-05-30 20:20:27,20260530-182225,log/stroke_prediction_v4/9/infgain/minmax__gaussian_noise__noImbl/EasyEnsemble,1780136562317_d342c02e17801436278416623,0.0489236790606653,0.0244618395303326,0.5,0.0466417910447761,0.0023935263728309,0.0489236790606653,0.0045637760317784,0.0489236790606653,0.0489236790606653,0.0489236790606653,0.0799358432760656
9,infgain,minmax,gaussian_noise,noImbl,EasyEnsemble,first,0.25,0.1,5012,2026-05-30 20:20:30,20260530-182225,log/stroke_prediction_v4/9/infgain/minmax__gaussian_noise__noImbl/EasyEnsemble,1780136562317_d342c02e17801436304906507,0.0489236790606653,0.0244618395303326,0.5,0.0466417910447761,0.0023935263728309,0.0489236790606653,0.0045637760317784,0.0489236790606653,0.0489236790606653,0.0489236790606653,0.0799358432760656
9,infgain,minmax,gaussian_noise,noImbl,EasyEnsemble,first,0.25,0.2,42,2026-05-30 20:21:23,20260530-182225,log/stroke_prediction_v4/9/infgain/minmax__gaussian_noise__noImbl/EasyEnsemble,1780136562317_d342c02e17801436835374857,0.0489236790606653,0.0244618395303326,0.5,0.0466417910447761,0.0023935263728309,0.0489236790606653,0.0045637760317784,0.0489236790606653,0.0489236790606653,0.0489236790606653,0.0799358432760656
9,infgain,minmax,gaussian_noise,noImbl,EasyEnsemble,first,0.25,0.2,126,2026-05-30 20:21:26,20260530-182225,log/stroke_prediction_v4/9/infgain/minmax__gaussian_noise__noImbl/EasyEnsemble,1780136562317_d342c02e17801436861875233,0.0489236790606653,0.0244618395303326,0.5,0.0466417910447761,0.0023935263728309,0.0489236790606653,0.0045637760317784,0.0489236790606653,0.0489236790606653,0.0489236790606653,0.0799358432760656
9,infgain,minmax,gaussian_noise,noImbl,EasyEnsemble,first,0.25,0.2,5012,2026-05-30 20:21:28,20260530-182225,log/stroke_prediction_v4/9/infgain/minmax__gaussian_noise__noImbl/EasyEnsemble,1780136562317_d342c02e17801436889765083,0.0489236790606653,0.0244618395303326,0.5,0.0466417910447761,0.0023935263728309,0.0489236790606653,0.0045637760317784,0.0489236790606653,0.0489236790606653,0.0489236790606653,0.0799358432760656
9,infgain,minmax,gaussian_noise,noImbl,EasyEnsemble,last,0.25,0.1,42,2026-05-30 20:22:20,20260530-182225,log/stroke_prediction_v4/9/infgain/gaussian_noise__noImbl__minmax/EasyEnsemble,1780136562317_d342c02e17801437402723261,0.0489236790606653,0.0244618395303326,0.5,0.0466417910447761,0.0023935263728309,0.0489236790606653,0.0045637760317784,0.0489236790606653,0.0489236790606653,0.0489236790606653,0.0799358432760656
9,infgain,minmax,gaussian_noise,noImbl,EasyEnsemble,last,0.25,0.1,126,2026-05-30 20:22:22,20260530-182225,log/stroke_prediction_v4/9/infgain/gaussian_noise__noImbl__minmax/EasyEnsemble,1780136562317_d342c02e17801437428521354,0.0489236790606653,0.0244618395303326,0.5,0.0466417910447761,0.0023935263728309,0.0489236790606653,0.0045637760317784,0.0489236790606653,0.0489236790606653,0.0489236790606653,0.0799358432760656
9,infgain,minmax,gaussian_noise,noImbl,EasyEnsemble,last,0.25,0.1,5012,2026-05-30 20:22:25,20260530-182225,log/stroke_prediction_v4/9/infgain/gaussian_noise__noImbl__minmax/EasyEnsemble,1780136562317_d342c02e17801437454945418,0.0489236790606653,0.0244618395303326,0.5,0.0466417910447761,0.0023935263728309,0.0489236790606653,0.0045637760317784,0.0489236790606653,0.0489236790606653,0.0489236790606653,0.0799358432760656
9,infgain,minmax,gaussian_noise,noImbl,EasyEnsemble,last,0.25,0.2,42,2026-05-30 20:23:16,20260530-182225,log/stroke_prediction_v4/9/infgain/gaussian_noise__noImbl__minmax/EasyEnsemble,1780136562317_d342c02e17801437961663019,0.0489236790606653,0.0244618395303326,0.5,0.0466417910447761,0.0023935263728309,0.0489236790606653,0.0045637760317784,0.0489236790606653,0.0489236790606653,0.0489236790606653,0.0799358432760656
9,infgain,minmax,gaussian_noise,noImbl,EasyEnsemble,last,0.25,0.2,126,2026-05-30 20:23:18,20260530-182225,log/stroke_prediction_v4/9/infgain/gaussian_noise__noImbl__minmax/EasyEnsemble,1780136562317_d342c02e17801437988082583,0.0489236790606653,0.0244618395303326,0.5,0.0466417910447761,0.0023935263728309,0.0489236790606653,0.0045637760317784,0.0489236790606653,0.0489236790606653,0.0489236790606653,0.0799358432760656
9,infgain,minmax,gaussian_noise,noImbl,EasyEnsemble,last,0.25,0.2,5012,2026-05-30 20:23:21,20260530-182225,log/stroke_prediction_v4/9/infgain/gaussian_noise__noImbl__minmax/EasyEnsemble,1780136562317_d342c02e17801438014130316,0.0489236790606653,0.0244618395303326,0.5,0.0466417910447761,0.0023935263728309,0.0489236790606653,0.0045637760317784,0.0489236790606653,0.0489236790606653,0.0489236790606653,0.0799358432760656
9,infgain,minmax,gaussian_noise,noImbl,XGBClassifier_SPW24,first,0.25,0.1,42,2026-05-30 20:20:22,20260530-182225,log/stroke_prediction_v4/9/infgain/minmax__gaussian_noise__noImbl/XGBClassifier_SPW24,1780136562317_d342c02e17801436229436246,0.9119373776908024,0.5840732519422863,0.6122222222222222,0.5952795818153017,0.9252591706106066,0.9119373776908024,0.918242510794518,0.9119373776908024,0.9119373776908024,0.9119373776908022,0.8039587294453052
9,infgain,minmax,gaussian_noise,noImbl,XGBClassifier_SPW24,first,0.25,0.1,126,2026-05-30 20:20:25,20260530-182225,log/stroke_prediction_v4/9/infgain/minmax__gaussian_noise__noImbl/XGBClassifier_SPW24,1780136562317_d342c02e17801436255525271,0.9080234833659492,0.5448371448371448,0.5532510288065844,0.5484253078875623,0.9160763955284504,0.9080234833659492,0.91196644581637,0.9080234833659492,0.9080234833659492,0.9080234833659492,0.7836846133191873
9,infgain,minmax,gaussian_noise,noImbl,XGBClassifier_SPW24,first,0.25,0.1,5012,2026-05-30 20:20:28,20260530-182225,log/stroke_prediction_v4/9/infgain/minmax__gaussian_noise__noImbl/XGBClassifier_SPW24,1780136562317_d342c02e17801436282661281,0.9119373776908024,0.5180527036276522,0.5173662551440329,0.5176919688738804,0.9102359320145036,0.9119373776908024,0.911084032650073,0.9119373776908024,0.9119373776908024,0.9119373776908022,0.7736568403835327
9,infgain,minmax,gaussian_noise,noImbl,XGBClassifier_SPW24,first,0.25,0.2,42,2026-05-30 20:21:21,20260530-182225,log/stroke_prediction_v4/9/infgain/minmax__gaussian_noise__noImbl/XGBClassifier_SPW24,1780136562317_d342c02e17801436810937671,0.923679060665362,0.5899382716049383,0.5899382716049383,0.5899382716049383,0.923679060665362,0.923679060665362,0.923679060665362,0.923679060665362,0.923679060665362,0.923679060665362,0.8068697844942135
9,infgain,minmax,gaussian_noise,noImbl,XGBClassifier_SPW24,first,0.25,0.2,126,2026-05-30 20:21:23,20260530-182225,log/stroke_prediction_v4/9/infgain/minmax__gaussian_noise__noImbl/XGBClassifier_SPW24,1780136562317_d342c02e17801436839957473,0.8953033268101761,0.5674903190116172,0.612962962962963,0.5814345151745969,0.9239096506039184,0.8953033268101762,0.9084255257147146,0.8953033268101761,0.8953033268101761,0.895303326810176,0.7920366301153169
9,infgain,minmax,gaussian_noise,noImbl,XGBClassifier_SPW24,first,0.25,0.2,5012,2026-05-30 20:21:26,20260530-182225,log/stroke_prediction_v4/9/infgain/minmax__gaussian_noise__noImbl/XGBClassifier_SPW24,1780136562317_d342c02e17801436866507409,0.8884540117416829,0.5567321178120617,0.5998765432098766,0.5686230950370996,0.9217053710377308,0.888454011741683,0.9037186691298564,0.8884540117416829,0.8884540117416829,0.8884540117416829,0.7840642725276832
9,infgain,minmax,gaussian_noise,noImbl,XGBClassifier_SPW24,last,0.25,0.1,42,2026-05-30 20:22:17,20260530-182225,log/stroke_prediction_v4/9/infgain/gaussian_noise__noImbl__minmax/XGBClassifier_SPW24,1780136562317_d342c02e17801437379336876,0.9080234833659492,0.5872927562034049,0.6291358024691358,0.6024794345962229,0.9271935957940552,0.9080234833659492,0.9168897169239992,0.9080234833659492,0.9080234833659492,0.9080234833659492,0.8054769815210724
9,infgain,minmax,gaussian_noise,noImbl,XGBClassifier_SPW24,last,0.25,0.1,126,2026-05-30 20:22:20,20260530-182225,log/stroke_prediction_v4/9/infgain/gaussian_noise__noImbl__minmax/XGBClassifier_SPW24,1780136562317_d342c02e17801437406952363,0.9178082191780822,0.5719314355677991,0.577366255144033,0.5745043616177637,0.9208355870871436,0.9178082191780822,0.9193040965530728,0.9178082191780822,0.9178082191780822,0.9178082191780822,0.7982078841767559
9,infgain,minmax,gaussian_noise,noImbl,XGBClassifier_SPW24,last,0.25,0.1,5012,2026-05-30 20:22:23,20260530-182225,log/stroke_prediction_v4/9/infgain/gaussian_noise__noImbl__minmax/XGBClassifier_SPW24,1780136562317_d342c02e17801437432788932,0.9158512720156556,0.5685817805383022,0.5763374485596708,0.5721518001440894,0.9204306499252471,0.9158512720156556,0.9181025785999672,0.9158512720156556,0.9158512720156556,0.9158512720156556,0.7964136535201926
9,infgain,minmax,gaussian_noise,noImbl,XGBClassifier_SPW24,last,0.25,0.2,42,2026-05-30 20:23:14,20260530-182225,log/stroke_prediction_v4/9/infgain/gaussian_noise__noImbl__minmax/XGBClassifier_SPW24,1780136562317_d342c02e17801437940182414,0.913894324853229,0.5769825268817205,0.5942798353909464,0.5843685300207039,0.9228986490751848,0.913894324853229,0.9182397199499216,0.913894324853229,0.913894324853229,0.913894324853229,0.8003650685716703
9,infgain,minmax,gaussian_noise,noImbl,XGBClassifier_SPW24,last,0.25,0.2,126,2026-05-30 20:23:16,20260530-182225,log/stroke_prediction_v4/9/infgain/gaussian_noise__noImbl__minmax/XGBClassifier_SPW24,1780136562317_d342c02e17801437965961170,0.8864970645792564,0.5507597007947639,0.5893621399176955,0.5610550791605574,0.920150929206819,0.8864970645792564,0.90202952297424,0.8864970645792564,0.8864970645792564,0.8864970645792564,0.7800887931438499
9,infgain,minmax,gaussian_noise,noImbl,XGBClassifier_SPW24,last,0.25,0.2,5012,2026-05-30 20:23:19,20260530-182225,log/stroke_prediction_v4/9/infgain/gaussian_noise__noImbl__minmax/XGBClassifier_SPW24,1780136562317_d342c02e17801437992427125,0.8933463796477495,0.5311580429426258,0.5455349794238683,0.5355997915581032,0.9141140595046948,0.8933463796477495,0.9033170203414408,0.8933463796477495,0.8933463796477495,0.8933463796477495,0.7722567818311502
9,infgain,minmax,mixup,noImbl,BalancedRandomForest,first,0.25,0.1,42,2026-05-30 20:24:07,20260530-182225,log/stroke_prediction_v4/9/infgain/minmax__mixup__noImbl/BalancedRandomForest,1780136562317_d342c02e17801438475747931,0.6203522504892368,0.5360252987541316,0.6865843621399177,0.4591117415975556,0.9367956570003528,0.6203522504892368,0.7255342311999393,0.6203522504892368,0.6203522504892368,0.6203522504892368,0.6417783279047592
9,infgain,minmax,mixup,noImbl,BalancedRandomForest,first,0.25,0.1,126,2026-05-30 20:24:09,20260530-182225,log/stroke_prediction_v4/9/infgain/minmax__mixup__noImbl/BalancedRandomForest,1780136562317_d342c02e17801438498771173,0.6262230919765166,0.5509008014135167,0.7655555555555555,0.4753903625466957,0.9500223640519412,0.6262230919765166,0.7291636773902996,0.6262230919765166,0.6262230919765166,0.6262230919765166,0.6578202148832573
9,infgain,minmax,mixup,noImbl,BalancedRandomForest,first,0.25,0.1,5012,2026-05-30 20:24:12,20260530-182225,log/stroke_prediction_v4/9/infgain/minmax__mixup__noImbl/BalancedRandomForest,1780136562317_d342c02e17801438521905001,0.5772994129158513,0.5308464182848648,0.6639506172839507,0.4341781496062992,0.934899824414766,0.5772994129158513,0.6909053962432778,0.5772994129158513,0.5772994129158513,0.5772994129158513,0.6126519830421351
9,infgain,minmax,mixup,noImbl,BalancedRandomForest,first,0.25,0.2,42,2026-05-30 20:24:55,20260530-182225,log/stroke_prediction_v4/9/infgain/minmax__mixup__noImbl/BalancedRandomForest,1780136562317_d342c02e17801438959741123,0.5958904109589042,0.5417759846391244,0.7211522633744856,0.4525153867605761,0.944142928726519,0.5958904109589042,0.705272121580573,0.5958904109589042,0.5958904109589042,0.5958904109589042,0.6327314083087467
9,infgain,minmax,mixup,noImbl,BalancedRandomForest,first,0.25,0.2,126,2026-05-30 20:24:58,20260530-182225,log/stroke_prediction_v4/9/infgain/minmax__mixup__noImbl/BalancedRandomForest,1780136562317_d342c02e17801438982539285,0.5743639921722113,0.5445483045794626,0.7382921810699589,0.4439114451147588,0.9488139510576146,0.5743639921722113,0.6868957852904582,0.5743639921722113,0.5743639921722113,0.5743639921722113,0.6225321251003705
9,infgain,minmax,mixup,noImbl,BalancedRandomForest,first,0.25,0.2,5012,2026-05-30 20:25:00,20260530-182225,log/stroke_prediction_v4/9/infgain/minmax__mixup__noImbl/BalancedRandomForest,1780136562317_d342c02e17801439005389718,0.5939334637964775,0.5415422431568687,0.7201234567901235,0.4513500542660628,0.944081455071196,0.5939334637964775,0.7036761647978138,0.5939334637964775,0.5939334637964775,0.5939334637964775,0.6314020338799912
9,infgain,minmax,mixup,noImbl,BalancedRandomForest,last,0.25,0.1,42,2026-05-30 20:25:44,20260530-182225,log/stroke_prediction_v4/9/infgain/mixup__noImbl__minmax/BalancedRandomForest,1780136562317_d342c02e17801439449042614,0.6144814090019569,0.5352713178294574,0.6834979423868313,0.4556922328259752,0.9365444170659664,0.6144814090019569,0.7209161828880315,0.6144814090019569,0.6144814090019569,0.6144814090019569,0.6378151936861092
9,infgain,minmax,mixup,noImbl,BalancedRandomForest,last,0.25,0.1,126,2026-05-30 20:25:47,20260530-182225,log/stroke_prediction_v4/9/infgain/mixup__noImbl__minmax/BalancedRandomForest,1780136562317_d342c02e17801439472180437,0.5929549902152642,0.5466722413205735,0.7480658436213992,0.4551345144356955,0.9492448307630712,0.5929549902152642,0.7023533445305638,0.5929549902152642,0.5929549902152642,0.5929549902152642,0.6352034665015488
9,infgain,minmax,mixup,noImbl,BalancedRandomForest,last,0.25,0.1,5012,2026-05-30 20:25:49,20260530-182225,log/stroke_prediction_v4/9/infgain/mixup__noImbl__minmax/BalancedRandomForest,1780136562317_d342c02e17801439494927205,0.5518590998043053,0.5316203106772273,0.6695473251028807,0.4222910094442552,0.9372760405721394,0.5518590998043053,0.6691128675268301,0.5518590998043053,0.5518590998043053,0.5518590998043053,0.5982985891026096
9,infgain,minmax,mixup,noImbl,BalancedRandomForest,last,0.25,0.2,42,2026-05-30 20:26:33,20260530-182225,log/stroke_prediction_v4/9/infgain/mixup__noImbl__minmax/BalancedRandomForest,1780136562317_d342c02e17801439934290522,0.6144814090019569,0.5423314138267409,0.721440329218107,0.4620678967815023,0.943068134016796,0.6144814090019569,0.7203863862433758,0.6144814090019569,0.6144814090019569,0.6144814090019569,0.6438446937606787
9,infgain,minmax,mixup,noImbl,BalancedRandomForest,last,0.25,0.2,126,2026-05-30 20:26:35,20260530-182225,log/stroke_prediction_v4/9/infgain/mixup__noImbl__minmax/BalancedRandomForest,1780136562317_d342c02e17801439956938985,0.589041095890411,0.5462121212121211,0.746008230452675,0.4527680319843342,0.9491541074711328,0.589041095890411,0.6991283553596337,0.589041095890411,0.589041095890411,0.589041095890411,0.6325383423713523
9,infgain,minmax,mixup,noImbl,BalancedRandomForest,last,0.25,0.2,5012,2026-05-30 20:26:37,20260530-182225,log/stroke_prediction_v4/9/infgain/mixup__noImbl__minmax/BalancedRandomForest,1780136562317_d342c02e17801439979722696,0.6007827788649707,0.5441190209267563,0.7332098765432099,0.4569267316829207,0.9459958272270148,0.6007827788649707,0.7090850501275024,0.6007827788649707,0.6007827788649707,0.6007827788649707,0.6375473512872496
9,infgain,minmax,mixup,noImbl,EasyEnsemble,first,0.25,0.1,42,2026-05-30 20:24:08,20260530-182225,log/stroke_prediction_v4/9/infgain/minmax__mixup__noImbl/EasyEnsemble,1780136562317_d342c02e17801438486700546,0.0587084148727984,0.5247035573122529,0.5051440329218106,0.0572642786733711,0.9534934987585374,0.0587084148727984,0.0239769392765722,0.0587084148727984,0.0587084148727984,0.0587084148727984,0.2340036575408709
9,infgain,minmax,mixup,noImbl,EasyEnsemble,first,0.25,0.1,126,2026-05-30 20:24:10,20260530-182225,log/stroke_prediction_v4/9/infgain/minmax__mixup__noImbl/EasyEnsemble,1780136562317_d342c02e17801438509629167,0.0900195694716242,0.5255102040816326,0.5216049382716049,0.0899638076635836,0.9535724270138584,0.0900195694716241,0.0835372592868986,0.0900195694716242,0.0900195694716242,0.0900195694716242,0.2621017447679316
9,infgain,minmax,mixup,noImbl,EasyEnsemble,first,0.25,0.1,5012,2026-05-30 20:24:13,20260530-182225,log/stroke_prediction_v4/9/infgain/minmax__mixup__noImbl/EasyEnsemble,1780136562317_d342c02e17801438533011637,0.1839530332681017,0.5202304737516005,0.5520164609053497,0.1772861527769734,0.940349444111744,0.1839530332681017,0.2440998898728466,0.1839530332681017,0.1839530332681017,0.1839530332681017,0.338048757581583
9,infgain,minmax,mixup,noImbl,EasyEnsemble,first,0.25,0.2,42,2026-05-30 20:24:57,20260530-182225,log/stroke_prediction_v4/9/infgain/minmax__mixup__noImbl/EasyEnsemble,1780136562317_d342c02e17801438970493330,0.2876712328767123,0.5295396446232504,0.6160288065843621,0.2604714591856613,0.9502994099634544,0.2876712328767122,0.3884214150180539,0.2876712328767123,0.2876712328767123,0.2876712328767123,0.4219892103983487
9,infgain,minmax,mixup,noImbl,EasyEnsemble,first,0.25,0.2,126,2026-05-30 20:24:59,20260530-182225,log/stroke_prediction_v4/9/infgain/minmax__mixup__noImbl/EasyEnsemble,1780136562317_d342c02e17801438993484567,0.0753424657534246,0.5251256281407035,0.5138888888888888,0.0748739169791801,0.9535347972740414,0.0753424657534245,0.0560912226377258,0.0753424657534246,0.0753424657534246,0.0753424657534246,0.249036688674269
9,infgain,minmax,mixup,noImbl,EasyEnsemble,first,0.25,0.2,5012,2026-05-30 20:25:01,20260530-182225,log/stroke_prediction_v4/9/infgain/minmax__mixup__noImbl/EasyEnsemble,1780136562317_d342c02e17801439016700846,0.3424657534246575,0.5301367101598006,0.6353497942386831,0.2991771159874608,0.9480899036617376,0.3424657534246574,0.456311461330356,0.3424657534246575,0.3424657534246575,0.3424657534246575,0.4616672287735575
9,infgain,minmax,mixup,noImbl,EasyEnsemble,last,0.25,0.1,42,2026-05-30 20:25:45,20260530-182225,log/stroke_prediction_v4/9/infgain/mixup__noImbl__minmax/EasyEnsemble,1780136562317_d342c02e17801439459974160,0.2309197651663405,0.523582995951417,0.5767078189300412,0.2162117859191868,0.943887511191044,0.2309197651663405,0.3130743349611554,0.2309197651663405,0.2309197651663405,0.2309197651663405,0.3761786568058377
9,infgain,minmax,mixup,noImbl,EasyEnsemble,last,0.25,0.1,126,2026-05-30 20:25:48,20260530-182225,log/stroke_prediction_v4/9/infgain/mixup__noImbl__minmax/EasyEnsemble,1780136562317_d342c02e17801439483004705,0.086105675146771,0.5254065040650406,0.5195473251028806,0.0859796617959668,0.9535622802411976,0.086105675146771,0.0762976360091769,0.086105675146771,0.086105675146771,0.086105675146771,0.2586354756703918
9,infgain,minmax,mixup,noImbl,EasyEnsemble,last,0.25,0.1,5012,2026-05-30 20:25:50,20260530-182225,log/stroke_prediction_v4/9/infgain/mixup__noImbl__minmax/EasyEnsemble,1780136562317_d342c02e17801439505684420,0.1761252446183953,0.5195643404598628,0.5479012345679012,0.1705217133140805,0.9395256751625592,0.1761252446183952,0.2320271402495348,0.1761252446183953,0.1761252446183953,0.1761252446183953,0.3315315509009326
9,infgain,minmax,mixup,noImbl,EasyEnsemble,last,0.25,0.2,42,2026-05-30 20:26:34,20260530-182225,log/stroke_prediction_v4/9/infgain/mixup__noImbl__minmax/EasyEnsemble,1780136562317_d342c02e17801439945069321,0.4070450097847358,0.5341071132482176,0.6693004115226338,0.3425936540690639,0.949537111096906,0.4070450097847358,0.5282941227248436,0.4070450097847358,0.4070450097847358,0.4070450097847358,0.508745634019756
9,infgain,minmax,mixup,noImbl,EasyEnsemble,last,0.25,0.2,126,2026-05-30 20:26:36,20260530-182225,log/stroke_prediction_v4/9/infgain/mixup__noImbl__minmax/EasyEnsemble,1780136562317_d342c02e17801439967735776,0.0792563600782778,0.5252270433905146,0.5159465020576132,0.0789380178388944,0.9535447204883086,0.0792563600782778,0.0634900418014459,0.0792563600782778,0.0792563600782778,0.0792563600782778,0.2525385795710058
9,infgain,minmax,mixup,noImbl,EasyEnsemble,last,0.25,0.2,5012,2026-05-30 20:26:39,20260530-182225,log/stroke_prediction_v4/9/infgain/mixup__noImbl__minmax/EasyEnsemble,1780136562317_d342c02e17801439990434647,0.3590998043052837,0.5311215397673995,0.6440946502057613,0.3106278506719064,0.948500592651796,0.3590998043052837,0.4755398110039135,0.3590998043052837,0.3590998043052837,0.3590998043052837,0.473936749235982
9,infgain,minmax,mixup,noImbl,XGBClassifier_SPW24,first,0.25,0.1,42,2026-05-30 20:24:06,20260530-182225,log/stroke_prediction_v4/9/infgain/minmax__mixup__noImbl/XGBClassifier_SPW24,1780136562317_d342c02e17801438468291540,0.9021526418786692,0.5706757931334202,0.6070781893004116,0.5832789665970772,0.9235876344072304,0.9021526418786692,0.9121397368539316,0.9021526418786692,0.9021526418786692,0.9021526418786692,0.7953080239532251
9,infgain,minmax,mixup,noImbl,XGBClassifier_SPW24,first,0.25,0.1,126,2026-05-30 20:24:09,20260530-182225,log/stroke_prediction_v4/9/infgain/minmax__mixup__noImbl/XGBClassifier_SPW24,1780136562317_d342c02e17801438491351518,0.929549902152642,0.5434811827956989,0.5266255144032922,0.5316700610997963,0.9134971487490264,0.929549902152642,0.921102347140904,0.929549902152642,0.929549902152642,0.929549902152642,0.7880962066919635
9,infgain,minmax,mixup,noImbl,XGBClassifier_SPW24,first,0.25,0.1,5012,2026-05-30 20:24:11,20260530-182225,log/stroke_prediction_v4/9/infgain/minmax__mixup__noImbl/XGBClassifier_SPW24,1780136562317_d342c02e17801438514668983,0.9060665362035224,0.5132767064585246,0.5142798353909465,0.5137192704203013,0.9095045215842228,0.9060665362035224,0.9077761103463686,0.9060665362035224,0.9060665362035224,0.9060665362035226,0.7693570279397788
9,infgain,minmax,mixup,noImbl,XGBClassifier_SPW24,first,0.25,0.2,42,2026-05-30 20:24:55,20260530-182225,log/stroke_prediction_v4/9/infgain/minmax__mixup__noImbl/XGBClassifier_SPW24,1780136562317_d342c02e17801438952672392,0.9256360078277888,0.6004526748971194,0.6004526748971194,0.6004526748971194,0.9256360078277888,0.9256360078277888,0.9256360078277888,0.9256360078277888,0.9256360078277888,0.9256360078277884,0.8118218413020541
9,infgain,minmax,mixup,noImbl,XGBClassifier_SPW24,first,0.25,0.2,126,2026-05-30 20:24:57,20260530-182225,log/stroke_prediction_v4/9/infgain/minmax__mixup__noImbl/XGBClassifier_SPW24,1780136562317_d342c02e17801438975276830,0.898238747553816,0.5616109341825902,0.5955349794238682,0.5728317659352142,0.9216699178580776,0.898238747553816,0.9091829285499574,0.898238747553816,0.898238747553816,0.898238747553816,0.7894792863407557
9,infgain,minmax,mixup,noImbl,XGBClassifier_SPW24,first,0.25,0.2,5012,2026-05-30 20:24:59,20260530-182225,log/stroke_prediction_v4/9/infgain/minmax__mixup__noImbl/XGBClassifier_SPW24,1780136562317_d342c02e17801438998207361,0.8992172211350293,0.5626602413520008,0.5960493827160493,0.5738822434068047,0.921810166537131,0.8992172211350293,0.9097824107812988,0.8992172211350293,0.8992172211350293,0.8992172211350293,0.7902885656427452
9,infgain,minmax,mixup,noImbl,XGBClassifier_SPW24,last,0.25,0.1,42,2026-05-30 20:25:44,20260530-182225,log/stroke_prediction_v4/9/infgain/mixup__noImbl__minmax/XGBClassifier_SPW24,1780136562317_d342c02e17801439441616878,0.9197651663405088,0.5874741200828157,0.5973662551440329,0.5920517164164574,0.9241470262911596,0.9197651663405088,0.9219117609906664,0.9197651663405088,0.9197651663405088,0.9197651663405088,0.8058993282990728
9,infgain,minmax,mixup,noImbl,XGBClassifier_SPW24,last,0.25,0.1,126,2026-05-30 20:25:46,20260530-182225,log/stroke_prediction_v4/9/infgain/mixup__noImbl__minmax/XGBClassifier_SPW24,1780136562317_d342c02e17801439464664354,0.923679060665362,0.5525967413441955,0.5425102880658437,0.5467076083248039,0.9158004551596048,0.923679060665362,0.9196343025930384,0.923679060665362,0.923679060665362,0.923679060665362,0.7905136593607853
9,infgain,minmax,mixup,noImbl,XGBClassifier_SPW24,last,0.25,0.1,5012,2026-05-30 20:25:48,20260530-182225,log/stroke_prediction_v4/9/infgain/mixup__noImbl__minmax/XGBClassifier_SPW24,1780136562317_d342c02e17801439487704157,0.8923679060665362,0.5304328474463114,0.5450205761316872,0.5348163596338779,0.914000806121998,0.892367906066536,0.9027432857621268,0.8923679060665362,0.8923679060665362,0.8923679060665362,0.7715265322060146
9,infgain,minmax,mixup,noImbl,XGBClassifier_SPW24,last,0.25,0.2,42,2026-05-30 20:26:32,20260530-182225,log/stroke_prediction_v4/9/infgain/mixup__noImbl__minmax/XGBClassifier_SPW24,1780136562317_d342c02e17801439926610039,0.9187866927592956,0.5855740387237524,0.5968518518518517,0.5907246488692891,0.923924332799491,0.9187866927592954,0.921296457029492,0.9187866927592956,0.9187866927592956,0.9187866927592956,0.8049528653260447
9,infgain,minmax,mixup,noImbl,XGBClassifier_SPW24,last,0.25,0.2,126,2026-05-30 20:26:34,20260530-182225,log/stroke_prediction_v4/9/infgain/mixup__noImbl__minmax/XGBClassifier_SPW24,1780136562317_d342c02e17801439949753965,0.898238747553816,0.5567959582790091,0.5860493827160493,0.5666101252609603,0.9203181888926028,0.898238747553816,0.908625326328089,0.898238747553816,0.898238747553816,0.898238747553816,0.7868971697486499
9,infgain,minmax,mixup,noImbl,XGBClassifier_SPW24,last,0.25,0.2,5012,2026-05-30 20:26:37,20260530-182225,log/stroke_prediction_v4/9/infgain/mixup__noImbl__minmax/XGBClassifier_SPW24,1780136562317_d342c02e17801439972593299,0.8953033268101761,0.5383526927138331,0.5560493827160494,0.5441208963001564,0.9157706796826728,0.8953033268101761,0.9050910199682036,0.8953033268101761,0.8953033268101761,0.895303326810176,0.7765203936755798
9,infgain,minmax,noAug,noImbl,BalancedRandomForest,first,0.25,0.1,42,2026-05-30 20:27:19,20260530-182225,log/stroke_prediction_v4/9/infgain/minmax__noAug__noImbl/BalancedRandomForest,1780136562317_d342c02e17801440397350098,0.6027397260273972,0.5338119899560576,0.6773251028806584,0.4488765865657923,0.9360358675369124,0.6027397260273972,0.7115836506094956,0.6027397260273972,0.6027397260273972,0.6027397260273972,0.6298822220246147
9,infgain,minmax,noAug,noImbl,BalancedRandomForest,first,0.25,0.1,126,2026-05-30 20:27:21,20260530-182225,log/stroke_prediction_v4/9/infgain/minmax__noAug__noImbl/BalancedRandomForest,1780136562317_d342c02e17801440418134091,0.5929549902152642,0.5466722413205735,0.7480658436213992,0.4551345144356955,0.9492448307630712,0.5929549902152642,0.7023533445305638,0.5929549902152642,0.5929549902152642,0.5929549902152642,0.6352034665015488
9,infgain,minmax,noAug,noImbl,BalancedRandomForest,first,0.25,0.1,5012,2026-05-30 20:27:23,20260530-182225,log/stroke_prediction_v4/9/infgain/minmax__noAug__noImbl/BalancedRandomForest,1780136562317_d342c02e17801440439165792,0.5518590998043053,0.5316203106772273,0.6695473251028807,0.4222910094442552,0.9372760405721394,0.5518590998043053,0.6691128675268301,0.5518590998043053,0.5518590998043053,0.5518590998043053,0.5982985891026096
9,infgain,minmax,noAug,noImbl,BalancedRandomForest,first,0.25,0.2,42,2026-05-30 20:28:03,20260530-182225,log/stroke_prediction_v4/9/infgain/minmax__noAug__noImbl/BalancedRandomForest,1780136562317_d342c02e17801440832810382,0.5998043052837574,0.5404956003384055,0.7137242798353909,0.453342278684301,0.9425737323943936,0.5998043052837574,0.7086125783529187,0.5998043052837574,0.5998043052837574,0.5998043052837574,0.6338943119259048
9,infgain,minmax,noAug,noImbl,BalancedRandomForest,first,0.25,0.2,126,2026-05-30 20:28:05,20260530-182225,log/stroke_prediction_v4/9/infgain/minmax__noAug__noImbl/BalancedRandomForest,1780136562317_d342c02e17801440853919034,0.5645792563600783,0.5434896083210193,0.7331481481481481,0.4380167535980446,0.948586597737942,0.5645792563600783,0.6786159856528796,0.5645792563600783,0.5645792563600783,0.5645792563600783,0.6158490488523808
9,infgain,minmax,noAug,noImbl,BalancedRandomForest,first,0.25,0.2,5012,2026-05-30 20:28:07,20260530-182225,log/stroke_prediction_v4/9/infgain/minmax__noAug__noImbl/BalancedRandomForest,1780136562317_d342c02e17801440874565071,0.589041095890411,0.5444646449017484,0.736522633744856,0.451338292813866,0.947400799916914,0.589041095890411,0.6993109186665504,0.589041095890411,0.589041095890411,0.589041095890411,0.6310526279345786
9,infgain,minmax,noAug,noImbl,BalancedRandomForest,last,0.25,0.1,42,2026-05-30 20:28:47,20260530-182225,log/stroke_prediction_v4/9/infgain/noAug__noImbl__minmax/BalancedRandomForest,1780136562317_d342c02e17801441271204852,0.6027397260273972,0.5338119899560576,0.6773251028806584,0.4488765865657923,0.9360358675369124,0.6027397260273972,0.7115836506094956,0.6027397260273972,0.6027397260273972,0.6027397260273972,0.6298822220246147
9,infgain,minmax,noAug,noImbl,BalancedRandomForest,last,0.25,0.1,126,2026-05-30 20:28:49,20260530-182225,log/stroke_prediction_v4/9/infgain/noAug__noImbl__minmax/BalancedRandomForest,1780136562317_d342c02e17801441291658653,0.5929549902152642,0.5466722413205735,0.7480658436213992,0.4551345144356955,0.9492448307630712,0.5929549902152642,0.7023533445305638,0.5929549902152642,0.5929549902152642,0.5929549902152642,0.6352034665015488
9,infgain,minmax,noAug,noImbl,BalancedRandomForest,last,0.25,0.1,5012,2026-05-30 20:28:51,20260530-182225,log/stroke_prediction_v4/9/infgain/noAug__noImbl__minmax/BalancedRandomForest,1780136562317_d342c02e17801441312809085,0.5518590998043053,0.5316203106772273,0.6695473251028807,0.4222910094442552,0.9372760405721394,0.5518590998043053,0.6691128675268301,0.5518590998043053,0.5518590998043053,0.5518590998043053,0.5982985891026096
9,infgain,minmax,noAug,noImbl,BalancedRandomForest,last,0.25,0.2,42,2026-05-30 20:29:30,20260530-182225,log/stroke_prediction_v4/9/infgain/noAug__noImbl__minmax/BalancedRandomForest,1780136562317_d342c02e17801441703932673,0.5998043052837574,0.5404956003384055,0.7137242798353909,0.453342278684301,0.9425737323943936,0.5998043052837574,0.7086125783529187,0.5998043052837574,0.5998043052837574,0.5998043052837574,0.6338943119259048
9,infgain,minmax,noAug,noImbl,BalancedRandomForest,last,0.25,0.2,126,2026-05-30 20:29:32,20260530-182225,log/stroke_prediction_v4/9/infgain/noAug__noImbl__minmax/BalancedRandomForest,1780136562317_d342c02e17801441724352353,0.5645792563600783,0.5434896083210193,0.7331481481481481,0.4380167535980446,0.948586597737942,0.5645792563600783,0.6786159856528796,0.5645792563600783,0.5645792563600783,0.5645792563600783,0.6158490488523808
9,infgain,minmax,noAug,noImbl,BalancedRandomForest,last,0.25,0.2,5012,2026-05-30 20:29:34,20260530-182225,log/stroke_prediction_v4/9/infgain/noAug__noImbl__minmax/BalancedRandomForest,1780136562317_d342c02e17801441744544518,0.589041095890411,0.5444646449017484,0.736522633744856,0.451338292813866,0.947400799916914,0.589041095890411,0.6993109186665504,0.589041095890411,0.589041095890411,0.589041095890411,0.6310526279345786
9,infgain,minmax,noAug,noImbl,EasyEnsemble,first,0.25,0.1,42,2026-05-30 20:27:20,20260530-182225,log/stroke_prediction_v4/9/infgain/minmax__noAug__noImbl/EasyEnsemble,1780136562317_d342c02e17801440407103945,0.0763209393346379,0.5251509054325956,0.51440329218107,0.0758927203065134,0.9535372705902736,0.0763209393346379,0.0579464501278388,0.0763209393346379,0.0763209393346379,0.0763209393346379,0.2499133981194018
9,infgain,minmax,noAug,noImbl,EasyEnsemble,first,0.25,0.1,126,2026-05-30 20:27:22,20260530-182225,log/stroke_prediction_v4/9/infgain/minmax__noAug__noImbl/EasyEnsemble,1780136562317_d342c02e17801440427764526,0.0587084148727984,0.5247035573122529,0.5051440329218106,0.0572642786733711,0.9534934987585374,0.0587084148727984,0.0239769392765722,0.0587084148727984,0.0587084148727984,0.0587084148727984,0.2340036575408709
9,infgain,minmax,noAug,noImbl,EasyEnsemble,first,0.25,0.1,5012,2026-05-30 20:27:24,20260530-182225,log/stroke_prediction_v4/9/infgain/minmax__noAug__noImbl/EasyEnsemble,1780136562317_d342c02e17801440448820967,0.1565557729941291,0.5176597882371127,0.5376131687242798,0.1532351391980683,0.9369770452321136,0.1565557729941291,0.2010730198225684,0.1565557729941291,0.1565557729941291,0.1565557729941291,0.3149935332700977
9,infgain,minmax,noAug,noImbl,EasyEnsemble,first,0.25,0.2,42,2026-05-30 20:28:04,20260530-182225,log/stroke_prediction_v4/9/infgain/minmax__noAug__noImbl/EasyEnsemble,1780136562317_d342c02e17801440842541925,0.2808219178082192,0.5318471337579618,0.6219135802469136,0.255910016195896,0.9541924788412878,0.2808219178082191,0.378737680829917,0.2808219178082192,0.2808219178082192,0.2808219178082192,0.4183212409617758
9,infgain,minmax,noAug,noImbl,EasyEnsemble,first,0.25,0.2,126,2026-05-30 20:28:06,20260530-182225,log/stroke_prediction_v4/9/infgain/minmax__noAug__noImbl/EasyEnsemble,1780136562317_d342c02e17801440864077724,0.0665362035225048,0.5249003984063745,0.5092592592592593,0.0656201483525961,0.953512759139567,0.0665362035225048,0.039226308769601,0.0665362035225048,0.0665362035225048,0.0665362035225048,0.2411086916578514
9,infgain,minmax,noAug,noImbl,EasyEnsemble,first,0.25,0.2,5012,2026-05-30 20:28:08,20260530-182225,log/stroke_prediction_v4/9/infgain/minmax__noAug__noImbl/EasyEnsemble,1780136562317_d342c02e17801440884455031,0.3590998043052837,0.5311215397673995,0.6440946502057613,0.3106278506719064,0.948500592651796,0.3590998043052837,0.4755398110039135,0.3590998043052837,0.3590998043052837,0.3590998043052837,0.473936749235982
9,infgain,minmax,noAug,noImbl,EasyEnsemble,last,0.25,0.1,42,2026-05-30 20:28:48,20260530-182225,log/stroke_prediction_v4/9/infgain/noAug__noImbl__minmax/EasyEnsemble,1780136562317_d342c02e17801441281010124,0.0763209393346379,0.5251509054325956,0.51440329218107,0.0758927203065134,0.9535372705902736,0.0763209393346379,0.0579464501278388,0.0763209393346379,0.0763209393346379,0.0763209393346379,0.2499133981194018
9,infgain,minmax,noAug,noImbl,EasyEnsemble,last,0.25,0.1,126,2026-05-30 20:28:50,20260530-182225,log/stroke_prediction_v4/9/infgain/noAug__noImbl__minmax/EasyEnsemble,1780136562317_d342c02e17801441301592966,0.0587084148727984,0.5247035573122529,0.5051440329218106,0.0572642786733711,0.9534934987585374,0.0587084148727984,0.0239769392765722,0.0587084148727984,0.0587084148727984,0.0587084148727984,0.2340036575408709
9,infgain,minmax,noAug,noImbl,EasyEnsemble,last,0.25,0.1,5012,2026-05-30 20:28:52,20260530-182225,log/stroke_prediction_v4/9/infgain/noAug__noImbl__minmax/EasyEnsemble,1780136562317_d342c02e17801441322564978,0.1565557729941291,0.5176597882371127,0.5376131687242798,0.1532351391980683,0.9369770452321136,0.1565557729941291,0.2010730198225684,0.1565557729941291,0.1565557729941291,0.1565557729941291,0.3149935332700977
9,infgain,minmax,noAug,noImbl,EasyEnsemble,last,0.25,0.2,42,2026-05-30 20:29:31,20260530-182225,log/stroke_prediction_v4/9/infgain/noAug__noImbl__minmax/EasyEnsemble,1780136562317_d342c02e17801441713864752,0.2808219178082192,0.5318471337579618,0.6219135802469136,0.255910016195896,0.9541924788412878,0.2808219178082191,0.378737680829917,0.2808219178082192,0.2808219178082192,0.2808219178082192,0.4183212409617758
9,infgain,minmax,noAug,noImbl,EasyEnsemble,last,0.25,0.2,126,2026-05-30 20:29:33,20260530-182225,log/stroke_prediction_v4/9/infgain/noAug__noImbl__minmax/EasyEnsemble,1780136562317_d342c02e17801441734095740,0.0665362035225048,0.5249003984063745,0.5092592592592593,0.0656201483525961,0.953512759139567,0.0665362035225048,0.039226308769601,0.0665362035225048,0.0665362035225048,0.0665362035225048,0.2411086916578514
9,infgain,minmax,noAug,noImbl,EasyEnsemble,last,0.25,0.2,5012,2026-05-30 20:29:35,20260530-182225,log/stroke_prediction_v4/9/infgain/noAug__noImbl__minmax/EasyEnsemble,1780136562317_d342c02e17801441754249683,0.3590998043052837,0.5311215397673995,0.6440946502057613,0.3106278506719064,0.948500592651796,0.3590998043052837,0.4755398110039135,0.3590998043052837,0.3590998043052837,0.3590998043052837,0.473936749235982
9,infgain,minmax,noAug,noImbl,XGBClassifier_SPW24,first,0.25,0.1,42,2026-05-30 20:27:19,20260530-182225,log/stroke_prediction_v4/9/infgain/minmax__noAug__noImbl/XGBClassifier_SPW24,1780136562317_d342c02e17801440390872379,0.913894324853229,0.552379859198041,0.5563374485596708,0.5542426645519429,0.9170585652528368,0.913894324853229,0.9154614344841714,0.913894324853229,0.913894324853229,0.913894324853229,0.7885909320977633
9,infgain,minmax,noAug,noImbl,XGBClassifier_SPW24,first,0.25,0.1,126,2026-05-30 20:27:21,20260530-182225,log/stroke_prediction_v4/9/infgain/minmax__noAug__noImbl/XGBClassifier_SPW24,1780136562317_d342c02e17801440411928172,0.923679060665362,0.5525967413441955,0.5425102880658437,0.5467076083248039,0.9158004551596048,0.923679060665362,0.9196343025930384,0.923679060665362,0.923679060665362,0.923679060665362,0.7905136593607853
9,infgain,minmax,noAug,noImbl,XGBClassifier_SPW24,first,0.25,0.1,5012,2026-05-30 20:27:23,20260530-182225,log/stroke_prediction_v4/9/infgain/minmax__noAug__noImbl/XGBClassifier_SPW24,1780136562317_d342c02e17801440431959133,0.9099804305283756,0.5598118279569892,0.5732510288065844,0.5654761904761905,0.9193390568777224,0.9099804305283756,0.914523343584009,0.9099804305283756,0.9099804305283756,0.9099804305283756,0.7912322936845096
9,infgain,minmax,noAug,noImbl,XGBClassifier_SPW24,first,0.25,0.2,42,2026-05-30 20:28:02,20260530-182225,log/stroke_prediction_v4/9/infgain/minmax__noAug__noImbl/XGBClassifier_SPW24,1780136562317_d342c02e17801440826595996,0.9227005870841488,0.604154167802927,0.617880658436214,0.6104487621767933,0.9276120957514804,0.9227005870841488,0.9250893988593965,0.9227005870841488,0.9227005870841488,0.9227005870841488,0.81437565118815
9,infgain,minmax,noAug,noImbl,XGBClassifier_SPW24,first,0.25,0.2,126,2026-05-30 20:28:04,20260530-182225,log/stroke_prediction_v4/9/infgain/minmax__noAug__noImbl/XGBClassifier_SPW24,1780136562317_d342c02e17801440847793250,0.9001956947162426,0.5483918128654971,0.5681069958847736,0.555432353593422,0.917825957588034,0.9001956947162425,0.9086232430548004,0.9001956947162426,0.9001956947162426,0.9001956947162426,0.7831190940175606
9,infgain,minmax,noAug,noImbl,XGBClassifier_SPW24,first,0.25,0.2,5012,2026-05-30 20:28:06,20260530-182225,log/stroke_prediction_v4/9/infgain/minmax__noAug__noImbl/XGBClassifier_SPW24,1780136562317_d342c02e17801440868354083,0.9050880626223092,0.5536844572946784,0.570679012345679,0.5603014295282068,0.9185427051686372,0.9050880626223092,0.9115647176086072,0.9050880626223092,0.9050880626223092,0.9050880626223092,0.7871057646003451
9,infgain,minmax,noAug,noImbl,XGBClassifier_SPW24,last,0.25,0.1,42,2026-05-30 20:28:46,20260530-182225,log/stroke_prediction_v4/9/infgain/noAug__noImbl__minmax/XGBClassifier_SPW24,1780136562317_d342c02e17801441264859919,0.913894324853229,0.552379859198041,0.5563374485596708,0.5542426645519429,0.9170585652528368,0.913894324853229,0.9154614344841714,0.913894324853229,0.913894324853229,0.913894324853229,0.7885909320977633
9,infgain,minmax,noAug,noImbl,XGBClassifier_SPW24,last,0.25,0.1,126,2026-05-30 20:28:48,20260530-182225,log/stroke_prediction_v4/9/infgain/noAug__noImbl__minmax/XGBClassifier_SPW24,1780136562317_d342c02e17801441285230601,0.923679060665362,0.5525967413441955,0.5425102880658437,0.5467076083248039,0.9158004551596048,0.923679060665362,0.9196343025930384,0.923679060665362,0.923679060665362,0.923679060665362,0.7905136593607853
9,infgain,minmax,noAug,noImbl,XGBClassifier_SPW24,last,0.25,0.1,5012,2026-05-30 20:28:50,20260530-182225,log/stroke_prediction_v4/9/infgain/noAug__noImbl__minmax/XGBClassifier_SPW24,1780136562317_d342c02e17801441305800581,0.9099804305283756,0.5598118279569892,0.5732510288065844,0.5654761904761905,0.9193390568777224,0.9099804305283756,0.914523343584009,0.9099804305283756,0.9099804305283756,0.9099804305283756,0.7912322936845096
9,infgain,minmax,noAug,noImbl,XGBClassifier_SPW24,last,0.25,0.2,42,2026-05-30 20:29:29,20260530-182225,log/stroke_prediction_v4/9/infgain/noAug__noImbl__minmax/XGBClassifier_SPW24,1780136562317_d342c02e17801441697791889,0.9227005870841488,0.604154167802927,0.617880658436214,0.6104487621767933,0.9276120957514804,0.9227005870841488,0.9250893988593965,0.9227005870841488,0.9227005870841488,0.9227005870841488,0.81437565118815
9,infgain,minmax,noAug,noImbl,XGBClassifier_SPW24,last,0.25,0.2,126,2026-05-30 20:29:31,20260530-182225,log/stroke_prediction_v4/9/infgain/noAug__noImbl__minmax/XGBClassifier_SPW24,1780136562317_d342c02e17801441718177149,0.9001956947162426,0.5483918128654971,0.5681069958847736,0.555432353593422,0.917825957588034,0.9001956947162425,0.9086232430548004,0.9001956947162426,0.9001956947162426,0.9001956947162426,0.7831190940175606
9,infgain,minmax,noAug,noImbl,XGBClassifier_SPW24,last,0.25,0.2,5012,2026-05-30 20:29:33,20260530-182225,log/stroke_prediction_v4/9/infgain/noAug__noImbl__minmax/XGBClassifier_SPW24,1780136562317_d342c02e17801441738383037,0.9050880626223092,0.5536844572946784,0.570679012345679,0.5603014295282068,0.9185427051686372,0.9050880626223092,0.9115647176086072,0.9050880626223092,0.9050880626223092,0.9050880626223092,0.7871057646003451
9,infgain,standard,gaussian_noise,noImbl,BalancedRandomForest,first,0.25,0.1,42,2026-05-30 20:30:20,20260530-182225,log/stroke_prediction_v4/9/infgain/standard__gaussian_noise__noImbl/BalancedRandomForest,1780136562317_d342c02e17801442207107996,0.6790606653620352,0.544690280456037,0.7174485596707819,0.494059405940594,0.9392428119316112,0.6790606653620352,0.7700645211292166,0.6790606653620352,0.6790606653620352,0.6790606653620352,0.6813810204111286
9,infgain,standard,gaussian_noise,noImbl,BalancedRandomForest,first,0.25,0.1,126,2026-05-30 20:30:23,20260530-182225,log/stroke_prediction_v4/9/infgain/standard__gaussian_noise__noImbl/BalancedRandomForest,1780136562317_d342c02e17801442234053460,0.6614481409001957,0.5561237763829718,0.7840740740740741,0.4973017849730178,0.950876069410941,0.6614481409001957,0.7564506551183227,0.6614481409001957,0.6614481409001957,0.6614481409001957,0.681749514360578
9,infgain,standard,gaussian_noise,noImbl,BalancedRandomForest,first,0.25,0.1,5012,2026-05-30 20:30:26,20260530-182225,log/stroke_prediction_v4/9/infgain/standard__gaussian_noise__noImbl/BalancedRandomForest,1780136562317_d342c02e17801442261874011,0.6360078277886497,0.5345387823725306,0.675843621399177,0.464831081081081,0.9343441664480084,0.6360078277886497,0.7378846458983446,0.6360078277886497,0.6360078277886497,0.6360078277886497,0.6492831471843451
9,infgain,standard,gaussian_noise,noImbl,BalancedRandomForest,first,0.25,0.2,42,2026-05-30 20:31:18,20260530-182225,log/stroke_prediction_v4/9/infgain/standard__gaussian_noise__noImbl/BalancedRandomForest,1780136562317_d342c02e17801442782119116,0.6506849315068494,0.5473692956821673,0.7404732510288066,0.4838843834477022,0.9442735299753208,0.6506849315068494,0.7485833598857979,0.6506849315068494,0.6506849315068494,0.6506849315068494,0.668355741771394
9,infgain,standard,gaussian_noise,noImbl,BalancedRandomForest,first,0.25,0.2,126,2026-05-30 20:31:20,20260530-182225,log/stroke_prediction_v4/9/infgain/standard__gaussian_noise__noImbl/BalancedRandomForest,1780136562317_d342c02e17801442809476413,0.6487279843444227,0.5523781363521162,0.7679012345679013,0.4876835321962424,0.948960992820449,0.6487279843444227,0.7468161410629478,0.6487279843444227,0.6487279843444227,0.6487279843444227,0.6715901811006941
9,infgain,standard,gaussian_noise,noImbl,BalancedRandomForest,first,0.25,0.2,5012,2026-05-30 20:31:23,20260530-182225,log/stroke_prediction_v4/9/infgain/standard__gaussian_noise__noImbl/BalancedRandomForest,1780136562317_d342c02e17801442836726222,0.6771037181996086,0.5534078035452485,0.7638477366255144,0.5020140332640333,0.9466755046187656,0.6771037181996086,0.768404610014199,0.6771037181996086,0.6771037181996086,0.6771037181996086,0.6877973882505309
9,infgain,standard,gaussian_noise,noImbl,BalancedRandomForest,last,0.25,0.1,42,2026-05-30 20:32:15,20260530-182225,log/stroke_prediction_v4/9/infgain/gaussian_noise__noImbl__standard/BalancedRandomForest,1780136562317_d342c02e17801443357380238,0.6771037181996086,0.544361777507845,0.7164197530864198,0.4928634583806997,0.9391620011136712,0.6771037181996086,0.7686256654473134,0.6771037181996086,0.6771037181996086,0.6771037181996086,0.6800592090248389
9,infgain,standard,gaussian_noise,noImbl,BalancedRandomForest,last,0.25,0.1,126,2026-05-30 20:32:18,20260530-182225,log/stroke_prediction_v4/9/infgain/gaussian_noise__noImbl__standard/BalancedRandomForest,1780136562317_d342c02e17801443385327192,0.6634050880626223,0.556440838139929,0.7851028806584363,0.49853941302661,0.950924991854822,0.6634050880626223,0.7579355775030662,0.6634050880626223,0.6634050880626223,0.6634050880626223,0.683080154869819
9,infgain,standard,gaussian_noise,noImbl,BalancedRandomForest,last,0.25,0.1,5012,2026-05-30 20:32:21,20260530-182225,log/stroke_prediction_v4/9/infgain/gaussian_noise__noImbl__standard/BalancedRandomForest,1780136562317_d342c02e17801443412316740,0.639921722113503,0.5350778967867575,0.6779012345679012,0.4671049648605758,0.9345242065027048,0.639921722113503,0.7408799651822231,0.639921722113503,0.639921722113503,0.639921722113503,0.6519167621375572
9,infgain,standard,gaussian_noise,noImbl,BalancedRandomForest,last,0.25,0.2,42,2026-05-30 20:33:12,20260530-182225,log/stroke_prediction_v4/9/infgain/gaussian_noise__noImbl__standard/BalancedRandomForest,1780136562317_d342c02e17801443924330942,0.6575342465753424,0.5484179075235109,0.7440740740740741,0.488078541374474,0.9445016264439386,0.6575342465753424,0.7537896981690331,0.6575342465753424,0.6575342465753424,0.6575342465753424,0.6729932953658152
9,infgain,standard,gaussian_noise,noImbl,BalancedRandomForest,last,0.25,0.2,126,2026-05-30 20:33:15,20260530-182225,log/stroke_prediction_v4/9/infgain/gaussian_noise__noImbl__standard/BalancedRandomForest,1780136562317_d342c02e17801443951639912,0.6545988258317026,0.5532773455988543,0.7709876543209877,0.4913365376887751,0.9491180437966764,0.6545988258317026,0.7513155181167183,0.6545988258317026,0.6545988258317026,0.6545988258317026,0.6755756430751568
9,infgain,standard,gaussian_noise,noImbl,BalancedRandomForest,last,0.25,0.2,5012,2026-05-30 20:33:17,20260530-182225,log/stroke_prediction_v4/9/infgain/gaussian_noise__noImbl__standard/BalancedRandomForest,1780136562317_d342c02e17801443978543804,0.6819960861056752,0.5560537085575021,0.7759053497942388,0.5069054027372205,0.9483471953798516,0.6819960861056752,0.7719852222211534,0.6819960861056752,0.6819960861056752,0.6819960861056752,0.6926626535591854
9,infgain,standard,gaussian_noise,noImbl,EasyEnsemble,first,0.25,0.1,42,2026-05-30 20:30:21,20260530-182225,log/stroke_prediction_v4/9/infgain/standard__gaussian_noise__noImbl/EasyEnsemble,1780136562317_d342c02e17801442219998280,0.0489236790606653,0.0244618395303326,0.5,0.0466417910447761,0.0023935263728309,0.0489236790606653,0.0045637760317784,0.0489236790606653,0.0489236790606653,0.0489236790606653,0.0799358432760656
9,infgain,standard,gaussian_noise,noImbl,EasyEnsemble,first,0.25,0.1,126,2026-05-30 20:30:24,20260530-182225,log/stroke_prediction_v4/9/infgain/standard__gaussian_noise__noImbl/EasyEnsemble,1780136562317_d342c02e17801442247652130,0.0489236790606653,0.0244618395303326,0.5,0.0466417910447761,0.0023935263728309,0.0489236790606653,0.0045637760317784,0.0489236790606653,0.0489236790606653,0.0489236790606653,0.0799358432760656
9,infgain,standard,gaussian_noise,noImbl,EasyEnsemble,first,0.25,0.1,5012,2026-05-30 20:30:27,20260530-182225,log/stroke_prediction_v4/9/infgain/standard__gaussian_noise__noImbl/EasyEnsemble,1780136562317_d342c02e17801442275198872,0.0489236790606653,0.0244618395303326,0.5,0.0466417910447761,0.0023935263728309,0.0489236790606653,0.0045637760317784,0.0489236790606653,0.0489236790606653,0.0489236790606653,0.0799358432760656
9,infgain,standard,gaussian_noise,noImbl,EasyEnsemble,first,0.25,0.2,42,2026-05-30 20:31:19,20260530-182225,log/stroke_prediction_v4/9/infgain/standard__gaussian_noise__noImbl/EasyEnsemble,1780136562317_d342c02e17801442795823292,0.0489236790606653,0.0244618395303326,0.5,0.0466417910447761,0.0023935263728309,0.0489236790606653,0.0045637760317784,0.0489236790606653,0.0489236790606653,0.0489236790606653,0.0799358432760656
9,infgain,standard,gaussian_noise,noImbl,EasyEnsemble,first,0.25,0.2,126,2026-05-30 20:31:22,20260530-182225,log/stroke_prediction_v4/9/infgain/standard__gaussian_noise__noImbl/EasyEnsemble,1780136562317_d342c02e17801442822283131,0.0489236790606653,0.0244618395303326,0.5,0.0466417910447761,0.0023935263728309,0.0489236790606653,0.0045637760317784,0.0489236790606653,0.0489236790606653,0.0489236790606653,0.0799358432760656
9,infgain,standard,gaussian_noise,noImbl,EasyEnsemble,first,0.25,0.2,5012,2026-05-30 20:31:25,20260530-182225,log/stroke_prediction_v4/9/infgain/standard__gaussian_noise__noImbl/EasyEnsemble,1780136562317_d342c02e17801442851024901,0.0489236790606653,0.0244618395303326,0.5,0.0466417910447761,0.0023935263728309,0.0489236790606653,0.0045637760317784,0.0489236790606653,0.0489236790606653,0.0489236790606653,0.0799358432760656
9,infgain,standard,gaussian_noise,noImbl,EasyEnsemble,last,0.25,0.1,42,2026-05-30 20:32:17,20260530-182225,log/stroke_prediction_v4/9/infgain/gaussian_noise__noImbl__standard/EasyEnsemble,1780136562317_d342c02e17801443370661521,0.0489236790606653,0.0244618395303326,0.5,0.0466417910447761,0.0023935263728309,0.0489236790606653,0.0045637760317784,0.0489236790606653,0.0489236790606653,0.0489236790606653,0.0799358432760656
9,infgain,standard,gaussian_noise,noImbl,EasyEnsemble,last,0.25,0.1,126,2026-05-30 20:32:19,20260530-182225,log/stroke_prediction_v4/9/infgain/gaussian_noise__noImbl__standard/EasyEnsemble,1780136562317_d342c02e17801443398215258,0.0489236790606653,0.0244618395303326,0.5,0.0466417910447761,0.0023935263728309,0.0489236790606653,0.0045637760317784,0.0489236790606653,0.0489236790606653,0.0489236790606653,0.0799358432760656
9,infgain,standard,gaussian_noise,noImbl,EasyEnsemble,last,0.25,0.1,5012,2026-05-30 20:32:22,20260530-182225,log/stroke_prediction_v4/9/infgain/gaussian_noise__noImbl__standard/EasyEnsemble,1780136562317_d342c02e17801443425397917,0.0489236790606653,0.0244618395303326,0.5,0.0466417910447761,0.0023935263728309,0.0489236790606653,0.0045637760317784,0.0489236790606653,0.0489236790606653,0.0489236790606653,0.0799358432760656
9,infgain,standard,gaussian_noise,noImbl,EasyEnsemble,last,0.25,0.2,42,2026-05-30 20:33:13,20260530-182225,log/stroke_prediction_v4/9/infgain/gaussian_noise__noImbl__standard/EasyEnsemble,1780136562317_d342c02e17801443937206067,0.0489236790606653,0.0244618395303326,0.5,0.0466417910447761,0.0023935263728309,0.0489236790606653,0.0045637760317784,0.0489236790606653,0.0489236790606653,0.0489236790606653,0.0799358432760656
9,infgain,standard,gaussian_noise,noImbl,EasyEnsemble,last,0.25,0.2,126,2026-05-30 20:33:16,20260530-182225,log/stroke_prediction_v4/9/infgain/gaussian_noise__noImbl__standard/EasyEnsemble,1780136562317_d342c02e17801443964467063,0.0489236790606653,0.0244618395303326,0.5,0.0466417910447761,0.0023935263728309,0.0489236790606653,0.0045637760317784,0.0489236790606653,0.0489236790606653,0.0489236790606653,0.0799358432760656
9,infgain,standard,gaussian_noise,noImbl,EasyEnsemble,last,0.25,0.2,5012,2026-05-30 20:33:19,20260530-182225,log/stroke_prediction_v4/9/infgain/gaussian_noise__noImbl__standard/EasyEnsemble,1780136562317_d342c02e17801443991306109,0.0489236790606653,0.0244618395303326,0.5,0.0466417910447761,0.0023935263728309,0.0489236790606653,0.0045637760317784,0.0489236790606653,0.0489236790606653,0.0489236790606653,0.0799358432760656
9,infgain,standard,gaussian_noise,noImbl,XGBClassifier_SPW24,first,0.25,0.1,42,2026-05-30 20:30:19,20260530-182225,log/stroke_prediction_v4/9/infgain/standard__gaussian_noise__noImbl/XGBClassifier_SPW24,1780136562317_d342c02e17801442197545961,0.8904109589041096,0.5745207173778601,0.6388477366255144,0.5920857566427187,0.9271245947231408,0.8904109589041096,0.9067949517056504,0.8904109589041096,0.8904109589041096,0.8904109589041096,0.7950457946865505
9,infgain,standard,gaussian_noise,noImbl,XGBClassifier_SPW24,first,0.25,0.1,126,2026-05-30 20:30:22,20260530-182225,log/stroke_prediction_v4/9/infgain/standard__gaussian_noise__noImbl/XGBClassifier_SPW24,1780136562317_d342c02e17801442224302605,0.9001956947162426,0.5925666199158485,0.662962962962963,0.6140311902963522,0.9310320220232032,0.9001956947162427,0.9138535460635556,0.9001956947162426,0.9001956947162426,0.9001956947162426,0.8079171488306844
9,infgain,standard,gaussian_noise,noImbl,XGBClassifier_SPW24,first,0.25,0.1,5012,2026-05-30 20:30:25,20260530-182225,log/stroke_prediction_v4/9/infgain/standard__gaussian_noise__noImbl/XGBClassifier_SPW24,1780136562317_d342c02e17801442252037728,0.8767123287671232,0.5627747252747253,0.6316460905349794,0.5776360845436297,0.9254946130190748,0.8767123287671231,0.8982736393971891,0.8767123287671232,0.8767123287671232,0.8767123287671232,0.7840629329808498
9,infgain,standard,gaussian_noise,noImbl,XGBClassifier_SPW24,first,0.25,0.2,42,2026-05-30 20:31:17,20260530-182225,log/stroke_prediction_v4/9/infgain/standard__gaussian_noise__noImbl/XGBClassifier_SPW24,1780136562317_d342c02e17801442772890555,0.8972602739726028,0.5695586665829618,0.6139917695473252,0.5836098015249402,0.9241841149553196,0.8972602739726029,0.9096365609350244,0.8972602739726028,0.8972602739726028,0.8972602739726028,0.7936645190665963
9,infgain,standard,gaussian_noise,noImbl,XGBClassifier_SPW24,first,0.25,0.2,126,2026-05-30 20:31:20,20260530-182225,log/stroke_prediction_v4/9/infgain/standard__gaussian_noise__noImbl/XGBClassifier_SPW24,1780136562317_d342c02e17801442800284773,0.8953033268101761,0.5586114425754135,0.5939917695473251,0.5697485471921562,0.9212632150806136,0.8953033268101762,0.9073880374146696,0.8953033268101761,0.8953033268101761,0.895303326810176,0.7870784611354293
9,infgain,standard,gaussian_noise,noImbl,XGBClassifier_SPW24,first,0.25,0.2,5012,2026-05-30 20:31:22,20260530-182225,log/stroke_prediction_v4/9/infgain/standard__gaussian_noise__noImbl/XGBClassifier_SPW24,1780136562317_d342c02e17801442827541959,0.87573385518591,0.5620442575230974,0.6311316872427983,0.5766708088309637,0.9253882387355512,0.8757338551859101,0.8976674662689851,0.87573385518591,0.87573385518591,0.87573385518591,0.7833007016895008
9,infgain,standard,gaussian_noise,noImbl,XGBClassifier_SPW24,last,0.25,0.1,42,2026-05-30 20:32:14,20260530-182225,log/stroke_prediction_v4/9/infgain/gaussian_noise__noImbl__standard/XGBClassifier_SPW24,1780136562317_d342c02e17801443348128269,0.87279843444227,0.5527472527472528,0.6106172839506173,0.5642277062751734,0.9225306982645536,0.87279843444227,0.8950442311240838,0.87279843444227,0.87279843444227,0.87279843444227,0.7765996878830388
9,infgain,standard,gaussian_noise,noImbl,XGBClassifier_SPW24,last,0.25,0.1,126,2026-05-30 20:32:17,20260530-182225,log/stroke_prediction_v4/9/infgain/gaussian_noise__noImbl__standard/XGBClassifier_SPW24,1780136562317_d342c02e17801443375115983,0.8943248532289628,0.5706485455412494,0.6219341563786008,0.5859243697478991,0.9250779465959666,0.8943248532289628,0.9083112697133646,0.8943248532289628,0.8943248532289628,0.8943248532289628,0.7936313520623561
9,infgain,standard,gaussian_noise,noImbl,XGBClassifier_SPW24,last,0.25,0.1,5012,2026-05-30 20:32:20,20260530-182225,log/stroke_prediction_v4/9/infgain/gaussian_noise__noImbl__standard/XGBClassifier_SPW24,1780136562317_d342c02e17801443402524851,0.8669275929549902,0.5253357501853835,0.5506172839506173,0.5280856149500217,0.9141600452885654,0.8669275929549902,0.8888388525026556,0.8669275929549902,0.8669275929549902,0.8669275929549902,0.7583210152423541
9,infgain,standard,gaussian_noise,noImbl,XGBClassifier_SPW24,last,0.25,0.2,42,2026-05-30 20:33:11,20260530-182225,log/stroke_prediction_v4/9/infgain/gaussian_noise__noImbl__standard/XGBClassifier_SPW24,1780136562317_d342c02e17801443914920124,0.8992172211350293,0.5982669267205349,0.6814197530864198,0.6225117353214348,0.9333830758149356,0.8992172211350294,0.914080258658731,0.8992172211350293,0.8992172211350293,0.8992172211350293,0.8114826631132255
9,infgain,standard,gaussian_noise,noImbl,XGBClassifier_SPW24,last,0.25,0.2,126,2026-05-30 20:33:14,20260530-182225,log/stroke_prediction_v4/9/infgain/gaussian_noise__noImbl__standard/XGBClassifier_SPW24,1780136562317_d342c02e17801443942044854,0.8943248532289628,0.5529579657498702,0.5839917695473251,0.5626664130848231,0.9197881175630676,0.8943248532289629,0.906249651076842,0.8943248532289628,0.8943248532289628,0.8943248532289628,0.783741136201861
9,infgain,standard,gaussian_noise,noImbl,XGBClassifier_SPW24,last,0.25,0.2,5012,2026-05-30 20:33:16,20260530-182225,log/stroke_prediction_v4/9/infgain/gaussian_noise__noImbl__standard/XGBClassifier_SPW24,1780136562317_d342c02e17801443969391893,0.8698630136986302,0.5544175284506776,0.618559670781893,0.5663675313198855,0.9235047586519622,0.8698630136986302,0.8936457006218768,0.8698630136986302,0.8698630136986302,0.8698630136986303,0.7765953860591696
9,infgain,standard,mixup,noImbl,BalancedRandomForest,first,0.25,0.1,42,2026-05-30 20:34:06,20260530-182225,log/stroke_prediction_v4/9/infgain/standard__mixup__noImbl/BalancedRandomForest,1780136562317_d342c02e17801444461131742,0.5949119373776908,0.5328725398313027,0.67320987654321,0.44434638720353,0.9356917267170056,0.5949119373776908,0.7052889384452147,0.5949119373776908,0.5949119373776908,0.5949119373776908,0.6245874881075397
9,infgain,standard,mixup,noImbl,BalancedRandomForest,first,0.25,0.1,126,2026-05-30 20:34:08,20260530-182225,log/stroke_prediction_v4/9/infgain/standard__mixup__noImbl/BalancedRandomForest,1780136562317_d342c02e17801444484594171,0.6007827788649707,0.5476146076146076,0.7521810699588478,0.4598756476683937,0.9494265247689904,0.6007827788649707,0.7087575920424242,0.6007827788649707,0.6007827788649707,0.6007827788649707,0.6405303177368553
9,infgain,standard,mixup,noImbl,BalancedRandomForest,first,0.25,0.1,5012,2026-05-30 20:34:10,20260530-182225,log/stroke_prediction_v4/9/infgain/standard__mixup__noImbl/BalancedRandomForest,1780136562317_d342c02e17801444509024465,0.5851272015655578,0.535250046534715,0.6870370370370371,0.4417027417027417,0.938642475819251,0.5851272015655578,0.6969872050106884,0.5851272015655578,0.5851272015655578,0.5851272015655578,0.6209473285723378
9,infgain,standard,mixup,noImbl,BalancedRandomForest,first,0.25,0.2,42,2026-05-30 20:34:55,20260530-182225,log/stroke_prediction_v4/9/infgain/standard__mixup__noImbl/BalancedRandomForest,1780136562317_d342c02e17801444955835900,0.5900195694716243,0.5393277389168868,0.7085802469135802,0.4475483245884847,0.9422403921191964,0.5900195694716243,0.7006475303346402,0.5900195694716243,0.5900195694716243,0.5900195694716243,0.6272520438220847
9,infgain,standard,mixup,noImbl,BalancedRandomForest,first,0.25,0.2,126,2026-05-30 20:34:57,20260530-182225,log/stroke_prediction_v4/9/infgain/standard__mixup__noImbl/BalancedRandomForest,1780136562317_d342c02e17801444979120106,0.5772994129158513,0.5448735717145584,0.7398353909465021,0.44568099638409,0.948882025600936,0.5772994129158513,0.6893600727742183,0.5772994129158513,0.5772994129158513,0.5772994129158513,0.6245350243662862
9,infgain,standard,mixup,noImbl,BalancedRandomForest,first,0.25,0.2,5012,2026-05-30 20:35:00,20260530-182225,log/stroke_prediction_v4/9/infgain/standard__mixup__noImbl/BalancedRandomForest,1780136562317_d342c02e17801445002470417,0.586105675146771,0.5423747491503009,0.7254938271604938,0.4481409001956946,0.9455738868377545,0.586105675146771,0.6970714726123138,0.586105675146771,0.586105675146771,0.586105675146771,0.6275683722947645
9,infgain,standard,mixup,noImbl,BalancedRandomForest,last,0.25,0.1,42,2026-05-30 20:35:45,20260530-182225,log/stroke_prediction_v4/9/infgain/mixup__noImbl__standard/BalancedRandomForest,1780136562317_d342c02e17801445452630220,0.6066536203522505,0.5342915132634758,0.6793827160493827,0.4511454175283348,0.9362063490216096,0.6066536203522505,0.7147089524615156,0.6066536203522505,0.6066536203522505,0.6066536203522505,0.6325276614728245
9,infgain,standard,mixup,noImbl,BalancedRandomForest,last,0.25,0.1,126,2026-05-30 20:35:47,20260530-182225,log/stroke_prediction_v4/9/infgain/mixup__noImbl__standard/BalancedRandomForest,1780136562317_d342c02e17801445476240604,0.6007827788649707,0.5476146076146076,0.7521810699588478,0.4598756476683937,0.9494265247689904,0.6007827788649707,0.7087575920424242,0.6007827788649707,0.6007827788649707,0.6007827788649707,0.6405303177368553
9,infgain,standard,mixup,noImbl,BalancedRandomForest,last,0.25,0.1,5012,2026-05-30 20:35:50,20260530-182225,log/stroke_prediction_v4/9/infgain/mixup__noImbl__standard/BalancedRandomForest,1780136562317_d342c02e17801445500510664,0.5714285714285714,0.5337097719769199,0.679835390946502,0.4337076263681768,0.9380903893539272,0.5714285714285714,0.6856495139588192,0.5714285714285714,0.5714285714285714,0.5714285714285714,0.6116385548482127
9,infgain,standard,mixup,noImbl,BalancedRandomForest,last,0.25,0.2,42,2026-05-30 20:36:34,20260530-182225,log/stroke_prediction_v4/9/infgain/mixup__noImbl__standard/BalancedRandomForest,1780136562317_d342c02e17801445949096275,0.5978473581213307,0.5402586022238234,0.7126954732510288,0.4521822485670129,0.942507336598837,0.5978473581213307,0.7070270891914551,0.5978473581213307,0.5978473581213307,0.5978473581213307,0.6325664851196713
9,infgain,standard,mixup,noImbl,BalancedRandomForest,last,0.25,0.2,126,2026-05-30 20:36:37,20260530-182225,log/stroke_prediction_v4/9/infgain/mixup__noImbl__standard/BalancedRandomForest,1780136562317_d342c02e17801445973068872,0.6076320939334638,0.5484645044581419,0.7557818930041152,0.4640348502503783,0.9495859566364278,0.6076320939334638,0.7143120878227882,0.6076320939334638,0.6076320939334638,0.6076320939334638,0.6451881136942288
9,infgain,standard,mixup,noImbl,BalancedRandomForest,last,0.25,0.2,5012,2026-05-30 20:36:39,20260530-182225,log/stroke_prediction_v4/9/infgain/mixup__noImbl__standard/BalancedRandomForest,1780136562317_d342c02e17801445996583617,0.5645792563600783,0.5399827915355866,0.7141769547325103,0.4352981202265313,0.9449460159673968,0.5645792563600783,0.6790551908096197,0.5645792563600783,0.5645792563600783,0.5645792563600783,0.6128952754230031
9,infgain,standard,mixup,noImbl,EasyEnsemble,first,0.25,0.1,42,2026-05-30 20:34:07,20260530-182225,log/stroke_prediction_v4/9/infgain/standard__mixup__noImbl/EasyEnsemble,1780136562317_d342c02e17801444472327831,0.172211350293542,0.5279017857142857,0.5648148148148148,0.1676082209822201,0.953806436958345,0.172211350293542,0.2234514476274668,0.172211350293542,0.172211350293542,0.172211350293542,0.3321957941576142
9,infgain,standard,mixup,noImbl,EasyEnsemble,first,0.25,0.1,126,2026-05-30 20:34:09,20260530-182225,log/stroke_prediction_v4/9/infgain/standard__mixup__noImbl/EasyEnsemble,1780136562317_d342c02e17801444495699935,0.0958904109589041,0.5256673511293635,0.5246913580246914,0.0958869485294117,0.9535878034373154,0.095890410958904,0.0942907685334407,0.0958904109589041,0.0958904109589041,0.0958904109589041,0.2672774732021265
9,infgain,standard,mixup,noImbl,EasyEnsemble,first,0.25,0.1,5012,2026-05-30 20:34:12,20260530-182225,log/stroke_prediction_v4/9/infgain/standard__mixup__noImbl/EasyEnsemble,1780136562317_d342c02e17801444520237691,0.24853228962818,0.5246763371763372,0.5859670781893004,0.2301318267419962,0.9448162907067016,0.24853228962818,0.3375066797866889,0.24853228962818,0.24853228962818,0.24853228962818,0.3901046624378086
9,infgain,standard,mixup,noImbl,EasyEnsemble,first,0.25,0.2,42,2026-05-30 20:34:56,20260530-182225,log/stroke_prediction_v4/9/infgain/standard__mixup__noImbl/EasyEnsemble,1780136562317_d342c02e17801444966839019,0.235812133072407,0.5300842358604091,0.5982510288065843,0.2209841275108505,0.9540199839393746,0.235812133072407,0.3179445610410285,0.235812133072407,0.235812133072407,0.235812133072407,0.3833996813723813
9,infgain,standard,mixup,noImbl,EasyEnsemble,first,0.25,0.2,126,2026-05-30 20:34:59,20260530-182225,log/stroke_prediction_v4/9/infgain/standard__mixup__noImbl/EasyEnsemble,1780136562317_d342c02e17801444990178682,0.0538160469667318,0.5245821042281219,0.5025720164609053,0.0519780634058509,0.9534816148951196,0.0538160469667318,0.0143198224473573,0.0538160469667318,0.0538160469667318,0.0538160469667318,0.2295346752230886
9,infgain,standard,mixup,noImbl,EasyEnsemble,first,0.25,0.2,5012,2026-05-30 20:35:01,20260530-182225,log/stroke_prediction_v4/9/infgain/standard__mixup__noImbl/EasyEnsemble,1780136562317_d342c02e17801445013555481,0.3287671232876712,0.5293386093838326,0.6281481481481481,0.2895902659279104,0.9477252840007124,0.3287671232876712,0.440094692951658,0.3287671232876712,0.3287671232876712,0.3287671232876712,0.4514807973002729
9,infgain,standard,mixup,noImbl,EasyEnsemble,last,0.25,0.1,42,2026-05-30 20:35:46,20260530-182225,log/stroke_prediction_v4/9/infgain/mixup__noImbl__standard/EasyEnsemble,1780136562317_d342c02e17801445464046711,0.1350293542074364,0.5267665952890792,0.5452674897119342,0.1338318760546096,0.953695361574274,0.1350293542074364,0.162886477552144,0.1350293542074364,0.1350293542074364,0.1350293542074364,0.3010924393815162
9,infgain,standard,mixup,noImbl,EasyEnsemble,last,0.25,0.1,126,2026-05-30 20:35:48,20260530-182225,log/stroke_prediction_v4/9/infgain/mixup__noImbl__standard/EasyEnsemble,1780136562317_d342c02e17801445487288725,0.0645792563600782,0.5248508946322068,0.5082304526748971,0.0635428168322905,0.9535079153260476,0.0645792563600782,0.0354370155199282,0.0645792563600782,0.0645792563600782,0.0645792563600782,0.2393376036601792
9,infgain,standard,mixup,noImbl,EasyEnsemble,last,0.25,0.1,5012,2026-05-30 20:35:51,20260530-182225,log/stroke_prediction_v4/9/infgain/mixup__noImbl__standard/EasyEnsemble,1780136562317_d342c02e17801445511140004,0.1663405088062622,0.5277161862527716,0.5617283950617283,0.1624111182934711,0.9537882765413672,0.1663405088062621,0.2141668047619468,0.1663405088062622,0.1663405088062622,0.1663405088062622,0.3273461777664041
9,infgain,standard,mixup,noImbl,EasyEnsemble,last,0.25,0.2,42,2026-05-30 20:36:36,20260530-182225,log/stroke_prediction_v4/9/infgain/mixup__noImbl__standard/EasyEnsemble,1780136562317_d342c02e17801445960150669,0.2563600782778865,0.5308641975308641,0.6090534979423868,0.2371935889377749,0.9540963011282646,0.2563600782778864,0.34627694184878,0.2563600782778865,0.2563600782778865,0.2563600782778865,0.3994660105892892
9,infgain,standard,mixup,noImbl,EasyEnsemble,last,0.25,0.2,126,2026-05-30 20:36:38,20260530-182225,log/stroke_prediction_v4/9/infgain/mixup__noImbl__standard/EasyEnsemble,1780136562317_d342c02e17801445984341998,0.0665362035225048,0.5249003984063745,0.5092592592592593,0.0656201483525961,0.953512759139567,0.0665362035225048,0.039226308769601,0.0665362035225048,0.0665362035225048,0.0665362035225048,0.2411086916578514
9,infgain,standard,mixup,noImbl,EasyEnsemble,last,0.25,0.2,5012,2026-05-30 20:36:40,20260530-182225,log/stroke_prediction_v4/9/infgain/mixup__noImbl__standard/EasyEnsemble,1780136562317_d342c02e17801446007672358,0.3590998043052837,0.5311215397673995,0.6440946502057613,0.3106278506719064,0.948500592651796,0.3590998043052837,0.4755398110039135,0.3590998043052837,0.3590998043052837,0.3590998043052837,0.473936749235982
9,infgain,standard,mixup,noImbl,XGBClassifier_SPW24,first,0.25,0.1,42,2026-05-30 20:34:05,20260530-182225,log/stroke_prediction_v4/9/infgain/standard__mixup__noImbl/XGBClassifier_SPW24,1780136562317_d342c02e17801444453674818,0.8864970645792564,0.577964076789981,0.655761316872428,0.5974847892220774,0.9291584159772796,0.8864970645792564,0.9051860800757944,0.8864970645792564,0.8864970645792564,0.8864970645792564,0.7962878371903521
9,infgain,standard,mixup,noImbl,XGBClassifier_SPW24,first,0.25,0.1,126,2026-05-30 20:34:07,20260530-182225,log/stroke_prediction_v4/9/infgain/standard__mixup__noImbl/XGBClassifier_SPW24,1780136562317_d342c02e17801444477135625,0.8884540117416829,0.5567321178120617,0.5998765432098766,0.5686230950370996,0.9217053710377308,0.888454011741683,0.9037186691298564,0.8884540117416829,0.8884540117416829,0.8884540117416829,0.7840642725276832
9,infgain,standard,mixup,noImbl,XGBClassifier_SPW24,first,0.25,0.1,5012,2026-05-30 20:34:10,20260530-182225,log/stroke_prediction_v4/9/infgain/standard__mixup__noImbl/XGBClassifier_SPW24,1780136562317_d342c02e17801444500528496,0.8708414872798435,0.5272804774083546,0.5526748971193416,0.5309057527539779,0.9145216156742626,0.8708414872798436,0.8911594852055272,0.8708414872798435,0.8708414872798435,0.8708414872798435,0.7610940796260588
9,infgain,standard,mixup,noImbl,XGBClassifier_SPW24,first,0.25,0.2,42,2026-05-30 20:34:54,20260530-182225,log/stroke_prediction_v4/9/infgain/standard__mixup__noImbl/XGBClassifier_SPW24,1780136562317_d342c02e17801444948646605,0.8933463796477495,0.547178599073746,0.5739917695473252,0.5554801818014947,0.9183026615030844,0.8933463796477497,0.9051015447804476,0.8933463796477495,0.8933463796477495,0.8933463796477495,0.7803731138588067
9,infgain,standard,mixup,noImbl,XGBClassifier_SPW24,first,0.25,0.2,126,2026-05-30 20:34:57,20260530-182225,log/stroke_prediction_v4/9/infgain/standard__mixup__noImbl/XGBClassifier_SPW24,1780136562317_d342c02e17801444971898676,0.9050880626223092,0.5536844572946784,0.570679012345679,0.5603014295282068,0.9185427051686372,0.9050880626223092,0.9115647176086072,0.9050880626223092,0.9050880626223092,0.9050880626223092,0.7871057646003451
9,infgain,standard,mixup,noImbl,XGBClassifier_SPW24,first,0.25,0.2,5012,2026-05-30 20:34:59,20260530-182225,log/stroke_prediction_v4/9/infgain/standard__mixup__noImbl/XGBClassifier_SPW24,1780136562317_d342c02e17801444995073678,0.8786692759295499,0.5530522037874979,0.6042181069958847,0.5645983645983647,0.921871541029478,0.8786692759295499,0.8982082496759601,0.8786692759295499,0.8786692759295499,0.87866927592955,0.7788028876942544
9,infgain,standard,mixup,noImbl,XGBClassifier_SPW24,last,0.25,0.1,42,2026-05-30 20:35:44,20260530-182225,log/stroke_prediction_v4/9/infgain/mixup__noImbl__standard/XGBClassifier_SPW24,1780136562317_d342c02e17801445445241923,0.8962818003913894,0.5548301486199576,0.5850205761316871,0.564616992203199,0.9200487367095866,0.8962818003913893,0.9074364464066872,0.8962818003913894,0.8962818003913894,0.8962818003913894,0.7853106820941618
9,infgain,standard,mixup,noImbl,XGBClassifier_SPW24,last,0.25,0.1,126,2026-05-30 20:35:46,20260530-182225,log/stroke_prediction_v4/9/infgain/mixup__noImbl__standard/XGBClassifier_SPW24,1780136562317_d342c02e17801445468835478,0.8825831702544031,0.5599531116794544,0.615761316872428,0.5735506843217981,0.9236021508067194,0.8825831702544031,0.9010540774595702,0.8825831702544031,0.8825831702544031,0.8825831702544031,0.7841556403048265
9,infgain,standard,mixup,noImbl,XGBClassifier_SPW24,last,0.25,0.1,5012,2026-05-30 20:35:49,20260530-182225,log/stroke_prediction_v4/9/infgain/mixup__noImbl__standard/XGBClassifier_SPW24,1780136562317_d342c02e17801445492072423,0.8649706457925636,0.5155857214680745,0.5306172839506172,0.5154401154401155,0.9113263851378276,0.8649706457925636,0.8867156327038911,0.8649706457925636,0.8649706457925636,0.8649706457925636,0.7520645595942782
9,infgain,standard,mixup,noImbl,XGBClassifier_SPW24,last,0.25,0.2,42,2026-05-30 20:36:34,20260530-182225,log/stroke_prediction_v4/9/infgain/mixup__noImbl__standard/XGBClassifier_SPW24,1780136562317_d342c02e17801445941612339,0.8825831702544031,0.5637569130216189,0.625246913580247,0.5786435786435785,0.924884442712807,0.8825831702544032,0.9014918545251226,0.8825831702544031,0.8825831702544031,0.8825831702544031,0.7864424100085334
9,infgain,standard,mixup,noImbl,XGBClassifier_SPW24,last,0.25,0.2,126,2026-05-30 20:36:36,20260530-182225,log/stroke_prediction_v4/9/infgain/mixup__noImbl__standard/XGBClassifier_SPW24,1780136562317_d342c02e17801445965050787,0.8923679060665362,0.5645565092989985,0.6114197530864198,0.5782563025210083,0.9235138820064448,0.8923679060665363,0.906613330263612,0.8923679060665362,0.8923679060665362,0.8923679060665362,0.7896266217834936
9,infgain,standard,mixup,noImbl,XGBClassifier_SPW24,last,0.25,0.2,5012,2026-05-30 20:36:38,20260530-182225,log/stroke_prediction_v4/9/infgain/mixup__noImbl__standard/XGBClassifier_SPW24,1780136562317_d342c02e17801445989303979,0.8718199608610567,0.5232443612725303,0.5437037037037037,0.5258380407642861,0.9132767676082356,0.8718199608610567,0.8912393355285733,0.8718199608610567,0.8718199608610567,0.8718199608610567,0.7593120740467983
9,infgain,standard,noAug,noImbl,BalancedRandomForest,first,0.25,0.1,42,2026-05-30 20:37:22,20260530-182225,log/stroke_prediction_v4/9/infgain/standard__noAug__noImbl/BalancedRandomForest,1780136562317_d342c02e17801446424588980,0.6007827788649707,0.5335747202106649,0.6762962962962963,0.4477431659249841,0.935950240205924,0.6007827788649707,0.7100155137515038,0.6007827788649707,0.6007827788649707,0.6007827788649707,0.6285590391687497
9,infgain,standard,noAug,noImbl,BalancedRandomForest,first,0.25,0.1,126,2026-05-30 20:37:24,20260530-182225,log/stroke_prediction_v4/9/infgain/standard__noAug__noImbl/BalancedRandomForest,1780136562317_d342c02e17801446445271545,0.5870841487279843,0.5459847361265604,0.7449794238683127,0.4515856666920983,0.9491087618554211,0.5870841487279843,0.6975100770013244,0.5870841487279843,0.5870841487279843,0.5870841487279843,0.6312053132302363
9,infgain,standard,noAug,noImbl,BalancedRandomForest,first,0.25,0.1,5012,2026-05-30 20:37:26,20260530-182225,log/stroke_prediction_v4/9/infgain/standard__noAug__noImbl/BalancedRandomForest,1780136562317_d342c02e17801446466552552,0.5655577299412916,0.5330700052357633,0.6767489711934156,0.430283246283648,0.937849494134372,0.5655577299412916,0.6807311859068355,0.5655577299412916,0.5655577299412916,0.5655577299412916,0.607642103861444
9,infgain,standard,noAug,noImbl,BalancedRandomForest,first,0.25,0.2,42,2026-05-30 20:38:06,20260530-182225,log/stroke_prediction_v4/9/infgain/standard__noAug__noImbl/BalancedRandomForest,1780136562317_d342c02e17801446866733163,0.5929549902152642,0.5396736596736597,0.7101234567901235,0.4492849740932643,0.9423407642585724,0.5929549902152642,0.7030469565922757,0.5929549902152642,0.5929549902152642,0.5929549902152642,0.6292455737611722
9,infgain,standard,noAug,noImbl,BalancedRandomForest,first,0.25,0.2,126,2026-05-30 20:38:08,20260530-182225,log/stroke_prediction_v4/9/infgain/standard__noAug__noImbl/BalancedRandomForest,1780136562317_d342c02e17801446887039649,0.5753424657534246,0.5446563240680888,0.7388065843621399,0.4445012198359859,0.9488366474092272,0.5753424657534246,0.6877182132550959,0.5753424657534246,0.5753424657534246,0.5753424657534246,0.6231998568489775
9,infgain,standard,noAug,noImbl,BalancedRandomForest,first,0.25,0.2,5012,2026-05-30 20:38:10,20260530-182225,log/stroke_prediction_v4/9/infgain/standard__noAug__noImbl/BalancedRandomForest,1780136562317_d342c02e17801446907995380,0.5772994129158513,0.5413737280296022,0.7208641975308643,0.4428831011508176,0.9453186239457196,0.5772994129158513,0.6897592753487479,0.5772994129158513,0.5772994129158513,0.5772994129158513,0.6215717765918938
9,infgain,standard,noAug,noImbl,BalancedRandomForest,last,0.25,0.1,42,2026-05-30 20:38:51,20260530-182225,log/stroke_prediction_v4/9/infgain/noAug__noImbl__standard/BalancedRandomForest,1780136562317_d342c02e17801447311279806,0.6007827788649707,0.5335747202106649,0.6762962962962963,0.4477431659249841,0.935950240205924,0.6007827788649707,0.7100155137515038,0.6007827788649707,0.6007827788649707,0.6007827788649707,0.6285590391687497
9,infgain,standard,noAug,noImbl,BalancedRandomForest,last,0.25,0.1,126,2026-05-30 20:38:53,20260530-182225,log/stroke_prediction_v4/9/infgain/noAug__noImbl__standard/BalancedRandomForest,1780136562317_d342c02e17801447332109835,0.5870841487279843,0.5459847361265604,0.7449794238683127,0.4515856666920983,0.9491087618554211,0.5870841487279843,0.6975100770013244,0.5870841487279843,0.5870841487279843,0.5870841487279843,0.6312053132302363
9,infgain,standard,noAug,noImbl,BalancedRandomForest,last,0.25,0.1,5012,2026-05-30 20:38:55,20260530-182225,log/stroke_prediction_v4/9/infgain/noAug__noImbl__standard/BalancedRandomForest,1780136562317_d342c02e17801447352722687,0.5655577299412916,0.5330700052357633,0.6767489711934156,0.430283246283648,0.937849494134372,0.5655577299412916,0.6807311859068355,0.5655577299412916,0.5655577299412916,0.5655577299412916,0.607642103861444
9,infgain,standard,noAug,noImbl,BalancedRandomForest,last,0.25,0.2,42,2026-05-30 20:39:35,20260530-182225,log/stroke_prediction_v4/9/infgain/noAug__noImbl__standard/BalancedRandomForest,1780136562317_d342c02e17801447752396797,0.5929549902152642,0.5396736596736597,0.7101234567901235,0.4492849740932643,0.9423407642585724,0.5929549902152642,0.7030469565922757,0.5929549902152642,0.5929549902152642,0.5929549902152642,0.6292455737611722
9,infgain,standard,noAug,noImbl,BalancedRandomForest,last,0.25,0.2,126,2026-05-30 20:39:37,20260530-182225,log/stroke_prediction_v4/9/infgain/noAug__noImbl__standard/BalancedRandomForest,1780136562317_d342c02e17801447772928188,0.5753424657534246,0.5446563240680888,0.7388065843621399,0.4445012198359859,0.9488366474092272,0.5753424657534246,0.6877182132550959,0.5753424657534246,0.5753424657534246,0.5753424657534246,0.6231998568489775
9,infgain,standard,noAug,noImbl,BalancedRandomForest,last,0.25,0.2,5012,2026-05-30 20:39:39,20260530-182225,log/stroke_prediction_v4/9/infgain/noAug__noImbl__standard/BalancedRandomForest,1780136562317_d342c02e17801447793743562,0.5772994129158513,0.5413737280296022,0.7208641975308643,0.4428831011508176,0.9453186239457196,0.5772994129158513,0.6897592753487479,0.5772994129158513,0.5772994129158513,0.5772994129158513,0.6215717765918938
9,infgain,standard,noAug,noImbl,EasyEnsemble,first,0.25,0.1,42,2026-05-30 20:37:23,20260530-182225,log/stroke_prediction_v4/9/infgain/standard__noAug__noImbl/EasyEnsemble,1780136562317_d342c02e17801446434412508,0.12133072407045,0.5263713080168776,0.5380658436213992,0.1208458982975511,0.95365668375899,0.12133072407045,0.1394712884064199,0.12133072407045,0.12133072407045,0.12133072407045,0.2893892511735023
9,infgain,standard,noAug,noImbl,EasyEnsemble,first,0.25,0.1,126,2026-05-30 20:37:25,20260530-182225,log/stroke_prediction_v4/9/infgain/standard__noAug__noImbl/EasyEnsemble,1780136562317_d342c02e17801446455226713,0.0998043052837573,0.5257731958762887,0.5267489711934156,0.0998008578431372,0.953598160066173,0.0998043052837572,0.1013901279689958,0.0998043052837573,0.0998043052837573,0.0998043052837573,0.2707124026989105
9,infgain,standard,noAug,noImbl,EasyEnsemble,first,0.25,0.1,5012,2026-05-30 20:37:27,20260530-182225,log/stroke_prediction_v4/9/infgain/standard__noAug__noImbl/EasyEnsemble,1780136562317_d342c02e17801446476433354,0.2074363992172211,0.5220132867920279,0.5643621399176955,0.1970926104819655,0.9423609539572044,0.207436399217221,0.2793078968087382,0.2074363992172211,0.2074363992172211,0.2074363992172211,0.3573082738471867
9,infgain,standard,noAug,noImbl,EasyEnsemble,first,0.25,0.2,42,2026-05-30 20:38:07,20260530-182225,log/stroke_prediction_v4/9/infgain/standard__noAug__noImbl/EasyEnsemble,1780136562317_d342c02e17801446876423317,0.3649706457925636,0.5357653791130186,0.6661522633744856,0.3161765236531591,0.9545758687977514,0.3649706457925636,0.4809683940287301,0.3649706457925636,0.3649706457925636,0.3649706457925636,0.4812093470978343
9,infgain,standard,noAug,noImbl,EasyEnsemble,first,0.25,0.2,126,2026-05-30 20:38:09,20260530-182225,log/stroke_prediction_v4/9/infgain/standard__noAug__noImbl/EasyEnsemble,1780136562317_d342c02e17801446897087483,0.0821917808219178,0.5253036437246964,0.5174897119341564,0.0819667735398782,0.9535522156286396,0.0821917808219177,0.0690007289123494,0.0821917808219178,0.0821917808219178,0.0821917808219178,0.2551563948253504
9,infgain,standard,noAug,noImbl,EasyEnsemble,first,0.25,0.2,5012,2026-05-30 20:38:11,20260530-182225,log/stroke_prediction_v4/9/infgain/standard__noAug__noImbl/EasyEnsemble,1780136562317_d342c02e17801446918384958,0.3590998043052837,0.5311215397673995,0.6440946502057613,0.3106278506719064,0.948500592651796,0.3590998043052837,0.4755398110039135,0.3590998043052837,0.3590998043052837,0.3590998043052837,0.473936749235982
9,infgain,standard,noAug,noImbl,EasyEnsemble,last,0.25,0.1,42,2026-05-30 20:38:52,20260530-182225,log/stroke_prediction_v4/9/infgain/noAug__noImbl__standard/EasyEnsemble,1780136562317_d342c02e17801447321236070,0.12133072407045,0.5263713080168776,0.5380658436213992,0.1208458982975511,0.95365668375899,0.12133072407045,0.1394712884064199,0.12133072407045,0.12133072407045,0.12133072407045,0.2893892511735023
9,infgain,standard,noAug,noImbl,EasyEnsemble,last,0.25,0.1,126,2026-05-30 20:38:54,20260530-182225,log/stroke_prediction_v4/9/infgain/noAug__noImbl__standard/EasyEnsemble,1780136562317_d342c02e17801447341928370,0.0998043052837573,0.5257731958762887,0.5267489711934156,0.0998008578431372,0.953598160066173,0.0998043052837572,0.1013901279689958,0.0998043052837573,0.0998043052837573,0.0998043052837573,0.2707124026989105
9,infgain,standard,noAug,noImbl,EasyEnsemble,last,0.25,0.1,5012,2026-05-30 20:38:56,20260530-182225,log/stroke_prediction_v4/9/infgain/noAug__noImbl__standard/EasyEnsemble,1780136562317_d342c02e17801447362626587,0.2074363992172211,0.5220132867920279,0.5643621399176955,0.1970926104819655,0.9423609539572044,0.207436399217221,0.2793078968087382,0.2074363992172211,0.2074363992172211,0.2074363992172211,0.3573082738471867
9,infgain,standard,noAug,noImbl,EasyEnsemble,last,0.25,0.2,42,2026-05-30 20:39:36,20260530-182225,log/stroke_prediction_v4/9/infgain/noAug__noImbl__standard/EasyEnsemble,1780136562317_d342c02e17801447762169762,0.3649706457925636,0.5357653791130186,0.6661522633744856,0.3161765236531591,0.9545758687977514,0.3649706457925636,0.4809683940287301,0.3649706457925636,0.3649706457925636,0.3649706457925636,0.4812093470978343
9,infgain,standard,noAug,noImbl,EasyEnsemble,last,0.25,0.2,126,2026-05-30 20:39:38,20260530-182225,log/stroke_prediction_v4/9/infgain/noAug__noImbl__standard/EasyEnsemble,1780136562317_d342c02e17801447782733708,0.0821917808219178,0.5253036437246964,0.5174897119341564,0.0819667735398782,0.9535522156286396,0.0821917808219177,0.0690007289123494,0.0821917808219178,0.0821917808219178,0.0821917808219178,0.2551563948253504
9,infgain,standard,noAug,noImbl,EasyEnsemble,last,0.25,0.2,5012,2026-05-30 20:39:40,20260530-182225,log/stroke_prediction_v4/9/infgain/noAug__noImbl__standard/EasyEnsemble,1780136562317_d342c02e17801447803602944,0.3590998043052837,0.5311215397673995,0.6440946502057613,0.3106278506719064,0.948500592651796,0.3590998043052837,0.4755398110039135,0.3590998043052837,0.3590998043052837,0.3590998043052837,0.473936749235982
9,infgain,standard,noAug,noImbl,XGBClassifier_SPW24,first,0.25,0.1,42,2026-05-30 20:37:21,20260530-182225,log/stroke_prediction_v4/9/infgain/standard__noAug__noImbl/XGBClassifier_SPW24,1780136562317_d342c02e17801446418095776,0.9021526418786692,0.5794758692267774,0.6260493827160494,0.5950614935970584,0.9262217717734492,0.9021526418786692,0.9131941213674462,0.9021526418786692,0.9021526418786692,0.9021526418786692,0.8002741013677708
9,infgain,standard,noAug,noImbl,XGBClassifier_SPW24,first,0.25,0.1,126,2026-05-30 20:37:23,20260530-182225,log/stroke_prediction_v4/9/infgain/standard__noAug__noImbl/XGBClassifier_SPW24,1780136562317_d342c02e17801446438740973,0.8962818003913894,0.564143567874911,0.6039917695473251,0.5767289208408221,0.9227284043856756,0.8962818003913895,0.9085169331669742,0.8962818003913894,0.8962818003913894,0.8962818003913894,0.7903859724385163
9,infgain,standard,noAug,noImbl,XGBClassifier_SPW24,first,0.25,0.1,5012,2026-05-30 20:37:26,20260530-182225,log/stroke_prediction_v4/9/infgain/standard__noAug__noImbl/XGBClassifier_SPW24,1780136562317_d342c02e17801446460230361,0.8669275929549902,0.5337121212121212,0.5695884773662552,0.5389065817409766,0.9167852695249956,0.8669275929549902,0.8897596819026012,0.8669275929549902,0.8669275929549902,0.8669275929549902,0.7630795635388697
9,infgain,standard,noAug,noImbl,XGBClassifier_SPW24,first,0.25,0.2,42,2026-05-30 20:38:05,20260530-182225,log/stroke_prediction_v4/9/infgain/standard__noAug__noImbl/XGBClassifier_SPW24,1780136562317_d342c02e17801446859141980,0.9031311154598826,0.571861471861472,0.6075925925925927,0.5844146242283096,0.9237400564210744,0.9031311154598826,0.9127460263685448,0.9031311154598826,0.9031311154598826,0.9031311154598826,0.796145955860995
9,infgain,standard,noAug,noImbl,XGBClassifier_SPW24,first,0.25,0.2,126,2026-05-30 20:38:08,20260530-182225,log/stroke_prediction_v4/9/infgain/standard__noAug__noImbl/XGBClassifier_SPW24,1780136562317_d342c02e17801446880766740,0.901174168297456,0.5313801141387349,0.540164609053498,0.534690197669439,0.9136111880561574,0.901174168297456,0.9072350939418002,0.901174168297456,0.901174168297456,0.901174168297456,0.7752740521855073
9,infgain,standard,noAug,noImbl,XGBClassifier_SPW24,first,0.25,0.2,5012,2026-05-30 20:38:10,20260530-182225,log/stroke_prediction_v4/9/infgain/standard__noAug__noImbl/XGBClassifier_SPW24,1780136562317_d342c02e17801446901524841,0.8953033268101761,0.5674903190116172,0.612962962962963,0.5814345151745969,0.9239096506039184,0.8953033268101762,0.9084255257147146,0.8953033268101761,0.8953033268101761,0.895303326810176,0.7920366301153169
9,infgain,standard,noAug,noImbl,XGBClassifier_SPW24,last,0.25,0.1,42,2026-05-30 20:38:50,20260530-182225,log/stroke_prediction_v4/9/infgain/noAug__noImbl__standard/XGBClassifier_SPW24,1780136562317_d342c02e17801447304819332,0.9021526418786692,0.5794758692267774,0.6260493827160494,0.5950614935970584,0.9262217717734492,0.9021526418786692,0.9131941213674462,0.9021526418786692,0.9021526418786692,0.9021526418786692,0.8002741013677708
9,infgain,standard,noAug,noImbl,XGBClassifier_SPW24,last,0.25,0.1,126,2026-05-30 20:38:52,20260530-182225,log/stroke_prediction_v4/9/infgain/noAug__noImbl__standard/XGBClassifier_SPW24,1780136562317_d342c02e17801447325615167,0.8962818003913894,0.564143567874911,0.6039917695473251,0.5767289208408221,0.9227284043856756,0.8962818003913895,0.9085169331669742,0.8962818003913894,0.8962818003913894,0.8962818003913894,0.7903859724385163
9,infgain,standard,noAug,noImbl,XGBClassifier_SPW24,last,0.25,0.1,5012,2026-05-30 20:38:54,20260530-182225,log/stroke_prediction_v4/9/infgain/noAug__noImbl__standard/XGBClassifier_SPW24,1780136562317_d342c02e17801447346259240,0.8669275929549902,0.5337121212121212,0.5695884773662552,0.5389065817409766,0.9167852695249956,0.8669275929549902,0.8897596819026012,0.8669275929549902,0.8669275929549902,0.8669275929549902,0.7630795635388697
9,infgain,standard,noAug,noImbl,XGBClassifier_SPW24,last,0.25,0.2,42,2026-05-30 20:39:34,20260530-182225,log/stroke_prediction_v4/9/infgain/noAug__noImbl__standard/XGBClassifier_SPW24,1780136562317_d342c02e17801447745553147,0.9031311154598826,0.571861471861472,0.6075925925925927,0.5844146242283096,0.9237400564210744,0.9031311154598826,0.9127460263685448,0.9031311154598826,0.9031311154598826,0.9031311154598826,0.796145955860995
9,infgain,standard,noAug,noImbl,XGBClassifier_SPW24,last,0.25,0.2,126,2026-05-30 20:39:36,20260530-182225,log/stroke_prediction_v4/9/infgain/noAug__noImbl__standard/XGBClassifier_SPW24,1780136562317_d342c02e17801447766624344,0.901174168297456,0.5313801141387349,0.540164609053498,0.534690197669439,0.9136111880561574,0.901174168297456,0.9072350939418002,0.901174168297456,0.901174168297456,0.901174168297456,0.7752740521855073
9,infgain,standard,noAug,noImbl,XGBClassifier_SPW24,last,0.25,0.2,5012,2026-05-30 20:39:38,20260530-182225,log/stroke_prediction_v4/9/infgain/noAug__noImbl__standard/XGBClassifier_SPW24,1780136562317_d342c02e17801447787178642,0.8953033268101761,0.5674903190116172,0.612962962962963,0.5814345151745969,0.9239096506039184,0.8953033268101762,0.9084255257147146,0.8953033268101761,0.8953033268101761,0.895303326810176,0.7920366301153169
10,noSelect,minmax,gaussian_noise,noImbl,BalancedRandomForest,first,0.25,0.1,42,2026-05-30 20:40:26,20260530-182225,log/stroke_prediction_v4/10/noSelect/minmax__gaussian_noise__noImbl/BalancedRandomForest,1780136562317_d342c02e17801448265416839,0.6810176125244618,0.5450220488466757,0.718477366255144,0.4952581792620333,0.9393236517112004,0.6810176125244618,0.7715004332426124,0.6810176125244618,0.6810176125244618,0.6810176125244618,0.6827031435667834
10,noSelect,minmax,gaussian_noise,noImbl,BalancedRandomForest,first,0.25,0.1,126,2026-05-30 20:40:29,20260530-182225,log/stroke_prediction_v4/10/noSelect/minmax__gaussian_noise__noImbl/BalancedRandomForest,1780136562317_d342c02e17801448294860359,0.6438356164383562,0.546353562685221,0.736872427983539,0.4797149122807017,0.94404583507633,0.6438356164383562,0.7433373673910804,0.6438356164383562,0.6438356164383562,0.6438356164383562,0.6637192711006186
10,noSelect,minmax,gaussian_noise,noImbl,BalancedRandomForest,first,0.25,0.1,5012,2026-05-30 20:40:32,20260530-182225,log/stroke_prediction_v4/10/noSelect/minmax__gaussian_noise__noImbl/BalancedRandomForest,1780136562317_d342c02e17801448323569197,0.6516634050880626,0.5331088664421998,0.6651028806584363,0.4703121360354064,0.9320405621775484,0.6516634050880626,0.749920614407562,0.6516634050880626,0.6516634050880626,0.6516634050880626,0.6567255055294887
10,noSelect,minmax,gaussian_noise,noImbl,BalancedRandomForest,first,0.25,0.2,42,2026-05-30 20:41:26,20260530-182225,log/stroke_prediction_v4/10/noSelect/minmax__gaussian_noise__noImbl/BalancedRandomForest,1780136562317_d342c02e17801448863494726,0.6790606653620352,0.5519504436631509,0.7553909465020576,0.5014515514943841,0.9452243510670818,0.6790606653620352,0.7699033596681125,0.6790606653620352,0.6790606653620352,0.6790606653620352,0.6875840769424175
10,noSelect,minmax,gaussian_noise,noImbl,BalancedRandomForest,first,0.25,0.2,126,2026-05-30 20:41:29,20260530-182225,log/stroke_prediction_v4/10/noSelect/minmax__gaussian_noise__noImbl/BalancedRandomForest,1780136562317_d342c02e17801448891293162,0.6428571428571429,0.5479798892462884,0.7458436213991769,0.4807799644509029,0.9456018339245056,0.6428571428571429,0.7424877726655321,0.6428571428571429,0.6428571428571429,0.6428571428571429,0.6645755521673193
10,noSelect,minmax,gaussian_noise,noImbl,BalancedRandomForest,first,0.25,0.2,5012,2026-05-30 20:41:31,20260530-182225,log/stroke_prediction_v4/10/noSelect/minmax__gaussian_noise__noImbl/BalancedRandomForest,1780136562317_d342c02e17801448919241686,0.6663405088062623,0.5444228638304759,0.720246913580247,0.4881556820268037,0.940225922519472,0.6663405088062623,0.7606041236365232,0.6663405088062623,0.6663405088062623,0.6663405088062623,0.6743397443650233
10,noSelect,minmax,gaussian_noise,noImbl,BalancedRandomForest,last,0.25,0.1,42,2026-05-30 20:42:25,20260530-182225,log/stroke_prediction_v4/10/noSelect/gaussian_noise__noImbl__minmax/BalancedRandomForest,1780136562317_d342c02e17801449458876047,0.6868884540117417,0.5460375551527175,0.7215637860082305,0.4988722173188192,0.9395664301467184,0.6868884540117417,0.7757907001157434,0.6868884540117417,0.6868884540117417,0.6868884540117417,0.6866715963506477
10,noSelect,minmax,gaussian_noise,noImbl,BalancedRandomForest,last,0.25,0.1,126,2026-05-30 20:42:28,20260530-182225,log/stroke_prediction_v4/10/noSelect/gaussian_noise__noImbl__minmax/BalancedRandomForest,1780136562317_d342c02e17801449486354790,0.649706457925636,0.5472222222222222,0.7399588477366255,0.4832872935979346,0.9442409840648588,0.649706457925636,0.747836378960246,0.649706457925636,0.649706457925636,0.649706457925636,0.667693339456352
10,noSelect,minmax,gaussian_noise,noImbl,BalancedRandomForest,last,0.25,0.1,5012,2026-05-30 20:42:31,20260530-182225,log/stroke_prediction_v4/10/noSelect/gaussian_noise__noImbl__minmax/BalancedRandomForest,1780136562317_d342c02e17801449514980693,0.6418786692759295,0.5389455782312924,0.6979012345679012,0.4717406409409053,0.937703183034466,0.6418786692759295,0.742201437707961,0.6418786692759295,0.6418786692759295,0.6418786692759295,0.6562977790910677
10,noSelect,minmax,gaussian_noise,noImbl,BalancedRandomForest,last,0.25,0.2,42,2026-05-30 20:43:25,20260530-182225,log/stroke_prediction_v4/10/noSelect/gaussian_noise__noImbl__minmax/BalancedRandomForest,1780136562317_d342c02e17801450058310883,0.662426614481409,0.5473999136388872,0.7371604938271605,0.4893397001125338,0.943126100865772,0.662426614481409,0.7575516917900177,0.662426614481409,0.662426614481409,0.662426614481409,0.6747730054111281
10,noSelect,minmax,gaussian_noise,noImbl,BalancedRandomForest,last,0.25,0.2,126,2026-05-30 20:43:28,20260530-182225,log/stroke_prediction_v4/10/noSelect/gaussian_noise__noImbl__minmax/BalancedRandomForest,1780136562317_d342c02e17801450085864930,0.6360078277886497,0.5487565758010522,0.7517283950617284,0.478227931488801,0.9470023893286016,0.6360078277886497,0.737076800507414,0.6360078277886497,0.6360078277886497,0.6360078277886497,0.6614475769340301
10,noSelect,minmax,gaussian_noise,noImbl,BalancedRandomForest,last,0.25,0.2,5012,2026-05-30 20:43:31,20260530-182225,log/stroke_prediction_v4/10/noSelect/gaussian_noise__noImbl__minmax/BalancedRandomForest,1780136562317_d342c02e17801450114152628,0.6692759295499021,0.5485035649146078,0.740761316872428,0.4935550082101806,0.943369239360499,0.6692759295499021,0.7626823993650366,0.6692759295499021,0.6692759295499021,0.6692759295499021,0.6794093950709966
10,noSelect,minmax,gaussian_noise,noImbl,EasyEnsemble,first,0.25,0.1,42,2026-05-30 20:40:27,20260530-182225,log/stroke_prediction_v4/10/noSelect/minmax__gaussian_noise__noImbl/EasyEnsemble,1780136562317_d342c02e17801448279393524,0.0489236790606653,0.0244618395303326,0.5,0.0466417910447761,0.0023935263728309,0.0489236790606653,0.0045637760317784,0.0489236790606653,0.0489236790606653,0.0489236790606653,0.0799358432760656
10,noSelect,minmax,gaussian_noise,noImbl,EasyEnsemble,first,0.25,0.1,126,2026-05-30 20:40:30,20260530-182225,log/stroke_prediction_v4/10/noSelect/minmax__gaussian_noise__noImbl/EasyEnsemble,1780136562317_d342c02e17801448309501360,0.0489236790606653,0.0244618395303326,0.5,0.0466417910447761,0.0023935263728309,0.0489236790606653,0.0045637760317784,0.0489236790606653,0.0489236790606653,0.0489236790606653,0.0799358432760656
10,noSelect,minmax,gaussian_noise,noImbl,EasyEnsemble,first,0.25,0.1,5012,2026-05-30 20:40:33,20260530-182225,log/stroke_prediction_v4/10/noSelect/minmax__gaussian_noise__noImbl/EasyEnsemble,1780136562317_d342c02e17801448337798541,0.0489236790606653,0.0244618395303326,0.5,0.0466417910447761,0.0023935263728309,0.0489236790606653,0.0045637760317784,0.0489236790606653,0.0489236790606653,0.0489236790606653,0.0799358432760656
10,noSelect,minmax,gaussian_noise,noImbl,EasyEnsemble,first,0.25,0.2,42,2026-05-30 20:41:27,20260530-182225,log/stroke_prediction_v4/10/noSelect/minmax__gaussian_noise__noImbl/EasyEnsemble,1780136562317_d342c02e17801448877036633,0.0489236790606653,0.0244618395303326,0.5,0.0466417910447761,0.0023935263728309,0.0489236790606653,0.0045637760317784,0.0489236790606653,0.0489236790606653,0.0489236790606653,0.0799358432760656
10,noSelect,minmax,gaussian_noise,noImbl,EasyEnsemble,first,0.25,0.2,126,2026-05-30 20:41:30,20260530-182225,log/stroke_prediction_v4/10/noSelect/minmax__gaussian_noise__noImbl/EasyEnsemble,1780136562317_d342c02e17801448905242807,0.0489236790606653,0.0244618395303326,0.5,0.0466417910447761,0.0023935263728309,0.0489236790606653,0.0045637760317784,0.0489236790606653,0.0489236790606653,0.0489236790606653,0.0799358432760656
10,noSelect,minmax,gaussian_noise,noImbl,EasyEnsemble,first,0.25,0.2,5012,2026-05-30 20:41:33,20260530-182225,log/stroke_prediction_v4/10/noSelect/minmax__gaussian_noise__noImbl/EasyEnsemble,1780136562317_d342c02e17801448932935214,0.0489236790606653,0.0244618395303326,0.5,0.0466417910447761,0.0023935263728309,0.0489236790606653,0.0045637760317784,0.0489236790606653,0.0489236790606653,0.0489236790606653,0.0799358432760656
10,noSelect,minmax,gaussian_noise,noImbl,EasyEnsemble,last,0.25,0.1,42,2026-05-30 20:42:27,20260530-182225,log/stroke_prediction_v4/10/noSelect/gaussian_noise__noImbl__minmax/EasyEnsemble,1780136562317_d342c02e17801449472186099,0.0489236790606653,0.0244618395303326,0.5,0.0466417910447761,0.0023935263728309,0.0489236790606653,0.0045637760317784,0.0489236790606653,0.0489236790606653,0.0489236790606653,0.0799358432760656
10,noSelect,minmax,gaussian_noise,noImbl,EasyEnsemble,last,0.25,0.1,126,2026-05-30 20:42:30,20260530-182225,log/stroke_prediction_v4/10/noSelect/gaussian_noise__noImbl__minmax/EasyEnsemble,1780136562317_d342c02e17801449500193491,0.0489236790606653,0.0244618395303326,0.5,0.0466417910447761,0.0023935263728309,0.0489236790606653,0.0045637760317784,0.0489236790606653,0.0489236790606653,0.0489236790606653,0.0799358432760656
10,noSelect,minmax,gaussian_noise,noImbl,EasyEnsemble,last,0.25,0.1,5012,2026-05-30 20:42:32,20260530-182225,log/stroke_prediction_v4/10/noSelect/gaussian_noise__noImbl__minmax/EasyEnsemble,1780136562317_d342c02e17801449528699252,0.0489236790606653,0.0244618395303326,0.5,0.0466417910447761,0.0023935263728309,0.0489236790606653,0.0045637760317784,0.0489236790606653,0.0489236790606653,0.0489236790606653,0.0799358432760656
10,noSelect,minmax,gaussian_noise,noImbl,EasyEnsemble,last,0.25,0.2,42,2026-05-30 20:43:27,20260530-182225,log/stroke_prediction_v4/10/noSelect/gaussian_noise__noImbl__minmax/EasyEnsemble,1780136562317_d342c02e17801450071871693,0.0489236790606653,0.0244618395303326,0.5,0.0466417910447761,0.0023935263728309,0.0489236790606653,0.0045637760317784,0.0489236790606653,0.0489236790606653,0.0489236790606653,0.0799358432760656
10,noSelect,minmax,gaussian_noise,noImbl,EasyEnsemble,last,0.25,0.2,126,2026-05-30 20:43:29,20260530-182225,log/stroke_prediction_v4/10/noSelect/gaussian_noise__noImbl__minmax/EasyEnsemble,1780136562317_d342c02e17801450099785969,0.0489236790606653,0.0244618395303326,0.5,0.0466417910447761,0.0023935263728309,0.0489236790606653,0.0045637760317784,0.0489236790606653,0.0489236790606653,0.0489236790606653,0.0799358432760656
10,noSelect,minmax,gaussian_noise,noImbl,EasyEnsemble,last,0.25,0.2,5012,2026-05-30 20:43:32,20260530-182225,log/stroke_prediction_v4/10/noSelect/gaussian_noise__noImbl__minmax/EasyEnsemble,1780136562317_d342c02e17801450127680771,0.0489236790606653,0.0244618395303326,0.5,0.0466417910447761,0.0023935263728309,0.0489236790606653,0.0045637760317784,0.0489236790606653,0.0489236790606653,0.0489236790606653,0.0799358432760656
10,noSelect,minmax,gaussian_noise,noImbl,XGBClassifier_SPW24,first,0.25,0.1,42,2026-05-30 20:40:25,20260530-182225,log/stroke_prediction_v4/10/noSelect/minmax__gaussian_noise__noImbl/XGBClassifier_SPW24,1780136562317_d342c02e17801448255641599,0.9217221135029354,0.5914830119375574,0.5983950617283951,0.5947660586835845,0.9246126089214506,0.9217221135029354,0.923146758621974,0.9217221135029354,0.9217221135029354,0.9217221135029354,0.807824836255748
10,noSelect,minmax,gaussian_noise,noImbl,XGBClassifier_SPW24,first,0.25,0.1,126,2026-05-30 20:40:28,20260530-182225,log/stroke_prediction_v4/10/noSelect/minmax__gaussian_noise__noImbl/XGBClassifier_SPW24,1780136562317_d342c02e17801448285132414,0.9217221135029354,0.529257595207531,0.5225102880658437,0.5250046477040342,0.911765296971128,0.9217221135029354,0.9166251010943842,0.9217221135029354,0.9217221135029354,0.9217221135029354,0.7812866257453869
10,noSelect,minmax,gaussian_noise,noImbl,XGBClassifier_SPW24,first,0.25,0.1,5012,2026-05-30 20:40:31,20260530-182225,log/stroke_prediction_v4/10/noSelect/minmax__gaussian_noise__noImbl/XGBClassifier_SPW24,1780136562317_d342c02e17801448313949084,0.898238747553816,0.5224419931532902,0.5291358024691357,0.524753183574188,0.9117505409704642,0.898238747553816,0.9048345191031252,0.898238747553816,0.898238747553816,0.898238747553816,0.7700664880824123
10,noSelect,minmax,gaussian_noise,noImbl,XGBClassifier_SPW24,first,0.25,0.2,42,2026-05-30 20:41:25,20260530-182225,log/stroke_prediction_v4/10/noSelect/minmax__gaussian_noise__noImbl/XGBClassifier_SPW24,1780136562317_d342c02e17801448854125155,0.9168297455968688,0.576283974184165,0.5863374485596708,0.580862592215537,0.9220804513234964,0.9168297455968688,0.9193999861145402,0.9168297455968688,0.9168297455968688,0.9168297455968688,0.8002414723949921
10,noSelect,minmax,gaussian_noise,noImbl,XGBClassifier_SPW24,first,0.25,0.2,126,2026-05-30 20:41:28,20260530-182225,log/stroke_prediction_v4/10/noSelect/minmax__gaussian_noise__noImbl/XGBClassifier_SPW24,1780136562317_d342c02e17801448881724615,0.910958904109589,0.5916754478398314,0.630679012345679,0.6063957203861472,0.9277249303520648,0.910958904109589,0.9187508431814904,0.910958904109589,0.910958904109589,0.910958904109589,0.8081634852327386
10,noSelect,minmax,gaussian_noise,noImbl,XGBClassifier_SPW24,first,0.25,0.2,5012,2026-05-30 20:41:30,20260530-182225,log/stroke_prediction_v4/10/noSelect/minmax__gaussian_noise__noImbl/XGBClassifier_SPW24,1780136562317_d342c02e17801448909822775,0.8953033268101761,0.5383526927138331,0.5560493827160494,0.5441208963001564,0.9157706796826728,0.8953033268101761,0.9050910199682036,0.8953033268101761,0.8953033268101761,0.895303326810176,0.7765203936755798
10,noSelect,minmax,gaussian_noise,noImbl,XGBClassifier_SPW24,last,0.25,0.1,42,2026-05-30 20:42:24,20260530-182225,log/stroke_prediction_v4/10/noSelect/gaussian_noise__noImbl__minmax/XGBClassifier_SPW24,1780136562317_d342c02e17801449448973344,0.9217221135029354,0.5914830119375574,0.5983950617283951,0.5947660586835845,0.9246126089214506,0.9217221135029354,0.923146758621974,0.9217221135029354,0.9217221135029354,0.9217221135029354,0.807824836255748
10,noSelect,minmax,gaussian_noise,noImbl,XGBClassifier_SPW24,last,0.25,0.1,126,2026-05-30 20:42:27,20260530-182225,log/stroke_prediction_v4/10/noSelect/gaussian_noise__noImbl__minmax/XGBClassifier_SPW24,1780136562317_d342c02e17801449476830100,0.9099804305283756,0.5163374485596708,0.5163374485596708,0.5163374485596708,0.9099804305283756,0.9099804305283756,0.9099804305283756,0.9099804305283756,0.9099804305283756,0.9099804305283756,0.7722053868393288
10,noSelect,minmax,gaussian_noise,noImbl,XGBClassifier_SPW24,last,0.25,0.1,5012,2026-05-30 20:42:30,20260530-182225,log/stroke_prediction_v4/10/noSelect/gaussian_noise__noImbl__minmax/XGBClassifier_SPW24,1780136562317_d342c02e17801449504761154,0.9119373776908024,0.5496894409937888,0.5553086419753086,0.5522518838717215,0.9167142735593344,0.9119373776908022,0.914293396209268,0.9119373776908024,0.9119373776908024,0.9119373776908022,0.7869279787413123
10,noSelect,minmax,gaussian_noise,noImbl,XGBClassifier_SPW24,last,0.25,0.2,42,2026-05-30 20:43:24,20260530-182225,log/stroke_prediction_v4/10/noSelect/gaussian_noise__noImbl__minmax/XGBClassifier_SPW24,1780136562317_d342c02e17801450048643875,0.913894324853229,0.5713963963963964,0.5847942386831276,0.5772492244053775,0.9214885139542672,0.913894324853229,0.9175856088493678,0.913894324853229,0.913894324853229,0.913894324853229,0.7975508698328823
10,noSelect,minmax,gaussian_noise,noImbl,XGBClassifier_SPW24,last,0.25,0.2,126,2026-05-30 20:43:27,20260530-182225,log/stroke_prediction_v4/10/noSelect/gaussian_noise__noImbl__minmax/XGBClassifier_SPW24,1780136562317_d342c02e17801450076451919,0.901174168297456,0.5599366420274551,0.5875925925925927,0.5696842105263158,0.9207405402166076,0.901174168297456,0.9104130188484912,0.901174168297456,0.901174168297456,0.901174168297456,0.7893112292088689
10,noSelect,minmax,gaussian_noise,noImbl,XGBClassifier_SPW24,last,0.25,0.2,5012,2026-05-30 20:43:30,20260530-182225,log/stroke_prediction_v4/10/noSelect/gaussian_noise__noImbl__minmax/XGBClassifier_SPW24,1780136562317_d342c02e17801450104576658,0.898238747553816,0.5748608626515602,0.6239917695473252,0.5903933900604267,0.9256307566278894,0.8982387475538162,0.9107471367973398,0.898238747553816,0.898238747553816,0.898238747553816,0.7969149169328688
10,noSelect,minmax,mixup,noImbl,BalancedRandomForest,first,0.25,0.1,42,2026-05-30 20:44:21,20260530-182225,log/stroke_prediction_v4/10/noSelect/minmax__mixup__noImbl/BalancedRandomForest,1780136562317_d342c02e17801450612051811,0.6125244618395304,0.5350236966824644,0.6824691358024692,0.4545542761029887,0.9364602442937832,0.6125244618395304,0.7193697511013367,0.6125244618395304,0.6125244618395304,0.6125244618395304,0.6364936964943324
10,noSelect,minmax,mixup,noImbl,BalancedRandomForest,first,0.25,0.1,126,2026-05-30 20:44:23,20260530-182225,log/stroke_prediction_v4/10/noSelect/minmax__mixup__noImbl/BalancedRandomForest,1780136562317_d342c02e17801450635949307,0.5792563600782779,0.5450924499229584,0.7408641975308643,0.4468611073350753,0.9489273879127608,0.5792563600782779,0.6909979533935409,0.5792563600782779,0.5792563600782779,0.5792563600782779,0.6258698066772617
10,noSelect,minmax,mixup,noImbl,BalancedRandomForest,first,0.25,0.1,5012,2026-05-30 20:44:26,20260530-182225,log/stroke_prediction_v4/10/noSelect/minmax__mixup__noImbl/BalancedRandomForest,1780136562317_d342c02e17801450660008930,0.5557729941291585,0.5320286337521889,0.671604938271605,0.4245752412133839,0.9374416016700756,0.5557729941291585,0.6724529629108106,0.5557729941291585,0.5557729941291585,0.5557729941291585,0.6009709456396795
10,noSelect,minmax,mixup,noImbl,BalancedRandomForest,first,0.25,0.2,42,2026-05-30 20:45:12,20260530-182225,log/stroke_prediction_v4/10/noSelect/minmax__mixup__noImbl/BalancedRandomForest,1780136562317_d342c02e17801451121087759,0.6007827788649707,0.5406147604930566,0.714238683127572,0.4539225546894644,0.9426068832387428,0.6007827788649707,0.7094039258023263,0.6007827788649707,0.6007827788649707,0.6007827788649707,0.6345581163056937
10,noSelect,minmax,mixup,noImbl,BalancedRandomForest,first,0.25,0.2,126,2026-05-30 20:45:14,20260530-182225,log/stroke_prediction_v4/10/noSelect/minmax__mixup__noImbl/BalancedRandomForest,1780136562317_d342c02e17801451145547762,0.5782778864970646,0.5449828055622947,0.7403497942386832,0.4462710076770968,0.9489047084814768,0.5782778864970646,0.6901795092242117,0.5782778864970646,0.5782778864970646,0.5782778864970646,0.6252024629622674
10,noSelect,minmax,mixup,noImbl,BalancedRandomForest,first,0.25,0.2,5012,2026-05-30 20:45:16,20260530-182225,log/stroke_prediction_v4/10/noSelect/minmax__mixup__noImbl/BalancedRandomForest,1780136562317_d342c02e17801451169514390,0.6125244618395304,0.5420804525455688,0.7204115226337449,0.4609015345268542,0.9430025301321892,0.6125244618395304,0.7188283592174213,0.6125244618395304,0.6125244618395304,0.6125244618395304,0.6425187193286035
10,noSelect,minmax,mixup,noImbl,BalancedRandomForest,last,0.25,0.1,42,2026-05-30 20:46:02,20260530-182225,log/stroke_prediction_v4/10/noSelect/mixup__noImbl__minmax/BalancedRandomForest,1780136562317_d342c02e17801451629080431,0.6046966731898239,0.5340509113764927,0.6783539094650206,0.4500106564364876,0.936121234783229,0.6046966731898239,0.7131481240500965,0.6046966731898239,0.6046966731898239,0.6046966731898239,0.6312050919113914
10,noSelect,minmax,mixup,noImbl,BalancedRandomForest,last,0.25,0.1,126,2026-05-30 20:46:05,20260530-182225,log/stroke_prediction_v4/10/noSelect/mixup__noImbl__minmax/BalancedRandomForest,1780136562317_d342c02e17801451653046678,0.589041095890411,0.5462121212121211,0.746008230452675,0.4527680319843342,0.9491541074711328,0.589041095890411,0.6991283553596337,0.589041095890411,0.589041095890411,0.589041095890411,0.6325383423713523
10,noSelect,minmax,mixup,noImbl,BalancedRandomForest,last,0.25,0.1,5012,2026-05-30 20:46:07,20260530-182225,log/stroke_prediction_v4/10/noSelect/mixup__noImbl__minmax/BalancedRandomForest,1780136562317_d342c02e17801451677226810,0.5557729941291585,0.5320286337521889,0.671604938271605,0.4245752412133839,0.9374416016700756,0.5557729941291585,0.6724529629108106,0.5557729941291585,0.5557729941291585,0.5557729941291585,0.6009709456396795
10,noSelect,minmax,mixup,noImbl,BalancedRandomForest,last,0.25,0.2,42,2026-05-30 20:46:53,20260530-182225,log/stroke_prediction_v4/10/noSelect/mixup__noImbl__minmax/BalancedRandomForest,1780136562317_d342c02e17801452135740987,0.5958904109589042,0.5400233440326816,0.7116666666666667,0.4510228793575934,0.9424408104856278,0.5958904109589042,0.7054378586650379,0.5958904109589042,0.5958904109589042,0.5958904109589042,0.6312383572054537
10,noSelect,minmax,mixup,noImbl,BalancedRandomForest,last,0.25,0.2,126,2026-05-30 20:46:55,20260530-182225,log/stroke_prediction_v4/10/noSelect/mixup__noImbl__minmax/BalancedRandomForest,1780136562317_d342c02e17801452159547698,0.5733855185909981,0.5444406842234801,0.7377777777777779,0.4433217398256976,0.9487912491757752,0.5733855185909981,0.686072355254052,0.5733855185909981,0.5733855185909981,0.5733855185909981,0.6218642928160649
10,noSelect,minmax,mixup,noImbl,BalancedRandomForest,last,0.25,0.2,5012,2026-05-30 20:46:58,20260530-182225,log/stroke_prediction_v4/10/noSelect/mixup__noImbl__minmax/BalancedRandomForest,1780136562317_d342c02e17801452183849865,0.5743639921722113,0.5392954712720742,0.709835390946502,0.4397233463098768,0.9434601746461536,0.5743639921722113,0.687505133705231,0.5743639921722113,0.5743639921722113,0.5743639921722113,0.6180889725576235
10,noSelect,minmax,mixup,noImbl,EasyEnsemble,first,0.25,0.1,42,2026-05-30 20:44:22,20260530-182225,log/stroke_prediction_v4/10/noSelect/minmax__mixup__noImbl/EasyEnsemble,1780136562317_d342c02e17801450623428421,0.0743639921722113,0.5251004016064257,0.5133744855967078,0.0738532514359502,0.9535323289243078,0.0743639921722113,0.0542322948179213,0.0743639921722113,0.0743639921722113,0.0743639921722113,0.2481591504197093
10,noSelect,minmax,mixup,noImbl,EasyEnsemble,first,0.25,0.1,126,2026-05-30 20:44:24,20260530-182225,log/stroke_prediction_v4/10/noSelect/minmax__mixup__noImbl/EasyEnsemble,1780136562317_d342c02e17801450647443612,0.0998043052837573,0.5257731958762887,0.5267489711934156,0.0998008578431372,0.953598160066173,0.0998043052837572,0.1013901279689958,0.0998043052837573,0.0998043052837573,0.0998043052837573,0.2707124026989105
10,noSelect,minmax,mixup,noImbl,EasyEnsemble,first,0.25,0.1,5012,2026-05-30 20:44:27,20260530-182225,log/stroke_prediction_v4/10/noSelect/minmax__mixup__noImbl/EasyEnsemble,1780136562317_d342c02e17801450671390554,0.2935420743639921,0.5273129921259843,0.6096296296296295,0.2642261992605207,0.94664526095197,0.2935420743639921,0.3967224583066021,0.2935420743639921,0.2935420743639921,0.2935420743639921,0.4249179166514235
10,noSelect,minmax,mixup,noImbl,EasyEnsemble,first,0.25,0.2,42,2026-05-30 20:45:13,20260530-182225,log/stroke_prediction_v4/10/noSelect/minmax__mixup__noImbl/EasyEnsemble,1780136562317_d342c02e17801451133047077,0.1428571428571428,0.5269978401727862,0.5493827160493827,0.1411171486461594,0.9537179882752236,0.1428571428571428,0.175992684788043,0.1428571428571428,0.1428571428571428,0.1428571428571428,0.3077191866077267
10,noSelect,minmax,mixup,noImbl,EasyEnsemble,first,0.25,0.2,126,2026-05-30 20:45:15,20260530-182225,log/stroke_prediction_v4/10/noSelect/minmax__mixup__noImbl/EasyEnsemble,1780136562317_d342c02e17801451156993968,0.0763209393346379,0.5251509054325956,0.51440329218107,0.0758927203065134,0.9535372705902736,0.0763209393346379,0.0579464501278388,0.0763209393346379,0.0763209393346379,0.0763209393346379,0.2499133981194018
10,noSelect,minmax,mixup,noImbl,EasyEnsemble,first,0.25,0.2,5012,2026-05-30 20:45:18,20260530-182225,log/stroke_prediction_v4/10/noSelect/minmax__mixup__noImbl/EasyEnsemble,1780136562317_d342c02e17801451180954974,0.3287671232876712,0.5293386093838326,0.6281481481481481,0.2895902659279104,0.9477252840007124,0.3287671232876712,0.440094692951658,0.3287671232876712,0.3287671232876712,0.3287671232876712,0.4514807973002729
10,noSelect,minmax,mixup,noImbl,EasyEnsemble,last,0.25,0.1,42,2026-05-30 20:46:04,20260530-182225,log/stroke_prediction_v4/10/noSelect/mixup__noImbl__minmax/EasyEnsemble,1780136562317_d342c02e17801451640100982,0.0821917808219178,0.5253036437246964,0.5174897119341564,0.0819667735398782,0.9535522156286396,0.0821917808219177,0.0690007289123494,0.0821917808219178,0.0821917808219178,0.0821917808219178,0.2551563948253504
10,noSelect,minmax,mixup,noImbl,EasyEnsemble,last,0.25,0.1,126,2026-05-30 20:46:06,20260530-182225,log/stroke_prediction_v4/10/noSelect/mixup__noImbl__minmax/EasyEnsemble,1780136562317_d342c02e17801451664508919,0.1056751467710371,0.5259336099585062,0.529835390946502,0.1056203443059305,0.9536138561603236,0.1056751467710371,0.1119363284094681,0.1056751467710371,0.1056751467710371,0.1056751467710371,0.2758418453222577
10,noSelect,minmax,mixup,noImbl,EasyEnsemble,last,0.25,0.1,5012,2026-05-30 20:46:08,20260530-182225,log/stroke_prediction_v4/10/noSelect/mixup__noImbl__minmax/EasyEnsemble,1780136562317_d342c02e17801451688582775,0.1487279843444227,0.5167669110982944,0.5334979423868312,0.1461643946115995,0.935695170934183,0.1487279843444226,0.1883720684270088,0.1487279843444227,0.1487279843444227,0.1487279843444227,0.3082676656354911
10,noSelect,minmax,mixup,noImbl,EasyEnsemble,last,0.25,0.2,42,2026-05-30 20:46:54,20260530-182225,log/stroke_prediction_v4/10/noSelect/mixup__noImbl__minmax/EasyEnsemble,1780136562317_d342c02e17801452146896365,0.3033268101761252,0.5303284451586984,0.6242592592592593,0.272001120515437,0.9506005484798477,0.3033268101761252,0.4082383180020147,0.3033268101761252,0.3033268101761252,0.3033268101761252,0.4338854651378482
10,noSelect,minmax,mixup,noImbl,EasyEnsemble,last,0.25,0.2,126,2026-05-30 20:46:57,20260530-182225,log/stroke_prediction_v4/10/noSelect/mixup__noImbl__minmax/EasyEnsemble,1780136562317_d342c02e17801452170948648,0.1409001956947162,0.5269396551724137,0.5483539094650205,0.1393048569466345,0.953712295026655,0.1409001956947161,0.1727344552587091,0.1409001956947162,0.1409001956947162,0.1409001956947162,0.3060665610750969
10,noSelect,minmax,mixup,noImbl,EasyEnsemble,last,0.25,0.2,5012,2026-05-30 20:46:59,20260530-182225,log/stroke_prediction_v4/10/noSelect/mixup__noImbl__minmax/EasyEnsemble,1780136562317_d342c02e17801452195013620,0.3590998043052837,0.5311215397673995,0.6440946502057613,0.3106278506719064,0.948500592651796,0.3590998043052837,0.4755398110039135,0.3590998043052837,0.3590998043052837,0.3590998043052837,0.473936749235982
10,noSelect,minmax,mixup,noImbl,XGBClassifier_SPW24,first,0.25,0.1,42,2026-05-30 20:44:20,20260530-182225,log/stroke_prediction_v4/10/noSelect/minmax__mixup__noImbl/XGBClassifier_SPW24,1780136562317_d342c02e17801450604549664,0.9041095890410958,0.5525650511777038,0.570164609053498,0.5593044335322175,0.9183935657488638,0.904109589041096,0.9109751784206976,0.9041095890410958,0.9041095890410958,0.9041095890410958,0.786298100007382
10,noSelect,minmax,mixup,noImbl,XGBClassifier_SPW24,first,0.25,0.1,126,2026-05-30 20:44:22,20260530-182225,log/stroke_prediction_v4/10/noSelect/minmax__mixup__noImbl/XGBClassifier_SPW24,1780136562317_d342c02e17801450628427064,0.9256360078277888,0.5738095238095238,0.5625102880658436,0.5674893086243763,0.919634703196347,0.9256360078277888,0.922555176006684,0.9256360078277888,0.9256360078277888,0.9256360078277884,0.7993565273329458
10,noSelect,minmax,mixup,noImbl,XGBClassifier_SPW24,first,0.25,0.1,5012,2026-05-30 20:44:25,20260530-182225,log/stroke_prediction_v4/10/noSelect/minmax__mixup__noImbl/XGBClassifier_SPW24,1780136562317_d342c02e17801450652436726,0.8864970645792564,0.5367720135161995,0.5609053497942387,0.5431310889135528,0.91612083361048,0.8864970645792564,0.9004487295047252,0.8864970645792564,0.8864970645792564,0.8864970645792564,0.7725156182865359
10,noSelect,minmax,mixup,noImbl,XGBClassifier_SPW24,first,0.25,0.2,42,2026-05-30 20:45:11,20260530-182225,log/stroke_prediction_v4/10/noSelect/minmax__mixup__noImbl/XGBClassifier_SPW24,1780136562317_d342c02e17801451113676376,0.9148727984344422,0.5888835302628407,0.6137654320987654,0.5991885861112989,0.9258365630590476,0.9148727984344422,0.9200935957716496,0.9148727984344422,0.9148727984344422,0.9148727984344422,0.8066899991982844
10,noSelect,minmax,mixup,noImbl,XGBClassifier_SPW24,first,0.25,0.2,126,2026-05-30 20:45:13,20260530-182225,log/stroke_prediction_v4/10/noSelect/minmax__mixup__noImbl/XGBClassifier_SPW24,1780136562317_d342c02e17801451138136772,0.9060665362035224,0.5604421013688494,0.580679012345679,0.5682982206029885,0.9201099669642994,0.9060665362035224,0.9127920115141528,0.9060665362035224,0.9060665362035224,0.9060665362035226,0.7907132573668628
10,noSelect,minmax,mixup,noImbl,XGBClassifier_SPW24,first,0.25,0.2,5012,2026-05-30 20:45:16,20260530-182225,log/stroke_prediction_v4/10/noSelect/minmax__mixup__noImbl/XGBClassifier_SPW24,1780136562317_d342c02e17801451162102637,0.9001956947162426,0.5368109507954125,0.5491358024691357,0.5413168593906753,0.914960763317992,0.9001956947162426,0.9073415122337872,0.9001956947162426,0.9001956947162426,0.9001956947162426,0.7774677852884202
10,noSelect,minmax,mixup,noImbl,XGBClassifier_SPW24,last,0.25,0.1,42,2026-05-30 20:46:02,20260530-182225,log/stroke_prediction_v4/10/noSelect/mixup__noImbl__minmax/XGBClassifier_SPW24,1780136562317_d342c02e17801451620549744,0.8962818003913894,0.5548301486199576,0.5850205761316871,0.564616992203199,0.9200487367095866,0.8962818003913893,0.9074364464066872,0.8962818003913894,0.8962818003913894,0.8962818003913894,0.7853106820941618
10,noSelect,minmax,mixup,noImbl,XGBClassifier_SPW24,last,0.25,0.1,126,2026-05-30 20:46:04,20260530-182225,log/stroke_prediction_v4/10/noSelect/mixup__noImbl__minmax/XGBClassifier_SPW24,1780136562317_d342c02e17801451645112306,0.929549902152642,0.5434811827956989,0.5266255144032922,0.5316700610997963,0.9134971487490264,0.929549902152642,0.921102347140904,0.929549902152642,0.929549902152642,0.929549902152642,0.7880962066919635
10,noSelect,minmax,mixup,noImbl,XGBClassifier_SPW24,last,0.25,0.1,5012,2026-05-30 20:46:06,20260530-182225,log/stroke_prediction_v4/10/noSelect/mixup__noImbl__minmax/XGBClassifier_SPW24,1780136562317_d342c02e17801451669480489,0.9080234833659492,0.5448371448371448,0.5532510288065844,0.5484253078875623,0.9160763955284504,0.9080234833659492,0.91196644581637,0.9080234833659492,0.9080234833659492,0.9080234833659492,0.7836846133191873
10,noSelect,minmax,mixup,noImbl,XGBClassifier_SPW24,last,0.25,0.2,42,2026-05-30 20:46:52,20260530-182225,log/stroke_prediction_v4/10/noSelect/mixup__noImbl__minmax/XGBClassifier_SPW24,1780136562317_d342c02e17801452128477040,0.920743639921722,0.5894425119864622,0.597880658436214,0.5933986591026301,0.9243763277280296,0.9207436399217224,0.922528508955632,0.920743639921722,0.920743639921722,0.920743639921722,0.8068564809924985
10,noSelect,minmax,mixup,noImbl,XGBClassifier_SPW24,last,0.25,0.2,126,2026-05-30 20:46:55,20260530-182225,log/stroke_prediction_v4/10/noSelect/mixup__noImbl__minmax/XGBClassifier_SPW24,1780136562317_d342c02e17801452152008334,0.898238747553816,0.5567959582790091,0.5860493827160493,0.5666101252609603,0.9203181888926028,0.898238747553816,0.908625326328089,0.898238747553816,0.898238747553816,0.898238747553816,0.7868971697486499
10,noSelect,minmax,mixup,noImbl,XGBClassifier_SPW24,last,0.25,0.2,5012,2026-05-30 20:46:57,20260530-182225,log/stroke_prediction_v4/10/noSelect/mixup__noImbl__minmax/XGBClassifier_SPW24,1780136562317_d342c02e17801452176593472,0.8962818003913894,0.5446478246355847,0.5660493827160494,0.5517321283744642,0.917299003540012,0.8962818003913894,0.906279893552595,0.8962818003913894,0.8962818003913894,0.8962818003913894,0.7800141445347792
10,noSelect,minmax,noAug,noImbl,BalancedRandomForest,first,0.25,0.1,42,2026-05-30 20:47:41,20260530-182225,log/stroke_prediction_v4/10/noSelect/minmax__noAug__noImbl/BalancedRandomForest,1780136562317_d342c02e17801452617003801,0.5929549902152642,0.5326415977531596,0.6721810699588477,0.4432151538010225,0.9356049879709888,0.5929549902152642,0.7037059635631561,0.5929549902152642,0.5929549902152642,0.5929549902152642,0.6232629292590319
10,noSelect,minmax,noAug,noImbl,BalancedRandomForest,first,0.25,0.1,126,2026-05-30 20:47:43,20260530-182225,log/stroke_prediction_v4/10/noSelect/minmax__noAug__noImbl/BalancedRandomForest,1780136562317_d342c02e17801452638165365,0.5792563600782779,0.5450924499229584,0.7408641975308643,0.4468611073350753,0.9489273879127608,0.5792563600782779,0.6909979533935409,0.5792563600782779,0.5792563600782779,0.5792563600782779,0.6258698066772617
10,noSelect,minmax,noAug,noImbl,BalancedRandomForest,first,0.25,0.1,5012,2026-05-30 20:47:46,20260530-182225,log/stroke_prediction_v4/10/noSelect/minmax__noAug__noImbl/BalancedRandomForest,1780136562317_d342c02e17801452660323241,0.5655577299412916,0.5295559666975023,0.6577777777777778,0.4274076317383403,0.9343562802435232,0.5655577299412916,0.6811414774417686,0.5655577299412916,0.5655577299412916,0.5655577299412916,0.6046744608254131
10,noSelect,minmax,noAug,noImbl,BalancedRandomForest,first,0.25,0.2,42,2026-05-30 20:48:26,20260530-182225,log/stroke_prediction_v4/10/noSelect/minmax__noAug__noImbl/BalancedRandomForest,1780136562317_d342c02e17801453068899343,0.5880626223091977,0.5390991724325057,0.707551440329218,0.4463911888264849,0.9421732865959872,0.5880626223091977,0.699043145637048,0.5880626223091977,0.5880626223091977,0.5880626223091977,0.62592258902898
10,noSelect,minmax,noAug,noImbl,BalancedRandomForest,first,0.25,0.2,126,2026-05-30 20:48:29,20260530-182225,log/stroke_prediction_v4/10/noSelect/minmax__noAug__noImbl/BalancedRandomForest,1780136562317_d342c02e17801453090382167,0.5596868884540117,0.5447299411115201,0.7400617283950617,0.4363970588235293,0.950327160222618,0.5596868884540117,0.6742071486128698,0.5596868884540117,0.5596868884540117,0.5596868884540117,0.6139772694699844
10,noSelect,minmax,noAug,noImbl,BalancedRandomForest,first,0.25,0.2,5012,2026-05-30 20:48:31,20260530-182225,log/stroke_prediction_v4/10/noSelect/minmax__noAug__noImbl/BalancedRandomForest,1780136562317_d342c02e17801453111902616,0.5772994129158513,0.539622481409485,0.7113786008230453,0.4414650561439552,0.9435542354661092,0.5772994129158513,0.6899556850004793,0.5772994129158513,0.5772994129158513,0.5772994129158513,0.6200884081078695
10,noSelect,minmax,noAug,noImbl,BalancedRandomForest,last,0.25,0.1,42,2026-05-30 20:49:12,20260530-182225,log/stroke_prediction_v4/10/noSelect/noAug__noImbl__minmax/BalancedRandomForest,1780136562317_d342c02e17801453521559677,0.5929549902152642,0.5326415977531596,0.6721810699588477,0.4432151538010225,0.9356049879709888,0.5929549902152642,0.7037059635631561,0.5929549902152642,0.5929549902152642,0.5929549902152642,0.6232629292590319
10,noSelect,minmax,noAug,noImbl,BalancedRandomForest,last,0.25,0.1,126,2026-05-30 20:49:14,20260530-182225,log/stroke_prediction_v4/10/noSelect/noAug__noImbl__minmax/BalancedRandomForest,1780136562317_d342c02e17801453542841903,0.5792563600782779,0.5450924499229584,0.7408641975308643,0.4468611073350753,0.9489273879127608,0.5792563600782779,0.6909979533935409,0.5792563600782779,0.5792563600782779,0.5792563600782779,0.6258698066772617
10,noSelect,minmax,noAug,noImbl,BalancedRandomForest,last,0.25,0.1,5012,2026-05-30 20:49:16,20260530-182225,log/stroke_prediction_v4/10/noSelect/noAug__noImbl__minmax/BalancedRandomForest,1780136562317_d342c02e17801453564111619,0.5655577299412916,0.5295559666975023,0.6577777777777778,0.4274076317383403,0.9343562802435232,0.5655577299412916,0.6811414774417686,0.5655577299412916,0.5655577299412916,0.5655577299412916,0.6046744608254131
10,noSelect,minmax,noAug,noImbl,BalancedRandomForest,last,0.25,0.2,42,2026-05-30 20:49:57,20260530-182225,log/stroke_prediction_v4/10/noSelect/noAug__noImbl__minmax/BalancedRandomForest,1780136562317_d342c02e17801453973547722,0.5880626223091977,0.5390991724325057,0.707551440329218,0.4463911888264849,0.9421732865959872,0.5880626223091977,0.699043145637048,0.5880626223091977,0.5880626223091977,0.5880626223091977,0.62592258902898
10,noSelect,minmax,noAug,noImbl,BalancedRandomForest,last,0.25,0.2,126,2026-05-30 20:49:59,20260530-182225,log/stroke_prediction_v4/10/noSelect/noAug__noImbl__minmax/BalancedRandomForest,1780136562317_d342c02e17801453995710485,0.5596868884540117,0.5447299411115201,0.7400617283950617,0.4363970588235293,0.950327160222618,0.5596868884540117,0.6742071486128698,0.5596868884540117,0.5596868884540117,0.5596868884540117,0.6139772694699844
10,noSelect,minmax,noAug,noImbl,BalancedRandomForest,last,0.25,0.2,5012,2026-05-30 20:50:01,20260530-182225,log/stroke_prediction_v4/10/noSelect/noAug__noImbl__minmax/BalancedRandomForest,1780136562317_d342c02e17801454017007501,0.5772994129158513,0.539622481409485,0.7113786008230453,0.4414650561439552,0.9435542354661092,0.5772994129158513,0.6899556850004793,0.5772994129158513,0.5772994129158513,0.5772994129158513,0.6200884081078695
10,noSelect,minmax,noAug,noImbl,EasyEnsemble,first,0.25,0.1,42,2026-05-30 20:47:42,20260530-182225,log/stroke_prediction_v4/10/noSelect/minmax__noAug__noImbl/EasyEnsemble,1780136562317_d342c02e17801452627108242,0.0782778864970645,0.5252016129032258,0.5154320987654321,0.0779247646741066,0.9535422321823116,0.0782778864970644,0.0616458486357474,0.0782778864970645,0.0782778864970645,0.0782778864970645,0.2516643409804008
10,noSelect,minmax,noAug,noImbl,EasyEnsemble,first,0.25,0.1,126,2026-05-30 20:47:44,20260530-182225,log/stroke_prediction_v4/10/noSelect/minmax__noAug__noImbl/EasyEnsemble,1780136562317_d342c02e17801452648267003,0.0587084148727984,0.5247035573122529,0.5051440329218106,0.0572642786733711,0.9534934987585374,0.0587084148727984,0.0239769392765722,0.0587084148727984,0.0587084148727984,0.0587084148727984,0.2340036575408709
10,noSelect,minmax,noAug,noImbl,EasyEnsemble,first,0.25,0.1,5012,2026-05-30 20:47:47,20260530-182225,log/stroke_prediction_v4/10/noSelect/minmax__noAug__noImbl/EasyEnsemble,1780136562317_d342c02e17801452671125078,0.1565557729941291,0.5176597882371127,0.5376131687242798,0.1532351391980683,0.9369770452321136,0.1565557729941291,0.2010730198225684,0.1565557729941291,0.1565557729941291,0.1565557729941291,0.3149935332700977
10,noSelect,minmax,noAug,noImbl,EasyEnsemble,first,0.25,0.2,42,2026-05-30 20:48:27,20260530-182225,log/stroke_prediction_v4/10/noSelect/minmax__noAug__noImbl/EasyEnsemble,1780136562317_d342c02e17801453079106172,0.2651663405088063,0.531210986267166,0.6136831275720165,0.2440016823558497,0.954130233489938,0.2651663405088063,0.358117558478808,0.2651663405088063,0.2651663405088063,0.2651663405088063,0.4062868570616332
10,noSelect,minmax,noAug,noImbl,EasyEnsemble,first,0.25,0.2,126,2026-05-30 20:48:30,20260530-182225,log/stroke_prediction_v4/10/noSelect/minmax__noAug__noImbl/EasyEnsemble,1780136562317_d342c02e17801453100550348,0.0636007827788649,0.5248262164846077,0.507716049382716,0.0625012580768534,0.9535055006345016,0.0636007827788648,0.0335366359267199,0.0636007827788649,0.0636007827788649,0.0636007827788649,0.2384507738622644
10,noSelect,minmax,noAug,noImbl,EasyEnsemble,first,0.25,0.2,5012,2026-05-30 20:48:32,20260530-182225,log/stroke_prediction_v4/10/noSelect/minmax__noAug__noImbl/EasyEnsemble,1780136562317_d342c02e17801453121972347,0.3590998043052837,0.5311215397673995,0.6440946502057613,0.3106278506719064,0.948500592651796,0.3590998043052837,0.4755398110039135,0.3590998043052837,0.3590998043052837,0.3590998043052837,0.473936749235982
10,noSelect,minmax,noAug,noImbl,EasyEnsemble,last,0.25,0.1,42,2026-05-30 20:49:13,20260530-182225,log/stroke_prediction_v4/10/noSelect/noAug__noImbl__minmax/EasyEnsemble,1780136562317_d342c02e17801453531805724,0.0782778864970645,0.5252016129032258,0.5154320987654321,0.0779247646741066,0.9535422321823116,0.0782778864970644,0.0616458486357474,0.0782778864970645,0.0782778864970645,0.0782778864970645,0.2516643409804008
10,noSelect,minmax,noAug,noImbl,EasyEnsemble,last,0.25,0.1,126,2026-05-30 20:49:15,20260530-182225,log/stroke_prediction_v4/10/noSelect/noAug__noImbl__minmax/EasyEnsemble,1780136562317_d342c02e17801453553023088,0.0587084148727984,0.5247035573122529,0.5051440329218106,0.0572642786733711,0.9534934987585374,0.0587084148727984,0.0239769392765722,0.0587084148727984,0.0587084148727984,0.0587084148727984,0.2340036575408709
10,noSelect,minmax,noAug,noImbl,EasyEnsemble,last,0.25,0.1,5012,2026-05-30 20:49:17,20260530-182225,log/stroke_prediction_v4/10/noSelect/noAug__noImbl__minmax/EasyEnsemble,1780136562317_d342c02e17801453574269737,0.1565557729941291,0.5176597882371127,0.5376131687242798,0.1532351391980683,0.9369770452321136,0.1565557729941291,0.2010730198225684,0.1565557729941291,0.1565557729941291,0.1565557729941291,0.3149935332700977
10,noSelect,minmax,noAug,noImbl,EasyEnsemble,last,0.25,0.2,42,2026-05-30 20:49:58,20260530-182225,log/stroke_prediction_v4/10/noSelect/noAug__noImbl__minmax/EasyEnsemble,1780136562317_d342c02e17801453983952916,0.2651663405088063,0.531210986267166,0.6136831275720165,0.2440016823558497,0.954130233489938,0.2651663405088063,0.358117558478808,0.2651663405088063,0.2651663405088063,0.2651663405088063,0.4062868570616332
10,noSelect,minmax,noAug,noImbl,EasyEnsemble,last,0.25,0.2,126,2026-05-30 20:50:00,20260530-182225,log/stroke_prediction_v4/10/noSelect/noAug__noImbl__minmax/EasyEnsemble,1780136562317_d342c02e17801454005885386,0.0636007827788649,0.5248262164846077,0.507716049382716,0.0625012580768534,0.9535055006345016,0.0636007827788648,0.0335366359267199,0.0636007827788649,0.0636007827788649,0.0636007827788649,0.2384507738622644
10,noSelect,minmax,noAug,noImbl,EasyEnsemble,last,0.25,0.2,5012,2026-05-30 20:50:02,20260530-182225,log/stroke_prediction_v4/10/noSelect/noAug__noImbl__minmax/EasyEnsemble,1780136562317_d342c02e17801454027187416,0.3590998043052837,0.5311215397673995,0.6440946502057613,0.3106278506719064,0.948500592651796,0.3590998043052837,0.4755398110039135,0.3590998043052837,0.3590998043052837,0.3590998043052837,0.473936749235982
10,noSelect,minmax,noAug,noImbl,XGBClassifier_SPW24,first,0.25,0.1,42,2026-05-30 20:47:41,20260530-182225,log/stroke_prediction_v4/10/noSelect/minmax__noAug__noImbl/XGBClassifier_SPW24,1780136562317_d342c02e17801452610449144,0.9119373776908024,0.5625433125433125,0.5742798353909465,0.5676412522327724,0.919684474478995,0.9119373776908024,0.9157125545050352,0.9119373776908024,0.9119373776908024,0.9119373776908022,0.7929287843283173
10,noSelect,minmax,noAug,noImbl,XGBClassifier_SPW24,first,0.25,0.1,126,2026-05-30 20:47:43,20260530-182225,log/stroke_prediction_v4/10/noSelect/minmax__noAug__noImbl/XGBClassifier_SPW24,1780136562317_d342c02e17801452631623436,0.9197651663405088,0.5456869306562557,0.5404526748971195,0.5428041462084016,0.9149590219848224,0.9197651663405088,0.9173279183655167,0.9197651663405088,0.9197651663405088,0.9197651663405088,0.787035738976111
10,noSelect,minmax,noAug,noImbl,XGBClassifier_SPW24,first,0.25,0.1,5012,2026-05-30 20:47:45,20260530-182225,log/stroke_prediction_v4/10/noSelect/minmax__noAug__noImbl/XGBClassifier_SPW24,1780136562317_d342c02e17801452652703868,0.9080234833659492,0.5307971014492754,0.5342798353909465,0.5323519675993535,0.9129978971934216,0.9080234833659492,0.9104842138185688,0.9080234833659492,0.9080234833659492,0.9080234833659492,0.7774423039624322
10,noSelect,minmax,noAug,noImbl,XGBClassifier_SPW24,first,0.25,0.2,42,2026-05-30 20:48:26,20260530-182225,log/stroke_prediction_v4/10/noSelect/minmax__noAug__noImbl/XGBClassifier_SPW24,1780136562317_d342c02e17801453062495868,0.9178082191780822,0.5891025641025641,0.6058230452674898,0.5964651687505875,0.9250965929048122,0.9178082191780822,0.9213317175380328,0.9178082191780822,0.9178082191780822,0.9178082191780822,0.8067950408420125
10,noSelect,minmax,noAug,noImbl,XGBClassifier_SPW24,first,0.25,0.2,126,2026-05-30 20:48:28,20260530-182225,log/stroke_prediction_v4/10/noSelect/minmax__noAug__noImbl/XGBClassifier_SPW24,1780136562317_d342c02e17801453083804455,0.9031311154598826,0.5848377535701912,0.6360493827160494,0.6019168801123689,0.9276724260728728,0.9031311154598826,0.914312296299554,0.9031311154598826,0.9031311154598826,0.9031311154598826,0.8035427788816526
10,noSelect,minmax,noAug,noImbl,XGBClassifier_SPW24,first,0.25,0.2,5012,2026-05-30 20:48:30,20260530-182225,log/stroke_prediction_v4/10/noSelect/minmax__noAug__noImbl/XGBClassifier_SPW24,1780136562317_d342c02e17801453105416924,0.8933463796477495,0.5420822314992549,0.5645061728395062,0.5490598498188515,0.9169266118151252,0.8933463796477495,0.904527017234578,0.8933463796477495,0.8933463796477495,0.8933463796477495,0.7777280835325028
10,noSelect,minmax,noAug,noImbl,XGBClassifier_SPW24,last,0.25,0.1,42,2026-05-30 20:49:11,20260530-182225,log/stroke_prediction_v4/10/noSelect/noAug__noImbl__minmax/XGBClassifier_SPW24,1780136562317_d342c02e17801453514283284,0.9119373776908024,0.5625433125433125,0.5742798353909465,0.5676412522327724,0.919684474478995,0.9119373776908024,0.9157125545050352,0.9119373776908024,0.9119373776908024,0.9119373776908022,0.7929287843283173
10,noSelect,minmax,noAug,noImbl,XGBClassifier_SPW24,last,0.25,0.1,126,2026-05-30 20:49:13,20260530-182225,log/stroke_prediction_v4/10/noSelect/noAug__noImbl__minmax/XGBClassifier_SPW24,1780136562317_d342c02e17801453536253777,0.9197651663405088,0.5456869306562557,0.5404526748971195,0.5428041462084016,0.9149590219848224,0.9197651663405088,0.9173279183655167,0.9197651663405088,0.9197651663405088,0.9197651663405088,0.787035738976111
10,noSelect,minmax,noAug,noImbl,XGBClassifier_SPW24,last,0.25,0.1,5012,2026-05-30 20:49:15,20260530-182225,log/stroke_prediction_v4/10/noSelect/noAug__noImbl__minmax/XGBClassifier_SPW24,1780136562317_d342c02e17801453557511609,0.9080234833659492,0.5307971014492754,0.5342798353909465,0.5323519675993535,0.9129978971934216,0.9080234833659492,0.9104842138185688,0.9080234833659492,0.9080234833659492,0.9080234833659492,0.7774423039624322
10,noSelect,minmax,noAug,noImbl,XGBClassifier_SPW24,last,0.25,0.2,42,2026-05-30 20:49:56,20260530-182225,log/stroke_prediction_v4/10/noSelect/noAug__noImbl__minmax/XGBClassifier_SPW24,1780136562317_d342c02e17801453967078835,0.9178082191780822,0.5891025641025641,0.6058230452674898,0.5964651687505875,0.9250965929048122,0.9178082191780822,0.9213317175380328,0.9178082191780822,0.9178082191780822,0.9178082191780822,0.8067950408420125
10,noSelect,minmax,noAug,noImbl,XGBClassifier_SPW24,last,0.25,0.2,126,2026-05-30 20:49:58,20260530-182225,log/stroke_prediction_v4/10/noSelect/noAug__noImbl__minmax/XGBClassifier_SPW24,1780136562317_d342c02e17801453989260348,0.9031311154598826,0.5848377535701912,0.6360493827160494,0.6019168801123689,0.9276724260728728,0.9031311154598826,0.914312296299554,0.9031311154598826,0.9031311154598826,0.9031311154598826,0.8035427788816526
10,noSelect,minmax,noAug,noImbl,XGBClassifier_SPW24,last,0.25,0.2,5012,2026-05-30 20:50:01,20260530-182225,log/stroke_prediction_v4/10/noSelect/noAug__noImbl__minmax/XGBClassifier_SPW24,1780136562317_d342c02e17801454010492199,0.8933463796477495,0.5420822314992549,0.5645061728395062,0.5490598498188515,0.9169266118151252,0.8933463796477495,0.904527017234578,0.8933463796477495,0.8933463796477495,0.8933463796477495,0.7777280835325028
10,noSelect,standard,gaussian_noise,noImbl,BalancedRandomForest,first,0.25,0.1,42,2026-05-30 20:50:49,20260530-182225,log/stroke_prediction_v4/10/noSelect/standard__gaussian_noise__noImbl/BalancedRandomForest,1780136562317_d342c02e17801454499490364,0.6692759295499021,0.5430792611643676,0.7123045267489712,0.4881064580184345,0.9388388810673026,0.6692759295499021,0.7628404263605615,0.6692759295499021,0.6692759295499021,0.6692759295499021,0.6747746713748741
10,noSelect,standard,gaussian_noise,noImbl,BalancedRandomForest,first,0.25,0.1,126,2026-05-30 20:50:52,20260530-182225,log/stroke_prediction_v4/10/noSelect/standard__gaussian_noise__noImbl/BalancedRandomForest,1780136562317_d342c02e17801454528123582,0.6477495107632094,0.5539881238966458,0.7768724279835391,0.4887045848712589,0.9505385766075248,0.6477495107632094,0.7459667281561332,0.6477495107632094,0.6477495107632094,0.6477495107632094,0.6724404141081635
10,noSelect,standard,gaussian_noise,noImbl,BalancedRandomForest,first,0.25,0.1,5012,2026-05-30 20:50:55,20260530-182225,log/stroke_prediction_v4/10/noSelect/standard__gaussian_noise__noImbl/BalancedRandomForest,1780136562317_d342c02e17801454557291235,0.6438356164383562,0.5427996378803066,0.7179012345679012,0.47634009009009,0.940898664506468,0.6438356164383562,0.743521535233864,0.6438356164383562,0.6438356164383562,0.6438356164383562,0.660673444069403
10,noSelect,standard,gaussian_noise,noImbl,BalancedRandomForest,first,0.25,0.2,42,2026-05-30 20:51:50,20260530-182225,log/stroke_prediction_v4/10/noSelect/standard__gaussian_noise__noImbl/BalancedRandomForest,1780136562317_d342c02e17801455104374474,0.6506849315068494,0.5473692956821673,0.7404732510288066,0.4838843834477022,0.9442735299753208,0.6506849315068494,0.7485833598857979,0.6506849315068494,0.6506849315068494,0.6506849315068494,0.668355741771394
10,noSelect,standard,gaussian_noise,noImbl,BalancedRandomForest,first,0.25,0.2,126,2026-05-30 20:51:53,20260530-182225,log/stroke_prediction_v4/10/noSelect/standard__gaussian_noise__noImbl/BalancedRandomForest,1780136562317_d342c02e17801455133363347,0.6594911937377691,0.5558098020123335,0.7830452674897119,0.4960666515529358,0.9508273357761824,0.6594911937377691,0.7549625757701459,0.6594911937377691,0.6594911937377691,0.6594911937377691,0.6804191021213926
10,noSelect,standard,gaussian_noise,noImbl,BalancedRandomForest,first,0.25,0.2,5012,2026-05-30 20:51:56,20260530-182225,log/stroke_prediction_v4/10/noSelect/standard__gaussian_noise__noImbl/BalancedRandomForest,1780136562317_d342c02e17801455162952211,0.678082191780822,0.5553653514154377,0.7738477366255144,0.5044092568600314,0.94822968064073,0.678082191780822,0.7690810684252692,0.678082191780822,0.678082191780822,0.678082191780822,0.6900007023732919
10,noSelect,standard,gaussian_noise,noImbl,BalancedRandomForest,last,0.25,0.1,42,2026-05-30 20:52:50,20260530-182225,log/stroke_prediction_v4/10/noSelect/gaussian_noise__noImbl__standard/BalancedRandomForest,1780136562317_d342c02e17801455705466333,0.675146771037182,0.5440364811200108,0.7153909465020576,0.491670262236924,0.9390812108704416,0.675146771037182,0.7671838471128813,0.675146771037182,0.675146771037182,0.675146771037182,0.6787376886665946
10,noSelect,standard,gaussian_noise,noImbl,BalancedRandomForest,last,0.25,0.1,126,2026-05-30 20:52:53,20260530-182225,log/stroke_prediction_v4/10/noSelect/gaussian_noise__noImbl__standard/BalancedRandomForest,1780136562317_d342c02e17801455733916303,0.6614481409001957,0.5525894723092999,0.7651028806584362,0.4939290723301943,0.9477378677455436,0.6614481409001957,0.7566035301899584,0.6614481409001957,0.6614481409001957,0.6614481409001957,0.678702168809429
10,noSelect,standard,gaussian_noise,noImbl,BalancedRandomForest,last,0.25,0.1,5012,2026-05-30 20:52:56,20260530-182225,log/stroke_prediction_v4/10/noSelect/gaussian_noise__noImbl__standard/BalancedRandomForest,1780136562317_d342c02e17801455761716614,0.6457925636007827,0.5359032131661442,0.6809876543209876,0.4705269485073131,0.9347929025391236,0.6457925636007827,0.745348202106257,0.6457925636007827,0.6457925636007827,0.6457925636007827,0.655866675034974
10,noSelect,standard,gaussian_noise,noImbl,BalancedRandomForest,last,0.25,0.2,42,2026-05-30 20:53:50,20260530-182225,log/stroke_prediction_v4/10/noSelect/gaussian_noise__noImbl__standard/BalancedRandomForest,1780136562317_d342c02e17801456304326941,0.6516634050880626,0.5475170399221032,0.7409876543209877,0.4844819768759918,0.9443060840667916,0.6516634050880626,0.7493295315349767,0.6516634050880626,0.6516634050880626,0.6516634050880626,0.6690181661278585
10,noSelect,standard,gaussian_noise,noImbl,BalancedRandomForest,last,0.25,0.2,126,2026-05-30 20:53:53,20260530-182225,log/stroke_prediction_v4/10/noSelect/gaussian_noise__noImbl__standard/BalancedRandomForest,1780136562317_d342c02e17801456332844105,0.6516634050880626,0.5528245715945396,0.7694444444444444,0.4895076244408649,0.9490393736859664,0.6516634050880626,0.7490694816573862,0.6516634050880626,0.6516634050880626,0.6516634050880626,0.6735827669224577
10,noSelect,standard,gaussian_noise,noImbl,BalancedRandomForest,last,0.25,0.2,5012,2026-05-30 20:53:56,20260530-182225,log/stroke_prediction_v4/10/noSelect/gaussian_noise__noImbl__standard/BalancedRandomForest,1780136562317_d342c02e17801456361881398,0.675146771037182,0.5494797755436053,0.7438477366255144,0.4971933256275747,0.9435783124316246,0.675146771037182,0.767050359620433,0.675146771037182,0.675146771037182,0.675146771037182,0.6833858436621483
10,noSelect,standard,gaussian_noise,noImbl,EasyEnsemble,first,0.25,0.1,42,2026-05-30 20:50:51,20260530-182225,log/stroke_prediction_v4/10/noSelect/standard__gaussian_noise__noImbl/EasyEnsemble,1780136562317_d342c02e17801454513521191,0.0489236790606653,0.0244618395303326,0.5,0.0466417910447761,0.0023935263728309,0.0489236790606653,0.0045637760317784,0.0489236790606653,0.0489236790606653,0.0489236790606653,0.0799358432760656
10,noSelect,standard,gaussian_noise,noImbl,EasyEnsemble,first,0.25,0.1,126,2026-05-30 20:50:54,20260530-182225,log/stroke_prediction_v4/10/noSelect/standard__gaussian_noise__noImbl/EasyEnsemble,1780136562317_d342c02e17801454542656987,0.0489236790606653,0.0244618395303326,0.5,0.0466417910447761,0.0023935263728309,0.0489236790606653,0.0045637760317784,0.0489236790606653,0.0489236790606653,0.0489236790606653,0.0799358432760656
10,noSelect,standard,gaussian_noise,noImbl,EasyEnsemble,first,0.25,0.1,5012,2026-05-30 20:50:57,20260530-182225,log/stroke_prediction_v4/10/noSelect/standard__gaussian_noise__noImbl/EasyEnsemble,1780136562317_d342c02e17801454571718002,0.0489236790606653,0.0244618395303326,0.5,0.0466417910447761,0.0023935263728309,0.0489236790606653,0.0045637760317784,0.0489236790606653,0.0489236790606653,0.0489236790606653,0.0799358432760656
10,noSelect,standard,gaussian_noise,noImbl,EasyEnsemble,first,0.25,0.2,42,2026-05-30 20:51:51,20260530-182225,log/stroke_prediction_v4/10/noSelect/standard__gaussian_noise__noImbl/EasyEnsemble,1780136562317_d342c02e17801455118630675,0.0489236790606653,0.0244618395303326,0.5,0.0466417910447761,0.0023935263728309,0.0489236790606653,0.0045637760317784,0.0489236790606653,0.0489236790606653,0.0489236790606653,0.0799358432760656
10,noSelect,standard,gaussian_noise,noImbl,EasyEnsemble,first,0.25,0.2,126,2026-05-30 20:51:54,20260530-182225,log/stroke_prediction_v4/10/noSelect/standard__gaussian_noise__noImbl/EasyEnsemble,1780136562317_d342c02e17801455146983012,0.0489236790606653,0.0244618395303326,0.5,0.0466417910447761,0.0023935263728309,0.0489236790606653,0.0045637760317784,0.0489236790606653,0.0489236790606653,0.0489236790606653,0.0799358432760656
10,noSelect,standard,gaussian_noise,noImbl,EasyEnsemble,first,0.25,0.2,5012,2026-05-30 20:51:57,20260530-182225,log/stroke_prediction_v4/10/noSelect/standard__gaussian_noise__noImbl/EasyEnsemble,1780136562317_d342c02e17801455176817996,0.0489236790606653,0.0244618395303326,0.5,0.0466417910447761,0.0023935263728309,0.0489236790606653,0.0045637760317784,0.0489236790606653,0.0489236790606653,0.0489236790606653,0.0799358432760656
10,noSelect,standard,gaussian_noise,noImbl,EasyEnsemble,last,0.25,0.1,42,2026-05-30 20:52:51,20260530-182225,log/stroke_prediction_v4/10/noSelect/gaussian_noise__noImbl__standard/EasyEnsemble,1780136562317_d342c02e17801455719188213,0.0489236790606653,0.0244618395303326,0.5,0.0466417910447761,0.0023935263728309,0.0489236790606653,0.0045637760317784,0.0489236790606653,0.0489236790606653,0.0489236790606653,0.0799358432760656
10,noSelect,standard,gaussian_noise,noImbl,EasyEnsemble,last,0.25,0.1,126,2026-05-30 20:52:54,20260530-182225,log/stroke_prediction_v4/10/noSelect/gaussian_noise__noImbl__standard/EasyEnsemble,1780136562317_d342c02e17801455747502902,0.0489236790606653,0.0244618395303326,0.5,0.0466417910447761,0.0023935263728309,0.0489236790606653,0.0045637760317784,0.0489236790606653,0.0489236790606653,0.0489236790606653,0.0799358432760656
10,noSelect,standard,gaussian_noise,noImbl,EasyEnsemble,last,0.25,0.1,5012,2026-05-30 20:52:57,20260530-182225,log/stroke_prediction_v4/10/noSelect/gaussian_noise__noImbl__standard/EasyEnsemble,1780136562317_d342c02e17801455775847132,0.0489236790606653,0.0244618395303326,0.5,0.0466417910447761,0.0023935263728309,0.0489236790606653,0.0045637760317784,0.0489236790606653,0.0489236790606653,0.0489236790606653,0.0799358432760656
10,noSelect,standard,gaussian_noise,noImbl,EasyEnsemble,last,0.25,0.2,42,2026-05-30 20:53:51,20260530-182225,log/stroke_prediction_v4/10/noSelect/gaussian_noise__noImbl__standard/EasyEnsemble,1780136562317_d342c02e17801456318080200,0.0489236790606653,0.0244618395303326,0.5,0.0466417910447761,0.0023935263728309,0.0489236790606653,0.0045637760317784,0.0489236790606653,0.0489236790606653,0.0489236790606653,0.0799358432760656
10,noSelect,standard,gaussian_noise,noImbl,EasyEnsemble,last,0.25,0.2,126,2026-05-30 20:53:54,20260530-182225,log/stroke_prediction_v4/10/noSelect/gaussian_noise__noImbl__standard/EasyEnsemble,1780136562317_d342c02e17801456346518956,0.0489236790606653,0.0244618395303326,0.5,0.0466417910447761,0.0023935263728309,0.0489236790606653,0.0045637760317784,0.0489236790606653,0.0489236790606653,0.0489236790606653,0.0799358432760656
10,noSelect,standard,gaussian_noise,noImbl,EasyEnsemble,last,0.25,0.2,5012,2026-05-30 20:53:57,20260530-182225,log/stroke_prediction_v4/10/noSelect/gaussian_noise__noImbl__standard/EasyEnsemble,1780136562317_d342c02e17801456376247691,0.0489236790606653,0.0244618395303326,0.5,0.0466417910447761,0.0023935263728309,0.0489236790606653,0.0045637760317784,0.0489236790606653,0.0489236790606653,0.0489236790606653,0.0799358432760656
10,noSelect,standard,gaussian_noise,noImbl,XGBClassifier_SPW24,first,0.25,0.1,42,2026-05-30 20:50:48,20260530-182225,log/stroke_prediction_v4/10/noSelect/standard__gaussian_noise__noImbl/XGBClassifier_SPW24,1780136562317_d342c02e17801454489819396,0.8825831702544031,0.5340963280877443,0.5588477366255145,0.5399159663865546,0.915693559058836,0.8825831702544031,0.8981236330148498,0.8825831702544031,0.8825831702544031,0.8825831702544031,0.7696029703891812
10,noSelect,standard,gaussian_noise,noImbl,XGBClassifier_SPW24,first,0.25,0.1,126,2026-05-30 20:50:51,20260530-182225,log/stroke_prediction_v4/10/noSelect/standard__gaussian_noise__noImbl/XGBClassifier_SPW24,1780136562317_d342c02e17801454518234522,0.8864970645792564,0.577964076789981,0.655761316872428,0.5974847892220774,0.9291584159772796,0.8864970645792564,0.9051860800757944,0.8864970645792564,0.8864970645792564,0.8864970645792564,0.7962878371903521
10,noSelect,standard,gaussian_noise,noImbl,XGBClassifier_SPW24,first,0.25,0.1,5012,2026-05-30 20:50:54,20260530-182225,log/stroke_prediction_v4/10/noSelect/standard__gaussian_noise__noImbl/XGBClassifier_SPW24,1780136562317_d342c02e17801454547252546,0.8904109589041096,0.5494682965613198,0.5819341563786008,0.5588851892958441,0.9192908079496164,0.8904109589041096,0.9038815319355966,0.8904109589041096,0.8904109589041096,0.8904109589041096,0.7806487178353135
10,noSelect,standard,gaussian_noise,noImbl,XGBClassifier_SPW24,first,0.25,0.2,42,2026-05-30 20:51:49,20260530-182225,log/stroke_prediction_v4/10/noSelect/standard__gaussian_noise__noImbl/XGBClassifier_SPW24,1780136562317_d342c02e17801455094857350,0.8923679060665362,0.5602735059373175,0.6019341563786008,0.5725930319205561,0.92220144555805,0.8923679060665362,0.9061138848194178,0.8923679060665362,0.8923679060665362,0.8923679060665362,0.7871941107250071
10,noSelect,standard,gaussian_noise,noImbl,XGBClassifier_SPW24,first,0.25,0.2,126,2026-05-30 20:51:52,20260530-182225,log/stroke_prediction_v4/10/noSelect/standard__gaussian_noise__noImbl/XGBClassifier_SPW24,1780136562317_d342c02e17801455123680316,0.8894324853228963,0.5486446616264061,0.5814197530864198,0.5579635534086864,0.9191710454096184,0.8894324853228964,0.9032905084650724,0.8894324853228963,0.8894324853228963,0.8894324853228963,0.7798846494224667
10,noSelect,standard,gaussian_noise,noImbl,XGBClassifier_SPW24,first,0.25,0.2,5012,2026-05-30 20:51:55,20260530-182225,log/stroke_prediction_v4/10/noSelect/standard__gaussian_noise__noImbl/XGBClassifier_SPW24,1780136562317_d342c02e17801455151665721,0.8806262230919765,0.5621755788086018,0.6242181069958848,0.5766650369404607,0.9246589047706654,0.8806262230919765,0.9002819118038529,0.8806262230919765,0.8806262230919765,0.8806262230919764,0.7848977906059526
10,noSelect,standard,gaussian_noise,noImbl,XGBClassifier_SPW24,last,0.25,0.1,42,2026-05-30 20:52:49,20260530-182225,log/stroke_prediction_v4/10/noSelect/gaussian_noise__noImbl__standard/XGBClassifier_SPW24,1780136562317_d342c02e17801455695817138,0.8864970645792564,0.546280400572246,0.5798765432098766,0.5552521008403362,0.9188216882378796,0.8864970645792565,0.9015195119143548,0.8864970645792564,0.8864970645792564,0.8864970645792564,0.7776124309469064
10,noSelect,standard,gaussian_noise,noImbl,XGBClassifier_SPW24,last,0.25,0.1,126,2026-05-30 20:52:52,20260530-182225,log/stroke_prediction_v4/10/noSelect/gaussian_noise__noImbl__standard/XGBClassifier_SPW24,1780136562317_d342c02e17801455723970291,0.863013698630137,0.5722506393861893,0.681358024691358,0.5899440572267057,0.9316119538941244,0.863013698630137,0.8918268022794198,0.863013698630137,0.863013698630137,0.863013698630137,0.7859931701751408
10,noSelect,standard,gaussian_noise,noImbl,XGBClassifier_SPW24,last,0.25,0.1,5012,2026-05-30 20:52:55,20260530-182225,log/stroke_prediction_v4/10/noSelect/gaussian_noise__noImbl__standard/XGBClassifier_SPW24,1780136562317_d342c02e17801455752081352,0.8590998043052838,0.5298297585120745,0.5654732510288065,0.533049040511727,0.9160727384374424,0.8590998043052838,0.8850616918204615,0.8590998043052838,0.8590998043052838,0.8590998043052838,0.7574941063697739
10,noSelect,standard,gaussian_noise,noImbl,XGBClassifier_SPW24,last,0.25,0.2,42,2026-05-30 20:53:49,20260530-182225,log/stroke_prediction_v4/10/noSelect/gaussian_noise__noImbl__standard/XGBClassifier_SPW24,1780136562317_d342c02e17801456294038118,0.8962818003913894,0.5767405817835002,0.632448559670782,0.5935924369747899,0.9266420111854882,0.8962818003913894,0.9100092091631172,0.8962818003913894,0.8962818003913894,0.8962818003913894,0.7976360823412187
10,noSelect,standard,gaussian_noise,noImbl,XGBClassifier_SPW24,last,0.25,0.2,126,2026-05-30 20:53:52,20260530-182225,log/stroke_prediction_v4/10/noSelect/gaussian_noise__noImbl__standard/XGBClassifier_SPW24,1780136562317_d342c02e17801456323166789,0.8786692759295499,0.5406617192331478,0.575761316872428,0.5483806591401529,0.9179534471678724,0.8786692759295499,0.896808696531256,0.8786692759295499,0.8786692759295499,0.87866927592955,0.7716837620498759
10,noSelect,standard,gaussian_noise,noImbl,XGBClassifier_SPW24,last,0.25,0.2,5012,2026-05-30 20:53:55,20260530-182225,log/stroke_prediction_v4/10/noSelect/gaussian_noise__noImbl__standard/XGBClassifier_SPW24,1780136562317_d342c02e17801456351449786,0.8825831702544031,0.5599531116794544,0.615761316872428,0.5735506843217981,0.9236021508067194,0.8825831702544031,0.9010540774595702,0.8825831702544031,0.8825831702544031,0.8825831702544031,0.7841556403048265
10,noSelect,standard,mixup,noImbl,BalancedRandomForest,first,0.25,0.1,42,2026-05-30 20:54:46,20260530-182225,log/stroke_prediction_v4/10/noSelect/standard__mixup__noImbl/BalancedRandomForest,1780136562317_d342c02e17801456867165317,0.5909980430528375,0.5324121699554226,0.6711522633744855,0.4420843672456576,0.9355179535062932,0.5909980430528375,0.7021192329544076,0.5909980430528375,0.5909980430528375,0.5909980430528375,0.6219379959347647
10,noSelect,standard,mixup,noImbl,BalancedRandomForest,first,0.25,0.1,126,2026-05-30 20:54:49,20260530-182225,log/stroke_prediction_v4/10/noSelect/standard__mixup__noImbl/BalancedRandomForest,1780136562317_d342c02e17801456892337106,0.5949119373776908,0.5469050275866344,0.7490946502057614,0.4563187137959569,0.949290216926216,0.5949119373776908,0.703960093916807,0.5949119373776908,0.5949119373776908,0.5949119373776908,0.636535585579852
10,noSelect,standard,mixup,noImbl,BalancedRandomForest,first,0.25,0.1,5012,2026-05-30 20:54:51,20260530-182225,log/stroke_prediction_v4/10/noSelect/standard__mixup__noImbl/BalancedRandomForest,1780136562317_d342c02e17801456916790951,0.5694716242661448,0.5334952204748689,0.6788065843621399,0.4325661215424995,0.938010394810922,0.5694716242661448,0.6840140767440952,0.5694716242661448,0.5694716242661448,0.5694716242661448,0.6103068994142401
10,noSelect,standard,mixup,noImbl,BalancedRandomForest,first,0.25,0.2,42,2026-05-30 20:55:38,20260530-182225,log/stroke_prediction_v4/10/noSelect/standard__mixup__noImbl/BalancedRandomForest,1780136562317_d342c02e17801457383465632,0.5958904109589042,0.5400233440326816,0.7116666666666667,0.4510228793575934,0.9424408104856278,0.5958904109589042,0.7054378586650379,0.5958904109589042,0.5958904109589042,0.5958904109589042,0.6312383572054537
10,noSelect,standard,mixup,noImbl,BalancedRandomForest,first,0.25,0.2,126,2026-05-30 20:55:40,20260530-182225,log/stroke_prediction_v4/10/noSelect/standard__mixup__noImbl/BalancedRandomForest,1780136562317_d342c02e17801457407827129,0.5831702544031311,0.54553519084205,0.7429218106995885,0.4492224859197336,0.9490180815782912,0.5831702544031311,0.6942618560421394,0.5831702544031311,0.5831702544031311,0.5831702544031311,0.6285382613675263
10,noSelect,standard,mixup,noImbl,BalancedRandomForest,first,0.25,0.2,5012,2026-05-30 20:55:43,20260530-182225,log/stroke_prediction_v4/10/noSelect/standard__mixup__noImbl/BalancedRandomForest,1780136562317_d342c02e17801457434025937,0.5968688845401174,0.5418935104529616,0.7216666666666667,0.4530982922634912,0.94417362877326,0.5968688845401174,0.7060686855441196,0.5968688845401174,0.5968688845401174,0.5968688845401174,0.6333959810764773
10,noSelect,standard,mixup,noImbl,BalancedRandomForest,last,0.25,0.1,42,2026-05-30 20:56:29,20260530-182225,log/stroke_prediction_v4/10/noSelect/mixup__noImbl__standard/BalancedRandomForest,1780136562317_d342c02e17801457898542781,0.6027397260273972,0.5338119899560576,0.6773251028806584,0.4488765865657923,0.9360358675369124,0.6027397260273972,0.7115836506094956,0.6027397260273972,0.6027397260273972,0.6027397260273972,0.6298822220246147
10,noSelect,standard,mixup,noImbl,BalancedRandomForest,last,0.25,0.1,126,2026-05-30 20:56:32,20260530-182225,log/stroke_prediction_v4/10/noSelect/mixup__noImbl__standard/BalancedRandomForest,1780136562317_d342c02e17801457922902817,0.589041095890411,0.5462121212121211,0.746008230452675,0.4527680319843342,0.9491541074711328,0.589041095890411,0.6991283553596337,0.589041095890411,0.589041095890411,0.589041095890411,0.6325383423713523
10,noSelect,standard,mixup,noImbl,BalancedRandomForest,last,0.25,0.1,5012,2026-05-30 20:56:34,20260530-182225,log/stroke_prediction_v4/10/noSelect/mixup__noImbl__standard/BalancedRandomForest,1780136562317_d342c02e17801457947919978,0.5733855185909981,0.5339256491802267,0.6808641975308642,0.4348492227768983,0.9381700891439072,0.5733855185909981,0.6872809712761075,0.5733855185909981,0.5733855185909981,0.5733855185909981,0.6129697301298498
10,noSelect,standard,mixup,noImbl,BalancedRandomForest,last,0.25,0.2,42,2026-05-30 20:57:21,20260530-182225,log/stroke_prediction_v4/10/noSelect/mixup__noImbl__standard/BalancedRandomForest,1780136562317_d342c02e17801458413628097,0.586105675146771,0.5388722139385372,0.706522633744856,0.4452345112472233,0.9421060216606816,0.586105675146771,0.6974349250635009,0.586105675146771,0.586105675146771,0.586105675146771,0.6245927724397244
10,noSelect,standard,mixup,noImbl,BalancedRandomForest,last,0.25,0.2,126,2026-05-30 20:57:23,20260530-182225,log/stroke_prediction_v4/10/noSelect/mixup__noImbl__standard/BalancedRandomForest,1780136562317_d342c02e17801458437986105,0.5704500978473581,0.5441201901460682,0.7362345679012345,0.4415529939519767,0.9487231051558908,0.5704500978473581,0.6835960281506358,0.5704500978473581,0.5704500978473581,0.5704500978473581,0.6198601787746543
10,noSelect,standard,mixup,noImbl,BalancedRandomForest,last,0.25,0.2,5012,2026-05-30 20:57:26,20260530-182225,log/stroke_prediction_v4/10/noSelect/mixup__noImbl__standard/BalancedRandomForest,1780136562317_d342c02e17801458462086752,0.5743639921722113,0.5392954712720742,0.709835390946502,0.4397233463098768,0.9434601746461536,0.5743639921722113,0.687505133705231,0.5743639921722113,0.5743639921722113,0.5743639921722113,0.6180889725576235
10,noSelect,standard,mixup,noImbl,EasyEnsemble,first,0.25,0.1,42,2026-05-30 20:54:47,20260530-182225,log/stroke_prediction_v4/10/noSelect/standard__mixup__noImbl/EasyEnsemble,1780136562317_d342c02e17801456878674525,0.2015655577299412,0.5288683602771362,0.5802469135802469,0.1928830251788534,0.9539010137257472,0.2015655577299412,0.2684046762364286,0.2015655577299412,0.2015655577299412,0.2015655577299412,0.3561210070625818
10,noSelect,standard,mixup,noImbl,EasyEnsemble,first,0.25,0.1,126,2026-05-30 20:54:50,20260530-182225,log/stroke_prediction_v4/10/noSelect/standard__mixup__noImbl/EasyEnsemble,1780136562317_d342c02e17801456903959601,0.0939334637964774,0.5256147540983607,0.5236625514403292,0.0939195839412983,0.9535826569567868,0.0939334637964774,0.0907202773225042,0.0939334637964774,0.0939334637964774,0.0939334637964774,0.265555360957709
10,noSelect,standard,mixup,noImbl,EasyEnsemble,first,0.25,0.1,5012,2026-05-30 20:54:52,20260530-182225,log/stroke_prediction_v4/10/noSelect/standard__mixup__noImbl/EasyEnsemble,1780136562317_d342c02e17801456928452506,0.1839530332681017,0.5202304737516005,0.5520164609053497,0.1772861527769734,0.940349444111744,0.1839530332681017,0.2440998898728466,0.1839530332681017,0.1839530332681017,0.1839530332681017,0.338048757581583
10,noSelect,standard,mixup,noImbl,EasyEnsemble,first,0.25,0.2,42,2026-05-30 20:55:39,20260530-182225,log/stroke_prediction_v4/10/noSelect/standard__mixup__noImbl/EasyEnsemble,1780136562317_d342c02e17801457394963188,0.363013698630137,0.535663338088445,0.6651234567901234,0.3148377569273451,0.9545658843530768,0.3630136986301369,0.4787426213183934,0.363013698630137,0.363013698630137,0.363013698630137,0.47977780411208
10,noSelect,standard,mixup,noImbl,EasyEnsemble,first,0.25,0.2,126,2026-05-30 20:55:42,20260530-182225,log/stroke_prediction_v4/10/noSelect/standard__mixup__noImbl/EasyEnsemble,1780136562317_d342c02e17801457420233193,0.1311154598825831,0.5266524520255863,0.5432098765432098,0.1301527419948472,0.9536841929574936,0.1311154598825831,0.1562593858916858,0.1311154598825831,0.1311154598825831,0.1311154598825831,0.2977626552886422
10,noSelect,standard,mixup,noImbl,EasyEnsemble,first,0.25,0.2,5012,2026-05-30 20:55:44,20260530-182225,log/stroke_prediction_v4/10/noSelect/standard__mixup__noImbl/EasyEnsemble,1780136562317_d342c02e17801457445478005,0.3679060665362035,0.5316517778945524,0.6487242798353909,0.3166101498420427,0.948705772017198,0.3679060665362035,0.485520275527815,0.3679060665362035,0.3679060665362035,0.3679060665362035,0.4803901733946741
10,noSelect,standard,mixup,noImbl,EasyEnsemble,last,0.25,0.1,42,2026-05-30 20:56:31,20260530-182225,log/stroke_prediction_v4/10/noSelect/mixup__noImbl__standard/EasyEnsemble,1780136562317_d342c02e17801457910039602,0.060665362035225,0.5247524752475248,0.5061728395061728,0.0593649332719742,0.9534982852492686,0.0606653620352249,0.0278124248583622,0.060665362035225,0.060665362035225,0.060665362035225,0.235785108533937
10,noSelect,standard,mixup,noImbl,EasyEnsemble,last,0.25,0.1,126,2026-05-30 20:56:33,20260530-182225,log/stroke_prediction_v4/10/noSelect/mixup__noImbl__standard/EasyEnsemble,1780136562317_d342c02e17801457934434064,0.136986301369863,0.526824034334764,0.5462962962962963,0.1356622596568745,0.9537009818331472,0.1369863013698629,0.1661814211412577,0.136986301369863,0.136986301369863,0.136986301369863,0.3027532039140856
10,noSelect,standard,mixup,noImbl,EasyEnsemble,last,0.25,0.1,5012,2026-05-30 20:56:35,20260530-182225,log/stroke_prediction_v4/10/noSelect/mixup__noImbl__standard/EasyEnsemble,1780136562317_d342c02e17801457959211804,0.2093933463796477,0.5221506635441061,0.5653909465020576,0.1987113802204626,0.9425037924444424,0.2093933463796477,0.2821755564812139,0.2093933463796477,0.2093933463796477,0.2093933463796477,0.358894919306171
10,noSelect,standard,mixup,noImbl,EasyEnsemble,last,0.25,0.2,42,2026-05-30 20:57:22,20260530-182225,log/stroke_prediction_v4/10/noSelect/mixup__noImbl__standard/EasyEnsemble,1780136562317_d342c02e17801458425346480,0.2191780821917808,0.5261189017837953,0.5800205761316872,0.2071265243902439,0.948506119192508,0.2191780821917808,0.2953133203665696,0.2191780821917808,0.2191780821917808,0.2191780821917808,0.3685017693010334
10,noSelect,standard,mixup,noImbl,EasyEnsemble,last,0.25,0.2,126,2026-05-30 20:57:24,20260530-182225,log/stroke_prediction_v4/10/noSelect/mixup__noImbl__standard/EasyEnsemble,1780136562317_d342c02e17801458449599385,0.0900195694716242,0.5255102040816326,0.5216049382716049,0.0899638076635836,0.9535724270138584,0.0900195694716241,0.0835372592868986,0.0900195694716242,0.0900195694716242,0.0900195694716242,0.2621017447679316
10,noSelect,standard,mixup,noImbl,EasyEnsemble,last,0.25,0.2,5012,2026-05-30 20:57:27,20260530-182225,log/stroke_prediction_v4/10/noSelect/mixup__noImbl__standard/EasyEnsemble,1780136562317_d342c02e17801458473419263,0.3590998043052837,0.5311215397673995,0.6440946502057613,0.3106278506719064,0.948500592651796,0.3590998043052837,0.4755398110039135,0.3590998043052837,0.3590998043052837,0.3590998043052837,0.473936749235982
10,noSelect,standard,mixup,noImbl,XGBClassifier_SPW24,first,0.25,0.1,42,2026-05-30 20:54:45,20260530-182225,log/stroke_prediction_v4/10/noSelect/standard__mixup__noImbl/XGBClassifier_SPW24,1780136562317_d342c02e17801456859475547,0.8864970645792564,0.5550715333822449,0.5988477366255145,0.5666959064327485,0.9214676242259432,0.8864970645792564,0.902523546308694,0.8864970645792564,0.8864970645792564,0.8864970645792564,0.782520433166289
10,noSelect,standard,mixup,noImbl,XGBClassifier_SPW24,first,0.25,0.1,126,2026-05-30 20:54:48,20260530-182225,log/stroke_prediction_v4/10/noSelect/standard__mixup__noImbl/XGBClassifier_SPW24,1780136562317_d342c02e17801456884519852,0.8786692759295499,0.5490622335890878,0.5947325102880658,0.5593357071325247,0.920575305762567,0.8786692759295499,0.8977558800415559,0.8786692759295499,0.8786692759295499,0.87866927592955,0.776468453411904
10,noSelect,standard,mixup,noImbl,XGBClassifier_SPW24,first,0.25,0.1,5012,2026-05-30 20:54:50,20260530-182225,log/stroke_prediction_v4/10/noSelect/standard__mixup__noImbl/XGBClassifier_SPW24,1780136562317_d342c02e17801456909030936,0.8708414872798435,0.5438995215311004,0.5906172839506173,0.552468152866242,0.9197604846487326,0.8708414872798435,0.8930020441995836,0.8708414872798435,0.8708414872798435,0.8708414872798435,0.7705848534848561
10,noSelect,standard,mixup,noImbl,XGBClassifier_SPW24,first,0.25,0.2,42,2026-05-30 20:55:37,20260530-182225,log/stroke_prediction_v4/10/noSelect/standard__mixup__noImbl/XGBClassifier_SPW24,1780136562317_d342c02e17801457375905242,0.8894324853228963,0.5697910281415436,0.6288477366255144,0.5858623892361372,0.9257202836019388,0.8894324853228963,0.9057385361984136,0.8894324853228963,0.8894324853228963,0.8894324853228963,0.7919490377812407
10,noSelect,standard,mixup,noImbl,XGBClassifier_SPW24,first,0.25,0.2,126,2026-05-30 20:55:40,20260530-182225,log/stroke_prediction_v4/10/noSelect/standard__mixup__noImbl/XGBClassifier_SPW24,1780136562317_d342c02e17801457400143071,0.898238747553816,0.5409210526315791,0.5575925925925926,0.5467153409187833,0.9161453290761152,0.898238747553816,0.9068315419382278,0.898238747553816,0.898238747553816,0.898238747553816,0.7787934288801066
10,noSelect,standard,mixup,noImbl,XGBClassifier_SPW24,first,0.25,0.2,5012,2026-05-30 20:55:42,20260530-182225,log/stroke_prediction_v4/10/noSelect/standard__mixup__noImbl/XGBClassifier_SPW24,1780136562317_d342c02e17801457425426579,0.8835616438356164,0.5484642025776416,0.5878189300411523,0.5583228922663471,0.9198101651255418,0.8835616438356163,0.9002500632433897,0.8835616438356164,0.8835616438356164,0.8835616438356163,0.7778199306351404
10,noSelect,standard,mixup,noImbl,XGBClassifier_SPW24,last,0.25,0.1,42,2026-05-30 20:56:29,20260530-182225,log/stroke_prediction_v4/10/noSelect/mixup__noImbl__standard/XGBClassifier_SPW24,1780136562317_d342c02e17801457890996714,0.8943248532289628,0.542916123424598,0.5650205761316872,0.5499412839248434,0.9170487433779748,0.8943248532289627,0.9051109158022462,0.8943248532289628,0.8943248532289628,0.8943248532289628,0.7784863155440744
10,noSelect,standard,mixup,noImbl,XGBClassifier_SPW24,last,0.25,0.1,126,2026-05-30 20:56:31,20260530-182225,log/stroke_prediction_v4/10/noSelect/mixup__noImbl__standard/XGBClassifier_SPW24,1780136562317_d342c02e17801457915224250,0.8786692759295499,0.5316397652237711,0.5567901234567901,0.5368128654970761,0.9152862986419102,0.8786692759295499,0.8958010322610179,0.8786692759295499,0.8786692759295499,0.87866927592955,0.7667314137677811
10,noSelect,standard,mixup,noImbl,XGBClassifier_SPW24,last,0.25,0.1,5012,2026-05-30 20:56:33,20260530-182225,log/stroke_prediction_v4/10/noSelect/mixup__noImbl__standard/XGBClassifier_SPW24,1780136562317_d342c02e17801457939518801,0.87279843444227,0.5451211605478564,0.5916460905349794,0.5541431198571755,0.9199579428439476,0.8727984344422699,0.8941896476898806,0.87279843444227,0.87279843444227,0.87279843444227,0.7720418083016446
10,noSelect,standard,mixup,noImbl,XGBClassifier_SPW24,last,0.25,0.2,42,2026-05-30 20:57:20,20260530-182225,log/stroke_prediction_v4/10/noSelect/mixup__noImbl__standard/XGBClassifier_SPW24,1780136562317_d342c02e17801458406010348,0.8962818003913894,0.5685127211290002,0.613477366255144,0.582516339869281,0.9240457694583212,0.8962818003913894,0.909030735581904,0.8962818003913894,0.8962818003913894,0.8962818003913894,0.7928483671584798
10,noSelect,standard,mixup,noImbl,XGBClassifier_SPW24,last,0.25,0.2,126,2026-05-30 20:57:23,20260530-182225,log/stroke_prediction_v4/10/noSelect/mixup__noImbl__standard/XGBClassifier_SPW24,1780136562317_d342c02e17801458430547290,0.8992172211350293,0.5578162578162578,0.5865637860082304,0.5676232959143017,0.9204564515719114,0.8992172211350292,0.909220613292526,0.8992172211350293,0.8992172211350293,0.8992172211350293,0.7876971243746757
10,noSelect,standard,mixup,noImbl,XGBClassifier_SPW24,last,0.25,0.2,5012,2026-05-30 20:57:25,20260530-182225,log/stroke_prediction_v4/10/noSelect/mixup__noImbl__standard/XGBClassifier_SPW24,1780136562317_d342c02e17801458454740104,0.8835616438356164,0.5297990042411949,0.5498765432098766,0.534492591642776,0.9144324402153182,0.8835616438356165,0.89815549121543,0.8835616438356164,0.8835616438356164,0.8835616438356163,0.7677326687296163
10,noSelect,standard,noAug,noImbl,BalancedRandomForest,first,0.25,0.1,42,2026-05-30 20:58:10,20260530-182225,log/stroke_prediction_v4/10/noSelect/standard__noAug__noImbl/BalancedRandomForest,1780136562317_d342c02e17801458903175025,0.5870841487279843,0.5319577526132404,0.6690946502057613,0.4398239789689157,0.9353429686274776,0.5870841487279843,0.6989344303388798,0.5870841487279843,0.5870841487279843,0.5870841487279843,0.6192869580320107
10,noSelect,standard,noAug,noImbl,BalancedRandomForest,first,0.25,0.1,126,2026-05-30 20:58:12,20260530-182225,log/stroke_prediction_v4/10/noSelect/standard__noAug__noImbl/BalancedRandomForest,1780136562317_d342c02e17801458923076224,0.5655577299412916,0.5435937595970763,0.7336625514403292,0.4386060414109822,0.9486093727444054,0.5655577299412916,0.6794485451660135,0.5655577299412916,0.5655577299412916,0.5655577299412916,0.6165178483412469
10,noSelect,standard,noAug,noImbl,BalancedRandomForest,first,0.25,0.1,5012,2026-05-30 20:58:14,20260530-182225,log/stroke_prediction_v4/10/noSelect/standard__noAug__noImbl/BalancedRandomForest,1780136562317_d342c02e17801458944388565,0.5577299412915852,0.5322345166743507,0.6726337448559672,0.4257170704539125,0.9375238528310774,0.5577299412915852,0.6741167988464312,0.5577299412915852,0.5577299412915852,0.5577299412915852,0.602306268347825
10,noSelect,standard,noAug,noImbl,BalancedRandomForest,first,0.25,0.2,42,2026-05-30 20:58:56,20260530-182225,log/stroke_prediction_v4/10/noSelect/standard__noAug__noImbl/BalancedRandomForest,1780136562317_d342c02e17801459360095953,0.5724070450097848,0.5373264591304749,0.6993209876543209,0.4371473616952095,0.94163021138952,0.5724070450097848,0.686068375699278,0.5724070450097848,0.5724070450097848,0.5724070450097848,0.6152729444305185
10,noSelect,standard,noAug,noImbl,BalancedRandomForest,first,0.25,0.2,126,2026-05-30 20:58:58,20260530-182225,log/stroke_prediction_v4/10/noSelect/standard__noAug__noImbl/BalancedRandomForest,1780136562317_d342c02e17801459382356794,0.5645792563600783,0.5434896083210193,0.7331481481481481,0.4380167535980446,0.948586597737942,0.5645792563600783,0.6786159856528796,0.5645792563600783,0.5645792563600783,0.5645792563600783,0.6158490488523808
10,noSelect,standard,noAug,noImbl,BalancedRandomForest,first,0.25,0.2,5012,2026-05-30 20:59:00,20260530-182225,log/stroke_prediction_v4/10/noSelect/standard__noAug__noImbl/BalancedRandomForest,1780136562317_d342c02e17801459403923530,0.576320939334638,0.5430149762974772,0.7298353909465021,0.4437014995920716,0.9470688963009268,0.576320939334638,0.6887418271324446,0.576320939334638,0.576320939334638,0.576320939334638,0.6223868010970232
10,noSelect,standard,noAug,noImbl,BalancedRandomForest,last,0.25,0.1,42,2026-05-30 20:59:41,20260530-182225,log/stroke_prediction_v4/10/noSelect/noAug__noImbl__standard/BalancedRandomForest,1780136562317_d342c02e17801459819759110,0.5870841487279843,0.5319577526132404,0.6690946502057613,0.4398239789689157,0.9353429686274776,0.5870841487279843,0.6989344303388798,0.5870841487279843,0.5870841487279843,0.5870841487279843,0.6192869580320107
10,noSelect,standard,noAug,noImbl,BalancedRandomForest,last,0.25,0.1,126,2026-05-30 20:59:44,20260530-182225,log/stroke_prediction_v4/10/noSelect/noAug__noImbl__standard/BalancedRandomForest,1780136562317_d342c02e17801459842414440,0.5655577299412916,0.5435937595970763,0.7336625514403292,0.4386060414109822,0.9486093727444054,0.5655577299412916,0.6794485451660135,0.5655577299412916,0.5655577299412916,0.5655577299412916,0.6165178483412469
10,noSelect,standard,noAug,noImbl,BalancedRandomForest,last,0.25,0.1,5012,2026-05-30 20:59:46,20260530-182225,log/stroke_prediction_v4/10/noSelect/noAug__noImbl__standard/BalancedRandomForest,1780136562317_d342c02e17801459864833304,0.5577299412915852,0.5322345166743507,0.6726337448559672,0.4257170704539125,0.9375238528310774,0.5577299412915852,0.6741167988464312,0.5577299412915852,0.5577299412915852,0.5577299412915852,0.602306268347825
10,noSelect,standard,noAug,noImbl,BalancedRandomForest,last,0.25,0.2,42,2026-05-30 21:00:28,20260530-182225,log/stroke_prediction_v4/10/noSelect/noAug__noImbl__standard/BalancedRandomForest,1780136562317_d342c02e17801460281889782,0.5724070450097848,0.5373264591304749,0.6993209876543209,0.4371473616952095,0.94163021138952,0.5724070450097848,0.686068375699278,0.5724070450097848,0.5724070450097848,0.5724070450097848,0.6152729444305185
10,noSelect,standard,noAug,noImbl,BalancedRandomForest,last,0.25,0.2,126,2026-05-30 21:00:30,20260530-182225,log/stroke_prediction_v4/10/noSelect/noAug__noImbl__standard/BalancedRandomForest,1780136562317_d342c02e17801460303640054,0.5645792563600783,0.5434896083210193,0.7331481481481481,0.4380167535980446,0.948586597737942,0.5645792563600783,0.6786159856528796,0.5645792563600783,0.5645792563600783,0.5645792563600783,0.6158490488523808
10,noSelect,standard,noAug,noImbl,BalancedRandomForest,last,0.25,0.2,5012,2026-05-30 21:00:32,20260530-182225,log/stroke_prediction_v4/10/noSelect/noAug__noImbl__standard/BalancedRandomForest,1780136562317_d342c02e17801460325934299,0.576320939334638,0.5430149762974772,0.7298353909465021,0.4437014995920716,0.9470688963009268,0.576320939334638,0.6887418271324446,0.576320939334638,0.576320939334638,0.576320939334638,0.6223868010970232
10,noSelect,standard,noAug,noImbl,EasyEnsemble,first,0.25,0.1,42,2026-05-30 20:58:11,20260530-182225,log/stroke_prediction_v4/10/noSelect/standard__noAug__noImbl/EasyEnsemble,1780136562317_d342c02e17801458913398549,0.1232876712328767,0.5264270613107822,0.5390946502057613,0.122719887182317,0.9536621390715052,0.1232876712328766,0.1428543831290864,0.1232876712328767,0.1232876712328767,0.1232876712328767,0.291069594098666
10,noSelect,standard,noAug,noImbl,EasyEnsemble,first,0.25,0.1,126,2026-05-30 20:58:13,20260530-182225,log/stroke_prediction_v4/10/noSelect/standard__noAug__noImbl/EasyEnsemble,1780136562317_d342c02e17801458933110701,0.0978473581213307,0.5257201646090535,0.5257201646090535,0.0978473581213307,0.9535929710967764,0.0978473581213307,0.0978473581213307,0.0978473581213307,0.0978473581213307,0.0978473581213307,0.2689964807164197
10,noSelect,standard,noAug,noImbl,EasyEnsemble,first,0.25,0.1,5012,2026-05-30 20:58:15,20260530-182225,log/stroke_prediction_v4/10/noSelect/standard__noAug__noImbl/EasyEnsemble,1780136562317_d342c02e17801458954670468,0.2093933463796477,0.5221506635441061,0.5653909465020576,0.1987113802204626,0.9425037924444424,0.2093933463796477,0.2821755564812139,0.2093933463796477,0.2093933463796477,0.2093933463796477,0.358894919306171
10,noSelect,standard,noAug,noImbl,EasyEnsemble,first,0.25,0.2,42,2026-05-30 20:58:57,20260530-182225,log/stroke_prediction_v4/10/noSelect/standard__noAug__noImbl/EasyEnsemble,1780136562317_d342c02e17801459371146926,0.3512720156555773,0.5350631136044881,0.6589506172839505,0.3067485980706013,0.954507153973042,0.3512720156555772,0.4652450884696276,0.3512720156555773,0.3512720156555773,0.3512720156555773,0.4711599477294131
10,noSelect,standard,noAug,noImbl,EasyEnsemble,first,0.25,0.2,126,2026-05-30 20:58:59,20260530-182225,log/stroke_prediction_v4/10/noSelect/standard__noAug__noImbl/EasyEnsemble,1780136562317_d342c02e17801459392573860,0.0782778864970645,0.5252016129032258,0.5154320987654321,0.0779247646741066,0.9535422321823116,0.0782778864970644,0.0616458486357474,0.0782778864970645,0.0782778864970645,0.0782778864970645,0.2516643409804008
10,noSelect,standard,noAug,noImbl,EasyEnsemble,first,0.25,0.2,5012,2026-05-30 20:59:01,20260530-182225,log/stroke_prediction_v4/10/noSelect/standard__noAug__noImbl/EasyEnsemble,1780136562317_d342c02e17801459414242877,0.3590998043052837,0.5311215397673995,0.6440946502057613,0.3106278506719064,0.948500592651796,0.3590998043052837,0.4755398110039135,0.3590998043052837,0.3590998043052837,0.3590998043052837,0.473936749235982
10,noSelect,standard,noAug,noImbl,EasyEnsemble,last,0.25,0.1,42,2026-05-30 20:59:43,20260530-182225,log/stroke_prediction_v4/10/noSelect/noAug__noImbl__standard/EasyEnsemble,1780136562317_d342c02e17801459830027122,0.1232876712328767,0.5264270613107822,0.5390946502057613,0.122719887182317,0.9536621390715052,0.1232876712328766,0.1428543831290864,0.1232876712328767,0.1232876712328767,0.1232876712328767,0.291069594098666
10,noSelect,standard,noAug,noImbl,EasyEnsemble,last,0.25,0.1,126,2026-05-30 20:59:45,20260530-182225,log/stroke_prediction_v4/10/noSelect/noAug__noImbl__standard/EasyEnsemble,1780136562317_d342c02e17801459852418028,0.0978473581213307,0.5257201646090535,0.5257201646090535,0.0978473581213307,0.9535929710967764,0.0978473581213307,0.0978473581213307,0.0978473581213307,0.0978473581213307,0.0978473581213307,0.2689964807164197
10,noSelect,standard,noAug,noImbl,EasyEnsemble,last,0.25,0.1,5012,2026-05-30 20:59:47,20260530-182225,log/stroke_prediction_v4/10/noSelect/noAug__noImbl__standard/EasyEnsemble,1780136562317_d342c02e17801459875016988,0.2093933463796477,0.5221506635441061,0.5653909465020576,0.1987113802204626,0.9425037924444424,0.2093933463796477,0.2821755564812139,0.2093933463796477,0.2093933463796477,0.2093933463796477,0.358894919306171
10,noSelect,standard,noAug,noImbl,EasyEnsemble,last,0.25,0.2,42,2026-05-30 21:00:29,20260530-182225,log/stroke_prediction_v4/10/noSelect/noAug__noImbl__standard/EasyEnsemble,1780136562317_d342c02e17801460292444490,0.3512720156555773,0.5350631136044881,0.6589506172839505,0.3067485980706013,0.954507153973042,0.3512720156555772,0.4652450884696276,0.3512720156555773,0.3512720156555773,0.3512720156555773,0.4711599477294131
10,noSelect,standard,noAug,noImbl,EasyEnsemble,last,0.25,0.2,126,2026-05-30 21:00:31,20260530-182225,log/stroke_prediction_v4/10/noSelect/noAug__noImbl__standard/EasyEnsemble,1780136562317_d342c02e17801460313843062,0.0782778864970645,0.5252016129032258,0.5154320987654321,0.0779247646741066,0.9535422321823116,0.0782778864970644,0.0616458486357474,0.0782778864970645,0.0782778864970645,0.0782778864970645,0.2516643409804008
10,noSelect,standard,noAug,noImbl,EasyEnsemble,last,0.25,0.2,5012,2026-05-30 21:00:33,20260530-182225,log/stroke_prediction_v4/10/noSelect/noAug__noImbl__standard/EasyEnsemble,1780136562317_d342c02e17801460336281835,0.3590998043052837,0.5311215397673995,0.6440946502057613,0.3106278506719064,0.948500592651796,0.3590998043052837,0.4755398110039135,0.3590998043052837,0.3590998043052837,0.3590998043052837,0.473936749235982
10,noSelect,standard,noAug,noImbl,XGBClassifier_SPW24,first,0.25,0.1,42,2026-05-30 20:58:09,20260530-182225,log/stroke_prediction_v4/10/noSelect/standard__noAug__noImbl/XGBClassifier_SPW24,1780136562317_d342c02e17801458895389501,0.9080234833659492,0.5955148619957538,0.6481069958847736,0.6139056345952898,0.9297758236005336,0.908023483365949,0.9179153392663078,0.9080234833659492,0.9080234833659492,0.9080234833659492,0.8103223075737253
10,noSelect,standard,noAug,noImbl,XGBClassifier_SPW24,first,0.25,0.1,126,2026-05-30 20:58:11,20260530-182225,log/stroke_prediction_v4/10/noSelect/standard__noAug__noImbl/XGBClassifier_SPW24,1780136562317_d342c02e17801458916775669,0.8962818003913894,0.5806217858812529,0.6419341563786007,0.598895158543268,0.9279231383613792,0.8962818003913894,0.9104752537523226,0.8962818003913894,0.8962818003913894,0.8962818003913894,0.7999661900630175
10,noSelect,standard,noAug,noImbl,XGBClassifier_SPW24,first,0.25,0.1,5012,2026-05-30 20:58:13,20260530-182225,log/stroke_prediction_v4/10/noSelect/standard__noAug__noImbl/XGBClassifier_SPW24,1780136562317_d342c02e17801458937655345,0.8825831702544031,0.5340963280877443,0.5588477366255145,0.5399159663865546,0.915693559058836,0.8825831702544031,0.8981236330148498,0.8825831702544031,0.8825831702544031,0.8825831702544031,0.7696029703891812
10,noSelect,standard,noAug,noImbl,XGBClassifier_SPW24,first,0.25,0.2,42,2026-05-30 20:58:55,20260530-182225,log/stroke_prediction_v4/10/noSelect/standard__noAug__noImbl/XGBClassifier_SPW24,1780136562317_d342c02e17801459353480182,0.9041095890410958,0.5683230699053484,0.5986213991769547,0.5793178763440859,0.9225509539364232,0.9041095890410958,0.912789991162174,0.9041095890410958,0.9041095890410958,0.9041095890410958,0.7944095580442498
10,noSelect,standard,noAug,noImbl,XGBClassifier_SPW24,first,0.25,0.2,126,2026-05-30 20:58:57,20260530-182225,log/stroke_prediction_v4/10/noSelect/standard__noAug__noImbl/XGBClassifier_SPW24,1780136562317_d342c02e17801459375851839,0.898238747553816,0.5350840336134453,0.5481069958847736,0.5396396396396397,0.9147083490930618,0.8982387475538159,0.9061899472858378,0.898238747553816,0.898238747553816,0.898238747553816,0.7759598749194759
10,noSelect,standard,noAug,noImbl,XGBClassifier_SPW24,first,0.25,0.2,5012,2026-05-30 20:58:59,20260530-182225,log/stroke_prediction_v4/10/noSelect/standard__noAug__noImbl/XGBClassifier_SPW24,1780136562317_d342c02e17801459397339136,0.8943248532289628,0.5664906560249173,0.6124485596707819,0.5803640677038187,0.9237756794553312,0.8943248532289628,0.9078209050954285,0.8943248532289628,0.8943248532289628,0.8943248532289628,0.7912291767265751
10,noSelect,standard,noAug,noImbl,XGBClassifier_SPW24,last,0.25,0.1,42,2026-05-30 20:59:41,20260530-182225,log/stroke_prediction_v4/10/noSelect/noAug__noImbl__standard/XGBClassifier_SPW24,1780136562317_d342c02e17801459813049180,0.9080234833659492,0.5955148619957538,0.6481069958847736,0.6139056345952898,0.9297758236005336,0.908023483365949,0.9179153392663078,0.9080234833659492,0.9080234833659492,0.9080234833659492,0.8103223075737253
10,noSelect,standard,noAug,noImbl,XGBClassifier_SPW24,last,0.25,0.1,126,2026-05-30 20:59:43,20260530-182225,log/stroke_prediction_v4/10/noSelect/noAug__noImbl__standard/XGBClassifier_SPW24,1780136562317_d342c02e17801459834655544,0.8962818003913894,0.5806217858812529,0.6419341563786007,0.598895158543268,0.9279231383613792,0.8962818003913894,0.9104752537523226,0.8962818003913894,0.8962818003913894,0.8962818003913894,0.7999661900630175
10,noSelect,standard,noAug,noImbl,XGBClassifier_SPW24,last,0.25,0.1,5012,2026-05-30 20:59:45,20260530-182225,log/stroke_prediction_v4/10/noSelect/noAug__noImbl__standard/XGBClassifier_SPW24,1780136562317_d342c02e17801459857230448,0.8825831702544031,0.5340963280877443,0.5588477366255145,0.5399159663865546,0.915693559058836,0.8825831702544031,0.8981236330148498,0.8825831702544031,0.8825831702544031,0.8825831702544031,0.7696029703891812
10,noSelect,standard,noAug,noImbl,XGBClassifier_SPW24,last,0.25,0.2,42,2026-05-30 21:00:27,20260530-182225,log/stroke_prediction_v4/10/noSelect/noAug__noImbl__standard/XGBClassifier_SPW24,1780136562317_d342c02e17801460275288424,0.9041095890410958,0.5683230699053484,0.5986213991769547,0.5793178763440859,0.9225509539364232,0.9041095890410958,0.912789991162174,0.9041095890410958,0.9041095890410958,0.9041095890410958,0.7944095580442498
10,noSelect,standard,noAug,noImbl,XGBClassifier_SPW24,last,0.25,0.2,126,2026-05-30 21:00:29,20260530-182225,log/stroke_prediction_v4/10/noSelect/noAug__noImbl__standard/XGBClassifier_SPW24,1780136562317_d342c02e17801460297136147,0.898238747553816,0.5350840336134453,0.5481069958847736,0.5396396396396397,0.9147083490930618,0.8982387475538159,0.9061899472858378,0.898238747553816,0.898238747553816,0.898238747553816,0.7759598749194759
10,noSelect,standard,noAug,noImbl,XGBClassifier_SPW24,last,0.25,0.2,5012,2026-05-30 21:00:31,20260530-182225,log/stroke_prediction_v4/10/noSelect/noAug__noImbl__standard/XGBClassifier_SPW24,1780136562317_d342c02e17801460319365116,0.8943248532289628,0.5664906560249173,0.6124485596707819,0.5803640677038187,0.9237756794553312,0.8943248532289628,0.9078209050954285,0.8943248532289628,0.8943248532289628,0.8943248532289628,0.7912291767265751
