FeatureNum,FS_Method,Scaler,AugName,ImblName,Model,Norm_Order,Prob_Threshold,Split_Ratio,Random_State,Timestamp,RunID,LogDir,Model_RunID,Accuracy,Macro_Precision,Macro_Recall,Macro_F1,Weighted_Precision,Weighted_Recall,Weighted_F1,Micro_Precision,Micro_Recall,Micro_F1,Integrated_Score
6,biMaxInfgain,minmax,gaussian_noise,noImbl,DTmodel,first,0.5,0.1,42,2026-05-29 18:58:15,20260529-185745,log/stroke_prediction_v2/6/biMaxInfgain/minmax__gaussian_noise__noImbl/DTmodel,1780052279784_edb427c117800522954074615,0.9275929549902152,0.4749498997995992,0.4876543209876543,0.4812182741116751,0.9034272066638168,0.9275929549902152,0.9153506114218164,0.9275929549902152,0.9275929549902152,0.9275929549902152,0.7671256575712168
6,biMaxInfgain,minmax,gaussian_noise,noImbl,DTmodel,first,0.5,0.2,42,2026-05-29 18:58:30,20260529-185745,log/stroke_prediction_v2/6/biMaxInfgain/minmax__gaussian_noise__noImbl/DTmodel,1780052279784_edb427c117800523106390951,0.9099804305283756,0.5536902286902287,0.5637654320987654,0.5580332800601674,0.9178804350037228,0.9099804305283756,0.9138395001607028,0.9099804305283756,0.9099804305283756,0.9099804305283756,0.7883066988237524
6,biMaxInfgain,minmax,gaussian_noise,noImbl,DTmodel,last,0.5,0.1,42,2026-05-29 18:58:47,20260529-185745,log/stroke_prediction_v2/6/biMaxInfgain/gaussian_noise__noImbl__minmax/DTmodel,1780052279784_edb427c117800523272850749,0.9217221135029354,0.5051202667301739,0.5035390946502057,0.5034013605442176,0.9077480473638072,0.9217221135029354,0.91458657827123,0.9217221135029354,0.9217221135029354,0.9217221135029354,0.7730277770979098
6,biMaxInfgain,minmax,gaussian_noise,noImbl,DTmodel,last,0.5,0.2,42,2026-05-29 18:59:02,20260529-185745,log/stroke_prediction_v2/6/biMaxInfgain/gaussian_noise__noImbl__minmax/DTmodel,1780052279784_edb427c117800523424214227,0.9099804305283756,0.5248810467882632,0.5258230452674897,0.5253326871428283,0.9116584234858488,0.9099804305283756,0.910816621274866,0.9099804305283756,0.9099804305283756,0.9099804305283756,0.7756508200281645
6,biMaxInfgain,minmax,gaussian_noise,noImbl,GradientBoosting,first,0.5,0.1,42,2026-05-29 18:58:16,20260529-185745,log/stroke_prediction_v2/6/biMaxInfgain/minmax__gaussian_noise__noImbl/GradientBoosting,1780052279784_edb427c117800522966746530,0.943248532289628,0.47534516765286,0.4958847736625514,0.48539778449144,0.9041790664551466,0.943248532289628,0.9233006781324457,0.943248532289628,0.943248532289628,0.943248532289628,0.7761450830864897
6,biMaxInfgain,minmax,gaussian_noise,noImbl,GradientBoosting,first,0.5,0.2,42,2026-05-29 18:58:31,20260529-185745,log/stroke_prediction_v2/6/biMaxInfgain/minmax__gaussian_noise__noImbl/GradientBoosting,1780052279784_edb427c117800523118528760,0.9500978473581212,0.6426234870788354,0.5089711934156378,0.5060602901737061,0.9216504163874,0.9500978473581212,0.9285604219838514,0.9500978473581212,0.9500978473581212,0.9500978473581212,0.8025567554550692
6,biMaxInfgain,minmax,gaussian_noise,noImbl,GradientBoosting,last,0.5,0.1,42,2026-05-29 18:58:48,20260529-185745,log/stroke_prediction_v2/6/biMaxInfgain/gaussian_noise__noImbl__minmax/GradientBoosting,1780052279784_edb427c117800523285484354,0.949119373776908,0.4754901960784314,0.4989711934156378,0.4869477911646586,0.9044549326579948,0.949119373776908,0.926249027420838,0.949119373776908,0.949119373776908,0.949119373776908,0.7795189045137939
6,biMaxInfgain,minmax,gaussian_noise,noImbl,GradientBoosting,last,0.5,0.2,42,2026-05-29 18:59:03,20260529-185745,log/stroke_prediction_v2/6/biMaxInfgain/gaussian_noise__noImbl__minmax/GradientBoosting,1780052279784_edb427c117800523436250760,0.9500978473581212,0.6426234870788354,0.5089711934156378,0.5060602901737061,0.9216504163874,0.9500978473581212,0.9285604219838514,0.9500978473581212,0.9500978473581212,0.9500978473581212,0.8025567554550692
6,biMaxInfgain,minmax,gaussian_noise,noImbl,LogisticRegression,first,0.5,0.1,42,2026-05-29 18:58:15,20260529-185745,log/stroke_prediction_v2/6/biMaxInfgain/minmax__gaussian_noise__noImbl/LogisticRegression,1780052279784_edb427c117800522954898393,0.9510763209393346,0.4755381604696673,0.5,0.4874623871614844,0.9045461682515002,0.9510763209393346,0.9272278675557002,0.9510763209393346,0.9510763209393346,0.9510763209393346,0.7806424994554282
6,biMaxInfgain,minmax,gaussian_noise,noImbl,LogisticRegression,first,0.5,0.2,42,2026-05-29 18:58:30,20260529-185745,log/stroke_prediction_v2/6/biMaxInfgain/minmax__gaussian_noise__noImbl/LogisticRegression,1780052279784_edb427c117800523107203000,0.9510763209393346,0.4755381604696673,0.5,0.4874623871614844,0.9045461682515002,0.9510763209393346,0.9272278675557002,0.9510763209393346,0.9510763209393346,0.9510763209393346,0.7806424994554282
6,biMaxInfgain,minmax,gaussian_noise,noImbl,LogisticRegression,last,0.5,0.1,42,2026-05-29 18:58:47,20260529-185745,log/stroke_prediction_v2/6/biMaxInfgain/gaussian_noise__noImbl__minmax/LogisticRegression,1780052279784_edb427c117800523273687899,0.9510763209393346,0.4755381604696673,0.5,0.4874623871614844,0.9045461682515002,0.9510763209393346,0.9272278675557002,0.9510763209393346,0.9510763209393346,0.9510763209393346,0.7806424994554282
6,biMaxInfgain,minmax,gaussian_noise,noImbl,LogisticRegression,last,0.5,0.2,42,2026-05-29 18:59:02,20260529-185745,log/stroke_prediction_v2/6/biMaxInfgain/gaussian_noise__noImbl__minmax/LogisticRegression,1780052279784_edb427c117800523425022018,0.9510763209393346,0.4755381604696673,0.5,0.4874623871614844,0.9045461682515002,0.9510763209393346,0.9272278675557002,0.9510763209393346,0.9510763209393346,0.9510763209393346,0.7806424994554282
6,biMaxInfgain,minmax,gaussian_noise,noImbl,XGBmodel,first,0.5,0.1,42,2026-05-29 18:58:15,20260529-185745,log/stroke_prediction_v2/6/biMaxInfgain/minmax__gaussian_noise__noImbl/XGBmodel,1780052279784_edb427c117800522953051345,0.949119373776908,0.6430446194225722,0.5179423868312758,0.5226358148893361,0.9224514743876192,0.949119373776908,0.9296936216122568,0.949119373776908,0.949119373776908,0.949119373776908,0.8058410130501487
6,biMaxInfgain,minmax,gaussian_noise,noImbl,XGBmodel,first,0.5,0.2,42,2026-05-29 18:58:30,20260529-185745,log/stroke_prediction_v2/6/biMaxInfgain/minmax__gaussian_noise__noImbl/XGBmodel,1780052279784_edb427c117800523105362671,0.9510763209393346,0.7259803921568627,0.509485596707819,0.5066805684275564,0.929849199953954,0.9510763209393348,0.9290856032892674,0.9510763209393346,0.9510763209393346,0.9510763209393346,0.8123269730151209
6,biMaxInfgain,minmax,gaussian_noise,noImbl,XGBmodel,last,0.5,0.1,42,2026-05-29 18:58:47,20260529-185745,log/stroke_prediction_v2/6/biMaxInfgain/gaussian_noise__noImbl__minmax/XGBmodel,1780052279784_edb427c117800523271790951,0.949119373776908,0.4754901960784314,0.4989711934156378,0.4869477911646586,0.9044549326579948,0.949119373776908,0.926249027420838,0.949119373776908,0.949119373776908,0.949119373776908,0.7795189045137939
6,biMaxInfgain,minmax,gaussian_noise,noImbl,XGBmodel,last,0.5,0.2,42,2026-05-29 18:59:02,20260529-185745,log/stroke_prediction_v2/6/biMaxInfgain/gaussian_noise__noImbl__minmax/XGBmodel,1780052279784_edb427c117800523423235225,0.952054794520548,0.7768928220255653,0.5289711934156378,0.5422277069335892,0.9364771487453024,0.952054794520548,0.9329832134022304,0.952054794520548,0.952054794520548,0.952054794520548,0.8263376722772425
6,biMaxInfgain,minmax,gaussian_noise,noImbl,random_forest,first,0.5,0.1,42,2026-05-29 18:58:15,20260529-185745,log/stroke_prediction_v2/6/biMaxInfgain/minmax__gaussian_noise__noImbl/random_forest,1780052279784_edb427c117800522952035985,0.9471624266144814,0.6013313609467457,0.5169135802469136,0.5208875924575477,0.9182858763996804,0.9471624266144816,0.9285902865371046,0.9471624266144814,0.9471624266144814,0.9471624266144814,0.7999397342543241
6,biMaxInfgain,minmax,gaussian_noise,noImbl,random_forest,first,0.5,0.2,42,2026-05-29 18:58:30,20260529-185745,log/stroke_prediction_v2/6/biMaxInfgain/minmax__gaussian_noise__noImbl/random_forest,1780052279784_edb427c117800523104332467,0.9500978473581212,0.6995173851047494,0.5374279835390947,0.5549502625624386,0.9296321123932046,0.9500978473581212,0.9332743260947538,0.9500978473581212,0.9500978473581212,0.9500978473581212,0.819930575345532
6,biMaxInfgain,minmax,gaussian_noise,noImbl,random_forest,last,0.5,0.1,42,2026-05-29 18:58:47,20260529-185745,log/stroke_prediction_v2/6/biMaxInfgain/gaussian_noise__noImbl__minmax/random_forest,1780052279784_edb427c117800523270802144,0.949119373776908,0.6430446194225722,0.5179423868312758,0.5226358148893361,0.9224514743876192,0.949119373776908,0.9296936216122568,0.949119373776908,0.949119373776908,0.949119373776908,0.8058410130501487
6,biMaxInfgain,minmax,gaussian_noise,noImbl,random_forest,last,0.5,0.2,42,2026-05-29 18:59:02,20260529-185745,log/stroke_prediction_v2/6/biMaxInfgain/gaussian_noise__noImbl__minmax/random_forest,1780052279784_edb427c117800523422226050,0.949119373776908,0.6924603174603174,0.5558847736625514,0.5806186868686869,0.9305283757338552,0.949119373776908,0.935271748799146,0.949119373776908,0.949119373776908,0.949119373776908,0.8249186615466103
6,biMaxInfgain,minmax,gaussian_noise,noImbl,sklearn_SVM,first,0.5,0.1,42,2026-05-29 18:58:14,20260529-185745,log/stroke_prediction_v2/6/biMaxInfgain/minmax__gaussian_noise__noImbl/sklearn_SVM,1780052279784_edb427c117800522943891924,0.949119373776908,0.4754901960784314,0.4989711934156378,0.4869477911646586,0.9044549326579948,0.949119373776908,0.926249027420838,0.949119373776908,0.949119373776908,0.949119373776908,0.7795189045137939
6,biMaxInfgain,minmax,gaussian_noise,noImbl,sklearn_SVM,first,0.5,0.2,42,2026-05-29 18:58:29,20260529-185745,log/stroke_prediction_v2/6/biMaxInfgain/minmax__gaussian_noise__noImbl/sklearn_SVM,1780052279784_edb427c117800523096489285,0.9510763209393346,0.4755381604696673,0.5,0.4874623871614844,0.9045461682515002,0.9510763209393346,0.9272278675557002,0.9510763209393346,0.9510763209393346,0.9510763209393346,0.7806424994554282
6,biMaxInfgain,minmax,gaussian_noise,noImbl,sklearn_SVM,last,0.5,0.1,42,2026-05-29 18:58:46,20260529-185745,log/stroke_prediction_v2/6/biMaxInfgain/gaussian_noise__noImbl__minmax/sklearn_SVM,1780052279784_edb427c117800523262320478,0.9510763209393346,0.4755381604696673,0.5,0.4874623871614844,0.9045461682515002,0.9510763209393346,0.9272278675557002,0.9510763209393346,0.9510763209393346,0.9510763209393346,0.7806424994554282
6,biMaxInfgain,minmax,gaussian_noise,noImbl,sklearn_SVM,last,0.5,0.2,42,2026-05-29 18:59:01,20260529-185745,log/stroke_prediction_v2/6/biMaxInfgain/gaussian_noise__noImbl__minmax/sklearn_SVM,1780052279784_edb427c117800523414732579,0.9500978473581212,0.4755142017629775,0.499485596707819,0.4872052182639237,0.9045005951342742,0.9500978473581214,0.9267386930577962,0.9500978473581212,0.9500978473581212,0.9500978473581212,0.7800807650020133
6,biMaxInfgain,minmax,mixup,noImbl,DTmodel,first,0.5,0.1,42,2026-05-29 18:59:11,20260529-185745,log/stroke_prediction_v2/6/biMaxInfgain/minmax__mixup__noImbl/DTmodel,1780052279784_edb427c117800523517015891,0.9158512720156556,0.5685817805383022,0.5763374485596708,0.5721518001440894,0.9204306499252471,0.9158512720156556,0.9181025785999672,0.9158512720156556,0.9158512720156556,0.9158512720156556,0.7964136535201926
6,biMaxInfgain,minmax,mixup,noImbl,DTmodel,first,0.5,0.2,42,2026-05-29 18:59:20,20260529-185745,log/stroke_prediction_v2/6/biMaxInfgain/minmax__mixup__noImbl/DTmodel,1780052279784_edb427c117800523600321710,0.9119373776908024,0.5268518518518518,0.5268518518518518,0.5268518518518518,0.9119373776908022,0.9119373776908022,0.9119373776908022,0.9119373776908024,0.9119373776908024,0.9119373776908022,0.7771574436471694
6,biMaxInfgain,minmax,mixup,noImbl,DTmodel,last,0.5,0.1,42,2026-05-29 18:59:28,20260529-185745,log/stroke_prediction_v2/6/biMaxInfgain/mixup__noImbl__minmax/DTmodel,1780052279784_edb427c117800523688475898,0.9334637964774952,0.6112537441163886,0.58559670781893,0.596253950548429,0.9252893342611456,0.933463796477495,0.9291313359302266,0.9334637964774952,0.9334637964774952,0.9334637964774952,0.8144072901824425
6,biMaxInfgain,minmax,mixup,noImbl,DTmodel,last,0.5,0.2,42,2026-05-29 18:59:37,20260529-185745,log/stroke_prediction_v2/6/biMaxInfgain/mixup__noImbl__minmax/DTmodel,1780052279784_edb427c117800523774752124,0.926614481409002,0.5761542477810099,0.5630246913580246,0.5687108590334397,0.9199035407650616,0.9266144814090018,0.9231546182496247,0.926614481409002,0.926614481409002,0.926614481409002,0.80033386214647
6,biMaxInfgain,minmax,mixup,noImbl,GradientBoosting,first,0.5,0.1,42,2026-05-29 18:59:12,20260529-185745,log/stroke_prediction_v2/6/biMaxInfgain/minmax__mixup__noImbl/GradientBoosting,1780052279784_edb427c117800523524807979,0.9471624266144814,0.6013313609467457,0.5169135802469136,0.5208875924575477,0.9182858763996804,0.9471624266144816,0.9285902865371046,0.9471624266144814,0.9471624266144814,0.9471624266144814,0.7999397342543241
6,biMaxInfgain,minmax,mixup,noImbl,GradientBoosting,first,0.5,0.2,42,2026-05-29 18:59:20,20260529-185745,log/stroke_prediction_v2/6/biMaxInfgain/minmax__mixup__noImbl/GradientBoosting,1780052279784_edb427c117800523607113260,0.9481409001956947,0.5759095378564405,0.5079423868312758,0.5048585401526577,0.915037320541018,0.9481409001956947,0.9275124553126164,0.9481409001956947,0.9481409001956947,0.9481409001956947,0.7940009339209423
6,biMaxInfgain,minmax,mixup,noImbl,GradientBoosting,last,0.5,0.1,42,2026-05-29 18:59:29,20260529-185745,log/stroke_prediction_v2/6/biMaxInfgain/mixup__noImbl__minmax/GradientBoosting,1780052279784_edb427c117800523695594496,0.949119373776908,0.4754901960784314,0.4989711934156378,0.4869477911646586,0.9044549326579948,0.949119373776908,0.926249027420838,0.949119373776908,0.949119373776908,0.949119373776908,0.7795189045137939
6,biMaxInfgain,minmax,mixup,noImbl,GradientBoosting,last,0.5,0.2,42,2026-05-29 18:59:38,20260529-185745,log/stroke_prediction_v2/6/biMaxInfgain/mixup__noImbl__minmax/GradientBoosting,1780052279784_edb427c117800523781633083,0.946183953033268,0.4754178957718781,0.4974279835390947,0.486173956762192,0.9043174064388756,0.946183953033268,0.9247770762678094,0.946183953033268,0.946183953033268,0.946183953033268,0.7778325647427922
6,biMaxInfgain,minmax,mixup,noImbl,LogisticRegression,first,0.5,0.1,42,2026-05-29 18:59:11,20260529-185745,log/stroke_prediction_v2/6/biMaxInfgain/minmax__mixup__noImbl/LogisticRegression,1780052279784_edb427c117800523517786176,0.9510763209393346,0.4755381604696673,0.5,0.4874623871614844,0.9045461682515002,0.9510763209393346,0.9272278675557002,0.9510763209393346,0.9510763209393346,0.9510763209393346,0.7806424994554282
6,biMaxInfgain,minmax,mixup,noImbl,LogisticRegression,first,0.5,0.2,42,2026-05-29 18:59:20,20260529-185745,log/stroke_prediction_v2/6/biMaxInfgain/minmax__mixup__noImbl/LogisticRegression,1780052279784_edb427c117800523601093827,0.9510763209393346,0.4755381604696673,0.5,0.4874623871614844,0.9045461682515002,0.9510763209393346,0.9272278675557002,0.9510763209393346,0.9510763209393346,0.9510763209393346,0.7806424994554282
6,biMaxInfgain,minmax,mixup,noImbl,LogisticRegression,last,0.5,0.1,42,2026-05-29 18:59:28,20260529-185745,log/stroke_prediction_v2/6/biMaxInfgain/mixup__noImbl__minmax/LogisticRegression,1780052279784_edb427c117800523689270379,0.9510763209393346,0.4755381604696673,0.5,0.4874623871614844,0.9045461682515002,0.9510763209393346,0.9272278675557002,0.9510763209393346,0.9510763209393346,0.9510763209393346,0.7806424994554282
6,biMaxInfgain,minmax,mixup,noImbl,LogisticRegression,last,0.5,0.2,42,2026-05-29 18:59:37,20260529-185745,log/stroke_prediction_v2/6/biMaxInfgain/mixup__noImbl__minmax/LogisticRegression,1780052279784_edb427c117800523775535927,0.9510763209393346,0.4755381604696673,0.5,0.4874623871614844,0.9045461682515002,0.9510763209393346,0.9272278675557002,0.9510763209393346,0.9510763209393346,0.9510763209393346,0.7806424994554282
6,biMaxInfgain,minmax,mixup,noImbl,XGBmodel,first,0.5,0.1,42,2026-05-29 18:59:11,20260529-185745,log/stroke_prediction_v2/6/biMaxInfgain/minmax__mixup__noImbl/XGBmodel,1780052279784_edb427c117800523516158631,0.9471624266144814,0.6013313609467457,0.5169135802469136,0.5208875924575477,0.9182858763996804,0.9471624266144816,0.9285902865371046,0.9471624266144814,0.9471624266144814,0.9471624266144814,0.7999397342543241
6,biMaxInfgain,minmax,mixup,noImbl,XGBmodel,first,0.5,0.2,42,2026-05-29 18:59:19,20260529-185745,log/stroke_prediction_v2/6/biMaxInfgain/minmax__mixup__noImbl/XGBmodel,1780052279784_edb427c117800523599466581,0.9510763209393346,0.7268700787401574,0.5284567901234568,0.5409959758551308,0.9315415196388122,0.9510763209393346,0.9323977130887084,0.9510763209393346,0.9510763209393346,0.9510763209393346,0.8201264205675524
6,biMaxInfgain,minmax,mixup,noImbl,XGBmodel,last,0.5,0.1,42,2026-05-29 18:59:28,20260529-185745,log/stroke_prediction_v2/6/biMaxInfgain/mixup__noImbl__minmax/XGBmodel,1780052279784_edb427c117800523687645748,0.9510763209393346,0.7264243614931238,0.5189711934156378,0.5244742229666852,0.9306936973998362,0.9510763209393344,0.9308039071927005,0.9510763209393346,0.9510763209393346,0.9510763209393346,0.8163311731305013
6,biMaxInfgain,minmax,mixup,noImbl,XGBmodel,last,0.5,0.2,42,2026-05-29 18:59:37,20260529-185745,log/stroke_prediction_v2/6/biMaxInfgain/mixup__noImbl__minmax/XGBmodel,1780052279784_edb427c117800523773879307,0.9510763209393346,0.7259803921568627,0.509485596707819,0.5066805684275564,0.929849199953954,0.9510763209393348,0.9290856032892674,0.9510763209393346,0.9510763209393346,0.9510763209393346,0.8123269730151209
6,biMaxInfgain,minmax,mixup,noImbl,random_forest,first,0.5,0.1,42,2026-05-29 18:59:11,20260529-185745,log/stroke_prediction_v2/6/biMaxInfgain/minmax__mixup__noImbl/random_forest,1780052279784_edb427c117800523515168183,0.9510763209393346,0.7264243614931238,0.5189711934156378,0.5244742229666852,0.9306936973998362,0.9510763209393344,0.9308039071927005,0.9510763209393346,0.9510763209393346,0.9510763209393346,0.8163311731305013
6,biMaxInfgain,minmax,mixup,noImbl,random_forest,first,0.5,0.2,42,2026-05-29 18:59:19,20260529-185745,log/stroke_prediction_v2/6/biMaxInfgain/minmax__mixup__noImbl/random_forest,1780052279784_edb427c117800523598404489,0.9500978473581212,0.6995173851047494,0.5374279835390947,0.5549502625624386,0.9296321123932046,0.9500978473581212,0.9332743260947538,0.9500978473581212,0.9500978473581212,0.9500978473581212,0.819930575345532
6,biMaxInfgain,minmax,mixup,noImbl,random_forest,last,0.5,0.1,42,2026-05-29 18:59:28,20260529-185745,log/stroke_prediction_v2/6/biMaxInfgain/mixup__noImbl__minmax/random_forest,1780052279784_edb427c117800523686607564,0.9510763209393346,0.7264243614931238,0.5189711934156378,0.5244742229666852,0.9306936973998362,0.9510763209393344,0.9308039071927005,0.9510763209393346,0.9510763209393346,0.9510763209393346,0.8163311731305013
6,biMaxInfgain,minmax,mixup,noImbl,random_forest,last,0.5,0.2,42,2026-05-29 18:59:37,20260529-185745,log/stroke_prediction_v2/6/biMaxInfgain/mixup__noImbl__minmax/random_forest,1780052279784_edb427c117800523772822635,0.9471624266144814,0.5592191601049868,0.5074279835390947,0.5042756539235412,0.9133614291364266,0.9471624266144814,0.9269895301358052,0.9471624266144814,0.9471624266144814,0.9471624266144814,0.7915556055327451
6,biMaxInfgain,minmax,mixup,noImbl,sklearn_SVM,first,0.5,0.1,42,2026-05-29 18:59:11,20260529-185745,log/stroke_prediction_v2/6/biMaxInfgain/minmax__mixup__noImbl/sklearn_SVM,1780052279784_edb427c117800523511296390,0.9510763209393346,0.4755381604696673,0.5,0.4874623871614844,0.9045461682515002,0.9510763209393346,0.9272278675557002,0.9510763209393346,0.9510763209393346,0.9510763209393346,0.7806424994554282
6,biMaxInfgain,minmax,mixup,noImbl,sklearn_SVM,first,0.5,0.2,42,2026-05-29 18:59:19,20260529-185745,log/stroke_prediction_v2/6/biMaxInfgain/minmax__mixup__noImbl/sklearn_SVM,1780052279784_edb427c117800523594497020,0.9510763209393346,0.4755381604696673,0.5,0.4874623871614844,0.9045461682515002,0.9510763209393346,0.9272278675557002,0.9510763209393346,0.9510763209393346,0.9510763209393346,0.7806424994554282
6,biMaxInfgain,minmax,mixup,noImbl,sklearn_SVM,last,0.5,0.1,42,2026-05-29 18:59:28,20260529-185745,log/stroke_prediction_v2/6/biMaxInfgain/mixup__noImbl__minmax/sklearn_SVM,1780052279784_edb427c117800523682723229,0.9510763209393346,0.4755381604696673,0.5,0.4874623871614844,0.9045461682515002,0.9510763209393346,0.9272278675557002,0.9510763209393346,0.9510763209393346,0.9510763209393346,0.7806424994554282
6,biMaxInfgain,minmax,mixup,noImbl,sklearn_SVM,last,0.5,0.2,42,2026-05-29 18:59:36,20260529-185745,log/stroke_prediction_v2/6/biMaxInfgain/mixup__noImbl__minmax/sklearn_SVM,1780052279784_edb427c117800523767555409,0.9510763209393346,0.4755381604696673,0.5,0.4874623871614844,0.9045461682515002,0.9510763209393346,0.9272278675557002,0.9510763209393346,0.9510763209393346,0.9510763209393346,0.7806424994554282
6,biMaxInfgain,minmax,noAug,noImbl,DTmodel,first,0.5,0.1,42,2026-05-29 18:59:42,20260529-185745,log/stroke_prediction_v2/6/biMaxInfgain/minmax__noAug__noImbl/DTmodel,1780052279784_edb427c117800523828142848,0.898238747553816,0.5224419931532902,0.5291358024691357,0.524753183574188,0.9117505409704642,0.898238747553816,0.9048345191031252,0.898238747553816,0.898238747553816,0.898238747553816,0.7700664880824123
6,biMaxInfgain,minmax,noAug,noImbl,DTmodel,first,0.5,0.2,42,2026-05-29 18:59:47,20260529-185745,log/stroke_prediction_v2/6/biMaxInfgain/minmax__noAug__noImbl/DTmodel,1780052279784_edb427c117800523875917128,0.9187866927592956,0.535156899541535,0.5304526748971194,0.5324922978566271,0.9130486402966368,0.9187866927592956,0.9158759707309654,0.9187866927592956,0.9187866927592956,0.9187866927592956,0.782635738865386
6,biMaxInfgain,minmax,noAug,noImbl,DTmodel,last,0.5,0.1,42,2026-05-29 18:59:52,20260529-185745,log/stroke_prediction_v2/6/biMaxInfgain/noAug__noImbl__minmax/DTmodel,1780052279784_edb427c117800523926562737,0.898238747553816,0.5224419931532902,0.5291358024691357,0.524753183574188,0.9117505409704642,0.898238747553816,0.9048345191031252,0.898238747553816,0.898238747553816,0.898238747553816,0.7700664880824123
6,biMaxInfgain,minmax,noAug,noImbl,DTmodel,last,0.5,0.2,42,2026-05-29 18:59:57,20260529-185745,log/stroke_prediction_v2/6/biMaxInfgain/noAug__noImbl__minmax/DTmodel,1780052279784_edb427c117800523975121538,0.9187866927592956,0.535156899541535,0.5304526748971194,0.5324922978566271,0.9130486402966368,0.9187866927592956,0.9158759707309654,0.9187866927592956,0.9187866927592956,0.9187866927592956,0.782635738865386
6,biMaxInfgain,minmax,noAug,noImbl,GradientBoosting,first,0.5,0.1,42,2026-05-29 18:59:43,20260529-185745,log/stroke_prediction_v2/6/biMaxInfgain/minmax__noAug__noImbl/GradientBoosting,1780052279784_edb427c117800523832376398,0.9471624266144814,0.6013313609467457,0.5169135802469136,0.5208875924575477,0.9182858763996804,0.9471624266144816,0.9285902865371046,0.9471624266144814,0.9471624266144814,0.9471624266144814,0.7999397342543241
6,biMaxInfgain,minmax,noAug,noImbl,GradientBoosting,first,0.5,0.2,42,2026-05-29 18:59:47,20260529-185745,log/stroke_prediction_v2/6/biMaxInfgain/minmax__noAug__noImbl/GradientBoosting,1780052279784_edb427c117800523879796220,0.9452054794520548,0.5383382642998028,0.5063991769547325,0.5031426884744937,0.9112324714274136,0.9452054794520548,0.9259454823347752,0.9452054794520548,0.9452054794520548,0.9452054794520548,0.7880424086704069
6,biMaxInfgain,minmax,noAug,noImbl,GradientBoosting,last,0.5,0.1,42,2026-05-29 18:59:53,20260529-185745,log/stroke_prediction_v2/6/biMaxInfgain/noAug__noImbl__minmax/GradientBoosting,1780052279784_edb427c117800523930801100,0.9471624266144814,0.6013313609467457,0.5169135802469136,0.5208875924575477,0.9182858763996804,0.9471624266144816,0.9285902865371046,0.9471624266144814,0.9471624266144814,0.9471624266144814,0.7999397342543241
6,biMaxInfgain,minmax,noAug,noImbl,GradientBoosting,last,0.5,0.2,42,2026-05-29 18:59:57,20260529-185745,log/stroke_prediction_v2/6/biMaxInfgain/noAug__noImbl__minmax/GradientBoosting,1780052279784_edb427c117800523979120756,0.9452054794520548,0.5383382642998028,0.5063991769547325,0.5031426884744937,0.9112324714274136,0.9452054794520548,0.9259454823347752,0.9452054794520548,0.9452054794520548,0.9452054794520548,0.7880424086704069
6,biMaxInfgain,minmax,noAug,noImbl,LogisticRegression,first,0.5,0.1,42,2026-05-29 18:59:42,20260529-185745,log/stroke_prediction_v2/6/biMaxInfgain/minmax__noAug__noImbl/LogisticRegression,1780052279784_edb427c117800523828923970,0.9510763209393346,0.4755381604696673,0.5,0.4874623871614844,0.9045461682515002,0.9510763209393346,0.9272278675557002,0.9510763209393346,0.9510763209393346,0.9510763209393346,0.7806424994554282
6,biMaxInfgain,minmax,noAug,noImbl,LogisticRegression,first,0.5,0.2,42,2026-05-29 18:59:47,20260529-185745,log/stroke_prediction_v2/6/biMaxInfgain/minmax__noAug__noImbl/LogisticRegression,1780052279784_edb427c117800523876668673,0.9510763209393346,0.4755381604696673,0.5,0.4874623871614844,0.9045461682515002,0.9510763209393346,0.9272278675557002,0.9510763209393346,0.9510763209393346,0.9510763209393346,0.7806424994554282
6,biMaxInfgain,minmax,noAug,noImbl,LogisticRegression,last,0.5,0.1,42,2026-05-29 18:59:52,20260529-185745,log/stroke_prediction_v2/6/biMaxInfgain/noAug__noImbl__minmax/LogisticRegression,1780052279784_edb427c117800523927323491,0.9510763209393346,0.4755381604696673,0.5,0.4874623871614844,0.9045461682515002,0.9510763209393346,0.9272278675557002,0.9510763209393346,0.9510763209393346,0.9510763209393346,0.7806424994554282
6,biMaxInfgain,minmax,noAug,noImbl,LogisticRegression,last,0.5,0.2,42,2026-05-29 18:59:57,20260529-185745,log/stroke_prediction_v2/6/biMaxInfgain/noAug__noImbl__minmax/LogisticRegression,1780052279784_edb427c117800523975914608,0.9510763209393346,0.4755381604696673,0.5,0.4874623871614844,0.9045461682515002,0.9510763209393346,0.9272278675557002,0.9510763209393346,0.9510763209393346,0.9510763209393346,0.7806424994554282
6,biMaxInfgain,minmax,noAug,noImbl,XGBmodel,first,0.5,0.1,42,2026-05-29 18:59:42,20260529-185745,log/stroke_prediction_v2/6/biMaxInfgain/minmax__noAug__noImbl/XGBmodel,1780052279784_edb427c117800523827383972,0.949119373776908,0.4754901960784314,0.4989711934156378,0.4869477911646586,0.9044549326579948,0.949119373776908,0.926249027420838,0.949119373776908,0.949119373776908,0.949119373776908,0.7795189045137939
6,biMaxInfgain,minmax,noAug,noImbl,XGBmodel,first,0.5,0.2,42,2026-05-29 18:59:47,20260529-185745,log/stroke_prediction_v2/6/biMaxInfgain/minmax__noAug__noImbl/XGBmodel,1780052279784_edb427c117800523875146672,0.9500978473581212,0.676401179941003,0.5184567901234568,0.5235431235431236,0.9257572346431604,0.9500978473581212,0.9302478343574236,0.9500978473581212,0.9500978473581212,0.9500978473581212,0.8101693030990923
6,biMaxInfgain,minmax,noAug,noImbl,XGBmodel,last,0.5,0.1,42,2026-05-29 18:59:52,20260529-185745,log/stroke_prediction_v2/6/biMaxInfgain/noAug__noImbl__minmax/XGBmodel,1780052279784_edb427c117800523925796966,0.949119373776908,0.4754901960784314,0.4989711934156378,0.4869477911646586,0.9044549326579948,0.949119373776908,0.926249027420838,0.949119373776908,0.949119373776908,0.949119373776908,0.7795189045137939
6,biMaxInfgain,minmax,noAug,noImbl,XGBmodel,last,0.5,0.2,42,2026-05-29 18:59:57,20260529-185745,log/stroke_prediction_v2/6/biMaxInfgain/noAug__noImbl__minmax/XGBmodel,1780052279784_edb427c117800523974346961,0.9500978473581212,0.676401179941003,0.5184567901234568,0.5235431235431236,0.9257572346431604,0.9500978473581212,0.9302478343574236,0.9500978473581212,0.9500978473581212,0.9500978473581212,0.8101693030990923
6,biMaxInfgain,minmax,noAug,noImbl,random_forest,first,0.5,0.1,42,2026-05-29 18:59:42,20260529-185745,log/stroke_prediction_v2/6/biMaxInfgain/minmax__noAug__noImbl/random_forest,1780052279784_edb427c117800523826424576,0.9510763209393346,0.7264243614931238,0.5189711934156378,0.5244742229666852,0.9306936973998362,0.9510763209393344,0.9308039071927005,0.9510763209393346,0.9510763209393346,0.9510763209393346,0.8163311731305013
6,biMaxInfgain,minmax,noAug,noImbl,random_forest,first,0.5,0.2,42,2026-05-29 18:59:47,20260529-185745,log/stroke_prediction_v2/6/biMaxInfgain/minmax__noAug__noImbl/random_forest,1780052279784_edb427c117800523874177461,0.949119373776908,0.6430446194225722,0.5179423868312758,0.5226358148893361,0.9224514743876192,0.949119373776908,0.9296936216122568,0.949119373776908,0.949119373776908,0.949119373776908,0.8058410130501487
6,biMaxInfgain,minmax,noAug,noImbl,random_forest,last,0.5,0.1,42,2026-05-29 18:59:52,20260529-185745,log/stroke_prediction_v2/6/biMaxInfgain/noAug__noImbl__minmax/random_forest,1780052279784_edb427c117800523924850108,0.9510763209393346,0.7264243614931238,0.5189711934156378,0.5244742229666852,0.9306936973998362,0.9510763209393344,0.9308039071927005,0.9510763209393346,0.9510763209393346,0.9510763209393346,0.8163311731305013
6,biMaxInfgain,minmax,noAug,noImbl,random_forest,last,0.5,0.2,42,2026-05-29 18:59:57,20260529-185745,log/stroke_prediction_v2/6/biMaxInfgain/noAug__noImbl__minmax/random_forest,1780052279784_edb427c117800523973347801,0.949119373776908,0.6430446194225722,0.5179423868312758,0.5226358148893361,0.9224514743876192,0.949119373776908,0.9296936216122568,0.949119373776908,0.949119373776908,0.949119373776908,0.8058410130501487
6,biMaxInfgain,minmax,noAug,noImbl,sklearn_SVM,first,0.5,0.1,42,2026-05-29 18:59:42,20260529-185745,log/stroke_prediction_v2/6/biMaxInfgain/minmax__noAug__noImbl/sklearn_SVM,1780052279784_edb427c117800523823855726,0.9510763209393346,0.4755381604696673,0.5,0.4874623871614844,0.9045461682515002,0.9510763209393346,0.9272278675557002,0.9510763209393346,0.9510763209393346,0.9510763209393346,0.7806424994554282
6,biMaxInfgain,minmax,noAug,noImbl,sklearn_SVM,first,0.5,0.2,42,2026-05-29 18:59:47,20260529-185745,log/stroke_prediction_v2/6/biMaxInfgain/minmax__noAug__noImbl/sklearn_SVM,1780052279784_edb427c117800523871802871,0.9510763209393346,0.4755381604696673,0.5,0.4874623871614844,0.9045461682515002,0.9510763209393346,0.9272278675557002,0.9510763209393346,0.9510763209393346,0.9510763209393346,0.7806424994554282
6,biMaxInfgain,minmax,noAug,noImbl,sklearn_SVM,last,0.5,0.1,42,2026-05-29 18:59:52,20260529-185745,log/stroke_prediction_v2/6/biMaxInfgain/noAug__noImbl__minmax/sklearn_SVM,1780052279784_edb427c117800523922339731,0.9510763209393346,0.4755381604696673,0.5,0.4874623871614844,0.9045461682515002,0.9510763209393346,0.9272278675557002,0.9510763209393346,0.9510763209393346,0.9510763209393346,0.7806424994554282
6,biMaxInfgain,minmax,noAug,noImbl,sklearn_SVM,last,0.5,0.2,42,2026-05-29 18:59:57,20260529-185745,log/stroke_prediction_v2/6/biMaxInfgain/noAug__noImbl__minmax/sklearn_SVM,1780052279784_edb427c117800523970893244,0.9510763209393346,0.4755381604696673,0.5,0.4874623871614844,0.9045461682515002,0.9510763209393346,0.9272278675557002,0.9510763209393346,0.9510763209393346,0.9510763209393346,0.7806424994554282
6,biMaxInfgain,standard,gaussian_noise,noImbl,DTmodel,first,0.5,0.1,42,2026-05-29 19:00:19,20260529-185745,log/stroke_prediction_v2/6/biMaxInfgain/standard__gaussian_noise__noImbl/DTmodel,1780052279784_edb427c117800524199954164,0.9021526418786692,0.5106238374588639,0.5122222222222222,0.5112105907560452,0.9090670578507628,0.9021526418786692,0.9055744541423244,0.9021526418786692,0.9021526418786692,0.9021526418786692,0.7665701252394079
6,biMaxInfgain,standard,gaussian_noise,noImbl,DTmodel,first,0.5,0.2,42,2026-05-29 19:00:40,20260529-185745,log/stroke_prediction_v2/6/biMaxInfgain/standard__gaussian_noise__noImbl/DTmodel,1780052279784_edb427c117800524402943614,0.9158512720156556,0.5685817805383022,0.5763374485596708,0.5721518001440894,0.9204306499252471,0.9158512720156556,0.9181025785999672,0.9158512720156556,0.9158512720156556,0.9158512720156556,0.7964136535201926
6,biMaxInfgain,standard,gaussian_noise,noImbl,DTmodel,last,0.5,0.1,42,2026-05-29 19:01:03,20260529-185745,log/stroke_prediction_v2/6/biMaxInfgain/gaussian_noise__noImbl__standard/DTmodel,1780052279784_edb427c117800524635637226,0.9256360078277888,0.5565896448438168,0.5435390946502058,0.5487544153188325,0.9162733094011338,0.9256360078277888,0.9207938460396652,0.9256360078277888,0.9256360078277888,0.9256360078277884,0.7923268472244055
6,biMaxInfgain,standard,gaussian_noise,noImbl,DTmodel,last,0.5,0.2,42,2026-05-29 19:01:23,20260529-185745,log/stroke_prediction_v2/6/biMaxInfgain/gaussian_noise__noImbl__standard/DTmodel,1780052279784_edb427c117800524835951743,0.9090019569471623,0.531794678950832,0.5347942386831276,0.5331614234141309,0.9131380016620346,0.9090019569471623,0.911051251023133,0.9090019569471623,0.9090019569471623,0.9090019569471623,0.7782053758740537
6,biMaxInfgain,standard,gaussian_noise,noImbl,GradientBoosting,first,0.5,0.1,42,2026-05-29 19:00:21,20260529-185745,log/stroke_prediction_v2/6/biMaxInfgain/standard__gaussian_noise__noImbl/GradientBoosting,1780052279784_edb427c117800524214016523,0.9452054794520548,0.5762845849802372,0.5158847736625514,0.5192204301075269,0.9157507174183768,0.9452054794520548,0.9274930033878336,0.9452054794520548,0.9452054794520548,0.9452054794520548,0.7958812144112423
6,biMaxInfgain,standard,gaussian_noise,noImbl,GradientBoosting,first,0.5,0.2,42,2026-05-29 19:00:41,20260529-185745,log/stroke_prediction_v2/6/biMaxInfgain/standard__gaussian_noise__noImbl/GradientBoosting,1780052279784_edb427c117800524416250326,0.9481409001956947,0.4754661432777232,0.4984567901234568,0.4866901054746358,0.9044091805595832,0.9481409001956947,0.9257588699047868,0.9481409001956947,0.9481409001956947,0.9481409001956947,0.7789569177812675
6,biMaxInfgain,standard,gaussian_noise,noImbl,GradientBoosting,last,0.5,0.1,42,2026-05-29 19:01:04,20260529-185745,log/stroke_prediction_v2/6/biMaxInfgain/gaussian_noise__noImbl__standard/GradientBoosting,1780052279784_edb427c117800524649815564,0.9510763209393346,0.7264243614931238,0.5189711934156378,0.5244742229666852,0.9306936973998362,0.9510763209393344,0.9308039071927005,0.9510763209393346,0.9510763209393346,0.9510763209393346,0.8163311731305013
6,biMaxInfgain,standard,gaussian_noise,noImbl,GradientBoosting,last,0.5,0.2,42,2026-05-29 19:01:24,20260529-185745,log/stroke_prediction_v2/6/biMaxInfgain/gaussian_noise__noImbl__standard/GradientBoosting,1780052279784_edb427c117800524849343277,0.949119373776908,0.4754901960784314,0.4989711934156378,0.4869477911646586,0.9044549326579948,0.949119373776908,0.926249027420838,0.949119373776908,0.949119373776908,0.949119373776908,0.7795189045137939
6,biMaxInfgain,standard,gaussian_noise,noImbl,LogisticRegression,first,0.5,0.1,42,2026-05-29 19:00:20,20260529-185745,log/stroke_prediction_v2/6/biMaxInfgain/standard__gaussian_noise__noImbl/LogisticRegression,1780052279784_edb427c117800524202138510,0.9510763209393346,0.4755381604696673,0.5,0.4874623871614844,0.9045461682515002,0.9510763209393346,0.9272278675557002,0.9510763209393346,0.9510763209393346,0.9510763209393346,0.7806424994554282
6,biMaxInfgain,standard,gaussian_noise,noImbl,LogisticRegression,first,0.5,0.2,42,2026-05-29 19:00:40,20260529-185745,log/stroke_prediction_v2/6/biMaxInfgain/standard__gaussian_noise__noImbl/LogisticRegression,1780052279784_edb427c117800524404974811,0.9510763209393346,0.4755381604696673,0.5,0.4874623871614844,0.9045461682515002,0.9510763209393346,0.9272278675557002,0.9510763209393346,0.9510763209393346,0.9510763209393346,0.7806424994554282
6,biMaxInfgain,standard,gaussian_noise,noImbl,LogisticRegression,last,0.5,0.1,42,2026-05-29 19:01:03,20260529-185745,log/stroke_prediction_v2/6/biMaxInfgain/gaussian_noise__noImbl__standard/LogisticRegression,1780052279784_edb427c117800524637762721,0.9510763209393346,0.4755381604696673,0.5,0.4874623871614844,0.9045461682515002,0.9510763209393346,0.9272278675557002,0.9510763209393346,0.9510763209393346,0.9510763209393346,0.7806424994554282
6,biMaxInfgain,standard,gaussian_noise,noImbl,LogisticRegression,last,0.5,0.2,42,2026-05-29 19:01:23,20260529-185745,log/stroke_prediction_v2/6/biMaxInfgain/gaussian_noise__noImbl__standard/LogisticRegression,1780052279784_edb427c117800524838004226,0.9510763209393346,0.4755381604696673,0.5,0.4874623871614844,0.9045461682515002,0.9510763209393346,0.9272278675557002,0.9510763209393346,0.9510763209393346,0.9510763209393346,0.7806424994554282
6,biMaxInfgain,standard,gaussian_noise,noImbl,XGBmodel,first,0.5,0.1,42,2026-05-29 19:00:19,20260529-185745,log/stroke_prediction_v2/6/biMaxInfgain/standard__gaussian_noise__noImbl/XGBmodel,1780052279784_edb427c117800524198862083,0.9510763209393346,0.4755381604696673,0.5,0.4874623871614844,0.9045461682515002,0.9510763209393346,0.9272278675557002,0.9510763209393346,0.9510763209393346,0.9510763209393346,0.7806424994554282
6,biMaxInfgain,standard,gaussian_noise,noImbl,XGBmodel,first,0.5,0.2,42,2026-05-29 19:00:40,20260529-185745,log/stroke_prediction_v2/6/biMaxInfgain/standard__gaussian_noise__noImbl/XGBmodel,1780052279784_edb427c117800524401904013,0.9510763209393346,0.4755381604696673,0.5,0.4874623871614844,0.9045461682515002,0.9510763209393346,0.9272278675557002,0.9510763209393346,0.9510763209393346,0.9510763209393346,0.7806424994554282
6,biMaxInfgain,standard,gaussian_noise,noImbl,XGBmodel,last,0.5,0.1,42,2026-05-29 19:01:03,20260529-185745,log/stroke_prediction_v2/6/biMaxInfgain/gaussian_noise__noImbl__standard/XGBmodel,1780052279784_edb427c117800524634556240,0.9510763209393346,0.4755381604696673,0.5,0.4874623871614844,0.9045461682515002,0.9510763209393346,0.9272278675557002,0.9510763209393346,0.9510763209393346,0.9510763209393346,0.7806424994554282
6,biMaxInfgain,standard,gaussian_noise,noImbl,XGBmodel,last,0.5,0.2,42,2026-05-29 19:01:23,20260529-185745,log/stroke_prediction_v2/6/biMaxInfgain/gaussian_noise__noImbl__standard/XGBmodel,1780052279784_edb427c117800524834904902,0.9510763209393346,0.4755381604696673,0.5,0.4874623871614844,0.9045461682515002,0.9510763209393346,0.9272278675557002,0.9510763209393346,0.9510763209393346,0.9510763209393346,0.7806424994554282
6,biMaxInfgain,standard,gaussian_noise,noImbl,random_forest,first,0.5,0.1,42,2026-05-29 19:00:19,20260529-185745,log/stroke_prediction_v2/6/biMaxInfgain/standard__gaussian_noise__noImbl/random_forest,1780052279784_edb427c117800524197803696,0.943248532289628,0.5595709570957095,0.5148559670781893,0.5176263793496305,0.9140306007117346,0.943248532289628,0.9264009887357532,0.943248532289628,0.943248532289628,0.943248532289628,0.792749270617222
6,biMaxInfgain,standard,gaussian_noise,noImbl,random_forest,first,0.5,0.2,42,2026-05-29 19:00:40,20260529-185745,log/stroke_prediction_v2/6/biMaxInfgain/standard__gaussian_noise__noImbl/random_forest,1780052279784_edb427c117800524400820300,0.9452054794520548,0.5762845849802372,0.5158847736625514,0.5192204301075269,0.9157507174183768,0.9452054794520548,0.9274930033878336,0.9452054794520548,0.9452054794520548,0.9452054794520548,0.7958812144112423
6,biMaxInfgain,standard,gaussian_noise,noImbl,random_forest,last,0.5,0.1,42,2026-05-29 19:01:03,20260529-185745,log/stroke_prediction_v2/6/biMaxInfgain/gaussian_noise__noImbl__standard/random_forest,1780052279784_edb427c117800524633539994,0.9452054794520548,0.5762845849802372,0.5158847736625514,0.5192204301075269,0.9157507174183768,0.9452054794520548,0.9274930033878336,0.9452054794520548,0.9452054794520548,0.9452054794520548,0.7958812144112423
6,biMaxInfgain,standard,gaussian_noise,noImbl,random_forest,last,0.5,0.2,42,2026-05-29 19:01:23,20260529-185745,log/stroke_prediction_v2/6/biMaxInfgain/gaussian_noise__noImbl__standard/random_forest,1780052279784_edb427c117800524833833052,0.9442270058708416,0.5313699681912909,0.5058847736625514,0.5025914699227254,0.9105076063790852,0.9442270058708414,0.9254242468117834,0.9442270058708416,0.9442270058708416,0.9442270058708416,0.7866693946818055
6,biMaxInfgain,standard,gaussian_noise,noImbl,sklearn_SVM,first,0.5,0.1,42,2026-05-29 19:00:18,20260529-185745,log/stroke_prediction_v2/6/biMaxInfgain/standard__gaussian_noise__noImbl/sklearn_SVM,1780052279784_edb427c117800524189595229,0.949119373776908,0.4754901960784314,0.4989711934156378,0.4869477911646586,0.9044549326579948,0.949119373776908,0.926249027420838,0.949119373776908,0.949119373776908,0.949119373776908,0.7795189045137939
6,biMaxInfgain,standard,gaussian_noise,noImbl,sklearn_SVM,first,0.5,0.2,42,2026-05-29 19:00:39,20260529-185745,log/stroke_prediction_v2/6/biMaxInfgain/standard__gaussian_noise__noImbl/sklearn_SVM,1780052279784_edb427c117800524392993637,0.9510763209393346,0.4755381604696673,0.5,0.4874623871614844,0.9045461682515002,0.9510763209393346,0.9272278675557002,0.9510763209393346,0.9510763209393346,0.9510763209393346,0.7806424994554282
6,biMaxInfgain,standard,gaussian_noise,noImbl,sklearn_SVM,last,0.5,0.1,42,2026-05-29 19:01:02,20260529-185745,log/stroke_prediction_v2/6/biMaxInfgain/gaussian_noise__noImbl__standard/sklearn_SVM,1780052279784_edb427c117800524625423689,0.9510763209393346,0.4755381604696673,0.5,0.4874623871614844,0.9045461682515002,0.9510763209393346,0.9272278675557002,0.9510763209393346,0.9510763209393346,0.9510763209393346,0.7806424994554282
6,biMaxInfgain,standard,gaussian_noise,noImbl,sklearn_SVM,last,0.5,0.2,42,2026-05-29 19:01:22,20260529-185745,log/stroke_prediction_v2/6/biMaxInfgain/gaussian_noise__noImbl__standard/sklearn_SVM,1780052279784_edb427c117800524826180187,0.9510763209393346,0.4755381604696673,0.5,0.4874623871614844,0.9045461682515002,0.9510763209393346,0.9272278675557002,0.9510763209393346,0.9510763209393346,0.9510763209393346,0.7806424994554282
6,biMaxInfgain,standard,mixup,noImbl,DTmodel,first,0.5,0.1,42,2026-05-29 19:01:33,20260529-185745,log/stroke_prediction_v2/6/biMaxInfgain/standard__mixup__noImbl/DTmodel,1780052279784_edb427c117800524934930147,0.9001956947162426,0.5094248094248094,0.5111934156378601,0.509993419197142,0.908860237627361,0.9001956947162426,0.9044742284390398,0.9001956947162426,0.9001956947162426,0.9001956947162426,0.7651962713009272
6,biMaxInfgain,standard,mixup,noImbl,DTmodel,first,0.5,0.2,42,2026-05-29 19:01:42,20260529-185745,log/stroke_prediction_v2/6/biMaxInfgain/standard__mixup__noImbl/DTmodel,1780052279784_edb427c117800525022182846,0.9168297455968688,0.5568041840835201,0.557880658436214,0.5573345291297014,0.9176124098610284,0.916829745596869,0.9172200769936844,0.9168297455968688,0.9168297455968688,0.9168297455968688,0.7911448143953314
6,biMaxInfgain,standard,mixup,noImbl,DTmodel,last,0.5,0.1,42,2026-05-29 19:01:51,20260529-185745,log/stroke_prediction_v2/6/biMaxInfgain/mixup__noImbl__standard/DTmodel,1780052279784_edb427c117800525118112953,0.9060665362035224,0.5132767064585246,0.5142798353909465,0.5137192704203013,0.9095045215842228,0.9060665362035224,0.9077761103463686,0.9060665362035224,0.9060665362035224,0.9060665362035226,0.7693570279397788
6,biMaxInfgain,standard,mixup,noImbl,DTmodel,last,0.5,0.2,42,2026-05-29 19:02:00,20260529-185745,log/stroke_prediction_v2/6/biMaxInfgain/mixup__noImbl__standard/DTmodel,1780052279784_edb427c117800525205751398,0.9246575342465754,0.5634494418338678,0.5525102880658437,0.5572098152743313,0.9177407835408,0.9246575342465754,0.9211054080696148,0.9246575342465754,0.9246575342465754,0.9246575342465754,0.794980348544273
6,biMaxInfgain,standard,mixup,noImbl,GradientBoosting,first,0.5,0.1,42,2026-05-29 19:01:34,20260529-185745,log/stroke_prediction_v2/6/biMaxInfgain/standard__mixup__noImbl/GradientBoosting,1780052279784_edb427c117800524942795436,0.9412915851272016,0.5476190476190477,0.5138271604938272,0.5160984848484849,0.9127760693318424,0.9412915851272016,0.925313556306707,0.9412915851272016,0.9412915851272016,0.9412915851272016,0.790150667968631
6,biMaxInfgain,standard,mixup,noImbl,GradientBoosting,first,0.5,0.2,42,2026-05-29 19:01:42,20260529-185745,log/stroke_prediction_v2/6/biMaxInfgain/standard__mixup__noImbl/GradientBoosting,1780052279784_edb427c117800525029772159,0.943248532289628,0.47534516765286,0.4958847736625514,0.48539778449144,0.9041790664551466,0.943248532289628,0.9233006781324457,0.943248532289628,0.943248532289628,0.943248532289628,0.7761450830864897
6,biMaxInfgain,standard,mixup,noImbl,GradientBoosting,last,0.5,0.1,42,2026-05-29 19:01:52,20260529-185745,log/stroke_prediction_v2/6/biMaxInfgain/mixup__noImbl__standard/GradientBoosting,1780052279784_edb427c117800525126015400,0.9510763209393346,0.7273175542406312,0.5379423868312758,0.5563774004236552,0.9323926863442143,0.9510763209393348,0.9338798949417636,0.9510763209393346,0.9510763209393346,0.9510763209393346,0.8237343854221587
6,biMaxInfgain,standard,mixup,noImbl,GradientBoosting,last,0.5,0.2,42,2026-05-29 19:02:01,20260529-185745,log/stroke_prediction_v2/6/biMaxInfgain/mixup__noImbl__standard/GradientBoosting,1780052279784_edb427c117800525213381082,0.9481409001956947,0.4754661432777232,0.4984567901234568,0.4866901054746358,0.9044091805595832,0.9481409001956947,0.9257588699047868,0.9481409001956947,0.9481409001956947,0.9481409001956947,0.7789569177812675
6,biMaxInfgain,standard,mixup,noImbl,LogisticRegression,first,0.5,0.1,42,2026-05-29 19:01:33,20260529-185745,log/stroke_prediction_v2/6/biMaxInfgain/standard__mixup__noImbl/LogisticRegression,1780052279784_edb427c117800524936420360,0.9510763209393346,0.4755381604696673,0.5,0.4874623871614844,0.9045461682515002,0.9510763209393346,0.9272278675557002,0.9510763209393346,0.9510763209393346,0.9510763209393346,0.7806424994554282
6,biMaxInfgain,standard,mixup,noImbl,LogisticRegression,first,0.5,0.2,42,2026-05-29 19:01:42,20260529-185745,log/stroke_prediction_v2/6/biMaxInfgain/standard__mixup__noImbl/LogisticRegression,1780052279784_edb427c117800525023670771,0.9510763209393346,0.4755381604696673,0.5,0.4874623871614844,0.9045461682515002,0.9510763209393346,0.9272278675557002,0.9510763209393346,0.9510763209393346,0.9510763209393346,0.7806424994554282
6,biMaxInfgain,standard,mixup,noImbl,LogisticRegression,last,0.5,0.1,42,2026-05-29 19:01:51,20260529-185745,log/stroke_prediction_v2/6/biMaxInfgain/mixup__noImbl__standard/LogisticRegression,1780052279784_edb427c117800525119631174,0.9510763209393346,0.4755381604696673,0.5,0.4874623871614844,0.9045461682515002,0.9510763209393346,0.9272278675557002,0.9510763209393346,0.9510763209393346,0.9510763209393346,0.7806424994554282
6,biMaxInfgain,standard,mixup,noImbl,LogisticRegression,last,0.5,0.2,42,2026-05-29 19:02:00,20260529-185745,log/stroke_prediction_v2/6/biMaxInfgain/mixup__noImbl__standard/LogisticRegression,1780052279784_edb427c117800525207251181,0.9510763209393346,0.4755381604696673,0.5,0.4874623871614844,0.9045461682515002,0.9510763209393346,0.9272278675557002,0.9510763209393346,0.9510763209393346,0.9510763209393346,0.7806424994554282
6,biMaxInfgain,standard,mixup,noImbl,XGBmodel,first,0.5,0.1,42,2026-05-29 19:01:33,20260529-185745,log/stroke_prediction_v2/6/biMaxInfgain/standard__mixup__noImbl/XGBmodel,1780052279784_edb427c117800524932901683,0.9510763209393346,0.4755381604696673,0.5,0.4874623871614844,0.9045461682515002,0.9510763209393346,0.9272278675557002,0.9510763209393346,0.9510763209393346,0.9510763209393346,0.7806424994554282
6,biMaxInfgain,standard,mixup,noImbl,XGBmodel,first,0.5,0.2,42,2026-05-29 19:01:42,20260529-185745,log/stroke_prediction_v2/6/biMaxInfgain/standard__mixup__noImbl/XGBmodel,1780052279784_edb427c117800525021290031,0.9481409001956947,0.4754661432777232,0.4984567901234568,0.4866901054746358,0.9044091805595832,0.9481409001956947,0.9257588699047868,0.9481409001956947,0.9481409001956947,0.9481409001956947,0.7789569177812675
6,biMaxInfgain,standard,mixup,noImbl,XGBmodel,last,0.5,0.1,42,2026-05-29 19:01:51,20260529-185745,log/stroke_prediction_v2/6/biMaxInfgain/mixup__noImbl__standard/XGBmodel,1780052279784_edb427c117800525117208116,0.9510763209393346,0.4755381604696673,0.5,0.4874623871614844,0.9045461682515002,0.9510763209393346,0.9272278675557002,0.9510763209393346,0.9510763209393346,0.9510763209393346,0.7806424994554282
6,biMaxInfgain,standard,mixup,noImbl,XGBmodel,last,0.5,0.2,42,2026-05-29 19:02:00,20260529-185745,log/stroke_prediction_v2/6/biMaxInfgain/mixup__noImbl__standard/XGBmodel,1780052279784_edb427c117800525204863648,0.949119373776908,0.4754901960784314,0.4989711934156378,0.4869477911646586,0.9044549326579948,0.949119373776908,0.926249027420838,0.949119373776908,0.949119373776908,0.949119373776908,0.7795189045137939
6,biMaxInfgain,standard,mixup,noImbl,random_forest,first,0.5,0.1,42,2026-05-29 19:01:33,20260529-185745,log/stroke_prediction_v2/6/biMaxInfgain/standard__mixup__noImbl/random_forest,1780052279784_edb427c117800524931869292,0.9452054794520548,0.4753937007874016,0.4969135802469136,0.4859154929577465,0.9042713838852336,0.9452054794520548,0.9242854386593534,0.9452054794520548,0.9452054794520548,0.9452054794520548,0.7772701980153415
6,biMaxInfgain,standard,mixup,noImbl,random_forest,first,0.5,0.2,42,2026-05-29 19:01:42,20260529-185745,log/stroke_prediction_v2/6/biMaxInfgain/standard__mixup__noImbl/random_forest,1780052279784_edb427c117800525020227655,0.9500978473581212,0.676401179941003,0.5184567901234568,0.5235431235431236,0.9257572346431604,0.9500978473581212,0.9302478343574236,0.9500978473581212,0.9500978473581212,0.9500978473581212,0.8101693030990923
6,biMaxInfgain,standard,mixup,noImbl,random_forest,last,0.5,0.1,42,2026-05-29 19:01:51,20260529-185745,log/stroke_prediction_v2/6/biMaxInfgain/mixup__noImbl__standard/random_forest,1780052279784_edb427c117800525116142425,0.9452054794520548,0.4753937007874016,0.4969135802469136,0.4859154929577465,0.9042713838852336,0.9452054794520548,0.9242854386593534,0.9452054794520548,0.9452054794520548,0.9452054794520548,0.7772701980153415
6,biMaxInfgain,standard,mixup,noImbl,random_forest,last,0.5,0.2,42,2026-05-29 19:02:00,20260529-185745,log/stroke_prediction_v2/6/biMaxInfgain/mixup__noImbl__standard/random_forest,1780052279784_edb427c117800525203760682,0.949119373776908,0.6430446194225722,0.5179423868312758,0.5226358148893361,0.9224514743876192,0.949119373776908,0.9296936216122568,0.949119373776908,0.949119373776908,0.949119373776908,0.8058410130501487
6,biMaxInfgain,standard,mixup,noImbl,sklearn_SVM,first,0.5,0.1,42,2026-05-29 19:01:32,20260529-185745,log/stroke_prediction_v2/6/biMaxInfgain/standard__mixup__noImbl/sklearn_SVM,1780052279784_edb427c117800524927910788,0.949119373776908,0.4754901960784314,0.4989711934156378,0.4869477911646586,0.9044549326579948,0.949119373776908,0.926249027420838,0.949119373776908,0.949119373776908,0.949119373776908,0.7795189045137939
6,biMaxInfgain,standard,mixup,noImbl,sklearn_SVM,first,0.5,0.2,42,2026-05-29 19:01:41,20260529-185745,log/stroke_prediction_v2/6/biMaxInfgain/standard__mixup__noImbl/sklearn_SVM,1780052279784_edb427c117800525016349523,0.9510763209393346,0.7259803921568627,0.509485596707819,0.5066805684275564,0.929849199953954,0.9510763209393348,0.9290856032892674,0.9510763209393346,0.9510763209393346,0.9510763209393346,0.8123269730151209
6,biMaxInfgain,standard,mixup,noImbl,sklearn_SVM,last,0.5,0.1,42,2026-05-29 19:01:51,20260529-185745,log/stroke_prediction_v2/6/biMaxInfgain/mixup__noImbl__standard/sklearn_SVM,1780052279784_edb427c117800525112223958,0.949119373776908,0.4754901960784314,0.4989711934156378,0.4869477911646586,0.9044549326579948,0.949119373776908,0.926249027420838,0.949119373776908,0.949119373776908,0.949119373776908,0.7795189045137939
6,biMaxInfgain,standard,mixup,noImbl,sklearn_SVM,last,0.5,0.2,42,2026-05-29 19:01:59,20260529-185745,log/stroke_prediction_v2/6/biMaxInfgain/mixup__noImbl__standard/sklearn_SVM,1780052279784_edb427c117800525199912245,0.952054794520548,0.976003917727718,0.51,0.5073148175476915,0.9543557887110408,0.952054794520548,0.9296116854869024,0.952054794520548,0.952054794520548,0.952054794520548,0.840396863907284
6,biMaxInfgain,standard,noAug,noImbl,DTmodel,first,0.5,0.1,42,2026-05-29 19:02:06,20260529-185745,log/stroke_prediction_v2/6/biMaxInfgain/standard__noAug__noImbl/DTmodel,1780052279784_edb427c117800525269202166,0.923679060665362,0.5525967413441955,0.5425102880658437,0.5467076083248039,0.9158004551596048,0.923679060665362,0.9196343025930384,0.923679060665362,0.923679060665362,0.923679060665362,0.7905136593607853
6,biMaxInfgain,standard,noAug,noImbl,DTmodel,first,0.5,0.2,42,2026-05-29 19:02:12,20260529-185745,log/stroke_prediction_v2/6/biMaxInfgain/standard__noAug__noImbl/DTmodel,1780052279784_edb427c117800525324662474,0.9050880626223092,0.512578734605622,0.5137654320987655,0.5130823448512979,0.9093918929733696,0.9050880626223092,0.9072254983789668,0.9050880626223092,0.9050880626223092,0.9050880626223092,0.7686550075012389
6,biMaxInfgain,standard,noAug,noImbl,DTmodel,last,0.5,0.1,42,2026-05-29 19:02:18,20260529-185745,log/stroke_prediction_v2/6/biMaxInfgain/noAug__noImbl__standard/DTmodel,1780052279784_edb427c117800525387160236,0.923679060665362,0.5525967413441955,0.5425102880658437,0.5467076083248039,0.9158004551596048,0.923679060665362,0.9196343025930384,0.923679060665362,0.923679060665362,0.923679060665362,0.7905136593607853
6,biMaxInfgain,standard,noAug,noImbl,DTmodel,last,0.5,0.2,42,2026-05-29 19:02:24,20260529-185745,log/stroke_prediction_v2/6/biMaxInfgain/noAug__noImbl__standard/DTmodel,1780052279784_edb427c117800525443164914,0.9050880626223092,0.512578734605622,0.5137654320987655,0.5130823448512979,0.9093918929733696,0.9050880626223092,0.9072254983789668,0.9050880626223092,0.9050880626223092,0.9050880626223092,0.7686550075012389
6,biMaxInfgain,standard,noAug,noImbl,GradientBoosting,first,0.5,0.1,42,2026-05-29 19:02:07,20260529-185745,log/stroke_prediction_v2/6/biMaxInfgain/standard__noAug__noImbl/GradientBoosting,1780052279784_edb427c117800525274408340,0.9471624266144814,0.475442043222004,0.4979423868312758,0.4864321608040201,0.9043633385749272,0.9471624266144816,0.9252682197681164,0.9471624266144814,0.9471624266144814,0.9471624266144814,0.7783948045944336
6,biMaxInfgain,standard,noAug,noImbl,GradientBoosting,first,0.5,0.2,42,2026-05-29 19:02:12,20260529-185745,log/stroke_prediction_v2/6/biMaxInfgain/standard__noAug__noImbl/GradientBoosting,1780052279784_edb427c117800525329290896,0.9481409001956947,0.4754661432777232,0.4984567901234568,0.4866901054746358,0.9044091805595832,0.9481409001956947,0.9257588699047868,0.9481409001956947,0.9481409001956947,0.9481409001956947,0.7789569177812675
6,biMaxInfgain,standard,noAug,noImbl,GradientBoosting,last,0.5,0.1,42,2026-05-29 19:02:19,20260529-185745,log/stroke_prediction_v2/6/biMaxInfgain/noAug__noImbl__standard/GradientBoosting,1780052279784_edb427c117800525392165623,0.9471624266144814,0.475442043222004,0.4979423868312758,0.4864321608040201,0.9043633385749272,0.9471624266144816,0.9252682197681164,0.9471624266144814,0.9471624266144814,0.9471624266144814,0.7783948045944336
6,biMaxInfgain,standard,noAug,noImbl,GradientBoosting,last,0.5,0.2,42,2026-05-29 19:02:24,20260529-185745,log/stroke_prediction_v2/6/biMaxInfgain/noAug__noImbl__standard/GradientBoosting,1780052279784_edb427c117800525447705377,0.9481409001956947,0.4754661432777232,0.4984567901234568,0.4866901054746358,0.9044091805595832,0.9481409001956947,0.9257588699047868,0.9481409001956947,0.9481409001956947,0.9481409001956947,0.7789569177812675
6,biMaxInfgain,standard,noAug,noImbl,LogisticRegression,first,0.5,0.1,42,2026-05-29 19:02:07,20260529-185745,log/stroke_prediction_v2/6/biMaxInfgain/standard__noAug__noImbl/LogisticRegression,1780052279784_edb427c117800525270568711,0.9510763209393346,0.4755381604696673,0.5,0.4874623871614844,0.9045461682515002,0.9510763209393346,0.9272278675557002,0.9510763209393346,0.9510763209393346,0.9510763209393346,0.7806424994554282
6,biMaxInfgain,standard,noAug,noImbl,LogisticRegression,first,0.5,0.2,42,2026-05-29 19:02:12,20260529-185745,log/stroke_prediction_v2/6/biMaxInfgain/standard__noAug__noImbl/LogisticRegression,1780052279784_edb427c117800525325997603,0.9510763209393346,0.4755381604696673,0.5,0.4874623871614844,0.9045461682515002,0.9510763209393346,0.9272278675557002,0.9510763209393346,0.9510763209393346,0.9510763209393346,0.7806424994554282
6,biMaxInfgain,standard,noAug,noImbl,LogisticRegression,last,0.5,0.1,42,2026-05-29 19:02:18,20260529-185745,log/stroke_prediction_v2/6/biMaxInfgain/noAug__noImbl__standard/LogisticRegression,1780052279784_edb427c117800525388503519,0.9510763209393346,0.4755381604696673,0.5,0.4874623871614844,0.9045461682515002,0.9510763209393346,0.9272278675557002,0.9510763209393346,0.9510763209393346,0.9510763209393346,0.7806424994554282
6,biMaxInfgain,standard,noAug,noImbl,LogisticRegression,last,0.5,0.2,42,2026-05-29 19:02:24,20260529-185745,log/stroke_prediction_v2/6/biMaxInfgain/noAug__noImbl__standard/LogisticRegression,1780052279784_edb427c117800525444507556,0.9510763209393346,0.4755381604696673,0.5,0.4874623871614844,0.9045461682515002,0.9510763209393346,0.9272278675557002,0.9510763209393346,0.9510763209393346,0.9510763209393346,0.7806424994554282
6,biMaxInfgain,standard,noAug,noImbl,XGBmodel,first,0.5,0.1,42,2026-05-29 19:02:06,20260529-185745,log/stroke_prediction_v2/6/biMaxInfgain/standard__noAug__noImbl/XGBmodel,1780052279784_edb427c117800525268365902,0.949119373776908,0.4754901960784314,0.4989711934156378,0.4869477911646586,0.9044549326579948,0.949119373776908,0.926249027420838,0.949119373776908,0.949119373776908,0.949119373776908,0.7795189045137939
6,biMaxInfgain,standard,noAug,noImbl,XGBmodel,first,0.5,0.2,42,2026-05-29 19:02:12,20260529-185745,log/stroke_prediction_v2/6/biMaxInfgain/standard__noAug__noImbl/XGBmodel,1780052279784_edb427c117800525323806646,0.9500978473581212,0.6426234870788354,0.5089711934156378,0.5060602901737061,0.9216504163874,0.9500978473581212,0.9285604219838514,0.9500978473581212,0.9500978473581212,0.9500978473581212,0.8025567554550692
6,biMaxInfgain,standard,noAug,noImbl,XGBmodel,last,0.5,0.1,42,2026-05-29 19:02:18,20260529-185745,log/stroke_prediction_v2/6/biMaxInfgain/noAug__noImbl__standard/XGBmodel,1780052279784_edb427c117800525386318092,0.949119373776908,0.4754901960784314,0.4989711934156378,0.4869477911646586,0.9044549326579948,0.949119373776908,0.926249027420838,0.949119373776908,0.949119373776908,0.949119373776908,0.7795189045137939
6,biMaxInfgain,standard,noAug,noImbl,XGBmodel,last,0.5,0.2,42,2026-05-29 19:02:24,20260529-185745,log/stroke_prediction_v2/6/biMaxInfgain/noAug__noImbl__standard/XGBmodel,1780052279784_edb427c117800525442330785,0.9500978473581212,0.6426234870788354,0.5089711934156378,0.5060602901737061,0.9216504163874,0.9500978473581212,0.9285604219838514,0.9500978473581212,0.9500978473581212,0.9500978473581212,0.8025567554550692
6,biMaxInfgain,standard,noAug,noImbl,random_forest,first,0.5,0.1,42,2026-05-29 19:02:06,20260529-185745,log/stroke_prediction_v2/6/biMaxInfgain/standard__noAug__noImbl/random_forest,1780052279784_edb427c117800525267360104,0.9471624266144814,0.475442043222004,0.4979423868312758,0.4864321608040201,0.9043633385749272,0.9471624266144816,0.9252682197681164,0.9471624266144814,0.9471624266144814,0.9471624266144814,0.7783948045944336
6,biMaxInfgain,standard,noAug,noImbl,random_forest,first,0.5,0.2,42,2026-05-29 19:02:12,20260529-185745,log/stroke_prediction_v2/6/biMaxInfgain/standard__noAug__noImbl/random_forest,1780052279784_edb427c117800525322748022,0.949119373776908,0.6430446194225722,0.5179423868312758,0.5226358148893361,0.9224514743876192,0.949119373776908,0.9296936216122568,0.949119373776908,0.949119373776908,0.949119373776908,0.8058410130501487
6,biMaxInfgain,standard,noAug,noImbl,random_forest,last,0.5,0.1,42,2026-05-29 19:02:18,20260529-185745,log/stroke_prediction_v2/6/biMaxInfgain/noAug__noImbl__standard/random_forest,1780052279784_edb427c117800525385258447,0.9471624266144814,0.475442043222004,0.4979423868312758,0.4864321608040201,0.9043633385749272,0.9471624266144816,0.9252682197681164,0.9471624266144814,0.9471624266144814,0.9471624266144814,0.7783948045944336
6,biMaxInfgain,standard,noAug,noImbl,random_forest,last,0.5,0.2,42,2026-05-29 19:02:24,20260529-185745,log/stroke_prediction_v2/6/biMaxInfgain/noAug__noImbl__standard/random_forest,1780052279784_edb427c117800525441276300,0.949119373776908,0.6430446194225722,0.5179423868312758,0.5226358148893361,0.9224514743876192,0.949119373776908,0.9296936216122568,0.949119373776908,0.949119373776908,0.949119373776908,0.8058410130501487
6,biMaxInfgain,standard,noAug,noImbl,sklearn_SVM,first,0.5,0.1,42,2026-05-29 19:02:06,20260529-185745,log/stroke_prediction_v2/6/biMaxInfgain/standard__noAug__noImbl/sklearn_SVM,1780052279784_edb427c117800525264812568,0.9510763209393346,0.4755381604696673,0.5,0.4874623871614844,0.9045461682515002,0.9510763209393346,0.9272278675557002,0.9510763209393346,0.9510763209393346,0.9510763209393346,0.7806424994554282
6,biMaxInfgain,standard,noAug,noImbl,sklearn_SVM,first,0.5,0.2,42,2026-05-29 19:02:12,20260529-185745,log/stroke_prediction_v2/6/biMaxInfgain/standard__noAug__noImbl/sklearn_SVM,1780052279784_edb427c117800525320305628,0.9510763209393346,0.4755381604696673,0.5,0.4874623871614844,0.9045461682515002,0.9510763209393346,0.9272278675557002,0.9510763209393346,0.9510763209393346,0.9510763209393346,0.7806424994554282
6,biMaxInfgain,standard,noAug,noImbl,sklearn_SVM,last,0.5,0.1,42,2026-05-29 19:02:18,20260529-185745,log/stroke_prediction_v2/6/biMaxInfgain/noAug__noImbl__standard/sklearn_SVM,1780052279784_edb427c117800525382673257,0.9510763209393346,0.4755381604696673,0.5,0.4874623871614844,0.9045461682515002,0.9510763209393346,0.9272278675557002,0.9510763209393346,0.9510763209393346,0.9510763209393346,0.7806424994554282
6,biMaxInfgain,standard,noAug,noImbl,sklearn_SVM,last,0.5,0.2,42,2026-05-29 19:02:23,20260529-185745,log/stroke_prediction_v2/6/biMaxInfgain/noAug__noImbl__standard/sklearn_SVM,1780052279784_edb427c117800525438756612,0.9510763209393346,0.4755381604696673,0.5,0.4874623871614844,0.9045461682515002,0.9510763209393346,0.9272278675557002,0.9510763209393346,0.9510763209393346,0.9510763209393346,0.7806424994554282
6,infgain,minmax,gaussian_noise,noImbl,DTmodel,first,0.5,0.1,42,2026-05-29 19:02:38,20260529-185745,log/stroke_prediction_v2/6/infgain/minmax__gaussian_noise__noImbl/DTmodel,1780052279784_edb427c117800525588520787,0.9041095890410958,0.5119047619047619,0.5132510288065844,0.5124520513269856,0.9092815208275092,0.9041095890410958,0.9066750314278696,0.9041095890410958,0.9041095890410958,0.9041095890410958,0.7679566291835519
6,infgain,minmax,gaussian_noise,noImbl,DTmodel,first,0.5,0.2,42,2026-05-29 19:02:52,20260529-185745,log/stroke_prediction_v2/6/infgain/minmax__gaussian_noise__noImbl/DTmodel,1780052279784_edb427c117800525721838468,0.9099804305283756,0.5598118279569892,0.5732510288065844,0.5654761904761905,0.9193390568777224,0.9099804305283756,0.914523343584009,0.9099804305283756,0.9099804305283756,0.9099804305283756,0.7912322936845096
6,infgain,minmax,gaussian_noise,noImbl,DTmodel,last,0.5,0.1,42,2026-05-29 19:03:06,20260529-185745,log/stroke_prediction_v2/6/infgain/gaussian_noise__noImbl__minmax/DTmodel,1780052279784_edb427c117800525865509582,0.913894324853229,0.552379859198041,0.5563374485596708,0.5542426645519429,0.9170585652528368,0.913894324853229,0.9154614344841714,0.913894324853229,0.913894324853229,0.913894324853229,0.7885909320977633
6,infgain,minmax,gaussian_noise,noImbl,DTmodel,last,0.5,0.2,42,2026-05-29 19:03:19,20260529-185745,log/stroke_prediction_v2/6/infgain/gaussian_noise__noImbl__minmax/DTmodel,1780052279784_edb427c117800525994025324,0.926614481409002,0.5837114283678172,0.5725102880658436,0.5775532811957474,0.92148558959001,0.926614481409002,0.9239843109014748,0.926614481409002,0.926614481409002,0.926614481409002,0.8036471619805511
6,infgain,minmax,gaussian_noise,noImbl,GradientBoosting,first,0.5,0.1,42,2026-05-29 19:02:39,20260529-185745,log/stroke_prediction_v2/6/infgain/minmax__gaussian_noise__noImbl/GradientBoosting,1780052279784_edb427c117800525599266293,0.949119373776908,0.4754901960784314,0.4989711934156378,0.4869477911646586,0.9044549326579948,0.949119373776908,0.926249027420838,0.949119373776908,0.949119373776908,0.949119373776908,0.7795189045137939
6,infgain,minmax,gaussian_noise,noImbl,GradientBoosting,first,0.5,0.2,42,2026-05-29 19:02:53,20260529-185745,log/stroke_prediction_v2/6/infgain/minmax__gaussian_noise__noImbl/GradientBoosting,1780052279784_edb427c117800525732056345,0.949119373776908,0.4754901960784314,0.4989711934156378,0.4869477911646586,0.9044549326579948,0.949119373776908,0.926249027420838,0.949119373776908,0.949119373776908,0.949119373776908,0.7795189045137939
6,infgain,minmax,gaussian_noise,noImbl,GradientBoosting,last,0.5,0.1,42,2026-05-29 19:03:07,20260529-185745,log/stroke_prediction_v2/6/infgain/gaussian_noise__noImbl__minmax/GradientBoosting,1780052279784_edb427c117800525875835540,0.943248532289628,0.47534516765286,0.4958847736625514,0.48539778449144,0.9041790664551466,0.943248532289628,0.9233006781324457,0.943248532289628,0.943248532289628,0.943248532289628,0.7761450830864897
6,infgain,minmax,gaussian_noise,noImbl,GradientBoosting,last,0.5,0.2,42,2026-05-29 19:03:20,20260529-185745,log/stroke_prediction_v2/6/infgain/gaussian_noise__noImbl__minmax/GradientBoosting,1780052279784_edb427c117800526003869593,0.9481409001956947,0.4754661432777232,0.4984567901234568,0.4866901054746358,0.9044091805595832,0.9481409001956947,0.9257588699047868,0.9481409001956947,0.9481409001956947,0.9481409001956947,0.7789569177812675
6,infgain,minmax,gaussian_noise,noImbl,LogisticRegression,first,0.5,0.1,42,2026-05-29 19:02:38,20260529-185745,log/stroke_prediction_v2/6/infgain/minmax__gaussian_noise__noImbl/LogisticRegression,1780052279784_edb427c117800525589401490,0.9510763209393346,0.4755381604696673,0.5,0.4874623871614844,0.9045461682515002,0.9510763209393346,0.9272278675557002,0.9510763209393346,0.9510763209393346,0.9510763209393346,0.7806424994554282
6,infgain,minmax,gaussian_noise,noImbl,LogisticRegression,first,0.5,0.2,42,2026-05-29 19:02:52,20260529-185745,log/stroke_prediction_v2/6/infgain/minmax__gaussian_noise__noImbl/LogisticRegression,1780052279784_edb427c117800525722727369,0.9510763209393346,0.4755381604696673,0.5,0.4874623871614844,0.9045461682515002,0.9510763209393346,0.9272278675557002,0.9510763209393346,0.9510763209393346,0.9510763209393346,0.7806424994554282
6,infgain,minmax,gaussian_noise,noImbl,LogisticRegression,last,0.5,0.1,42,2026-05-29 19:03:06,20260529-185745,log/stroke_prediction_v2/6/infgain/gaussian_noise__noImbl__minmax/LogisticRegression,1780052279784_edb427c117800525866384158,0.9510763209393346,0.4755381604696673,0.5,0.4874623871614844,0.9045461682515002,0.9510763209393346,0.9272278675557002,0.9510763209393346,0.9510763209393346,0.9510763209393346,0.7806424994554282
6,infgain,minmax,gaussian_noise,noImbl,LogisticRegression,last,0.5,0.2,42,2026-05-29 19:03:19,20260529-185745,log/stroke_prediction_v2/6/infgain/gaussian_noise__noImbl__minmax/LogisticRegression,1780052279784_edb427c117800525994892526,0.9510763209393346,0.4755381604696673,0.5,0.4874623871614844,0.9045461682515002,0.9510763209393346,0.9272278675557002,0.9510763209393346,0.9510763209393346,0.9510763209393346,0.7806424994554282
6,infgain,minmax,gaussian_noise,noImbl,XGBmodel,first,0.5,0.1,42,2026-05-29 19:02:38,20260529-185745,log/stroke_prediction_v2/6/infgain/minmax__gaussian_noise__noImbl/XGBmodel,1780052279784_edb427c117800525587485119,0.9510763209393346,0.7264243614931238,0.5189711934156378,0.5244742229666852,0.9306936973998362,0.9510763209393344,0.9308039071927005,0.9510763209393346,0.9510763209393346,0.9510763209393346,0.8163311731305013
6,infgain,minmax,gaussian_noise,noImbl,XGBmodel,first,0.5,0.2,42,2026-05-29 19:02:52,20260529-185745,log/stroke_prediction_v2/6/infgain/minmax__gaussian_noise__noImbl/XGBmodel,1780052279784_edb427c117800525720807815,0.9510763209393346,0.7259803921568627,0.509485596707819,0.5066805684275564,0.929849199953954,0.9510763209393348,0.9290856032892674,0.9510763209393346,0.9510763209393346,0.9510763209393346,0.8123269730151209
6,infgain,minmax,gaussian_noise,noImbl,XGBmodel,last,0.5,0.1,42,2026-05-29 19:03:06,20260529-185745,log/stroke_prediction_v2/6/infgain/gaussian_noise__noImbl__minmax/XGBmodel,1780052279784_edb427c117800525864456093,0.9510763209393346,0.7264243614931238,0.5189711934156378,0.5244742229666852,0.9306936973998362,0.9510763209393344,0.9308039071927005,0.9510763209393346,0.9510763209393346,0.9510763209393346,0.8163311731305013
6,infgain,minmax,gaussian_noise,noImbl,XGBmodel,last,0.5,0.2,42,2026-05-29 19:03:19,20260529-185745,log/stroke_prediction_v2/6/infgain/gaussian_noise__noImbl__minmax/XGBmodel,1780052279784_edb427c117800525992970371,0.949119373776908,0.4754901960784314,0.4989711934156378,0.4869477911646586,0.9044549326579948,0.949119373776908,0.926249027420838,0.949119373776908,0.949119373776908,0.949119373776908,0.7795189045137939
6,infgain,minmax,gaussian_noise,noImbl,random_forest,first,0.5,0.1,42,2026-05-29 19:02:38,20260529-185745,log/stroke_prediction_v2/6/infgain/minmax__gaussian_noise__noImbl/random_forest,1780052279784_edb427c117800525586428340,0.9510763209393346,0.7282178217821782,0.5569135802469136,0.5841606718531298,0.9341051326267656,0.9510763209393348,0.936552576496339,0.9510763209393346,0.9510763209393346,0.9510763209393346,0.8304611690937398
6,infgain,minmax,gaussian_noise,noImbl,random_forest,first,0.5,0.2,42,2026-05-29 19:02:51,20260529-185745,log/stroke_prediction_v2/6/infgain/minmax__gaussian_noise__noImbl/random_forest,1780052279784_edb427c117800525719696531,0.946183953033268,0.6310513074635968,0.5353703703703704,0.5496101856525885,0.9227704833825092,0.9461839530332682,0.9308834010071106,0.946183953033268,0.946183953033268,0.946183953033268,0.8094668353339096
6,infgain,minmax,gaussian_noise,noImbl,random_forest,last,0.5,0.1,42,2026-05-29 19:03:06,20260529-185745,log/stroke_prediction_v2/6/infgain/gaussian_noise__noImbl__minmax/random_forest,1780052279784_edb427c117800525863403301,0.9530332681017613,0.7782608695652173,0.5579423868312758,0.5879032258064516,0.9390793839870673,0.9530332681017614,0.937851145761,0.9530332681017613,0.9530332681017613,0.9530332681017613,0.8376047270141781
6,infgain,minmax,gaussian_noise,noImbl,random_forest,last,0.5,0.2,42,2026-05-29 19:03:19,20260529-185745,log/stroke_prediction_v2/6/infgain/gaussian_noise__noImbl__minmax/random_forest,1780052279784_edb427c117800525991871655,0.9471624266144814,0.6438943894389438,0.5358847736625514,0.5508935256013802,0.92406786666925,0.9471624266144812,0.9314767826160464,0.9471624266144814,0.9471624266144814,0.9471624266144814,0.8116052198554807
6,infgain,minmax,gaussian_noise,noImbl,sklearn_SVM,first,0.5,0.1,42,2026-05-29 19:02:37,20260529-185745,log/stroke_prediction_v2/6/infgain/minmax__gaussian_noise__noImbl/sklearn_SVM,1780052279784_edb427c117800525578394711,0.9510763209393346,0.4755381604696673,0.5,0.4874623871614844,0.9045461682515002,0.9510763209393346,0.9272278675557002,0.9510763209393346,0.9510763209393346,0.9510763209393346,0.7806424994554282
6,infgain,minmax,gaussian_noise,noImbl,sklearn_SVM,first,0.5,0.2,42,2026-05-29 19:02:51,20260529-185745,log/stroke_prediction_v2/6/infgain/minmax__gaussian_noise__noImbl/sklearn_SVM,1780052279784_edb427c117800525711761756,0.9500978473581212,0.4755142017629775,0.499485596707819,0.4872052182639237,0.9045005951342742,0.9500978473581214,0.9267386930577962,0.9500978473581212,0.9500978473581212,0.9500978473581212,0.7800807650020133
6,infgain,minmax,gaussian_noise,noImbl,sklearn_SVM,last,0.5,0.1,42,2026-05-29 19:03:05,20260529-185745,log/stroke_prediction_v2/6/infgain/gaussian_noise__noImbl__minmax/sklearn_SVM,1780052279784_edb427c117800525855578972,0.9510763209393346,0.4755381604696673,0.5,0.4874623871614844,0.9045461682515002,0.9510763209393346,0.9272278675557002,0.9510763209393346,0.9510763209393346,0.9510763209393346,0.7806424994554282
6,infgain,minmax,gaussian_noise,noImbl,sklearn_SVM,last,0.5,0.2,42,2026-05-29 19:03:18,20260529-185745,log/stroke_prediction_v2/6/infgain/gaussian_noise__noImbl__minmax/sklearn_SVM,1780052279784_edb427c117800525984289235,0.9510763209393346,0.4755381604696673,0.5,0.4874623871614844,0.9045461682515002,0.9510763209393346,0.9272278675557002,0.9510763209393346,0.9510763209393346,0.9510763209393346,0.7806424994554282
6,infgain,minmax,mixup,noImbl,DTmodel,first,0.5,0.1,42,2026-05-29 19:03:28,20260529-185745,log/stroke_prediction_v2/6/infgain/minmax__mixup__noImbl/DTmodel,1780052279784_edb427c117800526082289643,0.9158512720156556,0.5802494802494803,0.5953086419753086,0.5868571965779824,0.9232925534295398,0.9158512720156554,0.9194586631937002,0.9158512720156556,0.9158512720156556,0.9158512720156556,0.8021729553374473
6,infgain,minmax,mixup,noImbl,DTmodel,first,0.5,0.2,42,2026-05-29 19:03:35,20260529-185745,log/stroke_prediction_v2/6/infgain/minmax__mixup__noImbl/DTmodel,1780052279784_edb427c117800526159446706,0.9060665362035224,0.5657563025210084,0.590164609053498,0.575051975051975,0.921500106892072,0.9060665362035226,0.913406105186927,0.9060665362035224,0.9060665362035224,0.9060665362035226,0.7934374283639021
6,infgain,minmax,mixup,noImbl,DTmodel,last,0.5,0.1,42,2026-05-29 19:03:44,20260529-185745,log/stroke_prediction_v2/6/infgain/mixup__noImbl__minmax/DTmodel,1780052279784_edb427c117800526243673642,0.9275929549902152,0.5610209601081811,0.5445679012345679,0.5508706083568901,0.9167887277726396,0.9275929549902152,0.9219582190362982,0.9275929549902152,0.9275929549902152,0.9275929549902152,0.794199265016603
6,infgain,minmax,mixup,noImbl,DTmodel,last,0.5,0.2,42,2026-05-29 19:03:52,20260529-185745,log/stroke_prediction_v2/6/infgain/mixup__noImbl__minmax/DTmodel,1780052279784_edb427c117800526320055355,0.9080234833659492,0.568319151559995,0.5911934156378601,0.5772920076737595,0.9218263681797352,0.9080234833659492,0.9146088446076076,0.9080234833659492,0.9080234833659492,0.9080234833659492,0.7951284147263437
6,infgain,minmax,mixup,noImbl,GradientBoosting,first,0.5,0.1,42,2026-05-29 19:03:28,20260529-185745,log/stroke_prediction_v2/6/infgain/minmax__mixup__noImbl/GradientBoosting,1780052279784_edb427c117800526088735504,0.9530332681017613,0.8106955380577427,0.5389711934156378,0.5593561368209254,0.9406315648900052,0.9530332681017613,0.93510180456516,0.9530332681017613,0.9530332681017613,0.9530332681017613,0.8344118280849556
6,infgain,minmax,mixup,noImbl,GradientBoosting,first,0.5,0.2,42,2026-05-29 19:03:36,20260529-185745,log/stroke_prediction_v2/6/infgain/minmax__mixup__noImbl/GradientBoosting,1780052279784_edb427c117800526165651715,0.9510763209393346,0.7259803921568627,0.509485596707819,0.5066805684275564,0.929849199953954,0.9510763209393348,0.9290856032892674,0.9510763209393346,0.9510763209393346,0.9510763209393346,0.8123269730151209
6,infgain,minmax,mixup,noImbl,GradientBoosting,last,0.5,0.1,42,2026-05-29 19:03:45,20260529-185745,log/stroke_prediction_v2/6/infgain/mixup__noImbl__minmax/GradientBoosting,1780052279784_edb427c117800526250091741,0.949119373776908,0.4754901960784314,0.4989711934156378,0.4869477911646586,0.9044549326579948,0.949119373776908,0.926249027420838,0.949119373776908,0.949119373776908,0.949119373776908,0.7795189045137939
6,infgain,minmax,mixup,noImbl,GradientBoosting,last,0.5,0.2,42,2026-05-29 19:03:52,20260529-185745,log/stroke_prediction_v2/6/infgain/mixup__noImbl__minmax/GradientBoosting,1780052279784_edb427c117800526326268140,0.9481409001956947,0.6434682461335965,0.5269135802469136,0.5374973316825342,0.9232572770551648,0.9481409001956947,0.9306576330004304,0.9481409001956947,0.9481409001956947,0.9481409001956947,0.80884351512429
6,infgain,minmax,mixup,noImbl,LogisticRegression,first,0.5,0.1,42,2026-05-29 19:03:28,20260529-185745,log/stroke_prediction_v2/6/infgain/minmax__mixup__noImbl/LogisticRegression,1780052279784_edb427c117800526083142921,0.9510763209393346,0.4755381604696673,0.5,0.4874623871614844,0.9045461682515002,0.9510763209393346,0.9272278675557002,0.9510763209393346,0.9510763209393346,0.9510763209393346,0.7806424994554282
6,infgain,minmax,mixup,noImbl,LogisticRegression,first,0.5,0.2,42,2026-05-29 19:03:36,20260529-185745,log/stroke_prediction_v2/6/infgain/minmax__mixup__noImbl/LogisticRegression,1780052279784_edb427c117800526160322324,0.9510763209393346,0.4755381604696673,0.5,0.4874623871614844,0.9045461682515002,0.9510763209393346,0.9272278675557002,0.9510763209393346,0.9510763209393346,0.9510763209393346,0.7806424994554282
6,infgain,minmax,mixup,noImbl,LogisticRegression,last,0.5,0.1,42,2026-05-29 19:03:44,20260529-185745,log/stroke_prediction_v2/6/infgain/mixup__noImbl__minmax/LogisticRegression,1780052279784_edb427c117800526244543852,0.9510763209393346,0.4755381604696673,0.5,0.4874623871614844,0.9045461682515002,0.9510763209393346,0.9272278675557002,0.9510763209393346,0.9510763209393346,0.9510763209393346,0.7806424994554282
6,infgain,minmax,mixup,noImbl,LogisticRegression,last,0.5,0.2,42,2026-05-29 19:03:52,20260529-185745,log/stroke_prediction_v2/6/infgain/mixup__noImbl__minmax/LogisticRegression,1780052279784_edb427c117800526320962264,0.9510763209393346,0.4755381604696673,0.5,0.4874623871614844,0.9045461682515002,0.9510763209393346,0.9272278675557002,0.9510763209393346,0.9510763209393346,0.9510763209393346,0.7806424994554282
6,infgain,minmax,mixup,noImbl,XGBmodel,first,0.5,0.1,42,2026-05-29 19:03:28,20260529-185745,log/stroke_prediction_v2/6/infgain/minmax__mixup__noImbl/XGBmodel,1780052279784_edb427c117800526081318632,0.9530332681017613,0.8106955380577427,0.5389711934156378,0.5593561368209254,0.9406315648900052,0.9530332681017613,0.93510180456516,0.9530332681017613,0.9530332681017613,0.9530332681017613,0.8344118280849556
6,infgain,minmax,mixup,noImbl,XGBmodel,first,0.5,0.2,42,2026-05-29 19:03:35,20260529-185745,log/stroke_prediction_v2/6/infgain/minmax__mixup__noImbl/XGBmodel,1780052279784_edb427c117800526158521904,0.9510763209393346,0.4755381604696673,0.5,0.4874623871614844,0.9045461682515002,0.9510763209393346,0.9272278675557002,0.9510763209393346,0.9510763209393346,0.9510763209393346,0.7806424994554282
6,infgain,minmax,mixup,noImbl,XGBmodel,last,0.5,0.1,42,2026-05-29 19:03:44,20260529-185745,log/stroke_prediction_v2/6/infgain/mixup__noImbl__minmax/XGBmodel,1780052279784_edb427c117800526242744848,0.9530332681017613,0.8106955380577427,0.5389711934156378,0.5593561368209254,0.9406315648900052,0.9530332681017613,0.93510180456516,0.9530332681017613,0.9530332681017613,0.9530332681017613,0.8344118280849556
6,infgain,minmax,mixup,noImbl,XGBmodel,last,0.5,0.2,42,2026-05-29 19:03:51,20260529-185745,log/stroke_prediction_v2/6/infgain/mixup__noImbl__minmax/XGBmodel,1780052279784_edb427c117800526319119248,0.9510763209393346,0.7259803921568627,0.509485596707819,0.5066805684275564,0.929849199953954,0.9510763209393348,0.9290856032892674,0.9510763209393346,0.9510763209393346,0.9510763209393346,0.8123269730151209
6,infgain,minmax,mixup,noImbl,random_forest,first,0.5,0.1,42,2026-05-29 19:03:28,20260529-185745,log/stroke_prediction_v2/6/infgain/minmax__mixup__noImbl/random_forest,1780052279784_edb427c117800526080239363,0.949119373776908,0.6772727272727272,0.5369135802469136,0.5535618279569893,0.927415050702722,0.949119373776908,0.9326720745744168,0.949119373776908,0.949119373776908,0.949119373776908,0.8167429707127102
6,infgain,minmax,mixup,noImbl,random_forest,first,0.5,0.2,42,2026-05-29 19:03:35,20260529-185745,log/stroke_prediction_v2/6/infgain/minmax__mixup__noImbl/random_forest,1780052279784_edb427c117800526156349228,0.9510763209393346,0.7273175542406312,0.5379423868312758,0.5563774004236552,0.9323926863442143,0.9510763209393348,0.9338798949417636,0.9510763209393346,0.9510763209393346,0.9510763209393346,0.8237343854221587
6,infgain,minmax,mixup,noImbl,random_forest,last,0.5,0.1,42,2026-05-29 19:03:44,20260529-185745,log/stroke_prediction_v2/6/infgain/mixup__noImbl__minmax/random_forest,1780052279784_edb427c117800526241677498,0.9549902152641878,0.8533037475345169,0.5589711934156378,0.5918672083897627,0.9464994962887484,0.9549902152641876,0.9391695033464224,0.9549902152641878,0.9549902152641878,0.9549902152641878,0.8475290365899929
6,infgain,minmax,mixup,noImbl,random_forest,last,0.5,0.2,42,2026-05-29 19:03:51,20260529-185745,log/stroke_prediction_v2/6/infgain/mixup__noImbl__minmax/random_forest,1780052279784_edb427c117800526318012885,0.9500978473581212,0.6995173851047494,0.5374279835390947,0.5549502625624386,0.9296321123932046,0.9500978473581212,0.9332743260947538,0.9500978473581212,0.9500978473581212,0.9500978473581212,0.819930575345532
6,infgain,minmax,mixup,noImbl,sklearn_SVM,first,0.5,0.1,42,2026-05-29 19:03:27,20260529-185745,log/stroke_prediction_v2/6/infgain/minmax__mixup__noImbl/sklearn_SVM,1780052279784_edb427c117800526076130710,0.9510763209393346,0.4755381604696673,0.5,0.4874623871614844,0.9045461682515002,0.9510763209393346,0.9272278675557002,0.9510763209393346,0.9510763209393346,0.9510763209393346,0.7806424994554282
6,infgain,minmax,mixup,noImbl,sklearn_SVM,first,0.5,0.2,42,2026-05-29 19:03:35,20260529-185745,log/stroke_prediction_v2/6/infgain/minmax__mixup__noImbl/sklearn_SVM,1780052279784_edb427c117800526152363615,0.9510763209393346,0.4755381604696673,0.5,0.4874623871614844,0.9045461682515002,0.9510763209393346,0.9272278675557002,0.9510763209393346,0.9510763209393346,0.9510763209393346,0.7806424994554282
6,infgain,minmax,mixup,noImbl,sklearn_SVM,last,0.5,0.1,42,2026-05-29 19:03:43,20260529-185745,log/stroke_prediction_v2/6/infgain/mixup__noImbl__minmax/sklearn_SVM,1780052279784_edb427c117800526237396481,0.949119373776908,0.4754901960784314,0.4989711934156378,0.4869477911646586,0.9044549326579948,0.949119373776908,0.926249027420838,0.949119373776908,0.949119373776908,0.949119373776908,0.7795189045137939
6,infgain,minmax,mixup,noImbl,sklearn_SVM,last,0.5,0.2,42,2026-05-29 19:03:51,20260529-185745,log/stroke_prediction_v2/6/infgain/mixup__noImbl__minmax/sklearn_SVM,1780052279784_edb427c117800526313993622,0.9500978473581212,0.4755142017629775,0.499485596707819,0.4872052182639237,0.9045005951342742,0.9500978473581214,0.9267386930577962,0.9500978473581212,0.9500978473581212,0.9500978473581212,0.7800807650020133
6,infgain,minmax,noAug,noImbl,DTmodel,first,0.5,0.1,42,2026-05-29 19:03:57,20260529-185745,log/stroke_prediction_v2/6/infgain/minmax__noAug__noImbl/DTmodel,1780052279784_edb427c117800526377578591,0.923679060665362,0.5694366982710541,0.5614814814814814,0.5651063829787234,0.9191277669301032,0.923679060665362,0.9213607028354917,0.923679060665362,0.923679060665362,0.923679060665362,0.7974462818065408
6,infgain,minmax,noAug,noImbl,DTmodel,first,0.5,0.2,42,2026-05-29 19:04:02,20260529-185745,log/stroke_prediction_v2/6/infgain/minmax__noAug__noImbl/DTmodel,1780052279784_edb427c117800526427395565,0.9324853228962818,0.60785924824582,0.585082304526749,0.5947124917382683,0.9249198847158684,0.9324853228962818,0.928503006558942,0.9324853228962818,0.9324853228962818,0.9324853228962818,0.8132625976519379
6,infgain,minmax,noAug,noImbl,DTmodel,last,0.5,0.1,42,2026-05-29 19:04:08,20260529-185745,log/stroke_prediction_v2/6/infgain/noAug__noImbl__minmax/DTmodel,1780052279784_edb427c117800526484452293,0.923679060665362,0.5694366982710541,0.5614814814814814,0.5651063829787234,0.9191277669301032,0.923679060665362,0.9213607028354917,0.923679060665362,0.923679060665362,0.923679060665362,0.7974462818065408
6,infgain,minmax,noAug,noImbl,DTmodel,last,0.5,0.2,42,2026-05-29 19:04:13,20260529-185745,log/stroke_prediction_v2/6/infgain/noAug__noImbl__minmax/DTmodel,1780052279784_edb427c117800526534812343,0.9324853228962818,0.60785924824582,0.585082304526749,0.5947124917382683,0.9249198847158684,0.9324853228962818,0.928503006558942,0.9324853228962818,0.9324853228962818,0.9324853228962818,0.8132625976519379
6,infgain,minmax,noAug,noImbl,GradientBoosting,first,0.5,0.1,42,2026-05-29 19:03:58,20260529-185745,log/stroke_prediction_v2/6/infgain/minmax__noAug__noImbl/GradientBoosting,1780052279784_edb427c117800526381923863,0.949119373776908,0.6772727272727272,0.5369135802469136,0.5535618279569893,0.927415050702722,0.949119373776908,0.9326720745744168,0.949119373776908,0.949119373776908,0.949119373776908,0.8167429707127102
6,infgain,minmax,noAug,noImbl,GradientBoosting,first,0.5,0.2,42,2026-05-29 19:04:03,20260529-185745,log/stroke_prediction_v2/6/infgain/minmax__noAug__noImbl/GradientBoosting,1780052279784_edb427c117800526431475306,0.9481409001956947,0.4754661432777232,0.4984567901234568,0.4866901054746358,0.9044091805595832,0.9481409001956947,0.9257588699047868,0.9481409001956947,0.9481409001956947,0.9481409001956947,0.7789569177812675
6,infgain,minmax,noAug,noImbl,GradientBoosting,last,0.5,0.1,42,2026-05-29 19:04:08,20260529-185745,log/stroke_prediction_v2/6/infgain/noAug__noImbl__minmax/GradientBoosting,1780052279784_edb427c117800526488828664,0.949119373776908,0.6772727272727272,0.5369135802469136,0.5535618279569893,0.927415050702722,0.949119373776908,0.9326720745744168,0.949119373776908,0.949119373776908,0.949119373776908,0.8167429707127102
6,infgain,minmax,noAug,noImbl,GradientBoosting,last,0.5,0.2,42,2026-05-29 19:04:13,20260529-185745,log/stroke_prediction_v2/6/infgain/noAug__noImbl__minmax/GradientBoosting,1780052279784_edb427c117800526539036533,0.9481409001956947,0.4754661432777232,0.4984567901234568,0.4866901054746358,0.9044091805595832,0.9481409001956947,0.9257588699047868,0.9481409001956947,0.9481409001956947,0.9481409001956947,0.7789569177812675
6,infgain,minmax,noAug,noImbl,LogisticRegression,first,0.5,0.1,42,2026-05-29 19:03:57,20260529-185745,log/stroke_prediction_v2/6/infgain/minmax__noAug__noImbl/LogisticRegression,1780052279784_edb427c117800526378452750,0.9510763209393346,0.4755381604696673,0.5,0.4874623871614844,0.9045461682515002,0.9510763209393346,0.9272278675557002,0.9510763209393346,0.9510763209393346,0.9510763209393346,0.7806424994554282
6,infgain,minmax,noAug,noImbl,LogisticRegression,first,0.5,0.2,42,2026-05-29 19:04:02,20260529-185745,log/stroke_prediction_v2/6/infgain/minmax__noAug__noImbl/LogisticRegression,1780052279784_edb427c117800526428284601,0.9510763209393346,0.4755381604696673,0.5,0.4874623871614844,0.9045461682515002,0.9510763209393346,0.9272278675557002,0.9510763209393346,0.9510763209393346,0.9510763209393346,0.7806424994554282
6,infgain,minmax,noAug,noImbl,LogisticRegression,last,0.5,0.1,42,2026-05-29 19:04:08,20260529-185745,log/stroke_prediction_v2/6/infgain/noAug__noImbl__minmax/LogisticRegression,1780052279784_edb427c117800526485367762,0.9510763209393346,0.4755381604696673,0.5,0.4874623871614844,0.9045461682515002,0.9510763209393346,0.9272278675557002,0.9510763209393346,0.9510763209393346,0.9510763209393346,0.7806424994554282
6,infgain,minmax,noAug,noImbl,LogisticRegression,last,0.5,0.2,42,2026-05-29 19:04:13,20260529-185745,log/stroke_prediction_v2/6/infgain/noAug__noImbl__minmax/LogisticRegression,1780052279784_edb427c117800526535740643,0.9510763209393346,0.4755381604696673,0.5,0.4874623871614844,0.9045461682515002,0.9510763209393346,0.9272278675557002,0.9510763209393346,0.9510763209393346,0.9510763209393346,0.7806424994554282
6,infgain,minmax,noAug,noImbl,XGBmodel,first,0.5,0.1,42,2026-05-29 19:03:57,20260529-185745,log/stroke_prediction_v2/6/infgain/minmax__noAug__noImbl/XGBmodel,1780052279784_edb427c117800526376670532,0.9530332681017613,0.8106955380577427,0.5389711934156378,0.5593561368209254,0.9406315648900052,0.9530332681017613,0.93510180456516,0.9530332681017613,0.9530332681017613,0.9530332681017613,0.8344118280849556
6,infgain,minmax,noAug,noImbl,XGBmodel,first,0.5,0.2,42,2026-05-29 19:04:02,20260529-185745,log/stroke_prediction_v2/6/infgain/minmax__noAug__noImbl/XGBmodel,1780052279784_edb427c117800526426493351,0.949119373776908,0.4754901960784314,0.4989711934156378,0.4869477911646586,0.9044549326579948,0.949119373776908,0.926249027420838,0.949119373776908,0.949119373776908,0.949119373776908,0.7795189045137939
6,infgain,minmax,noAug,noImbl,XGBmodel,last,0.5,0.1,42,2026-05-29 19:04:08,20260529-185745,log/stroke_prediction_v2/6/infgain/noAug__noImbl__minmax/XGBmodel,1780052279784_edb427c117800526483527537,0.9530332681017613,0.8106955380577427,0.5389711934156378,0.5593561368209254,0.9406315648900052,0.9530332681017613,0.93510180456516,0.9530332681017613,0.9530332681017613,0.9530332681017613,0.8344118280849556
6,infgain,minmax,noAug,noImbl,XGBmodel,last,0.5,0.2,42,2026-05-29 19:04:13,20260529-185745,log/stroke_prediction_v2/6/infgain/noAug__noImbl__minmax/XGBmodel,1780052279784_edb427c117800526533870317,0.949119373776908,0.4754901960784314,0.4989711934156378,0.4869477911646586,0.9044549326579948,0.949119373776908,0.926249027420838,0.949119373776908,0.949119373776908,0.949119373776908,0.7795189045137939
6,infgain,minmax,noAug,noImbl,random_forest,first,0.5,0.1,42,2026-05-29 19:03:57,20260529-185745,log/stroke_prediction_v2/6/infgain/minmax__noAug__noImbl/random_forest,1780052279784_edb427c117800526375596254,0.9530332681017613,0.8106955380577427,0.5389711934156378,0.5593561368209254,0.9406315648900052,0.9530332681017613,0.93510180456516,0.9530332681017613,0.9530332681017613,0.9530332681017613,0.8344118280849556
6,infgain,minmax,noAug,noImbl,random_forest,first,0.5,0.2,42,2026-05-29 19:04:02,20260529-185745,log/stroke_prediction_v2/6/infgain/minmax__noAug__noImbl/random_forest,1780052279784_edb427c117800526425360814,0.952054794520548,0.7630541871921181,0.5384567901234568,0.5578452926478248,0.9359297427048288,0.952054794520548,0.9344889825200016,0.952054794520548,0.952054794520548,0.952054794520548,0.8284161310854333
6,infgain,minmax,noAug,noImbl,random_forest,last,0.5,0.1,42,2026-05-29 19:04:08,20260529-185745,log/stroke_prediction_v2/6/infgain/noAug__noImbl__minmax/random_forest,1780052279784_edb427c117800526482425257,0.9530332681017613,0.8106955380577427,0.5389711934156378,0.5593561368209254,0.9406315648900052,0.9530332681017613,0.93510180456516,0.9530332681017613,0.9530332681017613,0.9530332681017613,0.8344118280849556
6,infgain,minmax,noAug,noImbl,random_forest,last,0.5,0.2,42,2026-05-29 19:04:13,20260529-185745,log/stroke_prediction_v2/6/infgain/noAug__noImbl__minmax/random_forest,1780052279784_edb427c117800526532703957,0.952054794520548,0.7630541871921181,0.5384567901234568,0.5578452926478248,0.9359297427048288,0.952054794520548,0.9344889825200016,0.952054794520548,0.952054794520548,0.952054794520548,0.8284161310854333
6,infgain,minmax,noAug,noImbl,sklearn_SVM,first,0.5,0.1,42,2026-05-29 19:03:57,20260529-185745,log/stroke_prediction_v2/6/infgain/minmax__noAug__noImbl/sklearn_SVM,1780052279784_edb427c117800526372860902,0.9510763209393346,0.4755381604696673,0.5,0.4874623871614844,0.9045461682515002,0.9510763209393346,0.9272278675557002,0.9510763209393346,0.9510763209393346,0.9510763209393346,0.7806424994554282
6,infgain,minmax,noAug,noImbl,sklearn_SVM,first,0.5,0.2,42,2026-05-29 19:04:02,20260529-185745,log/stroke_prediction_v2/6/infgain/minmax__noAug__noImbl/sklearn_SVM,1780052279784_edb427c117800526422682010,0.9510763209393346,0.4755381604696673,0.5,0.4874623871614844,0.9045461682515002,0.9510763209393346,0.9272278675557002,0.9510763209393346,0.9510763209393346,0.9510763209393346,0.7806424994554282
6,infgain,minmax,noAug,noImbl,sklearn_SVM,last,0.5,0.1,42,2026-05-29 19:04:07,20260529-185745,log/stroke_prediction_v2/6/infgain/noAug__noImbl__minmax/sklearn_SVM,1780052279784_edb427c117800526479746092,0.9510763209393346,0.4755381604696673,0.5,0.4874623871614844,0.9045461682515002,0.9510763209393346,0.9272278675557002,0.9510763209393346,0.9510763209393346,0.9510763209393346,0.7806424994554282
6,infgain,minmax,noAug,noImbl,sklearn_SVM,last,0.5,0.2,42,2026-05-29 19:04:13,20260529-185745,log/stroke_prediction_v2/6/infgain/noAug__noImbl__minmax/sklearn_SVM,1780052279784_edb427c117800526530001702,0.9500978473581212,0.4755142017629775,0.499485596707819,0.4872052182639237,0.9045005951342742,0.9500978473581214,0.9267386930577962,0.9500978473581212,0.9500978473581212,0.9500978473581212,0.7800807650020133
6,infgain,standard,gaussian_noise,noImbl,DTmodel,first,0.5,0.1,42,2026-05-29 19:04:34,20260529-185745,log/stroke_prediction_v2/6/infgain/standard__gaussian_noise__noImbl/DTmodel,1780052279784_edb427c117800526742019648,0.9158512720156556,0.5552735923869945,0.5573662551440329,0.5562892510248179,0.9174224165892012,0.9158512720156556,0.916632928583027,0.9158512720156556,0.9158512720156556,0.9158512720156556,0.7902850621594616
6,infgain,standard,gaussian_noise,noImbl,DTmodel,first,0.5,0.2,42,2026-05-29 19:04:52,20260529-185745,log/stroke_prediction_v2/6/infgain/standard__gaussian_noise__noImbl/DTmodel,1780052279784_edb427c117800526929476579,0.9148727984344422,0.5537998714878205,0.5568518518518518,0.5552587746282318,0.9172379049428262,0.914872798434442,0.9160467288712416,0.9148727984344422,0.9148727984344422,0.9148727984344422,0.7894339077269475
6,infgain,standard,gaussian_noise,noImbl,DTmodel,last,0.5,0.1,42,2026-05-29 19:05:14,20260529-185745,log/stroke_prediction_v2/6/infgain/gaussian_noise__noImbl__standard/DTmodel,1780052279784_edb427c117800527143091070,0.9080234833659492,0.5307971014492754,0.5342798353909465,0.5323519675993535,0.9129978971934216,0.9080234833659492,0.9104842138185688,0.9080234833659492,0.9080234833659492,0.9080234833659492,0.7774423039624322
6,infgain,standard,gaussian_noise,noImbl,DTmodel,last,0.5,0.2,42,2026-05-29 19:05:32,20260529-185745,log/stroke_prediction_v2/6/infgain/gaussian_noise__noImbl__standard/DTmodel,1780052279784_edb427c117800527325664197,0.923679060665362,0.5899382716049383,0.5899382716049383,0.5899382716049383,0.923679060665362,0.923679060665362,0.923679060665362,0.923679060665362,0.923679060665362,0.923679060665362,0.8068697844942135
6,infgain,standard,gaussian_noise,noImbl,GradientBoosting,first,0.5,0.1,42,2026-05-29 19:04:35,20260529-185745,log/stroke_prediction_v2/6/infgain/standard__gaussian_noise__noImbl/GradientBoosting,1780052279784_edb427c117800526753830355,0.949119373776908,0.6430446194225722,0.5179423868312758,0.5226358148893361,0.9224514743876192,0.949119373776908,0.9296936216122568,0.949119373776908,0.949119373776908,0.949119373776908,0.8058410130501487
6,infgain,standard,gaussian_noise,noImbl,GradientBoosting,first,0.5,0.2,42,2026-05-29 19:04:54,20260529-185745,log/stroke_prediction_v2/6/infgain/standard__gaussian_noise__noImbl/GradientBoosting,1780052279784_edb427c117800526941126855,0.9481409001956947,0.4754661432777232,0.4984567901234568,0.4866901054746358,0.9044091805595832,0.9481409001956947,0.9257588699047868,0.9481409001956947,0.9481409001956947,0.9481409001956947,0.7789569177812675
6,infgain,standard,gaussian_noise,noImbl,GradientBoosting,last,0.5,0.1,42,2026-05-29 19:05:15,20260529-185745,log/stroke_prediction_v2/6/infgain/gaussian_noise__noImbl__standard/GradientBoosting,1780052279784_edb427c117800527154542070,0.943248532289628,0.47534516765286,0.4958847736625514,0.48539778449144,0.9041790664551466,0.943248532289628,0.9233006781324457,0.943248532289628,0.943248532289628,0.943248532289628,0.7761450830864897
6,infgain,standard,gaussian_noise,noImbl,GradientBoosting,last,0.5,0.2,42,2026-05-29 19:05:33,20260529-185745,log/stroke_prediction_v2/6/infgain/gaussian_noise__noImbl__standard/GradientBoosting,1780052279784_edb427c117800527336525467,0.949119373776908,0.4754901960784314,0.4989711934156378,0.4869477911646586,0.9044549326579948,0.949119373776908,0.926249027420838,0.949119373776908,0.949119373776908,0.949119373776908,0.7795189045137939
6,infgain,standard,gaussian_noise,noImbl,LogisticRegression,first,0.5,0.1,42,2026-05-29 19:04:34,20260529-185745,log/stroke_prediction_v2/6/infgain/standard__gaussian_noise__noImbl/LogisticRegression,1780052279784_edb427c117800526743885566,0.9510763209393346,0.4755381604696673,0.5,0.4874623871614844,0.9045461682515002,0.9510763209393346,0.9272278675557002,0.9510763209393346,0.9510763209393346,0.9510763209393346,0.7806424994554282
6,infgain,standard,gaussian_noise,noImbl,LogisticRegression,first,0.5,0.2,42,2026-05-29 19:04:53,20260529-185745,log/stroke_prediction_v2/6/infgain/standard__gaussian_noise__noImbl/LogisticRegression,1780052279784_edb427c117800526931278243,0.9510763209393346,0.4755381604696673,0.5,0.4874623871614844,0.9045461682515002,0.9510763209393346,0.9272278675557002,0.9510763209393346,0.9510763209393346,0.9510763209393346,0.7806424994554282
6,infgain,standard,gaussian_noise,noImbl,LogisticRegression,last,0.5,0.1,42,2026-05-29 19:05:14,20260529-185745,log/stroke_prediction_v2/6/infgain/gaussian_noise__noImbl__standard/LogisticRegression,1780052279784_edb427c117800527145053583,0.9510763209393346,0.4755381604696673,0.5,0.4874623871614844,0.9045461682515002,0.9510763209393346,0.9272278675557002,0.9510763209393346,0.9510763209393346,0.9510763209393346,0.7806424994554282
6,infgain,standard,gaussian_noise,noImbl,LogisticRegression,last,0.5,0.2,42,2026-05-29 19:05:32,20260529-185745,log/stroke_prediction_v2/6/infgain/gaussian_noise__noImbl__standard/LogisticRegression,1780052279784_edb427c117800527327464265,0.9510763209393346,0.4755381604696673,0.5,0.4874623871614844,0.9045461682515002,0.9510763209393346,0.9272278675557002,0.9510763209393346,0.9510763209393346,0.9510763209393346,0.7806424994554282
6,infgain,standard,gaussian_noise,noImbl,XGBmodel,first,0.5,0.1,42,2026-05-29 19:04:34,20260529-185745,log/stroke_prediction_v2/6/infgain/standard__gaussian_noise__noImbl/XGBmodel,1780052279784_edb427c117800526740929281,0.9510763209393346,0.4755381604696673,0.5,0.4874623871614844,0.9045461682515002,0.9510763209393346,0.9272278675557002,0.9510763209393346,0.9510763209393346,0.9510763209393346,0.7806424994554282
6,infgain,standard,gaussian_noise,noImbl,XGBmodel,first,0.5,0.2,42,2026-05-29 19:04:52,20260529-185745,log/stroke_prediction_v2/6/infgain/standard__gaussian_noise__noImbl/XGBmodel,1780052279784_edb427c117800526928384753,0.9510763209393346,0.4755381604696673,0.5,0.4874623871614844,0.9045461682515002,0.9510763209393346,0.9272278675557002,0.9510763209393346,0.9510763209393346,0.9510763209393346,0.7806424994554282
6,infgain,standard,gaussian_noise,noImbl,XGBmodel,last,0.5,0.1,42,2026-05-29 19:05:14,20260529-185745,log/stroke_prediction_v2/6/infgain/gaussian_noise__noImbl__standard/XGBmodel,1780052279784_edb427c117800527141991830,0.949119373776908,0.4754901960784314,0.4989711934156378,0.4869477911646586,0.9044549326579948,0.949119373776908,0.926249027420838,0.949119373776908,0.949119373776908,0.949119373776908,0.7795189045137939
6,infgain,standard,gaussian_noise,noImbl,XGBmodel,last,0.5,0.2,42,2026-05-29 19:05:32,20260529-185745,log/stroke_prediction_v2/6/infgain/gaussian_noise__noImbl__standard/XGBmodel,1780052279784_edb427c117800527324553836,0.9510763209393346,0.4755381604696673,0.5,0.4874623871614844,0.9045461682515002,0.9510763209393346,0.9272278675557002,0.9510763209393346,0.9510763209393346,0.9510763209393346,0.7806424994554282
6,infgain,standard,gaussian_noise,noImbl,random_forest,first,0.5,0.1,42,2026-05-29 19:04:33,20260529-185745,log/stroke_prediction_v2/6/infgain/standard__gaussian_noise__noImbl/random_forest,1780052279784_edb427c117800526739816644,0.9412915851272016,0.5882027445772466,0.5327983539094651,0.5436413431769469,0.9183730396959672,0.9412915851272016,0.9279532122315955,0.9412915851272016,0.9412915851272016,0.9412915851272016,0.8011932311804297
6,infgain,standard,gaussian_noise,noImbl,random_forest,first,0.5,0.2,42,2026-05-29 19:04:52,20260529-185745,log/stroke_prediction_v2/6/infgain/standard__gaussian_noise__noImbl/random_forest,1780052279784_edb427c117800526927265099,0.943248532289628,0.5838293650793651,0.5243415637860082,0.5322285353535354,0.9172141459323456,0.943248532289628,0.9278031044298168,0.943248532289628,0.943248532289628,0.943248532289628,0.798842666363126
6,infgain,standard,gaussian_noise,noImbl,random_forest,last,0.5,0.1,42,2026-05-29 19:05:14,20260529-185745,log/stroke_prediction_v2/6/infgain/gaussian_noise__noImbl__standard/random_forest,1780052279784_edb427c117800527140876477,0.9452054794520548,0.6200396825396826,0.5348559670781893,0.5483585858585859,0.9216522225328488,0.9452054794520548,0.9302926525529264,0.9452054794520548,0.9452054794520548,0.9452054794520548,0.8075346647576206
6,infgain,standard,gaussian_noise,noImbl,random_forest,last,0.5,0.2,42,2026-05-29 19:05:32,20260529-185745,log/stroke_prediction_v2/6/infgain/gaussian_noise__noImbl__standard/random_forest,1780052279784_edb427c117800527323420928,0.943248532289628,0.5595709570957095,0.5148559670781893,0.5176263793496305,0.9140306007117346,0.943248532289628,0.9264009887357532,0.943248532289628,0.943248532289628,0.943248532289628,0.792749270617222
6,infgain,standard,gaussian_noise,noImbl,sklearn_SVM,first,0.5,0.1,42,2026-05-29 19:04:33,20260529-185745,log/stroke_prediction_v2/6/infgain/standard__gaussian_noise__noImbl/sklearn_SVM,1780052279784_edb427c117800526731544718,0.949119373776908,0.4754901960784314,0.4989711934156378,0.4869477911646586,0.9044549326579948,0.949119373776908,0.926249027420838,0.949119373776908,0.949119373776908,0.949119373776908,0.7795189045137939
6,infgain,standard,gaussian_noise,noImbl,sklearn_SVM,first,0.5,0.2,42,2026-05-29 19:04:51,20260529-185745,log/stroke_prediction_v2/6/infgain/standard__gaussian_noise__noImbl/sklearn_SVM,1780052279784_edb427c117800526919214930,0.9500978473581212,0.4755142017629775,0.499485596707819,0.4872052182639237,0.9045005951342742,0.9500978473581214,0.9267386930577962,0.9500978473581212,0.9500978473581212,0.9500978473581212,0.7800807650020133
6,infgain,standard,gaussian_noise,noImbl,sklearn_SVM,last,0.5,0.1,42,2026-05-29 19:05:13,20260529-185745,log/stroke_prediction_v2/6/infgain/gaussian_noise__noImbl__standard/sklearn_SVM,1780052279784_edb427c117800527132652982,0.949119373776908,0.4754901960784314,0.4989711934156378,0.4869477911646586,0.9044549326579948,0.949119373776908,0.926249027420838,0.949119373776908,0.949119373776908,0.949119373776908,0.7795189045137939
6,infgain,standard,gaussian_noise,noImbl,sklearn_SVM,last,0.5,0.2,42,2026-05-29 19:05:31,20260529-185745,log/stroke_prediction_v2/6/infgain/gaussian_noise__noImbl__standard/sklearn_SVM,1780052279784_edb427c117800527315812081,0.9500978473581212,0.4755142017629775,0.499485596707819,0.4872052182639237,0.9045005951342742,0.9500978473581214,0.9267386930577962,0.9500978473581212,0.9500978473581212,0.9500978473581212,0.7800807650020133
6,infgain,standard,mixup,noImbl,DTmodel,first,0.5,0.1,42,2026-05-29 19:05:42,20260529-185745,log/stroke_prediction_v2/6/infgain/standard__mixup__noImbl/DTmodel,1780052279784_edb427c117800527427915220,0.9158512720156556,0.5552735923869945,0.5573662551440329,0.5562892510248179,0.9174224165892012,0.9158512720156556,0.916632928583027,0.9158512720156556,0.9158512720156556,0.9158512720156556,0.7902850621594616
6,infgain,standard,mixup,noImbl,DTmodel,first,0.5,0.2,42,2026-05-29 19:05:51,20260529-185745,log/stroke_prediction_v2/6/infgain/standard__mixup__noImbl/DTmodel,1780052279784_edb427c117800527517247701,0.9119373776908024,0.5426040710131619,0.5458230452674897,0.5441118160190325,0.9151700543356832,0.9119373776908024,0.9135401034497208,0.9119373776908024,0.9119373776908024,0.9119373776908022,0.7837824560582672
6,infgain,standard,mixup,noImbl,DTmodel,last,0.5,0.1,42,2026-05-29 19:06:01,20260529-185745,log/stroke_prediction_v2/6/infgain/mixup__noImbl__standard/DTmodel,1780052279784_edb427c117800527618344117,0.9099804305283756,0.5328282828282829,0.5353086419753086,0.533980967486122,0.9132815434185296,0.9099804305283756,0.91161877241527,0.9099804305283756,0.9099804305283756,0.9099804305283756,0.778973980018771
6,infgain,standard,mixup,noImbl,DTmodel,last,0.5,0.2,42,2026-05-29 19:06:10,20260529-185745,log/stroke_prediction_v2/6/infgain/mixup__noImbl__standard/DTmodel,1780052279784_edb427c117800527709390432,0.9148727984344422,0.510879635128394,0.5094238683127572,0.509961806187067,0.90883016564995,0.9148727984344422,0.9118218006457108,0.9148727984344422,0.9148727984344422,0.9148727984344422,0.7721300273078036
6,infgain,standard,mixup,noImbl,GradientBoosting,first,0.5,0.1,42,2026-05-29 19:05:43,20260529-185745,log/stroke_prediction_v2/6/infgain/standard__mixup__noImbl/GradientBoosting,1780052279784_edb427c117800527436306705,0.949119373776908,0.4754901960784314,0.4989711934156378,0.4869477911646586,0.9044549326579948,0.949119373776908,0.926249027420838,0.949119373776908,0.949119373776908,0.949119373776908,0.7795189045137939
6,infgain,standard,mixup,noImbl,GradientBoosting,first,0.5,0.2,42,2026-05-29 19:05:52,20260529-185745,log/stroke_prediction_v2/6/infgain/standard__mixup__noImbl/GradientBoosting,1780052279784_edb427c117800527524205224,0.9481409001956947,0.5759095378564405,0.5079423868312758,0.5048585401526577,0.915037320541018,0.9481409001956947,0.9275124553126164,0.9481409001956947,0.9481409001956947,0.9481409001956947,0.7940009339209423
6,infgain,standard,mixup,noImbl,GradientBoosting,last,0.5,0.1,42,2026-05-29 19:06:02,20260529-185745,log/stroke_prediction_v2/6/infgain/mixup__noImbl__standard/GradientBoosting,1780052279784_edb427c117800527625515836,0.949119373776908,0.6430446194225722,0.5179423868312758,0.5226358148893361,0.9224514743876192,0.949119373776908,0.9296936216122568,0.949119373776908,0.949119373776908,0.949119373776908,0.8058410130501487
6,infgain,standard,mixup,noImbl,GradientBoosting,last,0.5,0.2,42,2026-05-29 19:06:11,20260529-185745,log/stroke_prediction_v2/6/infgain/mixup__noImbl__standard/GradientBoosting,1780052279784_edb427c117800527716943136,0.9500978473581212,0.6426234870788354,0.5089711934156378,0.5060602901737061,0.9216504163874,0.9500978473581212,0.9285604219838514,0.9500978473581212,0.9500978473581212,0.9500978473581212,0.8025567554550692
6,infgain,standard,mixup,noImbl,LogisticRegression,first,0.5,0.1,42,2026-05-29 19:05:43,20260529-185745,log/stroke_prediction_v2/6/infgain/standard__mixup__noImbl/LogisticRegression,1780052279784_edb427c117800527430520494,0.9510763209393346,0.4755381604696673,0.5,0.4874623871614844,0.9045461682515002,0.9510763209393346,0.9272278675557002,0.9510763209393346,0.9510763209393346,0.9510763209393346,0.7806424994554282
6,infgain,standard,mixup,noImbl,LogisticRegression,first,0.5,0.2,42,2026-05-29 19:05:51,20260529-185745,log/stroke_prediction_v2/6/infgain/standard__mixup__noImbl/LogisticRegression,1780052279784_edb427c117800527518698340,0.9500978473581212,0.4755142017629775,0.499485596707819,0.4872052182639237,0.9045005951342742,0.9500978473581214,0.9267386930577962,0.9500978473581212,0.9500978473581212,0.9500978473581212,0.7800807650020133
6,infgain,standard,mixup,noImbl,LogisticRegression,last,0.5,0.1,42,2026-05-29 19:06:01,20260529-185745,log/stroke_prediction_v2/6/infgain/mixup__noImbl__standard/LogisticRegression,1780052279784_edb427c117800527619877141,0.949119373776908,0.4754901960784314,0.4989711934156378,0.4869477911646586,0.9044549326579948,0.949119373776908,0.926249027420838,0.949119373776908,0.949119373776908,0.949119373776908,0.7795189045137939
6,infgain,standard,mixup,noImbl,LogisticRegression,last,0.5,0.2,42,2026-05-29 19:06:11,20260529-185745,log/stroke_prediction_v2/6/infgain/mixup__noImbl__standard/LogisticRegression,1780052279784_edb427c117800527710917406,0.9510763209393346,0.4755381604696673,0.5,0.4874623871614844,0.9045461682515002,0.9510763209393346,0.9272278675557002,0.9510763209393346,0.9510763209393346,0.9510763209393346,0.7806424994554282
6,infgain,standard,mixup,noImbl,XGBmodel,first,0.5,0.1,42,2026-05-29 19:05:42,20260529-185745,log/stroke_prediction_v2/6/infgain/standard__mixup__noImbl/XGBmodel,1780052279784_edb427c117800527426921364,0.9530332681017613,0.976470588235294,0.52,0.5264133456904542,0.9552434672499136,0.9530332681017613,0.9319221791576966,0.9530332681017613,0.9530332681017613,0.9530332681017613,0.8451350415164477
6,infgain,standard,mixup,noImbl,XGBmodel,first,0.5,0.2,42,2026-05-29 19:05:51,20260529-185745,log/stroke_prediction_v2/6/infgain/standard__mixup__noImbl/XGBmodel,1780052279784_edb427c117800527516249455,0.9481409001956947,0.5759095378564405,0.5079423868312758,0.5048585401526577,0.915037320541018,0.9481409001956947,0.9275124553126164,0.9481409001956947,0.9481409001956947,0.9481409001956947,0.7940009339209423
6,infgain,standard,mixup,noImbl,XGBmodel,last,0.5,0.1,42,2026-05-29 19:06:01,20260529-185745,log/stroke_prediction_v2/6/infgain/mixup__noImbl__standard/XGBmodel,1780052279784_edb427c117800527617354189,0.9530332681017613,0.976470588235294,0.52,0.5264133456904542,0.9552434672499136,0.9530332681017613,0.9319221791576966,0.9530332681017613,0.9530332681017613,0.9530332681017613,0.8451350415164477
6,infgain,standard,mixup,noImbl,XGBmodel,last,0.5,0.2,42,2026-05-29 19:06:10,20260529-185745,log/stroke_prediction_v2/6/infgain/mixup__noImbl__standard/XGBmodel,1780052279784_edb427c117800527708418518,0.9510763209393346,0.4755381604696673,0.5,0.4874623871614844,0.9045461682515002,0.9510763209393346,0.9272278675557002,0.9510763209393346,0.9510763209393346,0.9510763209393346,0.7806424994554282
6,infgain,standard,mixup,noImbl,random_forest,first,0.5,0.1,42,2026-05-29 19:05:42,20260529-185745,log/stroke_prediction_v2/6/infgain/standard__mixup__noImbl/random_forest,1780052279784_edb427c117800527425804570,0.9452054794520548,0.6200396825396826,0.5348559670781893,0.5483585858585859,0.9216522225328488,0.9452054794520548,0.9302926525529264,0.9452054794520548,0.9452054794520548,0.9452054794520548,0.8075346647576206
6,infgain,standard,mixup,noImbl,random_forest,first,0.5,0.2,42,2026-05-29 19:05:51,20260529-185745,log/stroke_prediction_v2/6/infgain/standard__mixup__noImbl/random_forest,1780052279784_edb427c117800527515088045,0.9442270058708416,0.5671702185055301,0.5153703703703704,0.5184147218570968,0.9148165764563472,0.9442270058708416,0.9269463824821464,0.9442270058708416,0.9442270058708416,0.9442270058708416,0.7942306845324476
6,infgain,standard,mixup,noImbl,random_forest,last,0.5,0.1,42,2026-05-29 19:06:01,20260529-185745,log/stroke_prediction_v2/6/infgain/mixup__noImbl__standard/random_forest,1780052279784_edb427c117800527616196241,0.949119373776908,0.6430446194225722,0.5179423868312758,0.5226358148893361,0.9224514743876192,0.949119373776908,0.9296936216122568,0.949119373776908,0.949119373776908,0.949119373776908,0.8058410130501487
6,infgain,standard,mixup,noImbl,random_forest,last,0.5,0.2,42,2026-05-29 19:06:10,20260529-185745,log/stroke_prediction_v2/6/infgain/mixup__noImbl__standard/random_forest,1780052279784_edb427c117800527707253714,0.9500978473581212,0.6426234870788354,0.5089711934156378,0.5060602901737061,0.9216504163874,0.9500978473581212,0.9285604219838514,0.9500978473581212,0.9500978473581212,0.9500978473581212,0.8025567554550692
6,infgain,standard,mixup,noImbl,sklearn_SVM,first,0.5,0.1,42,2026-05-29 19:05:42,20260529-185745,log/stroke_prediction_v2/6/infgain/standard__mixup__noImbl/sklearn_SVM,1780052279784_edb427c117800527421304620,0.949119373776908,0.4754901960784314,0.4989711934156378,0.4869477911646586,0.9044549326579948,0.949119373776908,0.926249027420838,0.949119373776908,0.949119373776908,0.949119373776908,0.7795189045137939
6,infgain,standard,mixup,noImbl,sklearn_SVM,first,0.5,0.2,42,2026-05-29 19:05:51,20260529-185745,log/stroke_prediction_v2/6/infgain/standard__mixup__noImbl/sklearn_SVM,1780052279784_edb427c117800527510804255,0.9471624266144814,0.5592191601049868,0.5074279835390947,0.5042756539235412,0.9133614291364266,0.9471624266144814,0.9269895301358052,0.9471624266144814,0.9471624266144814,0.9471624266144814,0.7915556055327451
6,infgain,standard,mixup,noImbl,sklearn_SVM,last,0.5,0.1,42,2026-05-29 19:06:01,20260529-185745,log/stroke_prediction_v2/6/infgain/mixup__noImbl__standard/sklearn_SVM,1780052279784_edb427c117800527611884762,0.949119373776908,0.4754901960784314,0.4989711934156378,0.4869477911646586,0.9044549326579948,0.949119373776908,0.926249027420838,0.949119373776908,0.949119373776908,0.949119373776908,0.7795189045137939
6,infgain,standard,mixup,noImbl,sklearn_SVM,last,0.5,0.2,42,2026-05-29 19:06:10,20260529-185745,log/stroke_prediction_v2/6/infgain/mixup__noImbl__standard/sklearn_SVM,1780052279784_edb427c117800527703239152,0.9510763209393346,0.4755381604696673,0.5,0.4874623871614844,0.9045461682515002,0.9510763209393346,0.9272278675557002,0.9510763209393346,0.9510763209393346,0.9510763209393346,0.7806424994554282
6,infgain,standard,noAug,noImbl,DTmodel,first,0.5,0.1,42,2026-05-29 19:06:18,20260529-185745,log/stroke_prediction_v2/6/infgain/standard__noAug__noImbl/DTmodel,1780052279784_edb427c117800527781955522,0.9275929549902152,0.5786150712830957,0.5635390946502058,0.5699533720004548,0.9201836580962212,0.9275929549902152,0.92375562040878,0.9275929549902152,0.9275929549902152,0.9275929549902152,0.8013273132604234
6,infgain,standard,noAug,noImbl,DTmodel,first,0.5,0.2,42,2026-05-29 19:06:24,20260529-185745,log/stroke_prediction_v2/6/infgain/standard__noAug__noImbl/DTmodel,1780052279784_edb427c117800527840268374,0.9080234833659492,0.5512264784946237,0.5627366255144033,0.5560300207039337,0.9175592607789912,0.9080234833659492,0.9126651554010526,0.9080234833659492,0.9080234833659492,0.9080234833659492,0.7866659062409292
6,infgain,standard,noAug,noImbl,DTmodel,last,0.5,0.1,42,2026-05-29 19:06:30,20260529-185745,log/stroke_prediction_v2/6/infgain/noAug__noImbl__standard/DTmodel,1780052279784_edb427c117800527908687928,0.9275929549902152,0.5786150712830957,0.5635390946502058,0.5699533720004548,0.9201836580962212,0.9275929549902152,0.92375562040878,0.9275929549902152,0.9275929549902152,0.9275929549902152,0.8013273132604234
6,infgain,standard,noAug,noImbl,DTmodel,last,0.5,0.2,42,2026-05-29 19:06:36,20260529-185745,log/stroke_prediction_v2/6/infgain/noAug__noImbl__standard/DTmodel,1780052279784_edb427c117800527967571069,0.9080234833659492,0.5512264784946237,0.5627366255144033,0.5560300207039337,0.9175592607789912,0.9080234833659492,0.9126651554010526,0.9080234833659492,0.9080234833659492,0.9080234833659492,0.7866659062409292
6,infgain,standard,noAug,noImbl,GradientBoosting,first,0.5,0.1,42,2026-05-29 19:06:18,20260529-185745,log/stroke_prediction_v2/6/infgain/standard__noAug__noImbl/GradientBoosting,1780052279784_edb427c117800527786920966,0.949119373776908,0.4754901960784314,0.4989711934156378,0.4869477911646586,0.9044549326579948,0.949119373776908,0.926249027420838,0.949119373776908,0.949119373776908,0.949119373776908,0.7795189045137939
6,infgain,standard,noAug,noImbl,GradientBoosting,first,0.5,0.2,42,2026-05-29 19:06:24,20260529-185745,log/stroke_prediction_v2/6/infgain/standard__noAug__noImbl/GradientBoosting,1780052279784_edb427c117800527844760397,0.9481409001956947,0.4754661432777232,0.4984567901234568,0.4866901054746358,0.9044091805595832,0.9481409001956947,0.9257588699047868,0.9481409001956947,0.9481409001956947,0.9481409001956947,0.7789569177812675
6,infgain,standard,noAug,noImbl,GradientBoosting,last,0.5,0.1,42,2026-05-29 19:06:31,20260529-185745,log/stroke_prediction_v2/6/infgain/noAug__noImbl__standard/GradientBoosting,1780052279784_edb427c117800527913721997,0.949119373776908,0.4754901960784314,0.4989711934156378,0.4869477911646586,0.9044549326579948,0.949119373776908,0.926249027420838,0.949119373776908,0.949119373776908,0.949119373776908,0.7795189045137939
6,infgain,standard,noAug,noImbl,GradientBoosting,last,0.5,0.2,42,2026-05-29 19:06:37,20260529-185745,log/stroke_prediction_v2/6/infgain/noAug__noImbl__standard/GradientBoosting,1780052279784_edb427c117800527972208663,0.9481409001956947,0.4754661432777232,0.4984567901234568,0.4866901054746358,0.9044091805595832,0.9481409001956947,0.9257588699047868,0.9481409001956947,0.9481409001956947,0.9481409001956947,0.7789569177812675
6,infgain,standard,noAug,noImbl,LogisticRegression,first,0.5,0.1,42,2026-05-29 19:06:18,20260529-185745,log/stroke_prediction_v2/6/infgain/standard__noAug__noImbl/LogisticRegression,1780052279784_edb427c117800527783363012,0.949119373776908,0.4754901960784314,0.4989711934156378,0.4869477911646586,0.9044549326579948,0.949119373776908,0.926249027420838,0.949119373776908,0.949119373776908,0.949119373776908,0.7795189045137939
6,infgain,standard,noAug,noImbl,LogisticRegression,first,0.5,0.2,42,2026-05-29 19:06:24,20260529-185745,log/stroke_prediction_v2/6/infgain/standard__noAug__noImbl/LogisticRegression,1780052279784_edb427c117800527841582359,0.9510763209393346,0.4755381604696673,0.5,0.4874623871614844,0.9045461682515002,0.9510763209393346,0.9272278675557002,0.9510763209393346,0.9510763209393346,0.9510763209393346,0.7806424994554282
6,infgain,standard,noAug,noImbl,LogisticRegression,last,0.5,0.1,42,2026-05-29 19:06:31,20260529-185745,log/stroke_prediction_v2/6/infgain/noAug__noImbl__standard/LogisticRegression,1780052279784_edb427c117800527910092219,0.949119373776908,0.4754901960784314,0.4989711934156378,0.4869477911646586,0.9044549326579948,0.949119373776908,0.926249027420838,0.949119373776908,0.949119373776908,0.949119373776908,0.7795189045137939
6,infgain,standard,noAug,noImbl,LogisticRegression,last,0.5,0.2,42,2026-05-29 19:06:36,20260529-185745,log/stroke_prediction_v2/6/infgain/noAug__noImbl__standard/LogisticRegression,1780052279784_edb427c117800527968904341,0.9510763209393346,0.4755381604696673,0.5,0.4874623871614844,0.9045461682515002,0.9510763209393346,0.9272278675557002,0.9510763209393346,0.9510763209393346,0.9510763209393346,0.7806424994554282
6,infgain,standard,noAug,noImbl,XGBmodel,first,0.5,0.1,42,2026-05-29 19:06:18,20260529-185745,log/stroke_prediction_v2/6/infgain/standard__noAug__noImbl/XGBmodel,1780052279784_edb427c117800527780910046,0.9530332681017613,0.976470588235294,0.52,0.5264133456904542,0.9552434672499136,0.9530332681017613,0.9319221791576966,0.9530332681017613,0.9530332681017613,0.9530332681017613,0.8451350415164477
6,infgain,standard,noAug,noImbl,XGBmodel,first,0.5,0.2,42,2026-05-29 19:06:23,20260529-185745,log/stroke_prediction_v2/6/infgain/standard__noAug__noImbl/XGBmodel,1780052279784_edb427c117800527839248181,0.9510763209393346,0.4755381604696673,0.5,0.4874623871614844,0.9045461682515002,0.9510763209393346,0.9272278675557002,0.9510763209393346,0.9510763209393346,0.9510763209393346,0.7806424994554282
6,infgain,standard,noAug,noImbl,XGBmodel,last,0.5,0.1,42,2026-05-29 19:06:30,20260529-185745,log/stroke_prediction_v2/6/infgain/noAug__noImbl__standard/XGBmodel,1780052279784_edb427c117800527907647882,0.9530332681017613,0.976470588235294,0.52,0.5264133456904542,0.9552434672499136,0.9530332681017613,0.9319221791576966,0.9530332681017613,0.9530332681017613,0.9530332681017613,0.8451350415164477
6,infgain,standard,noAug,noImbl,XGBmodel,last,0.5,0.2,42,2026-05-29 19:06:36,20260529-185745,log/stroke_prediction_v2/6/infgain/noAug__noImbl__standard/XGBmodel,1780052279784_edb427c117800527966562958,0.9510763209393346,0.4755381604696673,0.5,0.4874623871614844,0.9045461682515002,0.9510763209393346,0.9272278675557002,0.9510763209393346,0.9510763209393346,0.9510763209393346,0.7806424994554282
6,infgain,standard,noAug,noImbl,random_forest,first,0.5,0.1,42,2026-05-29 19:06:17,20260529-185745,log/stroke_prediction_v2/6/infgain/standard__noAug__noImbl/random_forest,1780052279784_edb427c117800527779398578,0.943248532289628,0.6021371769383699,0.5338271604938272,0.5459447865919048,0.9198186614170166,0.943248532289628,0.9291184827564454,0.943248532289628,0.943248532289628,0.943248532289628,0.8041372032030251
6,infgain,standard,noAug,noImbl,random_forest,first,0.5,0.2,42,2026-05-29 19:06:23,20260529-185745,log/stroke_prediction_v2/6/infgain/standard__noAug__noImbl/random_forest,1780052279784_edb427c117800527838094328,0.9481409001956947,0.6434682461335965,0.5269135802469136,0.5374973316825342,0.9232572770551648,0.9481409001956947,0.9306576330004304,0.9481409001956947,0.9481409001956947,0.9481409001956947,0.80884351512429
6,infgain,standard,noAug,noImbl,random_forest,last,0.5,0.1,42,2026-05-29 19:06:30,20260529-185745,log/stroke_prediction_v2/6/infgain/noAug__noImbl__standard/random_forest,1780052279784_edb427c117800527906492567,0.943248532289628,0.6021371769383699,0.5338271604938272,0.5459447865919048,0.9198186614170166,0.943248532289628,0.9291184827564454,0.943248532289628,0.943248532289628,0.943248532289628,0.8041372032030251
6,infgain,standard,noAug,noImbl,random_forest,last,0.5,0.2,42,2026-05-29 19:06:36,20260529-185745,log/stroke_prediction_v2/6/infgain/noAug__noImbl__standard/random_forest,1780052279784_edb427c117800527965410319,0.9481409001956947,0.6434682461335965,0.5269135802469136,0.5374973316825342,0.9232572770551648,0.9481409001956947,0.9306576330004304,0.9481409001956947,0.9481409001956947,0.9481409001956947,0.80884351512429
6,infgain,standard,noAug,noImbl,sklearn_SVM,first,0.5,0.1,42,2026-05-29 19:06:17,20260529-185745,log/stroke_prediction_v2/6/infgain/standard__noAug__noImbl/sklearn_SVM,1780052279784_edb427c117800527776212106,0.9510763209393346,0.4755381604696673,0.5,0.4874623871614844,0.9045461682515002,0.9510763209393346,0.9272278675557002,0.9510763209393346,0.9510763209393346,0.9510763209393346,0.7806424994554282
6,infgain,standard,noAug,noImbl,sklearn_SVM,first,0.5,0.2,42,2026-05-29 19:06:23,20260529-185745,log/stroke_prediction_v2/6/infgain/standard__noAug__noImbl/sklearn_SVM,1780052279784_edb427c117800527835497031,0.9510763209393346,0.4755381604696673,0.5,0.4874623871614844,0.9045461682515002,0.9510763209393346,0.9272278675557002,0.9510763209393346,0.9510763209393346,0.9510763209393346,0.7806424994554282
6,infgain,standard,noAug,noImbl,sklearn_SVM,last,0.5,0.1,42,2026-05-29 19:06:30,20260529-185745,log/stroke_prediction_v2/6/infgain/noAug__noImbl__standard/sklearn_SVM,1780052279784_edb427c117800527903577854,0.949119373776908,0.4754901960784314,0.4989711934156378,0.4869477911646586,0.9044549326579948,0.949119373776908,0.926249027420838,0.949119373776908,0.949119373776908,0.949119373776908,0.7795189045137939
6,infgain,standard,noAug,noImbl,sklearn_SVM,last,0.5,0.2,42,2026-05-29 19:06:36,20260529-185745,log/stroke_prediction_v2/6/infgain/noAug__noImbl__standard/sklearn_SVM,1780052279784_edb427c117800527962780129,0.9510763209393346,0.4755381604696673,0.5,0.4874623871614844,0.9045461682515002,0.9510763209393346,0.9272278675557002,0.9510763209393346,0.9510763209393346,0.9510763209393346,0.7806424994554282
7,biMaxInfgain,minmax,gaussian_noise,noImbl,DTmodel,first,0.5,0.1,42,2026-05-29 19:06:55,20260529-185745,log/stroke_prediction_v2/7/biMaxInfgain/minmax__gaussian_noise__noImbl/DTmodel,1780052279784_edb427c117800528150615059,0.9275929549902152,0.5931864658858524,0.5825102880658436,0.5874086197490452,0.923296511875384,0.9275929549902152,0.9253934873054664,0.9275929549902152,0.9275929549902152,0.9275929549902152,0.8078568246369706
7,biMaxInfgain,minmax,gaussian_noise,noImbl,DTmodel,first,0.5,0.2,42,2026-05-29 19:07:12,20260529-185745,log/stroke_prediction_v2/7/biMaxInfgain/minmax__gaussian_noise__noImbl/DTmodel,1780052279784_edb427c117800528323709927,0.8913894324853229,0.5239633931714185,0.5350205761316872,0.52707868681605,0.9124574393267164,0.8913894324853228,0.9015430207146782,0.8913894324853229,0.8913894324853229,0.8913894324853229,0.7679931699867204
7,biMaxInfgain,minmax,gaussian_noise,noImbl,DTmodel,last,0.5,0.1,42,2026-05-29 19:07:31,20260529-185745,log/stroke_prediction_v2/7/biMaxInfgain/gaussian_noise__noImbl__minmax/DTmodel,1780052279784_edb427c117800528514361901,0.9119373776908024,0.4981873954266592,0.4983950617283951,0.4981996726677578,0.9066215320942608,0.9119373776908024,0.9092623494255672,0.9119373776908024,0.9119373776908024,0.9119373776908022,0.7662146533152511
7,biMaxInfgain,minmax,gaussian_noise,noImbl,DTmodel,last,0.5,0.2,42,2026-05-29 19:07:48,20260529-185745,log/stroke_prediction_v2/7/biMaxInfgain/gaussian_noise__noImbl__minmax/DTmodel,1780052279784_edb427c117800528689497452,0.9246575342465754,0.5634494418338678,0.5525102880658437,0.5572098152743313,0.9177407835408,0.9246575342465754,0.9211054080696148,0.9246575342465754,0.9246575342465754,0.9246575342465754,0.794980348544273
7,biMaxInfgain,minmax,gaussian_noise,noImbl,GradientBoosting,first,0.5,0.1,42,2026-05-29 19:06:56,20260529-185745,log/stroke_prediction_v2/7/biMaxInfgain/minmax__gaussian_noise__noImbl/GradientBoosting,1780052279784_edb427c117800528165003993,0.9471624266144814,0.475442043222004,0.4979423868312758,0.4864321608040201,0.9043633385749272,0.9471624266144816,0.9252682197681164,0.9471624266144814,0.9471624266144814,0.9471624266144814,0.7783948045944336
7,biMaxInfgain,minmax,gaussian_noise,noImbl,GradientBoosting,first,0.5,0.2,42,2026-05-29 19:07:13,20260529-185745,log/stroke_prediction_v2/7/biMaxInfgain/minmax__gaussian_noise__noImbl/GradientBoosting,1780052279784_edb427c117800528338352434,0.9393346379647748,0.5386431411530814,0.512798353909465,0.5146306339430707,0.9118123937393252,0.9393346379647748,0.92423010225689,0.9393346379647748,0.9393346379647748,0.9393346379647748,0.7878883544960911
7,biMaxInfgain,minmax,gaussian_noise,noImbl,GradientBoosting,last,0.5,0.1,42,2026-05-29 19:07:32,20260529-185745,log/stroke_prediction_v2/7/biMaxInfgain/gaussian_noise__noImbl__minmax/GradientBoosting,1780052279784_edb427c117800528528515309,0.9393346379647748,0.5386431411530814,0.512798353909465,0.5146306339430707,0.9118123937393252,0.9393346379647748,0.92423010225689,0.9393346379647748,0.9393346379647748,0.9393346379647748,0.7878883544960911
7,biMaxInfgain,minmax,gaussian_noise,noImbl,GradientBoosting,last,0.5,0.2,42,2026-05-29 19:07:50,20260529-185745,log/stroke_prediction_v2/7/biMaxInfgain/gaussian_noise__noImbl__minmax/GradientBoosting,1780052279784_edb427c117800528703248622,0.9412915851272016,0.5476190476190477,0.5138271604938272,0.5160984848484849,0.9127760693318424,0.9412915851272016,0.925313556306707,0.9412915851272016,0.9412915851272016,0.9412915851272016,0.790150667968631
7,biMaxInfgain,minmax,gaussian_noise,noImbl,LogisticRegression,first,0.5,0.1,42,2026-05-29 19:06:55,20260529-185745,log/stroke_prediction_v2/7/biMaxInfgain/minmax__gaussian_noise__noImbl/LogisticRegression,1780052279784_edb427c117800528151745806,0.9510763209393346,0.4755381604696673,0.5,0.4874623871614844,0.9045461682515002,0.9510763209393346,0.9272278675557002,0.9510763209393346,0.9510763209393346,0.9510763209393346,0.7806424994554282
7,biMaxInfgain,minmax,gaussian_noise,noImbl,LogisticRegression,first,0.5,0.2,42,2026-05-29 19:07:12,20260529-185745,log/stroke_prediction_v2/7/biMaxInfgain/minmax__gaussian_noise__noImbl/LogisticRegression,1780052279784_edb427c117800528325924105,0.9510763209393346,0.4755381604696673,0.5,0.4874623871614844,0.9045461682515002,0.9510763209393346,0.9272278675557002,0.9510763209393346,0.9510763209393346,0.9510763209393346,0.7806424994554282
7,biMaxInfgain,minmax,gaussian_noise,noImbl,LogisticRegression,last,0.5,0.1,42,2026-05-29 19:07:31,20260529-185745,log/stroke_prediction_v2/7/biMaxInfgain/gaussian_noise__noImbl__minmax/LogisticRegression,1780052279784_edb427c117800528515452933,0.9510763209393346,0.4755381604696673,0.5,0.4874623871614844,0.9045461682515002,0.9510763209393346,0.9272278675557002,0.9510763209393346,0.9510763209393346,0.9510763209393346,0.7806424994554282
7,biMaxInfgain,minmax,gaussian_noise,noImbl,LogisticRegression,last,0.5,0.2,42,2026-05-29 19:07:49,20260529-185745,log/stroke_prediction_v2/7/biMaxInfgain/gaussian_noise__noImbl__minmax/LogisticRegression,1780052279784_edb427c117800528690591849,0.9510763209393346,0.4755381604696673,0.5,0.4874623871614844,0.9045461682515002,0.9510763209393346,0.9272278675557002,0.9510763209393346,0.9510763209393346,0.9510763209393346,0.7806424994554282
7,biMaxInfgain,minmax,gaussian_noise,noImbl,XGBmodel,first,0.5,0.1,42,2026-05-29 19:06:54,20260529-185745,log/stroke_prediction_v2/7/biMaxInfgain/minmax__gaussian_noise__noImbl/XGBmodel,1780052279784_edb427c117800528149355873,0.949119373776908,0.4754901960784314,0.4989711934156378,0.4869477911646586,0.9044549326579948,0.949119373776908,0.926249027420838,0.949119373776908,0.949119373776908,0.949119373776908,0.7795189045137939
7,biMaxInfgain,minmax,gaussian_noise,noImbl,XGBmodel,first,0.5,0.2,42,2026-05-29 19:07:12,20260529-185745,log/stroke_prediction_v2/7/biMaxInfgain/minmax__gaussian_noise__noImbl/XGBmodel,1780052279784_edb427c117800528322476958,0.9510763209393346,0.7264243614931238,0.5189711934156378,0.5244742229666852,0.9306936973998362,0.9510763209393344,0.9308039071927005,0.9510763209393346,0.9510763209393346,0.9510763209393346,0.8163311731305013
7,biMaxInfgain,minmax,gaussian_noise,noImbl,XGBmodel,last,0.5,0.1,42,2026-05-29 19:07:31,20260529-185745,log/stroke_prediction_v2/7/biMaxInfgain/gaussian_noise__noImbl__minmax/XGBmodel,1780052279784_edb427c117800528513105184,0.9510763209393346,0.7264243614931238,0.5189711934156378,0.5244742229666852,0.9306936973998362,0.9510763209393344,0.9308039071927005,0.9510763209393346,0.9510763209393346,0.9510763209393346,0.8163311731305013
7,biMaxInfgain,minmax,gaussian_noise,noImbl,XGBmodel,last,0.5,0.2,42,2026-05-29 19:07:48,20260529-185745,log/stroke_prediction_v2/7/biMaxInfgain/gaussian_noise__noImbl__minmax/XGBmodel,1780052279784_edb427c117800528688241272,0.9500978473581212,0.4755142017629775,0.499485596707819,0.4872052182639237,0.9045005951342742,0.9500978473581214,0.9267386930577962,0.9500978473581212,0.9500978473581212,0.9500978473581212,0.7800807650020133
7,biMaxInfgain,minmax,gaussian_noise,noImbl,random_forest,first,0.5,0.1,42,2026-05-29 19:06:54,20260529-185745,log/stroke_prediction_v2/7/biMaxInfgain/minmax__gaussian_noise__noImbl/random_forest,1780052279784_edb427c117800528148151309,0.9530332681017613,0.8106955380577427,0.5389711934156378,0.5593561368209254,0.9406315648900052,0.9530332681017613,0.93510180456516,0.9530332681017613,0.9530332681017613,0.9530332681017613,0.8344118280849556
7,biMaxInfgain,minmax,gaussian_noise,noImbl,random_forest,first,0.5,0.2,42,2026-05-29 19:07:12,20260529-185745,log/stroke_prediction_v2/7/biMaxInfgain/minmax__gaussian_noise__noImbl/random_forest,1780052279784_edb427c117800528321280728,0.9500978473581212,0.6911330049261084,0.5279423868312758,0.5397981617354912,0.9280036246903108,0.9500978473581214,0.9318150634391856,0.9500978473581212,0.9500978473581212,0.9500978473581212,0.8154890243642193
7,biMaxInfgain,minmax,gaussian_noise,noImbl,random_forest,last,0.5,0.1,42,2026-05-29 19:07:31,20260529-185745,log/stroke_prediction_v2/7/biMaxInfgain/gaussian_noise__noImbl__minmax/random_forest,1780052279784_edb427c117800528511913663,0.9530332681017613,0.8106955380577427,0.5389711934156378,0.5593561368209254,0.9406315648900052,0.9530332681017613,0.93510180456516,0.9530332681017613,0.9530332681017613,0.9530332681017613,0.8344118280849556
7,biMaxInfgain,minmax,gaussian_noise,noImbl,random_forest,last,0.5,0.2,42,2026-05-29 19:07:48,20260529-185745,log/stroke_prediction_v2/7/biMaxInfgain/gaussian_noise__noImbl__minmax/random_forest,1780052279784_edb427c117800528687020562,0.9481409001956947,0.5759095378564405,0.5079423868312758,0.5048585401526577,0.915037320541018,0.9481409001956947,0.9275124553126164,0.9481409001956947,0.9481409001956947,0.9481409001956947,0.7940009339209423
7,biMaxInfgain,minmax,gaussian_noise,noImbl,sklearn_SVM,first,0.5,0.1,42,2026-05-29 19:06:53,20260529-185745,log/stroke_prediction_v2/7/biMaxInfgain/minmax__gaussian_noise__noImbl/sklearn_SVM,1780052279784_edb427c117800528138487768,0.9510763209393346,0.4755381604696673,0.5,0.4874623871614844,0.9045461682515002,0.9510763209393346,0.9272278675557002,0.9510763209393346,0.9510763209393346,0.9510763209393346,0.7806424994554282
7,biMaxInfgain,minmax,gaussian_noise,noImbl,sklearn_SVM,first,0.5,0.2,42,2026-05-29 19:07:11,20260529-185745,log/stroke_prediction_v2/7/biMaxInfgain/minmax__gaussian_noise__noImbl/sklearn_SVM,1780052279784_edb427c117800528312394489,0.9510763209393346,0.4755381604696673,0.5,0.4874623871614844,0.9045461682515002,0.9510763209393346,0.9272278675557002,0.9510763209393346,0.9510763209393346,0.9510763209393346,0.7806424994554282
7,biMaxInfgain,minmax,gaussian_noise,noImbl,sklearn_SVM,last,0.5,0.1,42,2026-05-29 19:07:30,20260529-185745,log/stroke_prediction_v2/7/biMaxInfgain/gaussian_noise__noImbl__minmax/sklearn_SVM,1780052279784_edb427c117800528502558061,0.949119373776908,0.4754901960784314,0.4989711934156378,0.4869477911646586,0.9044549326579948,0.949119373776908,0.926249027420838,0.949119373776908,0.949119373776908,0.949119373776908,0.7795189045137939
7,biMaxInfgain,minmax,gaussian_noise,noImbl,sklearn_SVM,last,0.5,0.2,42,2026-05-29 19:07:47,20260529-185745,log/stroke_prediction_v2/7/biMaxInfgain/gaussian_noise__noImbl__minmax/sklearn_SVM,1780052279784_edb427c117800528677333748,0.9500978473581212,0.4755142017629775,0.499485596707819,0.4872052182639237,0.9045005951342742,0.9500978473581214,0.9267386930577962,0.9500978473581212,0.9500978473581212,0.9500978473581212,0.7800807650020133
7,biMaxInfgain,minmax,mixup,noImbl,DTmodel,first,0.5,0.1,42,2026-05-29 19:07:59,20260529-185745,log/stroke_prediction_v2/7/biMaxInfgain/minmax__mixup__noImbl/DTmodel,1780052279784_edb427c117800528791557730,0.9099804305283756,0.5163374485596708,0.5163374485596708,0.5163374485596708,0.9099804305283756,0.9099804305283756,0.9099804305283756,0.9099804305283756,0.9099804305283756,0.9099804305283756,0.7722053868393288
7,biMaxInfgain,minmax,mixup,noImbl,DTmodel,first,0.5,0.2,42,2026-05-29 19:08:08,20260529-185745,log/stroke_prediction_v2/7/biMaxInfgain/minmax__mixup__noImbl/DTmodel,1780052279784_edb427c117800528883110806,0.9060665362035224,0.5657563025210084,0.590164609053498,0.575051975051975,0.921500106892072,0.9060665362035226,0.913406105186927,0.9060665362035224,0.9060665362035224,0.9060665362035226,0.7934374283639021
7,biMaxInfgain,minmax,mixup,noImbl,DTmodel,last,0.5,0.1,42,2026-05-29 19:08:17,20260529-185745,log/stroke_prediction_v2/7/biMaxInfgain/mixup__noImbl__minmax/DTmodel,1780052279784_edb427c117800528979803644,0.9099804305283756,0.5328282828282829,0.5353086419753086,0.533980967486122,0.9132815434185296,0.9099804305283756,0.91161877241527,0.9099804305283756,0.9099804305283756,0.9099804305283756,0.778973980018771
7,biMaxInfgain,minmax,mixup,noImbl,DTmodel,last,0.5,0.2,42,2026-05-29 19:08:27,20260529-185745,log/stroke_prediction_v2/7/biMaxInfgain/mixup__noImbl__minmax/DTmodel,1780052279784_edb427c117800529073641080,0.9178082191780822,0.5426764076977905,0.5394238683127572,0.5409394250513346,0.9145812788642732,0.9178082191780822,0.9161802762228912,0.9178082191780822,0.9178082191780822,0.9178082191780822,0.7853593983498487
7,biMaxInfgain,minmax,mixup,noImbl,GradientBoosting,first,0.5,0.1,42,2026-05-29 19:07:59,20260529-185745,log/stroke_prediction_v2/7/biMaxInfgain/minmax__mixup__noImbl/GradientBoosting,1780052279784_edb427c117800528799774181,0.9412915851272016,0.5476190476190477,0.5138271604938272,0.5160984848484849,0.9127760693318424,0.9412915851272016,0.925313556306707,0.9412915851272016,0.9412915851272016,0.9412915851272016,0.790150667968631
7,biMaxInfgain,minmax,mixup,noImbl,GradientBoosting,first,0.5,0.2,42,2026-05-29 19:08:09,20260529-185745,log/stroke_prediction_v2/7/biMaxInfgain/minmax__mixup__noImbl/GradientBoosting,1780052279784_edb427c117800528890946606,0.9500978473581212,0.6426234870788354,0.5089711934156378,0.5060602901737061,0.9216504163874,0.9500978473581212,0.9285604219838514,0.9500978473581212,0.9500978473581212,0.9500978473581212,0.8025567554550692
7,biMaxInfgain,minmax,mixup,noImbl,GradientBoosting,last,0.5,0.1,42,2026-05-29 19:08:18,20260529-185745,log/stroke_prediction_v2/7/biMaxInfgain/mixup__noImbl__minmax/GradientBoosting,1780052279784_edb427c117800528988037058,0.949119373776908,0.6430446194225722,0.5179423868312758,0.5226358148893361,0.9224514743876192,0.949119373776908,0.9296936216122568,0.949119373776908,0.949119373776908,0.949119373776908,0.8058410130501487
7,biMaxInfgain,minmax,mixup,noImbl,GradientBoosting,last,0.5,0.2,42,2026-05-29 19:08:28,20260529-185745,log/stroke_prediction_v2/7/biMaxInfgain/mixup__noImbl__minmax/GradientBoosting,1780052279784_edb427c117800529081494340,0.9471624266144814,0.475442043222004,0.4979423868312758,0.4864321608040201,0.9043633385749272,0.9471624266144816,0.9252682197681164,0.9471624266144814,0.9471624266144814,0.9471624266144814,0.7783948045944336
7,biMaxInfgain,minmax,mixup,noImbl,LogisticRegression,first,0.5,0.1,42,2026-05-29 19:07:59,20260529-185745,log/stroke_prediction_v2/7/biMaxInfgain/minmax__mixup__noImbl/LogisticRegression,1780052279784_edb427c117800528792567310,0.9510763209393346,0.4755381604696673,0.5,0.4874623871614844,0.9045461682515002,0.9510763209393346,0.9272278675557002,0.9510763209393346,0.9510763209393346,0.9510763209393346,0.7806424994554282
7,biMaxInfgain,minmax,mixup,noImbl,LogisticRegression,first,0.5,0.2,42,2026-05-29 19:08:08,20260529-185745,log/stroke_prediction_v2/7/biMaxInfgain/minmax__mixup__noImbl/LogisticRegression,1780052279784_edb427c117800528884159773,0.9510763209393346,0.4755381604696673,0.5,0.4874623871614844,0.9045461682515002,0.9510763209393346,0.9272278675557002,0.9510763209393346,0.9510763209393346,0.9510763209393346,0.7806424994554282
7,biMaxInfgain,minmax,mixup,noImbl,LogisticRegression,last,0.5,0.1,42,2026-05-29 19:08:18,20260529-185745,log/stroke_prediction_v2/7/biMaxInfgain/mixup__noImbl__minmax/LogisticRegression,1780052279784_edb427c117800528980893239,0.9510763209393346,0.4755381604696673,0.5,0.4874623871614844,0.9045461682515002,0.9510763209393346,0.9272278675557002,0.9510763209393346,0.9510763209393346,0.9510763209393346,0.7806424994554282
7,biMaxInfgain,minmax,mixup,noImbl,LogisticRegression,last,0.5,0.2,42,2026-05-29 19:08:27,20260529-185745,log/stroke_prediction_v2/7/biMaxInfgain/mixup__noImbl__minmax/LogisticRegression,1780052279784_edb427c117800529074688696,0.9510763209393346,0.4755381604696673,0.5,0.4874623871614844,0.9045461682515002,0.9510763209393346,0.9272278675557002,0.9510763209393346,0.9510763209393346,0.9510763209393346,0.7806424994554282
7,biMaxInfgain,minmax,mixup,noImbl,XGBmodel,first,0.5,0.1,42,2026-05-29 19:07:59,20260529-185745,log/stroke_prediction_v2/7/biMaxInfgain/minmax__mixup__noImbl/XGBmodel,1780052279784_edb427c117800528790476825,0.949119373776908,0.6430446194225722,0.5179423868312758,0.5226358148893361,0.9224514743876192,0.949119373776908,0.9296936216122568,0.949119373776908,0.949119373776908,0.949119373776908,0.8058410130501487
7,biMaxInfgain,minmax,mixup,noImbl,XGBmodel,first,0.5,0.2,42,2026-05-29 19:08:08,20260529-185745,log/stroke_prediction_v2/7/biMaxInfgain/minmax__mixup__noImbl/XGBmodel,1780052279784_edb427c117800528882045459,0.9510763209393346,0.7264243614931238,0.5189711934156378,0.5244742229666852,0.9306936973998362,0.9510763209393344,0.9308039071927005,0.9510763209393346,0.9510763209393346,0.9510763209393346,0.8163311731305013
7,biMaxInfgain,minmax,mixup,noImbl,XGBmodel,last,0.5,0.1,42,2026-05-29 19:08:17,20260529-185745,log/stroke_prediction_v2/7/biMaxInfgain/mixup__noImbl__minmax/XGBmodel,1780052279784_edb427c117800528978680381,0.9549902152641878,0.8533037475345169,0.5589711934156378,0.5918672083897627,0.9464994962887484,0.9549902152641876,0.9391695033464224,0.9549902152641878,0.9549902152641878,0.9549902152641878,0.8475290365899929
7,biMaxInfgain,minmax,mixup,noImbl,XGBmodel,last,0.5,0.2,42,2026-05-29 19:08:27,20260529-185745,log/stroke_prediction_v2/7/biMaxInfgain/mixup__noImbl__minmax/XGBmodel,1780052279784_edb427c117800529072564044,0.9500978473581212,0.6426234870788354,0.5089711934156378,0.5060602901737061,0.9216504163874,0.9500978473581212,0.9285604219838514,0.9500978473581212,0.9500978473581212,0.9500978473581212,0.8025567554550692
7,biMaxInfgain,minmax,mixup,noImbl,random_forest,first,0.5,0.1,42,2026-05-29 19:07:58,20260529-185745,log/stroke_prediction_v2/7/biMaxInfgain/minmax__mixup__noImbl/random_forest,1780052279784_edb427c117800528789265394,0.9530332681017613,0.8106955380577427,0.5389711934156378,0.5593561368209254,0.9406315648900052,0.9530332681017613,0.93510180456516,0.9530332681017613,0.9530332681017613,0.9530332681017613,0.8344118280849556
7,biMaxInfgain,minmax,mixup,noImbl,random_forest,first,0.5,0.2,42,2026-05-29 19:08:08,20260529-185745,log/stroke_prediction_v2/7/biMaxInfgain/minmax__mixup__noImbl/random_forest,1780052279784_edb427c117800528880834019,0.9500978473581212,0.6426234870788354,0.5089711934156378,0.5060602901737061,0.9216504163874,0.9500978473581212,0.9285604219838514,0.9500978473581212,0.9500978473581212,0.9500978473581212,0.8025567554550692
7,biMaxInfgain,minmax,mixup,noImbl,random_forest,last,0.5,0.1,42,2026-05-29 19:08:17,20260529-185745,log/stroke_prediction_v2/7/biMaxInfgain/mixup__noImbl__minmax/random_forest,1780052279784_edb427c117800528977499715,0.9510763209393346,0.7264243614931238,0.5189711934156378,0.5244742229666852,0.9306936973998362,0.9510763209393344,0.9308039071927005,0.9510763209393346,0.9510763209393346,0.9510763209393346,0.8163311731305013
7,biMaxInfgain,minmax,mixup,noImbl,random_forest,last,0.5,0.2,42,2026-05-29 19:08:27,20260529-185745,log/stroke_prediction_v2/7/biMaxInfgain/mixup__noImbl__minmax/random_forest,1780052279784_edb427c117800529071343242,0.952054794520548,0.7768928220255653,0.5289711934156378,0.5422277069335892,0.9364771487453024,0.952054794520548,0.9329832134022304,0.952054794520548,0.952054794520548,0.952054794520548,0.8263376722772425
7,biMaxInfgain,minmax,mixup,noImbl,sklearn_SVM,first,0.5,0.1,42,2026-05-29 19:07:58,20260529-185745,log/stroke_prediction_v2/7/biMaxInfgain/minmax__mixup__noImbl/sklearn_SVM,1780052279784_edb427c117800528784423573,0.949119373776908,0.4754901960784314,0.4989711934156378,0.4869477911646586,0.9044549326579948,0.949119373776908,0.926249027420838,0.949119373776908,0.949119373776908,0.949119373776908,0.7795189045137939
7,biMaxInfgain,minmax,mixup,noImbl,sklearn_SVM,first,0.5,0.2,42,2026-05-29 19:08:07,20260529-185745,log/stroke_prediction_v2/7/biMaxInfgain/minmax__mixup__noImbl/sklearn_SVM,1780052279784_edb427c117800528876360778,0.9500978473581212,0.4755142017629775,0.499485596707819,0.4872052182639237,0.9045005951342742,0.9500978473581214,0.9267386930577962,0.9500978473581212,0.9500978473581212,0.9500978473581212,0.7800807650020133
7,biMaxInfgain,minmax,mixup,noImbl,sklearn_SVM,last,0.5,0.1,42,2026-05-29 19:08:17,20260529-185745,log/stroke_prediction_v2/7/biMaxInfgain/mixup__noImbl__minmax/sklearn_SVM,1780052279784_edb427c117800528972868176,0.949119373776908,0.4754901960784314,0.4989711934156378,0.4869477911646586,0.9044549326579948,0.949119373776908,0.926249027420838,0.949119373776908,0.949119373776908,0.949119373776908,0.7795189045137939
7,biMaxInfgain,minmax,mixup,noImbl,sklearn_SVM,last,0.5,0.2,42,2026-05-29 19:08:26,20260529-185745,log/stroke_prediction_v2/7/biMaxInfgain/mixup__noImbl__minmax/sklearn_SVM,1780052279784_edb427c117800529066647544,0.9500978473581212,0.4755142017629775,0.499485596707819,0.4872052182639237,0.9045005951342742,0.9500978473581214,0.9267386930577962,0.9500978473581212,0.9500978473581212,0.9500978473581212,0.7800807650020133
7,biMaxInfgain,minmax,noAug,noImbl,DTmodel,first,0.5,0.1,42,2026-05-29 19:08:33,20260529-185745,log/stroke_prediction_v2/7/biMaxInfgain/minmax__noAug__noImbl/DTmodel,1780052279784_edb427c117800529135970188,0.9001956947162426,0.5239104906054279,0.5301646090534979,0.5262067084810472,0.9119809136369394,0.9001956947162427,0.9059620447242744,0.9001956947162426,0.9001956947162426,0.9001956947162426,0.7715091921968816
7,biMaxInfgain,minmax,noAug,noImbl,DTmodel,first,0.5,0.2,42,2026-05-29 19:08:39,20260529-185745,log/stroke_prediction_v2/7/biMaxInfgain/minmax__noAug__noImbl/DTmodel,1780052279784_edb427c117800529193005465,0.9041095890410958,0.5467383035374668,0.560679012345679,0.5521712691372156,0.9169588936884177,0.9041095890410958,0.910324835308714,0.9041095890410958,0.9041095890410958,0.9041095890410958,0.7834558722404839
7,biMaxInfgain,minmax,noAug,noImbl,DTmodel,last,0.5,0.1,42,2026-05-29 19:08:45,20260529-185745,log/stroke_prediction_v2/7/biMaxInfgain/noAug__noImbl__minmax/DTmodel,1780052279784_edb427c117800529254221011,0.9001956947162426,0.5239104906054279,0.5301646090534979,0.5262067084810472,0.9119809136369394,0.9001956947162427,0.9059620447242744,0.9001956947162426,0.9001956947162426,0.9001956947162426,0.7715091921968816
7,biMaxInfgain,minmax,noAug,noImbl,DTmodel,last,0.5,0.2,42,2026-05-29 19:08:51,20260529-185745,log/stroke_prediction_v2/7/biMaxInfgain/noAug__noImbl__minmax/DTmodel,1780052279784_edb427c117800529311233799,0.9041095890410958,0.5467383035374668,0.560679012345679,0.5521712691372156,0.9169588936884177,0.9041095890410958,0.910324835308714,0.9041095890410958,0.9041095890410958,0.9041095890410958,0.7834558722404839
7,biMaxInfgain,minmax,noAug,noImbl,GradientBoosting,first,0.5,0.1,42,2026-05-29 19:08:34,20260529-185745,log/stroke_prediction_v2/7/biMaxInfgain/minmax__noAug__noImbl/GradientBoosting,1780052279784_edb427c117800529141069577,0.9452054794520548,0.5762845849802372,0.5158847736625514,0.5192204301075269,0.9157507174183768,0.9452054794520548,0.9274930033878336,0.9452054794520548,0.9452054794520548,0.9452054794520548,0.7958812144112423
7,biMaxInfgain,minmax,noAug,noImbl,GradientBoosting,first,0.5,0.2,42,2026-05-29 19:08:39,20260529-185745,log/stroke_prediction_v2/7/biMaxInfgain/minmax__noAug__noImbl/GradientBoosting,1780052279784_edb427c117800529197708395,0.9452054794520548,0.5762845849802372,0.5158847736625514,0.5192204301075269,0.9157507174183768,0.9452054794520548,0.9274930033878336,0.9452054794520548,0.9452054794520548,0.9452054794520548,0.7958812144112423
7,biMaxInfgain,minmax,noAug,noImbl,GradientBoosting,last,0.5,0.1,42,2026-05-29 19:08:45,20260529-185745,log/stroke_prediction_v2/7/biMaxInfgain/noAug__noImbl__minmax/GradientBoosting,1780052279784_edb427c117800529259325378,0.9452054794520548,0.5762845849802372,0.5158847736625514,0.5192204301075269,0.9157507174183768,0.9452054794520548,0.9274930033878336,0.9452054794520548,0.9452054794520548,0.9452054794520548,0.7958812144112423
7,biMaxInfgain,minmax,noAug,noImbl,GradientBoosting,last,0.5,0.2,42,2026-05-29 19:08:51,20260529-185745,log/stroke_prediction_v2/7/biMaxInfgain/noAug__noImbl__minmax/GradientBoosting,1780052279784_edb427c117800529315992045,0.9452054794520548,0.5762845849802372,0.5158847736625514,0.5192204301075269,0.9157507174183768,0.9452054794520548,0.9274930033878336,0.9452054794520548,0.9452054794520548,0.9452054794520548,0.7958812144112423
7,biMaxInfgain,minmax,noAug,noImbl,LogisticRegression,first,0.5,0.1,42,2026-05-29 19:08:33,20260529-185745,log/stroke_prediction_v2/7/biMaxInfgain/minmax__noAug__noImbl/LogisticRegression,1780052279784_edb427c117800529137034360,0.9510763209393346,0.4755381604696673,0.5,0.4874623871614844,0.9045461682515002,0.9510763209393346,0.9272278675557002,0.9510763209393346,0.9510763209393346,0.9510763209393346,0.7806424994554282
7,biMaxInfgain,minmax,noAug,noImbl,LogisticRegression,first,0.5,0.2,42,2026-05-29 19:08:39,20260529-185745,log/stroke_prediction_v2/7/biMaxInfgain/minmax__noAug__noImbl/LogisticRegression,1780052279784_edb427c117800529194080319,0.9510763209393346,0.4755381604696673,0.5,0.4874623871614844,0.9045461682515002,0.9510763209393346,0.9272278675557002,0.9510763209393346,0.9510763209393346,0.9510763209393346,0.7806424994554282
7,biMaxInfgain,minmax,noAug,noImbl,LogisticRegression,last,0.5,0.1,42,2026-05-29 19:08:45,20260529-185745,log/stroke_prediction_v2/7/biMaxInfgain/noAug__noImbl__minmax/LogisticRegression,1780052279784_edb427c117800529255286878,0.9510763209393346,0.4755381604696673,0.5,0.4874623871614844,0.9045461682515002,0.9510763209393346,0.9272278675557002,0.9510763209393346,0.9510763209393346,0.9510763209393346,0.7806424994554282
7,biMaxInfgain,minmax,noAug,noImbl,LogisticRegression,last,0.5,0.2,42,2026-05-29 19:08:51,20260529-185745,log/stroke_prediction_v2/7/biMaxInfgain/noAug__noImbl__minmax/LogisticRegression,1780052279784_edb427c117800529312343354,0.9510763209393346,0.4755381604696673,0.5,0.4874623871614844,0.9045461682515002,0.9510763209393346,0.9272278675557002,0.9510763209393346,0.9510763209393346,0.9510763209393346,0.7806424994554282
7,biMaxInfgain,minmax,noAug,noImbl,XGBmodel,first,0.5,0.1,42,2026-05-29 19:08:33,20260529-185745,log/stroke_prediction_v2/7/biMaxInfgain/minmax__noAug__noImbl/XGBmodel,1780052279784_edb427c117800529134959242,0.9510763209393346,0.7264243614931238,0.5189711934156378,0.5244742229666852,0.9306936973998362,0.9510763209393344,0.9308039071927005,0.9510763209393346,0.9510763209393346,0.9510763209393346,0.8163311731305013
7,biMaxInfgain,minmax,noAug,noImbl,XGBmodel,first,0.5,0.2,42,2026-05-29 19:08:39,20260529-185745,log/stroke_prediction_v2/7/biMaxInfgain/minmax__noAug__noImbl/XGBmodel,1780052279784_edb427c117800529191963007,0.9471624266144814,0.475442043222004,0.4979423868312758,0.4864321608040201,0.9043633385749272,0.9471624266144816,0.9252682197681164,0.9471624266144814,0.9471624266144814,0.9471624266144814,0.7783948045944336
7,biMaxInfgain,minmax,noAug,noImbl,XGBmodel,last,0.5,0.1,42,2026-05-29 19:08:45,20260529-185745,log/stroke_prediction_v2/7/biMaxInfgain/noAug__noImbl__minmax/XGBmodel,1780052279784_edb427c117800529252096051,0.9510763209393346,0.7264243614931238,0.5189711934156378,0.5244742229666852,0.9306936973998362,0.9510763209393344,0.9308039071927005,0.9510763209393346,0.9510763209393346,0.9510763209393346,0.8163311731305013
7,biMaxInfgain,minmax,noAug,noImbl,XGBmodel,last,0.5,0.2,42,2026-05-29 19:08:51,20260529-185745,log/stroke_prediction_v2/7/biMaxInfgain/noAug__noImbl__minmax/XGBmodel,1780052279784_edb427c117800529310184346,0.9471624266144814,0.475442043222004,0.4979423868312758,0.4864321608040201,0.9043633385749272,0.9471624266144816,0.9252682197681164,0.9471624266144814,0.9471624266144814,0.9471624266144814,0.7783948045944336
7,biMaxInfgain,minmax,noAug,noImbl,random_forest,first,0.5,0.1,42,2026-05-29 19:08:33,20260529-185745,log/stroke_prediction_v2/7/biMaxInfgain/minmax__noAug__noImbl/random_forest,1780052279784_edb427c117800529133768004,0.9510763209393346,0.7264243614931238,0.5189711934156378,0.5244742229666852,0.9306936973998362,0.9510763209393344,0.9308039071927005,0.9510763209393346,0.9510763209393346,0.9510763209393346,0.8163311731305013
7,biMaxInfgain,minmax,noAug,noImbl,random_forest,first,0.5,0.2,42,2026-05-29 19:08:39,20260529-185745,log/stroke_prediction_v2/7/biMaxInfgain/minmax__noAug__noImbl/random_forest,1780052279784_edb427c117800529190726312,0.9500978473581212,0.6426234870788354,0.5089711934156378,0.5060602901737061,0.9216504163874,0.9500978473581212,0.9285604219838514,0.9500978473581212,0.9500978473581212,0.9500978473581212,0.8025567554550692
7,biMaxInfgain,minmax,noAug,noImbl,random_forest,last,0.5,0.1,42,2026-05-29 19:08:45,20260529-185745,log/stroke_prediction_v2/7/biMaxInfgain/noAug__noImbl__minmax/random_forest,1780052279784_edb427c117800529250877506,0.9510763209393346,0.7264243614931238,0.5189711934156378,0.5244742229666852,0.9306936973998362,0.9510763209393344,0.9308039071927005,0.9510763209393346,0.9510763209393346,0.9510763209393346,0.8163311731305013
7,biMaxInfgain,minmax,noAug,noImbl,random_forest,last,0.5,0.2,42,2026-05-29 19:08:50,20260529-185745,log/stroke_prediction_v2/7/biMaxInfgain/noAug__noImbl__minmax/random_forest,1780052279784_edb427c117800529308934902,0.9500978473581212,0.6426234870788354,0.5089711934156378,0.5060602901737061,0.9216504163874,0.9500978473581212,0.9285604219838514,0.9500978473581212,0.9500978473581212,0.9500978473581212,0.8025567554550692
7,biMaxInfgain,minmax,noAug,noImbl,sklearn_SVM,first,0.5,0.1,42,2026-05-29 19:08:33,20260529-185745,log/stroke_prediction_v2/7/biMaxInfgain/minmax__noAug__noImbl/sklearn_SVM,1780052279784_edb427c117800529130727730,0.9510763209393346,0.4755381604696673,0.5,0.4874623871614844,0.9045461682515002,0.9510763209393346,0.9272278675557002,0.9510763209393346,0.9510763209393346,0.9510763209393346,0.7806424994554282
7,biMaxInfgain,minmax,noAug,noImbl,sklearn_SVM,first,0.5,0.2,42,2026-05-29 19:08:38,20260529-185745,log/stroke_prediction_v2/7/biMaxInfgain/minmax__noAug__noImbl/sklearn_SVM,1780052279784_edb427c117800529187739701,0.9500978473581212,0.4755142017629775,0.499485596707819,0.4872052182639237,0.9045005951342742,0.9500978473581214,0.9267386930577962,0.9500978473581212,0.9500978473581212,0.9500978473581212,0.7800807650020133
7,biMaxInfgain,minmax,noAug,noImbl,sklearn_SVM,last,0.5,0.1,42,2026-05-29 19:08:44,20260529-185745,log/stroke_prediction_v2/7/biMaxInfgain/noAug__noImbl__minmax/sklearn_SVM,1780052279784_edb427c117800529247769745,0.9510763209393346,0.4755381604696673,0.5,0.4874623871614844,0.9045461682515002,0.9510763209393346,0.9272278675557002,0.9510763209393346,0.9510763209393346,0.9510763209393346,0.7806424994554282
7,biMaxInfgain,minmax,noAug,noImbl,sklearn_SVM,last,0.5,0.2,42,2026-05-29 19:08:50,20260529-185745,log/stroke_prediction_v2/7/biMaxInfgain/noAug__noImbl__minmax/sklearn_SVM,1780052279784_edb427c117800529306083363,0.9500978473581212,0.4755142017629775,0.499485596707819,0.4872052182639237,0.9045005951342742,0.9500978473581214,0.9267386930577962,0.9500978473581212,0.9500978473581212,0.9500978473581212,0.7800807650020133
7,biMaxInfgain,standard,gaussian_noise,noImbl,DTmodel,first,0.5,0.1,42,2026-05-29 19:09:14,20260529-185745,log/stroke_prediction_v2/7/biMaxInfgain/standard__gaussian_noise__noImbl/DTmodel,1780052279784_edb427c117800529544403247,0.929549902152642,0.6109675694939416,0.6025102880658436,0.6065195071868583,0.9268094089684812,0.929549902152642,0.9281545224767638,0.929549902152642,0.929549902152642,0.929549902152642,0.8160497919634266
7,biMaxInfgain,standard,gaussian_noise,noImbl,DTmodel,first,0.5,0.2,42,2026-05-29 19:09:35,20260529-185745,log/stroke_prediction_v2/7/biMaxInfgain/standard__gaussian_noise__noImbl/DTmodel,1780052279784_edb427c117800529752663839,0.9090019569471623,0.531794678950832,0.5347942386831276,0.5331614234141309,0.9131380016620346,0.9090019569471623,0.911051251023133,0.9090019569471623,0.9090019569471623,0.9090019569471623,0.7782053758740537
7,biMaxInfgain,standard,gaussian_noise,noImbl,DTmodel,last,0.5,0.1,42,2026-05-29 19:09:59,20260529-185745,log/stroke_prediction_v2/7/biMaxInfgain/gaussian_noise__noImbl__standard/DTmodel,1780052279784_edb427c117800529992754565,0.9217221135029354,0.5794238683127572,0.5794238683127572,0.5794238683127572,0.9217221135029354,0.9217221135029354,0.9217221135029354,0.9217221135029354,0.9217221135029354,0.9217221135029354,0.8019177276863728
7,biMaxInfgain,standard,gaussian_noise,noImbl,DTmodel,last,0.5,0.2,42,2026-05-29 19:10:20,20260529-185745,log/stroke_prediction_v2/7/biMaxInfgain/gaussian_noise__noImbl__standard/DTmodel,1780052279784_edb427c117800530202952103,0.9119373776908024,0.5180527036276522,0.5173662551440329,0.5176919688738804,0.9102359320145036,0.9119373776908024,0.911084032650073,0.9119373776908024,0.9119373776908024,0.9119373776908022,0.7736568403835327
7,biMaxInfgain,standard,gaussian_noise,noImbl,GradientBoosting,first,0.5,0.1,42,2026-05-29 19:09:16,20260529-185745,log/stroke_prediction_v2/7/biMaxInfgain/standard__gaussian_noise__noImbl/GradientBoosting,1780052279784_edb427c117800529560323897,0.9471624266144814,0.475442043222004,0.4979423868312758,0.4864321608040201,0.9043633385749272,0.9471624266144816,0.9252682197681164,0.9471624266144814,0.9471624266144814,0.9471624266144814,0.7783948045944336
7,biMaxInfgain,standard,gaussian_noise,noImbl,GradientBoosting,first,0.5,0.2,42,2026-05-29 19:09:36,20260529-185745,log/stroke_prediction_v2/7/biMaxInfgain/standard__gaussian_noise__noImbl/GradientBoosting,1780052279784_edb427c117800529767906955,0.946183953033268,0.4754178957718781,0.4974279835390947,0.486173956762192,0.9043174064388756,0.946183953033268,0.9247770762678094,0.946183953033268,0.946183953033268,0.946183953033268,0.7778325647427922
7,biMaxInfgain,standard,gaussian_noise,noImbl,GradientBoosting,last,0.5,0.1,42,2026-05-29 19:10:00,20260529-185745,log/stroke_prediction_v2/7/biMaxInfgain/gaussian_noise__noImbl__standard/GradientBoosting,1780052279784_edb427c117800530008672476,0.949119373776908,0.4754901960784314,0.4989711934156378,0.4869477911646586,0.9044549326579948,0.949119373776908,0.926249027420838,0.949119373776908,0.949119373776908,0.949119373776908,0.7795189045137939
7,biMaxInfgain,standard,gaussian_noise,noImbl,GradientBoosting,last,0.5,0.2,42,2026-05-29 19:10:21,20260529-185745,log/stroke_prediction_v2/7/biMaxInfgain/gaussian_noise__noImbl__standard/GradientBoosting,1780052279784_edb427c117800530218108561,0.9500978473581212,0.4755142017629775,0.499485596707819,0.4872052182639237,0.9045005951342742,0.9500978473581214,0.9267386930577962,0.9500978473581212,0.9500978473581212,0.9500978473581212,0.7800807650020133
7,biMaxInfgain,standard,gaussian_noise,noImbl,LogisticRegression,first,0.5,0.1,42,2026-05-29 19:09:14,20260529-185745,log/stroke_prediction_v2/7/biMaxInfgain/standard__gaussian_noise__noImbl/LogisticRegression,1780052279784_edb427c117800529547183211,0.9510763209393346,0.4755381604696673,0.5,0.4874623871614844,0.9045461682515002,0.9510763209393346,0.9272278675557002,0.9510763209393346,0.9510763209393346,0.9510763209393346,0.7806424994554282
7,biMaxInfgain,standard,gaussian_noise,noImbl,LogisticRegression,first,0.5,0.2,42,2026-05-29 19:09:35,20260529-185745,log/stroke_prediction_v2/7/biMaxInfgain/standard__gaussian_noise__noImbl/LogisticRegression,1780052279784_edb427c117800529755408899,0.9510763209393346,0.4755381604696673,0.5,0.4874623871614844,0.9045461682515002,0.9510763209393346,0.9272278675557002,0.9510763209393346,0.9510763209393346,0.9510763209393346,0.7806424994554282
7,biMaxInfgain,standard,gaussian_noise,noImbl,LogisticRegression,last,0.5,0.1,42,2026-05-29 19:09:59,20260529-185745,log/stroke_prediction_v2/7/biMaxInfgain/gaussian_noise__noImbl__standard/LogisticRegression,1780052279784_edb427c117800529995598085,0.9510763209393346,0.4755381604696673,0.5,0.4874623871614844,0.9045461682515002,0.9510763209393346,0.9272278675557002,0.9510763209393346,0.9510763209393346,0.9510763209393346,0.7806424994554282
7,biMaxInfgain,standard,gaussian_noise,noImbl,LogisticRegression,last,0.5,0.2,42,2026-05-29 19:10:20,20260529-185745,log/stroke_prediction_v2/7/biMaxInfgain/gaussian_noise__noImbl__standard/LogisticRegression,1780052279784_edb427c117800530205604238,0.9510763209393346,0.4755381604696673,0.5,0.4874623871614844,0.9045461682515002,0.9510763209393346,0.9272278675557002,0.9510763209393346,0.9510763209393346,0.9510763209393346,0.7806424994554282
7,biMaxInfgain,standard,gaussian_noise,noImbl,XGBmodel,first,0.5,0.1,42,2026-05-29 19:09:14,20260529-185745,log/stroke_prediction_v2/7/biMaxInfgain/standard__gaussian_noise__noImbl/XGBmodel,1780052279784_edb427c117800529543062009,0.9510763209393346,0.4755381604696673,0.5,0.4874623871614844,0.9045461682515002,0.9510763209393346,0.9272278675557002,0.9510763209393346,0.9510763209393346,0.9510763209393346,0.7806424994554282
7,biMaxInfgain,standard,gaussian_noise,noImbl,XGBmodel,first,0.5,0.2,42,2026-05-29 19:09:35,20260529-185745,log/stroke_prediction_v2/7/biMaxInfgain/standard__gaussian_noise__noImbl/XGBmodel,1780052279784_edb427c117800529751378195,0.9500978473581212,0.4755142017629775,0.499485596707819,0.4872052182639237,0.9045005951342742,0.9500978473581214,0.9267386930577962,0.9500978473581212,0.9500978473581212,0.9500978473581212,0.7800807650020133
7,biMaxInfgain,standard,gaussian_noise,noImbl,XGBmodel,last,0.5,0.1,42,2026-05-29 19:09:59,20260529-185745,log/stroke_prediction_v2/7/biMaxInfgain/gaussian_noise__noImbl__standard/XGBmodel,1780052279784_edb427c117800529991427134,0.9510763209393346,0.4755381604696673,0.5,0.4874623871614844,0.9045461682515002,0.9510763209393346,0.9272278675557002,0.9510763209393346,0.9510763209393346,0.9510763209393346,0.7806424994554282
7,biMaxInfgain,standard,gaussian_noise,noImbl,XGBmodel,last,0.5,0.2,42,2026-05-29 19:10:20,20260529-185745,log/stroke_prediction_v2/7/biMaxInfgain/gaussian_noise__noImbl__standard/XGBmodel,1780052279784_edb427c117800530201698315,0.9510763209393346,0.4755381604696673,0.5,0.4874623871614844,0.9045461682515002,0.9510763209393346,0.9272278675557002,0.9510763209393346,0.9510763209393346,0.9510763209393346,0.7806424994554282
7,biMaxInfgain,standard,gaussian_noise,noImbl,random_forest,first,0.5,0.1,42,2026-05-29 19:09:14,20260529-185745,log/stroke_prediction_v2/7/biMaxInfgain/standard__gaussian_noise__noImbl/random_forest,1780052279784_edb427c117800529541820905,0.9471624266144814,0.6438943894389438,0.5358847736625514,0.5508935256013802,0.92406786666925,0.9471624266144812,0.9314767826160464,0.9471624266144814,0.9471624266144814,0.9471624266144814,0.8116052198554807
7,biMaxInfgain,standard,gaussian_noise,noImbl,random_forest,first,0.5,0.2,42,2026-05-29 19:09:35,20260529-185745,log/stroke_prediction_v2/7/biMaxInfgain/standard__gaussian_noise__noImbl/random_forest,1780052279784_edb427c117800529750128724,0.946183953033268,0.6310513074635968,0.5353703703703704,0.5496101856525885,0.9227704833825092,0.9461839530332682,0.9308834010071106,0.946183953033268,0.946183953033268,0.946183953033268,0.8094668353339096
7,biMaxInfgain,standard,gaussian_noise,noImbl,random_forest,last,0.5,0.1,42,2026-05-29 19:09:59,20260529-185745,log/stroke_prediction_v2/7/biMaxInfgain/gaussian_noise__noImbl__standard/random_forest,1780052279784_edb427c117800529990182642,0.9452054794520548,0.6200396825396826,0.5348559670781893,0.5483585858585859,0.9216522225328488,0.9452054794520548,0.9302926525529264,0.9452054794520548,0.9452054794520548,0.9452054794520548,0.8075346647576206
7,biMaxInfgain,standard,gaussian_noise,noImbl,random_forest,last,0.5,0.2,42,2026-05-29 19:10:20,20260529-185745,log/stroke_prediction_v2/7/biMaxInfgain/gaussian_noise__noImbl__standard/random_forest,1780052279784_edb427c117800530200441670,0.943248532289628,0.5838293650793651,0.5243415637860082,0.5322285353535354,0.9172141459323456,0.943248532289628,0.9278031044298168,0.943248532289628,0.943248532289628,0.943248532289628,0.798842666363126
7,biMaxInfgain,standard,gaussian_noise,noImbl,sklearn_SVM,first,0.5,0.1,42,2026-05-29 19:09:13,20260529-185745,log/stroke_prediction_v2/7/biMaxInfgain/standard__gaussian_noise__noImbl/sklearn_SVM,1780052279784_edb427c117800529532356132,0.9452054794520548,0.4753937007874016,0.4969135802469136,0.4859154929577465,0.9042713838852336,0.9452054794520548,0.9242854386593534,0.9452054794520548,0.9452054794520548,0.9452054794520548,0.7772701980153415
7,biMaxInfgain,standard,gaussian_noise,noImbl,sklearn_SVM,first,0.5,0.2,42,2026-05-29 19:09:34,20260529-185745,log/stroke_prediction_v2/7/biMaxInfgain/standard__gaussian_noise__noImbl/sklearn_SVM,1780052279784_edb427c117800529740993271,0.949119373776908,0.6009332023575638,0.5084567901234568,0.5054531918853528,0.9175285179873816,0.949119373776908,0.9280360634804086,0.949119373776908,0.949119373776908,0.949119373776908,0.7973629888624674
7,biMaxInfgain,standard,gaussian_noise,noImbl,sklearn_SVM,last,0.5,0.1,42,2026-05-29 19:09:57,20260529-185745,log/stroke_prediction_v2/7/biMaxInfgain/gaussian_noise__noImbl__standard/sklearn_SVM,1780052279784_edb427c117800529979995231,0.949119373776908,0.4754901960784314,0.4989711934156378,0.4869477911646586,0.9044549326579948,0.949119373776908,0.926249027420838,0.949119373776908,0.949119373776908,0.949119373776908,0.7795189045137939
7,biMaxInfgain,standard,gaussian_noise,noImbl,sklearn_SVM,last,0.5,0.2,42,2026-05-29 19:10:19,20260529-185745,log/stroke_prediction_v2/7/biMaxInfgain/gaussian_noise__noImbl__standard/sklearn_SVM,1780052279784_edb427c117800530190891165,0.9481409001956947,0.4754661432777232,0.4984567901234568,0.4866901054746358,0.9044091805595832,0.9481409001956947,0.9257588699047868,0.9481409001956947,0.9481409001956947,0.9481409001956947,0.7789569177812675
7,biMaxInfgain,standard,mixup,noImbl,DTmodel,first,0.5,0.1,42,2026-05-29 19:10:31,20260529-185745,log/stroke_prediction_v2/7/biMaxInfgain/standard__mixup__noImbl/DTmodel,1780052279784_edb427c117800530312913757,0.9217221135029354,0.5654401282965074,0.5604526748971194,0.5627994524298425,0.9186573222323424,0.9217221135029356,0.9201716916408488,0.9217221135029354,0.9217221135029354,0.9217221135029354,0.7955895295543746
7,biMaxInfgain,standard,mixup,noImbl,DTmodel,first,0.5,0.2,42,2026-05-29 19:10:40,20260529-185745,log/stroke_prediction_v2/7/biMaxInfgain/standard__mixup__noImbl/DTmodel,1780052279784_edb427c117800530408128023,0.901174168297456,0.5377119637415019,0.5496502057613168,0.542169529714937,0.9150905139673912,0.901174168297456,0.90791790183989,0.901174168297456,0.901174168297456,0.901174168297456,0.7782280503992274
7,biMaxInfgain,standard,mixup,noImbl,DTmodel,last,0.5,0.1,42,2026-05-29 19:10:51,20260529-185745,log/stroke_prediction_v2/7/biMaxInfgain/mixup__noImbl__standard/DTmodel,1780052279784_edb427c117800530512080361,0.9197651663405088,0.5456869306562557,0.5404526748971195,0.5428041462084016,0.9149590219848224,0.9197651663405088,0.9173279183655167,0.9197651663405088,0.9197651663405088,0.9197651663405088,0.787035738976111
7,biMaxInfgain,standard,mixup,noImbl,DTmodel,last,0.5,0.2,42,2026-05-29 19:11:00,20260529-185745,log/stroke_prediction_v2/7/biMaxInfgain/mixup__noImbl__standard/DTmodel,1780052279784_edb427c117800530608347435,0.9129158512720156,0.5278960505065334,0.5273662551440329,0.5276258731271585,0.9120824750798824,0.9129158512720156,0.9124984190096704,0.9129158512720156,0.9129158512720156,0.9129158512720156,0.7779194624023754
7,biMaxInfgain,standard,mixup,noImbl,GradientBoosting,first,0.5,0.1,42,2026-05-29 19:10:32,20260529-185745,log/stroke_prediction_v2/7/biMaxInfgain/standard__mixup__noImbl/GradientBoosting,1780052279784_edb427c117800530322064159,0.9471624266144814,0.475442043222004,0.4979423868312758,0.4864321608040201,0.9043633385749272,0.9471624266144816,0.9252682197681164,0.9471624266144814,0.9471624266144814,0.9471624266144814,0.7783948045944336
7,biMaxInfgain,standard,mixup,noImbl,GradientBoosting,first,0.5,0.2,42,2026-05-29 19:10:41,20260529-185745,log/stroke_prediction_v2/7/biMaxInfgain/standard__mixup__noImbl/GradientBoosting,1780052279784_edb427c117800530417040231,0.9471624266144814,0.475442043222004,0.4979423868312758,0.4864321608040201,0.9043633385749272,0.9471624266144816,0.9252682197681164,0.9471624266144814,0.9471624266144814,0.9471624266144814,0.7783948045944336
7,biMaxInfgain,standard,mixup,noImbl,GradientBoosting,last,0.5,0.1,42,2026-05-29 19:10:52,20260529-185745,log/stroke_prediction_v2/7/biMaxInfgain/mixup__noImbl__standard/GradientBoosting,1780052279784_edb427c117800530521336224,0.949119373776908,0.4754901960784314,0.4989711934156378,0.4869477911646586,0.9044549326579948,0.949119373776908,0.926249027420838,0.949119373776908,0.949119373776908,0.949119373776908,0.7795189045137939
7,biMaxInfgain,standard,mixup,noImbl,GradientBoosting,last,0.5,0.2,42,2026-05-29 19:11:01,20260529-185745,log/stroke_prediction_v2/7/biMaxInfgain/mixup__noImbl__standard/GradientBoosting,1780052279784_edb427c117800530617174809,0.949119373776908,0.6009332023575638,0.5084567901234568,0.5054531918853528,0.9175285179873816,0.949119373776908,0.9280360634804086,0.949119373776908,0.949119373776908,0.949119373776908,0.7973629888624674
7,biMaxInfgain,standard,mixup,noImbl,LogisticRegression,first,0.5,0.1,42,2026-05-29 19:10:31,20260529-185745,log/stroke_prediction_v2/7/biMaxInfgain/standard__mixup__noImbl/LogisticRegression,1780052279784_edb427c117800530314938114,0.9510763209393346,0.4755381604696673,0.5,0.4874623871614844,0.9045461682515002,0.9510763209393346,0.9272278675557002,0.9510763209393346,0.9510763209393346,0.9510763209393346,0.7806424994554282
7,biMaxInfgain,standard,mixup,noImbl,LogisticRegression,first,0.5,0.2,42,2026-05-29 19:10:41,20260529-185745,log/stroke_prediction_v2/7/biMaxInfgain/standard__mixup__noImbl/LogisticRegression,1780052279784_edb427c117800530410089936,0.9510763209393346,0.4755381604696673,0.5,0.4874623871614844,0.9045461682515002,0.9510763209393346,0.9272278675557002,0.9510763209393346,0.9510763209393346,0.9510763209393346,0.7806424994554282
7,biMaxInfgain,standard,mixup,noImbl,LogisticRegression,last,0.5,0.1,42,2026-05-29 19:10:51,20260529-185745,log/stroke_prediction_v2/7/biMaxInfgain/mixup__noImbl__standard/LogisticRegression,1780052279784_edb427c117800530514132365,0.9510763209393346,0.4755381604696673,0.5,0.4874623871614844,0.9045461682515002,0.9510763209393346,0.9272278675557002,0.9510763209393346,0.9510763209393346,0.9510763209393346,0.7806424994554282
7,biMaxInfgain,standard,mixup,noImbl,LogisticRegression,last,0.5,0.2,42,2026-05-29 19:11:01,20260529-185745,log/stroke_prediction_v2/7/biMaxInfgain/mixup__noImbl__standard/LogisticRegression,1780052279784_edb427c117800530610375796,0.9510763209393346,0.4755381604696673,0.5,0.4874623871614844,0.9045461682515002,0.9510763209393346,0.9272278675557002,0.9510763209393346,0.9510763209393346,0.9510763209393346,0.7806424994554282
7,biMaxInfgain,standard,mixup,noImbl,XGBmodel,first,0.5,0.1,42,2026-05-29 19:10:31,20260529-185745,log/stroke_prediction_v2/7/biMaxInfgain/standard__mixup__noImbl/XGBmodel,1780052279784_edb427c117800530311789804,0.9510763209393346,0.4755381604696673,0.5,0.4874623871614844,0.9045461682515002,0.9510763209393346,0.9272278675557002,0.9510763209393346,0.9510763209393346,0.9510763209393346,0.7806424994554282
7,biMaxInfgain,standard,mixup,noImbl,XGBmodel,first,0.5,0.2,42,2026-05-29 19:10:40,20260529-185745,log/stroke_prediction_v2/7/biMaxInfgain/standard__mixup__noImbl/XGBmodel,1780052279784_edb427c117800530407000151,0.9510763209393346,0.7259803921568627,0.509485596707819,0.5066805684275564,0.929849199953954,0.9510763209393348,0.9290856032892674,0.9510763209393346,0.9510763209393346,0.9510763209393346,0.8123269730151209
7,biMaxInfgain,standard,mixup,noImbl,XGBmodel,last,0.5,0.1,42,2026-05-29 19:10:51,20260529-185745,log/stroke_prediction_v2/7/biMaxInfgain/mixup__noImbl__standard/XGBmodel,1780052279784_edb427c117800530510973880,0.9510763209393346,0.7264243614931238,0.5189711934156378,0.5244742229666852,0.9306936973998362,0.9510763209393344,0.9308039071927005,0.9510763209393346,0.9510763209393346,0.9510763209393346,0.8163311731305013
7,biMaxInfgain,standard,mixup,noImbl,XGBmodel,last,0.5,0.2,42,2026-05-29 19:11:00,20260529-185745,log/stroke_prediction_v2/7/biMaxInfgain/mixup__noImbl__standard/XGBmodel,1780052279784_edb427c117800530607187891,0.949119373776908,0.4754901960784314,0.4989711934156378,0.4869477911646586,0.9044549326579948,0.949119373776908,0.926249027420838,0.949119373776908,0.949119373776908,0.949119373776908,0.7795189045137939
7,biMaxInfgain,standard,mixup,noImbl,random_forest,first,0.5,0.1,42,2026-05-29 19:10:31,20260529-185745,log/stroke_prediction_v2/7/biMaxInfgain/standard__mixup__noImbl/random_forest,1780052279784_edb427c117800530310539432,0.949119373776908,0.6772727272727272,0.5369135802469136,0.5535618279569893,0.927415050702722,0.949119373776908,0.9326720745744168,0.949119373776908,0.949119373776908,0.949119373776908,0.8167429707127102
7,biMaxInfgain,standard,mixup,noImbl,random_forest,first,0.5,0.2,42,2026-05-29 19:10:40,20260529-185745,log/stroke_prediction_v2/7/biMaxInfgain/standard__mixup__noImbl/random_forest,1780052279784_edb427c117800530405759563,0.946183953033268,0.5874191071624437,0.5163991769547325,0.5200444008026299,0.916882441717125,0.946183953033268,0.9280409399061073,0.946183953033268,0.946183953033268,0.946183953033268,0.7977564549030478
7,biMaxInfgain,standard,mixup,noImbl,random_forest,last,0.5,0.1,42,2026-05-29 19:10:50,20260529-185745,log/stroke_prediction_v2/7/biMaxInfgain/mixup__noImbl__standard/random_forest,1780052279784_edb427c117800530509669984,0.9452054794520548,0.4753937007874016,0.4969135802469136,0.4859154929577465,0.9042713838852336,0.9452054794520548,0.9242854386593534,0.9452054794520548,0.9452054794520548,0.9452054794520548,0.7772701980153415
7,biMaxInfgain,standard,mixup,noImbl,random_forest,last,0.5,0.2,42,2026-05-29 19:11:00,20260529-185745,log/stroke_prediction_v2/7/biMaxInfgain/mixup__noImbl__standard/random_forest,1780052279784_edb427c117800530605935601,0.9481409001956947,0.6192118226600984,0.5174279835390947,0.5217510308231575,0.9200775066757926,0.9481409001956947,0.9291411443583694,0.9481409001956947,0.9481409001956947,0.9481409001956947,0.8025619176430053
7,biMaxInfgain,standard,mixup,noImbl,sklearn_SVM,first,0.5,0.1,42,2026-05-29 19:10:30,20260529-185745,log/stroke_prediction_v2/7/biMaxInfgain/standard__mixup__noImbl/sklearn_SVM,1780052279784_edb427c117800530305437070,0.949119373776908,0.6430446194225722,0.5179423868312758,0.5226358148893361,0.9224514743876192,0.949119373776908,0.9296936216122568,0.949119373776908,0.949119373776908,0.949119373776908,0.8058410130501487
7,biMaxInfgain,standard,mixup,noImbl,sklearn_SVM,first,0.5,0.2,42,2026-05-29 19:10:40,20260529-185745,log/stroke_prediction_v2/7/biMaxInfgain/standard__mixup__noImbl/sklearn_SVM,1780052279784_edb427c117800530401250468,0.9481409001956947,0.5759095378564405,0.5079423868312758,0.5048585401526577,0.915037320541018,0.9481409001956947,0.9275124553126164,0.9481409001956947,0.9481409001956947,0.9481409001956947,0.7940009339209423
7,biMaxInfgain,standard,mixup,noImbl,sklearn_SVM,last,0.5,0.1,42,2026-05-29 19:10:50,20260529-185745,log/stroke_prediction_v2/7/biMaxInfgain/mixup__noImbl__standard/sklearn_SVM,1780052279784_edb427c117800530504874173,0.9471624266144814,0.6013313609467457,0.5169135802469136,0.5208875924575477,0.9182858763996804,0.9471624266144816,0.9285902865371046,0.9471624266144814,0.9471624266144814,0.9471624266144814,0.7999397342543241
7,biMaxInfgain,standard,mixup,noImbl,sklearn_SVM,last,0.5,0.2,42,2026-05-29 19:11:00,20260529-185745,log/stroke_prediction_v2/7/biMaxInfgain/mixup__noImbl__standard/sklearn_SVM,1780052279784_edb427c117800530601261892,0.9471624266144814,0.6013313609467457,0.5169135802469136,0.5208875924575477,0.9182858763996804,0.9471624266144816,0.9285902865371046,0.9471624266144814,0.9471624266144814,0.9471624266144814,0.7999397342543241
7,biMaxInfgain,standard,noAug,noImbl,DTmodel,first,0.5,0.1,42,2026-05-29 19:11:08,20260529-185745,log/stroke_prediction_v2/7/biMaxInfgain/standard__noAug__noImbl/DTmodel,1780052279784_edb427c117800530681003396,0.9197651663405088,0.5456869306562557,0.5404526748971195,0.5428041462084016,0.9149590219848224,0.9197651663405088,0.9173279183655167,0.9197651663405088,0.9197651663405088,0.9197651663405088,0.787035738976111
7,biMaxInfgain,standard,noAug,noImbl,DTmodel,first,0.5,0.2,42,2026-05-29 19:11:14,20260529-185745,log/stroke_prediction_v2/7/biMaxInfgain/standard__noAug__noImbl/DTmodel,1780052279784_edb427c117800530744475091,0.9080234833659492,0.5307971014492754,0.5342798353909465,0.5323519675993535,0.9129978971934216,0.9080234833659492,0.9104842138185688,0.9080234833659492,0.9080234833659492,0.9080234833659492,0.7774423039624322
7,biMaxInfgain,standard,noAug,noImbl,DTmodel,last,0.5,0.1,42,2026-05-29 19:11:21,20260529-185745,log/stroke_prediction_v2/7/biMaxInfgain/noAug__noImbl__standard/DTmodel,1780052279784_edb427c117800530813467921,0.9197651663405088,0.5456869306562557,0.5404526748971195,0.5428041462084016,0.9149590219848224,0.9197651663405088,0.9173279183655167,0.9197651663405088,0.9197651663405088,0.9197651663405088,0.787035738976111
7,biMaxInfgain,standard,noAug,noImbl,DTmodel,last,0.5,0.2,42,2026-05-29 19:11:27,20260529-185745,log/stroke_prediction_v2/7/biMaxInfgain/noAug__noImbl__standard/DTmodel,1780052279784_edb427c117800530877847853,0.9080234833659492,0.5307971014492754,0.5342798353909465,0.5323519675993535,0.9129978971934216,0.9080234833659492,0.9104842138185688,0.9080234833659492,0.9080234833659492,0.9080234833659492,0.7774423039624322
7,biMaxInfgain,standard,noAug,noImbl,GradientBoosting,first,0.5,0.1,42,2026-05-29 19:11:08,20260529-185745,log/stroke_prediction_v2/7/biMaxInfgain/standard__noAug__noImbl/GradientBoosting,1780052279784_edb427c117800530686811351,0.9471624266144814,0.475442043222004,0.4979423868312758,0.4864321608040201,0.9043633385749272,0.9471624266144816,0.9252682197681164,0.9471624266144814,0.9471624266144814,0.9471624266144814,0.7783948045944336
7,biMaxInfgain,standard,noAug,noImbl,GradientBoosting,first,0.5,0.2,42,2026-05-29 19:11:14,20260529-185745,log/stroke_prediction_v2/7/biMaxInfgain/standard__noAug__noImbl/GradientBoosting,1780052279784_edb427c117800530749787772,0.946183953033268,0.5472906403940886,0.5069135802469136,0.5037038999108238,0.9121513886612744,0.9461839530332682,0.926467225277553,0.946183953033268,0.946183953033268,0.946183953033268,0.7896348109217913
7,biMaxInfgain,standard,noAug,noImbl,GradientBoosting,last,0.5,0.1,42,2026-05-29 19:11:21,20260529-185745,log/stroke_prediction_v2/7/biMaxInfgain/noAug__noImbl__standard/GradientBoosting,1780052279784_edb427c117800530819399561,0.9471624266144814,0.475442043222004,0.4979423868312758,0.4864321608040201,0.9043633385749272,0.9471624266144816,0.9252682197681164,0.9471624266144814,0.9471624266144814,0.9471624266144814,0.7783948045944336
7,biMaxInfgain,standard,noAug,noImbl,GradientBoosting,last,0.5,0.2,42,2026-05-29 19:11:28,20260529-185745,log/stroke_prediction_v2/7/biMaxInfgain/noAug__noImbl__standard/GradientBoosting,1780052279784_edb427c117800530883271847,0.946183953033268,0.5472906403940886,0.5069135802469136,0.5037038999108238,0.9121513886612744,0.9461839530332682,0.926467225277553,0.946183953033268,0.946183953033268,0.946183953033268,0.7896348109217913
7,biMaxInfgain,standard,noAug,noImbl,LogisticRegression,first,0.5,0.1,42,2026-05-29 19:11:08,20260529-185745,log/stroke_prediction_v2/7/biMaxInfgain/standard__noAug__noImbl/LogisticRegression,1780052279784_edb427c117800530682753118,0.9510763209393346,0.4755381604696673,0.5,0.4874623871614844,0.9045461682515002,0.9510763209393346,0.9272278675557002,0.9510763209393346,0.9510763209393346,0.9510763209393346,0.7806424994554282
7,biMaxInfgain,standard,noAug,noImbl,LogisticRegression,first,0.5,0.2,42,2026-05-29 19:11:14,20260529-185745,log/stroke_prediction_v2/7/biMaxInfgain/standard__noAug__noImbl/LogisticRegression,1780052279784_edb427c117800530746177765,0.9510763209393346,0.4755381604696673,0.5,0.4874623871614844,0.9045461682515002,0.9510763209393346,0.9272278675557002,0.9510763209393346,0.9510763209393346,0.9510763209393346,0.7806424994554282
7,biMaxInfgain,standard,noAug,noImbl,LogisticRegression,last,0.5,0.1,42,2026-05-29 19:11:21,20260529-185745,log/stroke_prediction_v2/7/biMaxInfgain/noAug__noImbl__standard/LogisticRegression,1780052279784_edb427c117800530815355594,0.9510763209393346,0.4755381604696673,0.5,0.4874623871614844,0.9045461682515002,0.9510763209393346,0.9272278675557002,0.9510763209393346,0.9510763209393346,0.9510763209393346,0.7806424994554282
7,biMaxInfgain,standard,noAug,noImbl,LogisticRegression,last,0.5,0.2,42,2026-05-29 19:11:27,20260529-185745,log/stroke_prediction_v2/7/biMaxInfgain/noAug__noImbl__standard/LogisticRegression,1780052279784_edb427c117800530879595286,0.9510763209393346,0.4755381604696673,0.5,0.4874623871614844,0.9045461682515002,0.9510763209393346,0.9272278675557002,0.9510763209393346,0.9510763209393346,0.9510763209393346,0.7806424994554282
7,biMaxInfgain,standard,noAug,noImbl,XGBmodel,first,0.5,0.1,42,2026-05-29 19:11:07,20260529-185745,log/stroke_prediction_v2/7/biMaxInfgain/standard__noAug__noImbl/XGBmodel,1780052279784_edb427c117800530679920475,0.9510763209393346,0.4755381604696673,0.5,0.4874623871614844,0.9045461682515002,0.9510763209393346,0.9272278675557002,0.9510763209393346,0.9510763209393346,0.9510763209393346,0.7806424994554282
7,biMaxInfgain,standard,noAug,noImbl,XGBmodel,first,0.5,0.2,42,2026-05-29 19:11:14,20260529-185745,log/stroke_prediction_v2/7/biMaxInfgain/standard__noAug__noImbl/XGBmodel,1780052279784_edb427c117800530743362018,0.9500978473581212,0.4755142017629775,0.499485596707819,0.4872052182639237,0.9045005951342742,0.9500978473581214,0.9267386930577962,0.9500978473581212,0.9500978473581212,0.9500978473581212,0.7800807650020133
7,biMaxInfgain,standard,noAug,noImbl,XGBmodel,last,0.5,0.1,42,2026-05-29 19:11:21,20260529-185745,log/stroke_prediction_v2/7/biMaxInfgain/noAug__noImbl__standard/XGBmodel,1780052279784_edb427c117800530812393263,0.9510763209393346,0.4755381604696673,0.5,0.4874623871614844,0.9045461682515002,0.9510763209393346,0.9272278675557002,0.9510763209393346,0.9510763209393346,0.9510763209393346,0.7806424994554282
7,biMaxInfgain,standard,noAug,noImbl,XGBmodel,last,0.5,0.2,42,2026-05-29 19:11:27,20260529-185745,log/stroke_prediction_v2/7/biMaxInfgain/noAug__noImbl__standard/XGBmodel,1780052279784_edb427c117800530876670178,0.9500978473581212,0.4755142017629775,0.499485596707819,0.4872052182639237,0.9045005951342742,0.9500978473581214,0.9267386930577962,0.9500978473581212,0.9500978473581212,0.9500978473581212,0.7800807650020133
7,biMaxInfgain,standard,noAug,noImbl,random_forest,first,0.5,0.1,42,2026-05-29 19:11:07,20260529-185745,log/stroke_prediction_v2/7/biMaxInfgain/standard__noAug__noImbl/random_forest,1780052279784_edb427c117800530678564669,0.9510763209393346,0.7273175542406312,0.5379423868312758,0.5563774004236552,0.9323926863442143,0.9510763209393348,0.9338798949417636,0.9510763209393346,0.9510763209393346,0.9510763209393346,0.8237343854221587
7,biMaxInfgain,standard,noAug,noImbl,random_forest,first,0.5,0.2,42,2026-05-29 19:11:14,20260529-185745,log/stroke_prediction_v2/7/biMaxInfgain/standard__noAug__noImbl/random_forest,1780052279784_edb427c117800530742104217,0.9481409001956947,0.5759095378564405,0.5079423868312758,0.5048585401526577,0.915037320541018,0.9481409001956947,0.9275124553126164,0.9481409001956947,0.9481409001956947,0.9481409001956947,0.7940009339209423
7,biMaxInfgain,standard,noAug,noImbl,random_forest,last,0.5,0.1,42,2026-05-29 19:11:21,20260529-185745,log/stroke_prediction_v2/7/biMaxInfgain/noAug__noImbl__standard/random_forest,1780052279784_edb427c117800530811121016,0.9510763209393346,0.7273175542406312,0.5379423868312758,0.5563774004236552,0.9323926863442143,0.9510763209393348,0.9338798949417636,0.9510763209393346,0.9510763209393346,0.9510763209393346,0.8237343854221587
7,biMaxInfgain,standard,noAug,noImbl,random_forest,last,0.5,0.2,42,2026-05-29 19:11:27,20260529-185745,log/stroke_prediction_v2/7/biMaxInfgain/noAug__noImbl__standard/random_forest,1780052279784_edb427c117800530875361412,0.9481409001956947,0.5759095378564405,0.5079423868312758,0.5048585401526577,0.915037320541018,0.9481409001956947,0.9275124553126164,0.9481409001956947,0.9481409001956947,0.9481409001956947,0.7940009339209423
7,biMaxInfgain,standard,noAug,noImbl,sklearn_SVM,first,0.5,0.1,42,2026-05-29 19:11:07,20260529-185745,log/stroke_prediction_v2/7/biMaxInfgain/standard__noAug__noImbl/sklearn_SVM,1780052279784_edb427c117800530675379537,0.949119373776908,0.4754901960784314,0.4989711934156378,0.4869477911646586,0.9044549326579948,0.949119373776908,0.926249027420838,0.949119373776908,0.949119373776908,0.949119373776908,0.7795189045137939
7,biMaxInfgain,standard,noAug,noImbl,sklearn_SVM,first,0.5,0.2,42,2026-05-29 19:11:13,20260529-185745,log/stroke_prediction_v2/7/biMaxInfgain/standard__noAug__noImbl/sklearn_SVM,1780052279784_edb427c117800530739298366,0.9500978473581212,0.4755142017629775,0.499485596707819,0.4872052182639237,0.9045005951342742,0.9500978473581214,0.9267386930577962,0.9500978473581212,0.9500978473581212,0.9500978473581212,0.7800807650020133
7,biMaxInfgain,standard,noAug,noImbl,sklearn_SVM,last,0.5,0.1,42,2026-05-29 19:11:20,20260529-185745,log/stroke_prediction_v2/7/biMaxInfgain/noAug__noImbl__standard/sklearn_SVM,1780052279784_edb427c117800530808026751,0.949119373776908,0.4754901960784314,0.4989711934156378,0.4869477911646586,0.9044549326579948,0.949119373776908,0.926249027420838,0.949119373776908,0.949119373776908,0.949119373776908,0.7795189045137939
7,biMaxInfgain,standard,noAug,noImbl,sklearn_SVM,last,0.5,0.2,42,2026-05-29 19:11:27,20260529-185745,log/stroke_prediction_v2/7/biMaxInfgain/noAug__noImbl__standard/sklearn_SVM,1780052279784_edb427c117800530872372049,0.9500978473581212,0.4755142017629775,0.499485596707819,0.4872052182639237,0.9045005951342742,0.9500978473581214,0.9267386930577962,0.9500978473581212,0.9500978473581212,0.9500978473581212,0.7800807650020133
7,infgain,minmax,gaussian_noise,noImbl,DTmodel,first,0.5,0.1,42,2026-05-29 19:11:43,20260529-185745,log/stroke_prediction_v2/7/infgain/minmax__gaussian_noise__noImbl/DTmodel,1780052279784_edb427c117800531039243238,0.913894324853229,0.5373662551440329,0.5373662551440329,0.5373662551440329,0.913894324853229,0.913894324853229,0.913894324853229,0.913894324853229,0.913894324853229,0.913894324853229,0.7821095004550102
7,infgain,minmax,gaussian_noise,noImbl,DTmodel,first,0.5,0.2,42,2026-05-29 19:11:58,20260529-185745,log/stroke_prediction_v2/7/infgain/minmax__gaussian_noise__noImbl/DTmodel,1780052279784_edb427c117800531189196333,0.9148727984344422,0.5838836751245511,0.6042798353909464,0.5925170598021108,0.9244773935304884,0.9148727984344422,0.9194829465116922,0.9148727984344422,0.9148727984344422,0.9148727984344422,0.8040132107254457
7,infgain,minmax,gaussian_noise,noImbl,DTmodel,last,0.5,0.1,42,2026-05-29 19:12:15,20260529-185745,log/stroke_prediction_v2/7/infgain/gaussian_noise__noImbl__minmax/DTmodel,1780052279784_edb427c117800531353877376,0.923679060665362,0.5070075757575758,0.5045679012345679,0.5045125680614604,0.9080212595623556,0.923679060665362,0.915652468253798,0.923679060665362,0.923679060665362,0.923679060665362,0.7744560533688832
7,infgain,minmax,gaussian_noise,noImbl,DTmodel,last,0.5,0.2,42,2026-05-29 19:12:30,20260529-185745,log/stroke_prediction_v2/7/infgain/gaussian_noise__noImbl__minmax/DTmodel,1780052279784_edb427c117800531503456776,0.9187866927592956,0.5909586919407923,0.6063374485596709,0.597819026622099,0.9253142414481594,0.9187866927592956,0.9219506675624004,0.9187866927592956,0.9187866927592956,0.9187866927592956,0.8077411694262551
7,infgain,minmax,gaussian_noise,noImbl,GradientBoosting,first,0.5,0.1,42,2026-05-29 19:11:45,20260529-185745,log/stroke_prediction_v2/7/infgain/minmax__gaussian_noise__noImbl/GradientBoosting,1780052279784_edb427c117800531050975295,0.9471624266144814,0.475442043222004,0.4979423868312758,0.4864321608040201,0.9043633385749272,0.9471624266144816,0.9252682197681164,0.9471624266144814,0.9471624266144814,0.9471624266144814,0.7783948045944336
7,infgain,minmax,gaussian_noise,noImbl,GradientBoosting,first,0.5,0.2,42,2026-05-29 19:12:00,20260529-185745,log/stroke_prediction_v2/7/infgain/minmax__gaussian_noise__noImbl/GradientBoosting,1780052279784_edb427c117800531201261313,0.9481409001956947,0.4754661432777232,0.4984567901234568,0.4866901054746358,0.9044091805595832,0.9481409001956947,0.9257588699047868,0.9481409001956947,0.9481409001956947,0.9481409001956947,0.7789569177812675
7,infgain,minmax,gaussian_noise,noImbl,GradientBoosting,last,0.5,0.1,42,2026-05-29 19:12:16,20260529-185745,log/stroke_prediction_v2/7/infgain/gaussian_noise__noImbl__minmax/GradientBoosting,1780052279784_edb427c117800531367008701,0.949119373776908,0.4754901960784314,0.4989711934156378,0.4869477911646586,0.9044549326579948,0.949119373776908,0.926249027420838,0.949119373776908,0.949119373776908,0.949119373776908,0.7795189045137939
7,infgain,minmax,gaussian_noise,noImbl,GradientBoosting,last,0.5,0.2,42,2026-05-29 19:12:31,20260529-185745,log/stroke_prediction_v2/7/infgain/gaussian_noise__noImbl__minmax/GradientBoosting,1780052279784_edb427c117800531515939440,0.9481409001956947,0.4754661432777232,0.4984567901234568,0.4866901054746358,0.9044091805595832,0.9481409001956947,0.9257588699047868,0.9481409001956947,0.9481409001956947,0.9481409001956947,0.7789569177812675
7,infgain,minmax,gaussian_noise,noImbl,LogisticRegression,first,0.5,0.1,42,2026-05-29 19:11:44,20260529-185745,log/stroke_prediction_v2/7/infgain/minmax__gaussian_noise__noImbl/LogisticRegression,1780052279784_edb427c117800531040352186,0.9510763209393346,0.4755381604696673,0.5,0.4874623871614844,0.9045461682515002,0.9510763209393346,0.9272278675557002,0.9510763209393346,0.9510763209393346,0.9510763209393346,0.7806424994554282
7,infgain,minmax,gaussian_noise,noImbl,LogisticRegression,first,0.5,0.2,42,2026-05-29 19:11:59,20260529-185745,log/stroke_prediction_v2/7/infgain/minmax__gaussian_noise__noImbl/LogisticRegression,1780052279784_edb427c117800531190387853,0.9510763209393346,0.4755381604696673,0.5,0.4874623871614844,0.9045461682515002,0.9510763209393346,0.9272278675557002,0.9510763209393346,0.9510763209393346,0.9510763209393346,0.7806424994554282
7,infgain,minmax,gaussian_noise,noImbl,LogisticRegression,last,0.5,0.1,42,2026-05-29 19:12:15,20260529-185745,log/stroke_prediction_v2/7/infgain/gaussian_noise__noImbl__minmax/LogisticRegression,1780052279784_edb427c117800531355132385,0.9510763209393346,0.4755381604696673,0.5,0.4874623871614844,0.9045461682515002,0.9510763209393346,0.9272278675557002,0.9510763209393346,0.9510763209393346,0.9510763209393346,0.7806424994554282
7,infgain,minmax,gaussian_noise,noImbl,LogisticRegression,last,0.5,0.2,42,2026-05-29 19:12:30,20260529-185745,log/stroke_prediction_v2/7/infgain/gaussian_noise__noImbl__minmax/LogisticRegression,1780052279784_edb427c117800531504684390,0.9510763209393346,0.4755381604696673,0.5,0.4874623871614844,0.9045461682515002,0.9510763209393346,0.9272278675557002,0.9510763209393346,0.9510763209393346,0.9510763209393346,0.7806424994554282
7,infgain,minmax,gaussian_noise,noImbl,XGBmodel,first,0.5,0.1,42,2026-05-29 19:11:43,20260529-185745,log/stroke_prediction_v2/7/infgain/minmax__gaussian_noise__noImbl/XGBmodel,1780052279784_edb427c117800531037954862,0.9510763209393346,0.7264243614931238,0.5189711934156378,0.5244742229666852,0.9306936973998362,0.9510763209393344,0.9308039071927005,0.9510763209393346,0.9510763209393346,0.9510763209393346,0.8163311731305013
7,infgain,minmax,gaussian_noise,noImbl,XGBmodel,first,0.5,0.2,42,2026-05-29 19:11:58,20260529-185745,log/stroke_prediction_v2/7/infgain/minmax__gaussian_noise__noImbl/XGBmodel,1780052279784_edb427c117800531187869230,0.9500978473581212,0.6426234870788354,0.5089711934156378,0.5060602901737061,0.9216504163874,0.9500978473581212,0.9285604219838514,0.9500978473581212,0.9500978473581212,0.9500978473581212,0.8025567554550692
7,infgain,minmax,gaussian_noise,noImbl,XGBmodel,last,0.5,0.1,42,2026-05-29 19:12:15,20260529-185745,log/stroke_prediction_v2/7/infgain/gaussian_noise__noImbl__minmax/XGBmodel,1780052279784_edb427c117800531352518419,0.949119373776908,0.4754901960784314,0.4989711934156378,0.4869477911646586,0.9044549326579948,0.949119373776908,0.926249027420838,0.949119373776908,0.949119373776908,0.949119373776908,0.7795189045137939
7,infgain,minmax,gaussian_noise,noImbl,XGBmodel,last,0.5,0.2,42,2026-05-29 19:12:30,20260529-185745,log/stroke_prediction_v2/7/infgain/gaussian_noise__noImbl__minmax/XGBmodel,1780052279784_edb427c117800531502026558,0.9481409001956947,0.6434682461335965,0.5269135802469136,0.5374973316825342,0.9232572770551648,0.9481409001956947,0.9306576330004304,0.9481409001956947,0.9481409001956947,0.9481409001956947,0.80884351512429
7,infgain,minmax,gaussian_noise,noImbl,random_forest,first,0.5,0.1,42,2026-05-29 19:11:43,20260529-185745,log/stroke_prediction_v2/7/infgain/minmax__gaussian_noise__noImbl/random_forest,1780052279784_edb427c117800531036711119,0.9510763209393346,0.7282178217821782,0.5569135802469136,0.5841606718531298,0.9341051326267656,0.9510763209393348,0.936552576496339,0.9510763209393346,0.9510763209393346,0.9510763209393346,0.8304611690937398
7,infgain,minmax,gaussian_noise,noImbl,random_forest,first,0.5,0.2,42,2026-05-29 19:11:58,20260529-185745,log/stroke_prediction_v2/7/infgain/minmax__gaussian_noise__noImbl/random_forest,1780052279784_edb427c117800531186570357,0.946183953033268,0.6443230718305196,0.5448559670781893,0.5630271698993276,0.9248832860129128,0.946183953033268,0.9321709045382964,0.946183953033268,0.946183953033268,0.946183953033268,0.8141595248711129
7,infgain,minmax,gaussian_noise,noImbl,random_forest,last,0.5,0.1,42,2026-05-29 19:12:15,20260529-185745,log/stroke_prediction_v2/7/infgain/gaussian_noise__noImbl__minmax/random_forest,1780052279784_edb427c117800531351239665,0.9530332681017613,0.7782608695652173,0.5579423868312758,0.5879032258064516,0.9390793839870673,0.9530332681017614,0.937851145761,0.9530332681017613,0.9530332681017613,0.9530332681017613,0.8376047270141781
7,infgain,minmax,gaussian_noise,noImbl,random_forest,last,0.5,0.2,42,2026-05-29 19:12:30,20260529-185745,log/stroke_prediction_v2/7/infgain/gaussian_noise__noImbl__minmax/random_forest,1780052279784_edb427c117800531500729794,0.9481409001956947,0.6700083860638865,0.5458847736625514,0.5659879970834033,0.9274764362943354,0.9481409001956946,0.9333967318795792,0.9481409001956947,0.9481409001956947,0.9481409001956947,0.8185010290248024
7,infgain,minmax,gaussian_noise,noImbl,sklearn_SVM,first,0.5,0.1,42,2026-05-29 19:11:42,20260529-185745,log/stroke_prediction_v2/7/infgain/minmax__gaussian_noise__noImbl/sklearn_SVM,1780052279784_edb427c117800531028563103,0.9510763209393346,0.4755381604696673,0.5,0.4874623871614844,0.9045461682515002,0.9510763209393346,0.9272278675557002,0.9510763209393346,0.9510763209393346,0.9510763209393346,0.7806424994554282
7,infgain,minmax,gaussian_noise,noImbl,sklearn_SVM,first,0.5,0.2,42,2026-05-29 19:11:57,20260529-185745,log/stroke_prediction_v2/7/infgain/minmax__gaussian_noise__noImbl/sklearn_SVM,1780052279784_edb427c117800531177828755,0.9510763209393346,0.4755381604696673,0.5,0.4874623871614844,0.9045461682515002,0.9510763209393346,0.9272278675557002,0.9510763209393346,0.9510763209393346,0.9510763209393346,0.7806424994554282
7,infgain,minmax,gaussian_noise,noImbl,sklearn_SVM,last,0.5,0.1,42,2026-05-29 19:12:14,20260529-185745,log/stroke_prediction_v2/7/infgain/gaussian_noise__noImbl__minmax/sklearn_SVM,1780052279784_edb427c117800531342463885,0.9510763209393346,0.4755381604696673,0.5,0.4874623871614844,0.9045461682515002,0.9510763209393346,0.9272278675557002,0.9510763209393346,0.9510763209393346,0.9510763209393346,0.7806424994554282
7,infgain,minmax,gaussian_noise,noImbl,sklearn_SVM,last,0.5,0.2,42,2026-05-29 19:12:29,20260529-185745,log/stroke_prediction_v2/7/infgain/gaussian_noise__noImbl__minmax/sklearn_SVM,1780052279784_edb427c117800531492286916,0.9510763209393346,0.4755381604696673,0.5,0.4874623871614844,0.9045461682515002,0.9510763209393346,0.9272278675557002,0.9510763209393346,0.9510763209393346,0.9510763209393346,0.7806424994554282
7,infgain,minmax,mixup,noImbl,DTmodel,first,0.5,0.1,42,2026-05-29 19:12:41,20260529-185745,log/stroke_prediction_v2/7/infgain/minmax__mixup__noImbl/DTmodel,1780052279784_edb427c117800531610815356,0.929549902152642,0.6214814814814814,0.6214814814814814,0.6214814814814814,0.9295499021526418,0.9295499021526418,0.9295499021526418,0.929549902152642,0.929549902152642,0.929549902152642,0.8217259549177356
7,infgain,minmax,mixup,noImbl,DTmodel,first,0.5,0.2,42,2026-05-29 19:12:50,20260529-185745,log/stroke_prediction_v2/7/infgain/minmax__mixup__noImbl/DTmodel,1780052279784_edb427c117800531704330889,0.910958904109589,0.5724539827988103,0.5927366255144033,0.5807604751279103,0.9223435987725076,0.910958904109589,0.9164197381059784,0.910958904109589,0.910958904109589,0.910958904109589,0.7977140143374908
7,infgain,minmax,mixup,noImbl,DTmodel,last,0.5,0.1,42,2026-05-29 19:13:00,20260529-185745,log/stroke_prediction_v2/7/infgain/mixup__noImbl__minmax/DTmodel,1780052279784_edb427c117800531804603977,0.9041095890410958,0.5405793319415448,0.5511934156378601,0.5447868375602218,0.915495324162782,0.9041095890410958,0.9096498076762636,0.9041095890410958,0.9041095890410958,0.9041095890410958,0.7805361395761297
7,infgain,minmax,mixup,noImbl,DTmodel,last,0.5,0.2,42,2026-05-29 19:13:09,20260529-185745,log/stroke_prediction_v2/7/infgain/mixup__noImbl__minmax/DTmodel,1780052279784_edb427c117800531897298301,0.9129158512720156,0.5698725712628581,0.5842798353909465,0.5760778885455553,0.9213013536722396,0.9129158512720156,0.916983049504717,0.9129158512720156,0.9129158512720156,0.9129158512720156,0.7966708572489514
7,infgain,minmax,mixup,noImbl,GradientBoosting,first,0.5,0.1,42,2026-05-29 19:12:41,20260529-185745,log/stroke_prediction_v2/7/infgain/minmax__mixup__noImbl/GradientBoosting,1780052279784_edb427c117800531619038975,0.9471624266144814,0.6013313609467457,0.5169135802469136,0.5208875924575477,0.9182858763996804,0.9471624266144816,0.9285902865371046,0.9471624266144814,0.9471624266144814,0.9471624266144814,0.7999397342543241
7,infgain,minmax,mixup,noImbl,GradientBoosting,first,0.5,0.2,42,2026-05-29 19:12:51,20260529-185745,log/stroke_prediction_v2/7/infgain/minmax__mixup__noImbl/GradientBoosting,1780052279784_edb427c117800531712555479,0.9500978473581212,0.676401179941003,0.5184567901234568,0.5235431235431236,0.9257572346431604,0.9500978473581212,0.9302478343574236,0.9500978473581212,0.9500978473581212,0.9500978473581212,0.8101693030990923
7,infgain,minmax,mixup,noImbl,GradientBoosting,last,0.5,0.1,42,2026-05-29 19:13:01,20260529-185745,log/stroke_prediction_v2/7/infgain/mixup__noImbl__minmax/GradientBoosting,1780052279784_edb427c117800531812707097,0.9412915851272016,0.475296442687747,0.4948559670781893,0.4848790322580645,0.9040863841340314,0.9412915851272016,0.92231393220125,0.9412915851272016,0.9412915851272016,0.9412915851272016,0.7750194581097745
7,infgain,minmax,mixup,noImbl,GradientBoosting,last,0.5,0.2,42,2026-05-29 19:13:10,20260529-185745,log/stroke_prediction_v2/7/infgain/mixup__noImbl__minmax/GradientBoosting,1780052279784_edb427c117800531905368072,0.9481409001956947,0.4754661432777232,0.4984567901234568,0.4866901054746358,0.9044091805595832,0.9481409001956947,0.9257588699047868,0.9481409001956947,0.9481409001956947,0.9481409001956947,0.7789569177812675
7,infgain,minmax,mixup,noImbl,LogisticRegression,first,0.5,0.1,42,2026-05-29 19:12:41,20260529-185745,log/stroke_prediction_v2/7/infgain/minmax__mixup__noImbl/LogisticRegression,1780052279784_edb427c117800531612052527,0.949119373776908,0.4754901960784314,0.4989711934156378,0.4869477911646586,0.9044549326579948,0.949119373776908,0.926249027420838,0.949119373776908,0.949119373776908,0.949119373776908,0.7795189045137939
7,infgain,minmax,mixup,noImbl,LogisticRegression,first,0.5,0.2,42,2026-05-29 19:12:50,20260529-185745,log/stroke_prediction_v2/7/infgain/minmax__mixup__noImbl/LogisticRegression,1780052279784_edb427c117800531705651665,0.9510763209393346,0.4755381604696673,0.5,0.4874623871614844,0.9045461682515002,0.9510763209393346,0.9272278675557002,0.9510763209393346,0.9510763209393346,0.9510763209393346,0.7806424994554282
7,infgain,minmax,mixup,noImbl,LogisticRegression,last,0.5,0.1,42,2026-05-29 19:13:00,20260529-185745,log/stroke_prediction_v2/7/infgain/mixup__noImbl__minmax/LogisticRegression,1780052279784_edb427c117800531805821742,0.949119373776908,0.4754901960784314,0.4989711934156378,0.4869477911646586,0.9044549326579948,0.949119373776908,0.926249027420838,0.949119373776908,0.949119373776908,0.949119373776908,0.7795189045137939
7,infgain,minmax,mixup,noImbl,LogisticRegression,last,0.5,0.2,42,2026-05-29 19:13:09,20260529-185745,log/stroke_prediction_v2/7/infgain/mixup__noImbl__minmax/LogisticRegression,1780052279784_edb427c117800531898555783,0.9510763209393346,0.4755381604696673,0.5,0.4874623871614844,0.9045461682515002,0.9510763209393346,0.9272278675557002,0.9510763209393346,0.9510763209393346,0.9510763209393346,0.7806424994554282
7,infgain,minmax,mixup,noImbl,XGBmodel,first,0.5,0.1,42,2026-05-29 19:12:40,20260529-185745,log/stroke_prediction_v2/7/infgain/minmax__mixup__noImbl/XGBmodel,1780052279784_edb427c117800531609558849,0.9510763209393346,0.7291252485089463,0.5758847736625514,0.6085730918895732,0.935831196772399,0.9510763209393344,0.9388952437555566,0.9510763209393346,0.9510763209393346,0.9510763209393346,0.8366349006168928
7,infgain,minmax,mixup,noImbl,XGBmodel,first,0.5,0.2,42,2026-05-29 19:12:50,20260529-185745,log/stroke_prediction_v2/7/infgain/minmax__mixup__noImbl/XGBmodel,1780052279784_edb427c117800531703048877,0.9471624266144814,0.6013313609467457,0.5169135802469136,0.5208875924575477,0.9182858763996804,0.9471624266144816,0.9285902865371046,0.9471624266144814,0.9471624266144814,0.9471624266144814,0.7999397342543241
7,infgain,minmax,mixup,noImbl,XGBmodel,last,0.5,0.1,42,2026-05-29 19:13:00,20260529-185745,log/stroke_prediction_v2/7/infgain/mixup__noImbl__minmax/XGBmodel,1780052279784_edb427c117800531803364464,0.949119373776908,0.6430446194225722,0.5179423868312758,0.5226358148893361,0.9224514743876192,0.949119373776908,0.9296936216122568,0.949119373776908,0.949119373776908,0.949119373776908,0.8058410130501487
7,infgain,minmax,mixup,noImbl,XGBmodel,last,0.5,0.2,42,2026-05-29 19:13:09,20260529-185745,log/stroke_prediction_v2/7/infgain/mixup__noImbl__minmax/XGBmodel,1780052279784_edb427c117800531895985628,0.952054794520548,0.976003917727718,0.51,0.5073148175476915,0.9543557887110408,0.952054794520548,0.9296116854869024,0.952054794520548,0.952054794520548,0.952054794520548,0.840396863907284
7,infgain,minmax,mixup,noImbl,random_forest,first,0.5,0.1,42,2026-05-29 19:12:40,20260529-185745,log/stroke_prediction_v2/7/infgain/minmax__mixup__noImbl/random_forest,1780052279784_edb427c117800531608206434,0.9549902152641878,0.8533037475345169,0.5589711934156378,0.5918672083897627,0.9464994962887484,0.9549902152641876,0.9391695033464224,0.9549902152641878,0.9549902152641878,0.9549902152641878,0.8475290365899929
7,infgain,minmax,mixup,noImbl,random_forest,first,0.5,0.2,42,2026-05-29 19:12:50,20260529-185745,log/stroke_prediction_v2/7/infgain/minmax__mixup__noImbl/random_forest,1780052279784_edb427c117800531701662075,0.9500978473581212,0.705017534394389,0.5469135802469136,0.5691079090300338,0.9309815829469504,0.9500978473581214,0.9346362369577096,0.9500978473581212,0.9500978473581212,0.9500978473581212,0.8238920306002351
7,infgain,minmax,mixup,noImbl,random_forest,last,0.5,0.1,42,2026-05-29 19:13:00,20260529-185745,log/stroke_prediction_v2/7/infgain/mixup__noImbl__minmax/random_forest,1780052279784_edb427c117800531802001942,0.9530332681017613,0.7782608695652173,0.5579423868312758,0.5879032258064516,0.9390793839870673,0.9530332681017614,0.937851145761,0.9530332681017613,0.9530332681017613,0.9530332681017613,0.8376047270141781
7,infgain,minmax,mixup,noImbl,random_forest,last,0.5,0.2,42,2026-05-29 19:13:09,20260529-185745,log/stroke_prediction_v2/7/infgain/mixup__noImbl__minmax/random_forest,1780052279784_edb427c117800531894608480,0.952054794520548,0.7630541871921181,0.5384567901234568,0.5578452926478248,0.9359297427048288,0.952054794520548,0.9344889825200016,0.952054794520548,0.952054794520548,0.952054794520548,0.8284161310854333
7,infgain,minmax,mixup,noImbl,sklearn_SVM,first,0.5,0.1,42,2026-05-29 19:12:40,20260529-185745,log/stroke_prediction_v2/7/infgain/minmax__mixup__noImbl/sklearn_SVM,1780052279784_edb427c117800531603243804,0.9510763209393346,0.4755381604696673,0.5,0.4874623871614844,0.9045461682515002,0.9510763209393346,0.9272278675557002,0.9510763209393346,0.9510763209393346,0.9510763209393346,0.7806424994554282
7,infgain,minmax,mixup,noImbl,sklearn_SVM,first,0.5,0.2,42,2026-05-29 19:12:49,20260529-185745,log/stroke_prediction_v2/7/infgain/minmax__mixup__noImbl/sklearn_SVM,1780052279784_edb427c117800531697137111,0.9510763209393346,0.4755381604696673,0.5,0.4874623871614844,0.9045461682515002,0.9510763209393346,0.9272278675557002,0.9510763209393346,0.9510763209393346,0.9510763209393346,0.7806424994554282
7,infgain,minmax,mixup,noImbl,sklearn_SVM,last,0.5,0.1,42,2026-05-29 19:12:59,20260529-185745,log/stroke_prediction_v2/7/infgain/mixup__noImbl__minmax/sklearn_SVM,1780052279784_edb427c117800531797329053,0.9510763209393346,0.4755381604696673,0.5,0.4874623871614844,0.9045461682515002,0.9510763209393346,0.9272278675557002,0.9510763209393346,0.9510763209393346,0.9510763209393346,0.7806424994554282
7,infgain,minmax,mixup,noImbl,sklearn_SVM,last,0.5,0.2,42,2026-05-29 19:13:08,20260529-185745,log/stroke_prediction_v2/7/infgain/mixup__noImbl__minmax/sklearn_SVM,1780052279784_edb427c117800531889928174,0.9510763209393346,0.4755381604696673,0.5,0.4874623871614844,0.9045461682515002,0.9510763209393346,0.9272278675557002,0.9510763209393346,0.9510763209393346,0.9510763209393346,0.7806424994554282
7,infgain,minmax,noAug,noImbl,DTmodel,first,0.5,0.1,42,2026-05-29 19:13:16,20260529-185745,log/stroke_prediction_v2/7/infgain/minmax__noAug__noImbl/DTmodel,1780052279784_edb427c117800531969772159,0.9197651663405088,0.5456869306562557,0.5404526748971195,0.5428041462084016,0.9149590219848224,0.9197651663405088,0.9173279183655167,0.9197651663405088,0.9197651663405088,0.9197651663405088,0.787035738976111
7,infgain,minmax,noAug,noImbl,DTmodel,first,0.5,0.2,42,2026-05-29 19:13:23,20260529-185745,log/stroke_prediction_v2/7/infgain/minmax__noAug__noImbl/DTmodel,1780052279784_edb427c117800532033997117,0.9080234833659492,0.5572481732776617,0.5722222222222222,0.5633669666393964,0.9190097346886248,0.9080234833659492,0.9133375706282528,0.9080234833659492,0.9080234833659492,0.9080234833659492,0.7895630869553777
7,infgain,minmax,noAug,noImbl,DTmodel,last,0.5,0.1,42,2026-05-29 19:13:30,20260529-185745,log/stroke_prediction_v2/7/infgain/noAug__noImbl__minmax/DTmodel,1780052279784_edb427c117800532105512549,0.9197651663405088,0.5456869306562557,0.5404526748971195,0.5428041462084016,0.9149590219848224,0.9197651663405088,0.9173279183655167,0.9197651663405088,0.9197651663405088,0.9197651663405088,0.787035738976111
7,infgain,minmax,noAug,noImbl,DTmodel,last,0.5,0.2,42,2026-05-29 19:13:36,20260529-185745,log/stroke_prediction_v2/7/infgain/noAug__noImbl__minmax/DTmodel,1780052279784_edb427c117800532168813752,0.9080234833659492,0.5572481732776617,0.5722222222222222,0.5633669666393964,0.9190097346886248,0.9080234833659492,0.9133375706282528,0.9080234833659492,0.9080234833659492,0.9080234833659492,0.7895630869553777
7,infgain,minmax,noAug,noImbl,GradientBoosting,first,0.5,0.1,42,2026-05-29 19:13:17,20260529-185745,log/stroke_prediction_v2/7/infgain/minmax__noAug__noImbl/GradientBoosting,1780052279784_edb427c117800531976702416,0.949119373776908,0.6430446194225722,0.5179423868312758,0.5226358148893361,0.9224514743876192,0.949119373776908,0.9296936216122568,0.949119373776908,0.949119373776908,0.949119373776908,0.8058410130501487
7,infgain,minmax,noAug,noImbl,GradientBoosting,first,0.5,0.2,42,2026-05-29 19:13:23,20260529-185745,log/stroke_prediction_v2/7/infgain/minmax__noAug__noImbl/GradientBoosting,1780052279784_edb427c117800532039415129,0.949119373776908,0.4754901960784314,0.4989711934156378,0.4869477911646586,0.9044549326579948,0.949119373776908,0.926249027420838,0.949119373776908,0.949119373776908,0.949119373776908,0.7795189045137939
7,infgain,minmax,noAug,noImbl,GradientBoosting,last,0.5,0.1,42,2026-05-29 19:13:31,20260529-185745,log/stroke_prediction_v2/7/infgain/noAug__noImbl__minmax/GradientBoosting,1780052279784_edb427c117800532111342024,0.949119373776908,0.6430446194225722,0.5179423868312758,0.5226358148893361,0.9224514743876192,0.949119373776908,0.9296936216122568,0.949119373776908,0.949119373776908,0.949119373776908,0.8058410130501487
7,infgain,minmax,noAug,noImbl,GradientBoosting,last,0.5,0.2,42,2026-05-29 19:13:37,20260529-185745,log/stroke_prediction_v2/7/infgain/noAug__noImbl__minmax/GradientBoosting,1780052279784_edb427c117800532174179566,0.949119373776908,0.4754901960784314,0.4989711934156378,0.4869477911646586,0.9044549326579948,0.949119373776908,0.926249027420838,0.949119373776908,0.949119373776908,0.949119373776908,0.7795189045137939
7,infgain,minmax,noAug,noImbl,LogisticRegression,first,0.5,0.1,42,2026-05-29 19:13:17,20260529-185745,log/stroke_prediction_v2/7/infgain/minmax__noAug__noImbl/LogisticRegression,1780052279784_edb427c117800531972250103,0.9510763209393346,0.4755381604696673,0.5,0.4874623871614844,0.9045461682515002,0.9510763209393346,0.9272278675557002,0.9510763209393346,0.9510763209393346,0.9510763209393346,0.7806424994554282
7,infgain,minmax,noAug,noImbl,LogisticRegression,first,0.5,0.2,42,2026-05-29 19:13:23,20260529-185745,log/stroke_prediction_v2/7/infgain/minmax__noAug__noImbl/LogisticRegression,1780052279784_edb427c117800532035334145,0.9510763209393346,0.4755381604696673,0.5,0.4874623871614844,0.9045461682515002,0.9510763209393346,0.9272278675557002,0.9510763209393346,0.9510763209393346,0.9510763209393346,0.7806424994554282
7,infgain,minmax,noAug,noImbl,LogisticRegression,last,0.5,0.1,42,2026-05-29 19:13:30,20260529-185745,log/stroke_prediction_v2/7/infgain/noAug__noImbl__minmax/LogisticRegression,1780052279784_edb427c117800532106863615,0.9510763209393346,0.4755381604696673,0.5,0.4874623871614844,0.9045461682515002,0.9510763209393346,0.9272278675557002,0.9510763209393346,0.9510763209393346,0.9510763209393346,0.7806424994554282
7,infgain,minmax,noAug,noImbl,LogisticRegression,last,0.5,0.2,42,2026-05-29 19:13:37,20260529-185745,log/stroke_prediction_v2/7/infgain/noAug__noImbl__minmax/LogisticRegression,1780052279784_edb427c117800532170143524,0.9510763209393346,0.4755381604696673,0.5,0.4874623871614844,0.9045461682515002,0.9510763209393346,0.9272278675557002,0.9510763209393346,0.9510763209393346,0.9510763209393346,0.7806424994554282
7,infgain,minmax,noAug,noImbl,XGBmodel,first,0.5,0.1,42,2026-05-29 19:13:16,20260529-185745,log/stroke_prediction_v2/7/infgain/minmax__noAug__noImbl/XGBmodel,1780052279784_edb427c117800531968467558,0.9510763209393346,0.7264243614931238,0.5189711934156378,0.5244742229666852,0.9306936973998362,0.9510763209393344,0.9308039071927005,0.9510763209393346,0.9510763209393346,0.9510763209393346,0.8163311731305013
7,infgain,minmax,noAug,noImbl,XGBmodel,first,0.5,0.2,42,2026-05-29 19:13:23,20260529-185745,log/stroke_prediction_v2/7/infgain/minmax__noAug__noImbl/XGBmodel,1780052279784_edb427c117800532032671971,0.9500978473581212,0.6426234870788354,0.5089711934156378,0.5060602901737061,0.9216504163874,0.9500978473581212,0.9285604219838514,0.9500978473581212,0.9500978473581212,0.9500978473581212,0.8025567554550692
7,infgain,minmax,noAug,noImbl,XGBmodel,last,0.5,0.1,42,2026-05-29 19:13:30,20260529-185745,log/stroke_prediction_v2/7/infgain/noAug__noImbl__minmax/XGBmodel,1780052279784_edb427c117800532103098921,0.9510763209393346,0.7264243614931238,0.5189711934156378,0.5244742229666852,0.9306936973998362,0.9510763209393344,0.9308039071927005,0.9510763209393346,0.9510763209393346,0.9510763209393346,0.8163311731305013
7,infgain,minmax,noAug,noImbl,XGBmodel,last,0.5,0.2,42,2026-05-29 19:13:36,20260529-185745,log/stroke_prediction_v2/7/infgain/noAug__noImbl__minmax/XGBmodel,1780052279784_edb427c117800532167498347,0.9500978473581212,0.6426234870788354,0.5089711934156378,0.5060602901737061,0.9216504163874,0.9500978473581212,0.9285604219838514,0.9500978473581212,0.9500978473581212,0.9500978473581212,0.8025567554550692
7,infgain,minmax,noAug,noImbl,random_forest,first,0.5,0.1,42,2026-05-29 19:13:16,20260529-185745,log/stroke_prediction_v2/7/infgain/minmax__noAug__noImbl/random_forest,1780052279784_edb427c117800531966994988,0.9510763209393346,0.7273175542406312,0.5379423868312758,0.5563774004236552,0.9323926863442143,0.9510763209393348,0.9338798949417636,0.9510763209393346,0.9510763209393346,0.9510763209393346,0.8237343854221587
7,infgain,minmax,noAug,noImbl,random_forest,first,0.5,0.2,42,2026-05-29 19:13:23,20260529-185745,log/stroke_prediction_v2/7/infgain/minmax__noAug__noImbl/random_forest,1780052279784_edb427c117800532031151415,0.952054794520548,0.7630541871921181,0.5384567901234568,0.5578452926478248,0.9359297427048288,0.952054794520548,0.9344889825200016,0.952054794520548,0.952054794520548,0.952054794520548,0.8284161310854333
7,infgain,minmax,noAug,noImbl,random_forest,last,0.5,0.1,42,2026-05-29 19:13:30,20260529-185745,log/stroke_prediction_v2/7/infgain/noAug__noImbl__minmax/random_forest,1780052279784_edb427c117800532101611589,0.9510763209393346,0.7273175542406312,0.5379423868312758,0.5563774004236552,0.9323926863442143,0.9510763209393348,0.9338798949417636,0.9510763209393346,0.9510763209393346,0.9510763209393346,0.8237343854221587
7,infgain,minmax,noAug,noImbl,random_forest,last,0.5,0.2,42,2026-05-29 19:13:36,20260529-185745,log/stroke_prediction_v2/7/infgain/noAug__noImbl__minmax/random_forest,1780052279784_edb427c117800532165998348,0.952054794520548,0.7630541871921181,0.5384567901234568,0.5578452926478248,0.9359297427048288,0.952054794520548,0.9344889825200016,0.952054794520548,0.952054794520548,0.952054794520548,0.8284161310854333
7,infgain,minmax,noAug,noImbl,sklearn_SVM,first,0.5,0.1,42,2026-05-29 19:13:16,20260529-185745,log/stroke_prediction_v2/7/infgain/minmax__noAug__noImbl/sklearn_SVM,1780052279784_edb427c117800531963656515,0.9510763209393346,0.4755381604696673,0.5,0.4874623871614844,0.9045461682515002,0.9510763209393346,0.9272278675557002,0.9510763209393346,0.9510763209393346,0.9510763209393346,0.7806424994554282
7,infgain,minmax,noAug,noImbl,sklearn_SVM,first,0.5,0.2,42,2026-05-29 19:13:22,20260529-185745,log/stroke_prediction_v2/7/infgain/minmax__noAug__noImbl/sklearn_SVM,1780052279784_edb427c117800532027887591,0.9510763209393346,0.4755381604696673,0.5,0.4874623871614844,0.9045461682515002,0.9510763209393346,0.9272278675557002,0.9510763209393346,0.9510763209393346,0.9510763209393346,0.7806424994554282
7,infgain,minmax,noAug,noImbl,sklearn_SVM,last,0.5,0.1,42,2026-05-29 19:13:29,20260529-185745,log/stroke_prediction_v2/7/infgain/noAug__noImbl__minmax/sklearn_SVM,1780052279784_edb427c117800532098190473,0.9510763209393346,0.4755381604696673,0.5,0.4874623871614844,0.9045461682515002,0.9510763209393346,0.9272278675557002,0.9510763209393346,0.9510763209393346,0.9510763209393346,0.7806424994554282
7,infgain,minmax,noAug,noImbl,sklearn_SVM,last,0.5,0.2,42,2026-05-29 19:13:36,20260529-185745,log/stroke_prediction_v2/7/infgain/noAug__noImbl__minmax/sklearn_SVM,1780052279784_edb427c117800532162741687,0.9510763209393346,0.4755381604696673,0.5,0.4874623871614844,0.9045461682515002,0.9510763209393346,0.9272278675557002,0.9510763209393346,0.9510763209393346,0.9510763209393346,0.7806424994554282
7,infgain,standard,gaussian_noise,noImbl,DTmodel,first,0.5,0.1,42,2026-05-29 19:13:59,20260529-185745,log/stroke_prediction_v2/7/infgain/standard__gaussian_noise__noImbl/DTmodel,1780052279784_edb427c117800532399611904,0.923679060665362,0.5694366982710541,0.5614814814814814,0.5651063829787234,0.9191277669301032,0.923679060665362,0.9213607028354917,0.923679060665362,0.923679060665362,0.923679060665362,0.7974462818065408
7,infgain,standard,gaussian_noise,noImbl,DTmodel,first,0.5,0.2,42,2026-05-29 19:14:20,20260529-185745,log/stroke_prediction_v2/7/infgain/standard__gaussian_noise__noImbl/DTmodel,1780052279784_edb427c117800532604453487,0.920743639921722,0.5774418933381797,0.5789094650205762,0.5781658454059508,0.9214899480664688,0.9207436399217224,0.9211156027822168,0.920743639921722,0.920743639921722,0.920743639921722,0.8009738038394363
7,infgain,standard,gaussian_noise,noImbl,DTmodel,last,0.5,0.1,42,2026-05-29 19:14:43,20260529-185745,log/stroke_prediction_v2/7/infgain/gaussian_noise__noImbl__standard/DTmodel,1780052279784_edb427c117800532832917101,0.9275929549902152,0.5786150712830957,0.5635390946502058,0.5699533720004548,0.9201836580962212,0.9275929549902152,0.92375562040878,0.9275929549902152,0.9275929549902152,0.9275929549902152,0.8013273132604234
7,infgain,standard,gaussian_noise,noImbl,DTmodel,last,0.5,0.2,42,2026-05-29 19:15:03,20260529-185745,log/stroke_prediction_v2/7/infgain/gaussian_noise__noImbl__standard/DTmodel,1780052279784_edb427c117800533034169106,0.913894324853229,0.5199126870990735,0.5183950617283951,0.5190793976728268,0.910505235496204,0.913894324853229,0.9121888608049336,0.913894324853229,0.913894324853229,0.913894324853229,0.7751292671453227
7,infgain,standard,gaussian_noise,noImbl,GradientBoosting,first,0.5,0.1,42,2026-05-29 19:14:01,20260529-185745,log/stroke_prediction_v2/7/infgain/standard__gaussian_noise__noImbl/GradientBoosting,1780052279784_edb427c117800532413910563,0.949119373776908,0.4754901960784314,0.4989711934156378,0.4869477911646586,0.9044549326579948,0.949119373776908,0.926249027420838,0.949119373776908,0.949119373776908,0.949119373776908,0.7795189045137939
7,infgain,standard,gaussian_noise,noImbl,GradientBoosting,first,0.5,0.2,42,2026-05-29 19:14:21,20260529-185745,log/stroke_prediction_v2/7/infgain/standard__gaussian_noise__noImbl/GradientBoosting,1780052279784_edb427c117800532618559508,0.9471624266144814,0.475442043222004,0.4979423868312758,0.4864321608040201,0.9043633385749272,0.9471624266144816,0.9252682197681164,0.9471624266144814,0.9471624266144814,0.9471624266144814,0.7783948045944336
7,infgain,standard,gaussian_noise,noImbl,GradientBoosting,last,0.5,0.1,42,2026-05-29 19:14:44,20260529-185745,log/stroke_prediction_v2/7/infgain/gaussian_noise__noImbl__standard/GradientBoosting,1780052279784_edb427c117800532846377843,0.949119373776908,0.4754901960784314,0.4989711934156378,0.4869477911646586,0.9044549326579948,0.949119373776908,0.926249027420838,0.949119373776908,0.949119373776908,0.949119373776908,0.7795189045137939
7,infgain,standard,gaussian_noise,noImbl,GradientBoosting,last,0.5,0.2,42,2026-05-29 19:15:04,20260529-185745,log/stroke_prediction_v2/7/infgain/gaussian_noise__noImbl__standard/GradientBoosting,1780052279784_edb427c117800533047281574,0.949119373776908,0.4754901960784314,0.4989711934156378,0.4869477911646586,0.9044549326579948,0.949119373776908,0.926249027420838,0.949119373776908,0.949119373776908,0.949119373776908,0.7795189045137939
7,infgain,standard,gaussian_noise,noImbl,LogisticRegression,first,0.5,0.1,42,2026-05-29 19:14:00,20260529-185745,log/stroke_prediction_v2/7/infgain/standard__gaussian_noise__noImbl/LogisticRegression,1780052279784_edb427c117800532402014596,0.9510763209393346,0.4755381604696673,0.5,0.4874623871614844,0.9045461682515002,0.9510763209393346,0.9272278675557002,0.9510763209393346,0.9510763209393346,0.9510763209393346,0.7806424994554282
7,infgain,standard,gaussian_noise,noImbl,LogisticRegression,first,0.5,0.2,42,2026-05-29 19:14:20,20260529-185745,log/stroke_prediction_v2/7/infgain/standard__gaussian_noise__noImbl/LogisticRegression,1780052279784_edb427c117800532606813066,0.9510763209393346,0.4755381604696673,0.5,0.4874623871614844,0.9045461682515002,0.9510763209393346,0.9272278675557002,0.9510763209393346,0.9510763209393346,0.9510763209393346,0.7806424994554282
7,infgain,standard,gaussian_noise,noImbl,LogisticRegression,last,0.5,0.1,42,2026-05-29 19:14:43,20260529-185745,log/stroke_prediction_v2/7/infgain/gaussian_noise__noImbl__standard/LogisticRegression,1780052279784_edb427c117800532835284564,0.949119373776908,0.4754901960784314,0.4989711934156378,0.4869477911646586,0.9044549326579948,0.949119373776908,0.926249027420838,0.949119373776908,0.949119373776908,0.949119373776908,0.7795189045137939
7,infgain,standard,gaussian_noise,noImbl,LogisticRegression,last,0.5,0.2,42,2026-05-29 19:15:03,20260529-185745,log/stroke_prediction_v2/7/infgain/gaussian_noise__noImbl__standard/LogisticRegression,1780052279784_edb427c117800533036530714,0.9510763209393346,0.4755381604696673,0.5,0.4874623871614844,0.9045461682515002,0.9510763209393346,0.9272278675557002,0.9510763209393346,0.9510763209393346,0.9510763209393346,0.7806424994554282
7,infgain,standard,gaussian_noise,noImbl,XGBmodel,first,0.5,0.1,42,2026-05-29 19:13:59,20260529-185745,log/stroke_prediction_v2/7/infgain/standard__gaussian_noise__noImbl/XGBmodel,1780052279784_edb427c117800532398190885,0.949119373776908,0.4754901960784314,0.4989711934156378,0.4869477911646586,0.9044549326579948,0.949119373776908,0.926249027420838,0.949119373776908,0.949119373776908,0.949119373776908,0.7795189045137939
7,infgain,standard,gaussian_noise,noImbl,XGBmodel,first,0.5,0.2,42,2026-05-29 19:14:20,20260529-185745,log/stroke_prediction_v2/7/infgain/standard__gaussian_noise__noImbl/XGBmodel,1780052279784_edb427c117800532603032988,0.9500978473581212,0.4755142017629775,0.499485596707819,0.4872052182639237,0.9045005951342742,0.9500978473581214,0.9267386930577962,0.9500978473581212,0.9500978473581212,0.9500978473581212,0.7800807650020133
7,infgain,standard,gaussian_noise,noImbl,XGBmodel,last,0.5,0.1,42,2026-05-29 19:14:43,20260529-185745,log/stroke_prediction_v2/7/infgain/gaussian_noise__noImbl__standard/XGBmodel,1780052279784_edb427c117800532831513815,0.9510763209393346,0.4755381604696673,0.5,0.4874623871614844,0.9045461682515002,0.9510763209393346,0.9272278675557002,0.9510763209393346,0.9510763209393346,0.9510763209393346,0.7806424994554282
7,infgain,standard,gaussian_noise,noImbl,XGBmodel,last,0.5,0.2,42,2026-05-29 19:15:03,20260529-185745,log/stroke_prediction_v2/7/infgain/gaussian_noise__noImbl__standard/XGBmodel,1780052279784_edb427c117800533032770729,0.9510763209393346,0.7259803921568627,0.509485596707819,0.5066805684275564,0.929849199953954,0.9510763209393348,0.9290856032892674,0.9510763209393346,0.9510763209393346,0.9510763209393346,0.8123269730151209
7,infgain,standard,gaussian_noise,noImbl,random_forest,first,0.5,0.1,42,2026-05-29 19:13:59,20260529-185745,log/stroke_prediction_v2/7/infgain/standard__gaussian_noise__noImbl/random_forest,1780052279784_edb427c117800532395613994,0.9452054794520548,0.6200396825396826,0.5348559670781893,0.5483585858585859,0.9216522225328488,0.9452054794520548,0.9302926525529264,0.9452054794520548,0.9452054794520548,0.9452054794520548,0.8075346647576206
7,infgain,standard,gaussian_noise,noImbl,random_forest,first,0.5,0.2,42,2026-05-29 19:14:20,20260529-185745,log/stroke_prediction_v2/7/infgain/standard__gaussian_noise__noImbl/random_forest,1780052279784_edb427c117800532601644012,0.946183953033268,0.5472906403940886,0.5069135802469136,0.5037038999108238,0.9121513886612744,0.9461839530332682,0.926467225277553,0.946183953033268,0.946183953033268,0.946183953033268,0.7896348109217913
7,infgain,standard,gaussian_noise,noImbl,random_forest,last,0.5,0.1,42,2026-05-29 19:14:43,20260529-185745,log/stroke_prediction_v2/7/infgain/gaussian_noise__noImbl__standard/random_forest,1780052279784_edb427c117800532830197068,0.9471624266144814,0.665631212723658,0.5548559670781893,0.5772589392407391,0.9278249290947076,0.9471624266144814,0.9340068632560012,0.9471624266144814,0.9471624266144814,0.9471624266144814,0.8203860519099588
7,infgain,standard,gaussian_noise,noImbl,random_forest,last,0.5,0.2,42,2026-05-29 19:15:03,20260529-185745,log/stroke_prediction_v2/7/infgain/gaussian_noise__noImbl__standard/random_forest,1780052279784_edb427c117800533031442980,0.9442270058708416,0.4753694581280788,0.4963991769547325,0.4856567689984902,0.9042252706467564,0.9442270058708416,0.9237933061967368,0.9442270058708416,0.9442270058708416,0.9442270058708416,0.7767077042005772
7,infgain,standard,gaussian_noise,noImbl,sklearn_SVM,first,0.5,0.1,42,2026-05-29 19:13:58,20260529-185745,log/stroke_prediction_v2/7/infgain/standard__gaussian_noise__noImbl/sklearn_SVM,1780052279784_edb427c117800532387289597,0.949119373776908,0.4754901960784314,0.4989711934156378,0.4869477911646586,0.9044549326579948,0.949119373776908,0.926249027420838,0.949119373776908,0.949119373776908,0.949119373776908,0.7795189045137939
7,infgain,standard,gaussian_noise,noImbl,sklearn_SVM,first,0.5,0.2,42,2026-05-29 19:14:19,20260529-185745,log/stroke_prediction_v2/7/infgain/standard__gaussian_noise__noImbl/sklearn_SVM,1780052279784_edb427c117800532593335902,0.9510763209393346,0.4755381604696673,0.5,0.4874623871614844,0.9045461682515002,0.9510763209393346,0.9272278675557002,0.9510763209393346,0.9510763209393346,0.9510763209393346,0.7806424994554282
7,infgain,standard,gaussian_noise,noImbl,sklearn_SVM,last,0.5,0.1,42,2026-05-29 19:14:42,20260529-185745,log/stroke_prediction_v2/7/infgain/gaussian_noise__noImbl__standard/sklearn_SVM,1780052279784_edb427c117800532821989364,0.949119373776908,0.4754901960784314,0.4989711934156378,0.4869477911646586,0.9044549326579948,0.949119373776908,0.926249027420838,0.949119373776908,0.949119373776908,0.949119373776908,0.7795189045137939
7,infgain,standard,gaussian_noise,noImbl,sklearn_SVM,last,0.5,0.2,42,2026-05-29 19:15:02,20260529-185745,log/stroke_prediction_v2/7/infgain/gaussian_noise__noImbl__standard/sklearn_SVM,1780052279784_edb427c117800533023564653,0.9510763209393346,0.4755381604696673,0.5,0.4874623871614844,0.9045461682515002,0.9510763209393346,0.9272278675557002,0.9510763209393346,0.9510763209393346,0.9510763209393346,0.7806424994554282
7,infgain,standard,mixup,noImbl,DTmodel,first,0.5,0.1,42,2026-05-29 19:15:15,20260529-185745,log/stroke_prediction_v2/7/infgain/standard__mixup__noImbl/DTmodel,1780052279784_edb427c117800533152252610,0.913894324853229,0.5654600085849191,0.5753086419753086,0.5698653198653199,0.9200476902619408,0.9138943248532287,0.9169055196452456,0.913894324853229,0.913894324853229,0.913894324853229,0.794654989950093
7,infgain,standard,mixup,noImbl,DTmodel,first,0.5,0.2,42,2026-05-29 19:15:25,20260529-185745,log/stroke_prediction_v2/7/infgain/standard__mixup__noImbl/DTmodel,1780052279784_edb427c117800533255284162,0.9178082191780822,0.5719314355677991,0.577366255144033,0.5745043616177637,0.9208355870871436,0.9178082191780822,0.9193040965530728,0.9178082191780822,0.9178082191780822,0.9178082191780822,0.7982078841767559
7,infgain,standard,mixup,noImbl,DTmodel,last,0.5,0.1,42,2026-05-29 19:15:37,20260529-185745,log/stroke_prediction_v2/7/infgain/mixup__noImbl__standard/DTmodel,1780052279784_edb427c117800533370725187,0.913894324853229,0.5373662551440329,0.5373662551440329,0.5373662551440329,0.913894324853229,0.913894324853229,0.913894324853229,0.913894324853229,0.913894324853229,0.913894324853229,0.7821095004550102
7,infgain,standard,mixup,noImbl,DTmodel,last,0.5,0.2,42,2026-05-29 19:15:47,20260529-185745,log/stroke_prediction_v2/7/infgain/mixup__noImbl__standard/DTmodel,1780052279784_edb427c117800533475434886,0.926614481409002,0.5678717687873334,0.5535390946502058,0.559470099715509,0.9182539520894292,0.926614481409002,0.922285876694502,0.926614481409002,0.926614481409002,0.926614481409002,0.7968756705777992
7,infgain,standard,mixup,noImbl,GradientBoosting,first,0.5,0.1,42,2026-05-29 19:15:16,20260529-185745,log/stroke_prediction_v2/7/infgain/standard__mixup__noImbl/GradientBoosting,1780052279784_edb427c117800533161405089,0.9510763209393346,0.7264243614931238,0.5189711934156378,0.5244742229666852,0.9306936973998362,0.9510763209393344,0.9308039071927005,0.9510763209393346,0.9510763209393346,0.9510763209393346,0.8163311731305013
7,infgain,standard,mixup,noImbl,GradientBoosting,first,0.5,0.2,42,2026-05-29 19:15:26,20260529-185745,log/stroke_prediction_v2/7/infgain/standard__mixup__noImbl/GradientBoosting,1780052279784_edb427c117800533264413613,0.946183953033268,0.5472906403940886,0.5069135802469136,0.5037038999108238,0.9121513886612744,0.9461839530332682,0.926467225277553,0.946183953033268,0.946183953033268,0.946183953033268,0.7896348109217913
7,infgain,standard,mixup,noImbl,GradientBoosting,last,0.5,0.1,42,2026-05-29 19:15:37,20260529-185745,log/stroke_prediction_v2/7/infgain/mixup__noImbl__standard/GradientBoosting,1780052279784_edb427c117800533379818058,0.949119373776908,0.6772727272727272,0.5369135802469136,0.5535618279569893,0.927415050702722,0.949119373776908,0.9326720745744168,0.949119373776908,0.949119373776908,0.949119373776908,0.8167429707127102
7,infgain,standard,mixup,noImbl,GradientBoosting,last,0.5,0.2,42,2026-05-29 19:15:48,20260529-185745,log/stroke_prediction_v2/7/infgain/mixup__noImbl__standard/GradientBoosting,1780052279784_edb427c117800533484176008,0.9471624266144814,0.475442043222004,0.4979423868312758,0.4864321608040201,0.9043633385749272,0.9471624266144816,0.9252682197681164,0.9471624266144814,0.9471624266144814,0.9471624266144814,0.7783948045944336
7,infgain,standard,mixup,noImbl,LogisticRegression,first,0.5,0.1,42,2026-05-29 19:15:15,20260529-185745,log/stroke_prediction_v2/7/infgain/standard__mixup__noImbl/LogisticRegression,1780052279784_edb427c117800533154269674,0.9510763209393346,0.7264243614931238,0.5189711934156378,0.5244742229666852,0.9306936973998362,0.9510763209393344,0.9308039071927005,0.9510763209393346,0.9510763209393346,0.9510763209393346,0.8163311731305013
7,infgain,standard,mixup,noImbl,LogisticRegression,first,0.5,0.2,42,2026-05-29 19:15:25,20260529-185745,log/stroke_prediction_v2/7/infgain/standard__mixup__noImbl/LogisticRegression,1780052279784_edb427c117800533257365632,0.9510763209393346,0.7259803921568627,0.509485596707819,0.5066805684275564,0.929849199953954,0.9510763209393348,0.9290856032892674,0.9510763209393346,0.9510763209393346,0.9510763209393346,0.8123269730151209
7,infgain,standard,mixup,noImbl,LogisticRegression,last,0.5,0.1,42,2026-05-29 19:15:37,20260529-185745,log/stroke_prediction_v2/7/infgain/mixup__noImbl__standard/LogisticRegression,1780052279784_edb427c117800533372770546,0.949119373776908,0.4754901960784314,0.4989711934156378,0.4869477911646586,0.9044549326579948,0.949119373776908,0.926249027420838,0.949119373776908,0.949119373776908,0.949119373776908,0.7795189045137939
7,infgain,standard,mixup,noImbl,LogisticRegression,last,0.5,0.2,42,2026-05-29 19:15:47,20260529-185745,log/stroke_prediction_v2/7/infgain/mixup__noImbl__standard/LogisticRegression,1780052279784_edb427c117800533477443123,0.9510763209393346,0.4755381604696673,0.5,0.4874623871614844,0.9045461682515002,0.9510763209393346,0.9272278675557002,0.9510763209393346,0.9510763209393346,0.9510763209393346,0.7806424994554282
7,infgain,standard,mixup,noImbl,XGBmodel,first,0.5,0.1,42,2026-05-29 19:15:15,20260529-185745,log/stroke_prediction_v2/7/infgain/standard__mixup__noImbl/XGBmodel,1780052279784_edb427c117800533150988908,0.9530332681017613,0.976470588235294,0.52,0.5264133456904542,0.9552434672499136,0.9530332681017613,0.9319221791576966,0.9530332681017613,0.9530332681017613,0.9530332681017613,0.8451350415164477
7,infgain,standard,mixup,noImbl,XGBmodel,first,0.5,0.2,42,2026-05-29 19:15:25,20260529-185745,log/stroke_prediction_v2/7/infgain/standard__mixup__noImbl/XGBmodel,1780052279784_edb427c117800533253993157,0.949119373776908,0.4754901960784314,0.4989711934156378,0.4869477911646586,0.9044549326579948,0.949119373776908,0.926249027420838,0.949119373776908,0.949119373776908,0.949119373776908,0.7795189045137939
7,infgain,standard,mixup,noImbl,XGBmodel,last,0.5,0.1,42,2026-05-29 19:15:36,20260529-185745,log/stroke_prediction_v2/7/infgain/mixup__noImbl__standard/XGBmodel,1780052279784_edb427c117800533369439583,0.9510763209393346,0.7264243614931238,0.5189711934156378,0.5244742229666852,0.9306936973998362,0.9510763209393344,0.9308039071927005,0.9510763209393346,0.9510763209393346,0.9510763209393346,0.8163311731305013
7,infgain,standard,mixup,noImbl,XGBmodel,last,0.5,0.2,42,2026-05-29 19:15:47,20260529-185745,log/stroke_prediction_v2/7/infgain/mixup__noImbl__standard/XGBmodel,1780052279784_edb427c117800533474117854,0.9481409001956947,0.4754661432777232,0.4984567901234568,0.4866901054746358,0.9044091805595832,0.9481409001956947,0.9257588699047868,0.9481409001956947,0.9481409001956947,0.9481409001956947,0.7789569177812675
7,infgain,standard,mixup,noImbl,random_forest,first,0.5,0.1,42,2026-05-29 19:15:14,20260529-185745,log/stroke_prediction_v2/7/infgain/standard__mixup__noImbl/random_forest,1780052279784_edb427c117800533149592839,0.9452054794520548,0.5762845849802372,0.5158847736625514,0.5192204301075269,0.9157507174183768,0.9452054794520548,0.9274930033878336,0.9452054794520548,0.9452054794520548,0.9452054794520548,0.7958812144112423
7,infgain,standard,mixup,noImbl,random_forest,first,0.5,0.2,42,2026-05-29 19:15:25,20260529-185745,log/stroke_prediction_v2/7/infgain/standard__mixup__noImbl/random_forest,1780052279784_edb427c117800533252554256,0.949119373776908,0.6009332023575638,0.5084567901234568,0.5054531918853528,0.9175285179873816,0.949119373776908,0.9280360634804086,0.949119373776908,0.949119373776908,0.949119373776908,0.7973629888624674
7,infgain,standard,mixup,noImbl,random_forest,last,0.5,0.1,42,2026-05-29 19:15:36,20260529-185745,log/stroke_prediction_v2/7/infgain/mixup__noImbl__standard/random_forest,1780052279784_edb427c117800533368008854,0.9510763209393346,0.7273175542406312,0.5379423868312758,0.5563774004236552,0.9323926863442143,0.9510763209393348,0.9338798949417636,0.9510763209393346,0.9510763209393346,0.9510763209393346,0.8237343854221587
7,infgain,standard,mixup,noImbl,random_forest,last,0.5,0.2,42,2026-05-29 19:15:47,20260529-185745,log/stroke_prediction_v2/7/infgain/mixup__noImbl__standard/random_forest,1780052279784_edb427c117800533472670824,0.9452054794520548,0.5383382642998028,0.5063991769547325,0.5031426884744937,0.9112324714274136,0.9452054794520548,0.9259454823347752,0.9452054794520548,0.9452054794520548,0.9452054794520548,0.7880424086704069
7,infgain,standard,mixup,noImbl,sklearn_SVM,first,0.5,0.1,42,2026-05-29 19:15:14,20260529-185745,log/stroke_prediction_v2/7/infgain/standard__mixup__noImbl/sklearn_SVM,1780052279784_edb427c117800533144832345,0.949119373776908,0.4754901960784314,0.4989711934156378,0.4869477911646586,0.9044549326579948,0.949119373776908,0.926249027420838,0.949119373776908,0.949119373776908,0.949119373776908,0.7795189045137939
7,infgain,standard,mixup,noImbl,sklearn_SVM,first,0.5,0.2,42,2026-05-29 19:15:24,20260529-185745,log/stroke_prediction_v2/7/infgain/standard__mixup__noImbl/sklearn_SVM,1780052279784_edb427c117800533247914182,0.9500978473581212,0.4755142017629775,0.499485596707819,0.4872052182639237,0.9045005951342742,0.9500978473581214,0.9267386930577962,0.9500978473581212,0.9500978473581212,0.9500978473581212,0.7800807650020133
7,infgain,standard,mixup,noImbl,sklearn_SVM,last,0.5,0.1,42,2026-05-29 19:15:36,20260529-185745,log/stroke_prediction_v2/7/infgain/mixup__noImbl__standard/sklearn_SVM,1780052279784_edb427c117800533363286902,0.949119373776908,0.4754901960784314,0.4989711934156378,0.4869477911646586,0.9044549326579948,0.949119373776908,0.926249027420838,0.949119373776908,0.949119373776908,0.949119373776908,0.7795189045137939
7,infgain,standard,mixup,noImbl,sklearn_SVM,last,0.5,0.2,42,2026-05-29 19:15:46,20260529-185745,log/stroke_prediction_v2/7/infgain/mixup__noImbl__standard/sklearn_SVM,1780052279784_edb427c117800533468107925,0.9510763209393346,0.4755381604696673,0.5,0.4874623871614844,0.9045461682515002,0.9510763209393346,0.9272278675557002,0.9510763209393346,0.9510763209393346,0.9510763209393346,0.7806424994554282
7,infgain,standard,noAug,noImbl,DTmodel,first,0.5,0.1,42,2026-05-29 19:15:56,20260529-185745,log/stroke_prediction_v2/7/infgain/standard__noAug__noImbl/DTmodel,1780052279784_edb427c117800533560646829,0.9217221135029354,0.5794238683127572,0.5794238683127572,0.5794238683127572,0.9217221135029354,0.9217221135029354,0.9217221135029354,0.9217221135029354,0.9217221135029354,0.9217221135029354,0.8019177276863728
7,infgain,standard,noAug,noImbl,DTmodel,first,0.5,0.2,42,2026-05-29 19:16:03,20260529-185745,log/stroke_prediction_v2/7/infgain/standard__noAug__noImbl/DTmodel,1780052279784_edb427c117800533633432659,0.9050880626223092,0.547809661602765,0.5611934156378601,0.5531183086528276,0.9171041523426974,0.9050880626223092,0.9109089516074717,0.9050880626223092,0.9050880626223092,0.9050880626223092,0.7842500370463007
7,infgain,standard,noAug,noImbl,DTmodel,last,0.5,0.1,42,2026-05-29 19:16:11,20260529-185745,log/stroke_prediction_v2/7/infgain/noAug__noImbl__standard/DTmodel,1780052279784_edb427c117800533715996843,0.9217221135029354,0.5794238683127572,0.5794238683127572,0.5794238683127572,0.9217221135029354,0.9217221135029354,0.9217221135029354,0.9217221135029354,0.9217221135029354,0.9217221135029354,0.8019177276863728
7,infgain,standard,noAug,noImbl,DTmodel,last,0.5,0.2,42,2026-05-29 19:16:18,20260529-185745,log/stroke_prediction_v2/7/infgain/noAug__noImbl__standard/DTmodel,1780052279784_edb427c117800533789373994,0.9050880626223092,0.547809661602765,0.5611934156378601,0.5531183086528276,0.9171041523426974,0.9050880626223092,0.9109089516074717,0.9050880626223092,0.9050880626223092,0.9050880626223092,0.7842500370463007
7,infgain,standard,noAug,noImbl,GradientBoosting,first,0.5,0.1,42,2026-05-29 19:15:56,20260529-185745,log/stroke_prediction_v2/7/infgain/standard__noAug__noImbl/GradientBoosting,1780052279784_edb427c117800533567143336,0.949119373776908,0.4754901960784314,0.4989711934156378,0.4869477911646586,0.9044549326579948,0.949119373776908,0.926249027420838,0.949119373776908,0.949119373776908,0.949119373776908,0.7795189045137939
7,infgain,standard,noAug,noImbl,GradientBoosting,first,0.5,0.2,42,2026-05-29 19:16:04,20260529-185745,log/stroke_prediction_v2/7/infgain/standard__noAug__noImbl/GradientBoosting,1780052279784_edb427c117800533640717744,0.9481409001956947,0.4754661432777232,0.4984567901234568,0.4866901054746358,0.9044091805595832,0.9481409001956947,0.9257588699047868,0.9481409001956947,0.9481409001956947,0.9481409001956947,0.7789569177812675
7,infgain,standard,noAug,noImbl,GradientBoosting,last,0.5,0.1,42,2026-05-29 19:16:12,20260529-185745,log/stroke_prediction_v2/7/infgain/noAug__noImbl__standard/GradientBoosting,1780052279784_edb427c117800533722403438,0.949119373776908,0.4754901960784314,0.4989711934156378,0.4869477911646586,0.9044549326579948,0.949119373776908,0.926249027420838,0.949119373776908,0.949119373776908,0.949119373776908,0.7795189045137939
7,infgain,standard,noAug,noImbl,GradientBoosting,last,0.5,0.2,42,2026-05-29 19:16:19,20260529-185745,log/stroke_prediction_v2/7/infgain/noAug__noImbl__standard/GradientBoosting,1780052279784_edb427c117800533795467638,0.9481409001956947,0.4754661432777232,0.4984567901234568,0.4866901054746358,0.9044091805595832,0.9481409001956947,0.9257588699047868,0.9481409001956947,0.9481409001956947,0.9481409001956947,0.7789569177812675
7,infgain,standard,noAug,noImbl,LogisticRegression,first,0.5,0.1,42,2026-05-29 19:15:56,20260529-185745,log/stroke_prediction_v2/7/infgain/standard__noAug__noImbl/LogisticRegression,1780052279784_edb427c117800533562591629,0.949119373776908,0.4754901960784314,0.4989711934156378,0.4869477911646586,0.9044549326579948,0.949119373776908,0.926249027420838,0.949119373776908,0.949119373776908,0.949119373776908,0.7795189045137939
7,infgain,standard,noAug,noImbl,LogisticRegression,first,0.5,0.2,42,2026-05-29 19:16:03,20260529-185745,log/stroke_prediction_v2/7/infgain/standard__noAug__noImbl/LogisticRegression,1780052279784_edb427c117800533635360492,0.9500978473581212,0.4755142017629775,0.499485596707819,0.4872052182639237,0.9045005951342742,0.9500978473581214,0.9267386930577962,0.9500978473581212,0.9500978473581212,0.9500978473581212,0.7800807650020133
7,infgain,standard,noAug,noImbl,LogisticRegression,last,0.5,0.1,42,2026-05-29 19:16:11,20260529-185745,log/stroke_prediction_v2/7/infgain/noAug__noImbl__standard/LogisticRegression,1780052279784_edb427c117800533717886117,0.949119373776908,0.4754901960784314,0.4989711934156378,0.4869477911646586,0.9044549326579948,0.949119373776908,0.926249027420838,0.949119373776908,0.949119373776908,0.949119373776908,0.7795189045137939
7,infgain,standard,noAug,noImbl,LogisticRegression,last,0.5,0.2,42,2026-05-29 19:16:19,20260529-185745,log/stroke_prediction_v2/7/infgain/noAug__noImbl__standard/LogisticRegression,1780052279784_edb427c117800533791209413,0.9500978473581212,0.4755142017629775,0.499485596707819,0.4872052182639237,0.9045005951342742,0.9500978473581214,0.9267386930577962,0.9500978473581212,0.9500978473581212,0.9500978473581212,0.7800807650020133
7,infgain,standard,noAug,noImbl,XGBmodel,first,0.5,0.1,42,2026-05-29 19:15:55,20260529-185745,log/stroke_prediction_v2/7/infgain/standard__noAug__noImbl/XGBmodel,1780052279784_edb427c117800533559328495,0.949119373776908,0.4754901960784314,0.4989711934156378,0.4869477911646586,0.9044549326579948,0.949119373776908,0.926249027420838,0.949119373776908,0.949119373776908,0.949119373776908,0.7795189045137939
7,infgain,standard,noAug,noImbl,XGBmodel,first,0.5,0.2,42,2026-05-29 19:16:03,20260529-185745,log/stroke_prediction_v2/7/infgain/standard__noAug__noImbl/XGBmodel,1780052279784_edb427c117800533632064745,0.952054794520548,0.8097808308799477,0.519485596707819,0.5254304748727765,0.9388916522152168,0.952054794520548,0.931361974062916,0.952054794520548,0.952054794520548,0.952054794520548,0.8261565931288712
7,infgain,standard,noAug,noImbl,XGBmodel,last,0.5,0.1,42,2026-05-29 19:16:11,20260529-185745,log/stroke_prediction_v2/7/infgain/noAug__noImbl__standard/XGBmodel,1780052279784_edb427c117800533714651082,0.949119373776908,0.4754901960784314,0.4989711934156378,0.4869477911646586,0.9044549326579948,0.949119373776908,0.926249027420838,0.949119373776908,0.949119373776908,0.949119373776908,0.7795189045137939
7,infgain,standard,noAug,noImbl,XGBmodel,last,0.5,0.2,42,2026-05-29 19:16:18,20260529-185745,log/stroke_prediction_v2/7/infgain/noAug__noImbl__standard/XGBmodel,1780052279784_edb427c117800533787996106,0.952054794520548,0.8097808308799477,0.519485596707819,0.5254304748727765,0.9388916522152168,0.952054794520548,0.931361974062916,0.952054794520548,0.952054794520548,0.952054794520548,0.8261565931288712
7,infgain,standard,noAug,noImbl,random_forest,first,0.5,0.1,42,2026-05-29 19:15:55,20260529-185745,log/stroke_prediction_v2/7/infgain/standard__noAug__noImbl/random_forest,1780052279784_edb427c117800533557699078,0.9452054794520548,0.6200396825396826,0.5348559670781893,0.5483585858585859,0.9216522225328488,0.9452054794520548,0.9302926525529264,0.9452054794520548,0.9452054794520548,0.9452054794520548,0.8075346647576206
7,infgain,standard,noAug,noImbl,random_forest,first,0.5,0.2,42,2026-05-29 19:16:03,20260529-185745,log/stroke_prediction_v2/7/infgain/standard__noAug__noImbl/random_forest,1780052279784_edb427c117800533630533373,0.9481409001956947,0.5759095378564405,0.5079423868312758,0.5048585401526577,0.915037320541018,0.9481409001956947,0.9275124553126164,0.9481409001956947,0.9481409001956947,0.9481409001956947,0.7940009339209423
7,infgain,standard,noAug,noImbl,random_forest,last,0.5,0.1,42,2026-05-29 19:16:11,20260529-185745,log/stroke_prediction_v2/7/infgain/noAug__noImbl__standard/random_forest,1780052279784_edb427c117800533713090313,0.9452054794520548,0.6200396825396826,0.5348559670781893,0.5483585858585859,0.9216522225328488,0.9452054794520548,0.9302926525529264,0.9452054794520548,0.9452054794520548,0.9452054794520548,0.8075346647576206
7,infgain,standard,noAug,noImbl,random_forest,last,0.5,0.2,42,2026-05-29 19:16:18,20260529-185745,log/stroke_prediction_v2/7/infgain/noAug__noImbl__standard/random_forest,1780052279784_edb427c117800533786432911,0.9481409001956947,0.5759095378564405,0.5079423868312758,0.5048585401526577,0.915037320541018,0.9481409001956947,0.9275124553126164,0.9481409001956947,0.9481409001956947,0.9481409001956947,0.7940009339209423
7,infgain,standard,noAug,noImbl,sklearn_SVM,first,0.5,0.1,42,2026-05-29 19:15:55,20260529-185745,log/stroke_prediction_v2/7/infgain/standard__noAug__noImbl/sklearn_SVM,1780052279784_edb427c117800533554424578,0.9510763209393346,0.4755381604696673,0.5,0.4874623871614844,0.9045461682515002,0.9510763209393346,0.9272278675557002,0.9510763209393346,0.9510763209393346,0.9510763209393346,0.7806424994554282
7,infgain,standard,noAug,noImbl,sklearn_SVM,first,0.5,0.2,42,2026-05-29 19:16:02,20260529-185745,log/stroke_prediction_v2/7/infgain/standard__noAug__noImbl/sklearn_SVM,1780052279784_edb427c117800533627307580,0.9510763209393346,0.4755381604696673,0.5,0.4874623871614844,0.9045461682515002,0.9510763209393346,0.9272278675557002,0.9510763209393346,0.9510763209393346,0.9510763209393346,0.7806424994554282
7,infgain,standard,noAug,noImbl,sklearn_SVM,last,0.5,0.1,42,2026-05-29 19:16:10,20260529-185745,log/stroke_prediction_v2/7/infgain/noAug__noImbl__standard/sklearn_SVM,1780052279784_edb427c117800533709750848,0.9510763209393346,0.4755381604696673,0.5,0.4874623871614844,0.9045461682515002,0.9510763209393346,0.9272278675557002,0.9510763209393346,0.9510763209393346,0.9510763209393346,0.7806424994554282
7,infgain,standard,noAug,noImbl,sklearn_SVM,last,0.5,0.2,42,2026-05-29 19:16:18,20260529-185745,log/stroke_prediction_v2/7/infgain/noAug__noImbl__standard/sklearn_SVM,1780052279784_edb427c117800533783294214,0.9510763209393346,0.4755381604696673,0.5,0.4874623871614844,0.9045461682515002,0.9510763209393346,0.9272278675557002,0.9510763209393346,0.9510763209393346,0.9510763209393346,0.7806424994554282
8,biMaxInfgain,minmax,gaussian_noise,noImbl,DTmodel,first,0.5,0.1,42,2026-05-29 19:16:39,20260529-185745,log/stroke_prediction_v2/8/biMaxInfgain/minmax__gaussian_noise__noImbl/DTmodel,1780052279784_edb427c117800533993427106,0.923679060665362,0.5957969865186359,0.5994238683127572,0.597564669534137,0.9251077407270036,0.923679060665362,0.9243880049939082,0.923679060665362,0.923679060665362,0.923679060665362,0.8097973850011909
8,biMaxInfgain,minmax,gaussian_noise,noImbl,DTmodel,first,0.5,0.2,42,2026-05-29 19:17:01,20260529-185745,log/stroke_prediction_v2/8/biMaxInfgain/minmax__gaussian_noise__noImbl/DTmodel,1780052279784_edb427c117800534214653428,0.9187866927592956,0.5441487546912316,0.5399382716049383,0.5418649239826092,0.9147669723937584,0.9187866927592956,0.9167536735102304,0.9187866927592956,0.9187866927592956,0.9187866927592956,0.7861928665966367
8,biMaxInfgain,minmax,gaussian_noise,noImbl,DTmodel,last,0.5,0.1,42,2026-05-29 19:17:30,20260529-185745,log/stroke_prediction_v2/8/biMaxInfgain/gaussian_noise__noImbl__minmax/DTmodel,1780052279784_edb427c117800534504316788,0.9119373776908024,0.5350118953211737,0.5363374485596708,0.5356515417701581,0.9135797545202996,0.9119373776908024,0.9127553903775864,0.9119373776908024,0.9119373776908024,0.9119373776908022,0.7805289007385968
8,biMaxInfgain,minmax,gaussian_noise,noImbl,DTmodel,last,0.5,0.2,42,2026-05-29 19:17:56,20260529-185745,log/stroke_prediction_v2/8/biMaxInfgain/gaussian_noise__noImbl__minmax/DTmodel,1780052279784_edb427c117800534761861193,0.9246575342465754,0.5715727961612467,0.5619958847736626,0.5662880353609673,0.9193763522666668,0.9246575342465756,0.9219572258588472,0.9246575342465754,0.9246575342465754,0.9246575342465754,0.7983943062017598
8,biMaxInfgain,minmax,gaussian_noise,noImbl,GradientBoosting,first,0.5,0.1,42,2026-05-29 19:16:40,20260529-185745,log/stroke_prediction_v2/8/biMaxInfgain/minmax__gaussian_noise__noImbl/GradientBoosting,1780052279784_edb427c117800534009858501,0.943248532289628,0.47534516765286,0.4958847736625514,0.48539778449144,0.9041790664551466,0.943248532289628,0.9233006781324457,0.943248532289628,0.943248532289628,0.943248532289628,0.7761450830864897
8,biMaxInfgain,minmax,gaussian_noise,noImbl,GradientBoosting,first,0.5,0.2,42,2026-05-29 19:17:03,20260529-185745,log/stroke_prediction_v2/8/biMaxInfgain/minmax__gaussian_noise__noImbl/GradientBoosting,1780052279784_edb427c117800534236256672,0.9393346379647748,0.5386431411530814,0.512798353909465,0.5146306339430707,0.9118123937393252,0.9393346379647748,0.92423010225689,0.9393346379647748,0.9393346379647748,0.9393346379647748,0.7878883544960911
8,biMaxInfgain,minmax,gaussian_noise,noImbl,GradientBoosting,last,0.5,0.1,42,2026-05-29 19:17:32,20260529-185745,log/stroke_prediction_v2/8/biMaxInfgain/gaussian_noise__noImbl__minmax/GradientBoosting,1780052279784_edb427c117800534525810363,0.9510763209393346,0.7264243614931238,0.5189711934156378,0.5244742229666852,0.9306936973998362,0.9510763209393344,0.9308039071927005,0.9510763209393346,0.9510763209393346,0.9510763209393346,0.8163311731305013
8,biMaxInfgain,minmax,gaussian_noise,noImbl,GradientBoosting,last,0.5,0.2,42,2026-05-29 19:17:58,20260529-185745,log/stroke_prediction_v2/8/biMaxInfgain/gaussian_noise__noImbl__minmax/GradientBoosting,1780052279784_edb427c117800534783930114,0.949119373776908,0.6009332023575638,0.5084567901234568,0.5054531918853528,0.9175285179873816,0.949119373776908,0.9280360634804086,0.949119373776908,0.949119373776908,0.949119373776908,0.7973629888624674
8,biMaxInfgain,minmax,gaussian_noise,noImbl,LogisticRegression,first,0.5,0.1,42,2026-05-29 19:16:39,20260529-185745,log/stroke_prediction_v2/8/biMaxInfgain/minmax__gaussian_noise__noImbl/LogisticRegression,1780052279784_edb427c117800533994832715,0.9510763209393346,0.4755381604696673,0.5,0.4874623871614844,0.9045461682515002,0.9510763209393346,0.9272278675557002,0.9510763209393346,0.9510763209393346,0.9510763209393346,0.7806424994554282
8,biMaxInfgain,minmax,gaussian_noise,noImbl,LogisticRegression,first,0.5,0.2,42,2026-05-29 19:17:01,20260529-185745,log/stroke_prediction_v2/8/biMaxInfgain/minmax__gaussian_noise__noImbl/LogisticRegression,1780052279784_edb427c117800534216806645,0.9510763209393346,0.4755381604696673,0.5,0.4874623871614844,0.9045461682515002,0.9510763209393346,0.9272278675557002,0.9510763209393346,0.9510763209393346,0.9510763209393346,0.7806424994554282
8,biMaxInfgain,minmax,gaussian_noise,noImbl,LogisticRegression,last,0.5,0.1,42,2026-05-29 19:17:30,20260529-185745,log/stroke_prediction_v2/8/biMaxInfgain/gaussian_noise__noImbl__minmax/LogisticRegression,1780052279784_edb427c117800534506292219,0.9510763209393346,0.4755381604696673,0.5,0.4874623871614844,0.9045461682515002,0.9510763209393346,0.9272278675557002,0.9510763209393346,0.9510763209393346,0.9510763209393346,0.7806424994554282
8,biMaxInfgain,minmax,gaussian_noise,noImbl,LogisticRegression,last,0.5,0.2,42,2026-05-29 19:17:56,20260529-185745,log/stroke_prediction_v2/8/biMaxInfgain/gaussian_noise__noImbl__minmax/LogisticRegression,1780052279784_edb427c117800534764035524,0.9510763209393346,0.4755381604696673,0.5,0.4874623871614844,0.9045461682515002,0.9510763209393346,0.9272278675557002,0.9510763209393346,0.9510763209393346,0.9510763209393346,0.7806424994554282
8,biMaxInfgain,minmax,gaussian_noise,noImbl,XGBmodel,first,0.5,0.1,42,2026-05-29 19:16:39,20260529-185745,log/stroke_prediction_v2/8/biMaxInfgain/minmax__gaussian_noise__noImbl/XGBmodel,1780052279784_edb427c117800533991906123,0.9510763209393346,0.7264243614931238,0.5189711934156378,0.5244742229666852,0.9306936973998362,0.9510763209393344,0.9308039071927005,0.9510763209393346,0.9510763209393346,0.9510763209393346,0.8163311731305013
8,biMaxInfgain,minmax,gaussian_noise,noImbl,XGBmodel,first,0.5,0.2,42,2026-05-29 19:17:01,20260529-185745,log/stroke_prediction_v2/8/biMaxInfgain/minmax__gaussian_noise__noImbl/XGBmodel,1780052279784_edb427c117800534212552332,0.9500978473581212,0.6426234870788354,0.5089711934156378,0.5060602901737061,0.9216504163874,0.9500978473581212,0.9285604219838514,0.9500978473581212,0.9500978473581212,0.9500978473581212,0.8025567554550692
8,biMaxInfgain,minmax,gaussian_noise,noImbl,XGBmodel,last,0.5,0.1,42,2026-05-29 19:17:30,20260529-185745,log/stroke_prediction_v2/8/biMaxInfgain/gaussian_noise__noImbl__minmax/XGBmodel,1780052279784_edb427c117800534502191125,0.9510763209393346,0.4755381604696673,0.5,0.4874623871614844,0.9045461682515002,0.9510763209393346,0.9272278675557002,0.9510763209393346,0.9510763209393346,0.9510763209393346,0.7806424994554282
8,biMaxInfgain,minmax,gaussian_noise,noImbl,XGBmodel,last,0.5,0.2,42,2026-05-29 19:17:55,20260529-185745,log/stroke_prediction_v2/8/biMaxInfgain/gaussian_noise__noImbl__minmax/XGBmodel,1780052279784_edb427c117800534759701851,0.9500978473581212,0.6426234870788354,0.5089711934156378,0.5060602901737061,0.9216504163874,0.9500978473581212,0.9285604219838514,0.9500978473581212,0.9500978473581212,0.9500978473581212,0.8025567554550692
8,biMaxInfgain,minmax,gaussian_noise,noImbl,random_forest,first,0.5,0.1,42,2026-05-29 19:16:39,20260529-185745,log/stroke_prediction_v2/8/biMaxInfgain/minmax__gaussian_noise__noImbl/random_forest,1780052279784_edb427c117800533990538440,0.9510763209393346,0.7273175542406312,0.5379423868312758,0.5563774004236552,0.9323926863442143,0.9510763209393348,0.9338798949417636,0.9510763209393346,0.9510763209393346,0.9510763209393346,0.8237343854221587
8,biMaxInfgain,minmax,gaussian_noise,noImbl,random_forest,first,0.5,0.2,42,2026-05-29 19:17:01,20260529-185745,log/stroke_prediction_v2/8/biMaxInfgain/minmax__gaussian_noise__noImbl/random_forest,1780052279784_edb427c117800534210466599,0.952054794520548,0.7768928220255653,0.5289711934156378,0.5422277069335892,0.9364771487453024,0.952054794520548,0.9329832134022304,0.952054794520548,0.952054794520548,0.952054794520548,0.8263376722772425
8,biMaxInfgain,minmax,gaussian_noise,noImbl,random_forest,last,0.5,0.1,42,2026-05-29 19:17:29,20260529-185745,log/stroke_prediction_v2/8/biMaxInfgain/gaussian_noise__noImbl__minmax/random_forest,1780052279784_edb427c117800534499914624,0.949119373776908,0.6772727272727272,0.5369135802469136,0.5535618279569893,0.927415050702722,0.949119373776908,0.9326720745744168,0.949119373776908,0.949119373776908,0.949119373776908,0.8167429707127102
8,biMaxInfgain,minmax,gaussian_noise,noImbl,random_forest,last,0.5,0.2,42,2026-05-29 19:17:55,20260529-185745,log/stroke_prediction_v2/8/biMaxInfgain/gaussian_noise__noImbl__minmax/random_forest,1780052279784_edb427c117800534757636298,0.9540117416829744,0.8116156630470549,0.5584567901234567,0.5898561243222473,0.942381783069284,0.9540117416829744,0.9385077122834006,0.9540117416829744,0.9540117416829744,0.9540117416829744,0.8421046957880163
8,biMaxInfgain,minmax,gaussian_noise,noImbl,sklearn_SVM,first,0.5,0.1,42,2026-05-29 19:16:37,20260529-185745,log/stroke_prediction_v2/8/biMaxInfgain/minmax__gaussian_noise__noImbl/sklearn_SVM,1780052279784_edb427c117800533979719054,0.9510763209393346,0.7264243614931238,0.5189711934156378,0.5244742229666852,0.9306936973998362,0.9510763209393344,0.9308039071927005,0.9510763209393346,0.9510763209393346,0.9510763209393346,0.8163311731305013
8,biMaxInfgain,minmax,gaussian_noise,noImbl,sklearn_SVM,first,0.5,0.2,42,2026-05-29 19:16:59,20260529-185745,log/stroke_prediction_v2/8/biMaxInfgain/minmax__gaussian_noise__noImbl/sklearn_SVM,1780052279784_edb427c117800534196711166,0.9500978473581212,0.4755142017629775,0.499485596707819,0.4872052182639237,0.9045005951342742,0.9500978473581214,0.9267386930577962,0.9500978473581212,0.9500978473581212,0.9500978473581212,0.7800807650020133
8,biMaxInfgain,minmax,gaussian_noise,noImbl,sklearn_SVM,last,0.5,0.1,42,2026-05-29 19:17:28,20260529-185745,log/stroke_prediction_v2/8/biMaxInfgain/gaussian_noise__noImbl__minmax/sklearn_SVM,1780052279784_edb427c117800534485622075,0.949119373776908,0.4754901960784314,0.4989711934156378,0.4869477911646586,0.9044549326579948,0.949119373776908,0.926249027420838,0.949119373776908,0.949119373776908,0.949119373776908,0.7795189045137939
8,biMaxInfgain,minmax,gaussian_noise,noImbl,sklearn_SVM,last,0.5,0.2,42,2026-05-29 19:17:54,20260529-185745,log/stroke_prediction_v2/8/biMaxInfgain/gaussian_noise__noImbl__minmax/sklearn_SVM,1780052279784_edb427c117800534743824293,0.9500978473581212,0.4755142017629775,0.499485596707819,0.4872052182639237,0.9045005951342742,0.9500978473581214,0.9267386930577962,0.9500978473581212,0.9500978473581212,0.9500978473581212,0.7800807650020133
8,biMaxInfgain,minmax,mixup,noImbl,DTmodel,first,0.5,0.1,42,2026-05-29 19:18:12,20260529-185745,log/stroke_prediction_v2/8/biMaxInfgain/minmax__mixup__noImbl/DTmodel,1780052279784_edb427c117800534921492495,0.923679060665362,0.532228983547442,0.5235390946502058,0.5265933439437489,0.9121415847082022,0.923679060665362,0.9177397443896114,0.923679060665362,0.923679060665362,0.923679060665362,0.7829125538067335
8,biMaxInfgain,minmax,mixup,noImbl,DTmodel,first,0.5,0.2,42,2026-05-29 19:18:26,20260529-185745,log/stroke_prediction_v2/8/biMaxInfgain/minmax__mixup__noImbl/DTmodel,1780052279784_edb427c117800535064926519,0.8953033268101761,0.5538827882079741,0.5845061728395062,0.5636365087409169,0.9199173656396372,0.8953033268101761,0.9068428008395218,0.8953033268101761,0.8953033268101761,0.895303326810176,0.7845238598298477
8,biMaxInfgain,minmax,mixup,noImbl,DTmodel,last,0.5,0.1,42,2026-05-29 19:18:40,20260529-185745,log/stroke_prediction_v2/8/biMaxInfgain/mixup__noImbl__minmax/DTmodel,1780052279784_edb427c117800535208443930,0.9178082191780822,0.558395061728395,0.558395061728395,0.558395061728395,0.9178082191780822,0.9178082191780822,0.9178082191780822,0.9178082191780822,0.9178082191780822,0.9178082191780822,0.7920136140706917
8,biMaxInfgain,minmax,mixup,noImbl,DTmodel,last,0.5,0.2,42,2026-05-29 19:18:55,20260529-185745,log/stroke_prediction_v2/8/biMaxInfgain/mixup__noImbl__minmax/DTmodel,1780052279784_edb427c117800535355188061,0.913894324853229,0.5591356107660456,0.5658230452674897,0.5622018420079055,0.9185724617422908,0.913894324853229,0.9161979874046176,0.913894324853229,0.913894324853229,0.913894324853229,0.7916708161307524
8,biMaxInfgain,minmax,mixup,noImbl,GradientBoosting,first,0.5,0.1,42,2026-05-29 19:18:13,20260529-185745,log/stroke_prediction_v2/8/biMaxInfgain/minmax__mixup__noImbl/GradientBoosting,1780052279784_edb427c117800534934795363,0.9510763209393346,0.7264243614931238,0.5189711934156378,0.5244742229666852,0.9306936973998362,0.9510763209393344,0.9308039071927005,0.9510763209393346,0.9510763209393346,0.9510763209393346,0.8163311731305013
8,biMaxInfgain,minmax,mixup,noImbl,GradientBoosting,first,0.5,0.2,42,2026-05-29 19:18:27,20260529-185745,log/stroke_prediction_v2/8/biMaxInfgain/minmax__mixup__noImbl/GradientBoosting,1780052279784_edb427c117800535078308317,0.9481409001956947,0.6700083860638865,0.5458847736625514,0.5659879970834033,0.9274764362943354,0.9481409001956946,0.9333967318795792,0.9481409001956947,0.9481409001956947,0.9481409001956947,0.8185010290248024
8,biMaxInfgain,minmax,mixup,noImbl,GradientBoosting,last,0.5,0.1,42,2026-05-29 19:18:42,20260529-185745,log/stroke_prediction_v2/8/biMaxInfgain/mixup__noImbl__minmax/GradientBoosting,1780052279784_edb427c117800535220883963,0.9412915851272016,0.5476190476190477,0.5138271604938272,0.5160984848484849,0.9127760693318424,0.9412915851272016,0.925313556306707,0.9412915851272016,0.9412915851272016,0.9412915851272016,0.790150667968631
8,biMaxInfgain,minmax,mixup,noImbl,GradientBoosting,last,0.5,0.2,42,2026-05-29 19:18:56,20260529-185745,log/stroke_prediction_v2/8/biMaxInfgain/mixup__noImbl__minmax/GradientBoosting,1780052279784_edb427c117800535368795095,0.9500978473581212,0.6426234870788354,0.5089711934156378,0.5060602901737061,0.9216504163874,0.9500978473581212,0.9285604219838514,0.9500978473581212,0.9500978473581212,0.9500978473581212,0.8025567554550692
8,biMaxInfgain,minmax,mixup,noImbl,LogisticRegression,first,0.5,0.1,42,2026-05-29 19:18:12,20260529-185745,log/stroke_prediction_v2/8/biMaxInfgain/minmax__mixup__noImbl/LogisticRegression,1780052279784_edb427c117800534923481089,0.9510763209393346,0.4755381604696673,0.5,0.4874623871614844,0.9045461682515002,0.9510763209393346,0.9272278675557002,0.9510763209393346,0.9510763209393346,0.9510763209393346,0.7806424994554282
8,biMaxInfgain,minmax,mixup,noImbl,LogisticRegression,first,0.5,0.2,42,2026-05-29 19:18:26,20260529-185745,log/stroke_prediction_v2/8/biMaxInfgain/minmax__mixup__noImbl/LogisticRegression,1780052279784_edb427c117800535066999511,0.9510763209393346,0.4755381604696673,0.5,0.4874623871614844,0.9045461682515002,0.9510763209393346,0.9272278675557002,0.9510763209393346,0.9510763209393346,0.9510763209393346,0.7806424994554282
8,biMaxInfgain,minmax,mixup,noImbl,LogisticRegression,last,0.5,0.1,42,2026-05-29 19:18:41,20260529-185745,log/stroke_prediction_v2/8/biMaxInfgain/mixup__noImbl__minmax/LogisticRegression,1780052279784_edb427c117800535210279725,0.9510763209393346,0.4755381604696673,0.5,0.4874623871614844,0.9045461682515002,0.9510763209393346,0.9272278675557002,0.9510763209393346,0.9510763209393346,0.9510763209393346,0.7806424994554282
8,biMaxInfgain,minmax,mixup,noImbl,LogisticRegression,last,0.5,0.2,42,2026-05-29 19:18:55,20260529-185745,log/stroke_prediction_v2/8/biMaxInfgain/mixup__noImbl__minmax/LogisticRegression,1780052279784_edb427c117800535357306620,0.9510763209393346,0.4755381604696673,0.5,0.4874623871614844,0.9045461682515002,0.9510763209393346,0.9272278675557002,0.9510763209393346,0.9510763209393346,0.9510763209393346,0.7806424994554282
8,biMaxInfgain,minmax,mixup,noImbl,XGBmodel,first,0.5,0.1,42,2026-05-29 19:18:11,20260529-185745,log/stroke_prediction_v2/8/biMaxInfgain/minmax__mixup__noImbl/XGBmodel,1780052279784_edb427c117800534919476419,0.9510763209393346,0.4755381604696673,0.5,0.4874623871614844,0.9045461682515002,0.9510763209393346,0.9272278675557002,0.9510763209393346,0.9510763209393346,0.9510763209393346,0.7806424994554282
8,biMaxInfgain,minmax,mixup,noImbl,XGBmodel,first,0.5,0.2,42,2026-05-29 19:18:26,20260529-185745,log/stroke_prediction_v2/8/biMaxInfgain/minmax__mixup__noImbl/XGBmodel,1780052279784_edb427c117800535063062532,0.9481409001956947,0.6590684290981027,0.5363991769547325,0.5522101799723883,0.9255932474500824,0.9481409001956947,0.932072952132522,0.9481409001956947,0.9481409001956947,0.9481409001956947,0.8140049152443061
8,biMaxInfgain,minmax,mixup,noImbl,XGBmodel,last,0.5,0.1,42,2026-05-29 19:18:40,20260529-185745,log/stroke_prediction_v2/8/biMaxInfgain/mixup__noImbl__minmax/XGBmodel,1780052279784_edb427c117800535206624853,0.9530332681017613,0.8106955380577427,0.5389711934156378,0.5593561368209254,0.9406315648900052,0.9530332681017613,0.93510180456516,0.9530332681017613,0.9530332681017613,0.9530332681017613,0.8344118280849556
8,biMaxInfgain,minmax,mixup,noImbl,XGBmodel,last,0.5,0.2,42,2026-05-29 19:18:55,20260529-185745,log/stroke_prediction_v2/8/biMaxInfgain/mixup__noImbl__minmax/XGBmodel,1780052279784_edb427c117800535353075237,0.9481409001956947,0.4754661432777232,0.4984567901234568,0.4866901054746358,0.9044091805595832,0.9481409001956947,0.9257588699047868,0.9481409001956947,0.9481409001956947,0.9481409001956947,0.7789569177812675
8,biMaxInfgain,minmax,mixup,noImbl,random_forest,first,0.5,0.1,42,2026-05-29 19:18:11,20260529-185745,log/stroke_prediction_v2/8/biMaxInfgain/minmax__mixup__noImbl/random_forest,1780052279784_edb427c117800534917408344,0.9510763209393346,0.7273175542406312,0.5379423868312758,0.5563774004236552,0.9323926863442143,0.9510763209393348,0.9338798949417636,0.9510763209393346,0.9510763209393346,0.9510763209393346,0.8237343854221587
8,biMaxInfgain,minmax,mixup,noImbl,random_forest,first,0.5,0.2,42,2026-05-29 19:18:26,20260529-185745,log/stroke_prediction_v2/8/biMaxInfgain/minmax__mixup__noImbl/random_forest,1780052279784_edb427c117800535060508422,0.952054794520548,0.7768928220255653,0.5289711934156378,0.5422277069335892,0.9364771487453024,0.952054794520548,0.9329832134022304,0.952054794520548,0.952054794520548,0.952054794520548,0.8263376722772425
8,biMaxInfgain,minmax,mixup,noImbl,random_forest,last,0.5,0.1,42,2026-05-29 19:18:40,20260529-185745,log/stroke_prediction_v2/8/biMaxInfgain/mixup__noImbl__minmax/random_forest,1780052279784_edb427c117800535204438946,0.9530332681017613,0.8106955380577427,0.5389711934156378,0.5593561368209254,0.9406315648900052,0.9530332681017613,0.93510180456516,0.9530332681017613,0.9530332681017613,0.9530332681017613,0.8344118280849556
8,biMaxInfgain,minmax,mixup,noImbl,random_forest,last,0.5,0.2,42,2026-05-29 19:18:55,20260529-185745,log/stroke_prediction_v2/8/biMaxInfgain/mixup__noImbl__minmax/random_forest,1780052279784_edb427c117800535350892561,0.9510763209393346,0.7264243614931238,0.5189711934156378,0.5244742229666852,0.9306936973998362,0.9510763209393344,0.9308039071927005,0.9510763209393346,0.9510763209393346,0.9510763209393346,0.8163311731305013
8,biMaxInfgain,minmax,mixup,noImbl,sklearn_SVM,first,0.5,0.1,42,2026-05-29 19:18:11,20260529-185745,log/stroke_prediction_v2/8/biMaxInfgain/minmax__mixup__noImbl/sklearn_SVM,1780052279784_edb427c117800534910392926,0.9530332681017613,0.976470588235294,0.52,0.5264133456904542,0.9552434672499136,0.9530332681017613,0.9319221791576966,0.9530332681017613,0.9530332681017613,0.9530332681017613,0.8451350415164477
8,biMaxInfgain,minmax,mixup,noImbl,sklearn_SVM,first,0.5,0.2,42,2026-05-29 19:18:25,20260529-185745,log/stroke_prediction_v2/8/biMaxInfgain/minmax__mixup__noImbl/sklearn_SVM,1780052279784_edb427c117800535053682761,0.9500978473581212,0.676401179941003,0.5184567901234568,0.5235431235431236,0.9257572346431604,0.9500978473581212,0.9302478343574236,0.9500978473581212,0.9500978473581212,0.9500978473581212,0.8101693030990923
8,biMaxInfgain,minmax,mixup,noImbl,sklearn_SVM,last,0.5,0.1,42,2026-05-29 19:18:39,20260529-185745,log/stroke_prediction_v2/8/biMaxInfgain/mixup__noImbl__minmax/sklearn_SVM,1780052279784_edb427c117800535197977352,0.949119373776908,0.6430446194225722,0.5179423868312758,0.5226358148893361,0.9224514743876192,0.949119373776908,0.9296936216122568,0.949119373776908,0.949119373776908,0.949119373776908,0.8058410130501487
8,biMaxInfgain,minmax,mixup,noImbl,sklearn_SVM,last,0.5,0.2,42,2026-05-29 19:18:54,20260529-185745,log/stroke_prediction_v2/8/biMaxInfgain/mixup__noImbl__minmax/sklearn_SVM,1780052279784_edb427c117800535343806308,0.9500978473581212,0.6426234870788354,0.5089711934156378,0.5060602901737061,0.9216504163874,0.9500978473581212,0.9285604219838514,0.9500978473581212,0.9500978473581212,0.9500978473581212,0.8025567554550692
8,biMaxInfgain,minmax,noAug,noImbl,DTmodel,first,0.5,0.1,42,2026-05-29 19:19:05,20260529-185745,log/stroke_prediction_v2/8/biMaxInfgain/minmax__noAug__noImbl/DTmodel,1780052279784_edb427c117800535459398843,0.9001956947162426,0.5239104906054279,0.5301646090534979,0.5262067084810472,0.9119809136369394,0.9001956947162427,0.9059620447242744,0.9001956947162426,0.9001956947162426,0.9001956947162426,0.7715091921968816
8,biMaxInfgain,minmax,noAug,noImbl,DTmodel,first,0.5,0.2,42,2026-05-29 19:19:15,20260529-185745,log/stroke_prediction_v2/8/biMaxInfgain/minmax__noAug__noImbl/DTmodel,1780052279784_edb427c117800535554088586,0.9090019569471623,0.5642392090667953,0.5822222222222222,0.5715464196362161,0.9205971166292374,0.9090019569471623,0.9145828092731428,0.9090019569471623,0.9090019569471623,0.9090019569471623,0.7932260219070941
8,biMaxInfgain,minmax,noAug,noImbl,DTmodel,last,0.5,0.1,42,2026-05-29 19:19:25,20260529-185745,log/stroke_prediction_v2/8/biMaxInfgain/noAug__noImbl__minmax/DTmodel,1780052279784_edb427c117800535650398346,0.9001956947162426,0.5239104906054279,0.5301646090534979,0.5262067084810472,0.9119809136369394,0.9001956947162427,0.9059620447242744,0.9001956947162426,0.9001956947162426,0.9001956947162426,0.7715091921968816
8,biMaxInfgain,minmax,noAug,noImbl,DTmodel,last,0.5,0.2,42,2026-05-29 19:19:34,20260529-185745,log/stroke_prediction_v2/8/biMaxInfgain/noAug__noImbl__minmax/DTmodel,1780052279784_edb427c117800535745620774,0.9090019569471623,0.5642392090667953,0.5822222222222222,0.5715464196362161,0.9205971166292374,0.9090019569471623,0.9145828092731428,0.9090019569471623,0.9090019569471623,0.9090019569471623,0.7932260219070941
8,biMaxInfgain,minmax,noAug,noImbl,GradientBoosting,first,0.5,0.1,42,2026-05-29 19:19:06,20260529-185745,log/stroke_prediction_v2/8/biMaxInfgain/minmax__noAug__noImbl/GradientBoosting,1780052279784_edb427c117800535468123685,0.949119373776908,0.6430446194225722,0.5179423868312758,0.5226358148893361,0.9224514743876192,0.949119373776908,0.9296936216122568,0.949119373776908,0.949119373776908,0.949119373776908,0.8058410130501487
8,biMaxInfgain,minmax,noAug,noImbl,GradientBoosting,first,0.5,0.2,42,2026-05-29 19:19:16,20260529-185745,log/stroke_prediction_v2/8/biMaxInfgain/minmax__noAug__noImbl/GradientBoosting,1780052279784_edb427c117800535562306015,0.9471624266144814,0.475442043222004,0.4979423868312758,0.4864321608040201,0.9043633385749272,0.9471624266144816,0.9252682197681164,0.9471624266144814,0.9471624266144814,0.9471624266144814,0.7783948045944336
8,biMaxInfgain,minmax,noAug,noImbl,GradientBoosting,last,0.5,0.1,42,2026-05-29 19:19:26,20260529-185745,log/stroke_prediction_v2/8/biMaxInfgain/noAug__noImbl__minmax/GradientBoosting,1780052279784_edb427c117800535660606177,0.949119373776908,0.6430446194225722,0.5179423868312758,0.5226358148893361,0.9224514743876192,0.949119373776908,0.9296936216122568,0.949119373776908,0.949119373776908,0.949119373776908,0.8058410130501487
8,biMaxInfgain,minmax,noAug,noImbl,GradientBoosting,last,0.5,0.2,42,2026-05-29 19:19:35,20260529-185745,log/stroke_prediction_v2/8/biMaxInfgain/noAug__noImbl__minmax/GradientBoosting,1780052279784_edb427c117800535753693051,0.9471624266144814,0.475442043222004,0.4979423868312758,0.4864321608040201,0.9043633385749272,0.9471624266144816,0.9252682197681164,0.9471624266144814,0.9471624266144814,0.9471624266144814,0.7783948045944336
8,biMaxInfgain,minmax,noAug,noImbl,LogisticRegression,first,0.5,0.1,42,2026-05-29 19:19:06,20260529-185745,log/stroke_prediction_v2/8/biMaxInfgain/minmax__noAug__noImbl/LogisticRegression,1780052279784_edb427c117800535461377010,0.9510763209393346,0.4755381604696673,0.5,0.4874623871614844,0.9045461682515002,0.9510763209393346,0.9272278675557002,0.9510763209393346,0.9510763209393346,0.9510763209393346,0.7806424994554282
8,biMaxInfgain,minmax,noAug,noImbl,LogisticRegression,first,0.5,0.2,42,2026-05-29 19:19:15,20260529-185745,log/stroke_prediction_v2/8/biMaxInfgain/minmax__noAug__noImbl/LogisticRegression,1780052279784_edb427c117800535556088714,0.9510763209393346,0.4755381604696673,0.5,0.4874623871614844,0.9045461682515002,0.9510763209393346,0.9272278675557002,0.9510763209393346,0.9510763209393346,0.9510763209393346,0.7806424994554282
8,biMaxInfgain,minmax,noAug,noImbl,LogisticRegression,last,0.5,0.1,42,2026-05-29 19:19:25,20260529-185745,log/stroke_prediction_v2/8/biMaxInfgain/noAug__noImbl__minmax/LogisticRegression,1780052279784_edb427c117800535652373153,0.9510763209393346,0.4755381604696673,0.5,0.4874623871614844,0.9045461682515002,0.9510763209393346,0.9272278675557002,0.9510763209393346,0.9510763209393346,0.9510763209393346,0.7806424994554282
8,biMaxInfgain,minmax,noAug,noImbl,LogisticRegression,last,0.5,0.2,42,2026-05-29 19:19:34,20260529-185745,log/stroke_prediction_v2/8/biMaxInfgain/noAug__noImbl__minmax/LogisticRegression,1780052279784_edb427c117800535747562574,0.9510763209393346,0.4755381604696673,0.5,0.4874623871614844,0.9045461682515002,0.9510763209393346,0.9272278675557002,0.9510763209393346,0.9510763209393346,0.9510763209393346,0.7806424994554282
8,biMaxInfgain,minmax,noAug,noImbl,XGBmodel,first,0.5,0.1,42,2026-05-29 19:19:05,20260529-185745,log/stroke_prediction_v2/8/biMaxInfgain/minmax__noAug__noImbl/XGBmodel,1780052279784_edb427c117800535457480005,0.9510763209393346,0.7264243614931238,0.5189711934156378,0.5244742229666852,0.9306936973998362,0.9510763209393344,0.9308039071927005,0.9510763209393346,0.9510763209393346,0.9510763209393346,0.8163311731305013
8,biMaxInfgain,minmax,noAug,noImbl,XGBmodel,first,0.5,0.2,42,2026-05-29 19:19:15,20260529-185745,log/stroke_prediction_v2/8/biMaxInfgain/minmax__noAug__noImbl/XGBmodel,1780052279784_edb427c117800535552153657,0.949119373776908,0.4754901960784314,0.4989711934156378,0.4869477911646586,0.9044549326579948,0.949119373776908,0.926249027420838,0.949119373776908,0.949119373776908,0.949119373776908,0.7795189045137939
8,biMaxInfgain,minmax,noAug,noImbl,XGBmodel,last,0.5,0.1,42,2026-05-29 19:19:24,20260529-185745,log/stroke_prediction_v2/8/biMaxInfgain/noAug__noImbl__minmax/XGBmodel,1780052279784_edb427c117800535648494531,0.9510763209393346,0.7264243614931238,0.5189711934156378,0.5244742229666852,0.9306936973998362,0.9510763209393344,0.9308039071927005,0.9510763209393346,0.9510763209393346,0.9510763209393346,0.8163311731305013
8,biMaxInfgain,minmax,noAug,noImbl,XGBmodel,last,0.5,0.2,42,2026-05-29 19:19:34,20260529-185745,log/stroke_prediction_v2/8/biMaxInfgain/noAug__noImbl__minmax/XGBmodel,1780052279784_edb427c117800535743863253,0.949119373776908,0.4754901960784314,0.4989711934156378,0.4869477911646586,0.9044549326579948,0.949119373776908,0.926249027420838,0.949119373776908,0.949119373776908,0.949119373776908,0.7795189045137939
8,biMaxInfgain,minmax,noAug,noImbl,random_forest,first,0.5,0.1,42,2026-05-29 19:19:05,20260529-185745,log/stroke_prediction_v2/8/biMaxInfgain/minmax__noAug__noImbl/random_forest,1780052279784_edb427c117800535455318853,0.9510763209393346,0.7273175542406312,0.5379423868312758,0.5563774004236552,0.9323926863442143,0.9510763209393348,0.9338798949417636,0.9510763209393346,0.9510763209393346,0.9510763209393346,0.8237343854221587
8,biMaxInfgain,minmax,noAug,noImbl,random_forest,first,0.5,0.2,42,2026-05-29 19:19:14,20260529-185745,log/stroke_prediction_v2/8/biMaxInfgain/minmax__noAug__noImbl/random_forest,1780052279784_edb427c117800535549481020,0.952054794520548,0.7768928220255653,0.5289711934156378,0.5422277069335892,0.9364771487453024,0.952054794520548,0.9329832134022304,0.952054794520548,0.952054794520548,0.952054794520548,0.8263376722772425
8,biMaxInfgain,minmax,noAug,noImbl,random_forest,last,0.5,0.1,42,2026-05-29 19:19:24,20260529-185745,log/stroke_prediction_v2/8/biMaxInfgain/noAug__noImbl__minmax/random_forest,1780052279784_edb427c117800535646343253,0.9510763209393346,0.7273175542406312,0.5379423868312758,0.5563774004236552,0.9323926863442143,0.9510763209393348,0.9338798949417636,0.9510763209393346,0.9510763209393346,0.9510763209393346,0.8237343854221587
8,biMaxInfgain,minmax,noAug,noImbl,random_forest,last,0.5,0.2,42,2026-05-29 19:19:34,20260529-185745,log/stroke_prediction_v2/8/biMaxInfgain/noAug__noImbl__minmax/random_forest,1780052279784_edb427c117800535741333219,0.952054794520548,0.7768928220255653,0.5289711934156378,0.5422277069335892,0.9364771487453024,0.952054794520548,0.9329832134022304,0.952054794520548,0.952054794520548,0.952054794520548,0.8263376722772425
8,biMaxInfgain,minmax,noAug,noImbl,sklearn_SVM,first,0.5,0.1,42,2026-05-29 19:19:05,20260529-185745,log/stroke_prediction_v2/8/biMaxInfgain/minmax__noAug__noImbl/sklearn_SVM,1780052279784_edb427c117800535450519118,0.949119373776908,0.4754901960784314,0.4989711934156378,0.4869477911646586,0.9044549326579948,0.949119373776908,0.926249027420838,0.949119373776908,0.949119373776908,0.949119373776908,0.7795189045137939
8,biMaxInfgain,minmax,noAug,noImbl,sklearn_SVM,first,0.5,0.2,42,2026-05-29 19:19:14,20260529-185745,log/stroke_prediction_v2/8/biMaxInfgain/minmax__noAug__noImbl/sklearn_SVM,1780052279784_edb427c117800535545015736,0.9510763209393346,0.7259803921568627,0.509485596707819,0.5066805684275564,0.929849199953954,0.9510763209393348,0.9290856032892674,0.9510763209393346,0.9510763209393346,0.9510763209393346,0.8123269730151209
8,biMaxInfgain,minmax,noAug,noImbl,sklearn_SVM,last,0.5,0.1,42,2026-05-29 19:19:24,20260529-185745,log/stroke_prediction_v2/8/biMaxInfgain/noAug__noImbl__minmax/sklearn_SVM,1780052279784_edb427c117800535641733584,0.9510763209393346,0.7264243614931238,0.5189711934156378,0.5244742229666852,0.9306936973998362,0.9510763209393344,0.9308039071927005,0.9510763209393346,0.9510763209393346,0.9510763209393346,0.8163311731305013
8,biMaxInfgain,minmax,noAug,noImbl,sklearn_SVM,last,0.5,0.2,42,2026-05-29 19:19:33,20260529-185745,log/stroke_prediction_v2/8/biMaxInfgain/noAug__noImbl__minmax/sklearn_SVM,1780052279784_edb427c117800535737023805,0.9510763209393346,0.7259803921568627,0.509485596707819,0.5066805684275564,0.929849199953954,0.9510763209393348,0.9290856032892674,0.9510763209393346,0.9510763209393346,0.9510763209393346,0.8123269730151209
8,biMaxInfgain,standard,gaussian_noise,noImbl,DTmodel,first,0.5,0.1,42,2026-05-29 19:20:08,20260529-185745,log/stroke_prediction_v2/8/biMaxInfgain/standard__gaussian_noise__noImbl/DTmodel,1780052279784_edb427c117800536083410606,0.923679060665362,0.532228983547442,0.5235390946502058,0.5265933439437489,0.9121415847082022,0.923679060665362,0.9177397443896114,0.923679060665362,0.923679060665362,0.923679060665362,0.7829125538067335
8,biMaxInfgain,standard,gaussian_noise,noImbl,DTmodel,first,0.5,0.2,42,2026-05-29 19:20:38,20260529-185745,log/stroke_prediction_v2/8/biMaxInfgain/standard__gaussian_noise__noImbl/DTmodel,1780052279784_edb427c117800536387016732,0.9099804305283756,0.5071226899383984,0.5068518518518518,0.5069740126266333,0.9082402243055248,0.9099804305283756,0.9091081222645192,0.9099804305283756,0.9099804305283756,0.9099804305283756,0.7686259690546006
8,biMaxInfgain,standard,gaussian_noise,noImbl,DTmodel,last,0.5,0.1,42,2026-05-29 19:21:14,20260529-185745,log/stroke_prediction_v2/8/biMaxInfgain/gaussian_noise__noImbl__standard/DTmodel,1780052279784_edb427c117800536741756234,0.923679060665362,0.5694366982710541,0.5614814814814814,0.5651063829787234,0.9191277669301032,0.923679060665362,0.9213607028354917,0.923679060665362,0.923679060665362,0.923679060665362,0.7974462818065408
8,biMaxInfgain,standard,gaussian_noise,noImbl,DTmodel,last,0.5,0.2,42,2026-05-29 19:21:42,20260529-185745,log/stroke_prediction_v2/8/biMaxInfgain/gaussian_noise__noImbl__standard/DTmodel,1780052279784_edb427c117800537023928353,0.9187866927592956,0.5441487546912316,0.5399382716049383,0.5418649239826092,0.9147669723937584,0.9187866927592956,0.9167536735102304,0.9187866927592956,0.9187866927592956,0.9187866927592956,0.7861928665966367
8,biMaxInfgain,standard,gaussian_noise,noImbl,GradientBoosting,first,0.5,0.1,42,2026-05-29 19:20:10,20260529-185745,log/stroke_prediction_v2/8/biMaxInfgain/standard__gaussian_noise__noImbl/GradientBoosting,1780052279784_edb427c117800536109640853,0.9393346379647748,0.5770459081836328,0.5317695473251028,0.5414387031408306,0.9171988703610392,0.9393346379647748,0.9267959005228438,0.9393346379647748,0.9393346379647748,0.9393346379647748,0.7985704783224385
8,biMaxInfgain,standard,gaussian_noise,noImbl,GradientBoosting,first,0.5,0.2,42,2026-05-29 19:20:41,20260529-185745,log/stroke_prediction_v2/8/biMaxInfgain/standard__gaussian_noise__noImbl/GradientBoosting,1780052279784_edb427c117800536412141683,0.949119373776908,0.4754901960784314,0.4989711934156378,0.4869477911646586,0.9044549326579948,0.949119373776908,0.926249027420838,0.949119373776908,0.949119373776908,0.949119373776908,0.7795189045137939
8,biMaxInfgain,standard,gaussian_noise,noImbl,GradientBoosting,last,0.5,0.1,42,2026-05-29 19:21:16,20260529-185745,log/stroke_prediction_v2/8/biMaxInfgain/gaussian_noise__noImbl__standard/GradientBoosting,1780052279784_edb427c117800536767211585,0.9471624266144814,0.475442043222004,0.4979423868312758,0.4864321608040201,0.9043633385749272,0.9471624266144816,0.9252682197681164,0.9471624266144814,0.9471624266144814,0.9471624266144814,0.7783948045944336
8,biMaxInfgain,standard,gaussian_noise,noImbl,GradientBoosting,last,0.5,0.2,42,2026-05-29 19:21:44,20260529-185745,log/stroke_prediction_v2/8/biMaxInfgain/gaussian_noise__noImbl__standard/GradientBoosting,1780052279784_edb427c117800537044962355,0.9403131115459884,0.5428334988414433,0.513312757201646,0.5153574066156178,0.9122651550043368,0.9403131115459884,0.9247713668515652,0.9403131115459884,0.9403131115459884,0.9403131115459884,0.7889857017432153
8,biMaxInfgain,standard,gaussian_noise,noImbl,LogisticRegression,first,0.5,0.1,42,2026-05-29 19:20:08,20260529-185745,log/stroke_prediction_v2/8/biMaxInfgain/standard__gaussian_noise__noImbl/LogisticRegression,1780052279784_edb427c117800536088332731,0.9510763209393346,0.4755381604696673,0.5,0.4874623871614844,0.9045461682515002,0.9510763209393346,0.9272278675557002,0.9510763209393346,0.9510763209393346,0.9510763209393346,0.7806424994554282
8,biMaxInfgain,standard,gaussian_noise,noImbl,LogisticRegression,first,0.5,0.2,42,2026-05-29 19:20:39,20260529-185745,log/stroke_prediction_v2/8/biMaxInfgain/standard__gaussian_noise__noImbl/LogisticRegression,1780052279784_edb427c117800536391618027,0.9510763209393346,0.4755381604696673,0.5,0.4874623871614844,0.9045461682515002,0.9510763209393346,0.9272278675557002,0.9510763209393346,0.9510763209393346,0.9510763209393346,0.7806424994554282
8,biMaxInfgain,standard,gaussian_noise,noImbl,LogisticRegression,last,0.5,0.1,42,2026-05-29 19:21:14,20260529-185745,log/stroke_prediction_v2/8/biMaxInfgain/gaussian_noise__noImbl__standard/LogisticRegression,1780052279784_edb427c117800536746961547,0.9510763209393346,0.4755381604696673,0.5,0.4874623871614844,0.9045461682515002,0.9510763209393346,0.9272278675557002,0.9510763209393346,0.9510763209393346,0.9510763209393346,0.7806424994554282
8,biMaxInfgain,standard,gaussian_noise,noImbl,LogisticRegression,last,0.5,0.2,42,2026-05-29 19:21:42,20260529-185745,log/stroke_prediction_v2/8/biMaxInfgain/gaussian_noise__noImbl__standard/LogisticRegression,1780052279784_edb427c117800537028049463,0.9510763209393346,0.4755381604696673,0.5,0.4874623871614844,0.9045461682515002,0.9510763209393346,0.9272278675557002,0.9510763209393346,0.9510763209393346,0.9510763209393346,0.7806424994554282
8,biMaxInfgain,standard,gaussian_noise,noImbl,XGBmodel,first,0.5,0.1,42,2026-05-29 19:20:08,20260529-185745,log/stroke_prediction_v2/8/biMaxInfgain/standard__gaussian_noise__noImbl/XGBmodel,1780052279784_edb427c117800536080992503,0.9510763209393346,0.4755381604696673,0.5,0.4874623871614844,0.9045461682515002,0.9510763209393346,0.9272278675557002,0.9510763209393346,0.9510763209393346,0.9510763209393346,0.7806424994554282
8,biMaxInfgain,standard,gaussian_noise,noImbl,XGBmodel,first,0.5,0.2,42,2026-05-29 19:20:38,20260529-185745,log/stroke_prediction_v2/8/biMaxInfgain/standard__gaussian_noise__noImbl/XGBmodel,1780052279784_edb427c117800536384838912,0.9510763209393346,0.4755381604696673,0.5,0.4874623871614844,0.9045461682515002,0.9510763209393346,0.9272278675557002,0.9510763209393346,0.9510763209393346,0.9510763209393346,0.7806424994554282
8,biMaxInfgain,standard,gaussian_noise,noImbl,XGBmodel,last,0.5,0.1,42,2026-05-29 19:21:13,20260529-185745,log/stroke_prediction_v2/8/biMaxInfgain/gaussian_noise__noImbl__standard/XGBmodel,1780052279784_edb427c117800536739153681,0.9510763209393346,0.4755381604696673,0.5,0.4874623871614844,0.9045461682515002,0.9510763209393346,0.9272278675557002,0.9510763209393346,0.9510763209393346,0.9510763209393346,0.7806424994554282
8,biMaxInfgain,standard,gaussian_noise,noImbl,XGBmodel,last,0.5,0.2,42,2026-05-29 19:21:42,20260529-185745,log/stroke_prediction_v2/8/biMaxInfgain/gaussian_noise__noImbl__standard/XGBmodel,1780052279784_edb427c117800537022010255,0.952054794520548,0.976003917727718,0.51,0.5073148175476915,0.9543557887110408,0.952054794520548,0.9296116854869024,0.952054794520548,0.952054794520548,0.952054794520548,0.840396863907284
8,biMaxInfgain,standard,gaussian_noise,noImbl,random_forest,first,0.5,0.1,42,2026-05-29 19:20:07,20260529-185745,log/stroke_prediction_v2/8/biMaxInfgain/standard__gaussian_noise__noImbl/random_forest,1780052279784_edb427c117800536078802038,0.943248532289628,0.5595709570957095,0.5148559670781893,0.5176263793496305,0.9140306007117346,0.943248532289628,0.9264009887357532,0.943248532289628,0.943248532289628,0.943248532289628,0.792749270617222
8,biMaxInfgain,standard,gaussian_noise,noImbl,random_forest,first,0.5,0.2,42,2026-05-29 19:20:38,20260529-185745,log/stroke_prediction_v2/8/biMaxInfgain/standard__gaussian_noise__noImbl/random_forest,1780052279784_edb427c117800536382254683,0.943248532289628,0.525790513833992,0.5053703703703704,0.5020497311827956,0.909918550776204,0.9432485322896282,0.9249034677945416,0.943248532289628,0.943248532289628,0.943248532289628,0.7854503362605084
8,biMaxInfgain,standard,gaussian_noise,noImbl,random_forest,last,0.5,0.1,42,2026-05-29 19:21:13,20260529-185745,log/stroke_prediction_v2/8/biMaxInfgain/gaussian_noise__noImbl__standard/random_forest,1780052279784_edb427c117800536736970058,0.9412915851272016,0.475296442687747,0.4948559670781893,0.4848790322580645,0.9040863841340314,0.9412915851272016,0.92231393220125,0.9412915851272016,0.9412915851272016,0.9412915851272016,0.7750194581097745
8,biMaxInfgain,standard,gaussian_noise,noImbl,random_forest,last,0.5,0.2,42,2026-05-29 19:21:42,20260529-185745,log/stroke_prediction_v2/8/biMaxInfgain/gaussian_noise__noImbl__standard/random_forest,1780052279784_edb427c117800537020305710,0.943248532289628,0.5595709570957095,0.5148559670781893,0.5176263793496305,0.9140306007117346,0.943248532289628,0.9264009887357532,0.943248532289628,0.943248532289628,0.943248532289628,0.792749270617222
8,biMaxInfgain,standard,gaussian_noise,noImbl,sklearn_SVM,first,0.5,0.1,42,2026-05-29 19:20:06,20260529-185745,log/stroke_prediction_v2/8/biMaxInfgain/standard__gaussian_noise__noImbl/sklearn_SVM,1780052279784_edb427c117800536061646806,0.949119373776908,0.4754901960784314,0.4989711934156378,0.4869477911646586,0.9044549326579948,0.949119373776908,0.926249027420838,0.949119373776908,0.949119373776908,0.949119373776908,0.7795189045137939
8,biMaxInfgain,standard,gaussian_noise,noImbl,sklearn_SVM,first,0.5,0.2,42,2026-05-29 19:20:36,20260529-185745,log/stroke_prediction_v2/8/biMaxInfgain/standard__gaussian_noise__noImbl/sklearn_SVM,1780052279784_edb427c117800536368528856,0.949119373776908,0.6009332023575638,0.5084567901234568,0.5054531918853528,0.9175285179873816,0.949119373776908,0.9280360634804086,0.949119373776908,0.949119373776908,0.949119373776908,0.7973629888624674
8,biMaxInfgain,standard,gaussian_noise,noImbl,sklearn_SVM,last,0.5,0.1,42,2026-05-29 19:21:12,20260529-185745,log/stroke_prediction_v2/8/biMaxInfgain/gaussian_noise__noImbl__standard/sklearn_SVM,1780052279784_edb427c117800536721966560,0.949119373776908,0.4754901960784314,0.4989711934156378,0.4869477911646586,0.9044549326579948,0.949119373776908,0.926249027420838,0.949119373776908,0.949119373776908,0.949119373776908,0.7795189045137939
8,biMaxInfgain,standard,gaussian_noise,noImbl,sklearn_SVM,last,0.5,0.2,42,2026-05-29 19:21:40,20260529-185745,log/stroke_prediction_v2/8/biMaxInfgain/gaussian_noise__noImbl__standard/sklearn_SVM,1780052279784_edb427c117800537008521845,0.9500978473581212,0.6426234870788354,0.5089711934156378,0.5060602901737061,0.9216504163874,0.9500978473581212,0.9285604219838514,0.9500978473581212,0.9500978473581212,0.9500978473581212,0.8025567554550692
8,biMaxInfgain,standard,mixup,noImbl,DTmodel,first,0.5,0.1,42,2026-05-29 19:21:56,20260529-185745,log/stroke_prediction_v2/8/biMaxInfgain/standard__mixup__noImbl/DTmodel,1780052279784_edb427c117800537167367414,0.9178082191780822,0.5426764076977905,0.5394238683127572,0.5409394250513346,0.9145812788642732,0.9178082191780822,0.9161802762228912,0.9178082191780822,0.9178082191780822,0.9178082191780822,0.7853593983498487
8,biMaxInfgain,standard,mixup,noImbl,DTmodel,first,0.5,0.2,42,2026-05-29 19:22:09,20260529-185745,log/stroke_prediction_v2/8/biMaxInfgain/standard__mixup__noImbl/DTmodel,1780052279784_edb427c117800537295250802,0.8972602739726028,0.5507936507936508,0.5760493827160494,0.559227631757298,0.9188146491473302,0.8972602739726028,0.907457906754517,0.8972602739726028,0.8972602739726028,0.8972602739726028,0.7834727086315161
8,biMaxInfgain,standard,mixup,noImbl,DTmodel,last,0.5,0.1,42,2026-05-29 19:22:25,20260529-185745,log/stroke_prediction_v2/8/biMaxInfgain/mixup__noImbl__standard/DTmodel,1780052279784_edb427c117800537455063069,0.9275929549902152,0.5931864658858524,0.5825102880658436,0.5874086197490452,0.923296511875384,0.9275929549902152,0.9253934873054664,0.9275929549902152,0.9275929549902152,0.9275929549902152,0.8078568246369706
8,biMaxInfgain,standard,mixup,noImbl,DTmodel,last,0.5,0.2,42,2026-05-29 19:22:40,20260529-185745,log/stroke_prediction_v2/8/biMaxInfgain/mixup__noImbl__standard/DTmodel,1780052279784_edb427c117800537608385896,0.9178082191780822,0.558395061728395,0.558395061728395,0.558395061728395,0.9178082191780822,0.9178082191780822,0.9178082191780822,0.9178082191780822,0.9178082191780822,0.9178082191780822,0.7920136140706917
8,biMaxInfgain,standard,mixup,noImbl,GradientBoosting,first,0.5,0.1,42,2026-05-29 19:21:58,20260529-185745,log/stroke_prediction_v2/8/biMaxInfgain/standard__mixup__noImbl/GradientBoosting,1780052279784_edb427c117800537180713789,0.949119373776908,0.4754901960784314,0.4989711934156378,0.4869477911646586,0.9044549326579948,0.949119373776908,0.926249027420838,0.949119373776908,0.949119373776908,0.949119373776908,0.7795189045137939
8,biMaxInfgain,standard,mixup,noImbl,GradientBoosting,first,0.5,0.2,42,2026-05-29 19:22:10,20260529-185745,log/stroke_prediction_v2/8/biMaxInfgain/standard__mixup__noImbl/GradientBoosting,1780052279784_edb427c117800537308333123,0.9481409001956947,0.4754661432777232,0.4984567901234568,0.4866901054746358,0.9044091805595832,0.9481409001956947,0.9257588699047868,0.9481409001956947,0.9481409001956947,0.9481409001956947,0.7789569177812675
8,biMaxInfgain,standard,mixup,noImbl,GradientBoosting,last,0.5,0.1,42,2026-05-29 19:22:27,20260529-185745,log/stroke_prediction_v2/8/biMaxInfgain/mixup__noImbl__standard/GradientBoosting,1780052279784_edb427c117800537470588399,0.949119373776908,0.4754901960784314,0.4989711934156378,0.4869477911646586,0.9044549326579948,0.949119373776908,0.926249027420838,0.949119373776908,0.949119373776908,0.949119373776908,0.7795189045137939
8,biMaxInfgain,standard,mixup,noImbl,GradientBoosting,last,0.5,0.2,42,2026-05-29 19:22:42,20260529-185745,log/stroke_prediction_v2/8/biMaxInfgain/mixup__noImbl__standard/GradientBoosting,1780052279784_edb427c117800537623185073,0.9481409001956947,0.4754661432777232,0.4984567901234568,0.4866901054746358,0.9044091805595832,0.9481409001956947,0.9257588699047868,0.9481409001956947,0.9481409001956947,0.9481409001956947,0.7789569177812675
8,biMaxInfgain,standard,mixup,noImbl,LogisticRegression,first,0.5,0.1,42,2026-05-29 19:21:57,20260529-185745,log/stroke_prediction_v2/8/biMaxInfgain/standard__mixup__noImbl/LogisticRegression,1780052279784_edb427c117800537170579006,0.949119373776908,0.4754901960784314,0.4989711934156378,0.4869477911646586,0.9044549326579948,0.949119373776908,0.926249027420838,0.949119373776908,0.949119373776908,0.949119373776908,0.7795189045137939
8,biMaxInfgain,standard,mixup,noImbl,LogisticRegression,first,0.5,0.2,42,2026-05-29 19:22:09,20260529-185745,log/stroke_prediction_v2/8/biMaxInfgain/standard__mixup__noImbl/LogisticRegression,1780052279784_edb427c117800537298389615,0.952054794520548,0.976003917727718,0.51,0.5073148175476915,0.9543557887110408,0.952054794520548,0.9296116854869024,0.952054794520548,0.952054794520548,0.952054794520548,0.840396863907284
8,biMaxInfgain,standard,mixup,noImbl,LogisticRegression,last,0.5,0.1,42,2026-05-29 19:22:25,20260529-185745,log/stroke_prediction_v2/8/biMaxInfgain/mixup__noImbl__standard/LogisticRegression,1780052279784_edb427c117800537458832577,0.9510763209393346,0.4755381604696673,0.5,0.4874623871614844,0.9045461682515002,0.9510763209393346,0.9272278675557002,0.9510763209393346,0.9510763209393346,0.9510763209393346,0.7806424994554282
8,biMaxInfgain,standard,mixup,noImbl,LogisticRegression,last,0.5,0.2,42,2026-05-29 19:22:41,20260529-185745,log/stroke_prediction_v2/8/biMaxInfgain/mixup__noImbl__standard/LogisticRegression,1780052279784_edb427c117800537611912492,0.9510763209393346,0.4755381604696673,0.5,0.4874623871614844,0.9045461682515002,0.9510763209393346,0.9272278675557002,0.9510763209393346,0.9510763209393346,0.9510763209393346,0.7806424994554282
8,biMaxInfgain,standard,mixup,noImbl,XGBmodel,first,0.5,0.1,42,2026-05-29 19:21:56,20260529-185745,log/stroke_prediction_v2/8/biMaxInfgain/standard__mixup__noImbl/XGBmodel,1780052279784_edb427c117800537165559010,0.9471624266144814,0.6013313609467457,0.5169135802469136,0.5208875924575477,0.9182858763996804,0.9471624266144816,0.9285902865371046,0.9471624266144814,0.9471624266144814,0.9471624266144814,0.7999397342543241
8,biMaxInfgain,standard,mixup,noImbl,XGBmodel,first,0.5,0.2,42,2026-05-29 19:22:09,20260529-185745,log/stroke_prediction_v2/8/biMaxInfgain/standard__mixup__noImbl/XGBmodel,1780052279784_edb427c117800537293511381,0.9500978473581212,0.6426234870788354,0.5089711934156378,0.5060602901737061,0.9216504163874,0.9500978473581212,0.9285604219838514,0.9500978473581212,0.9500978473581212,0.9500978473581212,0.8025567554550692
8,biMaxInfgain,standard,mixup,noImbl,XGBmodel,last,0.5,0.1,42,2026-05-29 19:22:25,20260529-185745,log/stroke_prediction_v2/8/biMaxInfgain/mixup__noImbl__standard/XGBmodel,1780052279784_edb427c117800537452890865,0.9452054794520548,0.4753937007874016,0.4969135802469136,0.4859154929577465,0.9042713838852336,0.9452054794520548,0.9242854386593534,0.9452054794520548,0.9452054794520548,0.9452054794520548,0.7772701980153415
8,biMaxInfgain,standard,mixup,noImbl,XGBmodel,last,0.5,0.2,42,2026-05-29 19:22:40,20260529-185745,log/stroke_prediction_v2/8/biMaxInfgain/mixup__noImbl__standard/XGBmodel,1780052279784_edb427c117800537606424316,0.9510763209393346,0.4755381604696673,0.5,0.4874623871614844,0.9045461682515002,0.9510763209393346,0.9272278675557002,0.9510763209393346,0.9510763209393346,0.9510763209393346,0.7806424994554282
8,biMaxInfgain,standard,mixup,noImbl,random_forest,first,0.5,0.1,42,2026-05-29 19:21:56,20260529-185745,log/stroke_prediction_v2/8/biMaxInfgain/standard__mixup__noImbl/random_forest,1780052279784_edb427c117800537163737462,0.9412915851272016,0.475296442687747,0.4948559670781893,0.4848790322580645,0.9040863841340314,0.9412915851272016,0.92231393220125,0.9412915851272016,0.9412915851272016,0.9412915851272016,0.7750194581097745
8,biMaxInfgain,standard,mixup,noImbl,random_forest,first,0.5,0.2,42,2026-05-29 19:22:09,20260529-185745,log/stroke_prediction_v2/8/biMaxInfgain/standard__mixup__noImbl/random_forest,1780052279784_edb427c117800537291679472,0.9452054794520548,0.5383382642998028,0.5063991769547325,0.5031426884744937,0.9112324714274136,0.9452054794520548,0.9259454823347752,0.9452054794520548,0.9452054794520548,0.9452054794520548,0.7880424086704069
8,biMaxInfgain,standard,mixup,noImbl,random_forest,last,0.5,0.1,42,2026-05-29 19:22:25,20260529-185745,log/stroke_prediction_v2/8/biMaxInfgain/mixup__noImbl__standard/random_forest,1780052279784_edb427c117800537450599873,0.9452054794520548,0.5762845849802372,0.5158847736625514,0.5192204301075269,0.9157507174183768,0.9452054794520548,0.9274930033878336,0.9452054794520548,0.9452054794520548,0.9452054794520548,0.7958812144112423
8,biMaxInfgain,standard,mixup,noImbl,random_forest,last,0.5,0.2,42,2026-05-29 19:22:40,20260529-185745,log/stroke_prediction_v2/8/biMaxInfgain/mixup__noImbl__standard/random_forest,1780052279784_edb427c117800537603426227,0.9471624266144814,0.475442043222004,0.4979423868312758,0.4864321608040201,0.9043633385749272,0.9471624266144816,0.9252682197681164,0.9471624266144814,0.9471624266144814,0.9471624266144814,0.7783948045944336
8,biMaxInfgain,standard,mixup,noImbl,sklearn_SVM,first,0.5,0.1,42,2026-05-29 19:21:55,20260529-185745,log/stroke_prediction_v2/8/biMaxInfgain/standard__mixup__noImbl/sklearn_SVM,1780052279784_edb427c117800537157562270,0.9452054794520548,0.4753937007874016,0.4969135802469136,0.4859154929577465,0.9042713838852336,0.9452054794520548,0.9242854386593534,0.9452054794520548,0.9452054794520548,0.9452054794520548,0.7772701980153415
8,biMaxInfgain,standard,mixup,noImbl,sklearn_SVM,first,0.5,0.2,42,2026-05-29 19:22:08,20260529-185745,log/stroke_prediction_v2/8/biMaxInfgain/standard__mixup__noImbl/sklearn_SVM,1780052279784_edb427c117800537285463746,0.9481409001956947,0.6192118226600984,0.5174279835390947,0.5217510308231575,0.9200775066757926,0.9481409001956947,0.9291411443583694,0.9481409001956947,0.9481409001956947,0.9481409001956947,0.8025619176430053
8,biMaxInfgain,standard,mixup,noImbl,sklearn_SVM,last,0.5,0.1,42,2026-05-29 19:22:24,20260529-185745,log/stroke_prediction_v2/8/biMaxInfgain/mixup__noImbl__standard/sklearn_SVM,1780052279784_edb427c117800537443276932,0.9471624266144814,0.6013313609467457,0.5169135802469136,0.5208875924575477,0.9182858763996804,0.9471624266144816,0.9285902865371046,0.9471624266144814,0.9471624266144814,0.9471624266144814,0.7999397342543241
8,biMaxInfgain,standard,mixup,noImbl,sklearn_SVM,last,0.5,0.2,42,2026-05-29 19:22:39,20260529-185745,log/stroke_prediction_v2/8/biMaxInfgain/mixup__noImbl__standard/sklearn_SVM,1780052279784_edb427c117800537596801015,0.946183953033268,0.5472906403940886,0.5069135802469136,0.5037038999108238,0.9121513886612744,0.9461839530332682,0.926467225277553,0.946183953033268,0.946183953033268,0.946183953033268,0.7896348109217913
8,biMaxInfgain,standard,noAug,noImbl,DTmodel,first,0.5,0.1,42,2026-05-29 19:22:52,20260529-185745,log/stroke_prediction_v2/8/biMaxInfgain/standard__noAug__noImbl/DTmodel,1780052279784_edb427c117800537724246448,0.9217221135029354,0.5489795918367346,0.5414814814814815,0.5447255880256592,0.9153640321099084,0.9217221135029352,0.9184791326386146,0.9217221135029354,0.9217221135029354,0.9217221135029354,0.7887520640436275
8,biMaxInfgain,standard,noAug,noImbl,DTmodel,first,0.5,0.2,42,2026-05-29 19:23:03,20260529-185745,log/stroke_prediction_v2/8/biMaxInfgain/standard__noAug__noImbl/DTmodel,1780052279784_edb427c117800537832974717,0.9119373776908024,0.5268518518518518,0.5268518518518518,0.5268518518518518,0.9119373776908022,0.9119373776908022,0.9119373776908022,0.9119373776908024,0.9119373776908024,0.9119373776908022,0.7771574436471694
8,biMaxInfgain,standard,noAug,noImbl,DTmodel,last,0.5,0.1,42,2026-05-29 19:23:14,20260529-185745,log/stroke_prediction_v2/8/biMaxInfgain/noAug__noImbl__standard/DTmodel,1780052279784_edb427c117800537949414545,0.9217221135029354,0.5489795918367346,0.5414814814814815,0.5447255880256592,0.9153640321099084,0.9217221135029352,0.9184791326386146,0.9217221135029354,0.9217221135029354,0.9217221135029354,0.7887520640436275
8,biMaxInfgain,standard,noAug,noImbl,DTmodel,last,0.5,0.2,42,2026-05-29 19:23:25,20260529-185745,log/stroke_prediction_v2/8/biMaxInfgain/noAug__noImbl__standard/DTmodel,1780052279784_edb427c117800538057386707,0.9119373776908024,0.5268518518518518,0.5268518518518518,0.5268518518518518,0.9119373776908022,0.9119373776908022,0.9119373776908022,0.9119373776908024,0.9119373776908024,0.9119373776908022,0.7771574436471694
8,biMaxInfgain,standard,noAug,noImbl,GradientBoosting,first,0.5,0.1,42,2026-05-29 19:22:53,20260529-185745,log/stroke_prediction_v2/8/biMaxInfgain/standard__noAug__noImbl/GradientBoosting,1780052279784_edb427c117800537734602885,0.9471624266144814,0.475442043222004,0.4979423868312758,0.4864321608040201,0.9043633385749272,0.9471624266144816,0.9252682197681164,0.9471624266144814,0.9471624266144814,0.9471624266144814,0.7783948045944336
8,biMaxInfgain,standard,noAug,noImbl,GradientBoosting,first,0.5,0.2,42,2026-05-29 19:23:04,20260529-185745,log/stroke_prediction_v2/8/biMaxInfgain/standard__noAug__noImbl/GradientBoosting,1780052279784_edb427c117800537845763001,0.9471624266144814,0.475442043222004,0.4979423868312758,0.4864321608040201,0.9043633385749272,0.9471624266144816,0.9252682197681164,0.9471624266144814,0.9471624266144814,0.9471624266144814,0.7783948045944336
8,biMaxInfgain,standard,noAug,noImbl,GradientBoosting,last,0.5,0.1,42,2026-05-29 19:23:15,20260529-185745,log/stroke_prediction_v2/8/biMaxInfgain/noAug__noImbl__standard/GradientBoosting,1780052279784_edb427c117800537959886601,0.9471624266144814,0.475442043222004,0.4979423868312758,0.4864321608040201,0.9043633385749272,0.9471624266144816,0.9252682197681164,0.9471624266144814,0.9471624266144814,0.9471624266144814,0.7783948045944336
8,biMaxInfgain,standard,noAug,noImbl,GradientBoosting,last,0.5,0.2,42,2026-05-29 19:23:26,20260529-185745,log/stroke_prediction_v2/8/biMaxInfgain/noAug__noImbl__standard/GradientBoosting,1780052279784_edb427c117800538066726714,0.9471624266144814,0.475442043222004,0.4979423868312758,0.4864321608040201,0.9043633385749272,0.9471624266144816,0.9252682197681164,0.9471624266144814,0.9471624266144814,0.9471624266144814,0.7783948045944336
8,biMaxInfgain,standard,noAug,noImbl,LogisticRegression,first,0.5,0.1,42,2026-05-29 19:22:52,20260529-185745,log/stroke_prediction_v2/8/biMaxInfgain/standard__noAug__noImbl/LogisticRegression,1780052279784_edb427c117800537727378126,0.9510763209393346,0.4755381604696673,0.5,0.4874623871614844,0.9045461682515002,0.9510763209393346,0.9272278675557002,0.9510763209393346,0.9510763209393346,0.9510763209393346,0.7806424994554282
8,biMaxInfgain,standard,noAug,noImbl,LogisticRegression,first,0.5,0.2,42,2026-05-29 19:23:03,20260529-185745,log/stroke_prediction_v2/8/biMaxInfgain/standard__noAug__noImbl/LogisticRegression,1780052279784_edb427c117800537837306602,0.952054794520548,0.976003917727718,0.51,0.5073148175476915,0.9543557887110408,0.952054794520548,0.9296116854869024,0.952054794520548,0.952054794520548,0.952054794520548,0.840396863907284
8,biMaxInfgain,standard,noAug,noImbl,LogisticRegression,last,0.5,0.1,42,2026-05-29 19:23:15,20260529-185745,log/stroke_prediction_v2/8/biMaxInfgain/noAug__noImbl__standard/LogisticRegression,1780052279784_edb427c117800537952779630,0.9510763209393346,0.4755381604696673,0.5,0.4874623871614844,0.9045461682515002,0.9510763209393346,0.9272278675557002,0.9510763209393346,0.9510763209393346,0.9510763209393346,0.7806424994554282
8,biMaxInfgain,standard,noAug,noImbl,LogisticRegression,last,0.5,0.2,42,2026-05-29 19:23:26,20260529-185745,log/stroke_prediction_v2/8/biMaxInfgain/noAug__noImbl__standard/LogisticRegression,1780052279784_edb427c117800538060399457,0.952054794520548,0.976003917727718,0.51,0.5073148175476915,0.9543557887110408,0.952054794520548,0.9296116854869024,0.952054794520548,0.952054794520548,0.952054794520548,0.840396863907284
8,biMaxInfgain,standard,noAug,noImbl,XGBmodel,first,0.5,0.1,42,2026-05-29 19:22:52,20260529-185745,log/stroke_prediction_v2/8/biMaxInfgain/standard__noAug__noImbl/XGBmodel,1780052279784_edb427c117800537722196836,0.9530332681017613,0.976470588235294,0.52,0.5264133456904542,0.9552434672499136,0.9530332681017613,0.9319221791576966,0.9530332681017613,0.9530332681017613,0.9530332681017613,0.8451350415164477
8,biMaxInfgain,standard,noAug,noImbl,XGBmodel,first,0.5,0.2,42,2026-05-29 19:23:03,20260529-185745,log/stroke_prediction_v2/8/biMaxInfgain/standard__noAug__noImbl/XGBmodel,1780052279784_edb427c117800537830695398,0.9510763209393346,0.4755381604696673,0.5,0.4874623871614844,0.9045461682515002,0.9510763209393346,0.9272278675557002,0.9510763209393346,0.9510763209393346,0.9510763209393346,0.7806424994554282
8,biMaxInfgain,standard,noAug,noImbl,XGBmodel,last,0.5,0.1,42,2026-05-29 19:23:14,20260529-185745,log/stroke_prediction_v2/8/biMaxInfgain/noAug__noImbl__standard/XGBmodel,1780052279784_edb427c117800537947325125,0.9530332681017613,0.976470588235294,0.52,0.5264133456904542,0.9552434672499136,0.9530332681017613,0.9319221791576966,0.9530332681017613,0.9530332681017613,0.9530332681017613,0.8451350415164477
8,biMaxInfgain,standard,noAug,noImbl,XGBmodel,last,0.5,0.2,42,2026-05-29 19:23:25,20260529-185745,log/stroke_prediction_v2/8/biMaxInfgain/noAug__noImbl__standard/XGBmodel,1780052279784_edb427c117800538055404010,0.9510763209393346,0.4755381604696673,0.5,0.4874623871614844,0.9045461682515002,0.9510763209393346,0.9272278675557002,0.9510763209393346,0.9510763209393346,0.9510763209393346,0.7806424994554282
8,biMaxInfgain,standard,noAug,noImbl,random_forest,first,0.5,0.1,42,2026-05-29 19:22:51,20260529-185745,log/stroke_prediction_v2/8/biMaxInfgain/standard__noAug__noImbl/random_forest,1780052279784_edb427c117800537719926937,0.943248532289628,0.5595709570957095,0.5148559670781893,0.5176263793496305,0.9140306007117346,0.943248532289628,0.9264009887357532,0.943248532289628,0.943248532289628,0.943248532289628,0.792749270617222
8,biMaxInfgain,standard,noAug,noImbl,random_forest,first,0.5,0.2,42,2026-05-29 19:23:02,20260529-185745,log/stroke_prediction_v2/8/biMaxInfgain/standard__noAug__noImbl/random_forest,1780052279784_edb427c117800537828136209,0.946183953033268,0.4754178957718781,0.4974279835390947,0.486173956762192,0.9043174064388756,0.946183953033268,0.9247770762678094,0.946183953033268,0.946183953033268,0.946183953033268,0.7778325647427922
8,biMaxInfgain,standard,noAug,noImbl,random_forest,last,0.5,0.1,42,2026-05-29 19:23:14,20260529-185745,log/stroke_prediction_v2/8/biMaxInfgain/noAug__noImbl__standard/random_forest,1780052279784_edb427c117800537944940665,0.943248532289628,0.5595709570957095,0.5148559670781893,0.5176263793496305,0.9140306007117346,0.943248532289628,0.9264009887357532,0.943248532289628,0.943248532289628,0.943248532289628,0.792749270617222
8,biMaxInfgain,standard,noAug,noImbl,random_forest,last,0.5,0.2,42,2026-05-29 19:23:25,20260529-185745,log/stroke_prediction_v2/8/biMaxInfgain/noAug__noImbl__standard/random_forest,1780052279784_edb427c117800538051869321,0.946183953033268,0.4754178957718781,0.4974279835390947,0.486173956762192,0.9043174064388756,0.946183953033268,0.9247770762678094,0.946183953033268,0.946183953033268,0.946183953033268,0.7778325647427922
8,biMaxInfgain,standard,noAug,noImbl,sklearn_SVM,first,0.5,0.1,42,2026-05-29 19:22:51,20260529-185745,log/stroke_prediction_v2/8/biMaxInfgain/standard__noAug__noImbl/sklearn_SVM,1780052279784_edb427c117800537715047299,0.949119373776908,0.4754901960784314,0.4989711934156378,0.4869477911646586,0.9044549326579948,0.949119373776908,0.926249027420838,0.949119373776908,0.949119373776908,0.949119373776908,0.7795189045137939
8,biMaxInfgain,standard,noAug,noImbl,sklearn_SVM,first,0.5,0.2,42,2026-05-29 19:23:02,20260529-185745,log/stroke_prediction_v2/8/biMaxInfgain/standard__noAug__noImbl/sklearn_SVM,1780052279784_edb427c117800537823075856,0.9500978473581212,0.4755142017629775,0.499485596707819,0.4872052182639237,0.9045005951342742,0.9500978473581214,0.9267386930577962,0.9500978473581212,0.9500978473581212,0.9500978473581212,0.7800807650020133
8,biMaxInfgain,standard,noAug,noImbl,sklearn_SVM,last,0.5,0.1,42,2026-05-29 19:23:14,20260529-185745,log/stroke_prediction_v2/8/biMaxInfgain/noAug__noImbl__standard/sklearn_SVM,1780052279784_edb427c117800537940011426,0.949119373776908,0.4754901960784314,0.4989711934156378,0.4869477911646586,0.9044549326579948,0.949119373776908,0.926249027420838,0.949119373776908,0.949119373776908,0.949119373776908,0.7795189045137939
8,biMaxInfgain,standard,noAug,noImbl,sklearn_SVM,last,0.5,0.2,42,2026-05-29 19:23:24,20260529-185745,log/stroke_prediction_v2/8/biMaxInfgain/noAug__noImbl__standard/sklearn_SVM,1780052279784_edb427c117800538047320557,0.9500978473581212,0.4755142017629775,0.499485596707819,0.4872052182639237,0.9045005951342742,0.9500978473581214,0.9267386930577962,0.9500978473581212,0.9500978473581212,0.9500978473581212,0.7800807650020133
8,infgain,minmax,gaussian_noise,noImbl,DTmodel,first,0.5,0.1,42,2026-05-29 19:23:54,20260529-185745,log/stroke_prediction_v2/8/infgain/minmax__gaussian_noise__noImbl/DTmodel,1780052279784_edb427c117800538349813181,0.9178082191780822,0.5019255455712452,0.5014814814814814,0.5012548800892359,0.9072572845411224,0.917808219178082,0.9124563561491036,0.9178082191780822,0.9178082191780822,0.9178082191780822,0.7702464042663686
8,infgain,minmax,gaussian_noise,noImbl,DTmodel,first,0.5,0.2,42,2026-05-29 19:24:21,20260529-185745,log/stroke_prediction_v2/8/infgain/minmax__gaussian_noise__noImbl/DTmodel,1780052279784_edb427c117800538616244439,0.9148727984344422,0.5209029910155805,0.5189094650205762,0.5197861251383975,0.9106456545780166,0.9148727984344424,0.9127418023540969,0.9148727984344422,0.9148727984344422,0.9148727984344422,0.7758741195590683
8,infgain,minmax,gaussian_noise,noImbl,DTmodel,last,0.5,0.1,42,2026-05-29 19:24:51,20260529-185745,log/stroke_prediction_v2/8/infgain/gaussian_noise__noImbl__minmax/DTmodel,1780052279784_edb427c117800538911171761,0.9021526418786692,0.5610388869882541,0.5881069958847736,0.5707325268817204,0.920886578074024,0.9021526418786692,0.9110101950634428,0.9021526418786692,0.9021526418786692,0.9021526418786692,0.7901257111379472
8,infgain,minmax,gaussian_noise,noImbl,DTmodel,last,0.5,0.2,42,2026-05-29 19:25:17,20260529-185745,log/stroke_prediction_v2/8/infgain/gaussian_noise__noImbl__minmax/DTmodel,1780052279784_edb427c117800539171728409,0.8943248532289628,0.5480493630573248,0.5745061728395062,0.556402218471184,0.9184275555610952,0.8943248532289628,0.9056899642634172,0.8943248532289628,0.8943248532289628,0.8943248532289628,0.7811420778475678
8,infgain,minmax,gaussian_noise,noImbl,GradientBoosting,first,0.5,0.1,42,2026-05-29 19:23:57,20260529-185745,log/stroke_prediction_v2/8/infgain/minmax__gaussian_noise__noImbl/GradientBoosting,1780052279784_edb427c117800538372198540,0.949119373776908,0.4754901960784314,0.4989711934156378,0.4869477911646586,0.9044549326579948,0.949119373776908,0.926249027420838,0.949119373776908,0.949119373776908,0.949119373776908,0.7795189045137939
8,infgain,minmax,gaussian_noise,noImbl,GradientBoosting,first,0.5,0.2,42,2026-05-29 19:24:23,20260529-185745,log/stroke_prediction_v2/8/infgain/minmax__gaussian_noise__noImbl/GradientBoosting,1780052279784_edb427c117800538638515559,0.9481409001956947,0.4754661432777232,0.4984567901234568,0.4866901054746358,0.9044091805595832,0.9481409001956947,0.9257588699047868,0.9481409001956947,0.9481409001956947,0.9481409001956947,0.7789569177812675
8,infgain,minmax,gaussian_noise,noImbl,GradientBoosting,last,0.5,0.1,42,2026-05-29 19:24:53,20260529-185745,log/stroke_prediction_v2/8/infgain/gaussian_noise__noImbl__minmax/GradientBoosting,1780052279784_edb427c117800538932327002,0.943248532289628,0.5595709570957095,0.5148559670781893,0.5176263793496305,0.9140306007117346,0.943248532289628,0.9264009887357532,0.943248532289628,0.943248532289628,0.943248532289628,0.792749270617222
8,infgain,minmax,gaussian_noise,noImbl,GradientBoosting,last,0.5,0.2,42,2026-05-29 19:25:19,20260529-185745,log/stroke_prediction_v2/8/infgain/gaussian_noise__noImbl__minmax/GradientBoosting,1780052279784_edb427c117800539192259567,0.9363992172211352,0.5639334987161074,0.5302263374485596,0.5383054287163875,0.915791482795652,0.936399217221135,0.9250730504248988,0.9363992172211352,0.9363992172211352,0.9363992172211352,0.7950615906556787
8,infgain,minmax,gaussian_noise,noImbl,LogisticRegression,first,0.5,0.1,42,2026-05-29 19:23:55,20260529-185745,log/stroke_prediction_v2/8/infgain/minmax__gaussian_noise__noImbl/LogisticRegression,1780052279784_edb427c117800538352061703,0.9510763209393346,0.4755381604696673,0.5,0.4874623871614844,0.9045461682515002,0.9510763209393346,0.9272278675557002,0.9510763209393346,0.9510763209393346,0.9510763209393346,0.7806424994554282
8,infgain,minmax,gaussian_noise,noImbl,LogisticRegression,first,0.5,0.2,42,2026-05-29 19:24:21,20260529-185745,log/stroke_prediction_v2/8/infgain/minmax__gaussian_noise__noImbl/LogisticRegression,1780052279784_edb427c117800538618644962,0.9510763209393346,0.4755381604696673,0.5,0.4874623871614844,0.9045461682515002,0.9510763209393346,0.9272278675557002,0.9510763209393346,0.9510763209393346,0.9510763209393346,0.7806424994554282
8,infgain,minmax,gaussian_noise,noImbl,LogisticRegression,last,0.5,0.1,42,2026-05-29 19:24:51,20260529-185745,log/stroke_prediction_v2/8/infgain/gaussian_noise__noImbl__minmax/LogisticRegression,1780052279784_edb427c117800538913555536,0.9510763209393346,0.4755381604696673,0.5,0.4874623871614844,0.9045461682515002,0.9510763209393346,0.9272278675557002,0.9510763209393346,0.9510763209393346,0.9510763209393346,0.7806424994554282
8,infgain,minmax,gaussian_noise,noImbl,LogisticRegression,last,0.5,0.2,42,2026-05-29 19:25:17,20260529-185745,log/stroke_prediction_v2/8/infgain/gaussian_noise__noImbl__minmax/LogisticRegression,1780052279784_edb427c117800539174226415,0.9510763209393346,0.4755381604696673,0.5,0.4874623871614844,0.9045461682515002,0.9510763209393346,0.9272278675557002,0.9510763209393346,0.9510763209393346,0.9510763209393346,0.7806424994554282
8,infgain,minmax,gaussian_noise,noImbl,XGBmodel,first,0.5,0.1,42,2026-05-29 19:23:54,20260529-185745,log/stroke_prediction_v2/8/infgain/minmax__gaussian_noise__noImbl/XGBmodel,1780052279784_edb427c117800538347391522,0.9510763209393346,0.7264243614931238,0.5189711934156378,0.5244742229666852,0.9306936973998362,0.9510763209393344,0.9308039071927005,0.9510763209393346,0.9510763209393346,0.9510763209393346,0.8163311731305013
8,infgain,minmax,gaussian_noise,noImbl,XGBmodel,first,0.5,0.2,42,2026-05-29 19:24:21,20260529-185745,log/stroke_prediction_v2/8/infgain/minmax__gaussian_noise__noImbl/XGBmodel,1780052279784_edb427c117800538613655893,0.9481409001956947,0.5759095378564405,0.5079423868312758,0.5048585401526577,0.915037320541018,0.9481409001956947,0.9275124553126164,0.9481409001956947,0.9481409001956947,0.9481409001956947,0.7940009339209423
8,infgain,minmax,gaussian_noise,noImbl,XGBmodel,last,0.5,0.1,42,2026-05-29 19:24:50,20260529-185745,log/stroke_prediction_v2/8/infgain/gaussian_noise__noImbl__minmax/XGBmodel,1780052279784_edb427c117800538908715121,0.9510763209393346,0.7264243614931238,0.5189711934156378,0.5244742229666852,0.9306936973998362,0.9510763209393344,0.9308039071927005,0.9510763209393346,0.9510763209393346,0.9510763209393346,0.8163311731305013
8,infgain,minmax,gaussian_noise,noImbl,XGBmodel,last,0.5,0.2,42,2026-05-29 19:25:16,20260529-185745,log/stroke_prediction_v2/8/infgain/gaussian_noise__noImbl__minmax/XGBmodel,1780052279784_edb427c117800539169364080,0.9500978473581212,0.4755142017629775,0.499485596707819,0.4872052182639237,0.9045005951342742,0.9500978473581214,0.9267386930577962,0.9500978473581212,0.9500978473581212,0.9500978473581212,0.7800807650020133
8,infgain,minmax,gaussian_noise,noImbl,random_forest,first,0.5,0.1,42,2026-05-29 19:23:54,20260529-185745,log/stroke_prediction_v2/8/infgain/minmax__gaussian_noise__noImbl/random_forest,1780052279784_edb427c117800538345066681,0.9510763209393346,0.7282178217821782,0.5569135802469136,0.5841606718531298,0.9341051326267656,0.9510763209393348,0.936552576496339,0.9510763209393346,0.9510763209393346,0.9510763209393346,0.8304611690937398
8,infgain,minmax,gaussian_noise,noImbl,random_forest,first,0.5,0.2,42,2026-05-29 19:24:21,20260529-185745,log/stroke_prediction_v2/8/infgain/minmax__gaussian_noise__noImbl/random_forest,1780052279784_edb427c117800538610975893,0.9481409001956947,0.6590684290981027,0.5363991769547325,0.5522101799723883,0.9255932474500824,0.9481409001956947,0.932072952132522,0.9481409001956947,0.9481409001956947,0.9481409001956947,0.8140049152443061
8,infgain,minmax,gaussian_noise,noImbl,random_forest,last,0.5,0.1,42,2026-05-29 19:24:50,20260529-185745,log/stroke_prediction_v2/8/infgain/gaussian_noise__noImbl__minmax/random_forest,1780052279784_edb427c117800538906359790,0.9471624266144814,0.6013313609467457,0.5169135802469136,0.5208875924575477,0.9182858763996804,0.9471624266144816,0.9285902865371046,0.9471624266144814,0.9471624266144814,0.9471624266144814,0.7999397342543241
8,infgain,minmax,gaussian_noise,noImbl,random_forest,last,0.5,0.2,42,2026-05-29 19:25:16,20260529-185745,log/stroke_prediction_v2/8/infgain/gaussian_noise__noImbl__minmax/random_forest,1780052279784_edb427c117800539166839128,0.949119373776908,0.6772727272727272,0.5369135802469136,0.5535618279569893,0.927415050702722,0.949119373776908,0.9326720745744168,0.949119373776908,0.949119373776908,0.949119373776908,0.8167429707127102
8,infgain,minmax,gaussian_noise,noImbl,sklearn_SVM,first,0.5,0.1,42,2026-05-29 19:23:52,20260529-185745,log/stroke_prediction_v2/8/infgain/minmax__gaussian_noise__noImbl/sklearn_SVM,1780052279784_edb427c117800538329598928,0.949119373776908,0.4754901960784314,0.4989711934156378,0.4869477911646586,0.9044549326579948,0.949119373776908,0.926249027420838,0.949119373776908,0.949119373776908,0.949119373776908,0.7795189045137939
8,infgain,minmax,gaussian_noise,noImbl,sklearn_SVM,first,0.5,0.2,42,2026-05-29 19:24:19,20260529-185745,log/stroke_prediction_v2/8/infgain/minmax__gaussian_noise__noImbl/sklearn_SVM,1780052279784_edb427c117800538596155477,0.9510763209393346,0.4755381604696673,0.5,0.4874623871614844,0.9045461682515002,0.9510763209393346,0.9272278675557002,0.9510763209393346,0.9510763209393346,0.9510763209393346,0.7806424994554282
8,infgain,minmax,gaussian_noise,noImbl,sklearn_SVM,last,0.5,0.1,42,2026-05-29 19:24:49,20260529-185745,log/stroke_prediction_v2/8/infgain/gaussian_noise__noImbl__minmax/sklearn_SVM,1780052279784_edb427c117800538891658190,0.9471624266144814,0.475442043222004,0.4979423868312758,0.4864321608040201,0.9043633385749272,0.9471624266144816,0.9252682197681164,0.9471624266144814,0.9471624266144814,0.9471624266144814,0.7783948045944336
8,infgain,minmax,gaussian_noise,noImbl,sklearn_SVM,last,0.5,0.2,42,2026-05-29 19:25:15,20260529-185745,log/stroke_prediction_v2/8/infgain/gaussian_noise__noImbl__minmax/sklearn_SVM,1780052279784_edb427c117800539153832258,0.9500978473581212,0.4755142017629775,0.499485596707819,0.4872052182639237,0.9045005951342742,0.9500978473581214,0.9267386930577962,0.9500978473581212,0.9500978473581212,0.9500978473581212,0.7800807650020133
8,infgain,minmax,mixup,noImbl,DTmodel,first,0.5,0.1,42,2026-05-29 19:25:34,20260529-185745,log/stroke_prediction_v2/8/infgain/minmax__mixup__noImbl/DTmodel,1780052279784_edb427c117800539343004304,0.9178082191780822,0.5426764076977905,0.5394238683127572,0.5409394250513346,0.9145812788642732,0.9178082191780822,0.9161802762228912,0.9178082191780822,0.9178082191780822,0.9178082191780822,0.7853593983498487
8,infgain,minmax,mixup,noImbl,DTmodel,first,0.5,0.2,42,2026-05-29 19:25:49,20260529-185745,log/stroke_prediction_v2/8/infgain/minmax__mixup__noImbl/DTmodel,1780052279784_edb427c117800539498706693,0.9168297455968688,0.5819649048700213,0.5958230452674897,0.5881279188298604,0.9234974083547044,0.9168297455968688,0.9200699607566752,0.9168297455968688,0.9168297455968688,0.9168297455968688,0.8030901160259492
8,infgain,minmax,mixup,noImbl,DTmodel,last,0.5,0.1,42,2026-05-29 19:26:05,20260529-185745,log/stroke_prediction_v2/8/infgain/mixup__noImbl__minmax/DTmodel,1780052279784_edb427c117800539658449569,0.9158512720156556,0.5685817805383022,0.5763374485596708,0.5721518001440894,0.9204306499252471,0.9158512720156556,0.9181025785999672,0.9158512720156556,0.9158512720156556,0.9158512720156556,0.7964136535201926
8,infgain,minmax,mixup,noImbl,DTmodel,last,0.5,0.2,42,2026-05-29 19:26:20,20260529-185745,log/stroke_prediction_v2/8/infgain/mixup__noImbl__minmax/DTmodel,1780052279784_edb427c117800539807753303,0.913894324853229,0.5451427438540841,0.5468518518518518,0.545970396397488,0.9155010855547504,0.9138943248532287,0.9146941594803067,0.913894324853229,0.913894324853229,0.913894324853229,0.7854069814490292
8,infgain,minmax,mixup,noImbl,GradientBoosting,first,0.5,0.1,42,2026-05-29 19:25:35,20260529-185745,log/stroke_prediction_v2/8/infgain/minmax__mixup__noImbl/GradientBoosting,1780052279784_edb427c117800539357426465,0.949119373776908,0.4754901960784314,0.4989711934156378,0.4869477911646586,0.9044549326579948,0.949119373776908,0.926249027420838,0.949119373776908,0.949119373776908,0.949119373776908,0.7795189045137939
8,infgain,minmax,mixup,noImbl,GradientBoosting,first,0.5,0.2,42,2026-05-29 19:25:51,20260529-185745,log/stroke_prediction_v2/8/infgain/minmax__mixup__noImbl/GradientBoosting,1780052279784_edb427c117800539512342005,0.9452054794520548,0.5383382642998028,0.5063991769547325,0.5031426884744937,0.9112324714274136,0.9452054794520548,0.9259454823347752,0.9452054794520548,0.9452054794520548,0.9452054794520548,0.7880424086704069
8,infgain,minmax,mixup,noImbl,GradientBoosting,last,0.5,0.1,42,2026-05-29 19:26:07,20260529-185745,log/stroke_prediction_v2/8/infgain/mixup__noImbl__minmax/GradientBoosting,1780052279784_edb427c117800539671434747,0.9452054794520548,0.6200396825396826,0.5348559670781893,0.5483585858585859,0.9216522225328488,0.9452054794520548,0.9302926525529264,0.9452054794520548,0.9452054794520548,0.9452054794520548,0.8075346647576206
8,infgain,minmax,mixup,noImbl,GradientBoosting,last,0.5,0.2,42,2026-05-29 19:26:22,20260529-185745,log/stroke_prediction_v2/8/infgain/mixup__noImbl__minmax/GradientBoosting,1780052279784_edb427c117800539821047484,0.9452054794520548,0.5383382642998028,0.5063991769547325,0.5031426884744937,0.9112324714274136,0.9452054794520548,0.9259454823347752,0.9452054794520548,0.9452054794520548,0.9452054794520548,0.7880424086704069
8,infgain,minmax,mixup,noImbl,LogisticRegression,first,0.5,0.1,42,2026-05-29 19:25:34,20260529-185745,log/stroke_prediction_v2/8/infgain/minmax__mixup__noImbl/LogisticRegression,1780052279784_edb427c117800539345264736,0.9530332681017613,0.976470588235294,0.52,0.5264133456904542,0.9552434672499136,0.9530332681017613,0.9319221791576966,0.9530332681017613,0.9530332681017613,0.9530332681017613,0.8451350415164477
8,infgain,minmax,mixup,noImbl,LogisticRegression,first,0.5,0.2,42,2026-05-29 19:25:50,20260529-185745,log/stroke_prediction_v2/8/infgain/minmax__mixup__noImbl/LogisticRegression,1780052279784_edb427c117800539501024794,0.952054794520548,0.976003917727718,0.51,0.5073148175476915,0.9543557887110408,0.952054794520548,0.9296116854869024,0.952054794520548,0.952054794520548,0.952054794520548,0.840396863907284
8,infgain,minmax,mixup,noImbl,LogisticRegression,last,0.5,0.1,42,2026-05-29 19:26:06,20260529-185745,log/stroke_prediction_v2/8/infgain/mixup__noImbl__minmax/LogisticRegression,1780052279784_edb427c117800539660700744,0.949119373776908,0.4754901960784314,0.4989711934156378,0.4869477911646586,0.9044549326579948,0.949119373776908,0.926249027420838,0.949119373776908,0.949119373776908,0.949119373776908,0.7795189045137939
8,infgain,minmax,mixup,noImbl,LogisticRegression,last,0.5,0.2,42,2026-05-29 19:26:21,20260529-185745,log/stroke_prediction_v2/8/infgain/mixup__noImbl__minmax/LogisticRegression,1780052279784_edb427c117800539810043697,0.9510763209393346,0.4755381604696673,0.5,0.4874623871614844,0.9045461682515002,0.9510763209393346,0.9272278675557002,0.9510763209393346,0.9510763209393346,0.9510763209393346,0.7806424994554282
8,infgain,minmax,mixup,noImbl,XGBmodel,first,0.5,0.1,42,2026-05-29 19:25:34,20260529-185745,log/stroke_prediction_v2/8/infgain/minmax__mixup__noImbl/XGBmodel,1780052279784_edb427c117800539340839404,0.949119373776908,0.6430446194225722,0.5179423868312758,0.5226358148893361,0.9224514743876192,0.949119373776908,0.9296936216122568,0.949119373776908,0.949119373776908,0.949119373776908,0.8058410130501487
8,infgain,minmax,mixup,noImbl,XGBmodel,first,0.5,0.2,42,2026-05-29 19:25:49,20260529-185745,log/stroke_prediction_v2/8/infgain/minmax__mixup__noImbl/XGBmodel,1780052279784_edb427c117800539496420786,0.9500978473581212,0.4755142017629775,0.499485596707819,0.4872052182639237,0.9045005951342742,0.9500978473581214,0.9267386930577962,0.9500978473581212,0.9500978473581212,0.9500978473581212,0.7800807650020133
8,infgain,minmax,mixup,noImbl,XGBmodel,last,0.5,0.1,42,2026-05-29 19:26:05,20260529-185745,log/stroke_prediction_v2/8/infgain/mixup__noImbl__minmax/XGBmodel,1780052279784_edb427c117800539656357499,0.9510763209393346,0.7264243614931238,0.5189711934156378,0.5244742229666852,0.9306936973998362,0.9510763209393344,0.9308039071927005,0.9510763209393346,0.9510763209393346,0.9510763209393346,0.8163311731305013
8,infgain,minmax,mixup,noImbl,XGBmodel,last,0.5,0.2,42,2026-05-29 19:26:20,20260529-185745,log/stroke_prediction_v2/8/infgain/mixup__noImbl__minmax/XGBmodel,1780052279784_edb427c117800539805511284,0.9481409001956947,0.5759095378564405,0.5079423868312758,0.5048585401526577,0.915037320541018,0.9481409001956947,0.9275124553126164,0.9481409001956947,0.9481409001956947,0.9481409001956947,0.7940009339209423
8,infgain,minmax,mixup,noImbl,random_forest,first,0.5,0.1,42,2026-05-29 19:25:33,20260529-185745,log/stroke_prediction_v2/8/infgain/minmax__mixup__noImbl/random_forest,1780052279784_edb427c117800539338464167,0.9471624266144814,0.665631212723658,0.5548559670781893,0.5772589392407391,0.9278249290947076,0.9471624266144814,0.9340068632560012,0.9471624266144814,0.9471624266144814,0.9471624266144814,0.8203860519099588
8,infgain,minmax,mixup,noImbl,random_forest,first,0.5,0.2,42,2026-05-29 19:25:49,20260529-185745,log/stroke_prediction_v2/8/infgain/minmax__mixup__noImbl/random_forest,1780052279784_edb427c117800539494035784,0.9471624266144814,0.6267786561264822,0.5263991769547325,0.536391129032258,0.9215828840605492,0.9471624266144814,0.9300825389811248,0.9471624266144814,0.9471624266144814,0.9471624266144814,0.8063120925619761
8,infgain,minmax,mixup,noImbl,random_forest,last,0.5,0.1,42,2026-05-29 19:26:05,20260529-185745,log/stroke_prediction_v2/8/infgain/mixup__noImbl__minmax/random_forest,1780052279784_edb427c117800539653716736,0.9510763209393346,0.7273175542406312,0.5379423868312758,0.5563774004236552,0.9323926863442143,0.9510763209393348,0.9338798949417636,0.9510763209393346,0.9510763209393346,0.9510763209393346,0.8237343854221587
8,infgain,minmax,mixup,noImbl,random_forest,last,0.5,0.2,42,2026-05-29 19:26:20,20260529-185745,log/stroke_prediction_v2/8/infgain/mixup__noImbl__minmax/random_forest,1780052279784_edb427c117800539803107912,0.9510763209393346,0.7268700787401574,0.5284567901234568,0.5409959758551308,0.9315415196388122,0.9510763209393346,0.9323977130887084,0.9510763209393346,0.9510763209393346,0.9510763209393346,0.8201264205675524
8,infgain,minmax,mixup,noImbl,sklearn_SVM,first,0.5,0.1,42,2026-05-29 19:25:33,20260529-185745,log/stroke_prediction_v2/8/infgain/minmax__mixup__noImbl/sklearn_SVM,1780052279784_edb427c117800539330471673,0.9471624266144814,0.475442043222004,0.4979423868312758,0.4864321608040201,0.9043633385749272,0.9471624266144816,0.9252682197681164,0.9471624266144814,0.9471624266144814,0.9471624266144814,0.7783948045944336
8,infgain,minmax,mixup,noImbl,sklearn_SVM,first,0.5,0.2,42,2026-05-29 19:25:48,20260529-185745,log/stroke_prediction_v2/8/infgain/minmax__mixup__noImbl/sklearn_SVM,1780052279784_edb427c117800539486503488,0.9500978473581212,0.4755142017629775,0.499485596707819,0.4872052182639237,0.9045005951342742,0.9500978473581214,0.9267386930577962,0.9500978473581212,0.9500978473581212,0.9500978473581212,0.7800807650020133
8,infgain,minmax,mixup,noImbl,sklearn_SVM,last,0.5,0.1,42,2026-05-29 19:26:04,20260529-185745,log/stroke_prediction_v2/8/infgain/mixup__noImbl__minmax/sklearn_SVM,1780052279784_edb427c117800539645484795,0.9510763209393346,0.4755381604696673,0.5,0.4874623871614844,0.9045461682515002,0.9510763209393346,0.9272278675557002,0.9510763209393346,0.9510763209393346,0.9510763209393346,0.7806424994554282
8,infgain,minmax,mixup,noImbl,sklearn_SVM,last,0.5,0.2,42,2026-05-29 19:26:19,20260529-185745,log/stroke_prediction_v2/8/infgain/mixup__noImbl__minmax/sklearn_SVM,1780052279784_edb427c117800539795536094,0.9510763209393346,0.4755381604696673,0.5,0.4874623871614844,0.9045461682515002,0.9510763209393346,0.9272278675557002,0.9510763209393346,0.9510763209393346,0.9510763209393346,0.7806424994554282
8,infgain,minmax,noAug,noImbl,DTmodel,first,0.5,0.1,42,2026-05-29 19:26:32,20260529-185745,log/stroke_prediction_v2/8/infgain/minmax__noAug__noImbl/DTmodel,1780052279784_edb427c117800539925266627,0.913894324853229,0.552379859198041,0.5563374485596708,0.5542426645519429,0.9170585652528368,0.913894324853229,0.9154614344841714,0.913894324853229,0.913894324853229,0.913894324853229,0.7885909320977633
8,infgain,minmax,noAug,noImbl,DTmodel,first,0.5,0.2,42,2026-05-29 19:26:42,20260529-185745,log/stroke_prediction_v2/8/infgain/minmax__noAug__noImbl/DTmodel,1780052279784_edb427c117800540028614742,0.9050880626223092,0.559248445032468,0.580164609053498,0.5672421695951108,0.91995447152323,0.9050880626223092,0.9121966694523388,0.9050880626223092,0.9050880626223092,0.9050880626223092,0.7898878034669606
8,infgain,minmax,noAug,noImbl,DTmodel,last,0.5,0.1,42,2026-05-29 19:26:54,20260529-185745,log/stroke_prediction_v2/8/infgain/noAug__noImbl__minmax/DTmodel,1780052279784_edb427c117800540140747228,0.913894324853229,0.552379859198041,0.5563374485596708,0.5542426645519429,0.9170585652528368,0.913894324853229,0.9154614344841714,0.913894324853229,0.913894324853229,0.913894324853229,0.7885909320977633
8,infgain,minmax,noAug,noImbl,DTmodel,last,0.5,0.2,42,2026-05-29 19:27:04,20260529-185745,log/stroke_prediction_v2/8/infgain/noAug__noImbl__minmax/DTmodel,1780052279784_edb427c117800540242979042,0.9050880626223092,0.559248445032468,0.580164609053498,0.5672421695951108,0.91995447152323,0.9050880626223092,0.9121966694523388,0.9050880626223092,0.9050880626223092,0.9050880626223092,0.7898878034669606
8,infgain,minmax,noAug,noImbl,GradientBoosting,first,0.5,0.1,42,2026-05-29 19:26:33,20260529-185745,log/stroke_prediction_v2/8/infgain/minmax__noAug__noImbl/GradientBoosting,1780052279784_edb427c117800539934182248,0.949119373776908,0.6430446194225722,0.5179423868312758,0.5226358148893361,0.9224514743876192,0.949119373776908,0.9296936216122568,0.949119373776908,0.949119373776908,0.949119373776908,0.8058410130501487
8,infgain,minmax,noAug,noImbl,GradientBoosting,first,0.5,0.2,42,2026-05-29 19:26:43,20260529-185745,log/stroke_prediction_v2/8/infgain/minmax__noAug__noImbl/GradientBoosting,1780052279784_edb427c117800540037224484,0.9471624266144814,0.5592191601049868,0.5074279835390947,0.5042756539235412,0.9133614291364266,0.9471624266144814,0.9269895301358052,0.9471624266144814,0.9471624266144814,0.9471624266144814,0.7915556055327451
8,infgain,minmax,noAug,noImbl,GradientBoosting,last,0.5,0.1,42,2026-05-29 19:26:54,20260529-185745,log/stroke_prediction_v2/8/infgain/noAug__noImbl__minmax/GradientBoosting,1780052279784_edb427c117800540149751126,0.949119373776908,0.6430446194225722,0.5179423868312758,0.5226358148893361,0.9224514743876192,0.949119373776908,0.9296936216122568,0.949119373776908,0.949119373776908,0.949119373776908,0.8058410130501487
8,infgain,minmax,noAug,noImbl,GradientBoosting,last,0.5,0.2,42,2026-05-29 19:27:05,20260529-185745,log/stroke_prediction_v2/8/infgain/noAug__noImbl__minmax/GradientBoosting,1780052279784_edb427c117800540251617634,0.9471624266144814,0.5592191601049868,0.5074279835390947,0.5042756539235412,0.9133614291364266,0.9471624266144814,0.9269895301358052,0.9471624266144814,0.9471624266144814,0.9471624266144814,0.7915556055327451
8,infgain,minmax,noAug,noImbl,LogisticRegression,first,0.5,0.1,42,2026-05-29 19:26:32,20260529-185745,log/stroke_prediction_v2/8/infgain/minmax__noAug__noImbl/LogisticRegression,1780052279784_edb427c117800539927439463,0.9510763209393346,0.4755381604696673,0.5,0.4874623871614844,0.9045461682515002,0.9510763209393346,0.9272278675557002,0.9510763209393346,0.9510763209393346,0.9510763209393346,0.7806424994554282
8,infgain,minmax,noAug,noImbl,LogisticRegression,first,0.5,0.2,42,2026-05-29 19:26:43,20260529-185745,log/stroke_prediction_v2/8/infgain/minmax__noAug__noImbl/LogisticRegression,1780052279784_edb427c117800540030777641,0.9510763209393346,0.4755381604696673,0.5,0.4874623871614844,0.9045461682515002,0.9510763209393346,0.9272278675557002,0.9510763209393346,0.9510763209393346,0.9510763209393346,0.7806424994554282
8,infgain,minmax,noAug,noImbl,LogisticRegression,last,0.5,0.1,42,2026-05-29 19:26:54,20260529-185745,log/stroke_prediction_v2/8/infgain/noAug__noImbl__minmax/LogisticRegression,1780052279784_edb427c117800540142908745,0.9510763209393346,0.4755381604696673,0.5,0.4874623871614844,0.9045461682515002,0.9510763209393346,0.9272278675557002,0.9510763209393346,0.9510763209393346,0.9510763209393346,0.7806424994554282
8,infgain,minmax,noAug,noImbl,LogisticRegression,last,0.5,0.2,42,2026-05-29 19:27:04,20260529-185745,log/stroke_prediction_v2/8/infgain/noAug__noImbl__minmax/LogisticRegression,1780052279784_edb427c117800540245333803,0.9510763209393346,0.4755381604696673,0.5,0.4874623871614844,0.9045461682515002,0.9510763209393346,0.9272278675557002,0.9510763209393346,0.9510763209393346,0.9510763209393346,0.7806424994554282
8,infgain,minmax,noAug,noImbl,XGBmodel,first,0.5,0.1,42,2026-05-29 19:26:32,20260529-185745,log/stroke_prediction_v2/8/infgain/minmax__noAug__noImbl/XGBmodel,1780052279784_edb427c117800539923160909,0.949119373776908,0.6430446194225722,0.5179423868312758,0.5226358148893361,0.9224514743876192,0.949119373776908,0.9296936216122568,0.949119373776908,0.949119373776908,0.949119373776908,0.8058410130501487
8,infgain,minmax,noAug,noImbl,XGBmodel,first,0.5,0.2,42,2026-05-29 19:26:42,20260529-185745,log/stroke_prediction_v2/8/infgain/minmax__noAug__noImbl/XGBmodel,1780052279784_edb427c117800540026484680,0.9481409001956947,0.4754661432777232,0.4984567901234568,0.4866901054746358,0.9044091805595832,0.9481409001956947,0.9257588699047868,0.9481409001956947,0.9481409001956947,0.9481409001956947,0.7789569177812675
8,infgain,minmax,noAug,noImbl,XGBmodel,last,0.5,0.1,42,2026-05-29 19:26:53,20260529-185745,log/stroke_prediction_v2/8/infgain/noAug__noImbl__minmax/XGBmodel,1780052279784_edb427c117800540138610020,0.949119373776908,0.6430446194225722,0.5179423868312758,0.5226358148893361,0.9224514743876192,0.949119373776908,0.9296936216122568,0.949119373776908,0.949119373776908,0.949119373776908,0.8058410130501487
8,infgain,minmax,noAug,noImbl,XGBmodel,last,0.5,0.2,42,2026-05-29 19:27:04,20260529-185745,log/stroke_prediction_v2/8/infgain/noAug__noImbl__minmax/XGBmodel,1780052279784_edb427c117800540240885011,0.9481409001956947,0.4754661432777232,0.4984567901234568,0.4866901054746358,0.9044091805595832,0.9481409001956947,0.9257588699047868,0.9481409001956947,0.9481409001956947,0.9481409001956947,0.7789569177812675
8,infgain,minmax,noAug,noImbl,random_forest,first,0.5,0.1,42,2026-05-29 19:26:32,20260529-185745,log/stroke_prediction_v2/8/infgain/minmax__noAug__noImbl/random_forest,1780052279784_edb427c117800539920585627,0.9530332681017613,0.7782608695652173,0.5579423868312758,0.5879032258064516,0.9390793839870673,0.9530332681017614,0.937851145761,0.9530332681017613,0.9530332681017613,0.9530332681017613,0.8376047270141781
8,infgain,minmax,noAug,noImbl,random_forest,first,0.5,0.2,42,2026-05-29 19:26:42,20260529-185745,log/stroke_prediction_v2/8/infgain/minmax__noAug__noImbl/random_forest,1780052279784_edb427c117800540023640127,0.949119373776908,0.6430446194225722,0.5179423868312758,0.5226358148893361,0.9224514743876192,0.949119373776908,0.9296936216122568,0.949119373776908,0.949119373776908,0.949119373776908,0.8058410130501487
8,infgain,minmax,noAug,noImbl,random_forest,last,0.5,0.1,42,2026-05-29 19:26:53,20260529-185745,log/stroke_prediction_v2/8/infgain/noAug__noImbl__minmax/random_forest,1780052279784_edb427c117800540136279036,0.9530332681017613,0.7782608695652173,0.5579423868312758,0.5879032258064516,0.9390793839870673,0.9530332681017614,0.937851145761,0.9530332681017613,0.9530332681017613,0.9530332681017613,0.8376047270141781
8,infgain,minmax,noAug,noImbl,random_forest,last,0.5,0.2,42,2026-05-29 19:27:03,20260529-185745,log/stroke_prediction_v2/8/infgain/noAug__noImbl__minmax/random_forest,1780052279784_edb427c117800540238235655,0.949119373776908,0.6430446194225722,0.5179423868312758,0.5226358148893361,0.9224514743876192,0.949119373776908,0.9296936216122568,0.949119373776908,0.949119373776908,0.949119373776908,0.8058410130501487
8,infgain,minmax,noAug,noImbl,sklearn_SVM,first,0.5,0.1,42,2026-05-29 19:26:31,20260529-185745,log/stroke_prediction_v2/8/infgain/minmax__noAug__noImbl/sklearn_SVM,1780052279784_edb427c117800539915635140,0.9510763209393346,0.4755381604696673,0.5,0.4874623871614844,0.9045461682515002,0.9510763209393346,0.9272278675557002,0.9510763209393346,0.9510763209393346,0.9510763209393346,0.7806424994554282
8,infgain,minmax,noAug,noImbl,sklearn_SVM,first,0.5,0.2,42,2026-05-29 19:26:41,20260529-185745,log/stroke_prediction_v2/8/infgain/minmax__noAug__noImbl/sklearn_SVM,1780052279784_edb427c117800540018368618,0.9510763209393346,0.4755381604696673,0.5,0.4874623871614844,0.9045461682515002,0.9510763209393346,0.9272278675557002,0.9510763209393346,0.9510763209393346,0.9510763209393346,0.7806424994554282
8,infgain,minmax,noAug,noImbl,sklearn_SVM,last,0.5,0.1,42,2026-05-29 19:26:53,20260529-185745,log/stroke_prediction_v2/8/infgain/noAug__noImbl__minmax/sklearn_SVM,1780052279784_edb427c117800540131237172,0.9510763209393346,0.4755381604696673,0.5,0.4874623871614844,0.9045461682515002,0.9510763209393346,0.9272278675557002,0.9510763209393346,0.9510763209393346,0.9510763209393346,0.7806424994554282
8,infgain,minmax,noAug,noImbl,sklearn_SVM,last,0.5,0.2,42,2026-05-29 19:27:03,20260529-185745,log/stroke_prediction_v2/8/infgain/noAug__noImbl__minmax/sklearn_SVM,1780052279784_edb427c117800540233517668,0.9510763209393346,0.4755381604696673,0.5,0.4874623871614844,0.9045461682515002,0.9510763209393346,0.9272278675557002,0.9510763209393346,0.9510763209393346,0.9510763209393346,0.7806424994554282
8,infgain,standard,gaussian_noise,noImbl,DTmodel,first,0.5,0.1,42,2026-05-29 19:27:33,20260529-185745,log/stroke_prediction_v2/8/infgain/standard__gaussian_noise__noImbl/DTmodel,1780052279784_edb427c117800540536141941,0.9197651663405088,0.5456869306562557,0.5404526748971195,0.5428041462084016,0.9149590219848224,0.9197651663405088,0.9173279183655167,0.9197651663405088,0.9197651663405088,0.9197651663405088,0.787035738976111
8,infgain,standard,gaussian_noise,noImbl,DTmodel,first,0.5,0.2,42,2026-05-29 19:27:56,20260529-185745,log/stroke_prediction_v2/8/infgain/standard__gaussian_noise__noImbl/DTmodel,1780052279784_edb427c117800540768836741,0.9158512720156556,0.5552735923869945,0.5573662551440329,0.5562892510248179,0.9174224165892012,0.9158512720156556,0.916632928583027,0.9158512720156556,0.9158512720156556,0.9158512720156556,0.7902850621594616
8,infgain,standard,gaussian_noise,noImbl,DTmodel,last,0.5,0.1,42,2026-05-29 19:28:23,20260529-185745,log/stroke_prediction_v2/8/infgain/gaussian_noise__noImbl__standard/DTmodel,1780052279784_edb427c117800541036394318,0.9197651663405088,0.561772758384668,0.5594238683127571,0.5605637938628688,0.9182187628504188,0.9197651663405088,0.9189876741922888,0.9197651663405088,0.9197651663405088,0.9197651663405088,0.7937803256992614
8,infgain,standard,gaussian_noise,noImbl,DTmodel,last,0.5,0.2,42,2026-05-29 19:28:46,20260529-185745,log/stroke_prediction_v2/8/infgain/gaussian_noise__noImbl__standard/DTmodel,1780052279784_edb427c117800541268587614,0.9119373776908024,0.5426040710131619,0.5458230452674897,0.5441118160190325,0.9151700543356832,0.9119373776908024,0.9135401034497208,0.9119373776908024,0.9119373776908024,0.9119373776908022,0.7837824560582672
8,infgain,standard,gaussian_noise,noImbl,GradientBoosting,first,0.5,0.1,42,2026-05-29 19:27:35,20260529-185745,log/stroke_prediction_v2/8/infgain/standard__gaussian_noise__noImbl/GradientBoosting,1780052279784_edb427c117800540555791028,0.9452054794520548,0.5762845849802372,0.5158847736625514,0.5192204301075269,0.9157507174183768,0.9452054794520548,0.9274930033878336,0.9452054794520548,0.9452054794520548,0.9452054794520548,0.7958812144112423
8,infgain,standard,gaussian_noise,noImbl,GradientBoosting,first,0.5,0.2,42,2026-05-29 19:27:58,20260529-185745,log/stroke_prediction_v2/8/infgain/standard__gaussian_noise__noImbl/GradientBoosting,1780052279784_edb427c117800540788494107,0.949119373776908,0.4754901960784314,0.4989711934156378,0.4869477911646586,0.9044549326579948,0.949119373776908,0.926249027420838,0.949119373776908,0.949119373776908,0.949119373776908,0.7795189045137939
8,infgain,standard,gaussian_noise,noImbl,GradientBoosting,last,0.5,0.1,42,2026-05-29 19:28:25,20260529-185745,log/stroke_prediction_v2/8/infgain/gaussian_noise__noImbl__standard/GradientBoosting,1780052279784_edb427c117800541055222668,0.949119373776908,0.4754901960784314,0.4989711934156378,0.4869477911646586,0.9044549326579948,0.949119373776908,0.926249027420838,0.949119373776908,0.949119373776908,0.949119373776908,0.7795189045137939
8,infgain,standard,gaussian_noise,noImbl,GradientBoosting,last,0.5,0.2,42,2026-05-29 19:28:48,20260529-185745,log/stroke_prediction_v2/8/infgain/gaussian_noise__noImbl__standard/GradientBoosting,1780052279784_edb427c117800541286124744,0.9510763209393346,0.7264243614931238,0.5189711934156378,0.5244742229666852,0.9306936973998362,0.9510763209393344,0.9308039071927005,0.9510763209393346,0.9510763209393346,0.9510763209393346,0.8163311731305013
8,infgain,standard,gaussian_noise,noImbl,LogisticRegression,first,0.5,0.1,42,2026-05-29 19:27:33,20260529-185745,log/stroke_prediction_v2/8/infgain/standard__gaussian_noise__noImbl/LogisticRegression,1780052279784_edb427c117800540539570331,0.9510763209393346,0.4755381604696673,0.5,0.4874623871614844,0.9045461682515002,0.9510763209393346,0.9272278675557002,0.9510763209393346,0.9510763209393346,0.9510763209393346,0.7806424994554282
8,infgain,standard,gaussian_noise,noImbl,LogisticRegression,first,0.5,0.2,42,2026-05-29 19:27:57,20260529-185745,log/stroke_prediction_v2/8/infgain/standard__gaussian_noise__noImbl/LogisticRegression,1780052279784_edb427c117800540773500159,0.9510763209393346,0.4755381604696673,0.5,0.4874623871614844,0.9045461682515002,0.9510763209393346,0.9272278675557002,0.9510763209393346,0.9510763209393346,0.9510763209393346,0.7806424994554282
8,infgain,standard,gaussian_noise,noImbl,LogisticRegression,last,0.5,0.1,42,2026-05-29 19:28:23,20260529-185745,log/stroke_prediction_v2/8/infgain/gaussian_noise__noImbl__standard/LogisticRegression,1780052279784_edb427c117800541039950815,0.9510763209393346,0.4755381604696673,0.5,0.4874623871614844,0.9045461682515002,0.9510763209393346,0.9272278675557002,0.9510763209393346,0.9510763209393346,0.9510763209393346,0.7806424994554282
8,infgain,standard,gaussian_noise,noImbl,LogisticRegression,last,0.5,0.2,42,2026-05-29 19:28:47,20260529-185745,log/stroke_prediction_v2/8/infgain/gaussian_noise__noImbl__standard/LogisticRegression,1780052279784_edb427c117800541271850811,0.9510763209393346,0.4755381604696673,0.5,0.4874623871614844,0.9045461682515002,0.9510763209393346,0.9272278675557002,0.9510763209393346,0.9510763209393346,0.9510763209393346,0.7806424994554282
8,infgain,standard,gaussian_noise,noImbl,XGBmodel,first,0.5,0.1,42,2026-05-29 19:27:33,20260529-185745,log/stroke_prediction_v2/8/infgain/standard__gaussian_noise__noImbl/XGBmodel,1780052279784_edb427c117800540534372633,0.9530332681017613,0.976470588235294,0.52,0.5264133456904542,0.9552434672499136,0.9530332681017613,0.9319221791576966,0.9530332681017613,0.9530332681017613,0.9530332681017613,0.8451350415164477
8,infgain,standard,gaussian_noise,noImbl,XGBmodel,first,0.5,0.2,42,2026-05-29 19:27:56,20260529-185745,log/stroke_prediction_v2/8/infgain/standard__gaussian_noise__noImbl/XGBmodel,1780052279784_edb427c117800540767088230,0.9500978473581212,0.4755142017629775,0.499485596707819,0.4872052182639237,0.9045005951342742,0.9500978473581214,0.9267386930577962,0.9500978473581212,0.9500978473581212,0.9500978473581212,0.7800807650020133
8,infgain,standard,gaussian_noise,noImbl,XGBmodel,last,0.5,0.1,42,2026-05-29 19:28:23,20260529-185745,log/stroke_prediction_v2/8/infgain/gaussian_noise__noImbl__standard/XGBmodel,1780052279784_edb427c117800541034616553,0.9510763209393346,0.4755381604696673,0.5,0.4874623871614844,0.9045461682515002,0.9510763209393346,0.9272278675557002,0.9510763209393346,0.9510763209393346,0.9510763209393346,0.7806424994554282
8,infgain,standard,gaussian_noise,noImbl,XGBmodel,last,0.5,0.2,42,2026-05-29 19:28:46,20260529-185745,log/stroke_prediction_v2/8/infgain/gaussian_noise__noImbl__standard/XGBmodel,1780052279784_edb427c117800541266795629,0.9500978473581212,0.4755142017629775,0.499485596707819,0.4872052182639237,0.9045005951342742,0.9500978473581214,0.9267386930577962,0.9500978473581212,0.9500978473581212,0.9500978473581212,0.7800807650020133
8,infgain,standard,gaussian_noise,noImbl,random_forest,first,0.5,0.1,42,2026-05-29 19:27:33,20260529-185745,log/stroke_prediction_v2/8/infgain/standard__gaussian_noise__noImbl/random_forest,1780052279784_edb427c117800540532763787,0.943248532289628,0.6021371769383699,0.5338271604938272,0.5459447865919048,0.9198186614170166,0.943248532289628,0.9291184827564454,0.943248532289628,0.943248532289628,0.943248532289628,0.8041372032030251
8,infgain,standard,gaussian_noise,noImbl,random_forest,first,0.5,0.2,42,2026-05-29 19:27:56,20260529-185745,log/stroke_prediction_v2/8/infgain/standard__gaussian_noise__noImbl/random_forest,1780052279784_edb427c117800540765405822,0.9442270058708416,0.5671702185055301,0.5153703703703704,0.5184147218570968,0.9148165764563472,0.9442270058708416,0.9269463824821464,0.9442270058708416,0.9442270058708416,0.9442270058708416,0.7942306845324476
8,infgain,standard,gaussian_noise,noImbl,random_forest,last,0.5,0.1,42,2026-05-29 19:28:23,20260529-185745,log/stroke_prediction_v2/8/infgain/gaussian_noise__noImbl__standard/random_forest,1780052279784_edb427c117800541032973305,0.9452054794520548,0.6200396825396826,0.5348559670781893,0.5483585858585859,0.9216522225328488,0.9452054794520548,0.9302926525529264,0.9452054794520548,0.9452054794520548,0.9452054794520548,0.8075346647576206
8,infgain,standard,gaussian_noise,noImbl,random_forest,last,0.5,0.2,42,2026-05-29 19:28:46,20260529-185745,log/stroke_prediction_v2/8/infgain/gaussian_noise__noImbl__standard/random_forest,1780052279784_edb427c117800541265115809,0.946183953033268,0.6131193238018163,0.5258847736625514,0.5353124509147424,0.9202049119532149,0.946183953033268,0.929509667307334,0.946183953033268,0.946183953033268,0.946183953033268,0.8041177998883768
8,infgain,standard,gaussian_noise,noImbl,sklearn_SVM,first,0.5,0.1,42,2026-05-29 19:27:32,20260529-185745,log/stroke_prediction_v2/8/infgain/standard__gaussian_noise__noImbl/sklearn_SVM,1780052279784_edb427c117800540521312216,0.949119373776908,0.4754901960784314,0.4989711934156378,0.4869477911646586,0.9044549326579948,0.949119373776908,0.926249027420838,0.949119373776908,0.949119373776908,0.949119373776908,0.7795189045137939
8,infgain,standard,gaussian_noise,noImbl,sklearn_SVM,first,0.5,0.2,42,2026-05-29 19:27:55,20260529-185745,log/stroke_prediction_v2/8/infgain/standard__gaussian_noise__noImbl/sklearn_SVM,1780052279784_edb427c117800540754804993,0.949119373776908,0.4754901960784314,0.4989711934156378,0.4869477911646586,0.9044549326579948,0.949119373776908,0.926249027420838,0.949119373776908,0.949119373776908,0.949119373776908,0.7795189045137939
8,infgain,standard,gaussian_noise,noImbl,sklearn_SVM,last,0.5,0.1,42,2026-05-29 19:28:22,20260529-185745,log/stroke_prediction_v2/8/infgain/gaussian_noise__noImbl__standard/sklearn_SVM,1780052279784_edb427c117800541021800446,0.9471624266144814,0.475442043222004,0.4979423868312758,0.4864321608040201,0.9043633385749272,0.9471624266144816,0.9252682197681164,0.9471624266144814,0.9471624266144814,0.9471624266144814,0.7783948045944336
8,infgain,standard,gaussian_noise,noImbl,sklearn_SVM,last,0.5,0.2,42,2026-05-29 19:28:45,20260529-185745,log/stroke_prediction_v2/8/infgain/gaussian_noise__noImbl__standard/sklearn_SVM,1780052279784_edb427c117800541254363118,0.9481409001956947,0.5759095378564405,0.5079423868312758,0.5048585401526577,0.915037320541018,0.9481409001956947,0.9275124553126164,0.9481409001956947,0.9481409001956947,0.9481409001956947,0.7940009339209423
8,infgain,standard,mixup,noImbl,DTmodel,first,0.5,0.1,42,2026-05-29 19:29:00,20260529-185745,log/stroke_prediction_v2/8/infgain/standard__mixup__noImbl/DTmodel,1780052279784_edb427c117800541404791669,0.9315068493150684,0.5898129366689204,0.56559670781893,0.5751478727700311,0.9214358708370768,0.9315068493150684,0.9261766936829846,0.9315068493150684,0.9315068493150684,0.9315068493150684,0.8054859762264723
8,infgain,standard,mixup,noImbl,DTmodel,first,0.5,0.2,42,2026-05-29 19:29:12,20260529-185745,log/stroke_prediction_v2/8/infgain/standard__mixup__noImbl/DTmodel,1780052279784_edb427c117800541528456274,0.920743639921722,0.570767875495522,0.5694238683127572,0.5700864688011217,0.9199861166220984,0.920743639921722,0.9203637296604864,0.920743639921722,0.920743639921722,0.920743639921722,0.7978827717809676
8,infgain,standard,mixup,noImbl,DTmodel,last,0.5,0.1,42,2026-05-29 19:29:25,20260529-185745,log/stroke_prediction_v2/8/infgain/mixup__noImbl__standard/DTmodel,1780052279784_edb427c117800541658244521,0.9217221135029354,0.5654401282965074,0.5604526748971194,0.5627994524298425,0.9186573222323424,0.9217221135029356,0.9201716916408488,0.9217221135029354,0.9217221135029354,0.9217221135029354,0.7955895295543746
8,infgain,standard,mixup,noImbl,DTmodel,last,0.5,0.2,42,2026-05-29 19:29:37,20260529-185745,log/stroke_prediction_v2/8/infgain/mixup__noImbl__standard/DTmodel,1780052279784_edb427c117800541777859949,0.9021526418786692,0.5322449112734864,0.540679012345679,0.5354967730206345,0.9137381188998606,0.9021526418786692,0.907805926200269,0.9021526418786692,0.9021526418786692,0.9021526418786692,0.7760226658865055
8,infgain,standard,mixup,noImbl,GradientBoosting,first,0.5,0.1,42,2026-05-29 19:29:01,20260529-185745,log/stroke_prediction_v2/8/infgain/standard__mixup__noImbl/GradientBoosting,1780052279784_edb427c117800541418674189,0.949119373776908,0.6430446194225722,0.5179423868312758,0.5226358148893361,0.9224514743876192,0.949119373776908,0.9296936216122568,0.949119373776908,0.949119373776908,0.949119373776908,0.8058410130501487
8,infgain,standard,mixup,noImbl,GradientBoosting,first,0.5,0.2,42,2026-05-29 19:29:13,20260529-185745,log/stroke_prediction_v2/8/infgain/standard__mixup__noImbl/GradientBoosting,1780052279784_edb427c117800541539799115,0.9363992172211352,0.4751737835153922,0.492283950617284,0.483577564426478,0.9038530676652862,0.9363992172211352,0.9198383417270776,0.9363992172211352,0.9363992172211352,0.9363992172211352,0.7722031529912835
8,infgain,standard,mixup,noImbl,GradientBoosting,last,0.5,0.1,42,2026-05-29 19:29:27,20260529-185745,log/stroke_prediction_v2/8/infgain/mixup__noImbl__standard/GradientBoosting,1780052279784_edb427c117800541670236448,0.9471624266144814,0.475442043222004,0.4979423868312758,0.4864321608040201,0.9043633385749272,0.9471624266144816,0.9252682197681164,0.9471624266144814,0.9471624266144814,0.9471624266144814,0.7783948045944336
8,infgain,standard,mixup,noImbl,GradientBoosting,last,0.5,0.2,42,2026-05-29 19:29:38,20260529-185745,log/stroke_prediction_v2/8/infgain/mixup__noImbl__standard/GradientBoosting,1780052279784_edb427c117800541789658375,0.949119373776908,0.4754901960784314,0.4989711934156378,0.4869477911646586,0.9044549326579948,0.949119373776908,0.926249027420838,0.949119373776908,0.949119373776908,0.949119373776908,0.7795189045137939
8,infgain,standard,mixup,noImbl,LogisticRegression,first,0.5,0.1,42,2026-05-29 19:29:00,20260529-185745,log/stroke_prediction_v2/8/infgain/standard__mixup__noImbl/LogisticRegression,1780052279784_edb427c117800541407792644,0.9510763209393346,0.7264243614931238,0.5189711934156378,0.5244742229666852,0.9306936973998362,0.9510763209393344,0.9308039071927005,0.9510763209393346,0.9510763209393346,0.9510763209393346,0.8163311731305013
8,infgain,standard,mixup,noImbl,LogisticRegression,first,0.5,0.2,42,2026-05-29 19:29:13,20260529-185745,log/stroke_prediction_v2/8/infgain/standard__mixup__noImbl/LogisticRegression,1780052279784_edb427c117800541531146620,0.952054794520548,0.8097808308799477,0.519485596707819,0.5254304748727765,0.9388916522152168,0.952054794520548,0.931361974062916,0.952054794520548,0.952054794520548,0.952054794520548,0.8261565931288712
8,infgain,standard,mixup,noImbl,LogisticRegression,last,0.5,0.1,42,2026-05-29 19:29:26,20260529-185745,log/stroke_prediction_v2/8/infgain/mixup__noImbl__standard/LogisticRegression,1780052279784_edb427c117800541661098321,0.9530332681017613,0.976470588235294,0.52,0.5264133456904542,0.9552434672499136,0.9530332681017613,0.9319221791576966,0.9530332681017613,0.9530332681017613,0.9530332681017613,0.8451350415164477
8,infgain,standard,mixup,noImbl,LogisticRegression,last,0.5,0.2,42,2026-05-29 19:29:38,20260529-185745,log/stroke_prediction_v2/8/infgain/mixup__noImbl__standard/LogisticRegression,1780052279784_edb427c117800541780564305,0.952054794520548,0.976003917727718,0.51,0.5073148175476915,0.9543557887110408,0.952054794520548,0.9296116854869024,0.952054794520548,0.952054794520548,0.952054794520548,0.840396863907284
8,infgain,standard,mixup,noImbl,XGBmodel,first,0.5,0.1,42,2026-05-29 19:29:00,20260529-185745,log/stroke_prediction_v2/8/infgain/standard__mixup__noImbl/XGBmodel,1780052279784_edb427c117800541403040012,0.9530332681017613,0.8106955380577427,0.5389711934156378,0.5593561368209254,0.9406315648900052,0.9530332681017613,0.93510180456516,0.9530332681017613,0.9530332681017613,0.9530332681017613,0.8344118280849556
8,infgain,standard,mixup,noImbl,XGBmodel,first,0.5,0.2,42,2026-05-29 19:29:12,20260529-185745,log/stroke_prediction_v2/8/infgain/standard__mixup__noImbl/XGBmodel,1780052279784_edb427c117800541526737844,0.949119373776908,0.4754901960784314,0.4989711934156378,0.4869477911646586,0.9044549326579948,0.949119373776908,0.926249027420838,0.949119373776908,0.949119373776908,0.949119373776908,0.7795189045137939
8,infgain,standard,mixup,noImbl,XGBmodel,last,0.5,0.1,42,2026-05-29 19:29:25,20260529-185745,log/stroke_prediction_v2/8/infgain/mixup__noImbl__standard/XGBmodel,1780052279784_edb427c117800541656519138,0.949119373776908,0.4754901960784314,0.4989711934156378,0.4869477911646586,0.9044549326579948,0.949119373776908,0.926249027420838,0.949119373776908,0.949119373776908,0.949119373776908,0.7795189045137939
8,infgain,standard,mixup,noImbl,XGBmodel,last,0.5,0.2,42,2026-05-29 19:29:37,20260529-185745,log/stroke_prediction_v2/8/infgain/mixup__noImbl__standard/XGBmodel,1780052279784_edb427c117800541776142403,0.9510763209393346,0.4755381604696673,0.5,0.4874623871614844,0.9045461682515002,0.9510763209393346,0.9272278675557002,0.9510763209393346,0.9510763209393346,0.9510763209393346,0.7806424994554282
8,infgain,standard,mixup,noImbl,random_forest,first,0.5,0.1,42,2026-05-29 19:29:00,20260529-185745,log/stroke_prediction_v2/8/infgain/standard__mixup__noImbl/random_forest,1780052279784_edb427c117800541401277046,0.9452054794520548,0.6200396825396826,0.5348559670781893,0.5483585858585859,0.9216522225328488,0.9452054794520548,0.9302926525529264,0.9452054794520548,0.9452054794520548,0.9452054794520548,0.8075346647576206
8,infgain,standard,mixup,noImbl,random_forest,first,0.5,0.2,42,2026-05-29 19:29:12,20260529-185745,log/stroke_prediction_v2/8/infgain/standard__mixup__noImbl/random_forest,1780052279784_edb427c117800541525012273,0.9500978473581212,0.676401179941003,0.5184567901234568,0.5235431235431236,0.9257572346431604,0.9500978473581212,0.9302478343574236,0.9500978473581212,0.9500978473581212,0.9500978473581212,0.8101693030990923
8,infgain,standard,mixup,noImbl,random_forest,last,0.5,0.1,42,2026-05-29 19:29:25,20260529-185745,log/stroke_prediction_v2/8/infgain/mixup__noImbl__standard/random_forest,1780052279784_edb427c117800541654734282,0.949119373776908,0.6430446194225722,0.5179423868312758,0.5226358148893361,0.9224514743876192,0.949119373776908,0.9296936216122568,0.949119373776908,0.949119373776908,0.949119373776908,0.8058410130501487
8,infgain,standard,mixup,noImbl,random_forest,last,0.5,0.2,42,2026-05-29 19:29:37,20260529-185745,log/stroke_prediction_v2/8/infgain/mixup__noImbl__standard/random_forest,1780052279784_edb427c117800541774358475,0.946183953033268,0.5472906403940886,0.5069135802469136,0.5037038999108238,0.9121513886612744,0.9461839530332682,0.926467225277553,0.946183953033268,0.946183953033268,0.946183953033268,0.7896348109217913
8,infgain,standard,mixup,noImbl,sklearn_SVM,first,0.5,0.1,42,2026-05-29 19:28:59,20260529-185745,log/stroke_prediction_v2/8/infgain/standard__mixup__noImbl/sklearn_SVM,1780052279784_edb427c117800541395134284,0.949119373776908,0.4754901960784314,0.4989711934156378,0.4869477911646586,0.9044549326579948,0.949119373776908,0.926249027420838,0.949119373776908,0.949119373776908,0.949119373776908,0.7795189045137939
8,infgain,standard,mixup,noImbl,sklearn_SVM,first,0.5,0.2,42,2026-05-29 19:29:11,20260529-185745,log/stroke_prediction_v2/8/infgain/standard__mixup__noImbl/sklearn_SVM,1780052279784_edb427c117800541519385991,0.9481409001956947,0.4754661432777232,0.4984567901234568,0.4866901054746358,0.9044091805595832,0.9481409001956947,0.9257588699047868,0.9481409001956947,0.9481409001956947,0.9481409001956947,0.7789569177812675
8,infgain,standard,mixup,noImbl,sklearn_SVM,last,0.5,0.1,42,2026-05-29 19:29:24,20260529-185745,log/stroke_prediction_v2/8/infgain/mixup__noImbl__standard/sklearn_SVM,1780052279784_edb427c117800541648834563,0.949119373776908,0.4754901960784314,0.4989711934156378,0.4869477911646586,0.9044549326579948,0.949119373776908,0.926249027420838,0.949119373776908,0.949119373776908,0.949119373776908,0.7795189045137939
8,infgain,standard,mixup,noImbl,sklearn_SVM,last,0.5,0.2,42,2026-05-29 19:29:36,20260529-185745,log/stroke_prediction_v2/8/infgain/mixup__noImbl__standard/sklearn_SVM,1780052279784_edb427c117800541768890330,0.9500978473581212,0.4755142017629775,0.499485596707819,0.4872052182639237,0.9045005951342742,0.9500978473581214,0.9267386930577962,0.9500978473581212,0.9500978473581212,0.9500978473581212,0.7800807650020133
8,infgain,standard,noAug,noImbl,DTmodel,first,0.5,0.1,42,2026-05-29 19:29:47,20260529-185745,log/stroke_prediction_v2/8/infgain/standard__noAug__noImbl/DTmodel,1780052279784_edb427c117800541878519223,0.923679060665362,0.5694366982710541,0.5614814814814814,0.5651063829787234,0.9191277669301032,0.923679060665362,0.9213607028354917,0.923679060665362,0.923679060665362,0.923679060665362,0.7974462818065408
8,infgain,standard,noAug,noImbl,DTmodel,first,0.5,0.2,42,2026-05-29 19:29:56,20260529-185745,log/stroke_prediction_v2/8/infgain/standard__noAug__noImbl/DTmodel,1780052279784_edb427c117800541961169802,0.913894324853229,0.5373662551440329,0.5373662551440329,0.5373662551440329,0.913894324853229,0.913894324853229,0.913894324853229,0.913894324853229,0.913894324853229,0.913894324853229,0.7821095004550102
8,infgain,standard,noAug,noImbl,DTmodel,last,0.5,0.1,42,2026-05-29 19:30:05,20260529-185745,log/stroke_prediction_v2/8/infgain/noAug__noImbl__standard/DTmodel,1780052279784_edb427c117800542051370121,0.923679060665362,0.5694366982710541,0.5614814814814814,0.5651063829787234,0.9191277669301032,0.923679060665362,0.9213607028354917,0.923679060665362,0.923679060665362,0.923679060665362,0.7974462818065408
8,infgain,standard,noAug,noImbl,DTmodel,last,0.5,0.2,42,2026-05-29 19:30:13,20260529-185745,log/stroke_prediction_v2/8/infgain/noAug__noImbl__standard/DTmodel,1780052279784_edb427c117800542133431591,0.913894324853229,0.5373662551440329,0.5373662551440329,0.5373662551440329,0.913894324853229,0.913894324853229,0.913894324853229,0.913894324853229,0.913894324853229,0.913894324853229,0.7821095004550102
8,infgain,standard,noAug,noImbl,GradientBoosting,first,0.5,0.1,42,2026-05-29 19:29:48,20260529-185745,log/stroke_prediction_v2/8/infgain/standard__noAug__noImbl/GradientBoosting,1780052279784_edb427c117800541886291768,0.949119373776908,0.4754901960784314,0.4989711934156378,0.4869477911646586,0.9044549326579948,0.949119373776908,0.926249027420838,0.949119373776908,0.949119373776908,0.949119373776908,0.7795189045137939
8,infgain,standard,noAug,noImbl,GradientBoosting,first,0.5,0.2,42,2026-05-29 19:29:56,20260529-185745,log/stroke_prediction_v2/8/infgain/standard__noAug__noImbl/GradientBoosting,1780052279784_edb427c117800541968390053,0.9471624266144814,0.475442043222004,0.4979423868312758,0.4864321608040201,0.9043633385749272,0.9471624266144816,0.9252682197681164,0.9471624266144814,0.9471624266144814,0.9471624266144814,0.7783948045944336
8,infgain,standard,noAug,noImbl,GradientBoosting,last,0.5,0.1,42,2026-05-29 19:30:05,20260529-185745,log/stroke_prediction_v2/8/infgain/noAug__noImbl__standard/GradientBoosting,1780052279784_edb427c117800542059114212,0.949119373776908,0.4754901960784314,0.4989711934156378,0.4869477911646586,0.9044549326579948,0.949119373776908,0.926249027420838,0.949119373776908,0.949119373776908,0.949119373776908,0.7795189045137939
8,infgain,standard,noAug,noImbl,GradientBoosting,last,0.5,0.2,42,2026-05-29 19:30:14,20260529-185745,log/stroke_prediction_v2/8/infgain/noAug__noImbl__standard/GradientBoosting,1780052279784_edb427c117800542140992833,0.9471624266144814,0.475442043222004,0.4979423868312758,0.4864321608040201,0.9043633385749272,0.9471624266144816,0.9252682197681164,0.9471624266144814,0.9471624266144814,0.9471624266144814,0.7783948045944336
8,infgain,standard,noAug,noImbl,LogisticRegression,first,0.5,0.1,42,2026-05-29 19:29:48,20260529-185745,log/stroke_prediction_v2/8/infgain/standard__noAug__noImbl/LogisticRegression,1780052279784_edb427c117800541880917577,0.9510763209393346,0.7264243614931238,0.5189711934156378,0.5244742229666852,0.9306936973998362,0.9510763209393344,0.9308039071927005,0.9510763209393346,0.9510763209393346,0.9510763209393346,0.8163311731305013
8,infgain,standard,noAug,noImbl,LogisticRegression,first,0.5,0.2,42,2026-05-29 19:29:56,20260529-185745,log/stroke_prediction_v2/8/infgain/standard__noAug__noImbl/LogisticRegression,1780052279784_edb427c117800541963483149,0.952054794520548,0.976003917727718,0.51,0.5073148175476915,0.9543557887110408,0.952054794520548,0.9296116854869024,0.952054794520548,0.952054794520548,0.952054794520548,0.840396863907284
8,infgain,standard,noAug,noImbl,LogisticRegression,last,0.5,0.1,42,2026-05-29 19:30:05,20260529-185745,log/stroke_prediction_v2/8/infgain/noAug__noImbl__standard/LogisticRegression,1780052279784_edb427c117800542053773856,0.9510763209393346,0.7264243614931238,0.5189711934156378,0.5244742229666852,0.9306936973998362,0.9510763209393344,0.9308039071927005,0.9510763209393346,0.9510763209393346,0.9510763209393346,0.8163311731305013
8,infgain,standard,noAug,noImbl,LogisticRegression,last,0.5,0.2,42,2026-05-29 19:30:13,20260529-185745,log/stroke_prediction_v2/8/infgain/noAug__noImbl__standard/LogisticRegression,1780052279784_edb427c117800542135876149,0.952054794520548,0.976003917727718,0.51,0.5073148175476915,0.9543557887110408,0.952054794520548,0.9296116854869024,0.952054794520548,0.952054794520548,0.952054794520548,0.840396863907284
8,infgain,standard,noAug,noImbl,XGBmodel,first,0.5,0.1,42,2026-05-29 19:29:47,20260529-185745,log/stroke_prediction_v2/8/infgain/standard__noAug__noImbl/XGBmodel,1780052279784_edb427c117800541876676251,0.9471624266144814,0.475442043222004,0.4979423868312758,0.4864321608040201,0.9043633385749272,0.9471624266144816,0.9252682197681164,0.9471624266144814,0.9471624266144814,0.9471624266144814,0.7783948045944336
8,infgain,standard,noAug,noImbl,XGBmodel,first,0.5,0.2,42,2026-05-29 19:29:55,20260529-185745,log/stroke_prediction_v2/8/infgain/standard__noAug__noImbl/XGBmodel,1780052279784_edb427c117800541959492118,0.9500978473581212,0.4755142017629775,0.499485596707819,0.4872052182639237,0.9045005951342742,0.9500978473581214,0.9267386930577962,0.9500978473581212,0.9500978473581212,0.9500978473581212,0.7800807650020133
8,infgain,standard,noAug,noImbl,XGBmodel,last,0.5,0.1,42,2026-05-29 19:30:04,20260529-185745,log/stroke_prediction_v2/8/infgain/noAug__noImbl__standard/XGBmodel,1780052279784_edb427c117800542049681470,0.9471624266144814,0.475442043222004,0.4979423868312758,0.4864321608040201,0.9043633385749272,0.9471624266144816,0.9252682197681164,0.9471624266144814,0.9471624266144814,0.9471624266144814,0.7783948045944336
8,infgain,standard,noAug,noImbl,XGBmodel,last,0.5,0.2,42,2026-05-29 19:30:13,20260529-185745,log/stroke_prediction_v2/8/infgain/noAug__noImbl__standard/XGBmodel,1780052279784_edb427c117800542131656795,0.9500978473581212,0.4755142017629775,0.499485596707819,0.4872052182639237,0.9045005951342742,0.9500978473581214,0.9267386930577962,0.9500978473581212,0.9500978473581212,0.9500978473581212,0.7800807650020133
8,infgain,standard,noAug,noImbl,random_forest,first,0.5,0.1,42,2026-05-29 19:29:47,20260529-185745,log/stroke_prediction_v2/8/infgain/standard__noAug__noImbl/random_forest,1780052279784_edb427c117800541874889402,0.9471624266144814,0.6438943894389438,0.5358847736625514,0.5508935256013802,0.92406786666925,0.9471624266144812,0.9314767826160464,0.9471624266144814,0.9471624266144814,0.9471624266144814,0.8116052198554807
8,infgain,standard,noAug,noImbl,random_forest,first,0.5,0.2,42,2026-05-29 19:29:55,20260529-185745,log/stroke_prediction_v2/8/infgain/standard__noAug__noImbl/random_forest,1780052279784_edb427c117800541957298823,0.946183953033268,0.5874191071624437,0.5163991769547325,0.5200444008026299,0.916882441717125,0.946183953033268,0.9280409399061073,0.946183953033268,0.946183953033268,0.946183953033268,0.7977564549030478
8,infgain,standard,noAug,noImbl,random_forest,last,0.5,0.1,42,2026-05-29 19:30:04,20260529-185745,log/stroke_prediction_v2/8/infgain/noAug__noImbl__standard/random_forest,1780052279784_edb427c117800542047866065,0.9471624266144814,0.6438943894389438,0.5358847736625514,0.5508935256013802,0.92406786666925,0.9471624266144812,0.9314767826160464,0.9471624266144814,0.9471624266144814,0.9471624266144814,0.8116052198554807
8,infgain,standard,noAug,noImbl,random_forest,last,0.5,0.2,42,2026-05-29 19:30:12,20260529-185745,log/stroke_prediction_v2/8/infgain/noAug__noImbl__standard/random_forest,1780052279784_edb427c117800542129778443,0.946183953033268,0.5874191071624437,0.5163991769547325,0.5200444008026299,0.916882441717125,0.946183953033268,0.9280409399061073,0.946183953033268,0.946183953033268,0.946183953033268,0.7977564549030478
8,infgain,standard,noAug,noImbl,sklearn_SVM,first,0.5,0.1,42,2026-05-29 19:29:47,20260529-185745,log/stroke_prediction_v2/8/infgain/standard__noAug__noImbl/sklearn_SVM,1780052279784_edb427c117800541871173107,0.949119373776908,0.4754901960784314,0.4989711934156378,0.4869477911646586,0.9044549326579948,0.949119373776908,0.926249027420838,0.949119373776908,0.949119373776908,0.949119373776908,0.7795189045137939
8,infgain,standard,noAug,noImbl,sklearn_SVM,first,0.5,0.2,42,2026-05-29 19:29:55,20260529-185745,log/stroke_prediction_v2/8/infgain/standard__noAug__noImbl/sklearn_SVM,1780052279784_edb427c117800541953554337,0.9500978473581212,0.4755142017629775,0.499485596707819,0.4872052182639237,0.9045005951342742,0.9500978473581214,0.9267386930577962,0.9500978473581212,0.9500978473581212,0.9500978473581212,0.7800807650020133
8,infgain,standard,noAug,noImbl,sklearn_SVM,last,0.5,0.1,42,2026-05-29 19:30:04,20260529-185745,log/stroke_prediction_v2/8/infgain/noAug__noImbl__standard/sklearn_SVM,1780052279784_edb427c117800542044119360,0.9510763209393346,0.4755381604696673,0.5,0.4874623871614844,0.9045461682515002,0.9510763209393346,0.9272278675557002,0.9510763209393346,0.9510763209393346,0.9510763209393346,0.7806424994554282
8,infgain,standard,noAug,noImbl,sklearn_SVM,last,0.5,0.2,42,2026-05-29 19:30:12,20260529-185745,log/stroke_prediction_v2/8/infgain/noAug__noImbl__standard/sklearn_SVM,1780052279784_edb427c117800542126115362,0.9510763209393346,0.4755381604696673,0.5,0.4874623871614844,0.9045461682515002,0.9510763209393346,0.9272278675557002,0.9510763209393346,0.9510763209393346,0.9510763209393346,0.7806424994554282
9,biMaxInfgain,minmax,gaussian_noise,noImbl,DTmodel,first,0.5,0.1,42,2026-05-29 19:30:35,20260529-185745,log/stroke_prediction_v2/9/biMaxInfgain/minmax__gaussian_noise__noImbl/DTmodel,1780052279784_edb427c117800542355256687,0.9256360078277888,0.5355441771850441,0.5245679012345679,0.5282312925170067,0.9125511665483677,0.9256360078277888,0.9188572493576688,0.9256360078277888,0.9256360078277888,0.9256360078277884,0.7845840089091145
9,biMaxInfgain,minmax,gaussian_noise,noImbl,DTmodel,first,0.5,0.2,42,2026-05-29 19:30:56,20260529-185745,log/stroke_prediction_v2/9/biMaxInfgain/minmax__gaussian_noise__noImbl/DTmodel,1780052279784_edb427c117800542569322774,0.9246575342465754,0.5338399189463019,0.5240534979423868,0.5274059394048584,0.9123418530921548,0.9246575342465752,0.9182981170399308,0.9246575342465754,0.9246575342465754,0.9246575342465754,0.7837421491634329
9,biMaxInfgain,minmax,gaussian_noise,noImbl,DTmodel,last,0.5,0.1,42,2026-05-29 19:31:19,20260529-185745,log/stroke_prediction_v2/9/biMaxInfgain/gaussian_noise__noImbl__minmax/DTmodel,1780052279784_edb427c117800542796755739,0.923679060665362,0.5070075757575758,0.5045679012345679,0.5045125680614604,0.9080212595623556,0.923679060665362,0.915652468253798,0.923679060665362,0.923679060665362,0.923679060665362,0.7744560533688832
9,biMaxInfgain,minmax,gaussian_noise,noImbl,DTmodel,last,0.5,0.2,42,2026-05-29 19:31:40,20260529-185745,log/stroke_prediction_v2/9/biMaxInfgain/gaussian_noise__noImbl__minmax/DTmodel,1780052279784_edb427c117800543006749748,0.9227005870841488,0.5673945183668827,0.5609670781893004,0.5639437228268207,0.9188882902095,0.9227005870841488,0.9207655446663638,0.9227005870841488,0.9227005870841488,0.9227005870841488,0.7965116136342054
9,biMaxInfgain,minmax,gaussian_noise,noImbl,GradientBoosting,first,0.5,0.1,42,2026-05-29 19:30:37,20260529-185745,log/stroke_prediction_v2/9/biMaxInfgain/minmax__gaussian_noise__noImbl/GradientBoosting,1780052279784_edb427c117800542374375826,0.949119373776908,0.4754901960784314,0.4989711934156378,0.4869477911646586,0.9044549326579948,0.949119373776908,0.926249027420838,0.949119373776908,0.949119373776908,0.949119373776908,0.7795189045137939
9,biMaxInfgain,minmax,gaussian_noise,noImbl,GradientBoosting,first,0.5,0.2,42,2026-05-29 19:30:58,20260529-185745,log/stroke_prediction_v2/9/biMaxInfgain/minmax__gaussian_noise__noImbl/GradientBoosting,1780052279784_edb427c117800542587427917,0.949119373776908,0.4754901960784314,0.4989711934156378,0.4869477911646586,0.9044549326579948,0.949119373776908,0.926249027420838,0.949119373776908,0.949119373776908,0.949119373776908,0.7795189045137939
9,biMaxInfgain,minmax,gaussian_noise,noImbl,GradientBoosting,last,0.5,0.1,42,2026-05-29 19:31:21,20260529-185745,log/stroke_prediction_v2/9/biMaxInfgain/gaussian_noise__noImbl__minmax/GradientBoosting,1780052279784_edb427c117800542814523201,0.949119373776908,0.4754901960784314,0.4989711934156378,0.4869477911646586,0.9044549326579948,0.949119373776908,0.926249027420838,0.949119373776908,0.949119373776908,0.949119373776908,0.7795189045137939
9,biMaxInfgain,minmax,gaussian_noise,noImbl,GradientBoosting,last,0.5,0.2,42,2026-05-29 19:31:42,20260529-185745,log/stroke_prediction_v2/9/biMaxInfgain/gaussian_noise__noImbl__minmax/GradientBoosting,1780052279784_edb427c117800543024802513,0.949119373776908,0.6009332023575638,0.5084567901234568,0.5054531918853528,0.9175285179873816,0.949119373776908,0.9280360634804086,0.949119373776908,0.949119373776908,0.949119373776908,0.7973629888624674
9,biMaxInfgain,minmax,gaussian_noise,noImbl,LogisticRegression,first,0.5,0.1,42,2026-05-29 19:30:35,20260529-185745,log/stroke_prediction_v2/9/biMaxInfgain/minmax__gaussian_noise__noImbl/LogisticRegression,1780052279784_edb427c117800542357116152,0.9510763209393346,0.4755381604696673,0.5,0.4874623871614844,0.9045461682515002,0.9510763209393346,0.9272278675557002,0.9510763209393346,0.9510763209393346,0.9510763209393346,0.7806424994554282
9,biMaxInfgain,minmax,gaussian_noise,noImbl,LogisticRegression,first,0.5,0.2,42,2026-05-29 19:30:57,20260529-185745,log/stroke_prediction_v2/9/biMaxInfgain/minmax__gaussian_noise__noImbl/LogisticRegression,1780052279784_edb427c117800542571261705,0.9510763209393346,0.4755381604696673,0.5,0.4874623871614844,0.9045461682515002,0.9510763209393346,0.9272278675557002,0.9510763209393346,0.9510763209393346,0.9510763209393346,0.7806424994554282
9,biMaxInfgain,minmax,gaussian_noise,noImbl,LogisticRegression,last,0.5,0.1,42,2026-05-29 19:31:19,20260529-185745,log/stroke_prediction_v2/9/biMaxInfgain/gaussian_noise__noImbl__minmax/LogisticRegression,1780052279784_edb427c117800542798558390,0.9510763209393346,0.4755381604696673,0.5,0.4874623871614844,0.9045461682515002,0.9510763209393346,0.9272278675557002,0.9510763209393346,0.9510763209393346,0.9510763209393346,0.7806424994554282
9,biMaxInfgain,minmax,gaussian_noise,noImbl,LogisticRegression,last,0.5,0.2,42,2026-05-29 19:31:40,20260529-185745,log/stroke_prediction_v2/9/biMaxInfgain/gaussian_noise__noImbl__minmax/LogisticRegression,1780052279784_edb427c117800543008541425,0.9510763209393346,0.4755381604696673,0.5,0.4874623871614844,0.9045461682515002,0.9510763209393346,0.9272278675557002,0.9510763209393346,0.9510763209393346,0.9510763209393346,0.7806424994554282
9,biMaxInfgain,minmax,gaussian_noise,noImbl,XGBmodel,first,0.5,0.1,42,2026-05-29 19:30:35,20260529-185745,log/stroke_prediction_v2/9/biMaxInfgain/minmax__gaussian_noise__noImbl/XGBmodel,1780052279784_edb427c117800542353477098,0.949119373776908,0.4754901960784314,0.4989711934156378,0.4869477911646586,0.9044549326579948,0.949119373776908,0.926249027420838,0.949119373776908,0.949119373776908,0.949119373776908,0.7795189045137939
9,biMaxInfgain,minmax,gaussian_noise,noImbl,XGBmodel,first,0.5,0.2,42,2026-05-29 19:30:56,20260529-185745,log/stroke_prediction_v2/9/biMaxInfgain/minmax__gaussian_noise__noImbl/XGBmodel,1780052279784_edb427c117800542567405041,0.9500978473581212,0.6426234870788354,0.5089711934156378,0.5060602901737061,0.9216504163874,0.9500978473581212,0.9285604219838514,0.9500978473581212,0.9500978473581212,0.9500978473581212,0.8025567554550692
9,biMaxInfgain,minmax,gaussian_noise,noImbl,XGBmodel,last,0.5,0.1,42,2026-05-29 19:31:19,20260529-185745,log/stroke_prediction_v2/9/biMaxInfgain/gaussian_noise__noImbl__minmax/XGBmodel,1780052279784_edb427c117800542794937960,0.949119373776908,0.4754901960784314,0.4989711934156378,0.4869477911646586,0.9044549326579948,0.949119373776908,0.926249027420838,0.949119373776908,0.949119373776908,0.949119373776908,0.7795189045137939
9,biMaxInfgain,minmax,gaussian_noise,noImbl,XGBmodel,last,0.5,0.2,42,2026-05-29 19:31:40,20260529-185745,log/stroke_prediction_v2/9/biMaxInfgain/gaussian_noise__noImbl__minmax/XGBmodel,1780052279784_edb427c117800543004860198,0.9510763209393346,0.7264243614931238,0.5189711934156378,0.5244742229666852,0.9306936973998362,0.9510763209393344,0.9308039071927005,0.9510763209393346,0.9510763209393346,0.9510763209393346,0.8163311731305013
9,biMaxInfgain,minmax,gaussian_noise,noImbl,random_forest,first,0.5,0.1,42,2026-05-29 19:30:35,20260529-185745,log/stroke_prediction_v2/9/biMaxInfgain/minmax__gaussian_noise__noImbl/random_forest,1780052279784_edb427c117800542351868247,0.9530332681017613,0.8106955380577427,0.5389711934156378,0.5593561368209254,0.9406315648900052,0.9530332681017613,0.93510180456516,0.9530332681017613,0.9530332681017613,0.9530332681017613,0.8344118280849556
9,biMaxInfgain,minmax,gaussian_noise,noImbl,random_forest,first,0.5,0.2,42,2026-05-29 19:30:56,20260529-185745,log/stroke_prediction_v2/9/biMaxInfgain/minmax__gaussian_noise__noImbl/random_forest,1780052279784_edb427c117800542565612939,0.952054794520548,0.7509666396906753,0.5574279835390947,0.5860056380876797,0.936369918443818,0.952054794520548,0.9371995217828976,0.952054794520548,0.952054794520548,0.952054794520548,0.8337791459561644
9,biMaxInfgain,minmax,gaussian_noise,noImbl,random_forest,last,0.5,0.1,42,2026-05-29 19:31:19,20260529-185745,log/stroke_prediction_v2/9/biMaxInfgain/gaussian_noise__noImbl__minmax/random_forest,1780052279784_edb427c117800542792255379,0.9530332681017613,0.8106955380577427,0.5389711934156378,0.5593561368209254,0.9406315648900052,0.9530332681017613,0.93510180456516,0.9530332681017613,0.9530332681017613,0.9530332681017613,0.8344118280849556
9,biMaxInfgain,minmax,gaussian_noise,noImbl,random_forest,last,0.5,0.2,42,2026-05-29 19:31:40,20260529-185745,log/stroke_prediction_v2/9/biMaxInfgain/gaussian_noise__noImbl__minmax/random_forest,1780052279784_edb427c117800543003162276,0.9500978473581212,0.6911330049261084,0.5279423868312758,0.5397981617354912,0.9280036246903108,0.9500978473581214,0.9318150634391856,0.9500978473581212,0.9500978473581212,0.9500978473581212,0.8154890243642193
9,biMaxInfgain,minmax,gaussian_noise,noImbl,sklearn_SVM,first,0.5,0.1,42,2026-05-29 19:30:34,20260529-185745,log/stroke_prediction_v2/9/biMaxInfgain/minmax__gaussian_noise__noImbl/sklearn_SVM,1780052279784_edb427c117800542341310601,0.949119373776908,0.4754901960784314,0.4989711934156378,0.4869477911646586,0.9044549326579948,0.949119373776908,0.926249027420838,0.949119373776908,0.949119373776908,0.949119373776908,0.7795189045137939
9,biMaxInfgain,minmax,gaussian_noise,noImbl,sklearn_SVM,first,0.5,0.2,42,2026-05-29 19:30:55,20260529-185745,log/stroke_prediction_v2/9/biMaxInfgain/minmax__gaussian_noise__noImbl/sklearn_SVM,1780052279784_edb427c117800542554236685,0.949119373776908,0.4754901960784314,0.4989711934156378,0.4869477911646586,0.9044549326579948,0.949119373776908,0.926249027420838,0.949119373776908,0.949119373776908,0.949119373776908,0.7795189045137939
9,biMaxInfgain,minmax,gaussian_noise,noImbl,sklearn_SVM,last,0.5,0.1,42,2026-05-29 19:31:18,20260529-185745,log/stroke_prediction_v2/9/biMaxInfgain/gaussian_noise__noImbl__minmax/sklearn_SVM,1780052279784_edb427c117800542781869120,0.9471624266144814,0.475442043222004,0.4979423868312758,0.4864321608040201,0.9043633385749272,0.9471624266144816,0.9252682197681164,0.9471624266144814,0.9471624266144814,0.9471624266144814,0.7783948045944336
9,biMaxInfgain,minmax,gaussian_noise,noImbl,sklearn_SVM,last,0.5,0.2,42,2026-05-29 19:31:39,20260529-185745,log/stroke_prediction_v2/9/biMaxInfgain/gaussian_noise__noImbl__minmax/sklearn_SVM,1780052279784_edb427c117800542992504135,0.9471624266144814,0.475442043222004,0.4979423868312758,0.4864321608040201,0.9043633385749272,0.9471624266144816,0.9252682197681164,0.9471624266144814,0.9471624266144814,0.9471624266144814,0.7783948045944336
9,biMaxInfgain,minmax,mixup,noImbl,DTmodel,first,0.5,0.1,42,2026-05-29 19:31:53,20260529-185745,log/stroke_prediction_v2/9/biMaxInfgain/minmax__mixup__noImbl/DTmodel,1780052279784_edb427c117800543136228167,0.923679060665362,0.6239235386221293,0.6563374485596708,0.6376874829560948,0.9330673767919956,0.923679060665362,0.9280886224362096,0.923679060665362,0.923679060665362,0.923679060665362,0.8256708764723698
9,biMaxInfgain,minmax,mixup,noImbl,DTmodel,first,0.5,0.2,42,2026-05-29 19:32:05,20260529-185745,log/stroke_prediction_v2/9/biMaxInfgain/minmax__mixup__noImbl/DTmodel,1780052279784_edb427c117800543252157710,0.920743639921722,0.5472955317481055,0.5409670781893003,0.5437575436914073,0.91515787761998,0.920743639921722,0.9179030557735928,0.920743639921722,0.920743639921722,0.920743639921722,0.7878885946441772
9,biMaxInfgain,minmax,mixup,noImbl,DTmodel,last,0.5,0.1,42,2026-05-29 19:32:17,20260529-185745,log/stroke_prediction_v2/9/biMaxInfgain/mixup__noImbl__minmax/DTmodel,1780052279784_edb427c117800543375594454,0.9158512720156556,0.5005600814663951,0.5004526748971194,0.5002160809735017,0.907034049286372,0.9158512720156556,0.9113916669615552,0.9158512720156556,0.9158512720156556,0.9158512720156556,0.7688863515615092
9,biMaxInfgain,minmax,mixup,noImbl,DTmodel,last,0.5,0.2,42,2026-05-29 19:32:29,20260529-185745,log/stroke_prediction_v2/9/biMaxInfgain/mixup__noImbl__minmax/DTmodel,1780052279784_edb427c117800543492987529,0.9197651663405088,0.5540582679971489,0.5499382716049384,0.5518694387405887,0.9166193005483076,0.9197651663405088,0.9181759839318698,0.9197651663405088,0.9197651663405088,0.9197651663405088,0.7904744639521116
9,biMaxInfgain,minmax,mixup,noImbl,GradientBoosting,first,0.5,0.1,42,2026-05-29 19:31:54,20260529-185745,log/stroke_prediction_v2/9/biMaxInfgain/minmax__mixup__noImbl/GradientBoosting,1780052279784_edb427c117800543147554479,0.9452054794520548,0.4753937007874016,0.4969135802469136,0.4859154929577465,0.9042713838852336,0.9452054794520548,0.9242854386593534,0.9452054794520548,0.9452054794520548,0.9452054794520548,0.7772701980153415
9,biMaxInfgain,minmax,mixup,noImbl,GradientBoosting,first,0.5,0.2,42,2026-05-29 19:32:06,20260529-185745,log/stroke_prediction_v2/9/biMaxInfgain/minmax__mixup__noImbl/GradientBoosting,1780052279784_edb427c117800543263241666,0.949119373776908,0.6009332023575638,0.5084567901234568,0.5054531918853528,0.9175285179873816,0.949119373776908,0.9280360634804086,0.949119373776908,0.949119373776908,0.949119373776908,0.7973629888624674
9,biMaxInfgain,minmax,mixup,noImbl,GradientBoosting,last,0.5,0.1,42,2026-05-29 19:32:18,20260529-185745,log/stroke_prediction_v2/9/biMaxInfgain/mixup__noImbl__minmax/GradientBoosting,1780052279784_edb427c117800543386803439,0.9530332681017613,0.8106955380577427,0.5389711934156378,0.5593561368209254,0.9406315648900052,0.9530332681017613,0.93510180456516,0.9530332681017613,0.9530332681017613,0.9530332681017613,0.8344118280849556
9,biMaxInfgain,minmax,mixup,noImbl,GradientBoosting,last,0.5,0.2,42,2026-05-29 19:32:30,20260529-185745,log/stroke_prediction_v2/9/biMaxInfgain/mixup__noImbl__minmax/GradientBoosting,1780052279784_edb427c117800543503844745,0.9481409001956947,0.5759095378564405,0.5079423868312758,0.5048585401526577,0.915037320541018,0.9481409001956947,0.9275124553126164,0.9481409001956947,0.9481409001956947,0.9481409001956947,0.7940009339209423
9,biMaxInfgain,minmax,mixup,noImbl,LogisticRegression,first,0.5,0.1,42,2026-05-29 19:31:53,20260529-185745,log/stroke_prediction_v2/9/biMaxInfgain/minmax__mixup__noImbl/LogisticRegression,1780052279784_edb427c117800543138056243,0.9510763209393346,0.4755381604696673,0.5,0.4874623871614844,0.9045461682515002,0.9510763209393346,0.9272278675557002,0.9510763209393346,0.9510763209393346,0.9510763209393346,0.7806424994554282
9,biMaxInfgain,minmax,mixup,noImbl,LogisticRegression,first,0.5,0.2,42,2026-05-29 19:32:05,20260529-185745,log/stroke_prediction_v2/9/biMaxInfgain/minmax__mixup__noImbl/LogisticRegression,1780052279784_edb427c117800543254083776,0.9530332681017613,0.976470588235294,0.52,0.5264133456904542,0.9552434672499136,0.9530332681017613,0.9319221791576966,0.9530332681017613,0.9530332681017613,0.9530332681017613,0.8451350415164477
9,biMaxInfgain,minmax,mixup,noImbl,LogisticRegression,last,0.5,0.1,42,2026-05-29 19:32:17,20260529-185745,log/stroke_prediction_v2/9/biMaxInfgain/mixup__noImbl__minmax/LogisticRegression,1780052279784_edb427c117800543377430874,0.9510763209393346,0.4755381604696673,0.5,0.4874623871614844,0.9045461682515002,0.9510763209393346,0.9272278675557002,0.9510763209393346,0.9510763209393346,0.9510763209393346,0.7806424994554282
9,biMaxInfgain,minmax,mixup,noImbl,LogisticRegression,last,0.5,0.2,42,2026-05-29 19:32:29,20260529-185745,log/stroke_prediction_v2/9/biMaxInfgain/mixup__noImbl__minmax/LogisticRegression,1780052279784_edb427c117800543494808095,0.952054794520548,0.976003917727718,0.51,0.5073148175476915,0.9543557887110408,0.952054794520548,0.9296116854869024,0.952054794520548,0.952054794520548,0.952054794520548,0.840396863907284
9,biMaxInfgain,minmax,mixup,noImbl,XGBmodel,first,0.5,0.1,42,2026-05-29 19:31:53,20260529-185745,log/stroke_prediction_v2/9/biMaxInfgain/minmax__mixup__noImbl/XGBmodel,1780052279784_edb427c117800543134477946,0.9471624266144814,0.6013313609467457,0.5169135802469136,0.5208875924575477,0.9182858763996804,0.9471624266144816,0.9285902865371046,0.9471624266144814,0.9471624266144814,0.9471624266144814,0.7999397342543241
9,biMaxInfgain,minmax,mixup,noImbl,XGBmodel,first,0.5,0.2,42,2026-05-29 19:32:05,20260529-185745,log/stroke_prediction_v2/9/biMaxInfgain/minmax__mixup__noImbl/XGBmodel,1780052279784_edb427c117800543250279342,0.9510763209393346,0.7259803921568627,0.509485596707819,0.5066805684275564,0.929849199953954,0.9510763209393348,0.9290856032892674,0.9510763209393346,0.9510763209393346,0.9510763209393346,0.8123269730151209
9,biMaxInfgain,minmax,mixup,noImbl,XGBmodel,last,0.5,0.1,42,2026-05-29 19:32:17,20260529-185745,log/stroke_prediction_v2/9/biMaxInfgain/mixup__noImbl__minmax/XGBmodel,1780052279784_edb427c117800543373803642,0.9510763209393346,0.7264243614931238,0.5189711934156378,0.5244742229666852,0.9306936973998362,0.9510763209393344,0.9308039071927005,0.9510763209393346,0.9510763209393346,0.9510763209393346,0.8163311731305013
9,biMaxInfgain,minmax,mixup,noImbl,XGBmodel,last,0.5,0.2,42,2026-05-29 19:32:29,20260529-185745,log/stroke_prediction_v2/9/biMaxInfgain/mixup__noImbl__minmax/XGBmodel,1780052279784_edb427c117800543491172072,0.952054794520548,0.7768928220255653,0.5289711934156378,0.5422277069335892,0.9364771487453024,0.952054794520548,0.9329832134022304,0.952054794520548,0.952054794520548,0.952054794520548,0.8263376722772425
9,biMaxInfgain,minmax,mixup,noImbl,random_forest,first,0.5,0.1,42,2026-05-29 19:31:53,20260529-185745,log/stroke_prediction_v2/9/biMaxInfgain/minmax__mixup__noImbl/random_forest,1780052279784_edb427c117800543132696879,0.949119373776908,0.6772727272727272,0.5369135802469136,0.5535618279569893,0.927415050702722,0.949119373776908,0.9326720745744168,0.949119373776908,0.949119373776908,0.949119373776908,0.8167429707127102
9,biMaxInfgain,minmax,mixup,noImbl,random_forest,first,0.5,0.2,42,2026-05-29 19:32:04,20260529-185745,log/stroke_prediction_v2/9/biMaxInfgain/minmax__mixup__noImbl/random_forest,1780052279784_edb427c117800543248457084,0.9481409001956947,0.5759095378564405,0.5079423868312758,0.5048585401526577,0.915037320541018,0.9481409001956947,0.9275124553126164,0.9481409001956947,0.9481409001956947,0.9481409001956947,0.7940009339209423
9,biMaxInfgain,minmax,mixup,noImbl,random_forest,last,0.5,0.1,42,2026-05-29 19:32:17,20260529-185745,log/stroke_prediction_v2/9/biMaxInfgain/mixup__noImbl__minmax/random_forest,1780052279784_edb427c117800543371930517,0.9530332681017613,0.8106955380577427,0.5389711934156378,0.5593561368209254,0.9406315648900052,0.9530332681017613,0.93510180456516,0.9530332681017613,0.9530332681017613,0.9530332681017613,0.8344118280849556
9,biMaxInfgain,minmax,mixup,noImbl,random_forest,last,0.5,0.2,42,2026-05-29 19:32:28,20260529-185745,log/stroke_prediction_v2/9/biMaxInfgain/mixup__noImbl__minmax/random_forest,1780052279784_edb427c117800543489369902,0.9481409001956947,0.5759095378564405,0.5079423868312758,0.5048585401526577,0.915037320541018,0.9481409001956947,0.9275124553126164,0.9481409001956947,0.9481409001956947,0.9481409001956947,0.7940009339209423
9,biMaxInfgain,minmax,mixup,noImbl,sklearn_SVM,first,0.5,0.1,42,2026-05-29 19:31:52,20260529-185745,log/stroke_prediction_v2/9/biMaxInfgain/minmax__mixup__noImbl/sklearn_SVM,1780052279784_edb427c117800543127151248,0.949119373776908,0.4754901960784314,0.4989711934156378,0.4869477911646586,0.9044549326579948,0.949119373776908,0.926249027420838,0.949119373776908,0.949119373776908,0.949119373776908,0.7795189045137939
9,biMaxInfgain,minmax,mixup,noImbl,sklearn_SVM,first,0.5,0.2,42,2026-05-29 19:32:04,20260529-185745,log/stroke_prediction_v2/9/biMaxInfgain/minmax__mixup__noImbl/sklearn_SVM,1780052279784_edb427c117800543242783573,0.9471624266144814,0.6013313609467457,0.5169135802469136,0.5208875924575477,0.9182858763996804,0.9471624266144816,0.9285902865371046,0.9471624266144814,0.9471624266144814,0.9471624266144814,0.7999397342543241
9,biMaxInfgain,minmax,mixup,noImbl,sklearn_SVM,last,0.5,0.1,42,2026-05-29 19:32:16,20260529-185745,log/stroke_prediction_v2/9/biMaxInfgain/mixup__noImbl__minmax/sklearn_SVM,1780052279784_edb427c117800543366234202,0.9471624266144814,0.475442043222004,0.4979423868312758,0.4864321608040201,0.9043633385749272,0.9471624266144816,0.9252682197681164,0.9471624266144814,0.9471624266144814,0.9471624266144814,0.7783948045944336
9,biMaxInfgain,minmax,mixup,noImbl,sklearn_SVM,last,0.5,0.2,42,2026-05-29 19:32:28,20260529-185745,log/stroke_prediction_v2/9/biMaxInfgain/mixup__noImbl__minmax/sklearn_SVM,1780052279784_edb427c117800543483864826,0.949119373776908,0.6430446194225722,0.5179423868312758,0.5226358148893361,0.9224514743876192,0.949119373776908,0.9296936216122568,0.949119373776908,0.949119373776908,0.949119373776908,0.8058410130501487
9,biMaxInfgain,minmax,noAug,noImbl,DTmodel,first,0.5,0.1,42,2026-05-29 19:32:38,20260529-185745,log/stroke_prediction_v2/9/biMaxInfgain/minmax__noAug__noImbl/DTmodel,1780052279784_edb427c117800543581761277,0.9060665362035224,0.5657563025210084,0.590164609053498,0.575051975051975,0.921500106892072,0.9060665362035226,0.913406105186927,0.9060665362035224,0.9060665362035224,0.9060665362035226,0.7934374283639021
9,biMaxInfgain,minmax,noAug,noImbl,DTmodel,first,0.5,0.2,42,2026-05-29 19:32:46,20260529-185745,log/stroke_prediction_v2/9/biMaxInfgain/minmax__noAug__noImbl/DTmodel,1780052279784_edb427c117800543663379294,0.9080234833659492,0.5572481732776617,0.5722222222222222,0.5633669666393964,0.9190097346886248,0.9080234833659492,0.9133375706282528,0.9080234833659492,0.9080234833659492,0.9080234833659492,0.7895630869553777
9,biMaxInfgain,minmax,noAug,noImbl,DTmodel,last,0.5,0.1,42,2026-05-29 19:32:54,20260529-185745,log/stroke_prediction_v2/9/biMaxInfgain/noAug__noImbl__minmax/DTmodel,1780052279784_edb427c117800543747880637,0.9060665362035224,0.5657563025210084,0.590164609053498,0.575051975051975,0.921500106892072,0.9060665362035226,0.913406105186927,0.9060665362035224,0.9060665362035224,0.9060665362035226,0.7934374283639021
9,biMaxInfgain,minmax,noAug,noImbl,DTmodel,last,0.5,0.2,42,2026-05-29 19:33:02,20260529-185745,log/stroke_prediction_v2/9/biMaxInfgain/noAug__noImbl__minmax/DTmodel,1780052279784_edb427c117800543829411034,0.9080234833659492,0.5572481732776617,0.5722222222222222,0.5633669666393964,0.9190097346886248,0.9080234833659492,0.9133375706282528,0.9080234833659492,0.9080234833659492,0.9080234833659492,0.7895630869553777
9,biMaxInfgain,minmax,noAug,noImbl,GradientBoosting,first,0.5,0.1,42,2026-05-29 19:32:38,20260529-185745,log/stroke_prediction_v2/9/biMaxInfgain/minmax__noAug__noImbl/GradientBoosting,1780052279784_edb427c117800543589261412,0.9471624266144814,0.6013313609467457,0.5169135802469136,0.5208875924575477,0.9182858763996804,0.9471624266144816,0.9285902865371046,0.9471624266144814,0.9471624266144814,0.9471624266144814,0.7999397342543241
9,biMaxInfgain,minmax,noAug,noImbl,GradientBoosting,first,0.5,0.2,42,2026-05-29 19:32:47,20260529-185745,log/stroke_prediction_v2/9/biMaxInfgain/minmax__noAug__noImbl/GradientBoosting,1780052279784_edb427c117800543670628046,0.9471624266144814,0.5592191601049868,0.5074279835390947,0.5042756539235412,0.9133614291364266,0.9471624266144814,0.9269895301358052,0.9471624266144814,0.9471624266144814,0.9471624266144814,0.7915556055327451
9,biMaxInfgain,minmax,noAug,noImbl,GradientBoosting,last,0.5,0.1,42,2026-05-29 19:32:55,20260529-185745,log/stroke_prediction_v2/9/biMaxInfgain/noAug__noImbl__minmax/GradientBoosting,1780052279784_edb427c117800543755619968,0.9471624266144814,0.6013313609467457,0.5169135802469136,0.5208875924575477,0.9182858763996804,0.9471624266144816,0.9285902865371046,0.9471624266144814,0.9471624266144814,0.9471624266144814,0.7999397342543241
9,biMaxInfgain,minmax,noAug,noImbl,GradientBoosting,last,0.5,0.2,42,2026-05-29 19:33:03,20260529-185745,log/stroke_prediction_v2/9/biMaxInfgain/noAug__noImbl__minmax/GradientBoosting,1780052279784_edb427c117800543836664224,0.9471624266144814,0.5592191601049868,0.5074279835390947,0.5042756539235412,0.9133614291364266,0.9471624266144814,0.9269895301358052,0.9471624266144814,0.9471624266144814,0.9471624266144814,0.7915556055327451
9,biMaxInfgain,minmax,noAug,noImbl,LogisticRegression,first,0.5,0.1,42,2026-05-29 19:32:38,20260529-185745,log/stroke_prediction_v2/9/biMaxInfgain/minmax__noAug__noImbl/LogisticRegression,1780052279784_edb427c117800543583600002,0.9510763209393346,0.4755381604696673,0.5,0.4874623871614844,0.9045461682515002,0.9510763209393346,0.9272278675557002,0.9510763209393346,0.9510763209393346,0.9510763209393346,0.7806424994554282
9,biMaxInfgain,minmax,noAug,noImbl,LogisticRegression,first,0.5,0.2,42,2026-05-29 19:32:46,20260529-185745,log/stroke_prediction_v2/9/biMaxInfgain/minmax__noAug__noImbl/LogisticRegression,1780052279784_edb427c117800543665247797,0.9510763209393346,0.4755381604696673,0.5,0.4874623871614844,0.9045461682515002,0.9510763209393346,0.9272278675557002,0.9510763209393346,0.9510763209393346,0.9510763209393346,0.7806424994554282
9,biMaxInfgain,minmax,noAug,noImbl,LogisticRegression,last,0.5,0.1,42,2026-05-29 19:32:54,20260529-185745,log/stroke_prediction_v2/9/biMaxInfgain/noAug__noImbl__minmax/LogisticRegression,1780052279784_edb427c117800543749812148,0.9510763209393346,0.4755381604696673,0.5,0.4874623871614844,0.9045461682515002,0.9510763209393346,0.9272278675557002,0.9510763209393346,0.9510763209393346,0.9510763209393346,0.7806424994554282
9,biMaxInfgain,minmax,noAug,noImbl,LogisticRegression,last,0.5,0.2,42,2026-05-29 19:33:03,20260529-185745,log/stroke_prediction_v2/9/biMaxInfgain/noAug__noImbl__minmax/LogisticRegression,1780052279784_edb427c117800543831282061,0.9510763209393346,0.4755381604696673,0.5,0.4874623871614844,0.9045461682515002,0.9510763209393346,0.9272278675557002,0.9510763209393346,0.9510763209393346,0.9510763209393346,0.7806424994554282
9,biMaxInfgain,minmax,noAug,noImbl,XGBmodel,first,0.5,0.1,42,2026-05-29 19:32:38,20260529-185745,log/stroke_prediction_v2/9/biMaxInfgain/minmax__noAug__noImbl/XGBmodel,1780052279784_edb427c117800543580009714,0.9471624266144814,0.6013313609467457,0.5169135802469136,0.5208875924575477,0.9182858763996804,0.9471624266144816,0.9285902865371046,0.9471624266144814,0.9471624266144814,0.9471624266144814,0.7999397342543241
9,biMaxInfgain,minmax,noAug,noImbl,XGBmodel,first,0.5,0.2,42,2026-05-29 19:32:46,20260529-185745,log/stroke_prediction_v2/9/biMaxInfgain/minmax__noAug__noImbl/XGBmodel,1780052279784_edb427c117800543660486212,0.9481409001956947,0.4754661432777232,0.4984567901234568,0.4866901054746358,0.9044091805595832,0.9481409001956947,0.9257588699047868,0.9481409001956947,0.9481409001956947,0.9481409001956947,0.7789569177812675
9,biMaxInfgain,minmax,noAug,noImbl,XGBmodel,last,0.5,0.1,42,2026-05-29 19:32:54,20260529-185745,log/stroke_prediction_v2/9/biMaxInfgain/noAug__noImbl__minmax/XGBmodel,1780052279784_edb427c117800543746001406,0.9471624266144814,0.6013313609467457,0.5169135802469136,0.5208875924575477,0.9182858763996804,0.9471624266144816,0.9285902865371046,0.9471624266144814,0.9471624266144814,0.9471624266144814,0.7999397342543241
9,biMaxInfgain,minmax,noAug,noImbl,XGBmodel,last,0.5,0.2,42,2026-05-29 19:33:02,20260529-185745,log/stroke_prediction_v2/9/biMaxInfgain/noAug__noImbl__minmax/XGBmodel,1780052279784_edb427c117800543827656762,0.9481409001956947,0.4754661432777232,0.4984567901234568,0.4866901054746358,0.9044091805595832,0.9481409001956947,0.9257588699047868,0.9481409001956947,0.9481409001956947,0.9481409001956947,0.7789569177812675
9,biMaxInfgain,minmax,noAug,noImbl,random_forest,first,0.5,0.1,42,2026-05-29 19:32:37,20260529-185745,log/stroke_prediction_v2/9/biMaxInfgain/minmax__noAug__noImbl/random_forest,1780052279784_edb427c117800543578082477,0.949119373776908,0.6772727272727272,0.5369135802469136,0.5535618279569893,0.927415050702722,0.949119373776908,0.9326720745744168,0.949119373776908,0.949119373776908,0.949119373776908,0.8167429707127102
9,biMaxInfgain,minmax,noAug,noImbl,random_forest,first,0.5,0.2,42,2026-05-29 19:32:45,20260529-185745,log/stroke_prediction_v2/9/biMaxInfgain/minmax__noAug__noImbl/random_forest,1780052279784_edb427c117800543658550185,0.9481409001956947,0.6192118226600984,0.5174279835390947,0.5217510308231575,0.9200775066757926,0.9481409001956947,0.9291411443583694,0.9481409001956947,0.9481409001956947,0.9481409001956947,0.8025619176430053
9,biMaxInfgain,minmax,noAug,noImbl,random_forest,last,0.5,0.1,42,2026-05-29 19:32:54,20260529-185745,log/stroke_prediction_v2/9/biMaxInfgain/noAug__noImbl__minmax/random_forest,1780052279784_edb427c117800543743911481,0.949119373776908,0.6772727272727272,0.5369135802469136,0.5535618279569893,0.927415050702722,0.949119373776908,0.9326720745744168,0.949119373776908,0.949119373776908,0.949119373776908,0.8167429707127102
9,biMaxInfgain,minmax,noAug,noImbl,random_forest,last,0.5,0.2,42,2026-05-29 19:33:02,20260529-185745,log/stroke_prediction_v2/9/biMaxInfgain/noAug__noImbl__minmax/random_forest,1780052279784_edb427c117800543825675077,0.9481409001956947,0.6192118226600984,0.5174279835390947,0.5217510308231575,0.9200775066757926,0.9481409001956947,0.9291411443583694,0.9481409001956947,0.9481409001956947,0.9481409001956947,0.8025619176430053
9,biMaxInfgain,minmax,noAug,noImbl,sklearn_SVM,first,0.5,0.1,42,2026-05-29 19:32:37,20260529-185745,log/stroke_prediction_v2/9/biMaxInfgain/minmax__noAug__noImbl/sklearn_SVM,1780052279784_edb427c117800543574168137,0.9510763209393346,0.4755381604696673,0.5,0.4874623871614844,0.9045461682515002,0.9510763209393346,0.9272278675557002,0.9510763209393346,0.9510763209393346,0.9510763209393346,0.7806424994554282
9,biMaxInfgain,minmax,noAug,noImbl,sklearn_SVM,first,0.5,0.2,42,2026-05-29 19:32:45,20260529-185745,log/stroke_prediction_v2/9/biMaxInfgain/minmax__noAug__noImbl/sklearn_SVM,1780052279784_edb427c117800543654881337,0.9481409001956947,0.4754661432777232,0.4984567901234568,0.4866901054746358,0.9044091805595832,0.9481409001956947,0.9257588699047868,0.9481409001956947,0.9481409001956947,0.9481409001956947,0.7789569177812675
9,biMaxInfgain,minmax,noAug,noImbl,sklearn_SVM,last,0.5,0.1,42,2026-05-29 19:32:54,20260529-185745,log/stroke_prediction_v2/9/biMaxInfgain/noAug__noImbl__minmax/sklearn_SVM,1780052279784_edb427c117800543740132558,0.949119373776908,0.4754901960784314,0.4989711934156378,0.4869477911646586,0.9044549326579948,0.949119373776908,0.926249027420838,0.949119373776908,0.949119373776908,0.949119373776908,0.7795189045137939
9,biMaxInfgain,minmax,noAug,noImbl,sklearn_SVM,last,0.5,0.2,42,2026-05-29 19:33:02,20260529-185745,log/stroke_prediction_v2/9/biMaxInfgain/noAug__noImbl__minmax/sklearn_SVM,1780052279784_edb427c117800543821932755,0.9510763209393346,0.4755381604696673,0.5,0.4874623871614844,0.9045461682515002,0.9510763209393346,0.9272278675557002,0.9510763209393346,0.9510763209393346,0.9510763209393346,0.7806424994554282
9,biMaxInfgain,standard,gaussian_noise,noImbl,DTmodel,first,0.5,0.1,42,2026-05-29 19:33:28,20260529-185745,log/stroke_prediction_v2/9/biMaxInfgain/standard__gaussian_noise__noImbl/DTmodel,1780052279784_edb427c117800544084578630,0.9315068493150684,0.6169362335006507,0.6035390946502057,0.6097108565193671,0.9274652568206648,0.9315068493150684,0.9294262717754412,0.9315068493150684,0.9315068493150684,0.9315068493150684,0.8182673674674007
9,biMaxInfgain,standard,gaussian_noise,noImbl,DTmodel,first,0.5,0.2,42,2026-05-29 19:33:52,20260529-185745,log/stroke_prediction_v2/9/biMaxInfgain/standard__gaussian_noise__noImbl/DTmodel,1780052279784_edb427c117800544327621178,0.9246575342465754,0.5634494418338678,0.5525102880658437,0.5572098152743313,0.9177407835408,0.9246575342465754,0.9211054080696148,0.9246575342465754,0.9246575342465754,0.9246575342465754,0.794980348544273
9,biMaxInfgain,standard,gaussian_noise,noImbl,DTmodel,last,0.5,0.1,42,2026-05-29 19:34:19,20260529-185745,log/stroke_prediction_v2/9/biMaxInfgain/gaussian_noise__noImbl__standard/DTmodel,1780052279784_edb427c117800544595995920,0.9197651663405088,0.5456869306562557,0.5404526748971195,0.5428041462084016,0.9149590219848224,0.9197651663405088,0.9173279183655167,0.9197651663405088,0.9197651663405088,0.9197651663405088,0.787035738976111
9,biMaxInfgain,standard,gaussian_noise,noImbl,DTmodel,last,0.5,0.2,42,2026-05-29 19:34:43,20260529-185745,log/stroke_prediction_v2/9/biMaxInfgain/gaussian_noise__noImbl__standard/DTmodel,1780052279784_edb427c117800544835314754,0.9217221135029354,0.5856661379857255,0.5889094650205762,0.5872458149068072,0.9231864096925528,0.9217221135029356,0.9224492358911878,0.9217221135029354,0.9217221135029354,0.9217221135029354,0.8049193042907586
9,biMaxInfgain,standard,gaussian_noise,noImbl,GradientBoosting,first,0.5,0.1,42,2026-05-29 19:33:30,20260529-185745,log/stroke_prediction_v2/9/biMaxInfgain/standard__gaussian_noise__noImbl/GradientBoosting,1780052279784_edb427c117800544105886273,0.9452054794520548,0.4753937007874016,0.4969135802469136,0.4859154929577465,0.9042713838852336,0.9452054794520548,0.9242854386593534,0.9452054794520548,0.9452054794520548,0.9452054794520548,0.7772701980153415
9,biMaxInfgain,standard,gaussian_noise,noImbl,GradientBoosting,first,0.5,0.2,42,2026-05-29 19:33:54,20260529-185745,log/stroke_prediction_v2/9/biMaxInfgain/standard__gaussian_noise__noImbl/GradientBoosting,1780052279784_edb427c117800544348117740,0.949119373776908,0.4754901960784314,0.4989711934156378,0.4869477911646586,0.9044549326579948,0.949119373776908,0.926249027420838,0.949119373776908,0.949119373776908,0.949119373776908,0.7795189045137939
9,biMaxInfgain,standard,gaussian_noise,noImbl,GradientBoosting,last,0.5,0.1,42,2026-05-29 19:34:21,20260529-185745,log/stroke_prediction_v2/9/biMaxInfgain/gaussian_noise__noImbl__standard/GradientBoosting,1780052279784_edb427c117800544617363585,0.949119373776908,0.4754901960784314,0.4989711934156378,0.4869477911646586,0.9044549326579948,0.949119373776908,0.926249027420838,0.949119373776908,0.949119373776908,0.949119373776908,0.7795189045137939
9,biMaxInfgain,standard,gaussian_noise,noImbl,GradientBoosting,last,0.5,0.2,42,2026-05-29 19:34:45,20260529-185745,log/stroke_prediction_v2/9/biMaxInfgain/gaussian_noise__noImbl__standard/GradientBoosting,1780052279784_edb427c117800544855890123,0.9481409001956947,0.4754661432777232,0.4984567901234568,0.4866901054746358,0.9044091805595832,0.9481409001956947,0.9257588699047868,0.9481409001956947,0.9481409001956947,0.9481409001956947,0.7789569177812675
9,biMaxInfgain,standard,gaussian_noise,noImbl,LogisticRegression,first,0.5,0.1,42,2026-05-29 19:33:28,20260529-185745,log/stroke_prediction_v2/9/biMaxInfgain/standard__gaussian_noise__noImbl/LogisticRegression,1780052279784_edb427c117800544088610470,0.9510763209393346,0.4755381604696673,0.5,0.4874623871614844,0.9045461682515002,0.9510763209393346,0.9272278675557002,0.9510763209393346,0.9510763209393346,0.9510763209393346,0.7806424994554282
9,biMaxInfgain,standard,gaussian_noise,noImbl,LogisticRegression,first,0.5,0.2,42,2026-05-29 19:33:53,20260529-185745,log/stroke_prediction_v2/9/biMaxInfgain/standard__gaussian_noise__noImbl/LogisticRegression,1780052279784_edb427c117800544331645158,0.9510763209393346,0.4755381604696673,0.5,0.4874623871614844,0.9045461682515002,0.9510763209393346,0.9272278675557002,0.9510763209393346,0.9510763209393346,0.9510763209393346,0.7806424994554282
9,biMaxInfgain,standard,gaussian_noise,noImbl,LogisticRegression,last,0.5,0.1,42,2026-05-29 19:34:20,20260529-185745,log/stroke_prediction_v2/9/biMaxInfgain/gaussian_noise__noImbl__standard/LogisticRegression,1780052279784_edb427c117800544600174775,0.949119373776908,0.4754901960784314,0.4989711934156378,0.4869477911646586,0.9044549326579948,0.949119373776908,0.926249027420838,0.949119373776908,0.949119373776908,0.949119373776908,0.7795189045137939
9,biMaxInfgain,standard,gaussian_noise,noImbl,LogisticRegression,last,0.5,0.2,42,2026-05-29 19:34:43,20260529-185745,log/stroke_prediction_v2/9/biMaxInfgain/gaussian_noise__noImbl__standard/LogisticRegression,1780052279784_edb427c117800544839487625,0.9510763209393346,0.4755381604696673,0.5,0.4874623871614844,0.9045461682515002,0.9510763209393346,0.9272278675557002,0.9510763209393346,0.9510763209393346,0.9510763209393346,0.7806424994554282
9,biMaxInfgain,standard,gaussian_noise,noImbl,XGBmodel,first,0.5,0.1,42,2026-05-29 19:33:28,20260529-185745,log/stroke_prediction_v2/9/biMaxInfgain/standard__gaussian_noise__noImbl/XGBmodel,1780052279784_edb427c117800544082652189,0.9510763209393346,0.4755381604696673,0.5,0.4874623871614844,0.9045461682515002,0.9510763209393346,0.9272278675557002,0.9510763209393346,0.9510763209393346,0.9510763209393346,0.7806424994554282
9,biMaxInfgain,standard,gaussian_noise,noImbl,XGBmodel,first,0.5,0.2,42,2026-05-29 19:33:52,20260529-185745,log/stroke_prediction_v2/9/biMaxInfgain/standard__gaussian_noise__noImbl/XGBmodel,1780052279784_edb427c117800544325708193,0.9510763209393346,0.4755381604696673,0.5,0.4874623871614844,0.9045461682515002,0.9510763209393346,0.9272278675557002,0.9510763209393346,0.9510763209393346,0.9510763209393346,0.7806424994554282
9,biMaxInfgain,standard,gaussian_noise,noImbl,XGBmodel,last,0.5,0.1,42,2026-05-29 19:34:19,20260529-185745,log/stroke_prediction_v2/9/biMaxInfgain/gaussian_noise__noImbl__standard/XGBmodel,1780052279784_edb427c117800544594118987,0.949119373776908,0.4754901960784314,0.4989711934156378,0.4869477911646586,0.9044549326579948,0.949119373776908,0.926249027420838,0.949119373776908,0.949119373776908,0.949119373776908,0.7795189045137939
9,biMaxInfgain,standard,gaussian_noise,noImbl,XGBmodel,last,0.5,0.2,42,2026-05-29 19:34:43,20260529-185745,log/stroke_prediction_v2/9/biMaxInfgain/gaussian_noise__noImbl__standard/XGBmodel,1780052279784_edb427c117800544833385952,0.9510763209393346,0.7264243614931238,0.5189711934156378,0.5244742229666852,0.9306936973998362,0.9510763209393344,0.9308039071927005,0.9510763209393346,0.9510763209393346,0.9510763209393346,0.8163311731305013
9,biMaxInfgain,standard,gaussian_noise,noImbl,random_forest,first,0.5,0.1,42,2026-05-29 19:33:28,20260529-185745,log/stroke_prediction_v2/9/biMaxInfgain/standard__gaussian_noise__noImbl/random_forest,1780052279784_edb427c117800544080912095,0.943248532289628,0.5595709570957095,0.5148559670781893,0.5176263793496305,0.9140306007117346,0.943248532289628,0.9264009887357532,0.943248532289628,0.943248532289628,0.943248532289628,0.792749270617222
9,biMaxInfgain,standard,gaussian_noise,noImbl,random_forest,first,0.5,0.2,42,2026-05-29 19:33:52,20260529-185745,log/stroke_prediction_v2/9/biMaxInfgain/standard__gaussian_noise__noImbl/random_forest,1780052279784_edb427c117800544323913785,0.9412915851272016,0.5476190476190477,0.5138271604938272,0.5160984848484849,0.9127760693318424,0.9412915851272016,0.925313556306707,0.9412915851272016,0.9412915851272016,0.9412915851272016,0.790150667968631
9,biMaxInfgain,standard,gaussian_noise,noImbl,random_forest,last,0.5,0.1,42,2026-05-29 19:34:19,20260529-185745,log/stroke_prediction_v2/9/biMaxInfgain/gaussian_noise__noImbl__standard/random_forest,1780052279784_edb427c117800544592361795,0.9412915851272016,0.5476190476190477,0.5138271604938272,0.5160984848484849,0.9127760693318424,0.9412915851272016,0.925313556306707,0.9412915851272016,0.9412915851272016,0.9412915851272016,0.790150667968631
9,biMaxInfgain,standard,gaussian_noise,noImbl,random_forest,last,0.5,0.2,42,2026-05-29 19:34:43,20260529-185745,log/stroke_prediction_v2/9/biMaxInfgain/gaussian_noise__noImbl__standard/random_forest,1780052279784_edb427c117800544831426467,0.9442270058708416,0.5313699681912909,0.5058847736625514,0.5025914699227254,0.9105076063790852,0.9442270058708414,0.9254242468117834,0.9442270058708416,0.9442270058708416,0.9442270058708416,0.7866693946818055
9,biMaxInfgain,standard,gaussian_noise,noImbl,sklearn_SVM,first,0.5,0.1,42,2026-05-29 19:33:27,20260529-185745,log/stroke_prediction_v2/9/biMaxInfgain/standard__gaussian_noise__noImbl/sklearn_SVM,1780052279784_edb427c117800544070377859,0.949119373776908,0.4754901960784314,0.4989711934156378,0.4869477911646586,0.9044549326579948,0.949119373776908,0.926249027420838,0.949119373776908,0.949119373776908,0.949119373776908,0.7795189045137939
9,biMaxInfgain,standard,gaussian_noise,noImbl,sklearn_SVM,first,0.5,0.2,42,2026-05-29 19:33:51,20260529-185745,log/stroke_prediction_v2/9/biMaxInfgain/standard__gaussian_noise__noImbl/sklearn_SVM,1780052279784_edb427c117800544313093594,0.949119373776908,0.4754901960784314,0.4989711934156378,0.4869477911646586,0.9044549326579948,0.949119373776908,0.926249027420838,0.949119373776908,0.949119373776908,0.949119373776908,0.7795189045137939
9,biMaxInfgain,standard,gaussian_noise,noImbl,sklearn_SVM,last,0.5,0.1,42,2026-05-29 19:34:18,20260529-185745,log/stroke_prediction_v2/9/biMaxInfgain/gaussian_noise__noImbl__standard/sklearn_SVM,1780052279784_edb427c117800544581890711,0.949119373776908,0.4754901960784314,0.4989711934156378,0.4869477911646586,0.9044549326579948,0.949119373776908,0.926249027420838,0.949119373776908,0.949119373776908,0.949119373776908,0.7795189045137939
9,biMaxInfgain,standard,gaussian_noise,noImbl,sklearn_SVM,last,0.5,0.2,42,2026-05-29 19:34:42,20260529-185745,log/stroke_prediction_v2/9/biMaxInfgain/gaussian_noise__noImbl__standard/sklearn_SVM,1780052279784_edb427c117800544821223538,0.946183953033268,0.5472906403940886,0.5069135802469136,0.5037038999108238,0.9121513886612744,0.9461839530332682,0.926467225277553,0.946183953033268,0.946183953033268,0.946183953033268,0.7896348109217913
9,biMaxInfgain,standard,mixup,noImbl,DTmodel,first,0.5,0.1,42,2026-05-29 19:34:57,20260529-185745,log/stroke_prediction_v2/9/biMaxInfgain/standard__mixup__noImbl/DTmodel,1780052279784_edb427c117800544974914749,0.9158512720156556,0.5552735923869945,0.5573662551440329,0.5562892510248179,0.9174224165892012,0.9158512720156556,0.916632928583027,0.9158512720156556,0.9158512720156556,0.9158512720156556,0.7902850621594616
9,biMaxInfgain,standard,mixup,noImbl,DTmodel,first,0.5,0.2,42,2026-05-29 19:35:09,20260529-185745,log/stroke_prediction_v2/9/biMaxInfgain/standard__mixup__noImbl/DTmodel,1780052279784_edb427c117800545096956005,0.9168297455968688,0.5702265676412522,0.5768518518518518,0.5733195805397971,0.9206302190393648,0.9168297455968688,0.9187027563114658,0.9168297455968688,0.9168297455968688,0.9168297455968688,0.7973061126196836
9,biMaxInfgain,standard,mixup,noImbl,DTmodel,last,0.5,0.1,42,2026-05-29 19:35:22,20260529-185745,log/stroke_prediction_v2/9/biMaxInfgain/mixup__noImbl__standard/DTmodel,1780052279784_edb427c117800545226438672,0.9158512720156556,0.5552735923869945,0.5573662551440329,0.5562892510248179,0.9174224165892012,0.9158512720156556,0.916632928583027,0.9158512720156556,0.9158512720156556,0.9158512720156556,0.7902850621594616
9,biMaxInfgain,standard,mixup,noImbl,DTmodel,last,0.5,0.2,42,2026-05-29 19:35:35,20260529-185745,log/stroke_prediction_v2/9/biMaxInfgain/mixup__noImbl__standard/DTmodel,1780052279784_edb427c117800545351168815,0.9119373776908024,0.5563206467305766,0.5647942386831276,0.5600895316804407,0.918217584860078,0.9119373776908024,0.9150170087280922,0.9119373776908024,0.9119373776908024,0.9119373776908022,0.7899741791649788
9,biMaxInfgain,standard,mixup,noImbl,GradientBoosting,first,0.5,0.1,42,2026-05-29 19:34:58,20260529-185745,log/stroke_prediction_v2/9/biMaxInfgain/standard__mixup__noImbl/GradientBoosting,1780052279784_edb427c117800544987975298,0.9510763209393346,0.4755381604696673,0.5,0.4874623871614844,0.9045461682515002,0.9510763209393346,0.9272278675557002,0.9510763209393346,0.9510763209393346,0.9510763209393346,0.7806424994554282
9,biMaxInfgain,standard,mixup,noImbl,GradientBoosting,first,0.5,0.2,42,2026-05-29 19:35:10,20260529-185745,log/stroke_prediction_v2/9/biMaxInfgain/standard__mixup__noImbl/GradientBoosting,1780052279784_edb427c117800545109999477,0.9481409001956947,0.6192118226600984,0.5174279835390947,0.5217510308231575,0.9200775066757926,0.9481409001956947,0.9291411443583694,0.9481409001956947,0.9481409001956947,0.9481409001956947,0.8025619176430053
9,biMaxInfgain,standard,mixup,noImbl,GradientBoosting,last,0.5,0.1,42,2026-05-29 19:35:23,20260529-185745,log/stroke_prediction_v2/9/biMaxInfgain/mixup__noImbl__standard/GradientBoosting,1780052279784_edb427c117800545239237158,0.9354207436399216,0.4751491053677932,0.4917695473251028,0.4833164812942366,0.903806126061634,0.9354207436399216,0.9193417217573346,0.9354207436399216,0.9354207436399216,0.9354207436399216,0.7716395057891572
9,biMaxInfgain,standard,mixup,noImbl,GradientBoosting,last,0.5,0.2,42,2026-05-29 19:35:36,20260529-185745,log/stroke_prediction_v2/9/biMaxInfgain/mixup__noImbl__standard/GradientBoosting,1780052279784_edb427c117800545363667679,0.9500978473581212,0.6426234870788354,0.5089711934156378,0.5060602901737061,0.9216504163874,0.9500978473581212,0.9285604219838514,0.9500978473581212,0.9500978473581212,0.9500978473581212,0.8025567554550692
9,biMaxInfgain,standard,mixup,noImbl,LogisticRegression,first,0.5,0.1,42,2026-05-29 19:34:57,20260529-185745,log/stroke_prediction_v2/9/biMaxInfgain/standard__mixup__noImbl/LogisticRegression,1780052279784_edb427c117800544978128930,0.9510763209393346,0.7264243614931238,0.5189711934156378,0.5244742229666852,0.9306936973998362,0.9510763209393344,0.9308039071927005,0.9510763209393346,0.9510763209393346,0.9510763209393346,0.8163311731305013
9,biMaxInfgain,standard,mixup,noImbl,LogisticRegression,first,0.5,0.2,42,2026-05-29 19:35:10,20260529-185745,log/stroke_prediction_v2/9/biMaxInfgain/standard__mixup__noImbl/LogisticRegression,1780052279784_edb427c117800545100209852,0.9530332681017613,0.976470588235294,0.52,0.5264133456904542,0.9552434672499136,0.9530332681017613,0.9319221791576966,0.9530332681017613,0.9530332681017613,0.9530332681017613,0.8451350415164477
9,biMaxInfgain,standard,mixup,noImbl,LogisticRegression,last,0.5,0.1,42,2026-05-29 19:35:22,20260529-185745,log/stroke_prediction_v2/9/biMaxInfgain/mixup__noImbl__standard/LogisticRegression,1780052279784_edb427c117800545229616314,0.9510763209393346,0.4755381604696673,0.5,0.4874623871614844,0.9045461682515002,0.9510763209393346,0.9272278675557002,0.9510763209393346,0.9510763209393346,0.9510763209393346,0.7806424994554282
9,biMaxInfgain,standard,mixup,noImbl,LogisticRegression,last,0.5,0.2,42,2026-05-29 19:35:35,20260529-185745,log/stroke_prediction_v2/9/biMaxInfgain/mixup__noImbl__standard/LogisticRegression,1780052279784_edb427c117800545354357415,0.9510763209393346,0.4755381604696673,0.5,0.4874623871614844,0.9045461682515002,0.9510763209393346,0.9272278675557002,0.9510763209393346,0.9510763209393346,0.9510763209393346,0.7806424994554282
9,biMaxInfgain,standard,mixup,noImbl,XGBmodel,first,0.5,0.1,42,2026-05-29 19:34:57,20260529-185745,log/stroke_prediction_v2/9/biMaxInfgain/standard__mixup__noImbl/XGBmodel,1780052279784_edb427c117800544973103522,0.9510763209393346,0.7264243614931238,0.5189711934156378,0.5244742229666852,0.9306936973998362,0.9510763209393344,0.9308039071927005,0.9510763209393346,0.9510763209393346,0.9510763209393346,0.8163311731305013
9,biMaxInfgain,standard,mixup,noImbl,XGBmodel,first,0.5,0.2,42,2026-05-29 19:35:09,20260529-185745,log/stroke_prediction_v2/9/biMaxInfgain/standard__mixup__noImbl/XGBmodel,1780052279784_edb427c117800545095091243,0.9510763209393346,0.7259803921568627,0.509485596707819,0.5066805684275564,0.929849199953954,0.9510763209393348,0.9290856032892674,0.9510763209393346,0.9510763209393346,0.9510763209393346,0.8123269730151209
9,biMaxInfgain,standard,mixup,noImbl,XGBmodel,last,0.5,0.1,42,2026-05-29 19:35:22,20260529-185745,log/stroke_prediction_v2/9/biMaxInfgain/mixup__noImbl__standard/XGBmodel,1780052279784_edb427c117800545224643631,0.9510763209393346,0.4755381604696673,0.5,0.4874623871614844,0.9045461682515002,0.9510763209393346,0.9272278675557002,0.9510763209393346,0.9510763209393346,0.9510763209393346,0.7806424994554282
9,biMaxInfgain,standard,mixup,noImbl,XGBmodel,last,0.5,0.2,42,2026-05-29 19:35:34,20260529-185745,log/stroke_prediction_v2/9/biMaxInfgain/mixup__noImbl__standard/XGBmodel,1780052279784_edb427c117800545349359984,0.949119373776908,0.6430446194225722,0.5179423868312758,0.5226358148893361,0.9224514743876192,0.949119373776908,0.9296936216122568,0.949119373776908,0.949119373776908,0.949119373776908,0.8058410130501487
9,biMaxInfgain,standard,mixup,noImbl,random_forest,first,0.5,0.1,42,2026-05-29 19:34:57,20260529-185745,log/stroke_prediction_v2/9/biMaxInfgain/standard__mixup__noImbl/random_forest,1780052279784_edb427c117800544971172732,0.943248532289628,0.47534516765286,0.4958847736625514,0.48539778449144,0.9041790664551466,0.943248532289628,0.9233006781324457,0.943248532289628,0.943248532289628,0.943248532289628,0.7761450830864897
9,biMaxInfgain,standard,mixup,noImbl,random_forest,first,0.5,0.2,42,2026-05-29 19:35:09,20260529-185745,log/stroke_prediction_v2/9/biMaxInfgain/standard__mixup__noImbl/random_forest,1780052279784_edb427c117800545093172465,0.9481409001956947,0.6434682461335965,0.5269135802469136,0.5374973316825342,0.9232572770551648,0.9481409001956947,0.9306576330004304,0.9481409001956947,0.9481409001956947,0.9481409001956947,0.80884351512429
9,biMaxInfgain,standard,mixup,noImbl,random_forest,last,0.5,0.1,42,2026-05-29 19:35:22,20260529-185745,log/stroke_prediction_v2/9/biMaxInfgain/mixup__noImbl__standard/random_forest,1780052279784_edb427c117800545222795069,0.943248532289628,0.47534516765286,0.4958847736625514,0.48539778449144,0.9041790664551466,0.943248532289628,0.9233006781324457,0.943248532289628,0.943248532289628,0.943248532289628,0.7761450830864897
9,biMaxInfgain,standard,mixup,noImbl,random_forest,last,0.5,0.2,42,2026-05-29 19:35:34,20260529-185745,log/stroke_prediction_v2/9/biMaxInfgain/mixup__noImbl__standard/random_forest,1780052279784_edb427c117800545347496854,0.946183953033268,0.5472906403940886,0.5069135802469136,0.5037038999108238,0.9121513886612744,0.9461839530332682,0.926467225277553,0.946183953033268,0.946183953033268,0.946183953033268,0.7896348109217913
9,biMaxInfgain,standard,mixup,noImbl,sklearn_SVM,first,0.5,0.1,42,2026-05-29 19:34:56,20260529-185745,log/stroke_prediction_v2/9/biMaxInfgain/standard__mixup__noImbl/sklearn_SVM,1780052279784_edb427c117800544965280147,0.949119373776908,0.6430446194225722,0.5179423868312758,0.5226358148893361,0.9224514743876192,0.949119373776908,0.9296936216122568,0.949119373776908,0.949119373776908,0.949119373776908,0.8058410130501487
9,biMaxInfgain,standard,mixup,noImbl,sklearn_SVM,first,0.5,0.2,42,2026-05-29 19:35:08,20260529-185745,log/stroke_prediction_v2/9/biMaxInfgain/standard__mixup__noImbl/sklearn_SVM,1780052279784_edb427c117800545087667645,0.9471624266144814,0.6013313609467457,0.5169135802469136,0.5208875924575477,0.9182858763996804,0.9471624266144816,0.9285902865371046,0.9471624266144814,0.9471624266144814,0.9471624266144814,0.7999397342543241
9,biMaxInfgain,standard,mixup,noImbl,sklearn_SVM,last,0.5,0.1,42,2026-05-29 19:35:21,20260529-185745,log/stroke_prediction_v2/9/biMaxInfgain/mixup__noImbl__standard/sklearn_SVM,1780052279784_edb427c117800545216934476,0.949119373776908,0.4754901960784314,0.4989711934156378,0.4869477911646586,0.9044549326579948,0.949119373776908,0.926249027420838,0.949119373776908,0.949119373776908,0.949119373776908,0.7795189045137939
9,biMaxInfgain,standard,mixup,noImbl,sklearn_SVM,last,0.5,0.2,42,2026-05-29 19:35:34,20260529-185745,log/stroke_prediction_v2/9/biMaxInfgain/mixup__noImbl__standard/sklearn_SVM,1780052279784_edb427c117800545341902408,0.9471624266144814,0.475442043222004,0.4979423868312758,0.4864321608040201,0.9043633385749272,0.9471624266144816,0.9252682197681164,0.9471624266144814,0.9471624266144814,0.9471624266144814,0.7783948045944336
9,biMaxInfgain,standard,noAug,noImbl,DTmodel,first,0.5,0.1,42,2026-05-29 19:35:44,20260529-185745,log/stroke_prediction_v2/9/biMaxInfgain/standard__noAug__noImbl/DTmodel,1780052279784_edb427c117800545447942486,0.9158512720156556,0.5552735923869945,0.5573662551440329,0.5562892510248179,0.9174224165892012,0.9158512720156556,0.916632928583027,0.9158512720156556,0.9158512720156556,0.9158512720156556,0.7902850621594616
9,biMaxInfgain,standard,noAug,noImbl,DTmodel,first,0.5,0.2,42,2026-05-29 19:35:53,20260529-185745,log/stroke_prediction_v2/9/biMaxInfgain/standard__noAug__noImbl/DTmodel,1780052279784_edb427c117800545533808640,0.9090019569471623,0.5155287655742008,0.5158230452674897,0.5156718965772028,0.9098573334501472,0.9090019569471623,0.9094290254166196,0.9090019569471623,0.9090019569471623,0.9090019569471623,0.7714868355071218
9,biMaxInfgain,standard,noAug,noImbl,DTmodel,last,0.5,0.1,42,2026-05-29 19:36:02,20260529-185745,log/stroke_prediction_v2/9/biMaxInfgain/noAug__noImbl__standard/DTmodel,1780052279784_edb427c117800545625240220,0.9158512720156556,0.5552735923869945,0.5573662551440329,0.5562892510248179,0.9174224165892012,0.9158512720156556,0.916632928583027,0.9158512720156556,0.9158512720156556,0.9158512720156556,0.7902850621594616
9,biMaxInfgain,standard,noAug,noImbl,DTmodel,last,0.5,0.2,42,2026-05-29 19:36:11,20260529-185745,log/stroke_prediction_v2/9/biMaxInfgain/noAug__noImbl__standard/DTmodel,1780052279784_edb427c117800545711930075,0.9090019569471623,0.5155287655742008,0.5158230452674897,0.5156718965772028,0.9098573334501472,0.9090019569471623,0.9094290254166196,0.9090019569471623,0.9090019569471623,0.9090019569471623,0.7714868355071218
9,biMaxInfgain,standard,noAug,noImbl,GradientBoosting,first,0.5,0.1,42,2026-05-29 19:35:45,20260529-185745,log/stroke_prediction_v2/9/biMaxInfgain/standard__noAug__noImbl/GradientBoosting,1780052279784_edb427c117800545456485251,0.949119373776908,0.4754901960784314,0.4989711934156378,0.4869477911646586,0.9044549326579948,0.949119373776908,0.926249027420838,0.949119373776908,0.949119373776908,0.949119373776908,0.7795189045137939
9,biMaxInfgain,standard,noAug,noImbl,GradientBoosting,first,0.5,0.2,42,2026-05-29 19:35:54,20260529-185745,log/stroke_prediction_v2/9/biMaxInfgain/standard__noAug__noImbl/GradientBoosting,1780052279784_edb427c117800545541836457,0.9471624266144814,0.475442043222004,0.4979423868312758,0.4864321608040201,0.9043633385749272,0.9471624266144816,0.9252682197681164,0.9471624266144814,0.9471624266144814,0.9471624266144814,0.7783948045944336
9,biMaxInfgain,standard,noAug,noImbl,GradientBoosting,last,0.5,0.1,42,2026-05-29 19:36:03,20260529-185745,log/stroke_prediction_v2/9/biMaxInfgain/noAug__noImbl__standard/GradientBoosting,1780052279784_edb427c117800545633980140,0.949119373776908,0.4754901960784314,0.4989711934156378,0.4869477911646586,0.9044549326579948,0.949119373776908,0.926249027420838,0.949119373776908,0.949119373776908,0.949119373776908,0.7795189045137939
9,biMaxInfgain,standard,noAug,noImbl,GradientBoosting,last,0.5,0.2,42,2026-05-29 19:36:12,20260529-185745,log/stroke_prediction_v2/9/biMaxInfgain/noAug__noImbl__standard/GradientBoosting,1780052279784_edb427c117800545720183084,0.9471624266144814,0.475442043222004,0.4979423868312758,0.4864321608040201,0.9043633385749272,0.9471624266144816,0.9252682197681164,0.9471624266144814,0.9471624266144814,0.9471624266144814,0.7783948045944336
9,biMaxInfgain,standard,noAug,noImbl,LogisticRegression,first,0.5,0.1,42,2026-05-29 19:35:45,20260529-185745,log/stroke_prediction_v2/9/biMaxInfgain/standard__noAug__noImbl/LogisticRegression,1780052279784_edb427c117800545450697268,0.9510763209393346,0.7264243614931238,0.5189711934156378,0.5244742229666852,0.9306936973998362,0.9510763209393344,0.9308039071927005,0.9510763209393346,0.9510763209393346,0.9510763209393346,0.8163311731305013
9,biMaxInfgain,standard,noAug,noImbl,LogisticRegression,first,0.5,0.2,42,2026-05-29 19:35:53,20260529-185745,log/stroke_prediction_v2/9/biMaxInfgain/standard__noAug__noImbl/LogisticRegression,1780052279784_edb427c117800545536518216,0.952054794520548,0.976003917727718,0.51,0.5073148175476915,0.9543557887110408,0.952054794520548,0.9296116854869024,0.952054794520548,0.952054794520548,0.952054794520548,0.840396863907284
9,biMaxInfgain,standard,noAug,noImbl,LogisticRegression,last,0.5,0.1,42,2026-05-29 19:36:02,20260529-185745,log/stroke_prediction_v2/9/biMaxInfgain/noAug__noImbl__standard/LogisticRegression,1780052279784_edb427c117800545628054337,0.9510763209393346,0.7264243614931238,0.5189711934156378,0.5244742229666852,0.9306936973998362,0.9510763209393344,0.9308039071927005,0.9510763209393346,0.9510763209393346,0.9510763209393346,0.8163311731305013
9,biMaxInfgain,standard,noAug,noImbl,LogisticRegression,last,0.5,0.2,42,2026-05-29 19:36:11,20260529-185745,log/stroke_prediction_v2/9/biMaxInfgain/noAug__noImbl__standard/LogisticRegression,1780052279784_edb427c117800545714643214,0.952054794520548,0.976003917727718,0.51,0.5073148175476915,0.9543557887110408,0.952054794520548,0.9296116854869024,0.952054794520548,0.952054794520548,0.952054794520548,0.840396863907284
9,biMaxInfgain,standard,noAug,noImbl,XGBmodel,first,0.5,0.1,42,2026-05-29 19:35:44,20260529-185745,log/stroke_prediction_v2/9/biMaxInfgain/standard__noAug__noImbl/XGBmodel,1780052279784_edb427c117800545444935945,0.9510763209393346,0.7264243614931238,0.5189711934156378,0.5244742229666852,0.9306936973998362,0.9510763209393344,0.9308039071927005,0.9510763209393346,0.9510763209393346,0.9510763209393346,0.8163311731305013
9,biMaxInfgain,standard,noAug,noImbl,XGBmodel,first,0.5,0.2,42,2026-05-29 19:35:53,20260529-185745,log/stroke_prediction_v2/9/biMaxInfgain/standard__noAug__noImbl/XGBmodel,1780052279784_edb427c117800545531984388,0.9500978473581212,0.4755142017629775,0.499485596707819,0.4872052182639237,0.9045005951342742,0.9500978473581214,0.9267386930577962,0.9500978473581212,0.9500978473581212,0.9500978473581212,0.7800807650020133
9,biMaxInfgain,standard,noAug,noImbl,XGBmodel,last,0.5,0.1,42,2026-05-29 19:36:02,20260529-185745,log/stroke_prediction_v2/9/biMaxInfgain/noAug__noImbl__standard/XGBmodel,1780052279784_edb427c117800545623420096,0.9510763209393346,0.7264243614931238,0.5189711934156378,0.5244742229666852,0.9306936973998362,0.9510763209393344,0.9308039071927005,0.9510763209393346,0.9510763209393346,0.9510763209393346,0.8163311731305013
9,biMaxInfgain,standard,noAug,noImbl,XGBmodel,last,0.5,0.2,42,2026-05-29 19:36:11,20260529-185745,log/stroke_prediction_v2/9/biMaxInfgain/noAug__noImbl__standard/XGBmodel,1780052279784_edb427c117800545710042805,0.9500978473581212,0.4755142017629775,0.499485596707819,0.4872052182639237,0.9045005951342742,0.9500978473581214,0.9267386930577962,0.9500978473581212,0.9500978473581212,0.9500978473581212,0.7800807650020133
9,biMaxInfgain,standard,noAug,noImbl,random_forest,first,0.5,0.1,42,2026-05-29 19:35:44,20260529-185745,log/stroke_prediction_v2/9/biMaxInfgain/standard__noAug__noImbl/random_forest,1780052279784_edb427c117800545442930641,0.9471624266144814,0.6013313609467457,0.5169135802469136,0.5208875924575477,0.9182858763996804,0.9471624266144816,0.9285902865371046,0.9471624266144814,0.9471624266144814,0.9471624266144814,0.7999397342543241
9,biMaxInfgain,standard,noAug,noImbl,random_forest,first,0.5,0.2,42,2026-05-29 19:35:52,20260529-185745,log/stroke_prediction_v2/9/biMaxInfgain/standard__noAug__noImbl/random_forest,1780052279784_edb427c117800545529961226,0.9471624266144814,0.5592191601049868,0.5074279835390947,0.5042756539235412,0.9133614291364266,0.9471624266144814,0.9269895301358052,0.9471624266144814,0.9471624266144814,0.9471624266144814,0.7915556055327451
9,biMaxInfgain,standard,noAug,noImbl,random_forest,last,0.5,0.1,42,2026-05-29 19:36:02,20260529-185745,log/stroke_prediction_v2/9/biMaxInfgain/noAug__noImbl__standard/random_forest,1780052279784_edb427c117800545621462254,0.9471624266144814,0.6013313609467457,0.5169135802469136,0.5208875924575477,0.9182858763996804,0.9471624266144816,0.9285902865371046,0.9471624266144814,0.9471624266144814,0.9471624266144814,0.7999397342543241
9,biMaxInfgain,standard,noAug,noImbl,random_forest,last,0.5,0.2,42,2026-05-29 19:36:10,20260529-185745,log/stroke_prediction_v2/9/biMaxInfgain/noAug__noImbl__standard/random_forest,1780052279784_edb427c117800545708065284,0.9471624266144814,0.5592191601049868,0.5074279835390947,0.5042756539235412,0.9133614291364266,0.9471624266144814,0.9269895301358052,0.9471624266144814,0.9471624266144814,0.9471624266144814,0.7915556055327451
9,biMaxInfgain,standard,noAug,noImbl,sklearn_SVM,first,0.5,0.1,42,2026-05-29 19:35:43,20260529-185745,log/stroke_prediction_v2/9/biMaxInfgain/standard__noAug__noImbl/sklearn_SVM,1780052279784_edb427c117800545438959089,0.949119373776908,0.4754901960784314,0.4989711934156378,0.4869477911646586,0.9044549326579948,0.949119373776908,0.926249027420838,0.949119373776908,0.949119373776908,0.949119373776908,0.7795189045137939
9,biMaxInfgain,standard,noAug,noImbl,sklearn_SVM,first,0.5,0.2,42,2026-05-29 19:35:52,20260529-185745,log/stroke_prediction_v2/9/biMaxInfgain/standard__noAug__noImbl/sklearn_SVM,1780052279784_edb427c117800545526265998,0.9500978473581212,0.4755142017629775,0.499485596707819,0.4872052182639237,0.9045005951342742,0.9500978473581214,0.9267386930577962,0.9500978473581212,0.9500978473581212,0.9500978473581212,0.7800807650020133
9,biMaxInfgain,standard,noAug,noImbl,sklearn_SVM,last,0.5,0.1,42,2026-05-29 19:36:01,20260529-185745,log/stroke_prediction_v2/9/biMaxInfgain/noAug__noImbl__standard/sklearn_SVM,1780052279784_edb427c117800545617569135,0.949119373776908,0.4754901960784314,0.4989711934156378,0.4869477911646586,0.9044549326579948,0.949119373776908,0.926249027420838,0.949119373776908,0.949119373776908,0.949119373776908,0.7795189045137939
9,biMaxInfgain,standard,noAug,noImbl,sklearn_SVM,last,0.5,0.2,42,2026-05-29 19:36:10,20260529-185745,log/stroke_prediction_v2/9/biMaxInfgain/noAug__noImbl__standard/sklearn_SVM,1780052279784_edb427c117800545704402895,0.949119373776908,0.4754901960784314,0.4989711934156378,0.4869477911646586,0.9044549326579948,0.949119373776908,0.926249027420838,0.949119373776908,0.949119373776908,0.949119373776908,0.7795189045137939
9,infgain,minmax,gaussian_noise,noImbl,DTmodel,first,0.5,0.1,42,2026-05-29 19:36:34,20260529-185745,log/stroke_prediction_v2/9/infgain/minmax__gaussian_noise__noImbl/DTmodel,1780052279784_edb427c117800545945076145,0.923679060665362,0.5525967413441955,0.5425102880658437,0.5467076083248039,0.9158004551596048,0.923679060665362,0.9196343025930384,0.923679060665362,0.923679060665362,0.923679060665362,0.7905136593607853
9,infgain,minmax,gaussian_noise,noImbl,DTmodel,first,0.5,0.2,42,2026-05-29 19:36:56,20260529-185745,log/stroke_prediction_v2/9/infgain/minmax__gaussian_noise__noImbl/DTmodel,1780052279784_edb427c117800546162579890,0.9099804305283756,0.5710346139216432,0.5922222222222222,0.5795893547002431,0.9221672464063708,0.9099804305283756,0.9158151515143028,0.9099804305283756,0.9099804305283756,0.9099804305283756,0.7968452563985557
9,infgain,minmax,gaussian_noise,noImbl,DTmodel,last,0.5,0.1,42,2026-05-29 19:37:20,20260529-185745,log/stroke_prediction_v2/9/infgain/gaussian_noise__noImbl__minmax/DTmodel,1780052279784_edb427c117800546400916197,0.9197651663405088,0.5456869306562557,0.5404526748971195,0.5428041462084016,0.9149590219848224,0.9197651663405088,0.9173279183655167,0.9197651663405088,0.9197651663405088,0.9197651663405088,0.787035738976111
9,infgain,minmax,gaussian_noise,noImbl,DTmodel,last,0.5,0.2,42,2026-05-29 19:37:41,20260529-185745,log/stroke_prediction_v2/9/infgain/gaussian_noise__noImbl__minmax/DTmodel,1780052279784_edb427c117800546614648103,0.9090019569471623,0.579664104500822,0.610679012345679,0.5915215121001534,0.9247203544502832,0.9090019569471623,0.9164016121544732,0.9090019569471623,0.9090019569471623,0.9090019569471623,0.8012955985467372
9,infgain,minmax,gaussian_noise,noImbl,GradientBoosting,first,0.5,0.1,42,2026-05-29 19:36:36,20260529-185745,log/stroke_prediction_v2/9/infgain/minmax__gaussian_noise__noImbl/GradientBoosting,1780052279784_edb427c117800545964591089,0.949119373776908,0.4754901960784314,0.4989711934156378,0.4869477911646586,0.9044549326579948,0.949119373776908,0.926249027420838,0.949119373776908,0.949119373776908,0.949119373776908,0.7795189045137939
9,infgain,minmax,gaussian_noise,noImbl,GradientBoosting,first,0.5,0.2,42,2026-05-29 19:36:58,20260529-185745,log/stroke_prediction_v2/9/infgain/minmax__gaussian_noise__noImbl/GradientBoosting,1780052279784_edb427c117800546180356025,0.9481409001956947,0.4754661432777232,0.4984567901234568,0.4866901054746358,0.9044091805595832,0.9481409001956947,0.9257588699047868,0.9481409001956947,0.9481409001956947,0.9481409001956947,0.7789569177812675
9,infgain,minmax,gaussian_noise,noImbl,GradientBoosting,last,0.5,0.1,42,2026-05-29 19:37:21,20260529-185745,log/stroke_prediction_v2/9/infgain/gaussian_noise__noImbl__minmax/GradientBoosting,1780052279784_edb427c117800546419293715,0.9412915851272016,0.475296442687747,0.4948559670781893,0.4848790322580645,0.9040863841340314,0.9412915851272016,0.92231393220125,0.9412915851272016,0.9412915851272016,0.9412915851272016,0.7750194581097745
9,infgain,minmax,gaussian_noise,noImbl,GradientBoosting,last,0.5,0.2,42,2026-05-29 19:37:43,20260529-185745,log/stroke_prediction_v2/9/infgain/gaussian_noise__noImbl__minmax/GradientBoosting,1780052279784_edb427c117800546631588019,0.9481409001956947,0.4754661432777232,0.4984567901234568,0.4866901054746358,0.9044091805595832,0.9481409001956947,0.9257588699047868,0.9481409001956947,0.9481409001956947,0.9481409001956947,0.7789569177812675
9,infgain,minmax,gaussian_noise,noImbl,LogisticRegression,first,0.5,0.1,42,2026-05-29 19:36:34,20260529-185745,log/stroke_prediction_v2/9/infgain/minmax__gaussian_noise__noImbl/LogisticRegression,1780052279784_edb427c117800545947555508,0.9510763209393346,0.4755381604696673,0.5,0.4874623871614844,0.9045461682515002,0.9510763209393346,0.9272278675557002,0.9510763209393346,0.9510763209393346,0.9510763209393346,0.7806424994554282
9,infgain,minmax,gaussian_noise,noImbl,LogisticRegression,first,0.5,0.2,42,2026-05-29 19:36:56,20260529-185745,log/stroke_prediction_v2/9/infgain/minmax__gaussian_noise__noImbl/LogisticRegression,1780052279784_edb427c117800546164511604,0.9510763209393346,0.4755381604696673,0.5,0.4874623871614844,0.9045461682515002,0.9510763209393346,0.9272278675557002,0.9510763209393346,0.9510763209393346,0.9510763209393346,0.7806424994554282
9,infgain,minmax,gaussian_noise,noImbl,LogisticRegression,last,0.5,0.1,42,2026-05-29 19:37:20,20260529-185745,log/stroke_prediction_v2/9/infgain/gaussian_noise__noImbl__minmax/LogisticRegression,1780052279784_edb427c117800546403168364,0.9510763209393346,0.4755381604696673,0.5,0.4874623871614844,0.9045461682515002,0.9510763209393346,0.9272278675557002,0.9510763209393346,0.9510763209393346,0.9510763209393346,0.7806424994554282
9,infgain,minmax,gaussian_noise,noImbl,LogisticRegression,last,0.5,0.2,42,2026-05-29 19:37:41,20260529-185745,log/stroke_prediction_v2/9/infgain/gaussian_noise__noImbl__minmax/LogisticRegression,1780052279784_edb427c117800546616567900,0.9510763209393346,0.4755381604696673,0.5,0.4874623871614844,0.9045461682515002,0.9510763209393346,0.9272278675557002,0.9510763209393346,0.9510763209393346,0.9510763209393346,0.7806424994554282
9,infgain,minmax,gaussian_noise,noImbl,XGBmodel,first,0.5,0.1,42,2026-05-29 19:36:34,20260529-185745,log/stroke_prediction_v2/9/infgain/minmax__gaussian_noise__noImbl/XGBmodel,1780052279784_edb427c117800545942873353,0.9530332681017613,0.8106955380577427,0.5389711934156378,0.5593561368209254,0.9406315648900052,0.9530332681017613,0.93510180456516,0.9530332681017613,0.9530332681017613,0.9530332681017613,0.8344118280849556
9,infgain,minmax,gaussian_noise,noImbl,XGBmodel,first,0.5,0.2,42,2026-05-29 19:36:56,20260529-185745,log/stroke_prediction_v2/9/infgain/minmax__gaussian_noise__noImbl/XGBmodel,1780052279784_edb427c117800546160613208,0.9510763209393346,0.4755381604696673,0.5,0.4874623871614844,0.9045461682515002,0.9510763209393346,0.9272278675557002,0.9510763209393346,0.9510763209393346,0.9510763209393346,0.7806424994554282
9,infgain,minmax,gaussian_noise,noImbl,XGBmodel,last,0.5,0.1,42,2026-05-29 19:37:19,20260529-185745,log/stroke_prediction_v2/9/infgain/gaussian_noise__noImbl__minmax/XGBmodel,1780052279784_edb427c117800546398519896,0.9471624266144814,0.475442043222004,0.4979423868312758,0.4864321608040201,0.9043633385749272,0.9471624266144816,0.9252682197681164,0.9471624266144814,0.9471624266144814,0.9471624266144814,0.7783948045944336
9,infgain,minmax,gaussian_noise,noImbl,XGBmodel,last,0.5,0.2,42,2026-05-29 19:37:41,20260529-185745,log/stroke_prediction_v2/9/infgain/gaussian_noise__noImbl__minmax/XGBmodel,1780052279784_edb427c117800546612755442,0.949119373776908,0.6643244575936884,0.5274279835390947,0.5386324964406014,0.9253392813719474,0.949119373776908,0.9312350907394342,0.949119373776908,0.949119373776908,0.949119373776908,0.8118370598382414
9,infgain,minmax,gaussian_noise,noImbl,random_forest,first,0.5,0.1,42,2026-05-29 19:36:34,20260529-185745,log/stroke_prediction_v2/9/infgain/minmax__gaussian_noise__noImbl/random_forest,1780052279784_edb427c117800545940765908,0.9530332681017613,0.8106955380577427,0.5389711934156378,0.5593561368209254,0.9406315648900052,0.9530332681017613,0.93510180456516,0.9530332681017613,0.9530332681017613,0.9530332681017613,0.8344118280849556
9,infgain,minmax,gaussian_noise,noImbl,random_forest,first,0.5,0.2,42,2026-05-29 19:36:55,20260529-185745,log/stroke_prediction_v2/9/infgain/minmax__gaussian_noise__noImbl/random_forest,1780052279784_edb427c117800546158797056,0.9500978473581212,0.6911330049261084,0.5279423868312758,0.5397981617354912,0.9280036246903108,0.9500978473581214,0.9318150634391856,0.9500978473581212,0.9500978473581212,0.9500978473581212,0.8154890243642193
9,infgain,minmax,gaussian_noise,noImbl,random_forest,last,0.5,0.1,42,2026-05-29 19:37:19,20260529-185745,log/stroke_prediction_v2/9/infgain/gaussian_noise__noImbl__minmax/random_forest,1780052279784_edb427c117800546396668828,0.949119373776908,0.6772727272727272,0.5369135802469136,0.5535618279569893,0.927415050702722,0.949119373776908,0.9326720745744168,0.949119373776908,0.949119373776908,0.949119373776908,0.8167429707127102
9,infgain,minmax,gaussian_noise,noImbl,random_forest,last,0.5,0.2,42,2026-05-29 19:37:40,20260529-185745,log/stroke_prediction_v2/9/infgain/gaussian_noise__noImbl__minmax/random_forest,1780052279784_edb427c117800546609690665,0.9500978473581212,0.6911330049261084,0.5279423868312758,0.5397981617354912,0.9280036246903108,0.9500978473581214,0.9318150634391856,0.9500978473581212,0.9500978473581212,0.9500978473581212,0.8154890243642193
9,infgain,minmax,gaussian_noise,noImbl,sklearn_SVM,first,0.5,0.1,42,2026-05-29 19:36:32,20260529-185745,log/stroke_prediction_v2/9/infgain/minmax__gaussian_noise__noImbl/sklearn_SVM,1780052279784_edb427c117800545929680451,0.9471624266144814,0.6013313609467457,0.5169135802469136,0.5208875924575477,0.9182858763996804,0.9471624266144816,0.9285902865371046,0.9471624266144814,0.9471624266144814,0.9471624266144814,0.7999397342543241
9,infgain,minmax,gaussian_noise,noImbl,sklearn_SVM,first,0.5,0.2,42,2026-05-29 19:36:54,20260529-185745,log/stroke_prediction_v2/9/infgain/minmax__gaussian_noise__noImbl/sklearn_SVM,1780052279784_edb427c117800546147256554,0.9500978473581212,0.6426234870788354,0.5089711934156378,0.5060602901737061,0.9216504163874,0.9500978473581212,0.9285604219838514,0.9500978473581212,0.9500978473581212,0.9500978473581212,0.8025567554550692
9,infgain,minmax,gaussian_noise,noImbl,sklearn_SVM,last,0.5,0.1,42,2026-05-29 19:37:18,20260529-185745,log/stroke_prediction_v2/9/infgain/gaussian_noise__noImbl__minmax/sklearn_SVM,1780052279784_edb427c117800546385384145,0.9510763209393346,0.4755381604696673,0.5,0.4874623871614844,0.9045461682515002,0.9510763209393346,0.9272278675557002,0.9510763209393346,0.9510763209393346,0.9510763209393346,0.7806424994554282
9,infgain,minmax,gaussian_noise,noImbl,sklearn_SVM,last,0.5,0.2,42,2026-05-29 19:37:39,20260529-185745,log/stroke_prediction_v2/9/infgain/gaussian_noise__noImbl__minmax/sklearn_SVM,1780052279784_edb427c117800546598719959,0.9471624266144814,0.5592191601049868,0.5074279835390947,0.5042756539235412,0.9133614291364266,0.9471624266144814,0.9269895301358052,0.9471624266144814,0.9471624266144814,0.9471624266144814,0.7915556055327451
9,infgain,minmax,mixup,noImbl,DTmodel,first,0.5,0.1,42,2026-05-29 19:37:55,20260529-185745,log/stroke_prediction_v2/9/infgain/minmax__mixup__noImbl/DTmodel,1780052279784_edb427c117800546750503210,0.898238747553816,0.5350840336134453,0.5481069958847736,0.5396396396396397,0.9147083490930618,0.8982387475538159,0.9061899472858378,0.898238747553816,0.898238747553816,0.898238747553816,0.7759598749194759
9,infgain,minmax,mixup,noImbl,DTmodel,first,0.5,0.2,42,2026-05-29 19:38:07,20260529-185745,log/stroke_prediction_v2/9/infgain/minmax__mixup__noImbl/DTmodel,1780052279784_edb427c117800546872360331,0.9001956947162426,0.5537547040711597,0.5775925925925927,0.5621471774193548,0.9192222022116248,0.9001956947162426,0.909230398964712,0.9001956947162426,0.9001956947162426,0.9001956947162426,0.7858418642316446
9,infgain,minmax,mixup,noImbl,DTmodel,last,0.5,0.1,42,2026-05-29 19:38:20,20260529-185745,log/stroke_prediction_v2/9/infgain/mixup__noImbl__minmax/DTmodel,1780052279784_edb427c117800547003649793,0.9275929549902152,0.5931864658858524,0.5825102880658436,0.5874086197490452,0.923296511875384,0.9275929549902152,0.9253934873054664,0.9275929549902152,0.9275929549902152,0.9275929549902152,0.8078568246369706
9,infgain,minmax,mixup,noImbl,DTmodel,last,0.5,0.2,42,2026-05-29 19:38:32,20260529-185745,log/stroke_prediction_v2/9/infgain/mixup__noImbl__minmax/DTmodel,1780052279784_edb427c117800547126327945,0.923679060665362,0.5525967413441955,0.5425102880658437,0.5467076083248039,0.9158004551596048,0.923679060665362,0.9196343025930384,0.923679060665362,0.923679060665362,0.923679060665362,0.7905136593607853
9,infgain,minmax,mixup,noImbl,GradientBoosting,first,0.5,0.1,42,2026-05-29 19:37:56,20260529-185745,log/stroke_prediction_v2/9/infgain/minmax__mixup__noImbl/GradientBoosting,1780052279784_edb427c117800546762171680,0.9452054794520548,0.4753937007874016,0.4969135802469136,0.4859154929577465,0.9042713838852336,0.9452054794520548,0.9242854386593534,0.9452054794520548,0.9452054794520548,0.9452054794520548,0.7772701980153415
9,infgain,minmax,mixup,noImbl,GradientBoosting,first,0.5,0.2,42,2026-05-29 19:38:08,20260529-185745,log/stroke_prediction_v2/9/infgain/minmax__mixup__noImbl/GradientBoosting,1780052279784_edb427c117800546883771953,0.9412915851272016,0.5703901590457257,0.523312757201646,0.5302877102674879,0.9158155275781708,0.9412915851272016,0.926674292506668,0.9412915851272016,0.9412915851272016,0.9412915851272016,0.7960127788495581
9,infgain,minmax,mixup,noImbl,GradientBoosting,last,0.5,0.1,42,2026-05-29 19:38:21,20260529-185745,log/stroke_prediction_v2/9/infgain/mixup__noImbl__minmax/GradientBoosting,1780052279784_edb427c117800547015102338,0.9452054794520548,0.4753937007874016,0.4969135802469136,0.4859154929577465,0.9042713838852336,0.9452054794520548,0.9242854386593534,0.9452054794520548,0.9452054794520548,0.9452054794520548,0.7772701980153415
9,infgain,minmax,mixup,noImbl,GradientBoosting,last,0.5,0.2,42,2026-05-29 19:38:33,20260529-185745,log/stroke_prediction_v2/9/infgain/mixup__noImbl__minmax/GradientBoosting,1780052279784_edb427c117800547137512518,0.949119373776908,0.6643244575936884,0.5274279835390947,0.5386324964406014,0.9253392813719474,0.949119373776908,0.9312350907394342,0.949119373776908,0.949119373776908,0.949119373776908,0.8118370598382414
9,infgain,minmax,mixup,noImbl,LogisticRegression,first,0.5,0.1,42,2026-05-29 19:37:55,20260529-185745,log/stroke_prediction_v2/9/infgain/minmax__mixup__noImbl/LogisticRegression,1780052279784_edb427c117800546752524015,0.9510763209393346,0.4755381604696673,0.5,0.4874623871614844,0.9045461682515002,0.9510763209393346,0.9272278675557002,0.9510763209393346,0.9510763209393346,0.9510763209393346,0.7806424994554282
9,infgain,minmax,mixup,noImbl,LogisticRegression,first,0.5,0.2,42,2026-05-29 19:38:07,20260529-185745,log/stroke_prediction_v2/9/infgain/minmax__mixup__noImbl/LogisticRegression,1780052279784_edb427c117800546874407238,0.9510763209393346,0.4755381604696673,0.5,0.4874623871614844,0.9045461682515002,0.9510763209393346,0.9272278675557002,0.9510763209393346,0.9510763209393346,0.9510763209393346,0.7806424994554282
9,infgain,minmax,mixup,noImbl,LogisticRegression,last,0.5,0.1,42,2026-05-29 19:38:20,20260529-185745,log/stroke_prediction_v2/9/infgain/mixup__noImbl__minmax/LogisticRegression,1780052279784_edb427c117800547005595953,0.9510763209393346,0.4755381604696673,0.5,0.4874623871614844,0.9045461682515002,0.9510763209393346,0.9272278675557002,0.9510763209393346,0.9510763209393346,0.9510763209393346,0.7806424994554282
9,infgain,minmax,mixup,noImbl,LogisticRegression,last,0.5,0.2,42,2026-05-29 19:38:32,20260529-185745,log/stroke_prediction_v2/9/infgain/mixup__noImbl__minmax/LogisticRegression,1780052279784_edb427c117800547128295198,0.952054794520548,0.976003917727718,0.51,0.5073148175476915,0.9543557887110408,0.952054794520548,0.9296116854869024,0.952054794520548,0.952054794520548,0.952054794520548,0.840396863907284
9,infgain,minmax,mixup,noImbl,XGBmodel,first,0.5,0.1,42,2026-05-29 19:37:54,20260529-185745,log/stroke_prediction_v2/9/infgain/minmax__mixup__noImbl/XGBmodel,1780052279784_edb427c117800546748541466,0.949119373776908,0.6430446194225722,0.5179423868312758,0.5226358148893361,0.9224514743876192,0.949119373776908,0.9296936216122568,0.949119373776908,0.949119373776908,0.949119373776908,0.8058410130501487
9,infgain,minmax,mixup,noImbl,XGBmodel,first,0.5,0.2,42,2026-05-29 19:38:07,20260529-185745,log/stroke_prediction_v2/9/infgain/minmax__mixup__noImbl/XGBmodel,1780052279784_edb427c117800546870455792,0.9510763209393346,0.7264243614931238,0.5189711934156378,0.5244742229666852,0.9306936973998362,0.9510763209393344,0.9308039071927005,0.9510763209393346,0.9510763209393346,0.9510763209393346,0.8163311731305013
9,infgain,minmax,mixup,noImbl,XGBmodel,last,0.5,0.1,42,2026-05-29 19:38:20,20260529-185745,log/stroke_prediction_v2/9/infgain/mixup__noImbl__minmax/XGBmodel,1780052279784_edb427c117800547001764831,0.949119373776908,0.4754901960784314,0.4989711934156378,0.4869477911646586,0.9044549326579948,0.949119373776908,0.926249027420838,0.949119373776908,0.949119373776908,0.949119373776908,0.7795189045137939
9,infgain,minmax,mixup,noImbl,XGBmodel,last,0.5,0.2,42,2026-05-29 19:38:32,20260529-185745,log/stroke_prediction_v2/9/infgain/mixup__noImbl__minmax/XGBmodel,1780052279784_edb427c117800547124491988,0.9530332681017613,0.976470588235294,0.52,0.5264133456904542,0.9552434672499136,0.9530332681017613,0.9319221791576966,0.9530332681017613,0.9530332681017613,0.9530332681017613,0.8451350415164477
9,infgain,minmax,mixup,noImbl,random_forest,first,0.5,0.1,42,2026-05-29 19:37:54,20260529-185745,log/stroke_prediction_v2/9/infgain/minmax__mixup__noImbl/random_forest,1780052279784_edb427c117800546746635172,0.9530332681017613,0.8106955380577427,0.5389711934156378,0.5593561368209254,0.9406315648900052,0.9530332681017613,0.93510180456516,0.9530332681017613,0.9530332681017613,0.9530332681017613,0.8344118280849556
9,infgain,minmax,mixup,noImbl,random_forest,first,0.5,0.2,42,2026-05-29 19:38:06,20260529-185745,log/stroke_prediction_v2/9/infgain/minmax__mixup__noImbl/random_forest,1780052279784_edb427c117800546868529752,0.952054794520548,0.7768928220255653,0.5289711934156378,0.5422277069335892,0.9364771487453024,0.952054794520548,0.9329832134022304,0.952054794520548,0.952054794520548,0.952054794520548,0.8263376722772425
9,infgain,minmax,mixup,noImbl,random_forest,last,0.5,0.1,42,2026-05-29 19:38:19,20260529-185745,log/stroke_prediction_v2/9/infgain/mixup__noImbl__minmax/random_forest,1780052279784_edb427c117800546999883488,0.9530332681017613,0.8106955380577427,0.5389711934156378,0.5593561368209254,0.9406315648900052,0.9530332681017613,0.93510180456516,0.9530332681017613,0.9530332681017613,0.9530332681017613,0.8344118280849556
9,infgain,minmax,mixup,noImbl,random_forest,last,0.5,0.2,42,2026-05-29 19:38:32,20260529-185745,log/stroke_prediction_v2/9/infgain/mixup__noImbl__minmax/random_forest,1780052279784_edb427c117800547122575666,0.952054794520548,0.7768928220255653,0.5289711934156378,0.5422277069335892,0.9364771487453024,0.952054794520548,0.9329832134022304,0.952054794520548,0.952054794520548,0.952054794520548,0.8263376722772425
9,infgain,minmax,mixup,noImbl,sklearn_SVM,first,0.5,0.1,42,2026-05-29 19:37:54,20260529-185745,log/stroke_prediction_v2/9/infgain/minmax__mixup__noImbl/sklearn_SVM,1780052279784_edb427c117800546740555662,0.9471624266144814,0.6013313609467457,0.5169135802469136,0.5208875924575477,0.9182858763996804,0.9471624266144816,0.9285902865371046,0.9471624266144814,0.9471624266144814,0.9471624266144814,0.7999397342543241
9,infgain,minmax,mixup,noImbl,sklearn_SVM,first,0.5,0.2,42,2026-05-29 19:38:06,20260529-185745,log/stroke_prediction_v2/9/infgain/minmax__mixup__noImbl/sklearn_SVM,1780052279784_edb427c117800546862696623,0.9471624266144814,0.5592191601049868,0.5074279835390947,0.5042756539235412,0.9133614291364266,0.9471624266144814,0.9269895301358052,0.9471624266144814,0.9471624266144814,0.9471624266144814,0.7915556055327451
9,infgain,minmax,mixup,noImbl,sklearn_SVM,last,0.5,0.1,42,2026-05-29 19:38:19,20260529-185745,log/stroke_prediction_v2/9/infgain/mixup__noImbl__minmax/sklearn_SVM,1780052279784_edb427c117800546993731116,0.9510763209393346,0.7264243614931238,0.5189711934156378,0.5244742229666852,0.9306936973998362,0.9510763209393344,0.9308039071927005,0.9510763209393346,0.9510763209393346,0.9510763209393346,0.8163311731305013
9,infgain,minmax,mixup,noImbl,sklearn_SVM,last,0.5,0.2,42,2026-05-29 19:38:31,20260529-185745,log/stroke_prediction_v2/9/infgain/mixup__noImbl__minmax/sklearn_SVM,1780052279784_edb427c117800547116593006,0.949119373776908,0.6009332023575638,0.5084567901234568,0.5054531918853528,0.9175285179873816,0.949119373776908,0.9280360634804086,0.949119373776908,0.949119373776908,0.949119373776908,0.7973629888624674
9,infgain,minmax,noAug,noImbl,DTmodel,first,0.5,0.1,42,2026-05-29 19:38:42,20260529-185745,log/stroke_prediction_v2/9/infgain/minmax__noAug__noImbl/DTmodel,1780052279784_edb427c117800547222840513,0.9158512720156556,0.5685817805383022,0.5763374485596708,0.5721518001440894,0.9204306499252471,0.9158512720156556,0.9181025785999672,0.9158512720156556,0.9158512720156556,0.9158512720156556,0.7964136535201926
9,infgain,minmax,noAug,noImbl,DTmodel,first,0.5,0.2,42,2026-05-29 19:38:50,20260529-185745,log/stroke_prediction_v2/9/infgain/minmax__noAug__noImbl/DTmodel,1780052279784_edb427c117800547308731885,0.8962818003913894,0.5548301486199576,0.5850205761316871,0.564616992203199,0.9200487367095866,0.8962818003913893,0.9074364464066872,0.8962818003913894,0.8962818003913894,0.8962818003913894,0.7853106820941618
9,infgain,minmax,noAug,noImbl,DTmodel,last,0.5,0.1,42,2026-05-29 19:39:00,20260529-185745,log/stroke_prediction_v2/9/infgain/noAug__noImbl__minmax/DTmodel,1780052279784_edb427c117800547401916150,0.9158512720156556,0.5685817805383022,0.5763374485596708,0.5721518001440894,0.9204306499252471,0.9158512720156556,0.9181025785999672,0.9158512720156556,0.9158512720156556,0.9158512720156556,0.7964136535201926
9,infgain,minmax,noAug,noImbl,DTmodel,last,0.5,0.2,42,2026-05-29 19:39:08,20260529-185745,log/stroke_prediction_v2/9/infgain/noAug__noImbl__minmax/DTmodel,1780052279784_edb427c117800547487761695,0.8962818003913894,0.5548301486199576,0.5850205761316871,0.564616992203199,0.9200487367095866,0.8962818003913893,0.9074364464066872,0.8962818003913894,0.8962818003913894,0.8962818003913894,0.7853106820941618
9,infgain,minmax,noAug,noImbl,GradientBoosting,first,0.5,0.1,42,2026-05-29 19:38:43,20260529-185745,log/stroke_prediction_v2/9/infgain/minmax__noAug__noImbl/GradientBoosting,1780052279784_edb427c117800547230571791,0.9471624266144814,0.6013313609467457,0.5169135802469136,0.5208875924575477,0.9182858763996804,0.9471624266144816,0.9285902865371046,0.9471624266144814,0.9471624266144814,0.9471624266144814,0.7999397342543241
9,infgain,minmax,noAug,noImbl,GradientBoosting,first,0.5,0.2,42,2026-05-29 19:38:51,20260529-185745,log/stroke_prediction_v2/9/infgain/minmax__noAug__noImbl/GradientBoosting,1780052279784_edb427c117800547316533377,0.9481409001956947,0.5759095378564405,0.5079423868312758,0.5048585401526577,0.915037320541018,0.9481409001956947,0.9275124553126164,0.9481409001956947,0.9481409001956947,0.9481409001956947,0.7940009339209423
9,infgain,minmax,noAug,noImbl,GradientBoosting,last,0.5,0.1,42,2026-05-29 19:39:00,20260529-185745,log/stroke_prediction_v2/9/infgain/noAug__noImbl__minmax/GradientBoosting,1780052279784_edb427c117800547409700939,0.9471624266144814,0.6013313609467457,0.5169135802469136,0.5208875924575477,0.9182858763996804,0.9471624266144816,0.9285902865371046,0.9471624266144814,0.9471624266144814,0.9471624266144814,0.7999397342543241
9,infgain,minmax,noAug,noImbl,GradientBoosting,last,0.5,0.2,42,2026-05-29 19:39:09,20260529-185745,log/stroke_prediction_v2/9/infgain/noAug__noImbl__minmax/GradientBoosting,1780052279784_edb427c117800547495495579,0.9481409001956947,0.5759095378564405,0.5079423868312758,0.5048585401526577,0.915037320541018,0.9481409001956947,0.9275124553126164,0.9481409001956947,0.9481409001956947,0.9481409001956947,0.7940009339209423
9,infgain,minmax,noAug,noImbl,LogisticRegression,first,0.5,0.1,42,2026-05-29 19:38:42,20260529-185745,log/stroke_prediction_v2/9/infgain/minmax__noAug__noImbl/LogisticRegression,1780052279784_edb427c117800547224833975,0.9510763209393346,0.4755381604696673,0.5,0.4874623871614844,0.9045461682515002,0.9510763209393346,0.9272278675557002,0.9510763209393346,0.9510763209393346,0.9510763209393346,0.7806424994554282
9,infgain,minmax,noAug,noImbl,LogisticRegression,first,0.5,0.2,42,2026-05-29 19:38:51,20260529-185745,log/stroke_prediction_v2/9/infgain/minmax__noAug__noImbl/LogisticRegression,1780052279784_edb427c117800547311005028,0.9510763209393346,0.4755381604696673,0.5,0.4874623871614844,0.9045461682515002,0.9510763209393346,0.9272278675557002,0.9510763209393346,0.9510763209393346,0.9510763209393346,0.7806424994554282
9,infgain,minmax,noAug,noImbl,LogisticRegression,last,0.5,0.1,42,2026-05-29 19:39:00,20260529-185745,log/stroke_prediction_v2/9/infgain/noAug__noImbl__minmax/LogisticRegression,1780052279784_edb427c117800547403901302,0.9510763209393346,0.4755381604696673,0.5,0.4874623871614844,0.9045461682515002,0.9510763209393346,0.9272278675557002,0.9510763209393346,0.9510763209393346,0.9510763209393346,0.7806424994554282
9,infgain,minmax,noAug,noImbl,LogisticRegression,last,0.5,0.2,42,2026-05-29 19:39:08,20260529-185745,log/stroke_prediction_v2/9/infgain/noAug__noImbl__minmax/LogisticRegression,1780052279784_edb427c117800547489825696,0.9510763209393346,0.4755381604696673,0.5,0.4874623871614844,0.9045461682515002,0.9510763209393346,0.9272278675557002,0.9510763209393346,0.9510763209393346,0.9510763209393346,0.7806424994554282
9,infgain,minmax,noAug,noImbl,XGBmodel,first,0.5,0.1,42,2026-05-29 19:38:42,20260529-185745,log/stroke_prediction_v2/9/infgain/minmax__noAug__noImbl/XGBmodel,1780052279784_edb427c117800547220970256,0.949119373776908,0.6430446194225722,0.5179423868312758,0.5226358148893361,0.9224514743876192,0.949119373776908,0.9296936216122568,0.949119373776908,0.949119373776908,0.949119373776908,0.8058410130501487
9,infgain,minmax,noAug,noImbl,XGBmodel,first,0.5,0.2,42,2026-05-29 19:38:50,20260529-185745,log/stroke_prediction_v2/9/infgain/minmax__noAug__noImbl/XGBmodel,1780052279784_edb427c117800547306874534,0.9510763209393346,0.7264243614931238,0.5189711934156378,0.5244742229666852,0.9306936973998362,0.9510763209393344,0.9308039071927005,0.9510763209393346,0.9510763209393346,0.9510763209393346,0.8163311731305013
9,infgain,minmax,noAug,noImbl,XGBmodel,last,0.5,0.1,42,2026-05-29 19:39:00,20260529-185745,log/stroke_prediction_v2/9/infgain/noAug__noImbl__minmax/XGBmodel,1780052279784_edb427c117800547400037496,0.949119373776908,0.6430446194225722,0.5179423868312758,0.5226358148893361,0.9224514743876192,0.949119373776908,0.9296936216122568,0.949119373776908,0.949119373776908,0.949119373776908,0.8058410130501487
9,infgain,minmax,noAug,noImbl,XGBmodel,last,0.5,0.2,42,2026-05-29 19:39:08,20260529-185745,log/stroke_prediction_v2/9/infgain/noAug__noImbl__minmax/XGBmodel,1780052279784_edb427c117800547485897486,0.9510763209393346,0.7264243614931238,0.5189711934156378,0.5244742229666852,0.9306936973998362,0.9510763209393344,0.9308039071927005,0.9510763209393346,0.9510763209393346,0.9510763209393346,0.8163311731305013
9,infgain,minmax,noAug,noImbl,random_forest,first,0.5,0.1,42,2026-05-29 19:38:41,20260529-185745,log/stroke_prediction_v2/9/infgain/minmax__noAug__noImbl/random_forest,1780052279784_edb427c117800547218993498,0.9530332681017613,0.8106955380577427,0.5389711934156378,0.5593561368209254,0.9406315648900052,0.9530332681017613,0.93510180456516,0.9530332681017613,0.9530332681017613,0.9530332681017613,0.8344118280849556
9,infgain,minmax,noAug,noImbl,random_forest,first,0.5,0.2,42,2026-05-29 19:38:50,20260529-185745,log/stroke_prediction_v2/9/infgain/minmax__noAug__noImbl/random_forest,1780052279784_edb427c117800547304852340,0.9530332681017613,0.8519155206286837,0.529485596707819,0.5434952540480179,0.9438588768122906,0.9530332681017614,0.9335717509049926,0.9530332681017613,0.9530332681017613,0.9530332681017613,0.8352993573985353
9,infgain,minmax,noAug,noImbl,random_forest,last,0.5,0.1,42,2026-05-29 19:38:59,20260529-185745,log/stroke_prediction_v2/9/infgain/noAug__noImbl__minmax/random_forest,1780052279784_edb427c117800547397986227,0.9530332681017613,0.8106955380577427,0.5389711934156378,0.5593561368209254,0.9406315648900052,0.9530332681017613,0.93510180456516,0.9530332681017613,0.9530332681017613,0.9530332681017613,0.8344118280849556
9,infgain,minmax,noAug,noImbl,random_forest,last,0.5,0.2,42,2026-05-29 19:39:08,20260529-185745,log/stroke_prediction_v2/9/infgain/noAug__noImbl__minmax/random_forest,1780052279784_edb427c117800547483793693,0.9530332681017613,0.8519155206286837,0.529485596707819,0.5434952540480179,0.9438588768122906,0.9530332681017614,0.9335717509049926,0.9530332681017613,0.9530332681017613,0.9530332681017613,0.8352993573985353
9,infgain,minmax,noAug,noImbl,sklearn_SVM,first,0.5,0.1,42,2026-05-29 19:38:41,20260529-185745,log/stroke_prediction_v2/9/infgain/minmax__noAug__noImbl/sklearn_SVM,1780052279784_edb427c117800547214902303,0.9510763209393346,0.4755381604696673,0.5,0.4874623871614844,0.9045461682515002,0.9510763209393346,0.9272278675557002,0.9510763209393346,0.9510763209393346,0.9510763209393346,0.7806424994554282
9,infgain,minmax,noAug,noImbl,sklearn_SVM,first,0.5,0.2,42,2026-05-29 19:38:50,20260529-185745,log/stroke_prediction_v2/9/infgain/minmax__noAug__noImbl/sklearn_SVM,1780052279784_edb427c117800547301014911,0.9510763209393346,0.4755381604696673,0.5,0.4874623871614844,0.9045461682515002,0.9510763209393346,0.9272278675557002,0.9510763209393346,0.9510763209393346,0.9510763209393346,0.7806424994554282
9,infgain,minmax,noAug,noImbl,sklearn_SVM,last,0.5,0.1,42,2026-05-29 19:38:59,20260529-185745,log/stroke_prediction_v2/9/infgain/noAug__noImbl__minmax/sklearn_SVM,1780052279784_edb427c117800547393759620,0.9510763209393346,0.4755381604696673,0.5,0.4874623871614844,0.9045461682515002,0.9510763209393346,0.9272278675557002,0.9510763209393346,0.9510763209393346,0.9510763209393346,0.7806424994554282
9,infgain,minmax,noAug,noImbl,sklearn_SVM,last,0.5,0.2,42,2026-05-29 19:39:07,20260529-185745,log/stroke_prediction_v2/9/infgain/noAug__noImbl__minmax/sklearn_SVM,1780052279784_edb427c117800547479974851,0.9510763209393346,0.4755381604696673,0.5,0.4874623871614844,0.9045461682515002,0.9510763209393346,0.9272278675557002,0.9510763209393346,0.9510763209393346,0.9510763209393346,0.7806424994554282
9,infgain,standard,gaussian_noise,noImbl,DTmodel,first,0.5,0.1,42,2026-05-29 19:39:34,20260529-185745,log/stroke_prediction_v2/9/infgain/standard__gaussian_noise__noImbl/DTmodel,1780052279784_edb427c117800547748669243,0.9158512720156556,0.5219371630414574,0.5194238683127572,0.5205019094380797,0.9107902770395416,0.9158512720156556,0.913295133895542,0.9158512720156556,0.9158512720156556,0.9158512720156556,0.7766251961456809
9,infgain,standard,gaussian_noise,noImbl,DTmodel,first,0.5,0.2,42,2026-05-29 19:39:59,20260529-185745,log/stroke_prediction_v2/9/infgain/standard__gaussian_noise__noImbl/DTmodel,1780052279784_edb427c117800547993342952,0.9168297455968688,0.5873065966121355,0.6053086419753086,0.5951305677120473,0.9248847559053844,0.9168297455968688,0.9207141484033816,0.9168297455968688,0.9168297455968688,0.9168297455968688,0.8058586051053445
9,infgain,standard,gaussian_noise,noImbl,DTmodel,last,0.5,0.1,42,2026-05-29 19:40:26,20260529-185745,log/stroke_prediction_v2/9/infgain/gaussian_noise__noImbl__standard/DTmodel,1780052279784_edb427c117800548265366206,0.898238747553816,0.5464705211540654,0.5670781893004115,0.5535618279569892,0.9175578263492256,0.898238747553816,0.9074506028659806,0.898238747553816,0.898238747553816,0.898238747553816,0.781558017325342
9,infgain,standard,gaussian_noise,noImbl,DTmodel,last,0.5,0.2,42,2026-05-29 19:40:50,20260529-185745,log/stroke_prediction_v2/9/infgain/gaussian_noise__noImbl__standard/DTmodel,1780052279784_edb427c117800548506203199,0.929549902152642,0.6050613496932515,0.5930246913580246,0.5985597381342062,0.9253808843480246,0.9295499021526418,0.9274098795404536,0.929549902152642,0.929549902152642,0.929549902152642,0.8130620960521857
9,infgain,standard,gaussian_noise,noImbl,GradientBoosting,first,0.5,0.1,42,2026-05-29 19:39:36,20260529-185745,log/stroke_prediction_v2/9/infgain/standard__gaussian_noise__noImbl/GradientBoosting,1780052279784_edb427c117800547769188214,0.9510763209393346,0.4755381604696673,0.5,0.4874623871614844,0.9045461682515002,0.9510763209393346,0.9272278675557002,0.9510763209393346,0.9510763209393346,0.9510763209393346,0.7806424994554282
9,infgain,standard,gaussian_noise,noImbl,GradientBoosting,first,0.5,0.2,42,2026-05-29 19:40:01,20260529-185745,log/stroke_prediction_v2/9/infgain/standard__gaussian_noise__noImbl/GradientBoosting,1780052279784_edb427c117800548014376288,0.9500978473581212,0.4755142017629775,0.499485596707819,0.4872052182639237,0.9045005951342742,0.9500978473581214,0.9267386930577962,0.9500978473581212,0.9500978473581212,0.9500978473581212,0.7800807650020133
9,infgain,standard,gaussian_noise,noImbl,GradientBoosting,last,0.5,0.1,42,2026-05-29 19:40:28,20260529-185745,log/stroke_prediction_v2/9/infgain/gaussian_noise__noImbl__standard/GradientBoosting,1780052279784_edb427c117800548286472247,0.949119373776908,0.6430446194225722,0.5179423868312758,0.5226358148893361,0.9224514743876192,0.949119373776908,0.9296936216122568,0.949119373776908,0.949119373776908,0.949119373776908,0.8058410130501487
9,infgain,standard,gaussian_noise,noImbl,GradientBoosting,last,0.5,0.2,42,2026-05-29 19:40:52,20260529-185745,log/stroke_prediction_v2/9/infgain/gaussian_noise__noImbl__standard/GradientBoosting,1780052279784_edb427c117800548525753085,0.949119373776908,0.4754901960784314,0.4989711934156378,0.4869477911646586,0.9044549326579948,0.949119373776908,0.926249027420838,0.949119373776908,0.949119373776908,0.949119373776908,0.7795189045137939
9,infgain,standard,gaussian_noise,noImbl,LogisticRegression,first,0.5,0.1,42,2026-05-29 19:39:35,20260529-185745,log/stroke_prediction_v2/9/infgain/standard__gaussian_noise__noImbl/LogisticRegression,1780052279784_edb427c117800547752643318,0.9510763209393346,0.4755381604696673,0.5,0.4874623871614844,0.9045461682515002,0.9510763209393346,0.9272278675557002,0.9510763209393346,0.9510763209393346,0.9510763209393346,0.7806424994554282
9,infgain,standard,gaussian_noise,noImbl,LogisticRegression,first,0.5,0.2,42,2026-05-29 19:39:59,20260529-185745,log/stroke_prediction_v2/9/infgain/standard__gaussian_noise__noImbl/LogisticRegression,1780052279784_edb427c117800547997572588,0.9510763209393346,0.4755381604696673,0.5,0.4874623871614844,0.9045461682515002,0.9510763209393346,0.9272278675557002,0.9510763209393346,0.9510763209393346,0.9510763209393346,0.7806424994554282
9,infgain,standard,gaussian_noise,noImbl,LogisticRegression,last,0.5,0.1,42,2026-05-29 19:40:26,20260529-185745,log/stroke_prediction_v2/9/infgain/gaussian_noise__noImbl__standard/LogisticRegression,1780052279784_edb427c117800548269800433,0.9510763209393346,0.4755381604696673,0.5,0.4874623871614844,0.9045461682515002,0.9510763209393346,0.9272278675557002,0.9510763209393346,0.9510763209393346,0.9510763209393346,0.7806424994554282
9,infgain,standard,gaussian_noise,noImbl,LogisticRegression,last,0.5,0.2,42,2026-05-29 19:40:51,20260529-185745,log/stroke_prediction_v2/9/infgain/gaussian_noise__noImbl__standard/LogisticRegression,1780052279784_edb427c117800548510107071,0.9510763209393346,0.4755381604696673,0.5,0.4874623871614844,0.9045461682515002,0.9510763209393346,0.9272278675557002,0.9510763209393346,0.9510763209393346,0.9510763209393346,0.7806424994554282
9,infgain,standard,gaussian_noise,noImbl,XGBmodel,first,0.5,0.1,42,2026-05-29 19:39:34,20260529-185745,log/stroke_prediction_v2/9/infgain/standard__gaussian_noise__noImbl/XGBmodel,1780052279784_edb427c117800547746656904,0.949119373776908,0.4754901960784314,0.4989711934156378,0.4869477911646586,0.9044549326579948,0.949119373776908,0.926249027420838,0.949119373776908,0.949119373776908,0.949119373776908,0.7795189045137939
9,infgain,standard,gaussian_noise,noImbl,XGBmodel,first,0.5,0.2,42,2026-05-29 19:39:59,20260529-185745,log/stroke_prediction_v2/9/infgain/standard__gaussian_noise__noImbl/XGBmodel,1780052279784_edb427c117800547991259751,0.952054794520548,0.8097808308799477,0.519485596707819,0.5254304748727765,0.9388916522152168,0.952054794520548,0.931361974062916,0.952054794520548,0.952054794520548,0.952054794520548,0.8261565931288712
9,infgain,standard,gaussian_noise,noImbl,XGBmodel,last,0.5,0.1,42,2026-05-29 19:40:26,20260529-185745,log/stroke_prediction_v2/9/infgain/gaussian_noise__noImbl__standard/XGBmodel,1780052279784_edb427c117800548263200187,0.949119373776908,0.4754901960784314,0.4989711934156378,0.4869477911646586,0.9044549326579948,0.949119373776908,0.926249027420838,0.949119373776908,0.949119373776908,0.949119373776908,0.7795189045137939
9,infgain,standard,gaussian_noise,noImbl,XGBmodel,last,0.5,0.2,42,2026-05-29 19:40:50,20260529-185745,log/stroke_prediction_v2/9/infgain/gaussian_noise__noImbl__standard/XGBmodel,1780052279784_edb427c117800548504256448,0.9500978473581212,0.4755142017629775,0.499485596707819,0.4872052182639237,0.9045005951342742,0.9500978473581214,0.9267386930577962,0.9500978473581212,0.9500978473581212,0.9500978473581212,0.7800807650020133
9,infgain,standard,gaussian_noise,noImbl,random_forest,first,0.5,0.1,42,2026-05-29 19:39:34,20260529-185745,log/stroke_prediction_v2/9/infgain/standard__gaussian_noise__noImbl/random_forest,1780052279784_edb427c117800547744847489,0.9471624266144814,0.6438943894389438,0.5358847736625514,0.5508935256013802,0.92406786666925,0.9471624266144812,0.9314767826160464,0.9471624266144814,0.9471624266144814,0.9471624266144814,0.8116052198554807
9,infgain,standard,gaussian_noise,noImbl,random_forest,first,0.5,0.2,42,2026-05-29 19:39:58,20260529-185745,log/stroke_prediction_v2/9/infgain/standard__gaussian_noise__noImbl/random_forest,1780052279784_edb427c117800547989313328,0.9500978473581212,0.676401179941003,0.5184567901234568,0.5235431235431236,0.9257572346431604,0.9500978473581212,0.9302478343574236,0.9500978473581212,0.9500978473581212,0.9500978473581212,0.8101693030990923
9,infgain,standard,gaussian_noise,noImbl,random_forest,last,0.5,0.1,42,2026-05-29 19:40:26,20260529-185745,log/stroke_prediction_v2/9/infgain/gaussian_noise__noImbl__standard/random_forest,1780052279784_edb427c117800548261325735,0.949119373776908,0.6430446194225722,0.5179423868312758,0.5226358148893361,0.9224514743876192,0.949119373776908,0.9296936216122568,0.949119373776908,0.949119373776908,0.949119373776908,0.8058410130501487
9,infgain,standard,gaussian_noise,noImbl,random_forest,last,0.5,0.2,42,2026-05-29 19:40:50,20260529-185745,log/stroke_prediction_v2/9/infgain/gaussian_noise__noImbl__standard/random_forest,1780052279784_edb427c117800548502458912,0.946183953033268,0.5472906403940886,0.5069135802469136,0.5037038999108238,0.9121513886612744,0.9461839530332682,0.926467225277553,0.946183953033268,0.946183953033268,0.946183953033268,0.7896348109217913
9,infgain,standard,gaussian_noise,noImbl,sklearn_SVM,first,0.5,0.1,42,2026-05-29 19:39:33,20260529-185745,log/stroke_prediction_v2/9/infgain/standard__gaussian_noise__noImbl/sklearn_SVM,1780052279784_edb427c117800547732817992,0.949119373776908,0.6430446194225722,0.5179423868312758,0.5226358148893361,0.9224514743876192,0.949119373776908,0.9296936216122568,0.949119373776908,0.949119373776908,0.949119373776908,0.8058410130501487
9,infgain,standard,gaussian_noise,noImbl,sklearn_SVM,first,0.5,0.2,42,2026-05-29 19:39:57,20260529-185745,log/stroke_prediction_v2/9/infgain/standard__gaussian_noise__noImbl/sklearn_SVM,1780052279784_edb427c117800547977698490,0.949119373776908,0.6430446194225722,0.5179423868312758,0.5226358148893361,0.9224514743876192,0.949119373776908,0.9296936216122568,0.949119373776908,0.949119373776908,0.949119373776908,0.8058410130501487
9,infgain,standard,gaussian_noise,noImbl,sklearn_SVM,last,0.5,0.1,42,2026-05-29 19:40:25,20260529-185745,log/stroke_prediction_v2/9/infgain/gaussian_noise__noImbl__standard/sklearn_SVM,1780052279784_edb427c117800548250375228,0.9452054794520548,0.4753937007874016,0.4969135802469136,0.4859154929577465,0.9042713838852336,0.9452054794520548,0.9242854386593534,0.9452054794520548,0.9452054794520548,0.9452054794520548,0.7772701980153415
9,infgain,standard,gaussian_noise,noImbl,sklearn_SVM,last,0.5,0.2,42,2026-05-29 19:40:49,20260529-185745,log/stroke_prediction_v2/9/infgain/gaussian_noise__noImbl__standard/sklearn_SVM,1780052279784_edb427c117800548491994016,0.9452054794520548,0.5383382642998028,0.5063991769547325,0.5031426884744937,0.9112324714274136,0.9452054794520548,0.9259454823347752,0.9452054794520548,0.9452054794520548,0.9452054794520548,0.7880424086704069
9,infgain,standard,mixup,noImbl,DTmodel,first,0.5,0.1,42,2026-05-29 19:41:05,20260529-185745,log/stroke_prediction_v2/9/infgain/standard__mixup__noImbl/DTmodel,1780052279784_edb427c117800548650967655,0.9275929549902152,0.5931864658858524,0.5825102880658436,0.5874086197490452,0.923296511875384,0.9275929549902152,0.9253934873054664,0.9275929549902152,0.9275929549902152,0.9275929549902152,0.8078568246369706
9,infgain,standard,mixup,noImbl,DTmodel,first,0.5,0.2,42,2026-05-29 19:41:17,20260529-185745,log/stroke_prediction_v2/9/infgain/standard__mixup__noImbl/DTmodel,1780052279784_edb427c117800548776917438,0.9090019569471623,0.531794678950832,0.5347942386831276,0.5331614234141309,0.9131380016620346,0.9090019569471623,0.911051251023133,0.9090019569471623,0.9090019569471623,0.9090019569471623,0.7782053758740537
9,infgain,standard,mixup,noImbl,DTmodel,last,0.5,0.1,42,2026-05-29 19:41:31,20260529-185745,log/stroke_prediction_v2/9/infgain/mixup__noImbl__standard/DTmodel,1780052279784_edb427c117800548914744929,0.9158512720156556,0.5552735923869945,0.5573662551440329,0.5562892510248179,0.9174224165892012,0.9158512720156556,0.916632928583027,0.9158512720156556,0.9158512720156556,0.9158512720156556,0.7902850621594616
9,infgain,standard,mixup,noImbl,DTmodel,last,0.5,0.2,42,2026-05-29 19:41:44,20260529-185745,log/stroke_prediction_v2/9/infgain/mixup__noImbl__standard/DTmodel,1780052279784_edb427c117800549042596843,0.9148727984344422,0.5936156911776197,0.6232510288065843,0.6056311790613814,0.927173183171753,0.9148727984344422,0.9206817570304004,0.9148727984344422,0.9148727984344422,0.9148727984344422,0.8093000501031398
9,infgain,standard,mixup,noImbl,GradientBoosting,first,0.5,0.1,42,2026-05-29 19:41:06,20260529-185745,log/stroke_prediction_v2/9/infgain/standard__mixup__noImbl/GradientBoosting,1780052279784_edb427c117800548663879115,0.949119373776908,0.6430446194225722,0.5179423868312758,0.5226358148893361,0.9224514743876192,0.949119373776908,0.9296936216122568,0.949119373776908,0.949119373776908,0.949119373776908,0.8058410130501487
9,infgain,standard,mixup,noImbl,GradientBoosting,first,0.5,0.2,42,2026-05-29 19:41:18,20260529-185745,log/stroke_prediction_v2/9/infgain/standard__mixup__noImbl/GradientBoosting,1780052279784_edb427c117800548789631855,0.9481409001956947,0.5759095378564405,0.5079423868312758,0.5048585401526577,0.915037320541018,0.9481409001956947,0.9275124553126164,0.9481409001956947,0.9481409001956947,0.9481409001956947,0.7940009339209423
9,infgain,standard,mixup,noImbl,GradientBoosting,last,0.5,0.1,42,2026-05-29 19:41:32,20260529-185745,log/stroke_prediction_v2/9/infgain/mixup__noImbl__standard/GradientBoosting,1780052279784_edb427c117800548927846024,0.9530332681017613,0.8106955380577427,0.5389711934156378,0.5593561368209254,0.9406315648900052,0.9530332681017613,0.93510180456516,0.9530332681017613,0.9530332681017613,0.9530332681017613,0.8344118280849556
9,infgain,standard,mixup,noImbl,GradientBoosting,last,0.5,0.2,42,2026-05-29 19:41:45,20260529-185745,log/stroke_prediction_v2/9/infgain/mixup__noImbl__standard/GradientBoosting,1780052279784_edb427c117800549055533217,0.949119373776908,0.6009332023575638,0.5084567901234568,0.5054531918853528,0.9175285179873816,0.949119373776908,0.9280360634804086,0.949119373776908,0.949119373776908,0.949119373776908,0.7973629888624674
9,infgain,standard,mixup,noImbl,LogisticRegression,first,0.5,0.1,42,2026-05-29 19:41:05,20260529-185745,log/stroke_prediction_v2/9/infgain/standard__mixup__noImbl/LogisticRegression,1780052279784_edb427c117800548654239256,0.949119373776908,0.4754901960784314,0.4989711934156378,0.4869477911646586,0.9044549326579948,0.949119373776908,0.926249027420838,0.949119373776908,0.949119373776908,0.949119373776908,0.7795189045137939
9,infgain,standard,mixup,noImbl,LogisticRegression,first,0.5,0.2,42,2026-05-29 19:41:18,20260529-185745,log/stroke_prediction_v2/9/infgain/standard__mixup__noImbl/LogisticRegression,1780052279784_edb427c117800548780113684,0.952054794520548,0.976003917727718,0.51,0.5073148175476915,0.9543557887110408,0.952054794520548,0.9296116854869024,0.952054794520548,0.952054794520548,0.952054794520548,0.840396863907284
9,infgain,standard,mixup,noImbl,LogisticRegression,last,0.5,0.1,42,2026-05-29 19:41:31,20260529-185745,log/stroke_prediction_v2/9/infgain/mixup__noImbl__standard/LogisticRegression,1780052279784_edb427c117800548918297621,0.949119373776908,0.4754901960784314,0.4989711934156378,0.4869477911646586,0.9044549326579948,0.949119373776908,0.926249027420838,0.949119373776908,0.949119373776908,0.949119373776908,0.7795189045137939
9,infgain,standard,mixup,noImbl,LogisticRegression,last,0.5,0.2,42,2026-05-29 19:41:44,20260529-185745,log/stroke_prediction_v2/9/infgain/mixup__noImbl__standard/LogisticRegression,1780052279784_edb427c117800549045965355,0.9510763209393346,0.4755381604696673,0.5,0.4874623871614844,0.9045461682515002,0.9510763209393346,0.9272278675557002,0.9510763209393346,0.9510763209393346,0.9510763209393346,0.7806424994554282
9,infgain,standard,mixup,noImbl,XGBmodel,first,0.5,0.1,42,2026-05-29 19:41:04,20260529-185745,log/stroke_prediction_v2/9/infgain/standard__mixup__noImbl/XGBmodel,1780052279784_edb427c117800548648967715,0.9530332681017613,0.976470588235294,0.52,0.5264133456904542,0.9552434672499136,0.9530332681017613,0.9319221791576966,0.9530332681017613,0.9530332681017613,0.9530332681017613,0.8451350415164477
9,infgain,standard,mixup,noImbl,XGBmodel,first,0.5,0.2,42,2026-05-29 19:41:17,20260529-185745,log/stroke_prediction_v2/9/infgain/standard__mixup__noImbl/XGBmodel,1780052279784_edb427c117800548774954345,0.9500978473581212,0.6426234870788354,0.5089711934156378,0.5060602901737061,0.9216504163874,0.9500978473581212,0.9285604219838514,0.9500978473581212,0.9500978473581212,0.9500978473581212,0.8025567554550692
9,infgain,standard,mixup,noImbl,XGBmodel,last,0.5,0.1,42,2026-05-29 19:41:31,20260529-185745,log/stroke_prediction_v2/9/infgain/mixup__noImbl__standard/XGBmodel,1780052279784_edb427c117800548912730641,0.9530332681017613,0.976470588235294,0.52,0.5264133456904542,0.9552434672499136,0.9530332681017613,0.9319221791576966,0.9530332681017613,0.9530332681017613,0.9530332681017613,0.8451350415164477
9,infgain,standard,mixup,noImbl,XGBmodel,last,0.5,0.2,42,2026-05-29 19:41:44,20260529-185745,log/stroke_prediction_v2/9/infgain/mixup__noImbl__standard/XGBmodel,1780052279784_edb427c117800549040582535,0.9471624266144814,0.475442043222004,0.4979423868312758,0.4864321608040201,0.9043633385749272,0.9471624266144816,0.9252682197681164,0.9471624266144814,0.9471624266144814,0.9471624266144814,0.7783948045944336
9,infgain,standard,mixup,noImbl,random_forest,first,0.5,0.1,42,2026-05-29 19:41:04,20260529-185745,log/stroke_prediction_v2/9/infgain/standard__mixup__noImbl/random_forest,1780052279784_edb427c117800548647047029,0.9510763209393346,0.7264243614931238,0.5189711934156378,0.5244742229666852,0.9306936973998362,0.9510763209393344,0.9308039071927005,0.9510763209393346,0.9510763209393346,0.9510763209393346,0.8163311731305013
9,infgain,standard,mixup,noImbl,random_forest,first,0.5,0.2,42,2026-05-29 19:41:17,20260529-185745,log/stroke_prediction_v2/9/infgain/standard__mixup__noImbl/random_forest,1780052279784_edb427c117800548772985160,0.9481409001956947,0.6192118226600984,0.5174279835390947,0.5217510308231575,0.9200775066757926,0.9481409001956947,0.9291411443583694,0.9481409001956947,0.9481409001956947,0.9481409001956947,0.8025619176430053
9,infgain,standard,mixup,noImbl,random_forest,last,0.5,0.1,42,2026-05-29 19:41:31,20260529-185745,log/stroke_prediction_v2/9/infgain/mixup__noImbl__standard/random_forest,1780052279784_edb427c117800548910816637,0.9510763209393346,0.7264243614931238,0.5189711934156378,0.5244742229666852,0.9306936973998362,0.9510763209393344,0.9308039071927005,0.9510763209393346,0.9510763209393346,0.9510763209393346,0.8163311731305013
9,infgain,standard,mixup,noImbl,random_forest,last,0.5,0.2,42,2026-05-29 19:41:43,20260529-185745,log/stroke_prediction_v2/9/infgain/mixup__noImbl__standard/random_forest,1780052279784_edb427c117800549038429705,0.9481409001956947,0.5759095378564405,0.5079423868312758,0.5048585401526577,0.915037320541018,0.9481409001956947,0.9275124553126164,0.9481409001956947,0.9481409001956947,0.9481409001956947,0.7940009339209423
9,infgain,standard,mixup,noImbl,sklearn_SVM,first,0.5,0.1,42,2026-05-29 19:41:04,20260529-185745,log/stroke_prediction_v2/9/infgain/standard__mixup__noImbl/sklearn_SVM,1780052279784_edb427c117800548641068048,0.949119373776908,0.4754901960784314,0.4989711934156378,0.4869477911646586,0.9044549326579948,0.949119373776908,0.926249027420838,0.949119373776908,0.949119373776908,0.949119373776908,0.7795189045137939
9,infgain,standard,mixup,noImbl,sklearn_SVM,first,0.5,0.2,42,2026-05-29 19:41:16,20260529-185745,log/stroke_prediction_v2/9/infgain/standard__mixup__noImbl/sklearn_SVM,1780052279784_edb427c117800548767045783,0.9481409001956947,0.5759095378564405,0.5079423868312758,0.5048585401526577,0.915037320541018,0.9481409001956947,0.9275124553126164,0.9481409001956947,0.9481409001956947,0.9481409001956947,0.7940009339209423
9,infgain,standard,mixup,noImbl,sklearn_SVM,last,0.5,0.1,42,2026-05-29 19:41:30,20260529-185745,log/stroke_prediction_v2/9/infgain/mixup__noImbl__standard/sklearn_SVM,1780052279784_edb427c117800548904940844,0.949119373776908,0.4754901960784314,0.4989711934156378,0.4869477911646586,0.9044549326579948,0.949119373776908,0.926249027420838,0.949119373776908,0.949119373776908,0.949119373776908,0.7795189045137939
9,infgain,standard,mixup,noImbl,sklearn_SVM,last,0.5,0.2,42,2026-05-29 19:41:43,20260529-185745,log/stroke_prediction_v2/9/infgain/mixup__noImbl__standard/sklearn_SVM,1780052279784_edb427c117800549032541336,0.952054794520548,0.8097808308799477,0.519485596707819,0.5254304748727765,0.9388916522152168,0.952054794520548,0.931361974062916,0.952054794520548,0.952054794520548,0.952054794520548,0.8261565931288712
9,infgain,standard,noAug,noImbl,DTmodel,first,0.5,0.1,42,2026-05-29 19:41:54,20260529-185745,log/stroke_prediction_v2/9/infgain/standard__noAug__noImbl/DTmodel,1780052279784_edb427c117800549146158057,0.9178082191780822,0.558395061728395,0.558395061728395,0.558395061728395,0.9178082191780822,0.9178082191780822,0.9178082191780822,0.9178082191780822,0.9178082191780822,0.9178082191780822,0.7920136140706917
9,infgain,standard,noAug,noImbl,DTmodel,first,0.5,0.2,42,2026-05-29 19:42:03,20260529-185745,log/stroke_prediction_v2/9/infgain/standard__noAug__noImbl/DTmodel,1780052279784_edb427c117800549236619407,0.9129158512720156,0.5361664748288605,0.5368518518518518,0.5365032128534521,0.913734871655588,0.9129158512720156,0.913324551205152,0.9129158512720156,0.9129158512720156,0.9129158512720156,0.7813158249512268
9,infgain,standard,noAug,noImbl,DTmodel,last,0.5,0.1,42,2026-05-29 19:42:13,20260529-185745,log/stroke_prediction_v2/9/infgain/noAug__noImbl__standard/DTmodel,1780052279784_edb427c117800549335720213,0.9178082191780822,0.558395061728395,0.558395061728395,0.558395061728395,0.9178082191780822,0.9178082191780822,0.9178082191780822,0.9178082191780822,0.9178082191780822,0.9178082191780822,0.7920136140706917
9,infgain,standard,noAug,noImbl,DTmodel,last,0.5,0.2,42,2026-05-29 19:42:22,20260529-185745,log/stroke_prediction_v2/9/infgain/noAug__noImbl__standard/DTmodel,1780052279784_edb427c117800549426000877,0.9129158512720156,0.5361664748288605,0.5368518518518518,0.5365032128534521,0.913734871655588,0.9129158512720156,0.913324551205152,0.9129158512720156,0.9129158512720156,0.9129158512720156,0.7813158249512268
9,infgain,standard,noAug,noImbl,GradientBoosting,first,0.5,0.1,42,2026-05-29 19:41:55,20260529-185745,log/stroke_prediction_v2/9/infgain/standard__noAug__noImbl/GradientBoosting,1780052279784_edb427c117800549155088823,0.949119373776908,0.4754901960784314,0.4989711934156378,0.4869477911646586,0.9044549326579948,0.949119373776908,0.926249027420838,0.949119373776908,0.949119373776908,0.949119373776908,0.7795189045137939
9,infgain,standard,noAug,noImbl,GradientBoosting,first,0.5,0.2,42,2026-05-29 19:42:04,20260529-185745,log/stroke_prediction_v2/9/infgain/standard__noAug__noImbl/GradientBoosting,1780052279784_edb427c117800549245067395,0.9481409001956947,0.4754661432777232,0.4984567901234568,0.4866901054746358,0.9044091805595832,0.9481409001956947,0.9257588699047868,0.9481409001956947,0.9481409001956947,0.9481409001956947,0.7789569177812675
9,infgain,standard,noAug,noImbl,GradientBoosting,last,0.5,0.1,42,2026-05-29 19:42:14,20260529-185745,log/stroke_prediction_v2/9/infgain/noAug__noImbl__standard/GradientBoosting,1780052279784_edb427c117800549344392680,0.949119373776908,0.4754901960784314,0.4989711934156378,0.4869477911646586,0.9044549326579948,0.949119373776908,0.926249027420838,0.949119373776908,0.949119373776908,0.949119373776908,0.7795189045137939
9,infgain,standard,noAug,noImbl,GradientBoosting,last,0.5,0.2,42,2026-05-29 19:42:23,20260529-185745,log/stroke_prediction_v2/9/infgain/noAug__noImbl__standard/GradientBoosting,1780052279784_edb427c117800549434348959,0.9481409001956947,0.4754661432777232,0.4984567901234568,0.4866901054746358,0.9044091805595832,0.9481409001956947,0.9257588699047868,0.9481409001956947,0.9481409001956947,0.9481409001956947,0.7789569177812675
9,infgain,standard,noAug,noImbl,LogisticRegression,first,0.5,0.1,42,2026-05-29 19:41:54,20260529-185745,log/stroke_prediction_v2/9/infgain/standard__noAug__noImbl/LogisticRegression,1780052279784_edb427c117800549149133071,0.9510763209393346,0.7264243614931238,0.5189711934156378,0.5244742229666852,0.9306936973998362,0.9510763209393344,0.9308039071927005,0.9510763209393346,0.9510763209393346,0.9510763209393346,0.8163311731305013
9,infgain,standard,noAug,noImbl,LogisticRegression,first,0.5,0.2,42,2026-05-29 19:42:03,20260529-185745,log/stroke_prediction_v2/9/infgain/standard__noAug__noImbl/LogisticRegression,1780052279784_edb427c117800549239484234,0.952054794520548,0.976003917727718,0.51,0.5073148175476915,0.9543557887110408,0.952054794520548,0.9296116854869024,0.952054794520548,0.952054794520548,0.952054794520548,0.840396863907284
9,infgain,standard,noAug,noImbl,LogisticRegression,last,0.5,0.1,42,2026-05-29 19:42:13,20260529-185745,log/stroke_prediction_v2/9/infgain/noAug__noImbl__standard/LogisticRegression,1780052279784_edb427c117800549338595269,0.9510763209393346,0.7264243614931238,0.5189711934156378,0.5244742229666852,0.9306936973998362,0.9510763209393344,0.9308039071927005,0.9510763209393346,0.9510763209393346,0.9510763209393346,0.8163311731305013
9,infgain,standard,noAug,noImbl,LogisticRegression,last,0.5,0.2,42,2026-05-29 19:42:22,20260529-185745,log/stroke_prediction_v2/9/infgain/noAug__noImbl__standard/LogisticRegression,1780052279784_edb427c117800549428842653,0.952054794520548,0.976003917727718,0.51,0.5073148175476915,0.9543557887110408,0.952054794520548,0.9296116854869024,0.952054794520548,0.952054794520548,0.952054794520548,0.840396863907284
9,infgain,standard,noAug,noImbl,XGBmodel,first,0.5,0.1,42,2026-05-29 19:41:54,20260529-185745,log/stroke_prediction_v2/9/infgain/standard__noAug__noImbl/XGBmodel,1780052279784_edb427c117800549144143984,0.9471624266144814,0.475442043222004,0.4979423868312758,0.4864321608040201,0.9043633385749272,0.9471624266144816,0.9252682197681164,0.9471624266144814,0.9471624266144814,0.9471624266144814,0.7783948045944336
9,infgain,standard,noAug,noImbl,XGBmodel,first,0.5,0.2,42,2026-05-29 19:42:03,20260529-185745,log/stroke_prediction_v2/9/infgain/standard__noAug__noImbl/XGBmodel,1780052279784_edb427c117800549234679396,0.9500978473581212,0.4755142017629775,0.499485596707819,0.4872052182639237,0.9045005951342742,0.9500978473581214,0.9267386930577962,0.9500978473581212,0.9500978473581212,0.9500978473581212,0.7800807650020133
9,infgain,standard,noAug,noImbl,XGBmodel,last,0.5,0.1,42,2026-05-29 19:42:13,20260529-185745,log/stroke_prediction_v2/9/infgain/noAug__noImbl__standard/XGBmodel,1780052279784_edb427c117800549333815679,0.9471624266144814,0.475442043222004,0.4979423868312758,0.4864321608040201,0.9043633385749272,0.9471624266144816,0.9252682197681164,0.9471624266144814,0.9471624266144814,0.9471624266144814,0.7783948045944336
9,infgain,standard,noAug,noImbl,XGBmodel,last,0.5,0.2,42,2026-05-29 19:42:22,20260529-185745,log/stroke_prediction_v2/9/infgain/noAug__noImbl__standard/XGBmodel,1780052279784_edb427c117800549424051067,0.9500978473581212,0.4755142017629775,0.499485596707819,0.4872052182639237,0.9045005951342742,0.9500978473581214,0.9267386930577962,0.9500978473581212,0.9500978473581212,0.9500978473581212,0.7800807650020133
9,infgain,standard,noAug,noImbl,random_forest,first,0.5,0.1,42,2026-05-29 19:41:54,20260529-185745,log/stroke_prediction_v2/9/infgain/standard__noAug__noImbl/random_forest,1780052279784_edb427c117800549142082486,0.9510763209393346,0.7264243614931238,0.5189711934156378,0.5244742229666852,0.9306936973998362,0.9510763209393344,0.9308039071927005,0.9510763209393346,0.9510763209393346,0.9510763209393346,0.8163311731305013
9,infgain,standard,noAug,noImbl,random_forest,first,0.5,0.2,42,2026-05-29 19:42:03,20260529-185745,log/stroke_prediction_v2/9/infgain/standard__noAug__noImbl/random_forest,1780052279784_edb427c117800549232554030,0.9500978473581212,0.6911330049261084,0.5279423868312758,0.5397981617354912,0.9280036246903108,0.9500978473581214,0.9318150634391856,0.9500978473581212,0.9500978473581212,0.9500978473581212,0.8154890243642193
9,infgain,standard,noAug,noImbl,random_forest,last,0.5,0.1,42,2026-05-29 19:42:13,20260529-185745,log/stroke_prediction_v2/9/infgain/noAug__noImbl__standard/random_forest,1780052279784_edb427c117800549331763520,0.9510763209393346,0.7264243614931238,0.5189711934156378,0.5244742229666852,0.9306936973998362,0.9510763209393344,0.9308039071927005,0.9510763209393346,0.9510763209393346,0.9510763209393346,0.8163311731305013
9,infgain,standard,noAug,noImbl,random_forest,last,0.5,0.2,42,2026-05-29 19:42:22,20260529-185745,log/stroke_prediction_v2/9/infgain/noAug__noImbl__standard/random_forest,1780052279784_edb427c117800549421950011,0.9500978473581212,0.6911330049261084,0.5279423868312758,0.5397981617354912,0.9280036246903108,0.9500978473581214,0.9318150634391856,0.9500978473581212,0.9500978473581212,0.9500978473581212,0.8154890243642193
9,infgain,standard,noAug,noImbl,sklearn_SVM,first,0.5,0.1,42,2026-05-29 19:41:53,20260529-185745,log/stroke_prediction_v2/9/infgain/standard__noAug__noImbl/sklearn_SVM,1780052279784_edb427c117800549138036378,0.949119373776908,0.4754901960784314,0.4989711934156378,0.4869477911646586,0.9044549326579948,0.949119373776908,0.926249027420838,0.949119373776908,0.949119373776908,0.949119373776908,0.7795189045137939
9,infgain,standard,noAug,noImbl,sklearn_SVM,first,0.5,0.2,42,2026-05-29 19:42:02,20260529-185745,log/stroke_prediction_v2/9/infgain/standard__noAug__noImbl/sklearn_SVM,1780052279784_edb427c117800549228688305,0.9510763209393346,0.4755381604696673,0.5,0.4874623871614844,0.9045461682515002,0.9510763209393346,0.9272278675557002,0.9510763209393346,0.9510763209393346,0.9510763209393346,0.7806424994554282
9,infgain,standard,noAug,noImbl,sklearn_SVM,last,0.5,0.1,42,2026-05-29 19:42:12,20260529-185745,log/stroke_prediction_v2/9/infgain/noAug__noImbl__standard/sklearn_SVM,1780052279784_edb427c117800549327667050,0.949119373776908,0.4754901960784314,0.4989711934156378,0.4869477911646586,0.9044549326579948,0.949119373776908,0.926249027420838,0.949119373776908,0.949119373776908,0.949119373776908,0.7795189045137939
9,infgain,standard,noAug,noImbl,sklearn_SVM,last,0.5,0.2,42,2026-05-29 19:42:21,20260529-185745,log/stroke_prediction_v2/9/infgain/noAug__noImbl__standard/sklearn_SVM,1780052279784_edb427c117800549416897344,0.9510763209393346,0.4755381604696673,0.5,0.4874623871614844,0.9045461682515002,0.9510763209393346,0.9272278675557002,0.9510763209393346,0.9510763209393346,0.9510763209393346,0.7806424994554282
10,noSelect,minmax,gaussian_noise,noImbl,DTmodel,first,0.5,0.1,42,2026-05-29 19:42:46,20260529-185745,log/stroke_prediction_v2/10/noSelect/minmax__gaussian_noise__noImbl/DTmodel,1780052279784_edb427c117800549667214139,0.9158512720156556,0.5685817805383022,0.5763374485596708,0.5721518001440894,0.9204306499252471,0.9158512720156556,0.9181025785999672,0.9158512720156556,0.9158512720156556,0.9158512720156556,0.7964136535201926
10,noSelect,minmax,gaussian_noise,noImbl,DTmodel,first,0.5,0.2,42,2026-05-29 19:43:10,20260529-185745,log/stroke_prediction_v2/10/noSelect/minmax__gaussian_noise__noImbl/DTmodel,1780052279784_edb427c117800549900330814,0.9129158512720156,0.5698725712628581,0.5842798353909465,0.5760778885455553,0.9213013536722396,0.9129158512720156,0.916983049504717,0.9129158512720156,0.9129158512720156,0.9129158512720156,0.7966708572489514
10,noSelect,minmax,gaussian_noise,noImbl,DTmodel,last,0.5,0.1,42,2026-05-29 19:43:35,20260529-185745,log/stroke_prediction_v2/10/noSelect/gaussian_noise__noImbl__minmax/DTmodel,1780052279784_edb427c117800550154105593,0.9256360078277888,0.5355441771850441,0.5245679012345679,0.5282312925170067,0.9125511665483677,0.9256360078277888,0.9188572493576688,0.9256360078277888,0.9256360078277888,0.9256360078277884,0.7845840089091145
10,noSelect,minmax,gaussian_noise,noImbl,DTmodel,last,0.5,0.2,42,2026-05-29 19:43:58,20260529-185745,log/stroke_prediction_v2/10/noSelect/gaussian_noise__noImbl__minmax/DTmodel,1780052279784_edb427c117800550387764883,0.9050880626223092,0.5743259415698697,0.6086213991769547,0.5867264200104221,0.9240537805725638,0.9050880626223092,0.9139610181020162,0.9050880626223092,0.9050880626223092,0.9050880626223092,0.7978384528977281
10,noSelect,minmax,gaussian_noise,noImbl,GradientBoosting,first,0.5,0.1,42,2026-05-29 19:42:48,20260529-185745,log/stroke_prediction_v2/10/noSelect/minmax__gaussian_noise__noImbl/GradientBoosting,1780052279784_edb427c117800549688007984,0.9510763209393346,0.4755381604696673,0.5,0.4874623871614844,0.9045461682515002,0.9510763209393346,0.9272278675557002,0.9510763209393346,0.9510763209393346,0.9510763209393346,0.7806424994554282
10,noSelect,minmax,gaussian_noise,noImbl,GradientBoosting,first,0.5,0.2,42,2026-05-29 19:43:12,20260529-185745,log/stroke_prediction_v2/10/noSelect/minmax__gaussian_noise__noImbl/GradientBoosting,1780052279784_edb427c117800549921498260,0.949119373776908,0.4754901960784314,0.4989711934156378,0.4869477911646586,0.9044549326579948,0.949119373776908,0.926249027420838,0.949119373776908,0.949119373776908,0.949119373776908,0.7795189045137939
10,noSelect,minmax,gaussian_noise,noImbl,GradientBoosting,last,0.5,0.1,42,2026-05-29 19:43:37,20260529-185745,log/stroke_prediction_v2/10/noSelect/gaussian_noise__noImbl__minmax/GradientBoosting,1780052279784_edb427c117800550175716620,0.949119373776908,0.4754901960784314,0.4989711934156378,0.4869477911646586,0.9044549326579948,0.949119373776908,0.926249027420838,0.949119373776908,0.949119373776908,0.949119373776908,0.7795189045137939
10,noSelect,minmax,gaussian_noise,noImbl,GradientBoosting,last,0.5,0.2,42,2026-05-29 19:44:00,20260529-185745,log/stroke_prediction_v2/10/noSelect/gaussian_noise__noImbl__minmax/GradientBoosting,1780052279784_edb427c117800550407477746,0.9500978473581212,0.676401179941003,0.5184567901234568,0.5235431235431236,0.9257572346431604,0.9500978473581212,0.9302478343574236,0.9500978473581212,0.9500978473581212,0.9500978473581212,0.8101693030990923
10,noSelect,minmax,gaussian_noise,noImbl,LogisticRegression,first,0.5,0.1,42,2026-05-29 19:42:46,20260529-185745,log/stroke_prediction_v2/10/noSelect/minmax__gaussian_noise__noImbl/LogisticRegression,1780052279784_edb427c117800549669469630,0.9510763209393346,0.4755381604696673,0.5,0.4874623871614844,0.9045461682515002,0.9510763209393346,0.9272278675557002,0.9510763209393346,0.9510763209393346,0.9510763209393346,0.7806424994554282
10,noSelect,minmax,gaussian_noise,noImbl,LogisticRegression,first,0.5,0.2,42,2026-05-29 19:43:10,20260529-185745,log/stroke_prediction_v2/10/noSelect/minmax__gaussian_noise__noImbl/LogisticRegression,1780052279784_edb427c117800549902646962,0.9510763209393346,0.4755381604696673,0.5,0.4874623871614844,0.9045461682515002,0.9510763209393346,0.9272278675557002,0.9510763209393346,0.9510763209393346,0.9510763209393346,0.7806424994554282
10,noSelect,minmax,gaussian_noise,noImbl,LogisticRegression,last,0.5,0.1,42,2026-05-29 19:43:35,20260529-185745,log/stroke_prediction_v2/10/noSelect/gaussian_noise__noImbl__minmax/LogisticRegression,1780052279784_edb427c117800550156536070,0.9510763209393346,0.4755381604696673,0.5,0.4874623871614844,0.9045461682515002,0.9510763209393346,0.9272278675557002,0.9510763209393346,0.9510763209393346,0.9510763209393346,0.7806424994554282
10,noSelect,minmax,gaussian_noise,noImbl,LogisticRegression,last,0.5,0.2,42,2026-05-29 19:43:59,20260529-185745,log/stroke_prediction_v2/10/noSelect/gaussian_noise__noImbl__minmax/LogisticRegression,1780052279784_edb427c117800550390161741,0.9510763209393346,0.4755381604696673,0.5,0.4874623871614844,0.9045461682515002,0.9510763209393346,0.9272278675557002,0.9510763209393346,0.9510763209393346,0.9510763209393346,0.7806424994554282
10,noSelect,minmax,gaussian_noise,noImbl,XGBmodel,first,0.5,0.1,42,2026-05-29 19:42:46,20260529-185745,log/stroke_prediction_v2/10/noSelect/minmax__gaussian_noise__noImbl/XGBmodel,1780052279784_edb427c117800549665057505,0.9510763209393346,0.4755381604696673,0.5,0.4874623871614844,0.9045461682515002,0.9510763209393346,0.9272278675557002,0.9510763209393346,0.9510763209393346,0.9510763209393346,0.7806424994554282
10,noSelect,minmax,gaussian_noise,noImbl,XGBmodel,first,0.5,0.2,42,2026-05-29 19:43:09,20260529-185745,log/stroke_prediction_v2/10/noSelect/minmax__gaussian_noise__noImbl/XGBmodel,1780052279784_edb427c117800549898186888,0.952054794520548,0.976003917727718,0.51,0.5073148175476915,0.9543557887110408,0.952054794520548,0.9296116854869024,0.952054794520548,0.952054794520548,0.952054794520548,0.840396863907284
10,noSelect,minmax,gaussian_noise,noImbl,XGBmodel,last,0.5,0.1,42,2026-05-29 19:43:35,20260529-185745,log/stroke_prediction_v2/10/noSelect/gaussian_noise__noImbl__minmax/XGBmodel,1780052279784_edb427c117800550151968226,0.9510763209393346,0.7264243614931238,0.5189711934156378,0.5244742229666852,0.9306936973998362,0.9510763209393344,0.9308039071927005,0.9510763209393346,0.9510763209393346,0.9510763209393346,0.8163311731305013
10,noSelect,minmax,gaussian_noise,noImbl,XGBmodel,last,0.5,0.2,42,2026-05-29 19:43:58,20260529-185745,log/stroke_prediction_v2/10/noSelect/gaussian_noise__noImbl__minmax/XGBmodel,1780052279784_edb427c117800550385559474,0.949119373776908,0.6430446194225722,0.5179423868312758,0.5226358148893361,0.9224514743876192,0.949119373776908,0.9296936216122568,0.949119373776908,0.949119373776908,0.949119373776908,0.8058410130501487
10,noSelect,minmax,gaussian_noise,noImbl,random_forest,first,0.5,0.1,42,2026-05-29 19:42:46,20260529-185745,log/stroke_prediction_v2/10/noSelect/minmax__gaussian_noise__noImbl/random_forest,1780052279784_edb427c117800549663137847,0.9530332681017613,0.8106955380577427,0.5389711934156378,0.5593561368209254,0.9406315648900052,0.9530332681017613,0.93510180456516,0.9530332681017613,0.9530332681017613,0.9530332681017613,0.8344118280849556
10,noSelect,minmax,gaussian_noise,noImbl,random_forest,first,0.5,0.2,42,2026-05-29 19:43:09,20260529-185745,log/stroke_prediction_v2/10/noSelect/minmax__gaussian_noise__noImbl/random_forest,1780052279784_edb427c117800549896265347,0.949119373776908,0.6772727272727272,0.5369135802469136,0.5535618279569893,0.927415050702722,0.949119373776908,0.9326720745744168,0.949119373776908,0.949119373776908,0.949119373776908,0.8167429707127102
10,noSelect,minmax,gaussian_noise,noImbl,random_forest,last,0.5,0.1,42,2026-05-29 19:43:35,20260529-185745,log/stroke_prediction_v2/10/noSelect/gaussian_noise__noImbl__minmax/random_forest,1780052279784_edb427c117800550150079709,0.9530332681017613,0.8106955380577427,0.5389711934156378,0.5593561368209254,0.9406315648900052,0.9530332681017613,0.93510180456516,0.9530332681017613,0.9530332681017613,0.9530332681017613,0.8344118280849556
10,noSelect,minmax,gaussian_noise,noImbl,random_forest,last,0.5,0.2,42,2026-05-29 19:43:58,20260529-185745,log/stroke_prediction_v2/10/noSelect/gaussian_noise__noImbl__minmax/random_forest,1780052279784_edb427c117800550383530672,0.9500978473581212,0.6995173851047494,0.5374279835390947,0.5549502625624386,0.9296321123932046,0.9500978473581212,0.9332743260947538,0.9500978473581212,0.9500978473581212,0.9500978473581212,0.819930575345532
10,noSelect,minmax,gaussian_noise,noImbl,sklearn_SVM,first,0.5,0.1,42,2026-05-29 19:42:45,20260529-185745,log/stroke_prediction_v2/10/noSelect/minmax__gaussian_noise__noImbl/sklearn_SVM,1780052279784_edb427c117800549651575871,0.9510763209393346,0.7264243614931238,0.5189711934156378,0.5244742229666852,0.9306936973998362,0.9510763209393344,0.9308039071927005,0.9510763209393346,0.9510763209393346,0.9510763209393346,0.8163311731305013
10,noSelect,minmax,gaussian_noise,noImbl,sklearn_SVM,first,0.5,0.2,42,2026-05-29 19:43:08,20260529-185745,log/stroke_prediction_v2/10/noSelect/minmax__gaussian_noise__noImbl/sklearn_SVM,1780052279784_edb427c117800549885356104,0.9500978473581212,0.676401179941003,0.5184567901234568,0.5235431235431236,0.9257572346431604,0.9500978473581212,0.9302478343574236,0.9500978473581212,0.9500978473581212,0.9500978473581212,0.8101693030990923
10,noSelect,minmax,gaussian_noise,noImbl,sklearn_SVM,last,0.5,0.1,42,2026-05-29 19:43:33,20260529-185745,log/stroke_prediction_v2/10/noSelect/gaussian_noise__noImbl__minmax/sklearn_SVM,1780052279784_edb427c117800550138989336,0.949119373776908,0.4754901960784314,0.4989711934156378,0.4869477911646586,0.9044549326579948,0.949119373776908,0.926249027420838,0.949119373776908,0.949119373776908,0.949119373776908,0.7795189045137939
10,noSelect,minmax,gaussian_noise,noImbl,sklearn_SVM,last,0.5,0.2,42,2026-05-29 19:43:57,20260529-185745,log/stroke_prediction_v2/10/noSelect/gaussian_noise__noImbl__minmax/sklearn_SVM,1780052279784_edb427c117800550372368856,0.949119373776908,0.6009332023575638,0.5084567901234568,0.5054531918853528,0.9175285179873816,0.949119373776908,0.9280360634804086,0.949119373776908,0.949119373776908,0.949119373776908,0.7973629888624674
10,noSelect,minmax,mixup,noImbl,DTmodel,first,0.5,0.1,42,2026-05-29 19:44:12,20260529-185745,log/stroke_prediction_v2/10/noSelect/minmax__mixup__noImbl/DTmodel,1780052279784_edb427c117800550528320046,0.9275929549902152,0.5610209601081811,0.5445679012345679,0.5508706083568901,0.9167887277726396,0.9275929549902152,0.9219582190362982,0.9275929549902152,0.9275929549902152,0.9275929549902152,0.794199265016603
10,noSelect,minmax,mixup,noImbl,DTmodel,first,0.5,0.2,42,2026-05-29 19:44:25,20260529-185745,log/stroke_prediction_v2/10/noSelect/minmax__mixup__noImbl/DTmodel,1780052279784_edb427c117800550656975536,0.9070450097847358,0.5720960886242799,0.600164609053498,0.582737028489404,0.9230312082946668,0.907045009784736,0.9146037973620964,0.9070450097847358,0.9070450097847358,0.9070450097847358,0.7969483183888637
10,noSelect,minmax,mixup,noImbl,DTmodel,last,0.5,0.1,42,2026-05-29 19:44:39,20260529-185745,log/stroke_prediction_v2/10/noSelect/mixup__noImbl__minmax/DTmodel,1780052279784_edb427c117800550792198134,0.9197651663405088,0.561772758384668,0.5594238683127571,0.5605637938628688,0.9182187628504188,0.9197651663405088,0.9189876741922888,0.9197651663405088,0.9197651663405088,0.9197651663405088,0.7937803256992614
10,noSelect,minmax,mixup,noImbl,DTmodel,last,0.5,0.2,42,2026-05-29 19:44:52,20260529-185745,log/stroke_prediction_v2/10/noSelect/mixup__noImbl__minmax/DTmodel,1780052279784_edb427c117800550927650926,0.9099804305283756,0.5402432712215322,0.5447942386831276,0.5423019257355375,0.914856085376378,0.9099804305283756,0.9123888050139184,0.9099804305283756,0.9099804305283756,0.9099804305283756,0.7821851413518723
10,noSelect,minmax,mixup,noImbl,GradientBoosting,first,0.5,0.1,42,2026-05-29 19:44:14,20260529-185745,log/stroke_prediction_v2/10/noSelect/minmax__mixup__noImbl/GradientBoosting,1780052279784_edb427c117800550541242541,0.9510763209393346,0.7264243614931238,0.5189711934156378,0.5244742229666852,0.9306936973998362,0.9510763209393344,0.9308039071927005,0.9510763209393346,0.9510763209393346,0.9510763209393346,0.8163311731305013
10,noSelect,minmax,mixup,noImbl,GradientBoosting,first,0.5,0.2,42,2026-05-29 19:44:26,20260529-185745,log/stroke_prediction_v2/10/noSelect/minmax__mixup__noImbl/GradientBoosting,1780052279784_edb427c117800550669710114,0.949119373776908,0.6009332023575638,0.5084567901234568,0.5054531918853528,0.9175285179873816,0.949119373776908,0.9280360634804086,0.949119373776908,0.949119373776908,0.949119373776908,0.7973629888624674
10,noSelect,minmax,mixup,noImbl,GradientBoosting,last,0.5,0.1,42,2026-05-29 19:44:40,20260529-185745,log/stroke_prediction_v2/10/noSelect/mixup__noImbl__minmax/GradientBoosting,1780052279784_edb427c117800550806428348,0.9530332681017613,0.8106955380577427,0.5389711934156378,0.5593561368209254,0.9406315648900052,0.9530332681017613,0.93510180456516,0.9530332681017613,0.9530332681017613,0.9530332681017613,0.8344118280849556
10,noSelect,minmax,mixup,noImbl,GradientBoosting,last,0.5,0.2,42,2026-05-29 19:44:54,20260529-185745,log/stroke_prediction_v2/10/noSelect/mixup__noImbl__minmax/GradientBoosting,1780052279784_edb427c117800550941978423,0.9481409001956947,0.5759095378564405,0.5079423868312758,0.5048585401526577,0.915037320541018,0.9481409001956947,0.9275124553126164,0.9481409001956947,0.9481409001956947,0.9481409001956947,0.7940009339209423
10,noSelect,minmax,mixup,noImbl,LogisticRegression,first,0.5,0.1,42,2026-05-29 19:44:13,20260529-185745,log/stroke_prediction_v2/10/noSelect/minmax__mixup__noImbl/LogisticRegression,1780052279784_edb427c117800550530580587,0.9530332681017613,0.976470588235294,0.52,0.5264133456904542,0.9552434672499136,0.9530332681017613,0.9319221791576966,0.9530332681017613,0.9530332681017613,0.9530332681017613,0.8451350415164477
10,noSelect,minmax,mixup,noImbl,LogisticRegression,first,0.5,0.2,42,2026-05-29 19:44:25,20260529-185745,log/stroke_prediction_v2/10/noSelect/minmax__mixup__noImbl/LogisticRegression,1780052279784_edb427c117800550659465831,0.952054794520548,0.8097808308799477,0.519485596707819,0.5254304748727765,0.9388916522152168,0.952054794520548,0.931361974062916,0.952054794520548,0.952054794520548,0.952054794520548,0.8261565931288712
10,noSelect,minmax,mixup,noImbl,LogisticRegression,last,0.5,0.1,42,2026-05-29 19:44:39,20260529-185745,log/stroke_prediction_v2/10/noSelect/mixup__noImbl__minmax/LogisticRegression,1780052279784_edb427c117800550794452377,0.9510763209393346,0.4755381604696673,0.5,0.4874623871614844,0.9045461682515002,0.9510763209393346,0.9272278675557002,0.9510763209393346,0.9510763209393346,0.9510763209393346,0.7806424994554282
10,noSelect,minmax,mixup,noImbl,LogisticRegression,last,0.5,0.2,42,2026-05-29 19:44:53,20260529-185745,log/stroke_prediction_v2/10/noSelect/mixup__noImbl__minmax/LogisticRegression,1780052279784_edb427c117800550930407360,0.9510763209393346,0.7259803921568627,0.509485596707819,0.5066805684275564,0.929849199953954,0.9510763209393348,0.9290856032892674,0.9510763209393346,0.9510763209393346,0.9510763209393346,0.8123269730151209
10,noSelect,minmax,mixup,noImbl,XGBmodel,first,0.5,0.1,42,2026-05-29 19:44:12,20260529-185745,log/stroke_prediction_v2/10/noSelect/minmax__mixup__noImbl/XGBmodel,1780052279784_edb427c117800550526033711,0.9510763209393346,0.7264243614931238,0.5189711934156378,0.5244742229666852,0.9306936973998362,0.9510763209393344,0.9308039071927005,0.9510763209393346,0.9510763209393346,0.9510763209393346,0.8163311731305013
10,noSelect,minmax,mixup,noImbl,XGBmodel,first,0.5,0.2,42,2026-05-29 19:44:25,20260529-185745,log/stroke_prediction_v2/10/noSelect/minmax__mixup__noImbl/XGBmodel,1780052279784_edb427c117800550654920264,0.9481409001956947,0.5759095378564405,0.5079423868312758,0.5048585401526577,0.915037320541018,0.9481409001956947,0.9275124553126164,0.9481409001956947,0.9481409001956947,0.9481409001956947,0.7940009339209423
10,noSelect,minmax,mixup,noImbl,XGBmodel,last,0.5,0.1,42,2026-05-29 19:44:39,20260529-185745,log/stroke_prediction_v2/10/noSelect/mixup__noImbl__minmax/XGBmodel,1780052279784_edb427c117800550790125278,0.9530332681017613,0.976470588235294,0.52,0.5264133456904542,0.9552434672499136,0.9530332681017613,0.9319221791576966,0.9530332681017613,0.9530332681017613,0.9530332681017613,0.8451350415164477
10,noSelect,minmax,mixup,noImbl,XGBmodel,last,0.5,0.2,42,2026-05-29 19:44:52,20260529-185745,log/stroke_prediction_v2/10/noSelect/mixup__noImbl__minmax/XGBmodel,1780052279784_edb427c117800550925225580,0.9510763209393346,0.7259803921568627,0.509485596707819,0.5066805684275564,0.929849199953954,0.9510763209393348,0.9290856032892674,0.9510763209393346,0.9510763209393346,0.9510763209393346,0.8123269730151209
10,noSelect,minmax,mixup,noImbl,random_forest,first,0.5,0.1,42,2026-05-29 19:44:12,20260529-185745,log/stroke_prediction_v2/10/noSelect/minmax__mixup__noImbl/random_forest,1780052279784_edb427c117800550523965412,0.9510763209393346,0.7264243614931238,0.5189711934156378,0.5244742229666852,0.9306936973998362,0.9510763209393344,0.9308039071927005,0.9510763209393346,0.9510763209393346,0.9510763209393346,0.8163311731305013
10,noSelect,minmax,mixup,noImbl,random_forest,first,0.5,0.2,42,2026-05-29 19:44:25,20260529-185745,log/stroke_prediction_v2/10/noSelect/minmax__mixup__noImbl/random_forest,1780052279784_edb427c117800550652871424,0.949119373776908,0.6643244575936884,0.5274279835390947,0.5386324964406014,0.9253392813719474,0.949119373776908,0.9312350907394342,0.949119373776908,0.949119373776908,0.949119373776908,0.8118370598382414
10,noSelect,minmax,mixup,noImbl,random_forest,last,0.5,0.1,42,2026-05-29 19:44:38,20260529-185745,log/stroke_prediction_v2/10/noSelect/mixup__noImbl__minmax/random_forest,1780052279784_edb427c117800550788020679,0.9510763209393346,0.7264243614931238,0.5189711934156378,0.5244742229666852,0.9306936973998362,0.9510763209393344,0.9308039071927005,0.9510763209393346,0.9510763209393346,0.9510763209393346,0.8163311731305013
10,noSelect,minmax,mixup,noImbl,random_forest,last,0.5,0.2,42,2026-05-29 19:44:52,20260529-185745,log/stroke_prediction_v2/10/noSelect/mixup__noImbl__minmax/random_forest,1780052279784_edb427c117800550922783520,0.9481409001956947,0.5759095378564405,0.5079423868312758,0.5048585401526577,0.915037320541018,0.9481409001956947,0.9275124553126164,0.9481409001956947,0.9481409001956947,0.9481409001956947,0.7940009339209423
10,noSelect,minmax,mixup,noImbl,sklearn_SVM,first,0.5,0.1,42,2026-05-29 19:44:11,20260529-185745,log/stroke_prediction_v2/10/noSelect/minmax__mixup__noImbl/sklearn_SVM,1780052279784_edb427c117800550518028244,0.9510763209393346,0.7264243614931238,0.5189711934156378,0.5244742229666852,0.9306936973998362,0.9510763209393344,0.9308039071927005,0.9510763209393346,0.9510763209393346,0.9510763209393346,0.8163311731305013
10,noSelect,minmax,mixup,noImbl,sklearn_SVM,first,0.5,0.2,42,2026-05-29 19:44:24,20260529-185745,log/stroke_prediction_v2/10/noSelect/minmax__mixup__noImbl/sklearn_SVM,1780052279784_edb427c117800550646812906,0.9500978473581212,0.676401179941003,0.5184567901234568,0.5235431235431236,0.9257572346431604,0.9500978473581212,0.9302478343574236,0.9500978473581212,0.9500978473581212,0.9500978473581212,0.8101693030990923
10,noSelect,minmax,mixup,noImbl,sklearn_SVM,last,0.5,0.1,42,2026-05-29 19:44:38,20260529-185745,log/stroke_prediction_v2/10/noSelect/mixup__noImbl__minmax/sklearn_SVM,1780052279784_edb427c117800550781940968,0.9510763209393346,0.7264243614931238,0.5189711934156378,0.5244742229666852,0.9306936973998362,0.9510763209393344,0.9308039071927005,0.9510763209393346,0.9510763209393346,0.9510763209393346,0.8163311731305013
10,noSelect,minmax,mixup,noImbl,sklearn_SVM,last,0.5,0.2,42,2026-05-29 19:44:51,20260529-185745,log/stroke_prediction_v2/10/noSelect/mixup__noImbl__minmax/sklearn_SVM,1780052279784_edb427c117800550916111546,0.9510763209393346,0.7268700787401574,0.5284567901234568,0.5409959758551308,0.9315415196388122,0.9510763209393346,0.9323977130887084,0.9510763209393346,0.9510763209393346,0.9510763209393346,0.8201264205675524
10,noSelect,minmax,noAug,noImbl,DTmodel,first,0.5,0.1,42,2026-05-29 19:45:03,20260529-185745,log/stroke_prediction_v2/10/noSelect/minmax__noAug__noImbl/DTmodel,1780052279784_edb427c117800551032519623,0.9080234833659492,0.568319151559995,0.5911934156378601,0.5772920076737595,0.9218263681797352,0.9080234833659492,0.9146088446076076,0.9080234833659492,0.9080234833659492,0.9080234833659492,0.7951284147263437
10,noSelect,minmax,noAug,noImbl,DTmodel,first,0.5,0.2,42,2026-05-29 19:45:12,20260529-185745,log/stroke_prediction_v2/10/noSelect/minmax__noAug__noImbl/DTmodel,1780052279784_edb427c117800551122861847,0.9031311154598826,0.5569600568711957,0.5791358024691358,0.5651680612679053,0.9196529159834336,0.9031311154598826,0.9110081677773428,0.9031311154598826,0.9031311154598826,0.9031311154598826,0.7882537580731166
10,noSelect,minmax,noAug,noImbl,DTmodel,last,0.5,0.1,42,2026-05-29 19:45:21,20260529-185745,log/stroke_prediction_v2/10/noSelect/noAug__noImbl__minmax/DTmodel,1780052279784_edb427c117800551218620367,0.9080234833659492,0.568319151559995,0.5911934156378601,0.5772920076737595,0.9218263681797352,0.9080234833659492,0.9146088446076076,0.9080234833659492,0.9080234833659492,0.9080234833659492,0.7951284147263437
10,noSelect,minmax,noAug,noImbl,DTmodel,last,0.5,0.2,42,2026-05-29 19:45:30,20260529-185745,log/stroke_prediction_v2/10/noSelect/noAug__noImbl__minmax/DTmodel,1780052279784_edb427c117800551308503308,0.9031311154598826,0.5569600568711957,0.5791358024691358,0.5651680612679053,0.9196529159834336,0.9031311154598826,0.9110081677773428,0.9031311154598826,0.9031311154598826,0.9031311154598826,0.7882537580731166
10,noSelect,minmax,noAug,noImbl,GradientBoosting,first,0.5,0.1,42,2026-05-29 19:45:04,20260529-185745,log/stroke_prediction_v2/10/noSelect/minmax__noAug__noImbl/GradientBoosting,1780052279784_edb427c117800551041056456,0.9471624266144814,0.6013313609467457,0.5169135802469136,0.5208875924575477,0.9182858763996804,0.9471624266144816,0.9285902865371046,0.9471624266144814,0.9471624266144814,0.9471624266144814,0.7999397342543241
10,noSelect,minmax,noAug,noImbl,GradientBoosting,first,0.5,0.2,42,2026-05-29 19:45:13,20260529-185745,log/stroke_prediction_v2/10/noSelect/minmax__noAug__noImbl/GradientBoosting,1780052279784_edb427c117800551130966201,0.9481409001956947,0.5759095378564405,0.5079423868312758,0.5048585401526577,0.915037320541018,0.9481409001956947,0.9275124553126164,0.9481409001956947,0.9481409001956947,0.9481409001956947,0.7940009339209423
10,noSelect,minmax,noAug,noImbl,GradientBoosting,last,0.5,0.1,42,2026-05-29 19:45:22,20260529-185745,log/stroke_prediction_v2/10/noSelect/noAug__noImbl__minmax/GradientBoosting,1780052279784_edb427c117800551227266015,0.9471624266144814,0.6013313609467457,0.5169135802469136,0.5208875924575477,0.9182858763996804,0.9471624266144816,0.9285902865371046,0.9471624266144814,0.9471624266144814,0.9471624266144814,0.7999397342543241
10,noSelect,minmax,noAug,noImbl,GradientBoosting,last,0.5,0.2,42,2026-05-29 19:45:31,20260529-185745,log/stroke_prediction_v2/10/noSelect/noAug__noImbl__minmax/GradientBoosting,1780052279784_edb427c117800551316541830,0.9481409001956947,0.5759095378564405,0.5079423868312758,0.5048585401526577,0.915037320541018,0.9481409001956947,0.9275124553126164,0.9481409001956947,0.9481409001956947,0.9481409001956947,0.7940009339209423
10,noSelect,minmax,noAug,noImbl,LogisticRegression,first,0.5,0.1,42,2026-05-29 19:45:03,20260529-185745,log/stroke_prediction_v2/10/noSelect/minmax__noAug__noImbl/LogisticRegression,1780052279784_edb427c117800551034804175,0.9510763209393346,0.4755381604696673,0.5,0.4874623871614844,0.9045461682515002,0.9510763209393346,0.9272278675557002,0.9510763209393346,0.9510763209393346,0.9510763209393346,0.7806424994554282
10,noSelect,minmax,noAug,noImbl,LogisticRegression,first,0.5,0.2,42,2026-05-29 19:45:12,20260529-185745,log/stroke_prediction_v2/10/noSelect/minmax__noAug__noImbl/LogisticRegression,1780052279784_edb427c117800551125111655,0.9510763209393346,0.4755381604696673,0.5,0.4874623871614844,0.9045461682515002,0.9510763209393346,0.9272278675557002,0.9510763209393346,0.9510763209393346,0.9510763209393346,0.7806424994554282
10,noSelect,minmax,noAug,noImbl,LogisticRegression,last,0.5,0.1,42,2026-05-29 19:45:22,20260529-185745,log/stroke_prediction_v2/10/noSelect/noAug__noImbl__minmax/LogisticRegression,1780052279784_edb427c117800551220908320,0.9510763209393346,0.4755381604696673,0.5,0.4874623871614844,0.9045461682515002,0.9510763209393346,0.9272278675557002,0.9510763209393346,0.9510763209393346,0.9510763209393346,0.7806424994554282
10,noSelect,minmax,noAug,noImbl,LogisticRegression,last,0.5,0.2,42,2026-05-29 19:45:31,20260529-185745,log/stroke_prediction_v2/10/noSelect/noAug__noImbl__minmax/LogisticRegression,1780052279784_edb427c117800551310733105,0.9510763209393346,0.4755381604696673,0.5,0.4874623871614844,0.9045461682515002,0.9510763209393346,0.9272278675557002,0.9510763209393346,0.9510763209393346,0.9510763209393346,0.7806424994554282
10,noSelect,minmax,noAug,noImbl,XGBmodel,first,0.5,0.1,42,2026-05-29 19:45:03,20260529-185745,log/stroke_prediction_v2/10/noSelect/minmax__noAug__noImbl/XGBmodel,1780052279784_edb427c117800551030468447,0.9471624266144814,0.475442043222004,0.4979423868312758,0.4864321608040201,0.9043633385749272,0.9471624266144816,0.9252682197681164,0.9471624266144814,0.9471624266144814,0.9471624266144814,0.7783948045944336
10,noSelect,minmax,noAug,noImbl,XGBmodel,first,0.5,0.2,42,2026-05-29 19:45:12,20260529-185745,log/stroke_prediction_v2/10/noSelect/minmax__noAug__noImbl/XGBmodel,1780052279784_edb427c117800551120793351,0.9500978473581212,0.4755142017629775,0.499485596707819,0.4872052182639237,0.9045005951342742,0.9500978473581214,0.9267386930577962,0.9500978473581212,0.9500978473581212,0.9500978473581212,0.7800807650020133
10,noSelect,minmax,noAug,noImbl,XGBmodel,last,0.5,0.1,42,2026-05-29 19:45:21,20260529-185745,log/stroke_prediction_v2/10/noSelect/noAug__noImbl__minmax/XGBmodel,1780052279784_edb427c117800551216609739,0.9471624266144814,0.475442043222004,0.4979423868312758,0.4864321608040201,0.9043633385749272,0.9471624266144816,0.9252682197681164,0.9471624266144814,0.9471624266144814,0.9471624266144814,0.7783948045944336
10,noSelect,minmax,noAug,noImbl,XGBmodel,last,0.5,0.2,42,2026-05-29 19:45:30,20260529-185745,log/stroke_prediction_v2/10/noSelect/noAug__noImbl__minmax/XGBmodel,1780052279784_edb427c117800551306453383,0.9500978473581212,0.4755142017629775,0.499485596707819,0.4872052182639237,0.9045005951342742,0.9500978473581214,0.9267386930577962,0.9500978473581212,0.9500978473581212,0.9500978473581212,0.7800807650020133
10,noSelect,minmax,noAug,noImbl,random_forest,first,0.5,0.1,42,2026-05-29 19:45:02,20260529-185745,log/stroke_prediction_v2/10/noSelect/minmax__noAug__noImbl/random_forest,1780052279784_edb427c117800551028280094,0.9510763209393346,0.7264243614931238,0.5189711934156378,0.5244742229666852,0.9306936973998362,0.9510763209393344,0.9308039071927005,0.9510763209393346,0.9510763209393346,0.9510763209393346,0.8163311731305013
10,noSelect,minmax,noAug,noImbl,random_forest,first,0.5,0.2,42,2026-05-29 19:45:11,20260529-185745,log/stroke_prediction_v2/10/noSelect/minmax__noAug__noImbl/random_forest,1780052279784_edb427c117800551118371090,0.9500978473581212,0.6426234870788354,0.5089711934156378,0.5060602901737061,0.9216504163874,0.9500978473581212,0.9285604219838514,0.9500978473581212,0.9500978473581212,0.9500978473581212,0.8025567554550692
10,noSelect,minmax,noAug,noImbl,random_forest,last,0.5,0.1,42,2026-05-29 19:45:21,20260529-185745,log/stroke_prediction_v2/10/noSelect/noAug__noImbl__minmax/random_forest,1780052279784_edb427c117800551214450151,0.9510763209393346,0.7264243614931238,0.5189711934156378,0.5244742229666852,0.9306936973998362,0.9510763209393344,0.9308039071927005,0.9510763209393346,0.9510763209393346,0.9510763209393346,0.8163311731305013
10,noSelect,minmax,noAug,noImbl,random_forest,last,0.5,0.2,42,2026-05-29 19:45:30,20260529-185745,log/stroke_prediction_v2/10/noSelect/noAug__noImbl__minmax/random_forest,1780052279784_edb427c117800551304230481,0.9500978473581212,0.6426234870788354,0.5089711934156378,0.5060602901737061,0.9216504163874,0.9500978473581212,0.9285604219838514,0.9500978473581212,0.9500978473581212,0.9500978473581212,0.8025567554550692
10,noSelect,minmax,noAug,noImbl,sklearn_SVM,first,0.5,0.1,42,2026-05-29 19:45:02,20260529-185745,log/stroke_prediction_v2/10/noSelect/minmax__noAug__noImbl/sklearn_SVM,1780052279784_edb427c117800551024225473,0.949119373776908,0.4754901960784314,0.4989711934156378,0.4869477911646586,0.9044549326579948,0.949119373776908,0.926249027420838,0.949119373776908,0.949119373776908,0.949119373776908,0.7795189045137939
10,noSelect,minmax,noAug,noImbl,sklearn_SVM,first,0.5,0.2,42,2026-05-29 19:45:11,20260529-185745,log/stroke_prediction_v2/10/noSelect/minmax__noAug__noImbl/sklearn_SVM,1780052279784_edb427c117800551114395110,0.9500978473581212,0.6426234870788354,0.5089711934156378,0.5060602901737061,0.9216504163874,0.9500978473581212,0.9285604219838514,0.9500978473581212,0.9500978473581212,0.9500978473581212,0.8025567554550692
10,noSelect,minmax,noAug,noImbl,sklearn_SVM,last,0.5,0.1,42,2026-05-29 19:45:21,20260529-185745,log/stroke_prediction_v2/10/noSelect/noAug__noImbl__minmax/sklearn_SVM,1780052279784_edb427c117800551210407406,0.9510763209393346,0.4755381604696673,0.5,0.4874623871614844,0.9045461682515002,0.9510763209393346,0.9272278675557002,0.9510763209393346,0.9510763209393346,0.9510763209393346,0.7806424994554282
10,noSelect,minmax,noAug,noImbl,sklearn_SVM,last,0.5,0.2,42,2026-05-29 19:45:30,20260529-185745,log/stroke_prediction_v2/10/noSelect/noAug__noImbl__minmax/sklearn_SVM,1780052279784_edb427c117800551300270862,0.9500978473581212,0.4755142017629775,0.499485596707819,0.4872052182639237,0.9045005951342742,0.9500978473581214,0.9267386930577962,0.9500978473581212,0.9500978473581212,0.9500978473581212,0.7800807650020133
10,noSelect,standard,gaussian_noise,noImbl,DTmodel,first,0.5,0.1,42,2026-05-29 19:45:58,20260529-185745,log/stroke_prediction_v2/10/noSelect/standard__gaussian_noise__noImbl/DTmodel,1780052279784_edb427c117800551580066127,0.9334637964774952,0.5778225806451613,0.5476543209876543,0.5576883910386966,0.91867621993561,0.9334637964774952,0.9254855500775206,0.9334637964774952,0.9334637964774952,0.9334637964774952,0.800276921915273
10,noSelect,standard,gaussian_noise,noImbl,DTmodel,first,0.5,0.2,42,2026-05-29 19:46:23,20260529-185745,log/stroke_prediction_v2/10/noSelect/standard__gaussian_noise__noImbl/DTmodel,1780052279784_edb427c117800551839565520,0.9227005870841488,0.5747190398254228,0.5704526748971194,0.572495883172102,0.9204507063906656,0.9227005870841488,0.921564788044434,0.9227005870841488,0.9227005870841488,0.9227005870841488,0.7997515776274605
10,noSelect,standard,gaussian_noise,noImbl,DTmodel,last,0.5,0.1,42,2026-05-29 19:46:52,20260529-185745,log/stroke_prediction_v2/10/noSelect/gaussian_noise__noImbl__standard/DTmodel,1780052279784_edb427c117800552124049821,0.9217221135029354,0.5489795918367346,0.5414814814814815,0.5447255880256592,0.9153640321099084,0.9217221135029352,0.9184791326386146,0.9217221135029354,0.9217221135029354,0.9217221135029354,0.7887520640436275
10,noSelect,standard,gaussian_noise,noImbl,DTmodel,last,0.5,0.2,42,2026-05-29 19:47:17,20260529-185745,log/stroke_prediction_v2/10/noSelect/gaussian_noise__noImbl__standard/DTmodel,1780052279784_edb427c117800552376858786,0.9227005870841488,0.5594341639546762,0.5514814814814815,0.5550227895261872,0.9172671149433234,0.9227005870841486,0.91993014081622,0.9227005870841488,0.9227005870841488,0.9227005870841488,0.7931414504229686
10,noSelect,standard,gaussian_noise,noImbl,GradientBoosting,first,0.5,0.1,42,2026-05-29 19:46:00,20260529-185745,log/stroke_prediction_v2/10/noSelect/standard__gaussian_noise__noImbl/GradientBoosting,1780052279784_edb427c117800551605458208,0.949119373776908,0.4754901960784314,0.4989711934156378,0.4869477911646586,0.9044549326579948,0.949119373776908,0.926249027420838,0.949119373776908,0.949119373776908,0.949119373776908,0.7795189045137939
10,noSelect,standard,gaussian_noise,noImbl,GradientBoosting,first,0.5,0.2,42,2026-05-29 19:46:26,20260529-185745,log/stroke_prediction_v2/10/noSelect/standard__gaussian_noise__noImbl/GradientBoosting,1780052279784_edb427c117800551863761342,0.949119373776908,0.6009332023575638,0.5084567901234568,0.5054531918853528,0.9175285179873816,0.949119373776908,0.9280360634804086,0.949119373776908,0.949119373776908,0.949119373776908,0.7973629888624674
10,noSelect,standard,gaussian_noise,noImbl,GradientBoosting,last,0.5,0.1,42,2026-05-29 19:46:54,20260529-185745,log/stroke_prediction_v2/10/noSelect/gaussian_noise__noImbl__standard/GradientBoosting,1780052279784_edb427c117800552148390362,0.949119373776908,0.4754901960784314,0.4989711934156378,0.4869477911646586,0.9044549326579948,0.949119373776908,0.926249027420838,0.949119373776908,0.949119373776908,0.949119373776908,0.7795189045137939
10,noSelect,standard,gaussian_noise,noImbl,GradientBoosting,last,0.5,0.2,42,2026-05-29 19:47:20,20260529-185745,log/stroke_prediction_v2/10/noSelect/gaussian_noise__noImbl__standard/GradientBoosting,1780052279784_edb427c117800552400013799,0.949119373776908,0.4754901960784314,0.4989711934156378,0.4869477911646586,0.9044549326579948,0.949119373776908,0.926249027420838,0.949119373776908,0.949119373776908,0.949119373776908,0.7795189045137939
10,noSelect,standard,gaussian_noise,noImbl,LogisticRegression,first,0.5,0.1,42,2026-05-29 19:45:58,20260529-185745,log/stroke_prediction_v2/10/noSelect/standard__gaussian_noise__noImbl/LogisticRegression,1780052279784_edb427c117800551585162227,0.9510763209393346,0.4755381604696673,0.5,0.4874623871614844,0.9045461682515002,0.9510763209393346,0.9272278675557002,0.9510763209393346,0.9510763209393346,0.9510763209393346,0.7806424994554282
10,noSelect,standard,gaussian_noise,noImbl,LogisticRegression,first,0.5,0.2,42,2026-05-29 19:46:24,20260529-185745,log/stroke_prediction_v2/10/noSelect/standard__gaussian_noise__noImbl/LogisticRegression,1780052279784_edb427c117800551845129606,0.9510763209393346,0.4755381604696673,0.5,0.4874623871614844,0.9045461682515002,0.9510763209393346,0.9272278675557002,0.9510763209393346,0.9510763209393346,0.9510763209393346,0.7806424994554282
10,noSelect,standard,gaussian_noise,noImbl,LogisticRegression,last,0.5,0.1,42,2026-05-29 19:46:52,20260529-185745,log/stroke_prediction_v2/10/noSelect/gaussian_noise__noImbl__standard/LogisticRegression,1780052279784_edb427c117800552129327966,0.9510763209393346,0.4755381604696673,0.5,0.4874623871614844,0.9045461682515002,0.9510763209393346,0.9272278675557002,0.9510763209393346,0.9510763209393346,0.9510763209393346,0.7806424994554282
10,noSelect,standard,gaussian_noise,noImbl,LogisticRegression,last,0.5,0.2,42,2026-05-29 19:47:18,20260529-185745,log/stroke_prediction_v2/10/noSelect/gaussian_noise__noImbl__standard/LogisticRegression,1780052279784_edb427c117800552381736206,0.9510763209393346,0.4755381604696673,0.5,0.4874623871614844,0.9045461682515002,0.9510763209393346,0.9272278675557002,0.9510763209393346,0.9510763209393346,0.9510763209393346,0.7806424994554282
10,noSelect,standard,gaussian_noise,noImbl,XGBmodel,first,0.5,0.1,42,2026-05-29 19:45:57,20260529-185745,log/stroke_prediction_v2/10/noSelect/standard__gaussian_noise__noImbl/XGBmodel,1780052279784_edb427c117800551577838542,0.9530332681017613,0.976470588235294,0.52,0.5264133456904542,0.9552434672499136,0.9530332681017613,0.9319221791576966,0.9530332681017613,0.9530332681017613,0.9530332681017613,0.8451350415164477
10,noSelect,standard,gaussian_noise,noImbl,XGBmodel,first,0.5,0.2,42,2026-05-29 19:46:23,20260529-185745,log/stroke_prediction_v2/10/noSelect/standard__gaussian_noise__noImbl/XGBmodel,1780052279784_edb427c117800551837131086,0.9510763209393346,0.4755381604696673,0.5,0.4874623871614844,0.9045461682515002,0.9510763209393346,0.9272278675557002,0.9510763209393346,0.9510763209393346,0.9510763209393346,0.7806424994554282
10,noSelect,standard,gaussian_noise,noImbl,XGBmodel,last,0.5,0.1,42,2026-05-29 19:46:52,20260529-185745,log/stroke_prediction_v2/10/noSelect/gaussian_noise__noImbl__standard/XGBmodel,1780052279784_edb427c117800552121850581,0.9510763209393346,0.7264243614931238,0.5189711934156378,0.5244742229666852,0.9306936973998362,0.9510763209393344,0.9308039071927005,0.9510763209393346,0.9510763209393346,0.9510763209393346,0.8163311731305013
10,noSelect,standard,gaussian_noise,noImbl,XGBmodel,last,0.5,0.2,42,2026-05-29 19:47:17,20260529-185745,log/stroke_prediction_v2/10/noSelect/gaussian_noise__noImbl__standard/XGBmodel,1780052279784_edb427c117800552374670919,0.9510763209393346,0.4755381604696673,0.5,0.4874623871614844,0.9045461682515002,0.9510763209393346,0.9272278675557002,0.9510763209393346,0.9510763209393346,0.9510763209393346,0.7806424994554282
10,noSelect,standard,gaussian_noise,noImbl,random_forest,first,0.5,0.1,42,2026-05-29 19:45:57,20260529-185745,log/stroke_prediction_v2/10/noSelect/standard__gaussian_noise__noImbl/random_forest,1780052279784_edb427c117800551575910015,0.9510763209393346,0.7264243614931238,0.5189711934156378,0.5244742229666852,0.9306936973998362,0.9510763209393344,0.9308039071927005,0.9510763209393346,0.9510763209393346,0.9510763209393346,0.8163311731305013
10,noSelect,standard,gaussian_noise,noImbl,random_forest,first,0.5,0.2,42,2026-05-29 19:46:23,20260529-185745,log/stroke_prediction_v2/10/noSelect/standard__gaussian_noise__noImbl/random_forest,1780052279784_edb427c117800551835136752,0.9442270058708416,0.5671702185055301,0.5153703703703704,0.5184147218570968,0.9148165764563472,0.9442270058708416,0.9269463824821464,0.9442270058708416,0.9442270058708416,0.9442270058708416,0.7942306845324476
10,noSelect,standard,gaussian_noise,noImbl,random_forest,last,0.5,0.1,42,2026-05-29 19:46:51,20260529-185745,log/stroke_prediction_v2/10/noSelect/gaussian_noise__noImbl__standard/random_forest,1780052279784_edb427c117800552119876139,0.9510763209393346,0.7264243614931238,0.5189711934156378,0.5244742229666852,0.9306936973998362,0.9510763209393344,0.9308039071927005,0.9510763209393346,0.9510763209393346,0.9510763209393346,0.8163311731305013
10,noSelect,standard,gaussian_noise,noImbl,random_forest,last,0.5,0.2,42,2026-05-29 19:47:17,20260529-185745,log/stroke_prediction_v2/10/noSelect/gaussian_noise__noImbl__standard/random_forest,1780052279784_edb427c117800552372631505,0.9481409001956947,0.5759095378564405,0.5079423868312758,0.5048585401526577,0.915037320541018,0.9481409001956947,0.9275124553126164,0.9481409001956947,0.9481409001956947,0.9481409001956947,0.7940009339209423
10,noSelect,standard,gaussian_noise,noImbl,sklearn_SVM,first,0.5,0.1,42,2026-05-29 19:45:56,20260529-185745,log/stroke_prediction_v2/10/noSelect/standard__gaussian_noise__noImbl/sklearn_SVM,1780052279784_edb427c117800551564490592,0.9510763209393346,0.7264243614931238,0.5189711934156378,0.5244742229666852,0.9306936973998362,0.9510763209393344,0.9308039071927005,0.9510763209393346,0.9510763209393346,0.9510763209393346,0.8163311731305013
10,noSelect,standard,gaussian_noise,noImbl,sklearn_SVM,first,0.5,0.2,42,2026-05-29 19:46:22,20260529-185745,log/stroke_prediction_v2/10/noSelect/standard__gaussian_noise__noImbl/sklearn_SVM,1780052279784_edb427c117800551824299599,0.949119373776908,0.6430446194225722,0.5179423868312758,0.5226358148893361,0.9224514743876192,0.949119373776908,0.9296936216122568,0.949119373776908,0.949119373776908,0.949119373776908,0.8058410130501487
10,noSelect,standard,gaussian_noise,noImbl,sklearn_SVM,last,0.5,0.1,42,2026-05-29 19:46:50,20260529-185745,log/stroke_prediction_v2/10/noSelect/gaussian_noise__noImbl__standard/sklearn_SVM,1780052279784_edb427c117800552108890271,0.949119373776908,0.6430446194225722,0.5179423868312758,0.5226358148893361,0.9224514743876192,0.949119373776908,0.9296936216122568,0.949119373776908,0.949119373776908,0.949119373776908,0.8058410130501487
10,noSelect,standard,gaussian_noise,noImbl,sklearn_SVM,last,0.5,0.2,42,2026-05-29 19:47:16,20260529-185745,log/stroke_prediction_v2/10/noSelect/gaussian_noise__noImbl__standard/sklearn_SVM,1780052279784_edb427c117800552362031942,0.9471624266144814,0.6013313609467457,0.5169135802469136,0.5208875924575477,0.9182858763996804,0.9471624266144816,0.9285902865371046,0.9471624266144814,0.9471624266144814,0.9471624266144814,0.7999397342543241
10,noSelect,standard,mixup,noImbl,DTmodel,first,0.5,0.1,42,2026-05-29 19:47:33,20260529-185745,log/stroke_prediction_v2/10/noSelect/standard__mixup__noImbl/DTmodel,1780052279784_edb427c117800552531509977,0.9041095890410958,0.5633333333333332,0.5891358024691358,0.5728663789426996,0.921187214611872,0.9041095890410958,0.9122066452879456,0.9041095890410958,0.9041095890410958,0.9041095890410958,0.791770424292469
10,noSelect,standard,mixup,noImbl,DTmodel,first,0.5,0.2,42,2026-05-29 19:47:46,20260529-185745,log/stroke_prediction_v2/10/noSelect/standard__mixup__noImbl/DTmodel,1780052279784_edb427c117800552667053531,0.910958904109589,0.5338999552154526,0.5358230452674897,0.5348109021973461,0.913428722552127,0.910958904109589,0.9121868083595748,0.910958904109589,0.910958904109589,0.910958904109589,0.7797483905308805
10,noSelect,standard,mixup,noImbl,DTmodel,last,0.5,0.1,42,2026-05-29 19:48:01,20260529-185745,log/stroke_prediction_v2/10/noSelect/mixup__noImbl__standard/DTmodel,1780052279784_edb427c117800552810886123,0.9099804305283756,0.5163374485596708,0.5163374485596708,0.5163374485596708,0.9099804305283756,0.9099804305283756,0.9099804305283756,0.9099804305283756,0.9099804305283756,0.9099804305283756,0.7722053868393288
10,noSelect,standard,mixup,noImbl,DTmodel,last,0.5,0.2,42,2026-05-29 19:48:14,20260529-185745,log/stroke_prediction_v2/10/noSelect/mixup__noImbl__standard/DTmodel,1780052279784_edb427c117800552949275137,0.923679060665362,0.576821988595866,0.5709670781893004,0.5737294661190966,0.9206953439163768,0.923679060665362,0.9221673993498276,0.923679060665362,0.923679060665362,0.923679060665362,0.8007045951566375
10,noSelect,standard,mixup,noImbl,GradientBoosting,first,0.5,0.1,42,2026-05-29 19:47:34,20260529-185745,log/stroke_prediction_v2/10/noSelect/standard__mixup__noImbl/GradientBoosting,1780052279784_edb427c117800552546575111,0.9471624266144814,0.475442043222004,0.4979423868312758,0.4864321608040201,0.9043633385749272,0.9471624266144816,0.9252682197681164,0.9471624266144814,0.9471624266144814,0.9471624266144814,0.7783948045944336
10,noSelect,standard,mixup,noImbl,GradientBoosting,first,0.5,0.2,42,2026-05-29 19:47:48,20260529-185745,log/stroke_prediction_v2/10/noSelect/standard__mixup__noImbl/GradientBoosting,1780052279784_edb427c117800552682396908,0.949119373776908,0.4754901960784314,0.4989711934156378,0.4869477911646586,0.9044549326579948,0.949119373776908,0.926249027420838,0.949119373776908,0.949119373776908,0.949119373776908,0.7795189045137939
10,noSelect,standard,mixup,noImbl,GradientBoosting,last,0.5,0.1,42,2026-05-29 19:48:02,20260529-185745,log/stroke_prediction_v2/10/noSelect/mixup__noImbl__standard/GradientBoosting,1780052279784_edb427c117800552825885536,0.949119373776908,0.4754901960784314,0.4989711934156378,0.4869477911646586,0.9044549326579948,0.949119373776908,0.926249027420838,0.949119373776908,0.949119373776908,0.949119373776908,0.7795189045137939
10,noSelect,standard,mixup,noImbl,GradientBoosting,last,0.5,0.2,42,2026-05-29 19:48:16,20260529-185745,log/stroke_prediction_v2/10/noSelect/mixup__noImbl__standard/GradientBoosting,1780052279784_edb427c117800552963939004,0.9471624266144814,0.475442043222004,0.4979423868312758,0.4864321608040201,0.9043633385749272,0.9471624266144816,0.9252682197681164,0.9471624266144814,0.9471624266144814,0.9471624266144814,0.7783948045944336
10,noSelect,standard,mixup,noImbl,LogisticRegression,first,0.5,0.1,42,2026-05-29 19:47:33,20260529-185745,log/stroke_prediction_v2/10/noSelect/standard__mixup__noImbl/LogisticRegression,1780052279784_edb427c117800552535407518,0.9530332681017613,0.976470588235294,0.52,0.5264133456904542,0.9552434672499136,0.9530332681017613,0.9319221791576966,0.9530332681017613,0.9530332681017613,0.9530332681017613,0.8451350415164477
10,noSelect,standard,mixup,noImbl,LogisticRegression,first,0.5,0.2,42,2026-05-29 19:47:47,20260529-185745,log/stroke_prediction_v2/10/noSelect/standard__mixup__noImbl/LogisticRegression,1780052279784_edb427c117800552671863341,0.952054794520548,0.976003917727718,0.51,0.5073148175476915,0.9543557887110408,0.952054794520548,0.9296116854869024,0.952054794520548,0.952054794520548,0.952054794520548,0.840396863907284
10,noSelect,standard,mixup,noImbl,LogisticRegression,last,0.5,0.1,42,2026-05-29 19:48:01,20260529-185745,log/stroke_prediction_v2/10/noSelect/mixup__noImbl__standard/LogisticRegression,1780052279784_edb427c117800552814901565,0.949119373776908,0.4754901960784314,0.4989711934156378,0.4869477911646586,0.9044549326579948,0.949119373776908,0.926249027420838,0.949119373776908,0.949119373776908,0.949119373776908,0.7795189045137939
10,noSelect,standard,mixup,noImbl,LogisticRegression,last,0.5,0.2,42,2026-05-29 19:48:15,20260529-185745,log/stroke_prediction_v2/10/noSelect/mixup__noImbl__standard/LogisticRegression,1780052279784_edb427c117800552953226129,0.952054794520548,0.976003917727718,0.51,0.5073148175476915,0.9543557887110408,0.952054794520548,0.9296116854869024,0.952054794520548,0.952054794520548,0.952054794520548,0.840396863907284
10,noSelect,standard,mixup,noImbl,XGBmodel,first,0.5,0.1,42,2026-05-29 19:47:32,20260529-185745,log/stroke_prediction_v2/10/noSelect/standard__mixup__noImbl/XGBmodel,1780052279784_edb427c117800552529383717,0.9510763209393346,0.7264243614931238,0.5189711934156378,0.5244742229666852,0.9306936973998362,0.9510763209393344,0.9308039071927005,0.9510763209393346,0.9510763209393346,0.9510763209393346,0.8163311731305013
10,noSelect,standard,mixup,noImbl,XGBmodel,first,0.5,0.2,42,2026-05-29 19:47:46,20260529-185745,log/stroke_prediction_v2/10/noSelect/standard__mixup__noImbl/XGBmodel,1780052279784_edb427c117800552664912346,0.9500978473581212,0.676401179941003,0.5184567901234568,0.5235431235431236,0.9257572346431604,0.9500978473581212,0.9302478343574236,0.9500978473581212,0.9500978473581212,0.9500978473581212,0.8101693030990923
10,noSelect,standard,mixup,noImbl,XGBmodel,last,0.5,0.1,42,2026-05-29 19:48:00,20260529-185745,log/stroke_prediction_v2/10/noSelect/mixup__noImbl__standard/XGBmodel,1780052279784_edb427c117800552808736040,0.9530332681017613,0.976470588235294,0.52,0.5264133456904542,0.9552434672499136,0.9530332681017613,0.9319221791576966,0.9530332681017613,0.9530332681017613,0.9530332681017613,0.8451350415164477
10,noSelect,standard,mixup,noImbl,XGBmodel,last,0.5,0.2,42,2026-05-29 19:48:14,20260529-185745,log/stroke_prediction_v2/10/noSelect/mixup__noImbl__standard/XGBmodel,1780052279784_edb427c117800552947157255,0.9510763209393346,0.7268700787401574,0.5284567901234568,0.5409959758551308,0.9315415196388122,0.9510763209393346,0.9323977130887084,0.9510763209393346,0.9510763209393346,0.9510763209393346,0.8201264205675524
10,noSelect,standard,mixup,noImbl,random_forest,first,0.5,0.1,42,2026-05-29 19:47:32,20260529-185745,log/stroke_prediction_v2/10/noSelect/standard__mixup__noImbl/random_forest,1780052279784_edb427c117800552527270130,0.9530332681017613,0.8106955380577427,0.5389711934156378,0.5593561368209254,0.9406315648900052,0.9530332681017613,0.93510180456516,0.9530332681017613,0.9530332681017613,0.9530332681017613,0.8344118280849556
10,noSelect,standard,mixup,noImbl,random_forest,first,0.5,0.2,42,2026-05-29 19:47:46,20260529-185745,log/stroke_prediction_v2/10/noSelect/standard__mixup__noImbl/random_forest,1780052279784_edb427c117800552662795217,0.9481409001956947,0.6192118226600984,0.5174279835390947,0.5217510308231575,0.9200775066757926,0.9481409001956947,0.9291411443583694,0.9481409001956947,0.9481409001956947,0.9481409001956947,0.8025619176430053
10,noSelect,standard,mixup,noImbl,random_forest,last,0.5,0.1,42,2026-05-29 19:48:00,20260529-185745,log/stroke_prediction_v2/10/noSelect/mixup__noImbl__standard/random_forest,1780052279784_edb427c117800552806525985,0.9510763209393346,0.7264243614931238,0.5189711934156378,0.5244742229666852,0.9306936973998362,0.9510763209393344,0.9308039071927005,0.9510763209393346,0.9510763209393346,0.9510763209393346,0.8163311731305013
10,noSelect,standard,mixup,noImbl,random_forest,last,0.5,0.2,42,2026-05-29 19:48:14,20260529-185745,log/stroke_prediction_v2/10/noSelect/mixup__noImbl__standard/random_forest,1780052279784_edb427c117800552944897635,0.9481409001956947,0.5759095378564405,0.5079423868312758,0.5048585401526577,0.915037320541018,0.9481409001956947,0.9275124553126164,0.9481409001956947,0.9481409001956947,0.9481409001956947,0.7940009339209423
10,noSelect,standard,mixup,noImbl,sklearn_SVM,first,0.5,0.1,42,2026-05-29 19:47:32,20260529-185745,log/stroke_prediction_v2/10/noSelect/standard__mixup__noImbl/sklearn_SVM,1780052279784_edb427c117800552521242687,0.949119373776908,0.6430446194225722,0.5179423868312758,0.5226358148893361,0.9224514743876192,0.949119373776908,0.9296936216122568,0.949119373776908,0.949119373776908,0.949119373776908,0.8058410130501487
10,noSelect,standard,mixup,noImbl,sklearn_SVM,first,0.5,0.2,42,2026-05-29 19:47:45,20260529-185745,log/stroke_prediction_v2/10/noSelect/standard__mixup__noImbl/sklearn_SVM,1780052279784_edb427c117800552656877065,0.949119373776908,0.6430446194225722,0.5179423868312758,0.5226358148893361,0.9224514743876192,0.949119373776908,0.9296936216122568,0.949119373776908,0.949119373776908,0.949119373776908,0.8058410130501487
10,noSelect,standard,mixup,noImbl,sklearn_SVM,last,0.5,0.1,42,2026-05-29 19:48:00,20260529-185745,log/stroke_prediction_v2/10/noSelect/mixup__noImbl__standard/sklearn_SVM,1780052279784_edb427c117800552800496881,0.949119373776908,0.4754901960784314,0.4989711934156378,0.4869477911646586,0.9044549326579948,0.949119373776908,0.926249027420838,0.949119373776908,0.949119373776908,0.949119373776908,0.7795189045137939
10,noSelect,standard,mixup,noImbl,sklearn_SVM,last,0.5,0.2,42,2026-05-29 19:48:13,20260529-185745,log/stroke_prediction_v2/10/noSelect/mixup__noImbl__standard/sklearn_SVM,1780052279784_edb427c117800552938712221,0.9500978473581212,0.676401179941003,0.5184567901234568,0.5235431235431236,0.9257572346431604,0.9500978473581212,0.9302478343574236,0.9500978473581212,0.9500978473581212,0.9500978473581212,0.8101693030990923
10,noSelect,standard,noAug,noImbl,DTmodel,first,0.5,0.1,42,2026-05-29 19:48:25,20260529-185745,log/stroke_prediction_v2/10/noSelect/standard__noAug__noImbl/DTmodel,1780052279784_edb427c117800553055167771,0.9080234833659492,0.5307971014492754,0.5342798353909465,0.5323519675993535,0.9129978971934216,0.9080234833659492,0.9104842138185688,0.9080234833659492,0.9080234833659492,0.9080234833659492,0.7774423039624322
10,noSelect,standard,noAug,noImbl,DTmodel,first,0.5,0.2,42,2026-05-29 19:48:35,20260529-185745,log/stroke_prediction_v2/10/noSelect/standard__noAug__noImbl/DTmodel,1780052279784_edb427c117800553152671743,0.9090019569471623,0.5239499970792687,0.5253086419753086,0.524586965981903,0.9115241313567776,0.9090019569471623,0.9102568481037412,0.9090019569471623,0.9090019569471623,0.9090019569471623,0.7749056319328468
10,noSelect,standard,noAug,noImbl,DTmodel,last,0.5,0.1,42,2026-05-29 19:48:45,20260529-185745,log/stroke_prediction_v2/10/noSelect/noAug__noImbl__standard/DTmodel,1780052279784_edb427c117800553253400925,0.9080234833659492,0.5307971014492754,0.5342798353909465,0.5323519675993535,0.9129978971934216,0.9080234833659492,0.9104842138185688,0.9080234833659492,0.9080234833659492,0.9080234833659492,0.7774423039624322
10,noSelect,standard,noAug,noImbl,DTmodel,last,0.5,0.2,42,2026-05-29 19:48:55,20260529-185745,log/stroke_prediction_v2/10/noSelect/noAug__noImbl__standard/DTmodel,1780052279784_edb427c117800553350222671,0.9090019569471623,0.5239499970792687,0.5253086419753086,0.524586965981903,0.9115241313567776,0.9090019569471623,0.9102568481037412,0.9090019569471623,0.9090019569471623,0.9090019569471623,0.7749056319328468
10,noSelect,standard,noAug,noImbl,GradientBoosting,first,0.5,0.1,42,2026-05-29 19:48:26,20260529-185745,log/stroke_prediction_v2/10/noSelect/standard__noAug__noImbl/GradientBoosting,1780052279784_edb427c117800553065115551,0.949119373776908,0.4754901960784314,0.4989711934156378,0.4869477911646586,0.9044549326579948,0.949119373776908,0.926249027420838,0.949119373776908,0.949119373776908,0.949119373776908,0.7795189045137939
10,noSelect,standard,noAug,noImbl,GradientBoosting,first,0.5,0.2,42,2026-05-29 19:48:36,20260529-185745,log/stroke_prediction_v2/10/noSelect/standard__noAug__noImbl/GradientBoosting,1780052279784_edb427c117800553162276391,0.9481409001956947,0.4754661432777232,0.4984567901234568,0.4866901054746358,0.9044091805595832,0.9481409001956947,0.9257588699047868,0.9481409001956947,0.9481409001956947,0.9481409001956947,0.7789569177812675
10,noSelect,standard,noAug,noImbl,GradientBoosting,last,0.5,0.1,42,2026-05-29 19:48:46,20260529-185745,log/stroke_prediction_v2/10/noSelect/noAug__noImbl__standard/GradientBoosting,1780052279784_edb427c117800553263508456,0.949119373776908,0.4754901960784314,0.4989711934156378,0.4869477911646586,0.9044549326579948,0.949119373776908,0.926249027420838,0.949119373776908,0.949119373776908,0.949119373776908,0.7795189045137939
10,noSelect,standard,noAug,noImbl,GradientBoosting,last,0.5,0.2,42,2026-05-29 19:48:55,20260529-185745,log/stroke_prediction_v2/10/noSelect/noAug__noImbl__standard/GradientBoosting,1780052279784_edb427c117800553359629093,0.9481409001956947,0.4754661432777232,0.4984567901234568,0.4866901054746358,0.9044091805595832,0.9481409001956947,0.9257588699047868,0.9481409001956947,0.9481409001956947,0.9481409001956947,0.7789569177812675
10,noSelect,standard,noAug,noImbl,LogisticRegression,first,0.5,0.1,42,2026-05-29 19:48:25,20260529-185745,log/stroke_prediction_v2/10/noSelect/standard__noAug__noImbl/LogisticRegression,1780052279784_edb427c117800553058614369,0.9510763209393346,0.7264243614931238,0.5189711934156378,0.5244742229666852,0.9306936973998362,0.9510763209393344,0.9308039071927005,0.9510763209393346,0.9510763209393346,0.9510763209393346,0.8163311731305013
10,noSelect,standard,noAug,noImbl,LogisticRegression,first,0.5,0.2,42,2026-05-29 19:48:35,20260529-185745,log/stroke_prediction_v2/10/noSelect/standard__noAug__noImbl/LogisticRegression,1780052279784_edb427c117800553156070331,0.952054794520548,0.976003917727718,0.51,0.5073148175476915,0.9543557887110408,0.952054794520548,0.9296116854869024,0.952054794520548,0.952054794520548,0.952054794520548,0.840396863907284
10,noSelect,standard,noAug,noImbl,LogisticRegression,last,0.5,0.1,42,2026-05-29 19:48:45,20260529-185745,log/stroke_prediction_v2/10/noSelect/noAug__noImbl__standard/LogisticRegression,1780052279784_edb427c117800553256953128,0.9510763209393346,0.7264243614931238,0.5189711934156378,0.5244742229666852,0.9306936973998362,0.9510763209393344,0.9308039071927005,0.9510763209393346,0.9510763209393346,0.9510763209393346,0.8163311731305013
10,noSelect,standard,noAug,noImbl,LogisticRegression,last,0.5,0.2,42,2026-05-29 19:48:55,20260529-185745,log/stroke_prediction_v2/10/noSelect/noAug__noImbl__standard/LogisticRegression,1780052279784_edb427c117800553353464572,0.952054794520548,0.976003917727718,0.51,0.5073148175476915,0.9543557887110408,0.952054794520548,0.9296116854869024,0.952054794520548,0.952054794520548,0.952054794520548,0.840396863907284
10,noSelect,standard,noAug,noImbl,XGBmodel,first,0.5,0.1,42,2026-05-29 19:48:25,20260529-185745,log/stroke_prediction_v2/10/noSelect/standard__noAug__noImbl/XGBmodel,1780052279784_edb427c117800553053103245,0.9510763209393346,0.7264243614931238,0.5189711934156378,0.5244742229666852,0.9306936973998362,0.9510763209393344,0.9308039071927005,0.9510763209393346,0.9510763209393346,0.9510763209393346,0.8163311731305013
10,noSelect,standard,noAug,noImbl,XGBmodel,first,0.5,0.2,42,2026-05-29 19:48:35,20260529-185745,log/stroke_prediction_v2/10/noSelect/standard__noAug__noImbl/XGBmodel,1780052279784_edb427c117800553150243131,0.9500978473581212,0.4755142017629775,0.499485596707819,0.4872052182639237,0.9045005951342742,0.9500978473581214,0.9267386930577962,0.9500978473581212,0.9500978473581212,0.9500978473581212,0.7800807650020133
10,noSelect,standard,noAug,noImbl,XGBmodel,last,0.5,0.1,42,2026-05-29 19:48:45,20260529-185745,log/stroke_prediction_v2/10/noSelect/noAug__noImbl__standard/XGBmodel,1780052279784_edb427c117800553251268200,0.9510763209393346,0.7264243614931238,0.5189711934156378,0.5244742229666852,0.9306936973998362,0.9510763209393344,0.9308039071927005,0.9510763209393346,0.9510763209393346,0.9510763209393346,0.8163311731305013
10,noSelect,standard,noAug,noImbl,XGBmodel,last,0.5,0.2,42,2026-05-29 19:48:54,20260529-185745,log/stroke_prediction_v2/10/noSelect/noAug__noImbl__standard/XGBmodel,1780052279784_edb427c117800553348162889,0.9500978473581212,0.4755142017629775,0.499485596707819,0.4872052182639237,0.9045005951342742,0.9500978473581214,0.9267386930577962,0.9500978473581212,0.9500978473581212,0.9500978473581212,0.7800807650020133
10,noSelect,standard,noAug,noImbl,random_forest,first,0.5,0.1,42,2026-05-29 19:48:25,20260529-185745,log/stroke_prediction_v2/10/noSelect/standard__noAug__noImbl/random_forest,1780052279784_edb427c117800553050880926,0.9510763209393346,0.7264243614931238,0.5189711934156378,0.5244742229666852,0.9306936973998362,0.9510763209393344,0.9308039071927005,0.9510763209393346,0.9510763209393346,0.9510763209393346,0.8163311731305013
10,noSelect,standard,noAug,noImbl,random_forest,first,0.5,0.2,42,2026-05-29 19:48:34,20260529-185745,log/stroke_prediction_v2/10/noSelect/standard__noAug__noImbl/random_forest,1780052279784_edb427c117800553147962086,0.9481409001956947,0.5759095378564405,0.5079423868312758,0.5048585401526577,0.915037320541018,0.9481409001956947,0.9275124553126164,0.9481409001956947,0.9481409001956947,0.9481409001956947,0.7940009339209423
10,noSelect,standard,noAug,noImbl,random_forest,last,0.5,0.1,42,2026-05-29 19:48:44,20260529-185745,log/stroke_prediction_v2/10/noSelect/noAug__noImbl__standard/random_forest,1780052279784_edb427c117800553249080470,0.9510763209393346,0.7264243614931238,0.5189711934156378,0.5244742229666852,0.9306936973998362,0.9510763209393344,0.9308039071927005,0.9510763209393346,0.9510763209393346,0.9510763209393346,0.8163311731305013
10,noSelect,standard,noAug,noImbl,random_forest,last,0.5,0.2,42,2026-05-29 19:48:54,20260529-185745,log/stroke_prediction_v2/10/noSelect/noAug__noImbl__standard/random_forest,1780052279784_edb427c117800553345779358,0.9481409001956947,0.5759095378564405,0.5079423868312758,0.5048585401526577,0.915037320541018,0.9481409001956947,0.9275124553126164,0.9481409001956947,0.9481409001956947,0.9481409001956947,0.7940009339209423
10,noSelect,standard,noAug,noImbl,sklearn_SVM,first,0.5,0.1,42,2026-05-29 19:48:24,20260529-185745,log/stroke_prediction_v2/10/noSelect/standard__noAug__noImbl/sklearn_SVM,1780052279784_edb427c117800553046730547,0.949119373776908,0.4754901960784314,0.4989711934156378,0.4869477911646586,0.9044549326579948,0.949119373776908,0.926249027420838,0.949119373776908,0.949119373776908,0.949119373776908,0.7795189045137939
10,noSelect,standard,noAug,noImbl,sklearn_SVM,first,0.5,0.2,42,2026-05-29 19:48:34,20260529-185745,log/stroke_prediction_v2/10/noSelect/standard__noAug__noImbl/sklearn_SVM,1780052279784_edb427c117800553143984579,0.9500978473581212,0.4755142017629775,0.499485596707819,0.4872052182639237,0.9045005951342742,0.9500978473581214,0.9267386930577962,0.9500978473581212,0.9500978473581212,0.9500978473581212,0.7800807650020133
10,noSelect,standard,noAug,noImbl,sklearn_SVM,last,0.5,0.1,42,2026-05-29 19:48:44,20260529-185745,log/stroke_prediction_v2/10/noSelect/noAug__noImbl__standard/sklearn_SVM,1780052279784_edb427c117800553244971118,0.949119373776908,0.4754901960784314,0.4989711934156378,0.4869477911646586,0.9044549326579948,0.949119373776908,0.926249027420838,0.949119373776908,0.949119373776908,0.949119373776908,0.7795189045137939
10,noSelect,standard,noAug,noImbl,sklearn_SVM,last,0.5,0.2,42,2026-05-29 19:48:54,20260529-185745,log/stroke_prediction_v2/10/noSelect/noAug__noImbl__standard/sklearn_SVM,1780052279784_edb427c117800553341801884,0.9510763209393346,0.4755381604696673,0.5,0.4874623871614844,0.9045461682515002,0.9510763209393346,0.9272278675557002,0.9510763209393346,0.9510763209393346,0.9510763209393346,0.7806424994554282
