FeatureNum,FS_Method,Scaler,AugName,ImblName,Model,Norm_Order,Prob_Threshold,Split_Ratio,Random_State,Timestamp,RunID,LogDir,Model_RunID,Accuracy,Macro_Precision,Macro_Recall,Macro_F1,Weighted_Precision,Weighted_Recall,Weighted_F1,Micro_Precision,Micro_Recall,Micro_F1,Integrated_Score
8,biMaxInfgain,minmax,gaussian_noise,noImbl,BalancedRandomForest,first,0.1,0.1,5012,2026-05-30 19:24:26,20260530-182225,log/stroke_prediction_v4/8/biMaxInfgain/minmax__gaussian_noise__noImbl/BalancedRandomForest,1780136562317_d342c02e17801402660346319,0.4266144814090019,0.5277187218141993,0.6416460905349795,0.3514132859711061,0.9401882335557562,0.4266144814090019,0.5506532348036921,0.4266144814090019,0.4266144814090019,0.4266144814090019,0.5169110752703139
8,biMaxInfgain,minmax,gaussian_noise,noImbl,BalancedRandomForest,first,0.1,0.2,5012,2026-05-30 19:25:18,20260530-182225,log/stroke_prediction_v4/8/biMaxInfgain/minmax__gaussian_noise__noImbl/BalancedRandomForest,1780136562317_d342c02e17801403184049724,0.4471624266144814,0.5330719914253389,0.6714197530864198,0.3663382199791716,0.9456168807774776,0.4471624266144814,0.5705023803017896,0.4471624266144814,0.4471624266144814,0.4471624266144814,0.5344019232168602
8,biMaxInfgain,minmax,gaussian_noise,noImbl,BalancedRandomForest,first,0.15,0.1,5012,2026-05-30 19:24:33,20260530-182225,log/stroke_prediction_v4/8/biMaxInfgain/minmax__gaussian_noise__noImbl/BalancedRandomForest,1780136562317_d342c02e17801402736461812,0.5048923679060665,0.5305901337021668,0.6638271604938272,0.3971836896463292,0.9390959968746588,0.5048923679060665,0.62706193352475,0.5048923679060665,0.5048923679060665,0.5048923679060665,0.5689451197451537
8,biMaxInfgain,minmax,gaussian_noise,noImbl,BalancedRandomForest,first,0.15,0.2,5012,2026-05-30 19:25:25,20260530-182225,log/stroke_prediction_v4/8/biMaxInfgain/minmax__gaussian_noise__noImbl/BalancedRandomForest,1780136562317_d342c02e17801403257742683,0.5322896281800391,0.5367068051597879,0.697201646090535,0.4160335091351602,0.9439705226926302,0.5322896281800391,0.6510952235197618,0.5322896281800391,0.5322896281800391,0.5322896281800391,0.5907730585645491
8,biMaxInfgain,minmax,gaussian_noise,noImbl,BalancedRandomForest,first,0.2,0.1,5012,2026-05-30 19:24:41,20260530-182225,log/stroke_prediction_v4/8/biMaxInfgain/minmax__gaussian_noise__noImbl/BalancedRandomForest,1780136562317_d342c02e17801402810420430,0.5831702544031311,0.5315090824406149,0.6670370370370371,0.4375649154355341,0.9351667142155304,0.5831702544031311,0.6957343818357734,0.5831702544031311,0.5831702544031311,0.5831702544031311,0.6166342797212668
8,biMaxInfgain,minmax,gaussian_noise,noImbl,BalancedRandomForest,first,0.2,0.2,5012,2026-05-30 19:25:33,20260530-182225,log/stroke_prediction_v4/8/biMaxInfgain/minmax__gaussian_noise__noImbl/BalancedRandomForest,1780136562317_d342c02e17801403330918128,0.6076320939334638,0.5432161786852862,0.7273251028806584,0.4595224059325375,0.9445099209746086,0.6076320939334638,0.7147693822631057,0.6076320939334638,0.6076320939334638,0.6076320939334638,0.6407017260567871
8,biMaxInfgain,minmax,gaussian_noise,noImbl,BalancedRandomForest,first,0.25,0.1,5012,2026-05-30 19:24:48,20260530-182225,log/stroke_prediction_v4/8/biMaxInfgain/minmax__gaussian_noise__noImbl/BalancedRandomForest,1780136562317_d342c02e17801402884588366,0.649706457925636,0.540074777951933,0.7020164609053499,0.4763774794630334,0.9380291438407284,0.649706457925636,0.7481620341271824,0.649706457925636,0.649706457925636,0.649706457925636,0.6615755484785878
8,biMaxInfgain,minmax,gaussian_noise,noImbl,BalancedRandomForest,first,0.25,0.2,5012,2026-05-30 19:25:40,20260530-182225,log/stroke_prediction_v4/8/biMaxInfgain/minmax__gaussian_noise__noImbl/BalancedRandomForest,1780136562317_d342c02e17801403405841144,0.6682974559686888,0.5483436222937136,0.740246913580247,0.492950944191499,0.9433344603234536,0.6682974559686888,0.7619517492806321,0.6682974559686888,0.6682974559686888,0.6682974559686888,0.6787468860280365
8,biMaxInfgain,minmax,gaussian_noise,noImbl,BalancedRandomForest,first,0.3,0.1,5012,2026-05-30 19:24:56,20260530-182225,log/stroke_prediction_v4/8/biMaxInfgain/minmax__gaussian_noise__noImbl/BalancedRandomForest,1780136562317_d342c02e17801402960185330,0.7103718199608611,0.5428406923602864,0.6959670781893004,0.5053113553113553,0.9348805391819356,0.7103718199608611,0.7926453194554957,0.7103718199608611,0.7103718199608611,0.7103718199608612,0.6962110601725241
8,biMaxInfgain,minmax,gaussian_noise,noImbl,BalancedRandomForest,first,0.3,0.2,5012,2026-05-30 19:25:47,20260530-182225,log/stroke_prediction_v4/8/biMaxInfgain/minmax__gaussian_noise__noImbl/BalancedRandomForest,1780136562317_d342c02e17801403478189404,0.7191780821917808,0.5559992840682819,0.7575102880658436,0.5234223563226794,0.9437592115679364,0.7191780821917808,0.7989746910575061,0.7191780821917808,0.7191780821917808,0.7191780821917809,0.711757668353946
8,biMaxInfgain,minmax,gaussian_noise,noImbl,BalancedRandomForest,first,0.35,0.1,5012,2026-05-30 19:25:03,20260530-182225,log/stroke_prediction_v4/8/biMaxInfgain/minmax__gaussian_noise__noImbl/BalancedRandomForest,1780136562317_d342c02e17801403035152528,0.7592954990215264,0.5497274379164143,0.702716049382716,0.5322915503962496,0.9346313270377558,0.7592954990215264,0.8262489108351615,0.7592954990215264,0.7592954990215264,0.7592954990215265,0.7262067502270106
8,biMaxInfgain,minmax,gaussian_noise,noImbl,BalancedRandomForest,first,0.35,0.2,5012,2026-05-30 19:25:55,20260530-182225,log/stroke_prediction_v4/8/biMaxInfgain/minmax__gaussian_noise__noImbl/BalancedRandomForest,1780136562317_d342c02e17801403552046482,0.7651663405088063,0.5574651726226529,0.7342592592592592,0.5436990735573166,0.9389402259912452,0.7651663405088063,0.8304867422782062,0.7651663405088063,0.7651663405088063,0.7651663405088064,0.7352608743661665
8,biMaxInfgain,minmax,gaussian_noise,noImbl,BalancedRandomForest,first,0.5,0.1,5012,2026-05-30 19:25:10,20260530-182225,log/stroke_prediction_v4/8/biMaxInfgain/minmax__gaussian_noise__noImbl/BalancedRandomForest,1780136562317_d342c02e17801403109948501,0.8688845401174168,0.5572616407982262,0.6275308641975308,0.5701299516604934,0.9246738059801876,0.8688845401174168,0.8934301048967416,0.8688845401174168,0.8688845401174168,0.8688845401174168,0.7780344556281461
8,biMaxInfgain,minmax,gaussian_noise,noImbl,BalancedRandomForest,first,0.5,0.2,5012,2026-05-30 19:26:02,20260530-182225,log/stroke_prediction_v4/8/biMaxInfgain/minmax__gaussian_noise__noImbl/BalancedRandomForest,1780136562317_d342c02e17801403626514627,0.860078277886497,0.5674450247276697,0.6703292181069959,0.5831486472995907,0.9300899970562164,0.860078277886497,0.8896661976010646,0.860078277886497,0.860078277886497,0.860078277886497,0.7817399618787851
8,biMaxInfgain,minmax,gaussian_noise,noImbl,BalancedRandomForest,last,0.1,0.1,5012,2026-05-30 19:26:10,20260530-182225,log/stroke_prediction_v4/8/biMaxInfgain/gaussian_noise__noImbl__minmax/BalancedRandomForest,1780136562317_d342c02e17801403702188265,0.4344422700587084,0.532121649815439,0.6647325102880659,0.3583219274805014,0.9452426963095012,0.4344422700587084,0.5577053248018277,0.4344422700587084,0.4344422700587084,0.4344422700587084,0.5253906815071332
8,biMaxInfgain,minmax,gaussian_noise,noImbl,BalancedRandomForest,last,0.1,0.2,5012,2026-05-30 19:27:02,20260530-182225,log/stroke_prediction_v4/8/biMaxInfgain/gaussian_noise__noImbl__minmax/BalancedRandomForest,1780136562317_d342c02e17801404227795106,0.4481409001956947,0.5312707943851198,0.6624485596707819,0.3659296416078146,0.9433447860122708,0.4481409001956946,0.5719045883959272,0.4481409001956947,0.4481409001956947,0.4481409001956947,0.5336379085856562
8,biMaxInfgain,minmax,gaussian_noise,noImbl,BalancedRandomForest,last,0.15,0.1,5012,2026-05-30 19:26:17,20260530-182225,log/stroke_prediction_v4/8/biMaxInfgain/gaussian_noise__noImbl__minmax/BalancedRandomForest,1780136562317_d342c02e17801403777359096,0.5009784735812133,0.5266635930536345,0.642798353909465,0.3924183433194227,0.9349684232876412,0.5009784735812133,0.6241138065170405,0.5009784735812133,0.5009784735812133,0.5009784735812133,0.5633142489330287
8,biMaxInfgain,minmax,gaussian_noise,noImbl,BalancedRandomForest,last,0.15,0.2,5012,2026-05-30 19:27:10,20260530-182225,log/stroke_prediction_v4/8/biMaxInfgain/gaussian_noise__noImbl__minmax/BalancedRandomForest,1780136562317_d342c02e17801404303199953,0.5205479452054794,0.5373715293756711,0.7005144032921811,0.4102364801205954,0.9455648084524269,0.5205479452054794,0.6403432014062584,0.5205479452054794,0.5205479452054794,0.5205479452054794,0.5841512044232475
8,biMaxInfgain,minmax,gaussian_noise,noImbl,BalancedRandomForest,last,0.2,0.1,5012,2026-05-30 19:26:25,20260530-182225,log/stroke_prediction_v4/8/biMaxInfgain/gaussian_noise__noImbl__minmax/BalancedRandomForest,1780136562317_d342c02e17801403853777008,0.5870841487279843,0.5319577526132404,0.6690946502057613,0.4398239789689157,0.9353429686274776,0.5870841487279843,0.6989344303388798,0.5870841487279843,0.5870841487279843,0.5870841487279843,0.6192869580320107
8,biMaxInfgain,minmax,gaussian_noise,noImbl,BalancedRandomForest,last,0.2,0.2,5012,2026-05-30 19:27:17,20260530-182225,log/stroke_prediction_v4/8/biMaxInfgain/gaussian_noise__noImbl__minmax/BalancedRandomForest,1780136562317_d342c02e17801404376276553,0.5958904109589042,0.5382684555916888,0.7021810699588478,0.4495164687546869,0.9407490832323888,0.5958904109589042,0.7056014302580801,0.5958904109589042,0.5958904109589042,0.5958904109589042,0.6297437101137691
8,biMaxInfgain,minmax,gaussian_noise,noImbl,BalancedRandomForest,last,0.25,0.1,5012,2026-05-30 19:26:32,20260530-182225,log/stroke_prediction_v4/8/biMaxInfgain/gaussian_noise__noImbl__minmax/BalancedRandomForest,1780136562317_d342c02e17801403928351533,0.6692759295499021,0.5430792611643676,0.7123045267489712,0.4881064580184345,0.9388388810673026,0.6692759295499021,0.7628404263605615,0.6692759295499021,0.6692759295499021,0.6692759295499021,0.6747746713748741
8,biMaxInfgain,minmax,gaussian_noise,noImbl,BalancedRandomForest,last,0.25,0.2,5012,2026-05-30 19:27:25,20260530-182225,log/stroke_prediction_v4/8/biMaxInfgain/gaussian_noise__noImbl__minmax/BalancedRandomForest,1780136562317_d342c02e17801404450145950,0.6692759295499021,0.5502977667493796,0.750246913580247,0.4953337112335716,0.94489440740435,0.6692759295499021,0.762624920046333,0.6692759295499021,0.6692759295499021,0.6692759295499021,0.6809480752853441
8,biMaxInfgain,minmax,gaussian_noise,noImbl,BalancedRandomForest,last,0.3,0.1,5012,2026-05-30 19:26:40,20260530-182225,log/stroke_prediction_v4/8/biMaxInfgain/gaussian_noise__noImbl__minmax/BalancedRandomForest,1780136562317_d342c02e17801404003884558,0.7084148727984344,0.5386059949440231,0.6759670781893004,0.499812772219339,0.9319823401243428,0.7084148727984344,0.7912235854525602,0.7084148727984344,0.7084148727984344,0.7084148727984344,0.6916769440959252
8,biMaxInfgain,minmax,gaussian_noise,noImbl,BalancedRandomForest,last,0.3,0.2,5012,2026-05-30 19:27:32,20260530-182225,log/stroke_prediction_v4/8/biMaxInfgain/gaussian_noise__noImbl__minmax/BalancedRandomForest,1780136562317_d342c02e17801404523488639,0.7250489236790607,0.557276332867525,0.7605967078189301,0.5273214465001983,0.9439921546881146,0.7250489236790607,0.8031228594486266,0.7250489236790607,0.7250489236790607,0.7250489236790607,0.7157727349014048
8,biMaxInfgain,minmax,gaussian_noise,noImbl,BalancedRandomForest,last,0.35,0.1,5012,2026-05-30 19:26:47,20260530-182225,log/stroke_prediction_v4/8/biMaxInfgain/gaussian_noise__noImbl__minmax/BalancedRandomForest,1780136562317_d342c02e17801404079561696,0.7534246575342466,0.5482456140350876,0.6996296296296296,0.5283491561181434,0.9343172020069744,0.7534246575342466,0.8222862840298248,0.7534246575342466,0.7534246575342466,0.7534246575342466,0.7221844236030629
8,biMaxInfgain,minmax,gaussian_noise,noImbl,BalancedRandomForest,last,0.35,0.2,5012,2026-05-30 19:27:39,20260530-182225,log/stroke_prediction_v4/8/biMaxInfgain/gaussian_noise__noImbl__minmax/BalancedRandomForest,1780136562317_d342c02e17801404597384810,0.7729941291585127,0.5597041847041847,0.7383744855967078,0.5493039134434805,0.9393438155669076,0.7729941291585127,0.8357516619007855,0.7729941291585127,0.7729941291585127,0.7729941291585127,0.7406982365518249
8,biMaxInfgain,minmax,gaussian_noise,noImbl,BalancedRandomForest,last,0.5,0.1,5012,2026-05-30 19:26:55,20260530-182225,log/stroke_prediction_v4/8/biMaxInfgain/gaussian_noise__noImbl__minmax/BalancedRandomForest,1780136562317_d342c02e17801404154347488,0.8669275929549902,0.5559927140255009,0.6265020576131688,0.5683263764659113,0.9244785217028648,0.8669275929549902,0.8922208724693593,0.8669275929549902,0.8669275929549902,0.8669275929549902,0.77655045385644
8,biMaxInfgain,minmax,gaussian_noise,noImbl,BalancedRandomForest,last,0.5,0.2,5012,2026-05-30 19:27:47,20260530-182225,log/stroke_prediction_v4/8/biMaxInfgain/gaussian_noise__noImbl__minmax/BalancedRandomForest,1780136562317_d342c02e17801404671711626,0.8581213307240705,0.5507449387856512,0.621872427983539,0.5605317864906303,0.9236410353214703,0.8581213307240705,0.886783343902321,0.8581213307240705,0.8581213307240705,0.8581213307240705,0.7699716420576369
8,biMaxInfgain,minmax,gaussian_noise,noImbl,EasyEnsemble,first,0.1,0.1,5012,2026-05-30 19:24:27,20260530-182225,log/stroke_prediction_v4/8/biMaxInfgain/minmax__gaussian_noise__noImbl/EasyEnsemble,1780136562317_d342c02e17801402672296356,0.0489236790606653,0.0244618395303326,0.5,0.0466417910447761,0.0023935263728309,0.0489236790606653,0.0045637760317784,0.0489236790606653,0.0489236790606653,0.0489236790606653,0.0799358432760656
8,biMaxInfgain,minmax,gaussian_noise,noImbl,EasyEnsemble,first,0.1,0.2,5012,2026-05-30 19:25:19,20260530-182225,log/stroke_prediction_v4/8/biMaxInfgain/minmax__gaussian_noise__noImbl/EasyEnsemble,1780136562317_d342c02e17801403196483948,0.0489236790606653,0.0244618395303326,0.5,0.0466417910447761,0.0023935263728309,0.0489236790606653,0.0045637760317784,0.0489236790606653,0.0489236790606653,0.0489236790606653,0.0799358432760656
8,biMaxInfgain,minmax,gaussian_noise,noImbl,EasyEnsemble,first,0.15,0.1,5012,2026-05-30 19:24:34,20260530-182225,log/stroke_prediction_v4/8/biMaxInfgain/minmax__gaussian_noise__noImbl/EasyEnsemble,1780136562317_d342c02e17801402749063301,0.0489236790606653,0.0244618395303326,0.5,0.0466417910447761,0.0023935263728309,0.0489236790606653,0.0045637760317784,0.0489236790606653,0.0489236790606653,0.0489236790606653,0.0799358432760656
8,biMaxInfgain,minmax,gaussian_noise,noImbl,EasyEnsemble,first,0.15,0.2,5012,2026-05-30 19:25:27,20260530-182225,log/stroke_prediction_v4/8/biMaxInfgain/minmax__gaussian_noise__noImbl/EasyEnsemble,1780136562317_d342c02e17801403270119825,0.0489236790606653,0.0244618395303326,0.5,0.0466417910447761,0.0023935263728309,0.0489236790606653,0.0045637760317784,0.0489236790606653,0.0489236790606653,0.0489236790606653,0.0799358432760656
8,biMaxInfgain,minmax,gaussian_noise,noImbl,EasyEnsemble,first,0.2,0.1,5012,2026-05-30 19:24:42,20260530-182225,log/stroke_prediction_v4/8/biMaxInfgain/minmax__gaussian_noise__noImbl/EasyEnsemble,1780136562317_d342c02e17801402822457140,0.0489236790606653,0.0244618395303326,0.5,0.0466417910447761,0.0023935263728309,0.0489236790606653,0.0045637760317784,0.0489236790606653,0.0489236790606653,0.0489236790606653,0.0799358432760656
8,biMaxInfgain,minmax,gaussian_noise,noImbl,EasyEnsemble,first,0.2,0.2,5012,2026-05-30 19:25:34,20260530-182225,log/stroke_prediction_v4/8/biMaxInfgain/minmax__gaussian_noise__noImbl/EasyEnsemble,1780136562317_d342c02e17801403343444950,0.0489236790606653,0.0244618395303326,0.5,0.0466417910447761,0.0023935263728309,0.0489236790606653,0.0045637760317784,0.0489236790606653,0.0489236790606653,0.0489236790606653,0.0799358432760656
8,biMaxInfgain,minmax,gaussian_noise,noImbl,EasyEnsemble,first,0.25,0.1,5012,2026-05-30 19:24:49,20260530-182225,log/stroke_prediction_v4/8/biMaxInfgain/minmax__gaussian_noise__noImbl/EasyEnsemble,1780136562317_d342c02e17801402897015390,0.0489236790606653,0.0244618395303326,0.5,0.0466417910447761,0.0023935263728309,0.0489236790606653,0.0045637760317784,0.0489236790606653,0.0489236790606653,0.0489236790606653,0.0799358432760656
8,biMaxInfgain,minmax,gaussian_noise,noImbl,EasyEnsemble,first,0.25,0.2,5012,2026-05-30 19:25:41,20260530-182225,log/stroke_prediction_v4/8/biMaxInfgain/minmax__gaussian_noise__noImbl/EasyEnsemble,1780136562317_d342c02e17801403417747669,0.0489236790606653,0.0244618395303326,0.5,0.0466417910447761,0.0023935263728309,0.0489236790606653,0.0045637760317784,0.0489236790606653,0.0489236790606653,0.0489236790606653,0.0799358432760656
8,biMaxInfgain,minmax,gaussian_noise,noImbl,EasyEnsemble,first,0.3,0.1,5012,2026-05-30 19:24:57,20260530-182225,log/stroke_prediction_v4/8/biMaxInfgain/minmax__gaussian_noise__noImbl/EasyEnsemble,1780136562317_d342c02e17801402972438981,0.1350293542074364,0.5267665952890792,0.5452674897119342,0.1338318760546096,0.953695361574274,0.1350293542074364,0.162886477552144,0.1350293542074364,0.1350293542074364,0.1350293542074364,0.3010924393815162
8,biMaxInfgain,minmax,gaussian_noise,noImbl,EasyEnsemble,first,0.3,0.2,5012,2026-05-30 19:25:49,20260530-182225,log/stroke_prediction_v4/8/biMaxInfgain/minmax__gaussian_noise__noImbl/EasyEnsemble,1780136562317_d342c02e17801403490719881,0.1771037181996086,0.5196500897741033,0.5484156378600823,0.1713718560166746,0.9396338059864492,0.1771037181996086,0.2335457022833223,0.1771037181996086,0.1771037181996086,0.1771037181996086,0.3323490743869064
8,biMaxInfgain,minmax,gaussian_noise,noImbl,EasyEnsemble,first,0.35,0.1,5012,2026-05-30 19:25:04,20260530-182225,log/stroke_prediction_v4/8/biMaxInfgain/minmax__gaussian_noise__noImbl/EasyEnsemble,1780136562317_d342c02e17801403048213569,0.3326810176125244,0.5206217807211184,0.5922633744855967,0.2894819466248037,0.9351705452812228,0.3326810176125244,0.4475356904767024,0.3326810176125244,0.3326810176125244,0.3326810176125244,0.4484306226590294
8,biMaxInfgain,minmax,gaussian_noise,noImbl,EasyEnsemble,first,0.35,0.2,5012,2026-05-30 19:25:56,20260530-182225,log/stroke_prediction_v4/8/biMaxInfgain/minmax__gaussian_noise__noImbl/EasyEnsemble,1780136562317_d342c02e17801403565084627,0.4031311154598825,0.5318566347560164,0.6577572016460904,0.3391494233378561,0.9468389032561404,0.4031311154598825,0.5246560904337944,0.4031311154598825,0.4031311154598825,0.4031311154598825,0.5044685472155253
8,biMaxInfgain,minmax,gaussian_noise,noImbl,EasyEnsemble,first,0.5,0.1,5012,2026-05-30 19:25:12,20260530-182225,log/stroke_prediction_v4/8/biMaxInfgain/minmax__gaussian_noise__noImbl/EasyEnsemble,1780136562317_d342c02e17801403122143667,0.6692759295499021,0.5394259818731119,0.6933333333333334,0.4843777054661611,0.935855292330068,0.6692759295499021,0.7629335267165029,0.6692759295499021,0.6692759295499021,0.6692759295499021,0.6716685174010115
8,biMaxInfgain,minmax,gaussian_noise,noImbl,EasyEnsemble,first,0.5,0.2,5012,2026-05-30 19:26:03,20260530-182225,log/stroke_prediction_v4/8/biMaxInfgain/minmax__gaussian_noise__noImbl/EasyEnsemble,1780136562317_d342c02e17801403639091715,0.6810176125244618,0.5504854613986673,0.7469341563786007,0.5008569442446905,0.9437882174051464,0.6810176125244618,0.7713913679481907,0.6810176125244618,0.6810176125244618,0.6810176125244618,0.6873650753569582
8,biMaxInfgain,minmax,gaussian_noise,noImbl,EasyEnsemble,last,0.1,0.1,5012,2026-05-30 19:26:11,20260530-182225,log/stroke_prediction_v4/8/biMaxInfgain/gaussian_noise__noImbl__minmax/EasyEnsemble,1780136562317_d342c02e17801403714554143,0.0489236790606653,0.0244618395303326,0.5,0.0466417910447761,0.0023935263728309,0.0489236790606653,0.0045637760317784,0.0489236790606653,0.0489236790606653,0.0489236790606653,0.0799358432760656
8,biMaxInfgain,minmax,gaussian_noise,noImbl,EasyEnsemble,last,0.1,0.2,5012,2026-05-30 19:27:04,20260530-182225,log/stroke_prediction_v4/8/biMaxInfgain/gaussian_noise__noImbl__minmax/EasyEnsemble,1780136562317_d342c02e17801404240159550,0.0489236790606653,0.0244618395303326,0.5,0.0466417910447761,0.0023935263728309,0.0489236790606653,0.0045637760317784,0.0489236790606653,0.0489236790606653,0.0489236790606653,0.0799358432760656
8,biMaxInfgain,minmax,gaussian_noise,noImbl,EasyEnsemble,last,0.15,0.1,5012,2026-05-30 19:26:19,20260530-182225,log/stroke_prediction_v4/8/biMaxInfgain/gaussian_noise__noImbl__minmax/EasyEnsemble,1780136562317_d342c02e17801403790429448,0.0489236790606653,0.0244618395303326,0.5,0.0466417910447761,0.0023935263728309,0.0489236790606653,0.0045637760317784,0.0489236790606653,0.0489236790606653,0.0489236790606653,0.0799358432760656
8,biMaxInfgain,minmax,gaussian_noise,noImbl,EasyEnsemble,last,0.15,0.2,5012,2026-05-30 19:27:11,20260530-182225,log/stroke_prediction_v4/8/biMaxInfgain/gaussian_noise__noImbl__minmax/EasyEnsemble,1780136562317_d342c02e17801404315603239,0.0489236790606653,0.0244618395303326,0.5,0.0466417910447761,0.0023935263728309,0.0489236790606653,0.0045637760317784,0.0489236790606653,0.0489236790606653,0.0489236790606653,0.0799358432760656
8,biMaxInfgain,minmax,gaussian_noise,noImbl,EasyEnsemble,last,0.2,0.1,5012,2026-05-30 19:26:26,20260530-182225,log/stroke_prediction_v4/8/biMaxInfgain/gaussian_noise__noImbl__minmax/EasyEnsemble,1780136562317_d342c02e17801403866269052,0.0489236790606653,0.0244618395303326,0.5,0.0466417910447761,0.0023935263728309,0.0489236790606653,0.0045637760317784,0.0489236790606653,0.0489236790606653,0.0489236790606653,0.0799358432760656
8,biMaxInfgain,minmax,gaussian_noise,noImbl,EasyEnsemble,last,0.2,0.2,5012,2026-05-30 19:27:18,20260530-182225,log/stroke_prediction_v4/8/biMaxInfgain/gaussian_noise__noImbl__minmax/EasyEnsemble,1780136562317_d342c02e17801404388334648,0.0489236790606653,0.0244618395303326,0.5,0.0466417910447761,0.0023935263728309,0.0489236790606653,0.0045637760317784,0.0489236790606653,0.0489236790606653,0.0489236790606653,0.0799358432760656
8,biMaxInfgain,minmax,gaussian_noise,noImbl,EasyEnsemble,last,0.25,0.1,5012,2026-05-30 19:26:34,20260530-182225,log/stroke_prediction_v4/8/biMaxInfgain/gaussian_noise__noImbl__minmax/EasyEnsemble,1780136562317_d342c02e17801403941434544,0.0489236790606653,0.0244618395303326,0.5,0.0466417910447761,0.0023935263728309,0.0489236790606653,0.0045637760317784,0.0489236790606653,0.0489236790606653,0.0489236790606653,0.0799358432760656
8,biMaxInfgain,minmax,gaussian_noise,noImbl,EasyEnsemble,last,0.25,0.2,5012,2026-05-30 19:27:26,20260530-182225,log/stroke_prediction_v4/8/biMaxInfgain/gaussian_noise__noImbl__minmax/EasyEnsemble,1780136562317_d342c02e17801404462416578,0.0489236790606653,0.0244618395303326,0.5,0.0466417910447761,0.0023935263728309,0.0489236790606653,0.0045637760317784,0.0489236790606653,0.0489236790606653,0.0489236790606653,0.0799358432760656
8,biMaxInfgain,minmax,gaussian_noise,noImbl,EasyEnsemble,last,0.3,0.1,5012,2026-05-30 19:26:41,20260530-182225,log/stroke_prediction_v4/8/biMaxInfgain/gaussian_noise__noImbl__minmax/EasyEnsemble,1780136562317_d342c02e17801404016477522,0.0978473581213307,0.5257201646090535,0.5257201646090535,0.0978473581213307,0.9535929710967764,0.0978473581213307,0.0978473581213307,0.0978473581213307,0.0978473581213307,0.0978473581213307,0.2689964807164197
8,biMaxInfgain,minmax,gaussian_noise,noImbl,EasyEnsemble,last,0.3,0.2,5012,2026-05-30 19:27:33,20260530-182225,log/stroke_prediction_v4/8/biMaxInfgain/gaussian_noise__noImbl__minmax/EasyEnsemble,1780136562317_d342c02e17801404535593690,0.1761252446183953,0.5195643404598628,0.5479012345679012,0.1705217133140805,0.9395256751625592,0.1761252446183952,0.2320271402495348,0.1761252446183953,0.1761252446183953,0.1761252446183953,0.3315315509009326
8,biMaxInfgain,minmax,gaussian_noise,noImbl,EasyEnsemble,last,0.35,0.1,5012,2026-05-30 19:26:49,20260530-182225,log/stroke_prediction_v4/8/biMaxInfgain/gaussian_noise__noImbl__minmax/EasyEnsemble,1780136562317_d342c02e17801404092033864,0.3150684931506849,0.5285483933636399,0.6209465020576131,0.2798527895889704,0.9473323678239473,0.3150684931506848,0.4235203943849913,0.3150684931506849,0.3150684931506849,0.3150684931506849,0.4412161011808881
8,biMaxInfgain,minmax,gaussian_noise,noImbl,EasyEnsemble,last,0.35,0.2,5012,2026-05-30 19:27:41,20260530-182225,log/stroke_prediction_v4/8/biMaxInfgain/gaussian_noise__noImbl__minmax/EasyEnsemble,1780136562317_d342c02e17801404610137612,0.2964774951076321,0.5274814984359503,0.6111728395061728,0.2663814663025952,0.9467446698310474,0.2964774951076321,0.4004323772119864,0.2964774951076321,0.2964774951076321,0.2964774951076321,0.427152975347557
8,biMaxInfgain,minmax,gaussian_noise,noImbl,EasyEnsemble,last,0.5,0.1,5012,2026-05-30 19:26:56,20260530-182225,log/stroke_prediction_v4/8/biMaxInfgain/gaussian_noise__noImbl__minmax/EasyEnsemble,1780136562317_d342c02e17801404166670655,0.7162426614481409,0.5361495844875346,0.6611111111111111,0.5001180637544274,0.9296230843872476,0.7162426614481409,0.796646157613957,0.7162426614481409,0.7162426614481409,0.7162426614481409,0.6937000757831032
8,biMaxInfgain,minmax,gaussian_noise,noImbl,EasyEnsemble,last,0.5,0.2,5012,2026-05-30 19:27:48,20260530-182225,log/stroke_prediction_v4/8/biMaxInfgain/gaussian_noise__noImbl__minmax/EasyEnsemble,1780136562317_d342c02e17801404683908248,0.6888454011741683,0.5500528667417033,0.7415637860082305,0.5039046996831057,0.9425888076826012,0.6888454011741683,0.7771664413093232,0.6888454011741683,0.6888454011741683,0.6888454011741683,0.6911193776617849
8,biMaxInfgain,minmax,gaussian_noise,noImbl,XGBClassifier_SPW24,first,0.1,0.1,5012,2026-05-30 19:24:25,20260530-182225,log/stroke_prediction_v4/8/biMaxInfgain/minmax__gaussian_noise__noImbl/XGBClassifier_SPW24,1780136562317_d342c02e17801402651975067,0.8571428571428571,0.5126373626373627,0.5265020576131687,0.5105941932013487,0.910675039246468,0.8571428571428571,0.8821265980316635,0.8571428571428571,0.8571428571428571,0.8571428571428571,0.7467467074917944
8,biMaxInfgain,minmax,gaussian_noise,noImbl,XGBClassifier_SPW24,first,0.1,0.2,5012,2026-05-30 19:25:17,20260530-182225,log/stroke_prediction_v4/8/biMaxInfgain/minmax__gaussian_noise__noImbl/XGBClassifier_SPW24,1780136562317_d342c02e17801403175578190,0.8405088062622309,0.5325385649617731,0.584156378600823,0.5336899533370842,0.9183382422430532,0.8405088062622309,0.8749287740813367,0.8405088062622309,0.8405088062622309,0.8405088062622309,0.7509996501982203
8,biMaxInfgain,minmax,gaussian_noise,noImbl,XGBClassifier_SPW24,first,0.15,0.1,5012,2026-05-30 19:24:32,20260530-182225,log/stroke_prediction_v4/8/biMaxInfgain/minmax__gaussian_noise__noImbl/XGBClassifier_SPW24,1780136562317_d342c02e17801402727299154,0.8708414872798435,0.5180890538033395,0.5337037037037037,0.5192439274717755,0.9118393487976938,0.8708414872798435,0.8901511930816595,0.8708414872798435,0.8708414872798435,0.8708414872798435,0.7561090736254261
8,biMaxInfgain,minmax,gaussian_noise,noImbl,XGBClassifier_SPW24,first,0.15,0.2,5012,2026-05-30 19:25:24,20260530-182225,log/stroke_prediction_v4/8/biMaxInfgain/minmax__gaussian_noise__noImbl/XGBClassifier_SPW24,1780136562317_d342c02e17801403249230116,0.8581213307240705,0.5439977125764307,0.6029012345679012,0.5515631288601612,0.9211096604047172,0.8581213307240705,0.8860562201246871,0.8581213307240705,0.8581213307240705,0.8581213307240705,0.7656922953922601
8,biMaxInfgain,minmax,gaussian_noise,noImbl,XGBClassifier_SPW24,first,0.2,0.1,5012,2026-05-30 19:24:40,20260530-182225,log/stroke_prediction_v4/8/biMaxInfgain/minmax__gaussian_noise__noImbl/XGBClassifier_SPW24,1780136562317_d342c02e17801402801991726,0.8864970645792564,0.5367720135161995,0.5609053497942387,0.5431310889135528,0.91612083361048,0.8864970645792564,0.9004487295047252,0.8864970645792564,0.8864970645792564,0.8864970645792564,0.7725156182865359
8,biMaxInfgain,minmax,gaussian_noise,noImbl,XGBClassifier_SPW24,first,0.2,0.2,5012,2026-05-30 19:25:32,20260530-182225,log/stroke_prediction_v4/8/biMaxInfgain/minmax__gaussian_noise__noImbl/XGBClassifier_SPW24,1780136562317_d342c02e17801403322731860,0.8962818003913894,0.564143567874911,0.6039917695473251,0.5767289208408221,0.9227284043856756,0.8962818003913895,0.9085169331669742,0.8962818003913894,0.8962818003913894,0.8962818003913894,0.7903859724385163
8,biMaxInfgain,minmax,gaussian_noise,noImbl,XGBClassifier_SPW24,first,0.25,0.1,5012,2026-05-30 19:24:47,20260530-182225,log/stroke_prediction_v4/8/biMaxInfgain/minmax__gaussian_noise__noImbl/XGBClassifier_SPW24,1780136562317_d342c02e17801402875631279,0.9001956947162426,0.5239104906054279,0.5301646090534979,0.5262067084810472,0.9119809136369394,0.9001956947162427,0.9059620447242744,0.9001956947162426,0.9001956947162426,0.9001956947162426,0.7715091921968816
8,biMaxInfgain,minmax,gaussian_noise,noImbl,XGBClassifier_SPW24,first,0.25,0.2,5012,2026-05-30 19:25:39,20260530-182225,log/stroke_prediction_v4/8/biMaxInfgain/minmax__gaussian_noise__noImbl/XGBClassifier_SPW24,1780136562317_d342c02e17801403397688555,0.898238747553816,0.5517553132302213,0.5765637860082304,0.5601900127447573,0.9189481022490192,0.8982387475538159,0.9080481974478288,0.898238747553816,0.898238747553816,0.898238747553816,0.7842579506991614
8,biMaxInfgain,minmax,gaussian_noise,noImbl,XGBClassifier_SPW24,first,0.3,0.1,5012,2026-05-30 19:24:55,20260530-182225,log/stroke_prediction_v4/8/biMaxInfgain/minmax__gaussian_noise__noImbl/XGBClassifier_SPW24,1780136562317_d342c02e17801402951259980,0.9041095890410958,0.5271309771309772,0.5322222222222222,0.529209363542352,0.9124683165779056,0.9041095890410958,0.9082203371277048,0.9041095890410958,0.9041095890410958,0.9041095890410958,0.7744404423100572
8,biMaxInfgain,minmax,gaussian_noise,noImbl,XGBClassifier_SPW24,first,0.3,0.2,5012,2026-05-30 19:25:47,20260530-182225,log/stroke_prediction_v4/8/biMaxInfgain/minmax__gaussian_noise__noImbl/XGBClassifier_SPW24,1780136562317_d342c02e17801403470160477,0.8953033268101761,0.5383526927138331,0.5560493827160494,0.5441208963001564,0.9157706796826728,0.8953033268101761,0.9050910199682036,0.8953033268101761,0.8953033268101761,0.895303326810176,0.7765203936755798
8,biMaxInfgain,minmax,gaussian_noise,noImbl,XGBClassifier_SPW24,first,0.35,0.1,5012,2026-05-30 19:25:02,20260530-182225,log/stroke_prediction_v4/8/biMaxInfgain/minmax__gaussian_noise__noImbl/XGBClassifier_SPW24,1780136562317_d342c02e17801403026005777,0.913894324853229,0.5199126870990735,0.5183950617283951,0.5190793976728268,0.910505235496204,0.913894324853229,0.9121888608049336,0.913894324853229,0.913894324853229,0.913894324853229,0.7751292671453227
8,biMaxInfgain,minmax,gaussian_noise,noImbl,XGBClassifier_SPW24,first,0.35,0.2,5012,2026-05-30 19:25:54,20260530-182225,log/stroke_prediction_v4/8/biMaxInfgain/minmax__gaussian_noise__noImbl/XGBClassifier_SPW24,1780136562317_d342c02e17801403543699657,0.9090019569471623,0.5524385459135804,0.5632510288065844,0.5570252093790634,0.9177179514390944,0.9090019569471623,0.9132519506060528,0.9090019569471623,0.9090019569471623,0.9090019569471623,0.7874831093925581
8,biMaxInfgain,minmax,gaussian_noise,noImbl,XGBClassifier_SPW24,first,0.5,0.1,5012,2026-05-30 19:25:10,20260530-182225,log/stroke_prediction_v4/8/biMaxInfgain/minmax__gaussian_noise__noImbl/XGBClassifier_SPW24,1780136562317_d342c02e17801403101250601,0.923679060665362,0.532228983547442,0.5235390946502058,0.5265933439437489,0.9121415847082022,0.923679060665362,0.9177397443896114,0.923679060665362,0.923679060665362,0.923679060665362,0.7829125538067335
8,biMaxInfgain,minmax,gaussian_noise,noImbl,XGBClassifier_SPW24,first,0.5,0.2,5012,2026-05-30 19:26:01,20260530-182225,log/stroke_prediction_v4/8/biMaxInfgain/minmax__gaussian_noise__noImbl/XGBClassifier_SPW24,1780136562317_d342c02e17801403618225599,0.913894324853229,0.5199126870990735,0.5183950617283951,0.5190793976728268,0.910505235496204,0.913894324853229,0.9121888608049336,0.913894324853229,0.913894324853229,0.913894324853229,0.7751292671453227
8,biMaxInfgain,minmax,gaussian_noise,noImbl,XGBClassifier_SPW24,last,0.1,0.1,5012,2026-05-30 19:26:09,20260530-182225,log/stroke_prediction_v4/8/biMaxInfgain/gaussian_noise__noImbl__minmax/XGBClassifier_SPW24,1780136562317_d342c02e17801403693245174,0.8571428571428571,0.521028393088224,0.5454732510288066,0.5213698243453044,0.913303754934264,0.8571428571428571,0.8830318993912664,0.8571428571428571,0.8571428571428571,0.8571428571428571,0.7514979413227576
8,biMaxInfgain,minmax,gaussian_noise,noImbl,XGBClassifier_SPW24,last,0.1,0.2,5012,2026-05-30 19:27:01,20260530-182225,log/stroke_prediction_v4/8/biMaxInfgain/gaussian_noise__noImbl__minmax/XGBClassifier_SPW24,1780136562317_d342c02e17801404219519454,0.8297455968688845,0.5316515662935987,0.5879835390946502,0.5303358441531002,0.9187539552941812,0.8297455968688845,0.8686395108246114,0.8297455968688845,0.8297455968688845,0.8297455968688845,0.7455834480624534
8,biMaxInfgain,minmax,gaussian_noise,noImbl,XGBClassifier_SPW24,last,0.15,0.1,5012,2026-05-30 19:26:16,20260530-182225,log/stroke_prediction_v4/8/biMaxInfgain/gaussian_noise__noImbl__minmax/XGBClassifier_SPW24,1780136562317_d342c02e17801403768647298,0.8962818003913894,0.5548301486199576,0.5850205761316871,0.564616992203199,0.9200487367095866,0.8962818003913893,0.9074364464066872,0.8962818003913894,0.8962818003913894,0.8962818003913894,0.7853106820941618
8,biMaxInfgain,minmax,gaussian_noise,noImbl,XGBClassifier_SPW24,last,0.15,0.2,5012,2026-05-30 19:27:09,20260530-182225,log/stroke_prediction_v4/8/biMaxInfgain/gaussian_noise__noImbl__minmax/XGBClassifier_SPW24,1780136562317_d342c02e17801404294381986,0.8659491193737769,0.5331978520782034,0.5690740740740741,0.5381560414694405,0.9166936876363518,0.8659491193737769,0.8891725546260004,0.8659491193737769,0.8659491193737769,0.8659491193737769,0.7623754985426897
8,biMaxInfgain,minmax,gaussian_noise,noImbl,XGBClassifier_SPW24,last,0.2,0.1,5012,2026-05-30 19:26:24,20260530-182225,log/stroke_prediction_v4/8/biMaxInfgain/gaussian_noise__noImbl__minmax/XGBClassifier_SPW24,1780136562317_d342c02e17801403844732208,0.9001956947162426,0.5483918128654971,0.5681069958847736,0.555432353593422,0.917825957588034,0.9001956947162425,0.9086232430548004,0.9001956947162426,0.9001956947162426,0.9001956947162426,0.7831190940175606
8,biMaxInfgain,minmax,gaussian_noise,noImbl,XGBClassifier_SPW24,last,0.2,0.2,5012,2026-05-30 19:27:16,20260530-182225,log/stroke_prediction_v4/8/biMaxInfgain/gaussian_noise__noImbl__minmax/XGBClassifier_SPW24,1780136562317_d342c02e17801404368079332,0.8864970645792564,0.5416220556745182,0.5703909465020576,0.549279924570768,0.9174787438662068,0.8864970645792564,0.900992823991386,0.8864970645792564,0.8864970645792564,0.8864970645792564,0.7750889127203038
8,biMaxInfgain,minmax,gaussian_noise,noImbl,XGBClassifier_SPW24,last,0.25,0.1,5012,2026-05-30 19:26:31,20260530-182225,log/stroke_prediction_v4/8/biMaxInfgain/gaussian_noise__noImbl__minmax/XGBClassifier_SPW24,1780136562317_d342c02e17801403919601473,0.9041095890410958,0.5405793319415448,0.5511934156378601,0.5447868375602218,0.915495324162782,0.9041095890410958,0.9096498076762636,0.9041095890410958,0.9041095890410958,0.9041095890410958,0.7805361395761297
8,biMaxInfgain,minmax,gaussian_noise,noImbl,XGBClassifier_SPW24,last,0.25,0.2,5012,2026-05-30 19:27:24,20260530-182225,log/stroke_prediction_v4/8/biMaxInfgain/gaussian_noise__noImbl__minmax/XGBClassifier_SPW24,1780136562317_d342c02e17801404440462178,0.9060665362035224,0.5708040935672515,0.5996502057613169,0.5815833916173385,0.9228678431237912,0.9060665362035224,0.9139983464045182,0.9060665362035224,0.9060665362035224,0.9060665362035226,0.7960960894299234
8,biMaxInfgain,minmax,gaussian_noise,noImbl,XGBClassifier_SPW24,last,0.3,0.1,5012,2026-05-30 19:26:39,20260530-182225,log/stroke_prediction_v4/8/biMaxInfgain/gaussian_noise__noImbl__minmax/XGBClassifier_SPW24,1780136562317_d342c02e17801403994805692,0.9217221135029354,0.5654401282965074,0.5604526748971194,0.5627994524298425,0.9186573222323424,0.9217221135029356,0.9201716916408488,0.9217221135029354,0.9217221135029354,0.9217221135029354,0.7955895295543746
8,biMaxInfgain,minmax,gaussian_noise,noImbl,XGBClassifier_SPW24,last,0.3,0.2,5012,2026-05-30 19:27:31,20260530-182225,log/stroke_prediction_v4/8/biMaxInfgain/gaussian_noise__noImbl__minmax/XGBClassifier_SPW24,1780136562317_d342c02e17801404515182034,0.8943248532289628,0.5259795321637427,0.5365637860082304,0.5292813155695059,0.9127840720522769,0.8943248532289627,0.9032481397050828,0.8943248532289628,0.8943248532289628,0.8943248532289628,0.7701420986051983
8,biMaxInfgain,minmax,gaussian_noise,noImbl,XGBClassifier_SPW24,last,0.35,0.1,5012,2026-05-30 19:26:47,20260530-182225,log/stroke_prediction_v4/8/biMaxInfgain/gaussian_noise__noImbl__minmax/XGBClassifier_SPW24,1780136562317_d342c02e17801404071068541,0.923679060665362,0.5525967413441955,0.5425102880658437,0.5467076083248039,0.9158004551596048,0.923679060665362,0.9196343025930384,0.923679060665362,0.923679060665362,0.923679060665362,0.7905136593607853
8,biMaxInfgain,minmax,gaussian_noise,noImbl,XGBClassifier_SPW24,last,0.35,0.2,5012,2026-05-30 19:27:38,20260530-182225,log/stroke_prediction_v4/8/biMaxInfgain/gaussian_noise__noImbl__minmax/XGBClassifier_SPW24,1780136562317_d342c02e17801404588275843,0.9129158512720156,0.5510106232960421,0.5558230452674897,0.553240501976964,0.9168841103506996,0.9129158512720156,0.9148770036672992,0.9129158512720156,0.9129158512720156,0.9129158512720156,0.7877557442468688
8,biMaxInfgain,minmax,gaussian_noise,noImbl,XGBClassifier_SPW24,last,0.5,0.1,5012,2026-05-30 19:26:54,20260530-182225,log/stroke_prediction_v4/8/biMaxInfgain/gaussian_noise__noImbl__minmax/XGBClassifier_SPW24,1780136562317_d342c02e17801404145707181,0.9256360078277888,0.5091397849462365,0.50559670781893,0.5056517311608962,0.9083180775624434,0.9256360078277884,0.916719144204288,0.9256360078277888,0.9256360078277888,0.9256360078277884,0.7759154914686538
8,biMaxInfgain,minmax,gaussian_noise,noImbl,XGBClassifier_SPW24,last,0.5,0.2,5012,2026-05-30 19:27:46,20260530-182225,log/stroke_prediction_v4/8/biMaxInfgain/gaussian_noise__noImbl__minmax/XGBClassifier_SPW24,1780136562317_d342c02e17801404663415731,0.920743639921722,0.5557716365290571,0.5504526748971195,0.552904323404715,0.9168276313016293,0.9207436399217224,0.9187596090882972,0.920743639921722,0.920743639921722,0.920743639921722,0.791352240115421
8,biMaxInfgain,minmax,mixup,noImbl,BalancedRandomForest,first,0.1,0.1,5012,2026-05-30 19:27:53,20260530-182225,log/stroke_prediction_v4/8/biMaxInfgain/minmax__mixup__noImbl/BalancedRandomForest,1780136562317_d342c02e17801404737862922,0.3581213307240704,0.5310630341880341,0.6435802469135803,0.3099598181937948,0.9484773027581248,0.3581213307240704,0.4744224646860692,0.3581213307240704,0.3581213307240704,0.3581213307240704,0.4732179331075816
8,biMaxInfgain,minmax,mixup,noImbl,BalancedRandomForest,first,0.1,0.2,5012,2026-05-30 19:28:37,20260530-182225,log/stroke_prediction_v4/8/biMaxInfgain/minmax__mixup__noImbl/BalancedRandomForest,1780136562317_d342c02e17801405172656510,0.4050880626223092,0.5339798564020742,0.6682716049382715,0.341316146540027,0.9494981566291488,0.4050880626223092,0.526214595055323,0.4050880626223092,0.4050880626223092,0.4050880626223092,0.5073397980851755
8,biMaxInfgain,minmax,mixup,noImbl,BalancedRandomForest,first,0.15,0.1,5012,2026-05-30 19:27:59,20260530-182225,log/stroke_prediction_v4/8/biMaxInfgain/minmax__mixup__noImbl/BalancedRandomForest,1780136562317_d342c02e17801404799610321,0.4285714285714285,0.5316907090070029,0.6616460905349795,0.3545970448804456,0.9450645201443924,0.4285714285714285,0.5517195355252035,0.4285714285714285,0.4285714285714285,0.4285714285714285,0.5212161904580561
8,biMaxInfgain,minmax,mixup,noImbl,BalancedRandomForest,first,0.15,0.2,5012,2026-05-30 19:28:43,20260530-182225,log/stroke_prediction_v4/8/biMaxInfgain/minmax__mixup__noImbl/BalancedRandomForest,1780136562317_d342c02e17801405235037668,0.449119373776908,0.5351005339314424,0.6819341563786008,0.3685812705279179,0.947989230090196,0.4491193737769079,0.5720227258582435,0.449119373776908,0.449119373776908,0.449119373776908,0.5372407410087112
8,biMaxInfgain,minmax,mixup,noImbl,BalancedRandomForest,first,0.2,0.1,5012,2026-05-30 19:28:06,20260530-182225,log/stroke_prediction_v4/8/biMaxInfgain/minmax__mixup__noImbl/BalancedRandomForest,1780136562317_d342c02e17801404862041656,0.487279843444227,0.5326241683428748,0.6735390946502058,0.3889345309818527,0.94250130125026,0.487279843444227,0.6100915507143139,0.487279843444227,0.487279843444227,0.487279843444227,0.5596323060564498
8,biMaxInfgain,minmax,mixup,noImbl,BalancedRandomForest,first,0.2,0.2,5012,2026-05-30 19:28:49,20260530-182225,log/stroke_prediction_v4/8/biMaxInfgain/minmax__mixup__noImbl/BalancedRandomForest,1780136562317_d342c02e17801405297022383,0.5293542074363993,0.538196160462185,0.7051440329218107,0.4155368732931232,0.9458101949509112,0.5293542074363993,0.6482188734707296,0.5293542074363993,0.5293542074363993,0.5293542074363993,0.5902200838226282
8,biMaxInfgain,minmax,mixup,noImbl,BalancedRandomForest,first,0.25,0.1,5012,2026-05-30 19:28:12,20260530-182225,log/stroke_prediction_v4/8/biMaxInfgain/minmax__mixup__noImbl/BalancedRandomForest,1780136562317_d342c02e17801404924326372,0.547945205479452,0.5276984711733284,0.6485185185185185,0.4172455160769561,0.9335134500917196,0.547945205479452,0.6662230235750992,0.547945205479452,0.547945205479452,0.547945205479452,0.5926714071179456
8,biMaxInfgain,minmax,mixup,noImbl,BalancedRandomForest,first,0.25,0.2,5012,2026-05-30 19:28:55,20260530-182225,log/stroke_prediction_v4/8/biMaxInfgain/minmax__mixup__noImbl/BalancedRandomForest,1780136562317_d342c02e17801405359248497,0.5792563600782779,0.5398423750270169,0.7124074074074074,0.4426265270506108,0.9436167552188228,0.5792563600782779,0.6915844441484548,0.5792563600782779,0.5792563600782779,0.5792563600782779,0.6214208434764955
8,biMaxInfgain,minmax,mixup,noImbl,BalancedRandomForest,first,0.3,0.1,5012,2026-05-30 19:28:18,20260530-182225,log/stroke_prediction_v4/8/biMaxInfgain/minmax__mixup__noImbl/BalancedRandomForest,1780136562317_d342c02e17801404986031097,0.6320939334637965,0.537586262237201,0.6927572016460906,0.4659803441988704,0.9372930185258292,0.6320939334637965,0.734676360518628,0.6320939334637965,0.6320939334637965,0.6320939334637965,0.6496997273340552
8,biMaxInfgain,minmax,mixup,noImbl,BalancedRandomForest,first,0.3,0.2,5012,2026-05-30 19:29:02,20260530-182225,log/stroke_prediction_v4/8/biMaxInfgain/minmax__mixup__noImbl/BalancedRandomForest,1780136562317_d342c02e17801405421844844,0.6585127201565558,0.548570506298598,0.7445884773662551,0.4886798755094521,0.9445342608963988,0.6585127201565558,0.7545302706955802,0.6585127201565558,0.6585127201565558,0.6585127201565558,0.6736559344495023
8,biMaxInfgain,minmax,mixup,noImbl,BalancedRandomForest,first,0.35,0.1,5012,2026-05-30 19:28:24,20260530-182225,log/stroke_prediction_v4/8/biMaxInfgain/minmax__mixup__noImbl/BalancedRandomForest,1780136562317_d342c02e17801405048258580,0.6868884540117417,0.5460375551527175,0.7215637860082305,0.4988722173188192,0.9395664301467184,0.6868884540117417,0.7757907001157434,0.6868884540117417,0.6868884540117417,0.6868884540117417,0.6866715963506477
8,biMaxInfgain,minmax,mixup,noImbl,BalancedRandomForest,first,0.35,0.2,5012,2026-05-30 19:29:08,20260530-182225,log/stroke_prediction_v4/8/biMaxInfgain/minmax__mixup__noImbl/BalancedRandomForest,1780136562317_d342c02e17801405483716612,0.6996086105675147,0.5502031328075777,0.7377366255144033,0.5087730834566278,0.9415436171674124,0.6996086105675147,0.784990282822778,0.6996086105675147,0.6996086105675147,0.6996086105675147,0.696856286717856
8,biMaxInfgain,minmax,mixup,noImbl,BalancedRandomForest,first,0.5,0.1,5012,2026-05-30 19:28:31,20260530-182225,log/stroke_prediction_v4/8/biMaxInfgain/minmax__mixup__noImbl/BalancedRandomForest,1780136562317_d342c02e17801405110634145,0.8180039138943248,0.5596636546184739,0.6956378600823045,0.5640931563643702,0.9330017722553618,0.8180039138943248,0.8642286928292653,0.8180039138943248,0.8180039138943248,0.8180039138943247,0.7602801716323891
8,biMaxInfgain,minmax,mixup,noImbl,BalancedRandomForest,first,0.5,0.2,5012,2026-05-30 19:29:14,20260530-182225,log/stroke_prediction_v4/8/biMaxInfgain/minmax__mixup__noImbl/BalancedRandomForest,1780136562317_d342c02e17801405544783161,0.8258317025440313,0.5629604648749611,0.6997530864197531,0.5704868489398877,0.9335526378579624,0.8258317025440313,0.8692532893244315,0.8258317025440313,0.8258317025440313,0.8258317025440313,0.7659203206725278
8,biMaxInfgain,minmax,mixup,noImbl,BalancedRandomForest,last,0.1,0.1,5012,2026-05-30 19:29:20,20260530-182225,log/stroke_prediction_v4/8/biMaxInfgain/mixup__noImbl__minmax/BalancedRandomForest,1780136562317_d342c02e17801405607515868,0.3639921722113503,0.5271763881590472,0.6276954732510288,0.3123786337419934,0.942800275186054,0.3639921722113503,0.4823346425589471,0.3639921722113503,0.3639921722113503,0.3639921722113503,0.4745710739892941
8,biMaxInfgain,minmax,mixup,noImbl,BalancedRandomForest,last,0.1,0.2,5012,2026-05-30 19:30:04,20260530-182225,log/stroke_prediction_v4/8/biMaxInfgain/mixup__noImbl__minmax/BalancedRandomForest,1780136562317_d342c02e17801406041357512,0.3943248532289628,0.5332891051157306,0.6626131687242798,0.3342510010681568,0.9492794955040416,0.3943248532289627,0.514668237850773,0.3943248532289628,0.3943248532289628,0.3943248532289627,0.4995860040638296
8,biMaxInfgain,minmax,mixup,noImbl,BalancedRandomForest,last,0.15,0.1,5012,2026-05-30 19:29:26,20260530-182225,log/stroke_prediction_v4/8/biMaxInfgain/mixup__noImbl__minmax/BalancedRandomForest,1780136562317_d342c02e17801405669307551,0.4442270058708414,0.5366369674905793,0.6888477366255144,0.3664920551772306,0.9502388345459108,0.4442270058708414,0.5666921237233457,0.4442270058708414,0.4442270058708414,0.4442270058708414,0.5352407830496233
8,biMaxInfgain,minmax,mixup,noImbl,BalancedRandomForest,last,0.15,0.2,5012,2026-05-30 19:30:10,20260530-182225,log/stroke_prediction_v4/8/biMaxInfgain/mixup__noImbl__minmax/BalancedRandomForest,1780136562317_d342c02e17801406103532829,0.461839530332681,0.5360576166650933,0.6886213991769546,0.3765527950310559,0.9482809636439136,0.4618395303326809,0.5845802287561838,0.461839530332681,0.461839530332681,0.461839530332681,0.5462017636497544
8,biMaxInfgain,minmax,mixup,noImbl,BalancedRandomForest,last,0.2,0.1,5012,2026-05-30 19:29:33,20260530-182225,log/stroke_prediction_v4/8/biMaxInfgain/mixup__noImbl__minmax/BalancedRandomForest,1780136562317_d342c02e17801405731293725,0.4911937377690802,0.5293591286371069,0.6566255144032922,0.388980868285504,0.9385276214315332,0.4911937377690802,0.6144360492995166,0.4911937377690802,0.4911937377690802,0.4911937377690802,0.5594412591925783
8,biMaxInfgain,minmax,mixup,noImbl,BalancedRandomForest,last,0.2,0.2,5012,2026-05-30 19:30:16,20260530-182225,log/stroke_prediction_v4/8/biMaxInfgain/mixup__noImbl__minmax/BalancedRandomForest,1780136562317_d342c02e17801406165855274,0.4980430528375734,0.5353566705352082,0.6886831275720164,0.3966254777465897,0.9449180457402,0.4980430528375734,0.6197925522904726,0.4980430528375734,0.4980430528375734,0.4980430528375734,0.568575710025331
8,biMaxInfgain,minmax,mixup,noImbl,BalancedRandomForest,last,0.25,0.1,5012,2026-05-30 19:29:39,20260530-182225,log/stroke_prediction_v4/8/biMaxInfgain/mixup__noImbl__minmax/BalancedRandomForest,1780136562317_d342c02e17801405793692580,0.5557729941291585,0.5285132226322262,0.6526337448559671,0.4217641634056977,0.9338924052156372,0.5557729941291585,0.6728945331760855,0.5557729941291585,0.5557729941291585,0.5557729941291585,0.5980119394093137
8,biMaxInfgain,minmax,mixup,noImbl,BalancedRandomForest,last,0.25,0.2,5012,2026-05-30 19:30:22,20260530-182225,log/stroke_prediction_v4/8/biMaxInfgain/mixup__noImbl__minmax/BalancedRandomForest,1780136562317_d342c02e17801406227445863,0.5831702544031311,0.5402867965367966,0.7144650205761317,0.4449504324412532,0.9437413695241484,0.5831702544031311,0.6948301890076285,0.5831702544031311,0.5831702544031311,0.5831702544031311,0.6240845136422922
8,biMaxInfgain,minmax,mixup,noImbl,BalancedRandomForest,last,0.3,0.1,5012,2026-05-30 19:29:45,20260530-182225,log/stroke_prediction_v4/8/biMaxInfgain/mixup__noImbl__minmax/BalancedRandomForest,1780136562317_d342c02e17801405855771584,0.6164383561643836,0.5355207706201084,0.6845267489711935,0.4568310989630786,0.9366283720815156,0.6164383561643836,0.7224590613089327,0.6164383561643836,0.6164383561643836,0.6164383561643836,0.6391364556738368
8,biMaxInfgain,minmax,mixup,noImbl,BalancedRandomForest,last,0.3,0.2,5012,2026-05-30 19:30:28,20260530-182225,log/stroke_prediction_v4/8/biMaxInfgain/mixup__noImbl__minmax/BalancedRandomForest,1780136562317_d342c02e17801406288985710,0.6438356164383562,0.5481229903536978,0.746358024691358,0.4813773874250662,0.9456321851737658,0.6438356164383562,0.7432418754499847,0.6438356164383562,0.6438356164383562,0.6438356164383562,0.6652384560284822
8,biMaxInfgain,minmax,mixup,noImbl,BalancedRandomForest,last,0.35,0.1,5012,2026-05-30 19:29:51,20260530-182225,log/stroke_prediction_v4/8/biMaxInfgain/mixup__noImbl__minmax/BalancedRandomForest,1780136562317_d342c02e17801405916977885,0.7181996086105675,0.552034977868941,0.7380246913580246,0.5186813186813187,0.9408770833100062,0.7181996086105675,0.7982495000107525,0.7181996086105675,0.7181996086105675,0.7181996086105675,0.7079131415017348
8,biMaxInfgain,minmax,mixup,noImbl,BalancedRandomForest,last,0.35,0.2,5012,2026-05-30 19:30:35,20260530-182225,log/stroke_prediction_v4/8/biMaxInfgain/mixup__noImbl__minmax/BalancedRandomForest,1780136562317_d342c02e17801406351754429,0.6908023483365949,0.5504070185039505,0.7425925925925927,0.505136314602334,0.9426630612484904,0.6908023483365949,0.7785933163642965,0.6908023483365949,0.6908023483365949,0.6908023483365949,0.6924466512141357
8,biMaxInfgain,minmax,mixup,noImbl,BalancedRandomForest,last,0.5,0.1,5012,2026-05-30 19:29:58,20260530-182225,log/stroke_prediction_v4/8/biMaxInfgain/mixup__noImbl__minmax/BalancedRandomForest,1780136562317_d342c02e17801405980023355,0.7964774951076321,0.5563695285042677,0.7032921810699588,0.553381739948904,0.9341503223750904,0.7964774951076321,0.8506420665488341,0.7964774951076321,0.7964774951076321,0.796477495107632,0.7485757722126452
8,biMaxInfgain,minmax,mixup,noImbl,BalancedRandomForest,last,0.5,0.2,5012,2026-05-30 19:30:41,20260530-182225,log/stroke_prediction_v4/8/biMaxInfgain/mixup__noImbl__minmax/BalancedRandomForest,1780136562317_d342c02e17801406413610167,0.815068493150685,0.565543173293096,0.7225514403292181,0.570801012347709,0.9366114715329298,0.815068493150685,0.8629081683792834,0.815068493150685,0.815068493150685,0.815068493150685,0.7635543828848471
8,biMaxInfgain,minmax,mixup,noImbl,EasyEnsemble,first,0.1,0.1,5012,2026-05-30 19:27:54,20260530-182225,log/stroke_prediction_v4/8/biMaxInfgain/minmax__mixup__noImbl/EasyEnsemble,1780136562317_d342c02e17801404747892590,0.0489236790606653,0.0244618395303326,0.5,0.0466417910447761,0.0023935263728309,0.0489236790606653,0.0045637760317784,0.0489236790606653,0.0489236790606653,0.0489236790606653,0.0799358432760656
8,biMaxInfgain,minmax,mixup,noImbl,EasyEnsemble,first,0.1,0.2,5012,2026-05-30 19:28:38,20260530-182225,log/stroke_prediction_v4/8/biMaxInfgain/minmax__mixup__noImbl/EasyEnsemble,1780136562317_d342c02e17801405183030527,0.0489236790606653,0.0244618395303326,0.5,0.0466417910447761,0.0023935263728309,0.0489236790606653,0.0045637760317784,0.0489236790606653,0.0489236790606653,0.0489236790606653,0.0799358432760656
8,biMaxInfgain,minmax,mixup,noImbl,EasyEnsemble,first,0.15,0.1,5012,2026-05-30 19:28:00,20260530-182225,log/stroke_prediction_v4/8/biMaxInfgain/minmax__mixup__noImbl/EasyEnsemble,1780136562317_d342c02e17801404809847833,0.0489236790606653,0.0244618395303326,0.5,0.0466417910447761,0.0023935263728309,0.0489236790606653,0.0045637760317784,0.0489236790606653,0.0489236790606653,0.0489236790606653,0.0799358432760656
8,biMaxInfgain,minmax,mixup,noImbl,EasyEnsemble,first,0.15,0.2,5012,2026-05-30 19:28:44,20260530-182225,log/stroke_prediction_v4/8/biMaxInfgain/minmax__mixup__noImbl/EasyEnsemble,1780136562317_d342c02e17801405245273701,0.0489236790606653,0.0244618395303326,0.5,0.0466417910447761,0.0023935263728309,0.0489236790606653,0.0045637760317784,0.0489236790606653,0.0489236790606653,0.0489236790606653,0.0799358432760656
8,biMaxInfgain,minmax,mixup,noImbl,EasyEnsemble,first,0.2,0.1,5012,2026-05-30 19:28:07,20260530-182225,log/stroke_prediction_v4/8/biMaxInfgain/minmax__mixup__noImbl/EasyEnsemble,1780136562317_d342c02e17801404872367368,0.0704500978473581,0.525,0.5113168724279835,0.0697518443997317,0.953522504892368,0.070450097847358,0.0467593558743196,0.0704500978473581,0.0704500978473581,0.0704500978473581,0.244640656912086
8,biMaxInfgain,minmax,mixup,noImbl,EasyEnsemble,first,0.2,0.2,5012,2026-05-30 19:28:50,20260530-182225,log/stroke_prediction_v4/8/biMaxInfgain/minmax__mixup__noImbl/EasyEnsemble,1780136562317_d342c02e17801405307121463,0.3307240704500978,0.5294520547945205,0.6291769547325102,0.2909688412852969,0.9477789990081228,0.3307240704500978,0.4424329788470589,0.3307240704500978,0.3307240704500978,0.3307240704500978,0.4529407020534078
8,biMaxInfgain,minmax,mixup,noImbl,EasyEnsemble,first,0.25,0.1,5012,2026-05-30 19:28:13,20260530-182225,log/stroke_prediction_v4/8/biMaxInfgain/minmax__mixup__noImbl/EasyEnsemble,1780136562317_d342c02e17801404934449270,0.2348336594911937,0.5238308680711191,0.5787654320987654,0.2193352270285265,0.9441075657220516,0.2348336594911936,0.3185682459908818,0.2348336594911937,0.2348336594911937,0.2348336594911937,0.3792893713385823
8,biMaxInfgain,minmax,mixup,noImbl,EasyEnsemble,first,0.25,0.2,5012,2026-05-30 19:28:56,20260530-182225,log/stroke_prediction_v4/8/biMaxInfgain/minmax__mixup__noImbl/EasyEnsemble,1780136562317_d342c02e17801405369616070,0.3062622309197652,0.5280427611181386,0.6163168724279835,0.2735094922272519,0.9470625333371968,0.3062622309197652,0.4126708981005107,0.3062622309197652,0.3062622309197652,0.3062622309197652,0.4345741676054022
8,biMaxInfgain,minmax,mixup,noImbl,EasyEnsemble,first,0.3,0.1,5012,2026-05-30 19:28:19,20260530-182225,log/stroke_prediction_v4/8/biMaxInfgain/minmax__mixup__noImbl/EasyEnsemble,1780136562317_d342c02e17801404996102481,0.3463796477495107,0.5303666921313981,0.6374074074074074,0.3018897251308901,0.9481894875011028,0.3463796477495107,0.4608808439462711,0.3463796477495107,0.3463796477495107,0.3463796477495107,0.4645638031653691
8,biMaxInfgain,minmax,mixup,noImbl,EasyEnsemble,first,0.3,0.2,5012,2026-05-30 19:29:03,20260530-182225,log/stroke_prediction_v4/8/biMaxInfgain/minmax__mixup__noImbl/EasyEnsemble,1780136562317_d342c02e17801405432255989,0.3287671232876712,0.5293386093838326,0.6281481481481481,0.2895902659279104,0.9477252840007124,0.3287671232876712,0.440094692951658,0.3287671232876712,0.3287671232876712,0.3287671232876712,0.4514807973002729
8,biMaxInfgain,minmax,mixup,noImbl,EasyEnsemble,first,0.35,0.1,5012,2026-05-30 19:28:25,20260530-182225,log/stroke_prediction_v4/8/biMaxInfgain/minmax__mixup__noImbl/EasyEnsemble,1780136562317_d342c02e17801405058336966,0.4344422700587084,0.535948975647468,0.6837037037037037,0.3602677121011934,0.950060402872408,0.4344422700587084,0.5567876616323106,0.4344422700587084,0.4344422700587084,0.4344422700587084,0.5283065223058667
8,biMaxInfgain,minmax,mixup,noImbl,EasyEnsemble,first,0.35,0.2,5012,2026-05-30 19:29:09,20260530-182225,log/stroke_prediction_v4/8/biMaxInfgain/minmax__mixup__noImbl/EasyEnsemble,1780136562317_d342c02e17801405493854828,0.4285714285714285,0.5355442176870749,0.6806172839506173,0.3565119889598068,0.9499514091350828,0.4285714285714285,0.5507774957490328,0.4285714285714285,0.4285714285714285,0.4285714285714285,0.5241332852121747
8,biMaxInfgain,minmax,mixup,noImbl,EasyEnsemble,first,0.5,0.1,5012,2026-05-30 19:28:32,20260530-182225,log/stroke_prediction_v4/8/biMaxInfgain/minmax__mixup__noImbl/EasyEnsemble,1780136562317_d342c02e17801405120925401,0.6379647749510763,0.5383951334430567,0.695843621399177,0.4694320815817978,0.93753952244477,0.6379647749510763,0.7392014275652609,0.6379647749510763,0.6379647749510763,0.6379647749510763,0.6536587640811895
8,biMaxInfgain,minmax,mixup,noImbl,EasyEnsemble,first,0.5,0.2,5012,2026-05-30 19:29:15,20260530-182225,log/stroke_prediction_v4/8/biMaxInfgain/minmax__mixup__noImbl/EasyEnsemble,1780136562317_d342c02e17801405554862898,0.6487279843444227,0.5506156171284634,0.7584156378600824,0.4860357577616868,0.9473682599930004,0.6487279843444227,0.7469092062995694,0.6487279843444227,0.6487279843444227,0.6487279843444227,0.6700728898451119
8,biMaxInfgain,minmax,mixup,noImbl,EasyEnsemble,last,0.1,0.1,5012,2026-05-30 19:29:21,20260530-182225,log/stroke_prediction_v4/8/biMaxInfgain/mixup__noImbl__minmax/EasyEnsemble,1780136562317_d342c02e17801405617586059,0.0489236790606653,0.0244618395303326,0.5,0.0466417910447761,0.0023935263728309,0.0489236790606653,0.0045637760317784,0.0489236790606653,0.0489236790606653,0.0489236790606653,0.0799358432760656
8,biMaxInfgain,minmax,mixup,noImbl,EasyEnsemble,last,0.1,0.2,5012,2026-05-30 19:30:05,20260530-182225,log/stroke_prediction_v4/8/biMaxInfgain/mixup__noImbl__minmax/EasyEnsemble,1780136562317_d342c02e17801406051583484,0.0489236790606653,0.0244618395303326,0.5,0.0466417910447761,0.0023935263728309,0.0489236790606653,0.0045637760317784,0.0489236790606653,0.0489236790606653,0.0489236790606653,0.0799358432760656
8,biMaxInfgain,minmax,mixup,noImbl,EasyEnsemble,last,0.15,0.1,5012,2026-05-30 19:29:27,20260530-182225,log/stroke_prediction_v4/8/biMaxInfgain/mixup__noImbl__minmax/EasyEnsemble,1780136562317_d342c02e17801405679492426,0.0489236790606653,0.0244618395303326,0.5,0.0466417910447761,0.0023935263728309,0.0489236790606653,0.0045637760317784,0.0489236790606653,0.0489236790606653,0.0489236790606653,0.0799358432760656
8,biMaxInfgain,minmax,mixup,noImbl,EasyEnsemble,last,0.15,0.2,5012,2026-05-30 19:30:11,20260530-182225,log/stroke_prediction_v4/8/biMaxInfgain/mixup__noImbl__minmax/EasyEnsemble,1780136562317_d342c02e17801406113695508,0.0499021526418786,0.5244857982370225,0.500514403292181,0.0477130900321759,0.9534721916083192,0.0499021526418786,0.0065229731720551,0.0499021526418786,0.0499021526418786,0.0499021526418786,0.2259435098511383
8,biMaxInfgain,minmax,mixup,noImbl,EasyEnsemble,last,0.2,0.1,5012,2026-05-30 19:29:34,20260530-182225,log/stroke_prediction_v4/8/biMaxInfgain/mixup__noImbl__minmax/EasyEnsemble,1780136562317_d342c02e17801405741271400,0.0547945205479452,0.5246062992125984,0.5030864197530864,0.0530392845221514,0.9534839823104304,0.0547945205479451,0.0162591114362014,0.0547945205479452,0.0547945205479452,0.0547945205479452,0.2304302377405425
8,biMaxInfgain,minmax,mixup,noImbl,EasyEnsemble,last,0.2,0.2,5012,2026-05-30 19:30:17,20260530-182225,log/stroke_prediction_v4/8/biMaxInfgain/mixup__noImbl__minmax/EasyEnsemble,1780136562317_d342c02e17801406176224138,0.3405088062622309,0.5300220750551876,0.634320987654321,0.2978164692450405,0.9480393808616616,0.3405088062622308,0.4540162102365065,0.3405088062622309,0.3405088062622309,0.3405088062622309,0.4602166687842413
8,biMaxInfgain,minmax,mixup,noImbl,EasyEnsemble,last,0.25,0.1,5012,2026-05-30 19:29:40,20260530-182225,log/stroke_prediction_v4/8/biMaxInfgain/mixup__noImbl__minmax/EasyEnsemble,1780136562317_d342c02e17801405803923809,0.1487279843444227,0.5167669110982944,0.5334979423868312,0.1461643946115995,0.935695170934183,0.1487279843444226,0.1883720684270088,0.1487279843444227,0.1487279843444227,0.1487279843444227,0.3082676656354911
8,biMaxInfgain,minmax,mixup,noImbl,EasyEnsemble,last,0.25,0.2,5012,2026-05-30 19:30:23,20260530-182225,log/stroke_prediction_v4/8/biMaxInfgain/mixup__noImbl__minmax/EasyEnsemble,1780136562317_d342c02e17801406237697162,0.3590998043052837,0.5311215397673995,0.6440946502057613,0.3106278506719064,0.948500592651796,0.3590998043052837,0.4755398110039135,0.3590998043052837,0.3590998043052837,0.3590998043052837,0.473936749235982
8,biMaxInfgain,minmax,mixup,noImbl,EasyEnsemble,last,0.3,0.1,5012,2026-05-30 19:29:46,20260530-182225,log/stroke_prediction_v4/8/biMaxInfgain/mixup__noImbl__minmax/EasyEnsemble,1780136562317_d342c02e17801405866024931,0.3463796477495107,0.5303666921313981,0.6374074074074074,0.3018897251308901,0.9481894875011028,0.3463796477495107,0.4608808439462711,0.3463796477495107,0.3463796477495107,0.3463796477495107,0.4645638031653691
8,biMaxInfgain,minmax,mixup,noImbl,EasyEnsemble,last,0.3,0.2,5012,2026-05-30 19:30:30,20260530-182225,log/stroke_prediction_v4/8/biMaxInfgain/mixup__noImbl__minmax/EasyEnsemble,1780136562317_d342c02e17801406300067560,0.3590998043052837,0.5311215397673995,0.6440946502057613,0.3106278506719064,0.948500592651796,0.3590998043052837,0.4755398110039135,0.3590998043052837,0.3590998043052837,0.3590998043052837,0.473936749235982
8,biMaxInfgain,minmax,mixup,noImbl,EasyEnsemble,last,0.35,0.1,5012,2026-05-30 19:29:52,20260530-182225,log/stroke_prediction_v4/8/biMaxInfgain/mixup__noImbl__minmax/EasyEnsemble,1780136562317_d342c02e17801405927314234,0.410958904109589,0.5343632402455932,0.671358024691358,0.3451423511029177,0.949614327535359,0.4109589041095889,0.5324351346589393,0.410958904109589,0.410958904109589,0.410958904109589,0.511553743755345
8,biMaxInfgain,minmax,mixup,noImbl,EasyEnsemble,last,0.35,0.2,5012,2026-05-30 19:30:36,20260530-182225,log/stroke_prediction_v4/8/biMaxInfgain/mixup__noImbl__minmax/EasyEnsemble,1780136562317_d342c02e17801406361747957,0.360078277886497,0.5311801242236025,0.6446090534979424,0.3112952086553323,0.9485237811622564,0.360078277886497,0.4766554653874422,0.360078277886497,0.360078277886497,0.360078277886497,0.474655208149395
8,biMaxInfgain,minmax,mixup,noImbl,EasyEnsemble,last,0.5,0.1,5012,2026-05-30 19:29:59,20260530-182225,log/stroke_prediction_v4/8/biMaxInfgain/mixup__noImbl__minmax/EasyEnsemble,1780136562317_d342c02e17801405990204991,0.5929549902152642,0.5361624937717987,0.6911522633744855,0.4462782362257231,0.9389523531631462,0.5929549902152642,0.7033808354241202,0.5929549902152642,0.5929549902152642,0.5929549902152642,0.6262575678645251
8,biMaxInfgain,minmax,mixup,noImbl,EasyEnsemble,last,0.5,0.2,5012,2026-05-30 19:30:42,20260530-182225,log/stroke_prediction_v4/8/biMaxInfgain/mixup__noImbl__minmax/EasyEnsemble,1780136562317_d342c02e17801406423690848,0.6154598825831703,0.5459679413947024,0.740925925925926,0.465756321802387,0.9464152524932482,0.6154598825831703,0.7208888228003207,0.6154598825831703,0.6154598825831703,0.6154598825831703,0.6475116367050617
8,biMaxInfgain,minmax,mixup,noImbl,XGBClassifier_SPW24,first,0.1,0.1,5012,2026-05-30 19:27:53,20260530-182225,log/stroke_prediction_v4/8/biMaxInfgain/minmax__mixup__noImbl/XGBClassifier_SPW24,1780136562317_d342c02e17801404731151862,0.8669275929549902,0.5337121212121212,0.5695884773662552,0.5389065817409766,0.9167852695249956,0.8669275929549902,0.8897596819026012,0.8669275929549902,0.8669275929549902,0.8669275929549902,0.7630795635388697
8,biMaxInfgain,minmax,mixup,noImbl,XGBClassifier_SPW24,first,0.1,0.2,5012,2026-05-30 19:28:36,20260530-182225,log/stroke_prediction_v4/8/biMaxInfgain/minmax__mixup__noImbl/XGBClassifier_SPW24,1780136562317_d342c02e17801405166127854,0.8473581213307241,0.5284559073884916,0.5687860082304527,0.5295381310418904,0.9163554341097822,0.8473581213307241,0.8783834060970149,0.8473581213307241,0.8473581213307241,0.8473581213307241,0.7514912140759978
8,biMaxInfgain,minmax,mixup,noImbl,XGBClassifier_SPW24,first,0.15,0.1,5012,2026-05-30 19:27:59,20260530-182225,log/stroke_prediction_v4/8/biMaxInfgain/minmax__mixup__noImbl/XGBClassifier_SPW24,1780136562317_d342c02e17801404793080512,0.8590998043052838,0.5218332174047453,0.5465020576131687,0.5226777374156719,0.9134702364504588,0.8590998043052838,0.8841942242131335,0.8590998043052838,0.8590998043052838,0.8590998043052838,0.7528512671132714
8,biMaxInfgain,minmax,mixup,noImbl,XGBClassifier_SPW24,first,0.15,0.2,5012,2026-05-30 19:28:42,20260530-182225,log/stroke_prediction_v4/8/biMaxInfgain/minmax__mixup__noImbl/XGBClassifier_SPW24,1780136562317_d342c02e17801405228625414,0.8698630136986302,0.5579115367077063,0.6280452674897119,0.5710422090729783,0.924772840005706,0.8698630136986302,0.894034919348302,0.8698630136986302,0.8698630136986302,0.8698630136986303,0.7787797391629564
8,biMaxInfgain,minmax,mixup,noImbl,XGBClassifier_SPW24,first,0.2,0.1,5012,2026-05-30 19:28:05,20260530-182225,log/stroke_prediction_v4/8/biMaxInfgain/minmax__mixup__noImbl/XGBClassifier_SPW24,1780136562317_d342c02e17801404855517961,0.8962818003913894,0.5446478246355847,0.5660493827160494,0.5517321283744642,0.917299003540012,0.8962818003913894,0.906279893552595,0.8962818003913894,0.8962818003913894,0.8962818003913894,0.7800141445347792
8,biMaxInfgain,minmax,mixup,noImbl,XGBClassifier_SPW24,first,0.2,0.2,5012,2026-05-30 19:28:49,20260530-182225,log/stroke_prediction_v4/8/biMaxInfgain/minmax__mixup__noImbl/XGBClassifier_SPW24,1780136562317_d342c02e17801405290692535,0.8776908023483366,0.5483746579756383,0.5942181069958847,0.5584519723630682,0.9204696152202804,0.8776908023483366,0.8971610647064715,0.8776908023483366,0.8776908023483366,0.8776908023483365,0.7757245145189458
8,biMaxInfgain,minmax,mixup,noImbl,XGBClassifier_SPW24,first,0.25,0.1,5012,2026-05-30 19:28:11,20260530-182225,log/stroke_prediction_v4/8/biMaxInfgain/minmax__mixup__noImbl/XGBClassifier_SPW24,1780136562317_d342c02e17801404917777099,0.913894324853229,0.5654600085849191,0.5753086419753086,0.5698653198653199,0.9200476902619408,0.9138943248532287,0.9169055196452456,0.913894324853229,0.913894324853229,0.913894324853229,0.794654989950093
8,biMaxInfgain,minmax,mixup,noImbl,XGBClassifier_SPW24,first,0.25,0.2,5012,2026-05-30 19:28:55,20260530-182225,log/stroke_prediction_v4/8/biMaxInfgain/minmax__mixup__noImbl/XGBClassifier_SPW24,1780136562317_d342c02e17801405352877451,0.8864970645792564,0.520926220806794,0.532448559670782,0.5235431235431236,0.9119428309671308,0.8864970645792564,0.8987040356903371,0.8864970645792564,0.8864970645792564,0.8864970645792564,0.7644676608611922
8,biMaxInfgain,minmax,mixup,noImbl,XGBClassifier_SPW24,first,0.3,0.1,5012,2026-05-30 19:28:17,20260530-182225,log/stroke_prediction_v4/8/biMaxInfgain/minmax__mixup__noImbl/XGBClassifier_SPW24,1780136562317_d342c02e17801404979482719,0.9158512720156556,0.5552735923869945,0.5573662551440329,0.5562892510248179,0.9174224165892012,0.9158512720156556,0.916632928583027,0.9158512720156556,0.9158512720156556,0.9158512720156556,0.7902850621594616
8,biMaxInfgain,minmax,mixup,noImbl,XGBClassifier_SPW24,first,0.3,0.2,5012,2026-05-30 19:29:01,20260530-182225,log/stroke_prediction_v4/8/biMaxInfgain/minmax__mixup__noImbl/XGBClassifier_SPW24,1780136562317_d342c02e17801405415319485,0.9001956947162426,0.5368109507954125,0.5491358024691357,0.5413168593906753,0.914960763317992,0.9001956947162426,0.9073415122337872,0.9001956947162426,0.9001956947162426,0.9001956947162426,0.7774677852884202
8,biMaxInfgain,minmax,mixup,noImbl,XGBClassifier_SPW24,first,0.35,0.1,5012,2026-05-30 19:28:24,20260530-182225,log/stroke_prediction_v4/8/biMaxInfgain/minmax__mixup__noImbl/XGBClassifier_SPW24,1780136562317_d342c02e17801405041936519,0.9080234833659492,0.5572481732776617,0.5722222222222222,0.5633669666393964,0.9190097346886248,0.9080234833659492,0.9133375706282528,0.9080234833659492,0.9080234833659492,0.9080234833659492,0.7895630869553777
8,biMaxInfgain,minmax,mixup,noImbl,XGBClassifier_SPW24,first,0.35,0.2,5012,2026-05-30 19:29:07,20260530-182225,log/stroke_prediction_v4/8/biMaxInfgain/minmax__mixup__noImbl/XGBClassifier_SPW24,1780136562317_d342c02e17801405477146279,0.9041095890410958,0.5197631993132065,0.5227366255144034,0.5209863789409244,0.910897163252626,0.9041095890410958,0.9074629650594782,0.9041095890410958,0.9041095890410958,0.9041095890410958,0.7712509360245221
8,biMaxInfgain,minmax,mixup,noImbl,XGBClassifier_SPW24,first,0.5,0.1,5012,2026-05-30 19:28:30,20260530-182225,log/stroke_prediction_v4/8/biMaxInfgain/minmax__mixup__noImbl/XGBClassifier_SPW24,1780136562317_d342c02e17801405103972966,0.9315068493150684,0.5482897384305835,0.5276543209876543,0.5334794063176566,0.914051825630889,0.9315068493150684,0.9222307860248746,0.9315068493150684,0.9315068493150684,0.9315068493150684,0.7899588570823196
8,biMaxInfgain,minmax,mixup,noImbl,XGBClassifier_SPW24,first,0.5,0.2,5012,2026-05-30 19:29:13,20260530-182225,log/stroke_prediction_v4/8/biMaxInfgain/minmax__mixup__noImbl/XGBClassifier_SPW24,1780136562317_d342c02e17801405538512396,0.9187866927592956,0.535156899541535,0.5304526748971194,0.5324922978566271,0.9130486402966368,0.9187866927592956,0.9158759707309654,0.9187866927592956,0.9187866927592956,0.9187866927592956,0.782635738865386
8,biMaxInfgain,minmax,mixup,noImbl,XGBClassifier_SPW24,last,0.1,0.1,5012,2026-05-30 19:29:20,20260530-182225,log/stroke_prediction_v4/8/biMaxInfgain/mixup__noImbl__minmax/XGBClassifier_SPW24,1780136562317_d342c02e17801405601167154,0.8806262230919765,0.5419816414686824,0.57679012345679,0.5500526870389884,0.9181627309345584,0.8806262230919765,0.8979851074052613,0.8806262230919765,0.8806262230919765,0.8806262230919764,0.7731496079894309
8,biMaxInfgain,minmax,mixup,noImbl,XGBClassifier_SPW24,last,0.1,0.2,5012,2026-05-30 19:30:03,20260530-182225,log/stroke_prediction_v4/8/biMaxInfgain/mixup__noImbl__minmax/XGBClassifier_SPW24,1780136562317_d342c02e17801406034951594,0.8522504892367906,0.5538958791186674,0.6377572016460906,0.5639673036225393,0.925629596049626,0.8522504892367906,0.8838194060730082,0.8522504892367906,0.8522504892367906,0.8522504892367906,0.7697964698304866
8,biMaxInfgain,minmax,mixup,noImbl,XGBClassifier_SPW24,last,0.15,0.1,5012,2026-05-30 19:29:26,20260530-182225,log/stroke_prediction_v4/8/biMaxInfgain/mixup__noImbl__minmax/XGBClassifier_SPW24,1780136562317_d342c02e17801405662833195,0.87279843444227,0.5283080260303689,0.5537037037037037,0.532347764871524,0.914707243251504,0.87279843444227,0.8923196884314183,0.87279843444227,0.87279843444227,0.87279843444227,0.7624913890709069
8,biMaxInfgain,minmax,mixup,noImbl,XGBClassifier_SPW24,last,0.15,0.2,5012,2026-05-30 19:30:09,20260530-182225,log/stroke_prediction_v4/8/biMaxInfgain/mixup__noImbl__minmax/XGBClassifier_SPW24,1780136562317_d342c02e17801406097114155,0.863013698630137,0.5466848816029144,0.6054732510288066,0.5556300934207911,0.9215629912418594,0.863013698630137,0.8890508981302228,0.863013698630137,0.863013698630137,0.863013698630137,0.7692797405720648
8,biMaxInfgain,minmax,mixup,noImbl,XGBClassifier_SPW24,last,0.2,0.1,5012,2026-05-30 19:29:32,20260530-182225,log/stroke_prediction_v4/8/biMaxInfgain/mixup__noImbl__minmax/XGBClassifier_SPW24,1780136562317_d342c02e17801405724895750,0.8943248532289628,0.542916123424598,0.5650205761316872,0.5499412839248434,0.9170487433779748,0.8943248532289627,0.9051109158022462,0.8943248532289628,0.8943248532289628,0.8943248532289628,0.7784863155440744
8,biMaxInfgain,minmax,mixup,noImbl,XGBClassifier_SPW24,last,0.2,0.2,5012,2026-05-30 19:30:15,20260530-182225,log/stroke_prediction_v4/8/biMaxInfgain/mixup__noImbl__minmax/XGBClassifier_SPW24,1780136562317_d342c02e17801406159414495,0.8845401174168297,0.5534782217422607,0.5978189300411523,0.5648050579557429,0.9212361347687098,0.8845401174168296,0.901329857982138,0.8845401174168297,0.8845401174168297,0.8845401174168297,0.7809896130126261
8,biMaxInfgain,minmax,mixup,noImbl,XGBClassifier_SPW24,last,0.25,0.1,5012,2026-05-30 19:29:38,20260530-182225,log/stroke_prediction_v4/8/biMaxInfgain/mixup__noImbl__minmax/XGBClassifier_SPW24,1780136562317_d342c02e17801405787168564,0.9217221135029354,0.5654401282965074,0.5604526748971194,0.5627994524298425,0.9186573222323424,0.9217221135029356,0.9201716916408488,0.9217221135029354,0.9217221135029354,0.9217221135029354,0.7955895295543746
8,biMaxInfgain,minmax,mixup,noImbl,XGBClassifier_SPW24,last,0.25,0.2,5012,2026-05-30 19:30:22,20260530-182225,log/stroke_prediction_v4/8/biMaxInfgain/mixup__noImbl__minmax/XGBClassifier_SPW24,1780136562317_d342c02e17801406221042717,0.8884540117416829,0.547839205762118,0.5809053497942387,0.5570509603540307,0.919052977763488,0.8884540117416829,0.9026998442673964,0.8884540117416829,0.8884540117416829,0.8884540117416829,0.7791239787218714
8,biMaxInfgain,minmax,mixup,noImbl,XGBClassifier_SPW24,last,0.3,0.1,5012,2026-05-30 19:29:44,20260530-182225,log/stroke_prediction_v4/8/biMaxInfgain/mixup__noImbl__minmax/XGBClassifier_SPW24,1780136562317_d342c02e17801405849034053,0.9021526418786692,0.5254704301075269,0.5311934156378602,0.5276915113871635,0.912219872482798,0.9021526418786692,0.9070905908521836,0.9021526418786692,0.9021526418786692,0.9021526418786692,0.7729667439101879
8,biMaxInfgain,minmax,mixup,noImbl,XGBClassifier_SPW24,last,0.3,0.2,5012,2026-05-30 19:30:28,20260530-182225,log/stroke_prediction_v4/8/biMaxInfgain/mixup__noImbl__minmax/XGBClassifier_SPW24,1780136562317_d342c02e17801406282610421,0.8972602739726028,0.5455473424850404,0.5665637860082304,0.5526420010422095,0.917427299860651,0.8972602739726027,0.906865019594966,0.8972602739726028,0.8972602739726028,0.8972602739726028,0.7807840055200094
8,biMaxInfgain,minmax,mixup,noImbl,XGBClassifier_SPW24,last,0.35,0.1,5012,2026-05-30 19:29:51,20260530-182225,log/stroke_prediction_v4/8/biMaxInfgain/mixup__noImbl__minmax/XGBClassifier_SPW24,1780136562317_d342c02e17801405910512722,0.923679060665362,0.5525967413441955,0.5425102880658437,0.5467076083248039,0.9158004551596048,0.923679060665362,0.9196343025930384,0.923679060665362,0.923679060665362,0.923679060665362,0.7905136593607853
8,biMaxInfgain,minmax,mixup,noImbl,XGBClassifier_SPW24,last,0.35,0.2,5012,2026-05-30 19:30:34,20260530-182225,log/stroke_prediction_v4/8/biMaxInfgain/mixup__noImbl__minmax/XGBClassifier_SPW24,1780136562317_d342c02e17801406345483543,0.910958904109589,0.5611555585882192,0.5737654320987654,0.5665515489623094,0.919509652555667,0.910958904109589,0.9151175000553852,0.910958904109589,0.910958904109589,0.910958904109589,0.7920769833207547
8,biMaxInfgain,minmax,mixup,noImbl,XGBClassifier_SPW24,last,0.5,0.1,5012,2026-05-30 19:29:57,20260530-182225,log/stroke_prediction_v4/8/biMaxInfgain/mixup__noImbl__minmax/XGBClassifier_SPW24,1780136562317_d342c02e17801405973444903,0.9334637964774952,0.5538307074451653,0.5286831275720165,0.5353551561831408,0.9146778291851736,0.9334637964774952,0.9233637886899008,0.9334637964774952,0.9334637964774952,0.9334637964774952,0.7919125267421896
8,biMaxInfgain,minmax,mixup,noImbl,XGBClassifier_SPW24,last,0.5,0.2,5012,2026-05-30 19:30:40,20260530-182225,log/stroke_prediction_v4/8/biMaxInfgain/mixup__noImbl__minmax/XGBClassifier_SPW24,1780136562317_d342c02e17801406407299354,0.9187866927592956,0.5441487546912316,0.5399382716049383,0.5418649239826092,0.9147669723937584,0.9187866927592956,0.9167536735102304,0.9187866927592956,0.9187866927592956,0.9187866927592956,0.7861928665966367
8,biMaxInfgain,minmax,noAug,noImbl,BalancedRandomForest,first,0.1,0.1,5012,2026-05-30 19:30:46,20260530-182225,log/stroke_prediction_v4/8/biMaxInfgain/minmax__noAug__noImbl/BalancedRandomForest,1780136562317_d342c02e17801406468843597,0.3424657534246575,0.5301367101598006,0.6353497942386831,0.2991771159874608,0.9480899036617376,0.3424657534246574,0.456311461330356,0.3424657534246575,0.3424657534246575,0.3424657534246575,0.4616672287735575
8,biMaxInfgain,minmax,noAug,noImbl,BalancedRandomForest,first,0.1,0.2,5012,2026-05-30 19:31:24,20260530-182225,log/stroke_prediction_v4/8/biMaxInfgain/minmax__noAug__noImbl/BalancedRandomForest,1780136562317_d342c02e17801406847569073,0.360078277886497,0.5311801242236025,0.6446090534979424,0.3112952086553323,0.9485237811622564,0.360078277886497,0.4766554653874422,0.360078277886497,0.360078277886497,0.360078277886497,0.474655208149395
8,biMaxInfgain,minmax,noAug,noImbl,BalancedRandomForest,first,0.15,0.1,5012,2026-05-30 19:30:52,20260530-182225,log/stroke_prediction_v4/8/biMaxInfgain/minmax__noAug__noImbl/BalancedRandomForest,1780136562317_d342c02e17801406523618382,0.4129158512720156,0.5266702586206896,0.6344444444444445,0.3427145503189956,0.9395898002564276,0.4129158512720156,0.5365037703150568,0.4129158512720156,0.4129158512720156,0.4129158512720156,0.5071195389360702
8,biMaxInfgain,minmax,noAug,noImbl,BalancedRandomForest,first,0.15,0.2,5012,2026-05-30 19:31:30,20260530-182225,log/stroke_prediction_v4/8/biMaxInfgain/minmax__noAug__noImbl/BalancedRandomForest,1780136562317_d342c02e17801406901433128,0.4354207436399217,0.5360170088141702,0.6842181069958847,0.3608920940344625,0.9500784217188896,0.4354207436399216,0.5577844004420079,0.4354207436399217,0.4354207436399217,0.4354207436399217,0.5290011253803336
8,biMaxInfgain,minmax,noAug,noImbl,BalancedRandomForest,first,0.2,0.1,5012,2026-05-30 19:30:57,20260530-182225,log/stroke_prediction_v4/8/biMaxInfgain/minmax__noAug__noImbl/BalancedRandomForest,1780136562317_d342c02e17801406577027067,0.4755381604696673,0.527992547741034,0.648395061728395,0.3795396882928596,0.9378480143867974,0.4755381604696673,0.5997152886585726,0.4755381604696673,0.4755381604696673,0.4755381604696673,0.5485270731162043
8,biMaxInfgain,minmax,noAug,noImbl,BalancedRandomForest,first,0.2,0.2,5012,2026-05-30 19:31:35,20260530-182225,log/stroke_prediction_v4/8/biMaxInfgain/minmax__noAug__noImbl/BalancedRandomForest,1780136562317_d342c02e17801406955072345,0.5039138943248532,0.5358702973155008,0.6917695473251029,0.4001868360461603,0.9450897911679604,0.5039138943248532,0.6252135365942895,0.5039138943248532,0.5039138943248532,0.5039138943248532,0.5726485772068651
8,biMaxInfgain,minmax,noAug,noImbl,BalancedRandomForest,first,0.25,0.1,5012,2026-05-30 19:31:03,20260530-182225,log/stroke_prediction_v4/8/biMaxInfgain/minmax__noAug__noImbl/BalancedRandomForest,1780136562317_d342c02e17801406630580581,0.5303326810176126,0.5259215001378803,0.6392592592592592,0.407055001160362,0.9326323772491896,0.5303326810176126,0.6509649171011022,0.5303326810176126,0.5303326810176126,0.5303326810176126,0.5806173738108975
8,biMaxInfgain,minmax,noAug,noImbl,BalancedRandomForest,first,0.25,0.2,5012,2026-05-30 19:31:40,20260530-182225,log/stroke_prediction_v4/8/biMaxInfgain/minmax__noAug__noImbl/BalancedRandomForest,1780136562317_d342c02e17801407008769441,0.5743639921722113,0.5392954712720742,0.709835390946502,0.4397233463098768,0.9434601746461536,0.5743639921722113,0.687505133705231,0.5743639921722113,0.5743639921722113,0.5743639921722113,0.6180889725576235
8,biMaxInfgain,minmax,noAug,noImbl,BalancedRandomForest,first,0.3,0.1,5012,2026-05-30 19:31:08,20260530-182225,log/stroke_prediction_v4/8/biMaxInfgain/minmax__noAug__noImbl/BalancedRandomForest,1780136562317_d342c02e17801406685071976,0.598825831702544,0.5333390738015468,0.6752674897119342,0.4466103530431015,0.9358643456996764,0.598825831702544,0.7084436950655008,0.598825831702544,0.598825831702544,0.598825831702544,0.6272355308186235
8,biMaxInfgain,minmax,noAug,noImbl,BalancedRandomForest,first,0.3,0.2,5012,2026-05-30 19:31:46,20260530-182225,log/stroke_prediction_v4/8/biMaxInfgain/minmax__noAug__noImbl/BalancedRandomForest,1780136562317_d342c02e17801407063290917,0.6340508806262231,0.5449559302548381,0.7317283950617284,0.473796373288105,0.9437207081306488,0.6340508806262231,0.735772713298291,0.6340508806262231,0.6340508806262231,0.6340508806262231,0.6570962185831699
8,biMaxInfgain,minmax,noAug,noImbl,BalancedRandomForest,first,0.35,0.1,5012,2026-05-30 19:31:13,20260530-182225,log/stroke_prediction_v4/8/biMaxInfgain/minmax__noAug__noImbl/BalancedRandomForest,1780136562317_d342c02e17801406738729723,0.6653620352250489,0.5424561228560032,0.7102469135802469,0.4857430392485742,0.938677280912857,0.6653620352250489,0.7599296523120008,0.6653620352250489,0.6653620352250489,0.6653620352250489,0.6721337495590164
8,biMaxInfgain,minmax,noAug,noImbl,BalancedRandomForest,first,0.35,0.2,5012,2026-05-30 19:31:51,20260530-182225,log/stroke_prediction_v4/8/biMaxInfgain/minmax__noAug__noImbl/BalancedRandomForest,1780136562317_d342c02e17801407116794246,0.6898238747553816,0.5502294802006618,0.7420781893004116,0.50452008766416,0.9426259185526488,0.6898238747553816,0.7778802343811302,0.6898238747553816,0.6898238747553816,0.6898238747553816,0.6917829570143184
8,biMaxInfgain,minmax,noAug,noImbl,BalancedRandomForest,first,0.5,0.1,5012,2026-05-30 19:31:19,20260530-182225,log/stroke_prediction_v4/8/biMaxInfgain/minmax__noAug__noImbl/BalancedRandomForest,1780136562317_d342c02e17801406792804815,0.812133072407045,0.5666404911479155,0.7304938271604938,0.5713087248322148,0.9376964910182718,0.812133072407045,0.8611782397982638,0.812133072407045,0.812133072407045,0.812133072407045,0.7632093545900577
8,biMaxInfgain,minmax,noAug,noImbl,BalancedRandomForest,first,0.5,0.2,5012,2026-05-30 19:31:57,20260530-182225,log/stroke_prediction_v4/8/biMaxInfgain/minmax__noAug__noImbl/BalancedRandomForest,1780136562317_d342c02e17801407170296629,0.812133072407045,0.5666404911479155,0.7304938271604938,0.5713087248322148,0.9376964910182718,0.812133072407045,0.8611782397982638,0.812133072407045,0.812133072407045,0.812133072407045,0.7632093545900577
8,biMaxInfgain,minmax,noAug,noImbl,BalancedRandomForest,last,0.1,0.1,5012,2026-05-30 19:32:02,20260530-182225,log/stroke_prediction_v4/8/biMaxInfgain/noAug__noImbl__minmax/BalancedRandomForest,1780136562317_d342c02e17801407224812177,0.3424657534246575,0.5301367101598006,0.6353497942386831,0.2991771159874608,0.9480899036617376,0.3424657534246574,0.456311461330356,0.3424657534246575,0.3424657534246575,0.3424657534246575,0.4616672287735575
8,biMaxInfgain,minmax,noAug,noImbl,BalancedRandomForest,last,0.1,0.2,5012,2026-05-30 19:32:40,20260530-182225,log/stroke_prediction_v4/8/biMaxInfgain/noAug__noImbl__minmax/BalancedRandomForest,1780136562317_d342c02e17801407602231835,0.360078277886497,0.5311801242236025,0.6446090534979424,0.3112952086553323,0.9485237811622564,0.360078277886497,0.4766554653874422,0.360078277886497,0.360078277886497,0.360078277886497,0.474655208149395
8,biMaxInfgain,minmax,noAug,noImbl,BalancedRandomForest,last,0.15,0.1,5012,2026-05-30 19:32:07,20260530-182225,log/stroke_prediction_v4/8/biMaxInfgain/noAug__noImbl__minmax/BalancedRandomForest,1780136562317_d342c02e17801407278442477,0.4129158512720156,0.5266702586206896,0.6344444444444445,0.3427145503189956,0.9395898002564276,0.4129158512720156,0.5365037703150568,0.4129158512720156,0.4129158512720156,0.4129158512720156,0.5071195389360702
8,biMaxInfgain,minmax,noAug,noImbl,BalancedRandomForest,last,0.15,0.2,5012,2026-05-30 19:32:45,20260530-182225,log/stroke_prediction_v4/8/biMaxInfgain/noAug__noImbl__minmax/BalancedRandomForest,1780136562317_d342c02e17801407656084543,0.4354207436399217,0.5360170088141702,0.6842181069958847,0.3608920940344625,0.9500784217188896,0.4354207436399216,0.5577844004420079,0.4354207436399217,0.4354207436399217,0.4354207436399217,0.5290011253803336
8,biMaxInfgain,minmax,noAug,noImbl,BalancedRandomForest,last,0.2,0.1,5012,2026-05-30 19:32:13,20260530-182225,log/stroke_prediction_v4/8/biMaxInfgain/noAug__noImbl__minmax/BalancedRandomForest,1780136562317_d342c02e17801407333183828,0.4755381604696673,0.527992547741034,0.648395061728395,0.3795396882928596,0.9378480143867974,0.4755381604696673,0.5997152886585726,0.4755381604696673,0.4755381604696673,0.4755381604696673,0.5485270731162043
8,biMaxInfgain,minmax,noAug,noImbl,BalancedRandomForest,last,0.2,0.2,5012,2026-05-30 19:32:51,20260530-182225,log/stroke_prediction_v4/8/biMaxInfgain/noAug__noImbl__minmax/BalancedRandomForest,1780136562317_d342c02e17801407710808025,0.5039138943248532,0.5358702973155008,0.6917695473251029,0.4001868360461603,0.9450897911679604,0.5039138943248532,0.6252135365942895,0.5039138943248532,0.5039138943248532,0.5039138943248532,0.5726485772068651
8,biMaxInfgain,minmax,noAug,noImbl,BalancedRandomForest,last,0.25,0.1,5012,2026-05-30 19:32:18,20260530-182225,log/stroke_prediction_v4/8/biMaxInfgain/noAug__noImbl__minmax/BalancedRandomForest,1780136562317_d342c02e17801407386717175,0.5303326810176126,0.5259215001378803,0.6392592592592592,0.407055001160362,0.9326323772491896,0.5303326810176126,0.6509649171011022,0.5303326810176126,0.5303326810176126,0.5303326810176126,0.5806173738108975
8,biMaxInfgain,minmax,noAug,noImbl,BalancedRandomForest,last,0.25,0.2,5012,2026-05-30 19:32:56,20260530-182225,log/stroke_prediction_v4/8/biMaxInfgain/noAug__noImbl__minmax/BalancedRandomForest,1780136562317_d342c02e17801407764471948,0.5743639921722113,0.5392954712720742,0.709835390946502,0.4397233463098768,0.9434601746461536,0.5743639921722113,0.687505133705231,0.5743639921722113,0.5743639921722113,0.5743639921722113,0.6180889725576235
8,biMaxInfgain,minmax,noAug,noImbl,BalancedRandomForest,last,0.3,0.1,5012,2026-05-30 19:32:24,20260530-182225,log/stroke_prediction_v4/8/biMaxInfgain/noAug__noImbl__minmax/BalancedRandomForest,1780136562317_d342c02e17801407440410943,0.598825831702544,0.5333390738015468,0.6752674897119342,0.4466103530431015,0.9358643456996764,0.598825831702544,0.7084436950655008,0.598825831702544,0.598825831702544,0.598825831702544,0.6272355308186235
8,biMaxInfgain,minmax,noAug,noImbl,BalancedRandomForest,last,0.3,0.2,5012,2026-05-30 19:33:01,20260530-182225,log/stroke_prediction_v4/8/biMaxInfgain/noAug__noImbl__minmax/BalancedRandomForest,1780136562317_d342c02e17801407818476018,0.6340508806262231,0.5449559302548381,0.7317283950617284,0.473796373288105,0.9437207081306488,0.6340508806262231,0.735772713298291,0.6340508806262231,0.6340508806262231,0.6340508806262231,0.6570962185831699
8,biMaxInfgain,minmax,noAug,noImbl,BalancedRandomForest,last,0.35,0.1,5012,2026-05-30 19:32:29,20260530-182225,log/stroke_prediction_v4/8/biMaxInfgain/noAug__noImbl__minmax/BalancedRandomForest,1780136562317_d342c02e17801407494179948,0.6653620352250489,0.5424561228560032,0.7102469135802469,0.4857430392485742,0.938677280912857,0.6653620352250489,0.7599296523120008,0.6653620352250489,0.6653620352250489,0.6653620352250489,0.6721337495590164
8,biMaxInfgain,minmax,noAug,noImbl,BalancedRandomForest,last,0.35,0.2,5012,2026-05-30 19:33:07,20260530-182225,log/stroke_prediction_v4/8/biMaxInfgain/noAug__noImbl__minmax/BalancedRandomForest,1780136562317_d342c02e17801407872715305,0.6898238747553816,0.5502294802006618,0.7420781893004116,0.50452008766416,0.9426259185526488,0.6898238747553816,0.7778802343811302,0.6898238747553816,0.6898238747553816,0.6898238747553816,0.6917829570143184
8,biMaxInfgain,minmax,noAug,noImbl,BalancedRandomForest,last,0.5,0.1,5012,2026-05-30 19:32:34,20260530-182225,log/stroke_prediction_v4/8/biMaxInfgain/noAug__noImbl__minmax/BalancedRandomForest,1780136562317_d342c02e17801407548495171,0.812133072407045,0.5666404911479155,0.7304938271604938,0.5713087248322148,0.9376964910182718,0.812133072407045,0.8611782397982638,0.812133072407045,0.812133072407045,0.812133072407045,0.7632093545900577
8,biMaxInfgain,minmax,noAug,noImbl,BalancedRandomForest,last,0.5,0.2,5012,2026-05-30 19:33:12,20260530-182225,log/stroke_prediction_v4/8/biMaxInfgain/noAug__noImbl__minmax/BalancedRandomForest,1780136562317_d342c02e17801407926917154,0.812133072407045,0.5666404911479155,0.7304938271604938,0.5713087248322148,0.9376964910182718,0.812133072407045,0.8611782397982638,0.812133072407045,0.812133072407045,0.812133072407045,0.7632093545900577
8,biMaxInfgain,minmax,noAug,noImbl,EasyEnsemble,first,0.1,0.1,5012,2026-05-30 19:30:47,20260530-182225,log/stroke_prediction_v4/8/biMaxInfgain/minmax__noAug__noImbl/EasyEnsemble,1780136562317_d342c02e17801406477896969,0.0489236790606653,0.0244618395303326,0.5,0.0466417910447761,0.0023935263728309,0.0489236790606653,0.0045637760317784,0.0489236790606653,0.0489236790606653,0.0489236790606653,0.0799358432760656
8,biMaxInfgain,minmax,noAug,noImbl,EasyEnsemble,first,0.1,0.2,5012,2026-05-30 19:31:25,20260530-182225,log/stroke_prediction_v4/8/biMaxInfgain/minmax__noAug__noImbl/EasyEnsemble,1780136562317_d342c02e17801406856747781,0.0489236790606653,0.0244618395303326,0.5,0.0466417910447761,0.0023935263728309,0.0489236790606653,0.0045637760317784,0.0489236790606653,0.0489236790606653,0.0489236790606653,0.0799358432760656
8,biMaxInfgain,minmax,noAug,noImbl,EasyEnsemble,first,0.15,0.1,5012,2026-05-30 19:30:53,20260530-182225,log/stroke_prediction_v4/8/biMaxInfgain/minmax__noAug__noImbl/EasyEnsemble,1780136562317_d342c02e17801406532466100,0.0489236790606653,0.0244618395303326,0.5,0.0466417910447761,0.0023935263728309,0.0489236790606653,0.0045637760317784,0.0489236790606653,0.0489236790606653,0.0489236790606653,0.0799358432760656
8,biMaxInfgain,minmax,noAug,noImbl,EasyEnsemble,first,0.15,0.2,5012,2026-05-30 19:31:31,20260530-182225,log/stroke_prediction_v4/8/biMaxInfgain/minmax__noAug__noImbl/EasyEnsemble,1780136562317_d342c02e17801406910554471,0.0489236790606653,0.0244618395303326,0.5,0.0466417910447761,0.0023935263728309,0.0489236790606653,0.0045637760317784,0.0489236790606653,0.0489236790606653,0.0489236790606653,0.0799358432760656
8,biMaxInfgain,minmax,noAug,noImbl,EasyEnsemble,first,0.2,0.1,5012,2026-05-30 19:30:58,20260530-182225,log/stroke_prediction_v4/8/biMaxInfgain/minmax__noAug__noImbl/EasyEnsemble,1780136562317_d342c02e17801406586252540,0.0821917808219178,0.5253036437246964,0.5174897119341564,0.0819667735398782,0.9535522156286396,0.0821917808219177,0.0690007289123494,0.0821917808219178,0.0821917808219178,0.0821917808219178,0.2551563948253504
8,biMaxInfgain,minmax,noAug,noImbl,EasyEnsemble,first,0.2,0.2,5012,2026-05-30 19:31:36,20260530-182225,log/stroke_prediction_v4/8/biMaxInfgain/minmax__noAug__noImbl/EasyEnsemble,1780136562317_d342c02e17801406964032929,0.3522504892367906,0.5307135917089496,0.6404938271604937,0.3059372909801926,0.9483353695752708,0.3522504892367905,0.4676826273157355,0.3522504892367906,0.3522504892367906,0.3522504892367906,0.4688974622835768
8,biMaxInfgain,minmax,noAug,noImbl,EasyEnsemble,first,0.25,0.1,5012,2026-05-30 19:31:03,20260530-182225,log/stroke_prediction_v4/8/biMaxInfgain/minmax__noAug__noImbl/EasyEnsemble,1780136562317_d342c02e17801406639501291,0.1604696673189823,0.5180740962951852,0.5396707818930041,0.1567364837574288,0.9375541007685428,0.1604696673189823,0.2073540608714337,0.1604696673189823,0.1604696673189823,0.1604696673189823,0.3183313465175954
8,biMaxInfgain,minmax,noAug,noImbl,EasyEnsemble,first,0.25,0.2,5012,2026-05-30 19:31:41,20260530-182225,log/stroke_prediction_v4/8/biMaxInfgain/minmax__noAug__noImbl/EasyEnsemble,1780136562317_d342c02e17801407017753202,0.3590998043052837,0.5311215397673995,0.6440946502057613,0.3106278506719064,0.948500592651796,0.3590998043052837,0.4755398110039135,0.3590998043052837,0.3590998043052837,0.3590998043052837,0.473936749235982
8,biMaxInfgain,minmax,noAug,noImbl,EasyEnsemble,first,0.3,0.1,5012,2026-05-30 19:31:09,20260530-182225,log/stroke_prediction_v4/8/biMaxInfgain/minmax__noAug__noImbl/EasyEnsemble,1780136562317_d342c02e17801406694042768,0.3405088062622309,0.5300220750551876,0.634320987654321,0.2978164692450405,0.9480393808616616,0.3405088062622308,0.4540162102365065,0.3405088062622309,0.3405088062622309,0.3405088062622309,0.4602166687842413
8,biMaxInfgain,minmax,noAug,noImbl,EasyEnsemble,first,0.3,0.2,5012,2026-05-30 19:31:47,20260530-182225,log/stroke_prediction_v4/8/biMaxInfgain/minmax__noAug__noImbl/EasyEnsemble,1780136562317_d342c02e17801407072275121,0.3590998043052837,0.5311215397673995,0.6440946502057613,0.3106278506719064,0.948500592651796,0.3590998043052837,0.4755398110039135,0.3590998043052837,0.3590998043052837,0.3590998043052837,0.473936749235982
8,biMaxInfgain,minmax,noAug,noImbl,EasyEnsemble,first,0.35,0.1,5012,2026-05-30 19:31:14,20260530-182225,log/stroke_prediction_v4/8/biMaxInfgain/minmax__noAug__noImbl/EasyEnsemble,1780136562317_d342c02e17801406747612508,0.4090019569471624,0.5342349048800661,0.6703292181069959,0.3438690476190476,0.949575832916531,0.4090019569471623,0.5303676265026559,0.4090019569471624,0.4090019569471624,0.4090019569471623,0.5101502794874797
8,biMaxInfgain,minmax,noAug,noImbl,EasyEnsemble,first,0.35,0.2,5012,2026-05-30 19:31:52,20260530-182225,log/stroke_prediction_v4/8/biMaxInfgain/minmax__noAug__noImbl/EasyEnsemble,1780136562317_d342c02e17801407125781744,0.3649706457925636,0.5314742701251842,0.6471810699588477,0.3146219859365231,0.9486382419585436,0.3649706457925636,0.4822084999699862,0.3649706457925636,0.3649706457925636,0.3649706457925636,0.4782421894072592
8,biMaxInfgain,minmax,noAug,noImbl,EasyEnsemble,first,0.5,0.1,5012,2026-05-30 19:31:20,20260530-182225,log/stroke_prediction_v4/8/biMaxInfgain/minmax__noAug__noImbl/EasyEnsemble,1780136562317_d342c02e17801406801935272,0.6673189823874756,0.5463853423976123,0.730246913580247,0.4905582922824302,0.9417783071871648,0.6673189823874756,0.7612781532074332,0.6673189823874756,0.6673189823874756,0.6673189823874756,0.676544116094972
8,biMaxInfgain,minmax,noAug,noImbl,EasyEnsemble,first,0.5,0.2,5012,2026-05-30 19:31:57,20260530-182225,log/stroke_prediction_v4/8/biMaxInfgain/minmax__noAug__noImbl/EasyEnsemble,1780136562317_d342c02e17801407179175576,0.6360078277886497,0.5487565758010522,0.7517283950617284,0.478227931488801,0.9470023893286016,0.6360078277886497,0.737076800507414,0.6360078277886497,0.6360078277886497,0.6360078277886497,0.6614475769340301
8,biMaxInfgain,minmax,noAug,noImbl,EasyEnsemble,last,0.1,0.1,5012,2026-05-30 19:32:03,20260530-182225,log/stroke_prediction_v4/8/biMaxInfgain/noAug__noImbl__minmax/EasyEnsemble,1780136562317_d342c02e17801407233924736,0.0489236790606653,0.0244618395303326,0.5,0.0466417910447761,0.0023935263728309,0.0489236790606653,0.0045637760317784,0.0489236790606653,0.0489236790606653,0.0489236790606653,0.0799358432760656
8,biMaxInfgain,minmax,noAug,noImbl,EasyEnsemble,last,0.1,0.2,5012,2026-05-30 19:32:41,20260530-182225,log/stroke_prediction_v4/8/biMaxInfgain/noAug__noImbl__minmax/EasyEnsemble,1780136562317_d342c02e17801407611116824,0.0489236790606653,0.0244618395303326,0.5,0.0466417910447761,0.0023935263728309,0.0489236790606653,0.0045637760317784,0.0489236790606653,0.0489236790606653,0.0489236790606653,0.0799358432760656
8,biMaxInfgain,minmax,noAug,noImbl,EasyEnsemble,last,0.15,0.1,5012,2026-05-30 19:32:08,20260530-182225,log/stroke_prediction_v4/8/biMaxInfgain/noAug__noImbl__minmax/EasyEnsemble,1780136562317_d342c02e17801407287433962,0.0489236790606653,0.0244618395303326,0.5,0.0466417910447761,0.0023935263728309,0.0489236790606653,0.0045637760317784,0.0489236790606653,0.0489236790606653,0.0489236790606653,0.0799358432760656
8,biMaxInfgain,minmax,noAug,noImbl,EasyEnsemble,last,0.15,0.2,5012,2026-05-30 19:32:46,20260530-182225,log/stroke_prediction_v4/8/biMaxInfgain/noAug__noImbl__minmax/EasyEnsemble,1780136562317_d342c02e17801407664962486,0.0489236790606653,0.0244618395303326,0.5,0.0466417910447761,0.0023935263728309,0.0489236790606653,0.0045637760317784,0.0489236790606653,0.0489236790606653,0.0489236790606653,0.0799358432760656
8,biMaxInfgain,minmax,noAug,noImbl,EasyEnsemble,last,0.2,0.1,5012,2026-05-30 19:32:14,20260530-182225,log/stroke_prediction_v4/8/biMaxInfgain/noAug__noImbl__minmax/EasyEnsemble,1780136562317_d342c02e17801407342056858,0.0821917808219178,0.5253036437246964,0.5174897119341564,0.0819667735398782,0.9535522156286396,0.0821917808219177,0.0690007289123494,0.0821917808219178,0.0821917808219178,0.0821917808219178,0.2551563948253504
8,biMaxInfgain,minmax,noAug,noImbl,EasyEnsemble,last,0.2,0.2,5012,2026-05-30 19:32:51,20260530-182225,log/stroke_prediction_v4/8/biMaxInfgain/noAug__noImbl__minmax/EasyEnsemble,1780136562317_d342c02e17801407719723236,0.3522504892367906,0.5307135917089496,0.6404938271604937,0.3059372909801926,0.9483353695752708,0.3522504892367905,0.4676826273157355,0.3522504892367906,0.3522504892367906,0.3522504892367906,0.4688974622835768
8,biMaxInfgain,minmax,noAug,noImbl,EasyEnsemble,last,0.25,0.1,5012,2026-05-30 19:32:19,20260530-182225,log/stroke_prediction_v4/8/biMaxInfgain/noAug__noImbl__minmax/EasyEnsemble,1780136562317_d342c02e17801407395734785,0.1604696673189823,0.5180740962951852,0.5396707818930041,0.1567364837574288,0.9375541007685428,0.1604696673189823,0.2073540608714337,0.1604696673189823,0.1604696673189823,0.1604696673189823,0.3183313465175954
8,biMaxInfgain,minmax,noAug,noImbl,EasyEnsemble,last,0.25,0.2,5012,2026-05-30 19:32:57,20260530-182225,log/stroke_prediction_v4/8/biMaxInfgain/noAug__noImbl__minmax/EasyEnsemble,1780136562317_d342c02e17801407773487029,0.3590998043052837,0.5311215397673995,0.6440946502057613,0.3106278506719064,0.948500592651796,0.3590998043052837,0.4755398110039135,0.3590998043052837,0.3590998043052837,0.3590998043052837,0.473936749235982
8,biMaxInfgain,minmax,noAug,noImbl,EasyEnsemble,last,0.3,0.1,5012,2026-05-30 19:32:24,20260530-182225,log/stroke_prediction_v4/8/biMaxInfgain/noAug__noImbl__minmax/EasyEnsemble,1780136562317_d342c02e17801407449291389,0.3405088062622309,0.5300220750551876,0.634320987654321,0.2978164692450405,0.9480393808616616,0.3405088062622308,0.4540162102365065,0.3405088062622309,0.3405088062622309,0.3405088062622309,0.4602166687842413
8,biMaxInfgain,minmax,noAug,noImbl,EasyEnsemble,last,0.3,0.2,5012,2026-05-30 19:33:02,20260530-182225,log/stroke_prediction_v4/8/biMaxInfgain/noAug__noImbl__minmax/EasyEnsemble,1780136562317_d342c02e17801407827488539,0.3590998043052837,0.5311215397673995,0.6440946502057613,0.3106278506719064,0.948500592651796,0.3590998043052837,0.4755398110039135,0.3590998043052837,0.3590998043052837,0.3590998043052837,0.473936749235982
8,biMaxInfgain,minmax,noAug,noImbl,EasyEnsemble,last,0.35,0.1,5012,2026-05-30 19:32:30,20260530-182225,log/stroke_prediction_v4/8/biMaxInfgain/noAug__noImbl__minmax/EasyEnsemble,1780136562317_d342c02e17801407503990849,0.4090019569471624,0.5342349048800661,0.6703292181069959,0.3438690476190476,0.949575832916531,0.4090019569471623,0.5303676265026559,0.4090019569471624,0.4090019569471624,0.4090019569471623,0.5101502794874797
8,biMaxInfgain,minmax,noAug,noImbl,EasyEnsemble,last,0.35,0.2,5012,2026-05-30 19:33:08,20260530-182225,log/stroke_prediction_v4/8/biMaxInfgain/noAug__noImbl__minmax/EasyEnsemble,1780136562317_d342c02e17801407881663419,0.3649706457925636,0.5314742701251842,0.6471810699588477,0.3146219859365231,0.9486382419585436,0.3649706457925636,0.4822084999699862,0.3649706457925636,0.3649706457925636,0.3649706457925636,0.4782421894072592
8,biMaxInfgain,minmax,noAug,noImbl,EasyEnsemble,last,0.5,0.1,5012,2026-05-30 19:32:35,20260530-182225,log/stroke_prediction_v4/8/biMaxInfgain/noAug__noImbl__minmax/EasyEnsemble,1780136562317_d342c02e17801407557662048,0.6673189823874756,0.5463853423976123,0.730246913580247,0.4905582922824302,0.9417783071871648,0.6673189823874756,0.7612781532074332,0.6673189823874756,0.6673189823874756,0.6673189823874756,0.676544116094972
8,biMaxInfgain,minmax,noAug,noImbl,EasyEnsemble,last,0.5,0.2,5012,2026-05-30 19:33:13,20260530-182225,log/stroke_prediction_v4/8/biMaxInfgain/noAug__noImbl__minmax/EasyEnsemble,1780136562317_d342c02e17801407936010638,0.6360078277886497,0.5487565758010522,0.7517283950617284,0.478227931488801,0.9470023893286016,0.6360078277886497,0.737076800507414,0.6360078277886497,0.6360078277886497,0.6360078277886497,0.6614475769340301
8,biMaxInfgain,minmax,noAug,noImbl,XGBClassifier_SPW24,first,0.1,0.1,5012,2026-05-30 19:30:46,20260530-182225,log/stroke_prediction_v4/8/biMaxInfgain/minmax__noAug__noImbl/XGBClassifier_SPW24,1780136562317_d342c02e17801406463273416,0.8688845401174168,0.5262904307021954,0.5516460905349794,0.5294853294853294,0.9143392868211562,0.8688845401174167,0.8899992375530538,0.8688845401174168,0.8688845401174168,0.8688845401174168,0.759704081908557
8,biMaxInfgain,minmax,noAug,noImbl,XGBClassifier_SPW24,first,0.1,0.2,5012,2026-05-30 19:31:24,20260530-182225,log/stroke_prediction_v4/8/biMaxInfgain/minmax__noAug__noImbl/XGBClassifier_SPW24,1780136562317_d342c02e17801406842228958,0.8561643835616438,0.5429785497886229,0.6018724279835391,0.5499752871927748,0.9209331816455932,0.8561643835616438,0.8848582609200549,0.8561643835616438,0.8561643835616438,0.8561643835616438,0.7642692015833574
8,biMaxInfgain,minmax,noAug,noImbl,XGBClassifier_SPW24,first,0.15,0.1,5012,2026-05-30 19:30:51,20260530-182225,log/stroke_prediction_v4/8/biMaxInfgain/minmax__noAug__noImbl/XGBClassifier_SPW24,1780136562317_d342c02e17801406518157586,0.8904109589041096,0.5396990140114167,0.562962962962963,0.5464688728287055,0.9165712904578768,0.8904109589041097,0.90277741593154,0.8904109589041096,0.8904109589041096,0.8904109589041096,0.775474653618906
8,biMaxInfgain,minmax,noAug,noImbl,XGBClassifier_SPW24,first,0.15,0.2,5012,2026-05-30 19:31:29,20260530-182225,log/stroke_prediction_v4/8/biMaxInfgain/minmax__noAug__noImbl/XGBClassifier_SPW24,1780136562317_d342c02e17801406896020203,0.8708414872798435,0.5438995215311004,0.5906172839506173,0.552468152866242,0.9197604846487326,0.8708414872798435,0.8930020441995836,0.8708414872798435,0.8708414872798435,0.8708414872798435,0.7705848534848561
8,biMaxInfgain,minmax,noAug,noImbl,XGBClassifier_SPW24,first,0.2,0.1,5012,2026-05-30 19:30:57,20260530-182225,log/stroke_prediction_v4/8/biMaxInfgain/minmax__noAug__noImbl/XGBClassifier_SPW24,1780136562317_d342c02e17801406571317313,0.898238747553816,0.5464705211540654,0.5670781893004115,0.5535618279569892,0.9175578263492256,0.898238747553816,0.9074506028659806,0.898238747553816,0.898238747553816,0.898238747553816,0.781558017325342
8,biMaxInfgain,minmax,noAug,noImbl,XGBClassifier_SPW24,first,0.2,0.2,5012,2026-05-30 19:31:34,20260530-182225,log/stroke_prediction_v4/8/biMaxInfgain/minmax__noAug__noImbl/XGBClassifier_SPW24,1780136562317_d342c02e17801406949599321,0.8796477495107632,0.5368591381366037,0.5667901234567901,0.543476602930762,0.9167282483372948,0.8796477495107632,0.8968971241927473,0.8796477495107632,0.8796477495107632,0.8796477495107632,0.7699529098659004
8,biMaxInfgain,minmax,noAug,noImbl,XGBClassifier_SPW24,first,0.25,0.1,5012,2026-05-30 19:31:02,20260530-182225,log/stroke_prediction_v4/8/biMaxInfgain/minmax__noAug__noImbl/XGBClassifier_SPW24,1780136562317_d342c02e17801406625109060,0.9041095890410958,0.5271309771309772,0.5322222222222222,0.529209363542352,0.9124683165779056,0.9041095890410958,0.9082203371277048,0.9041095890410958,0.9041095890410958,0.9041095890410958,0.7744404423100572
8,biMaxInfgain,minmax,noAug,noImbl,XGBClassifier_SPW24,first,0.25,0.2,5012,2026-05-30 19:31:40,20260530-182225,log/stroke_prediction_v4/8/biMaxInfgain/minmax__noAug__noImbl/XGBClassifier_SPW24,1780136562317_d342c02e17801407003375957,0.8894324853228963,0.53894170932933,0.5624485596707819,0.5456222975019968,0.9164563068364188,0.8894324853228963,0.9021948432510062,0.8894324853228963,0.8894324853228963,0.8894324853228963,0.7747302228257619
8,biMaxInfgain,minmax,noAug,noImbl,XGBClassifier_SPW24,first,0.3,0.1,5012,2026-05-30 19:31:07,20260530-182225,log/stroke_prediction_v4/8/biMaxInfgain/minmax__noAug__noImbl/XGBClassifier_SPW24,1780136562317_d342c02e17801406679577634,0.9158512720156556,0.5399127310061602,0.538395061728395,0.5391278813683746,0.9142273474324614,0.9158512720156556,0.9150358534211808,0.9158512720156556,0.9158512720156556,0.9158512720156556,0.7837185830413971
8,biMaxInfgain,minmax,noAug,noImbl,XGBClassifier_SPW24,first,0.3,0.2,5012,2026-05-30 19:31:45,20260530-182225,log/stroke_prediction_v4/8/biMaxInfgain/minmax__noAug__noImbl/XGBClassifier_SPW24,1780136562317_d342c02e17801407057923040,0.9001956947162426,0.5427521008403361,0.5586213991769547,0.5484927234927235,0.9164062885428144,0.9001956947162426,0.90799398676111,0.9001956947162426,0.9001956947162426,0.9001956947162426,0.7803292632805824
8,biMaxInfgain,minmax,noAug,noImbl,XGBClassifier_SPW24,first,0.35,0.1,5012,2026-05-30 19:31:13,20260530-182225,log/stroke_prediction_v4/8/biMaxInfgain/minmax__noAug__noImbl/XGBClassifier_SPW24,1780136562317_d342c02e17801406733188625,0.923679060665362,0.5525967413441955,0.5425102880658437,0.5467076083248039,0.9158004551596048,0.923679060665362,0.9196343025930384,0.923679060665362,0.923679060665362,0.923679060665362,0.7905136593607853
8,biMaxInfgain,minmax,noAug,noImbl,XGBClassifier_SPW24,first,0.35,0.2,5012,2026-05-30 19:31:51,20260530-182225,log/stroke_prediction_v4/8/biMaxInfgain/minmax__noAug__noImbl/XGBClassifier_SPW24,1780136562317_d342c02e17801407111435516,0.9050880626223092,0.547809661602765,0.5611934156378601,0.5531183086528276,0.9171041523426974,0.9050880626223092,0.9109089516074717,0.9050880626223092,0.9050880626223092,0.9050880626223092,0.7842500370463007
8,biMaxInfgain,minmax,noAug,noImbl,XGBClassifier_SPW24,first,0.5,0.1,5012,2026-05-30 19:31:18,20260530-182225,log/stroke_prediction_v4/8/biMaxInfgain/minmax__noAug__noImbl/XGBClassifier_SPW24,1780136562317_d342c02e17801406787266960,0.9334637964774952,0.5778225806451613,0.5476543209876543,0.5576883910386966,0.91867621993561,0.9334637964774952,0.9254855500775206,0.9334637964774952,0.9334637964774952,0.9334637964774952,0.800276921915273
8,biMaxInfgain,minmax,noAug,noImbl,XGBClassifier_SPW24,first,0.5,0.2,5012,2026-05-30 19:31:56,20260530-182225,log/stroke_prediction_v4/8/biMaxInfgain/minmax__noAug__noImbl/XGBClassifier_SPW24,1780136562317_d342c02e17801407165034028,0.9217221135029354,0.5489795918367346,0.5414814814814815,0.5447255880256592,0.9153640321099084,0.9217221135029352,0.9184791326386146,0.9217221135029354,0.9217221135029354,0.9217221135029354,0.7887520640436275
8,biMaxInfgain,minmax,noAug,noImbl,XGBClassifier_SPW24,last,0.1,0.1,5012,2026-05-30 19:32:01,20260530-182225,log/stroke_prediction_v4/8/biMaxInfgain/noAug__noImbl__minmax/XGBClassifier_SPW24,1780136562317_d342c02e17801407219306946,0.8688845401174168,0.5262904307021954,0.5516460905349794,0.5294853294853294,0.9143392868211562,0.8688845401174167,0.8899992375530538,0.8688845401174168,0.8688845401174168,0.8688845401174168,0.759704081908557
8,biMaxInfgain,minmax,noAug,noImbl,XGBClassifier_SPW24,last,0.1,0.2,5012,2026-05-30 19:32:39,20260530-182225,log/stroke_prediction_v4/8/biMaxInfgain/noAug__noImbl__minmax/XGBClassifier_SPW24,1780136562317_d342c02e17801407596840766,0.8561643835616438,0.5429785497886229,0.6018724279835391,0.5499752871927748,0.9209331816455932,0.8561643835616438,0.8848582609200549,0.8561643835616438,0.8561643835616438,0.8561643835616438,0.7642692015833574
8,biMaxInfgain,minmax,noAug,noImbl,XGBClassifier_SPW24,last,0.15,0.1,5012,2026-05-30 19:32:07,20260530-182225,log/stroke_prediction_v4/8/biMaxInfgain/noAug__noImbl__minmax/XGBClassifier_SPW24,1780136562317_d342c02e17801407272926499,0.8904109589041096,0.5396990140114167,0.562962962962963,0.5464688728287055,0.9165712904578768,0.8904109589041097,0.90277741593154,0.8904109589041096,0.8904109589041096,0.8904109589041096,0.775474653618906
8,biMaxInfgain,minmax,noAug,noImbl,XGBClassifier_SPW24,last,0.15,0.2,5012,2026-05-30 19:32:45,20260530-182225,log/stroke_prediction_v4/8/biMaxInfgain/noAug__noImbl__minmax/XGBClassifier_SPW24,1780136562317_d342c02e17801407650609769,0.8708414872798435,0.5438995215311004,0.5906172839506173,0.552468152866242,0.9197604846487326,0.8708414872798435,0.8930020441995836,0.8708414872798435,0.8708414872798435,0.8708414872798435,0.7705848534848561
8,biMaxInfgain,minmax,noAug,noImbl,XGBClassifier_SPW24,last,0.2,0.1,5012,2026-05-30 19:32:12,20260530-182225,log/stroke_prediction_v4/8/biMaxInfgain/noAug__noImbl__minmax/XGBClassifier_SPW24,1780136562317_d342c02e17801407326786533,0.898238747553816,0.5464705211540654,0.5670781893004115,0.5535618279569892,0.9175578263492256,0.898238747553816,0.9074506028659806,0.898238747553816,0.898238747553816,0.898238747553816,0.781558017325342
8,biMaxInfgain,minmax,noAug,noImbl,XGBClassifier_SPW24,last,0.2,0.2,5012,2026-05-30 19:32:50,20260530-182225,log/stroke_prediction_v4/8/biMaxInfgain/noAug__noImbl__minmax/XGBClassifier_SPW24,1780136562317_d342c02e17801407705268721,0.8796477495107632,0.5368591381366037,0.5667901234567901,0.543476602930762,0.9167282483372948,0.8796477495107632,0.8968971241927473,0.8796477495107632,0.8796477495107632,0.8796477495107632,0.7699529098659004
8,biMaxInfgain,minmax,noAug,noImbl,XGBClassifier_SPW24,last,0.25,0.1,5012,2026-05-30 19:32:18,20260530-182225,log/stroke_prediction_v4/8/biMaxInfgain/noAug__noImbl__minmax/XGBClassifier_SPW24,1780136562317_d342c02e17801407381131764,0.9041095890410958,0.5271309771309772,0.5322222222222222,0.529209363542352,0.9124683165779056,0.9041095890410958,0.9082203371277048,0.9041095890410958,0.9041095890410958,0.9041095890410958,0.7744404423100572
8,biMaxInfgain,minmax,noAug,noImbl,XGBClassifier_SPW24,last,0.25,0.2,5012,2026-05-30 19:32:55,20260530-182225,log/stroke_prediction_v4/8/biMaxInfgain/noAug__noImbl__minmax/XGBClassifier_SPW24,1780136562317_d342c02e17801407759037928,0.8894324853228963,0.53894170932933,0.5624485596707819,0.5456222975019968,0.9164563068364188,0.8894324853228963,0.9021948432510062,0.8894324853228963,0.8894324853228963,0.8894324853228963,0.7747302228257619
8,biMaxInfgain,minmax,noAug,noImbl,XGBClassifier_SPW24,last,0.3,0.1,5012,2026-05-30 19:32:23,20260530-182225,log/stroke_prediction_v4/8/biMaxInfgain/noAug__noImbl__minmax/XGBClassifier_SPW24,1780136562317_d342c02e17801407434867679,0.9158512720156556,0.5399127310061602,0.538395061728395,0.5391278813683746,0.9142273474324614,0.9158512720156556,0.9150358534211808,0.9158512720156556,0.9158512720156556,0.9158512720156556,0.7837185830413971
8,biMaxInfgain,minmax,noAug,noImbl,XGBClassifier_SPW24,last,0.3,0.2,5012,2026-05-30 19:33:01,20260530-182225,log/stroke_prediction_v4/8/biMaxInfgain/noAug__noImbl__minmax/XGBClassifier_SPW24,1780136562317_d342c02e17801407812838122,0.9001956947162426,0.5427521008403361,0.5586213991769547,0.5484927234927235,0.9164062885428144,0.9001956947162426,0.90799398676111,0.9001956947162426,0.9001956947162426,0.9001956947162426,0.7803292632805824
8,biMaxInfgain,minmax,noAug,noImbl,XGBClassifier_SPW24,last,0.35,0.1,5012,2026-05-30 19:32:28,20260530-182225,log/stroke_prediction_v4/8/biMaxInfgain/noAug__noImbl__minmax/XGBClassifier_SPW24,1780136562317_d342c02e17801407488418735,0.923679060665362,0.5525967413441955,0.5425102880658437,0.5467076083248039,0.9158004551596048,0.923679060665362,0.9196343025930384,0.923679060665362,0.923679060665362,0.923679060665362,0.7905136593607853
8,biMaxInfgain,minmax,noAug,noImbl,XGBClassifier_SPW24,last,0.35,0.2,5012,2026-05-30 19:33:06,20260530-182225,log/stroke_prediction_v4/8/biMaxInfgain/noAug__noImbl__minmax/XGBClassifier_SPW24,1780136562317_d342c02e17801407867366229,0.9050880626223092,0.547809661602765,0.5611934156378601,0.5531183086528276,0.9171041523426974,0.9050880626223092,0.9109089516074717,0.9050880626223092,0.9050880626223092,0.9050880626223092,0.7842500370463007
8,biMaxInfgain,minmax,noAug,noImbl,XGBClassifier_SPW24,last,0.5,0.1,5012,2026-05-30 19:32:34,20260530-182225,log/stroke_prediction_v4/8/biMaxInfgain/noAug__noImbl__minmax/XGBClassifier_SPW24,1780136562317_d342c02e17801407543003663,0.9334637964774952,0.5778225806451613,0.5476543209876543,0.5576883910386966,0.91867621993561,0.9334637964774952,0.9254855500775206,0.9334637964774952,0.9334637964774952,0.9334637964774952,0.800276921915273
8,biMaxInfgain,minmax,noAug,noImbl,XGBClassifier_SPW24,last,0.5,0.2,5012,2026-05-30 19:33:12,20260530-182225,log/stroke_prediction_v4/8/biMaxInfgain/noAug__noImbl__minmax/XGBClassifier_SPW24,1780136562317_d342c02e17801407921487178,0.9217221135029354,0.5489795918367346,0.5414814814814815,0.5447255880256592,0.9153640321099084,0.9217221135029352,0.9184791326386146,0.9217221135029354,0.9217221135029354,0.9217221135029354,0.7887520640436275
8,biMaxInfgain,standard,gaussian_noise,noImbl,BalancedRandomForest,first,0.1,0.1,5012,2026-05-30 19:33:19,20260530-182225,log/stroke_prediction_v4/8/biMaxInfgain/standard__gaussian_noise__noImbl/BalancedRandomForest,1780136562317_d342c02e17801407998517563,0.4344422700587084,0.5245576279292204,0.6267901234567901,0.3543268873430948,0.9358762415758152,0.4344422700587083,0.5595112841869717,0.4344422700587084,0.4344422700587084,0.4344422700587084,0.5195750330491757
8,biMaxInfgain,standard,gaussian_noise,noImbl,BalancedRandomForest,first,0.1,0.2,5012,2026-05-30 19:34:12,20260530-182225,log/stroke_prediction_v4/8/biMaxInfgain/standard__gaussian_noise__noImbl/BalancedRandomForest,1780136562317_d342c02e17801408525385826,0.4559686888454011,0.533744557329463,0.6760493827160494,0.3718472531748558,0.945867262745009,0.4559686888454011,0.579226835228981,0.4559686888454011,0.4559686888454011,0.4559686888454011,0.540614709077788
8,biMaxInfgain,standard,gaussian_noise,noImbl,BalancedRandomForest,first,0.15,0.1,5012,2026-05-30 19:33:27,20260530-182225,log/stroke_prediction_v4/8/biMaxInfgain/standard__gaussian_noise__noImbl/BalancedRandomForest,1780136562317_d342c02e17801408074456811,0.5283757338551859,0.5292585784313726,0.657201646090535,0.408556293553484,0.9362499280534132,0.5283757338551859,0.6487161282451561,0.5283757338551859,0.5283757338551859,0.5283757338551859,0.5822121720694023
8,biMaxInfgain,standard,gaussian_noise,noImbl,BalancedRandomForest,first,0.15,0.2,5012,2026-05-30 19:34:20,20260530-182225,log/stroke_prediction_v4/8/biMaxInfgain/standard__gaussian_noise__noImbl/BalancedRandomForest,1780136562317_d342c02e17801408600187510,0.5420743639921722,0.5394275253531051,0.7118312757201646,0.4231754439282768,0.9461583962230722,0.5420743639921722,0.6594357980207586,0.5420743639921722,0.5420743639921722,0.5420743639921722,0.5989631516188582
8,biMaxInfgain,standard,gaussian_noise,noImbl,BalancedRandomForest,first,0.2,0.1,5012,2026-05-30 19:33:34,20260530-182225,log/stroke_prediction_v4/8/biMaxInfgain/standard__gaussian_noise__noImbl/BalancedRandomForest,1780136562317_d342c02e17801408149964645,0.5909980430528375,0.5359320557491289,0.6901234567901235,0.4451337042867459,0.9388752326857908,0.5909980430528375,0.7017881324209758,0.5909980430528375,0.5909980430528375,0.5909980430528375,0.6249305672497975
8,biMaxInfgain,standard,gaussian_noise,noImbl,BalancedRandomForest,first,0.2,0.2,5012,2026-05-30 19:34:27,20260530-182225,log/stroke_prediction_v4/8/biMaxInfgain/standard__gaussian_noise__noImbl/BalancedRandomForest,1780136562317_d342c02e17801408674119430,0.5968688845401174,0.5436441336441337,0.7311522633744856,0.454580310880829,0.9458836445137816,0.5968688845401174,0.7059022743173499,0.5968688845401174,0.5968688845401174,0.5968688845401174,0.6348879457490139
8,biMaxInfgain,standard,gaussian_noise,noImbl,BalancedRandomForest,first,0.25,0.1,5012,2026-05-30 19:33:42,20260530-182225,log/stroke_prediction_v4/8/biMaxInfgain/standard__gaussian_noise__noImbl/BalancedRandomForest,1780136562317_d342c02e17801408224646166,0.6555772994129159,0.5445435209424083,0.7240740740740741,0.4834114511533866,0.9413386517556172,0.6555772994129159,0.7524570648742103,0.6555772994129159,0.6555772994129159,0.6555772994129159,0.6686068218465157
8,biMaxInfgain,standard,gaussian_noise,noImbl,BalancedRandomForest,first,0.25,0.2,5012,2026-05-30 19:34:34,20260530-182225,log/stroke_prediction_v4/8/biMaxInfgain/standard__gaussian_noise__noImbl/BalancedRandomForest,1780136562317_d342c02e17801408749524637,0.6761252446183953,0.555026415501521,0.7728189300411523,0.5031657793280705,0.948171205803486,0.6761252446183953,0.7676245305680033,0.6761252446183953,0.6761252446183953,0.6761252446183953,0.688670299466385
8,biMaxInfgain,standard,gaussian_noise,noImbl,BalancedRandomForest,first,0.3,0.1,5012,2026-05-30 19:33:50,20260530-182225,log/stroke_prediction_v4/8/biMaxInfgain/standard__gaussian_noise__noImbl/BalancedRandomForest,1780136562317_d342c02e17801408300467433,0.7084148727984344,0.54627849002849,0.7139094650205762,0.5082889340953858,0.9376129007978324,0.7084148727984344,0.7912891112184086,0.7084148727984344,0.7084148727984344,0.7084148727984344,0.6980827415011327
8,biMaxInfgain,standard,gaussian_noise,noImbl,BalancedRandomForest,first,0.3,0.2,5012,2026-05-30 19:34:42,20260530-182225,log/stroke_prediction_v4/8/biMaxInfgain/standard__gaussian_noise__noImbl/BalancedRandomForest,1780136562317_d342c02e17801408824151308,0.7191780821917808,0.5597144266535123,0.7764814814814814,0.5274334885924055,0.946623611933206,0.7191780821917808,0.7989980282216284,0.7191780821917808,0.7191780821917808,0.7191780821917809,0.7149179124056372
8,biMaxInfgain,standard,gaussian_noise,noImbl,BalancedRandomForest,first,0.35,0.1,5012,2026-05-30 19:33:57,20260530-182225,log/stroke_prediction_v4/8/biMaxInfgain/standard__gaussian_noise__noImbl/BalancedRandomForest,1780136562317_d342c02e17801408375799968,0.7338551859099804,0.5516091051805337,0.7272839506172839,0.5246511627906977,0.9387770462693584,0.7338551859099804,0.8091439493924362,0.7338551859099804,0.7338551859099804,0.7338551859099806,0.7153783513981796
8,biMaxInfgain,standard,gaussian_noise,noImbl,BalancedRandomForest,first,0.35,0.2,5012,2026-05-30 19:34:49,20260530-182225,log/stroke_prediction_v4/8/biMaxInfgain/standard__gaussian_noise__noImbl/BalancedRandomForest,1780136562317_d342c02e17801408899550717,0.7622309197651663,0.5626638427701833,0.7611728395061729,0.5486874744445959,0.9428308778721968,0.7622309197651663,0.8287544112661691,0.7622309197651663,0.7622309197651663,0.7622309197651662,0.7381754067775363
8,biMaxInfgain,standard,gaussian_noise,noImbl,BalancedRandomForest,first,0.5,0.1,5012,2026-05-30 19:34:04,20260530-182225,log/stroke_prediction_v4/8/biMaxInfgain/standard__gaussian_noise__noImbl/BalancedRandomForest,1780136562317_d342c02e17801408449753977,0.8277886497064579,0.548273957470312,0.6438683127572017,0.5517543859649123,0.9261515912558348,0.8277886497064579,0.869090534555567,0.8277886497064579,0.8277886497064579,0.8277886497064578,0.7560715841089899
8,biMaxInfgain,standard,gaussian_noise,noImbl,BalancedRandomForest,first,0.5,0.2,5012,2026-05-30 19:34:57,20260530-182225,log/stroke_prediction_v4/8/biMaxInfgain/standard__gaussian_noise__noImbl/BalancedRandomForest,1780136562317_d342c02e17801408975092829,0.8297455968688845,0.5596792392005158,0.6828395061728395,0.5671894623090628,0.9313227940814648,0.8297455968688845,0.8713059900278513,0.8297455968688845,0.8297455968688845,0.8297455968688845,0.7650567105435728
8,biMaxInfgain,standard,gaussian_noise,noImbl,BalancedRandomForest,last,0.1,0.1,5012,2026-05-30 19:35:05,20260530-182225,log/stroke_prediction_v4/8/biMaxInfgain/gaussian_noise__noImbl__standard/BalancedRandomForest,1780136562317_d342c02e17801409051524791,0.4461839530332681,0.525521327014218,0.632962962962963,0.3616024721333186,0.936471095612172,0.446183953033268,0.5712372178046988,0.4461839530332681,0.4461839530332681,0.4461839530332681,0.527895073262945
8,biMaxInfgain,standard,gaussian_noise,noImbl,BalancedRandomForest,last,0.1,0.2,5012,2026-05-30 19:35:58,20260530-182225,log/stroke_prediction_v4/8/biMaxInfgain/gaussian_noise__noImbl__standard/BalancedRandomForest,1780136562317_d342c02e17801409580093062,0.4461839530332681,0.5329980294940249,0.6709053497942388,0.3657241104049614,0.945588640302364,0.4461839530332681,0.5695262392601778,0.4461839530332681,0.4461839530332681,0.4461839530332681,0.5337103356221408
8,biMaxInfgain,standard,gaussian_noise,noImbl,BalancedRandomForest,last,0.15,0.1,5012,2026-05-30 19:35:12,20260530-182225,log/stroke_prediction_v4/8/biMaxInfgain/gaussian_noise__noImbl__standard/BalancedRandomForest,1780136562317_d342c02e17801409127736003,0.5244618395303327,0.5324164878945756,0.6741152263374486,0.4088266799971434,0.93987125410746,0.5244618395303327,0.644701939044932,0.5244618395303327,0.5244618395303327,0.5244618395303327,0.5824543255023927
8,biMaxInfgain,standard,gaussian_noise,noImbl,BalancedRandomForest,last,0.15,0.2,5012,2026-05-30 19:36:05,20260530-182225,log/stroke_prediction_v4/8/biMaxInfgain/gaussian_noise__noImbl__standard/BalancedRandomForest,1780136562317_d342c02e17801409654800932,0.5332681017612525,0.5385698144282512,0.707201646090535,0.417889114571579,0.9459180710093325,0.5332681017612525,0.6516900512504338,0.5332681017612525,0.5332681017612525,0.5332681017612525,0.5929130687306148
8,biMaxInfgain,standard,gaussian_noise,noImbl,BalancedRandomForest,last,0.2,0.1,5012,2026-05-30 19:35:20,20260530-182225,log/stroke_prediction_v4/8/biMaxInfgain/gaussian_noise__noImbl__standard/BalancedRandomForest,1780136562317_d342c02e17801409203352005,0.5949119373776908,0.5363945260139031,0.6921810699588478,0.4474232728222541,0.9390292519647404,0.5949119373776908,0.7049697666103462,0.5949119373776908,0.5949119373776908,0.5949119373776908,0.6275842156597156
8,biMaxInfgain,standard,gaussian_noise,noImbl,BalancedRandomForest,last,0.2,0.2,5012,2026-05-30 19:36:12,20260530-182225,log/stroke_prediction_v4/8/biMaxInfgain/gaussian_noise__noImbl__standard/BalancedRandomForest,1780136562317_d342c02e17801409729017477,0.6164383561643836,0.54784604519774,0.750925925925926,0.4678808422014546,0.9481125686866342,0.6164383561643836,0.7215290419677888,0.6164383561643836,0.6164383561643836,0.6164383561643836,0.6496752790721699
8,biMaxInfgain,standard,gaussian_noise,noImbl,BalancedRandomForest,last,0.25,0.1,5012,2026-05-30 19:35:27,20260530-182225,log/stroke_prediction_v4/8/biMaxInfgain/gaussian_noise__noImbl__standard/BalancedRandomForest,1780136562317_d342c02e17801409278443285,0.639921722113503,0.5422384357685864,0.715843621399177,0.4739974937343358,0.9407516659013868,0.639921722113503,0.7405168989008726,0.639921722113503,0.639921722113503,0.639921722113503,0.6580292200475975
8,biMaxInfgain,standard,gaussian_noise,noImbl,BalancedRandomForest,last,0.25,0.2,5012,2026-05-30 19:36:20,20260530-182225,log/stroke_prediction_v4/8/biMaxInfgain/gaussian_noise__noImbl__standard/BalancedRandomForest,1780136562317_d342c02e17801409803868893,0.6673189823874756,0.5517628944074829,0.7587037037037037,0.4958709819692775,0.9463655355836056,0.6673189823874756,0.761097586643067,0.6673189823874756,0.6673189823874756,0.6673189823874756,0.681156091616321
8,biMaxInfgain,standard,gaussian_noise,noImbl,BalancedRandomForest,last,0.3,0.1,5012,2026-05-30 19:35:35,20260530-182225,log/stroke_prediction_v4/8/biMaxInfgain/gaussian_noise__noImbl__standard/BalancedRandomForest,1780136562317_d342c02e17801409354236189,0.6947162426614482,0.5474410879269179,0.725679012345679,0.5037352457791723,0.9398910667281808,0.6947162426614482,0.7814710172704316,0.6947162426614482,0.6947162426614482,0.6947162426614482,0.6919685532220975
8,biMaxInfgain,standard,gaussian_noise,noImbl,BalancedRandomForest,last,0.3,0.2,5012,2026-05-30 19:36:27,20260530-182225,log/stroke_prediction_v4/8/biMaxInfgain/gaussian_noise__noImbl__standard/BalancedRandomForest,1780136562317_d342c02e17801409879086723,0.726027397260274,0.5612292633775955,0.780082304526749,0.532051282051282,0.9468736274380768,0.726027397260274,0.8038536805660094,0.726027397260274,0.726027397260274,0.726027397260274,0.7196152228309453
8,biMaxInfgain,standard,gaussian_noise,noImbl,BalancedRandomForest,last,0.35,0.1,5012,2026-05-30 19:35:43,20260530-182225,log/stroke_prediction_v4/8/biMaxInfgain/gaussian_noise__noImbl__standard/BalancedRandomForest,1780136562317_d342c02e17801409430091213,0.7455968688845401,0.5543703277745831,0.7334567901234568,0.5324991555005066,0.9393285611880772,0.7455968688845401,0.8172471145440992,0.7455968688845401,0.7455968688845401,0.7455968688845401,0.7234162559691184
8,biMaxInfgain,standard,gaussian_noise,noImbl,BalancedRandomForest,last,0.35,0.2,5012,2026-05-30 19:36:35,20260530-182225,log/stroke_prediction_v4/8/biMaxInfgain/gaussian_noise__noImbl__standard/BalancedRandomForest,1780136562317_d342c02e17801409954016310,0.764187866927593,0.5651865894538328,0.7716872427983539,0.5524019808277679,0.944275799848062,0.764187866927593,0.8301638399800277,0.764187866927593,0.764187866927593,0.764187866927593,0.7411749831022312
8,biMaxInfgain,standard,gaussian_noise,noImbl,BalancedRandomForest,last,0.5,0.1,5012,2026-05-30 19:35:50,20260530-182225,log/stroke_prediction_v4/8/biMaxInfgain/gaussian_noise__noImbl__standard/BalancedRandomForest,1780136562317_d342c02e17801409505800486,0.8297455968688845,0.54349309227358,0.625925925925926,0.5459169603186762,0.9237882064477454,0.8297455968688845,0.8697907262831466,0.8297455968688845,0.8297455968688845,0.8297455968688845,0.7535751142025522
8,biMaxInfgain,standard,gaussian_noise,noImbl,BalancedRandomForest,last,0.5,0.2,5012,2026-05-30 19:36:42,20260530-182225,log/stroke_prediction_v4/8/biMaxInfgain/gaussian_noise__noImbl__standard/BalancedRandomForest,1780136562317_d342c02e17801410028718487,0.824853228962818,0.5600636980011332,0.6897530864197531,0.5664596184973565,0.9322221546271596,0.824853228962818,0.8684100733125094,0.824853228962818,0.824853228962818,0.824853228962818,0.7633756392614116
8,biMaxInfgain,standard,gaussian_noise,noImbl,EasyEnsemble,first,0.1,0.1,5012,2026-05-30 19:33:21,20260530-182225,log/stroke_prediction_v4/8/biMaxInfgain/standard__gaussian_noise__noImbl/EasyEnsemble,1780136562317_d342c02e17801408010855385,0.0489236790606653,0.0244618395303326,0.5,0.0466417910447761,0.0023935263728309,0.0489236790606653,0.0045637760317784,0.0489236790606653,0.0489236790606653,0.0489236790606653,0.0799358432760656
8,biMaxInfgain,standard,gaussian_noise,noImbl,EasyEnsemble,first,0.1,0.2,5012,2026-05-30 19:34:13,20260530-182225,log/stroke_prediction_v4/8/biMaxInfgain/standard__gaussian_noise__noImbl/EasyEnsemble,1780136562317_d342c02e17801408538094944,0.0489236790606653,0.0244618395303326,0.5,0.0466417910447761,0.0023935263728309,0.0489236790606653,0.0045637760317784,0.0489236790606653,0.0489236790606653,0.0489236790606653,0.0799358432760656
8,biMaxInfgain,standard,gaussian_noise,noImbl,EasyEnsemble,first,0.15,0.1,5012,2026-05-30 19:33:28,20260530-182225,log/stroke_prediction_v4/8/biMaxInfgain/standard__gaussian_noise__noImbl/EasyEnsemble,1780136562317_d342c02e17801408087032350,0.0489236790606653,0.0244618395303326,0.5,0.0466417910447761,0.0023935263728309,0.0489236790606653,0.0045637760317784,0.0489236790606653,0.0489236790606653,0.0489236790606653,0.0799358432760656
8,biMaxInfgain,standard,gaussian_noise,noImbl,EasyEnsemble,first,0.15,0.2,5012,2026-05-30 19:34:21,20260530-182225,log/stroke_prediction_v4/8/biMaxInfgain/standard__gaussian_noise__noImbl/EasyEnsemble,1780136562317_d342c02e17801408612726908,0.0489236790606653,0.0244618395303326,0.5,0.0466417910447761,0.0023935263728309,0.0489236790606653,0.0045637760317784,0.0489236790606653,0.0489236790606653,0.0489236790606653,0.0799358432760656
8,biMaxInfgain,standard,gaussian_noise,noImbl,EasyEnsemble,first,0.2,0.1,5012,2026-05-30 19:33:36,20260530-182225,log/stroke_prediction_v4/8/biMaxInfgain/standard__gaussian_noise__noImbl/EasyEnsemble,1780136562317_d342c02e17801408162107481,0.0489236790606653,0.0244618395303326,0.5,0.0466417910447761,0.0023935263728309,0.0489236790606653,0.0045637760317784,0.0489236790606653,0.0489236790606653,0.0489236790606653,0.0799358432760656
8,biMaxInfgain,standard,gaussian_noise,noImbl,EasyEnsemble,first,0.2,0.2,5012,2026-05-30 19:34:28,20260530-182225,log/stroke_prediction_v4/8/biMaxInfgain/standard__gaussian_noise__noImbl/EasyEnsemble,1780136562317_d342c02e17801408686639246,0.0489236790606653,0.0244618395303326,0.5,0.0466417910447761,0.0023935263728309,0.0489236790606653,0.0045637760317784,0.0489236790606653,0.0489236790606653,0.0489236790606653,0.0799358432760656
8,biMaxInfgain,standard,gaussian_noise,noImbl,EasyEnsemble,first,0.25,0.1,5012,2026-05-30 19:33:43,20260530-182225,log/stroke_prediction_v4/8/biMaxInfgain/standard__gaussian_noise__noImbl/EasyEnsemble,1780136562317_d342c02e17801408237125347,0.0489236790606653,0.0244618395303326,0.5,0.0466417910447761,0.0023935263728309,0.0489236790606653,0.0045637760317784,0.0489236790606653,0.0489236790606653,0.0489236790606653,0.0799358432760656
8,biMaxInfgain,standard,gaussian_noise,noImbl,EasyEnsemble,first,0.25,0.2,5012,2026-05-30 19:34:36,20260530-182225,log/stroke_prediction_v4/8/biMaxInfgain/standard__gaussian_noise__noImbl/EasyEnsemble,1780136562317_d342c02e17801408761680984,0.0489236790606653,0.0244618395303326,0.5,0.0466417910447761,0.0023935263728309,0.0489236790606653,0.0045637760317784,0.0489236790606653,0.0489236790606653,0.0489236790606653,0.0799358432760656
8,biMaxInfgain,standard,gaussian_noise,noImbl,EasyEnsemble,first,0.3,0.1,5012,2026-05-30 19:33:51,20260530-182225,log/stroke_prediction_v4/8/biMaxInfgain/standard__gaussian_noise__noImbl/EasyEnsemble,1780136562317_d342c02e17801408313424924,0.0528375733855185,0.5245579567779961,0.5020576131687242,0.0509148400564867,0.9534792521309194,0.0528375733855185,0.012376576374588,0.0528375733855185,0.0528375733855185,0.0528375733855185,0.2286382240266325
8,biMaxInfgain,standard,gaussian_noise,noImbl,EasyEnsemble,first,0.3,0.2,5012,2026-05-30 19:34:43,20260530-182225,log/stroke_prediction_v4/8/biMaxInfgain/standard__gaussian_noise__noImbl/EasyEnsemble,1780136562317_d342c02e17801408837112724,0.0567514677103718,0.52465483234714,0.5041152263374485,0.0551557465091299,0.9534887311494268,0.0567514677103717,0.0201258668056778,0.0567514677103718,0.0567514677103718,0.0567514677103718,0.2322187080647713
8,biMaxInfgain,standard,gaussian_noise,noImbl,EasyEnsemble,first,0.35,0.1,5012,2026-05-30 19:33:58,20260530-182225,log/stroke_prediction_v4/8/biMaxInfgain/standard__gaussian_noise__noImbl/EasyEnsemble,1780136562317_d342c02e17801408388042249,0.3542074363992172,0.5265135327635327,0.622551440329218,0.3057522561096106,0.9423936920512264,0.3542074363992171,0.4712177236170818,0.3542074363992172,0.3542074363992172,0.3542074363992172,0.4673743380330883
8,biMaxInfgain,standard,gaussian_noise,noImbl,EasyEnsemble,first,0.35,0.2,5012,2026-05-30 19:34:51,20260530-182225,log/stroke_prediction_v4/8/biMaxInfgain/standard__gaussian_noise__noImbl/EasyEnsemble,1780136562317_d342c02e17801408912027879,0.3414872798434442,0.5256531741873762,0.6158641975308642,0.2970345500723093,0.9418319844449872,0.3414872798434442,0.4565108802240072,0.3414872798434442,0.3414872798434442,0.3414872798434442,0.4579616620981479
8,biMaxInfgain,standard,gaussian_noise,noImbl,EasyEnsemble,first,0.5,0.1,5012,2026-05-30 19:34:06,20260530-182225,log/stroke_prediction_v4/8/biMaxInfgain/standard__gaussian_noise__noImbl/EasyEnsemble,1780136562317_d342c02e17801408462127024,0.6712328767123288,0.5397371609342397,0.6943621399176955,0.4855458075650798,0.935943206513972,0.6712328767123288,0.7643788332226753,0.6712328767123288,0.6712328767123288,0.6712328767123288,0.6729860975396854
8,biMaxInfgain,standard,gaussian_noise,noImbl,EasyEnsemble,first,0.5,0.2,5012,2026-05-30 19:34:58,20260530-182225,log/stroke_prediction_v4/8/biMaxInfgain/standard__gaussian_noise__noImbl/EasyEnsemble,1780136562317_d342c02e17801408987867081,0.6908023483365949,0.5576558746912954,0.7805349794238683,0.5125694276744748,0.9486146285160284,0.6908023483365949,0.7784767947464405,0.6908023483365949,0.6908023483365949,0.6908023483365949,0.6986584209608941
8,biMaxInfgain,standard,gaussian_noise,noImbl,EasyEnsemble,last,0.1,0.1,5012,2026-05-30 19:35:06,20260530-182225,log/stroke_prediction_v4/8/biMaxInfgain/gaussian_noise__noImbl__standard/EasyEnsemble,1780136562317_d342c02e17801409063903257,0.0489236790606653,0.0244618395303326,0.5,0.0466417910447761,0.0023935263728309,0.0489236790606653,0.0045637760317784,0.0489236790606653,0.0489236790606653,0.0489236790606653,0.0799358432760656
8,biMaxInfgain,standard,gaussian_noise,noImbl,EasyEnsemble,last,0.1,0.2,5012,2026-05-30 19:35:59,20260530-182225,log/stroke_prediction_v4/8/biMaxInfgain/gaussian_noise__noImbl__standard/EasyEnsemble,1780136562317_d342c02e17801409592697335,0.0489236790606653,0.0244618395303326,0.5,0.0466417910447761,0.0023935263728309,0.0489236790606653,0.0045637760317784,0.0489236790606653,0.0489236790606653,0.0489236790606653,0.0799358432760656
8,biMaxInfgain,standard,gaussian_noise,noImbl,EasyEnsemble,last,0.15,0.1,5012,2026-05-30 19:35:14,20260530-182225,log/stroke_prediction_v4/8/biMaxInfgain/gaussian_noise__noImbl__standard/EasyEnsemble,1780136562317_d342c02e17801409140561826,0.0489236790606653,0.0244618395303326,0.5,0.0466417910447761,0.0023935263728309,0.0489236790606653,0.0045637760317784,0.0489236790606653,0.0489236790606653,0.0489236790606653,0.0799358432760656
8,biMaxInfgain,standard,gaussian_noise,noImbl,EasyEnsemble,last,0.15,0.2,5012,2026-05-30 19:36:06,20260530-182225,log/stroke_prediction_v4/8/biMaxInfgain/gaussian_noise__noImbl__standard/EasyEnsemble,1780136562317_d342c02e17801409667014589,0.0489236790606653,0.0244618395303326,0.5,0.0466417910447761,0.0023935263728309,0.0489236790606653,0.0045637760317784,0.0489236790606653,0.0489236790606653,0.0489236790606653,0.0799358432760656
8,biMaxInfgain,standard,gaussian_noise,noImbl,EasyEnsemble,last,0.2,0.1,5012,2026-05-30 19:35:21,20260530-182225,log/stroke_prediction_v4/8/biMaxInfgain/gaussian_noise__noImbl__standard/EasyEnsemble,1780136562317_d342c02e17801409215587803,0.0489236790606653,0.0244618395303326,0.5,0.0466417910447761,0.0023935263728309,0.0489236790606653,0.0045637760317784,0.0489236790606653,0.0489236790606653,0.0489236790606653,0.0799358432760656
8,biMaxInfgain,standard,gaussian_noise,noImbl,EasyEnsemble,last,0.2,0.2,5012,2026-05-30 19:36:14,20260530-182225,log/stroke_prediction_v4/8/biMaxInfgain/gaussian_noise__noImbl__standard/EasyEnsemble,1780136562317_d342c02e17801409741351085,0.0489236790606653,0.0244618395303326,0.5,0.0466417910447761,0.0023935263728309,0.0489236790606653,0.0045637760317784,0.0489236790606653,0.0489236790606653,0.0489236790606653,0.0799358432760656
8,biMaxInfgain,standard,gaussian_noise,noImbl,EasyEnsemble,last,0.25,0.1,5012,2026-05-30 19:35:29,20260530-182225,log/stroke_prediction_v4/8/biMaxInfgain/gaussian_noise__noImbl__standard/EasyEnsemble,1780136562317_d342c02e17801409290981525,0.0489236790606653,0.0244618395303326,0.5,0.0466417910447761,0.0023935263728309,0.0489236790606653,0.0045637760317784,0.0489236790606653,0.0489236790606653,0.0489236790606653,0.0799358432760656
8,biMaxInfgain,standard,gaussian_noise,noImbl,EasyEnsemble,last,0.25,0.2,5012,2026-05-30 19:36:21,20260530-182225,log/stroke_prediction_v4/8/biMaxInfgain/gaussian_noise__noImbl__standard/EasyEnsemble,1780136562317_d342c02e17801409816195903,0.0489236790606653,0.0244618395303326,0.5,0.0466417910447761,0.0023935263728309,0.0489236790606653,0.0045637760317784,0.0489236790606653,0.0489236790606653,0.0489236790606653,0.0799358432760656
8,biMaxInfgain,standard,gaussian_noise,noImbl,EasyEnsemble,last,0.3,0.1,5012,2026-05-30 19:35:36,20260530-182225,log/stroke_prediction_v4/8/biMaxInfgain/gaussian_noise__noImbl__standard/EasyEnsemble,1780136562317_d342c02e17801409366764748,0.1526418786692759,0.5272925764192139,0.5545267489711934,0.150090075555914,0.9537468274382792,0.1526418786692759,0.1921036911009075,0.1526418786692759,0.1526418786692759,0.1526418786692759,0.3159424317491022
8,biMaxInfgain,standard,gaussian_noise,noImbl,EasyEnsemble,last,0.3,0.2,5012,2026-05-30 19:36:29,20260530-182225,log/stroke_prediction_v4/8/biMaxInfgain/gaussian_noise__noImbl__standard/EasyEnsemble,1780136562317_d342c02e17801409891306689,0.1771037181996086,0.5196500897741033,0.5484156378600823,0.1713718560166746,0.9396338059864492,0.1771037181996086,0.2335457022833223,0.1771037181996086,0.1771037181996086,0.1771037181996086,0.3323490743869064
8,biMaxInfgain,standard,gaussian_noise,noImbl,EasyEnsemble,last,0.35,0.1,5012,2026-05-30 19:35:44,20260530-182225,log/stroke_prediction_v4/8/biMaxInfgain/gaussian_noise__noImbl__standard/EasyEnsemble,1780136562317_d342c02e17801409443062373,0.2720156555772994,0.5207875102428084,0.5793415637860082,0.2470769035774264,0.9378196011548072,0.2720156555772993,0.3706980290821732,0.2720156555772994,0.2720156555772994,0.2720156555772994,0.4052673696482219
8,biMaxInfgain,standard,gaussian_noise,noImbl,EasyEnsemble,last,0.35,0.2,5012,2026-05-30 19:36:36,20260530-182225,log/stroke_prediction_v4/8/biMaxInfgain/gaussian_noise__noImbl__standard/EasyEnsemble,1780136562317_d342c02e17801409966759634,0.3365949119373776,0.525321927888153,0.6132921810699589,0.2936492079349221,0.941604963071442,0.3365949119373776,0.4507759503566045,0.3365949119373776,0.3365949119373776,0.3365949119373776,0.4543236457216354
8,biMaxInfgain,standard,gaussian_noise,noImbl,EasyEnsemble,last,0.5,0.1,5012,2026-05-30 19:35:51,20260530-182225,log/stroke_prediction_v4/8/biMaxInfgain/gaussian_noise__noImbl__standard/EasyEnsemble,1780136562317_d342c02e17801409518154555,0.6966731898238747,0.540301890771069,0.6887654320987655,0.4969098750611355,0.9342208463084648,0.6966731898238747,0.7829064219730074,0.6966731898238747,0.6966731898238747,0.6966731898238747,0.6869705374025011
8,biMaxInfgain,standard,gaussian_noise,noImbl,EasyEnsemble,last,0.5,0.2,5012,2026-05-30 19:36:44,20260530-182225,log/stroke_prediction_v4/8/biMaxInfgain/gaussian_noise__noImbl__standard/EasyEnsemble,1780136562317_d342c02e17801410040770527,0.6614481409001957,0.5525894723092999,0.7651028806584362,0.4939290723301943,0.9477378677455436,0.6614481409001957,0.7566035301899584,0.6614481409001957,0.6614481409001957,0.6614481409001957,0.678702168809429
8,biMaxInfgain,standard,gaussian_noise,noImbl,XGBClassifier_SPW24,first,0.1,0.1,5012,2026-05-30 19:33:18,20260530-182225,log/stroke_prediction_v4/8/biMaxInfgain/standard__gaussian_noise__noImbl/XGBClassifier_SPW24,1780136562317_d342c02e17801407989704778,0.8258317025440313,0.5419594067135051,0.6238683127572017,0.5430027030557593,0.923490393237915,0.8258317025440313,0.8673414313246481,0.8258317025440313,0.8258317025440313,0.8258317025440313,0.7508161124455356
8,biMaxInfgain,standard,gaussian_noise,noImbl,XGBClassifier_SPW24,first,0.1,0.2,5012,2026-05-30 19:34:11,20260530-182225,log/stroke_prediction_v4/8/biMaxInfgain/standard__gaussian_noise__noImbl/XGBClassifier_SPW24,1780136562317_d342c02e17801408516403676,0.8170254403131115,0.538745695851302,0.619238683127572,0.5366472788810525,0.922838397039608,0.8170254403131115,0.8618154107557172,0.8170254403131115,0.8170254403131115,0.8170254403131115,0.7446618571726081
8,biMaxInfgain,standard,gaussian_noise,noImbl,XGBClassifier_SPW24,first,0.15,0.1,5012,2026-05-30 19:33:26,20260530-182225,log/stroke_prediction_v4/8/biMaxInfgain/standard__gaussian_noise__noImbl/XGBClassifier_SPW24,1780136562317_d342c02e17801408065180511,0.8414872798434442,0.5599187935034802,0.6700411522633745,0.5701199563794983,0.9297281160183616,0.8414872798434442,0.8782488630713187,0.8414872798434442,0.8414872798434442,0.8414872798434442,0.7698190410335217
8,biMaxInfgain,standard,gaussian_noise,noImbl,XGBClassifier_SPW24,first,0.15,0.2,5012,2026-05-30 19:34:19,20260530-182225,log/stroke_prediction_v4/8/biMaxInfgain/standard__gaussian_noise__noImbl/XGBClassifier_SPW24,1780136562317_d342c02e17801408591526625,0.8454011741682974,0.5562764670296431,0.6531275720164609,0.5660227260511067,0.9275480268929288,0.8454011741682974,0.8801531274706798,0.8454011741682974,0.8454011741682974,0.8454011741682974,0.76878205428949
8,biMaxInfgain,standard,gaussian_noise,noImbl,XGBClassifier_SPW24,first,0.2,0.1,5012,2026-05-30 19:33:34,20260530-182225,log/stroke_prediction_v4/8/biMaxInfgain/standard__gaussian_noise__noImbl/XGBClassifier_SPW24,1780136562317_d342c02e17801408140792605,0.8454011741682974,0.5378684807256234,0.5962139917695474,0.541599954579004,0.920004792523663,0.8454011741682974,0.8782642868642545,0.8454011741682974,0.8454011741682974,0.8454011741682974,0.7565488323856909
8,biMaxInfgain,standard,gaussian_noise,noImbl,XGBClassifier_SPW24,first,0.2,0.2,5012,2026-05-30 19:34:26,20260530-182225,log/stroke_prediction_v4/8/biMaxInfgain/standard__gaussian_noise__noImbl/XGBClassifier_SPW24,1780136562317_d342c02e17801408665357785,0.8590998043052838,0.5409961204109491,0.5939300411522633,0.5477042227549327,0.9199258317166036,0.8590998043052838,0.8862734753368003,0.8590998043052838,0.8590998043052838,0.8590998043052838,0.7642217757638549
8,biMaxInfgain,standard,gaussian_noise,noImbl,XGBClassifier_SPW24,first,0.25,0.1,5012,2026-05-30 19:33:41,20260530-182225,log/stroke_prediction_v4/8/biMaxInfgain/standard__gaussian_noise__noImbl/XGBClassifier_SPW24,1780136562317_d342c02e17801408215068385,0.87279843444227,0.5667036215816703,0.648559670781893,0.5829618934019712,0.927598017307339,0.87279843444227,0.8966112957953463,0.87279843444227,0.87279843444227,0.87279843444227,0.7853414831235956
8,biMaxInfgain,standard,gaussian_noise,noImbl,XGBClassifier_SPW24,first,0.25,0.2,5012,2026-05-30 19:34:34,20260530-182225,log/stroke_prediction_v4/8/biMaxInfgain/standard__gaussian_noise__noImbl/XGBClassifier_SPW24,1780136562317_d342c02e17801408741024058,0.8698630136986302,0.550822108240257,0.6090740740740741,0.5615785314561259,0.9222308390895247,0.8698630136986302,0.8932451506248412,0.8698630136986302,0.8698630136986302,0.8698630136986303,0.7743814599319826
8,biMaxInfgain,standard,gaussian_noise,noImbl,XGBClassifier_SPW24,first,0.3,0.1,5012,2026-05-30 19:33:49,20260530-182225,log/stroke_prediction_v4/8/biMaxInfgain/standard__gaussian_noise__noImbl/XGBClassifier_SPW24,1780136562317_d342c02e17801408291127123,0.87279843444227,0.5527472527472528,0.6106172839506173,0.5642277062751734,0.9225306982645536,0.87279843444227,0.8950442311240838,0.87279843444227,0.87279843444227,0.87279843444227,0.7765996878830388
8,biMaxInfgain,standard,gaussian_noise,noImbl,XGBClassifier_SPW24,first,0.3,0.2,5012,2026-05-30 19:34:41,20260530-182225,log/stroke_prediction_v4/8/biMaxInfgain/standard__gaussian_noise__noImbl/XGBClassifier_SPW24,1780136562317_d342c02e17801408815468561,0.8884540117416829,0.5609294754218636,0.6093621399176955,0.5741666666666666,0.9230129556219518,0.8884540117416829,0.9042041748206132,0.8884540117416829,0.8884540117416829,0.8884540117416829,0.7864676880159159
8,biMaxInfgain,standard,gaussian_noise,noImbl,XGBClassifier_SPW24,first,0.35,0.1,5012,2026-05-30 19:33:56,20260530-182225,log/stroke_prediction_v4/8/biMaxInfgain/standard__gaussian_noise__noImbl/XGBClassifier_SPW24,1780136562317_d342c02e17801408366934299,0.8747553816046967,0.5097281831187411,0.5167901234567901,0.5092436974789917,0.9094373007007496,0.8747553816046967,0.8913318752158399,0.8747553816046967,0.8747553816046967,0.8747553816046967,0.7535840492737313
8,biMaxInfgain,standard,gaussian_noise,noImbl,XGBClassifier_SPW24,first,0.35,0.2,5012,2026-05-30 19:34:49,20260530-182225,log/stroke_prediction_v4/8/biMaxInfgain/standard__gaussian_noise__noImbl/XGBClassifier_SPW24,1780136562317_d342c02e17801408890901207,0.9001956947162426,0.5537547040711597,0.5775925925925927,0.5621471774193548,0.9192222022116248,0.9001956947162426,0.909230398964712,0.9001956947162426,0.9001956947162426,0.9001956947162426,0.7858418642316446
8,biMaxInfgain,standard,gaussian_noise,noImbl,XGBClassifier_SPW24,first,0.5,0.1,5012,2026-05-30 19:34:04,20260530-182225,log/stroke_prediction_v4/8/biMaxInfgain/standard__gaussian_noise__noImbl/XGBClassifier_SPW24,1780136562317_d342c02e17801408441144839,0.9021526418786692,0.5386395334094078,0.550164609053498,0.5430319072828731,0.9152227761157662,0.9021526418786694,0.9084947299068512,0.9021526418786692,0.9021526418786692,0.9021526418786692,0.7789927441877933
8,biMaxInfgain,standard,gaussian_noise,noImbl,XGBClassifier_SPW24,first,0.5,0.2,5012,2026-05-30 19:34:56,20260530-182225,log/stroke_prediction_v4/8/biMaxInfgain/standard__gaussian_noise__noImbl/XGBClassifier_SPW24,1780136562317_d342c02e17801408966570467,0.9119373776908024,0.5563206467305766,0.5647942386831276,0.5600895316804407,0.918217584860078,0.9119373776908024,0.9150170087280922,0.9119373776908024,0.9119373776908024,0.9119373776908022,0.7899741791649788
8,biMaxInfgain,standard,gaussian_noise,noImbl,XGBClassifier_SPW24,last,0.1,0.1,5012,2026-05-30 19:35:04,20260530-182225,log/stroke_prediction_v4/8/biMaxInfgain/gaussian_noise__noImbl__standard/XGBClassifier_SPW24,1780136562317_d342c02e17801409042665755,0.7964774951076321,0.5518066993615249,0.684320987654321,0.5476336397684712,0.931581907573496,0.7964774951076321,0.8503170627535719,0.7964774951076321,0.7964774951076321,0.796477495107632,0.7450545628802934
8,biMaxInfgain,standard,gaussian_noise,noImbl,XGBClassifier_SPW24,last,0.1,0.2,5012,2026-05-30 19:35:57,20260530-182225,log/stroke_prediction_v4/8/biMaxInfgain/gaussian_noise__noImbl__standard/XGBClassifier_SPW24,1780136562317_d342c02e17801409571492431,0.8277886497064579,0.5588156983864955,0.6818106995884774,0.5655769379395625,0.9311776520156324,0.8277886497064579,0.8700595553817259,0.8277886497064579,0.8277886497064579,0.8277886497064578,0.7636413388798369
8,biMaxInfgain,standard,gaussian_noise,noImbl,XGBClassifier_SPW24,last,0.15,0.1,5012,2026-05-30 19:35:11,20260530-182225,log/stroke_prediction_v4/8/biMaxInfgain/gaussian_noise__noImbl__standard/XGBClassifier_SPW24,1780136562317_d342c02e17801409118373754,0.8082191780821918,0.5358208571281576,0.6146090534979424,0.5305422228888556,0.9222073985429567,0.8082191780821918,0.8562650634591559,0.8082191780821918,0.8082191780821918,0.8082191780821918,0.7385724951019841
8,biMaxInfgain,standard,gaussian_noise,noImbl,XGBClassifier_SPW24,last,0.15,0.2,5012,2026-05-30 19:36:04,20260530-182225,log/stroke_prediction_v4/8/biMaxInfgain/gaussian_noise__noImbl__standard/XGBClassifier_SPW24,1780136562317_d342c02e17801409646336861,0.8277886497064579,0.5398615612030245,0.6154115226337449,0.5406976150349829,0.9223814107709865,0.8277886497064579,0.8682940679645622,0.8277886497064579,0.8277886497064579,0.8277886497064578,0.7502296617932904
8,biMaxInfgain,standard,gaussian_noise,noImbl,XGBClassifier_SPW24,last,0.2,0.1,5012,2026-05-30 19:35:19,20260530-182225,log/stroke_prediction_v4/8/biMaxInfgain/gaussian_noise__noImbl__standard/XGBClassifier_SPW24,1780136562317_d342c02e17801409194615625,0.8336594911937377,0.5200265755504936,0.5520987654320988,0.5159097241571469,0.9139905377072662,0.8336594911937377,0.8697325323790512,0.8336594911937377,0.8336594911937377,0.8336594911937377,0.7399217228269105
8,biMaxInfgain,standard,gaussian_noise,noImbl,XGBClassifier_SPW24,last,0.2,0.2,5012,2026-05-30 19:36:12,20260530-182225,log/stroke_prediction_v4/8/biMaxInfgain/gaussian_noise__noImbl__standard/XGBClassifier_SPW24,1780136562317_d342c02e17801409720532959,0.8659491193737769,0.5587201783723522,0.6354732510288066,0.5719208132691279,0.9256438617963334,0.8659491193737769,0.8919846836687576,0.8659491193737769,0.8659491193737769,0.8659491193737769,0.7779492014099426
8,biMaxInfgain,standard,gaussian_noise,noImbl,XGBClassifier_SPW24,last,0.25,0.1,5012,2026-05-30 19:35:26,20260530-182225,log/stroke_prediction_v4/8/biMaxInfgain/gaussian_noise__noImbl__standard/XGBClassifier_SPW24,1780136562317_d342c02e17801409269764889,0.8747553816046967,0.5293753865182437,0.5547325102880658,0.5338122933059641,0.9148963979827832,0.8747553816046967,0.8934799448064578,0.8747553816046967,0.8747553816046967,0.8747553816046967,0.7638964178376512
8,biMaxInfgain,standard,gaussian_noise,noImbl,XGBClassifier_SPW24,last,0.25,0.2,5012,2026-05-30 19:36:19,20260530-182225,log/stroke_prediction_v4/8/biMaxInfgain/gaussian_noise__noImbl__standard/XGBClassifier_SPW24,1780136562317_d342c02e17801409795147505,0.8835616438356164,0.5567976624314652,0.6067901234567901,0.5692727240530537,0.9224243503618385,0.8835616438356164,0.9012021444877876,0.8835616438356164,0.8835616438356164,0.8835616438356163,0.782597101440382
8,biMaxInfgain,standard,gaussian_noise,noImbl,XGBClassifier_SPW24,last,0.3,0.1,5012,2026-05-30 19:35:34,20260530-182225,log/stroke_prediction_v4/8/biMaxInfgain/gaussian_noise__noImbl__standard/XGBClassifier_SPW24,1780136562317_d342c02e17801409345095013,0.8610567514677103,0.4950542299349241,0.4906172839506172,0.4891798662442801,0.9055826056687792,0.8610567514677103,0.8823799673635492,0.8610567514677103,0.8610567514677103,0.8610567514677103,0.7392820875836905
8,biMaxInfgain,standard,gaussian_noise,noImbl,XGBClassifier_SPW24,last,0.3,0.2,5012,2026-05-30 19:36:27,20260530-182225,log/stroke_prediction_v4/8/biMaxInfgain/gaussian_noise__noImbl__standard/XGBClassifier_SPW24,1780136562317_d342c02e17801409870711797,0.8698630136986302,0.5544175284506776,0.618559670781893,0.5663675313198855,0.9235047586519622,0.8698630136986302,0.8936457006218768,0.8698630136986302,0.8698630136986302,0.8698630136986303,0.7765953860591696
8,biMaxInfgain,standard,gaussian_noise,noImbl,XGBClassifier_SPW24,last,0.35,0.1,5012,2026-05-30 19:35:42,20260530-182225,log/stroke_prediction_v4/8/biMaxInfgain/gaussian_noise__noImbl__standard/XGBClassifier_SPW24,1780136562317_d342c02e17801409421169094,0.9021526418786692,0.5706757931334202,0.6070781893004116,0.5832789665970772,0.9235876344072304,0.9021526418786692,0.9121397368539316,0.9021526418786692,0.9021526418786692,0.9021526418786692,0.7953080239532251
8,biMaxInfgain,standard,gaussian_noise,noImbl,XGBClassifier_SPW24,last,0.35,0.2,5012,2026-05-30 19:36:34,20260530-182225,log/stroke_prediction_v4/8/biMaxInfgain/gaussian_noise__noImbl__standard/XGBClassifier_SPW24,1780136562317_d342c02e17801409945150432,0.8933463796477495,0.5420822314992549,0.5645061728395062,0.5490598498188515,0.9169266118151252,0.8933463796477495,0.904527017234578,0.8933463796477495,0.8933463796477495,0.8933463796477495,0.7777280835325028
8,biMaxInfgain,standard,gaussian_noise,noImbl,XGBClassifier_SPW24,last,0.5,0.1,5012,2026-05-30 19:35:49,20260530-182225,log/stroke_prediction_v4/8/biMaxInfgain/gaussian_noise__noImbl__standard/XGBClassifier_SPW24,1780136562317_d342c02e17801409496879936,0.9001956947162426,0.5483918128654971,0.5681069958847736,0.555432353593422,0.917825957588034,0.9001956947162425,0.9086232430548004,0.9001956947162426,0.9001956947162426,0.9001956947162426,0.7831190940175606
8,biMaxInfgain,standard,gaussian_noise,noImbl,XGBClassifier_SPW24,last,0.5,0.2,5012,2026-05-30 19:36:42,20260530-182225,log/stroke_prediction_v4/8/biMaxInfgain/gaussian_noise__noImbl__standard/XGBClassifier_SPW24,1780136562317_d342c02e17801410020741593,0.913894324853229,0.552379859198041,0.5563374485596708,0.5542426645519429,0.9170585652528368,0.913894324853229,0.9154614344841714,0.913894324853229,0.913894324853229,0.913894324853229,0.7885909320977633
8,biMaxInfgain,standard,mixup,noImbl,BalancedRandomForest,first,0.1,0.1,5012,2026-05-30 19:36:49,20260530-182225,log/stroke_prediction_v4/8/biMaxInfgain/standard__mixup__noImbl/BalancedRandomForest,1780136562317_d342c02e17801410094977632,0.3913894324853229,0.5331032849555127,0.6610699588477366,0.3323123978539347,0.9492184823361338,0.3913894324853228,0.5114868252557105,0.3913894324853229,0.3913894324853229,0.3913894324853229,0.4974648290745141
8,biMaxInfgain,standard,mixup,noImbl,BalancedRandomForest,first,0.1,0.2,5012,2026-05-30 19:37:33,20260530-182225,log/stroke_prediction_v4/8/biMaxInfgain/standard__mixup__noImbl/BalancedRandomForest,1780136562317_d342c02e17801410533816297,0.3943248532289628,0.5332891051157306,0.6626131687242798,0.3342510010681568,0.9492794955040416,0.3943248532289627,0.514668237850773,0.3943248532289628,0.3943248532289628,0.3943248532289627,0.4995860040638296
8,biMaxInfgain,standard,mixup,noImbl,BalancedRandomForest,first,0.15,0.1,5012,2026-05-30 19:36:55,20260530-182225,log/stroke_prediction_v4/8/biMaxInfgain/standard__mixup__noImbl/BalancedRandomForest,1780136562317_d342c02e17801410157538105,0.4520547945205479,0.5260077409610119,0.6360493827160494,0.3652173913043477,0.936758443479734,0.4520547945205478,0.5770271420062961,0.4520547945205479,0.4520547945205479,0.4520547945205479,0.5320401545204951
8,biMaxInfgain,standard,mixup,noImbl,BalancedRandomForest,first,0.15,0.2,5012,2026-05-30 19:37:39,20260530-182225,log/stroke_prediction_v4/8/biMaxInfgain/standard__mixup__noImbl/BalancedRandomForest,1780136562317_d342c02e17801410596840059,0.449119373776908,0.5332203658560755,0.6724485596707819,0.3675652207365395,0.945673103606035,0.4491193737769079,0.572450586140408,0.449119373776908,0.449119373776908,0.449119373776908,0.5357843234555945
8,biMaxInfgain,standard,mixup,noImbl,BalancedRandomForest,first,0.2,0.1,5012,2026-05-30 19:37:02,20260530-182225,log/stroke_prediction_v4/8/biMaxInfgain/standard__mixup__noImbl/BalancedRandomForest,1780136562317_d342c02e17801410220131902,0.5048923679060665,0.5270253669921995,0.6448559670781893,0.394734008436448,0.9351578701404912,0.5048923679060665,0.6276835667644026,0.5048923679060665,0.5048923679060665,0.5048923679060665,0.5660235038636421
8,biMaxInfgain,standard,mixup,noImbl,BalancedRandomForest,first,0.2,0.2,5012,2026-05-30 19:37:46,20260530-182225,log/stroke_prediction_v4/8/biMaxInfgain/standard__mixup__noImbl/BalancedRandomForest,1780136562317_d342c02e17801410660711158,0.5205479452054794,0.5373715293756711,0.7005144032921811,0.4102364801205954,0.9455648084524269,0.5205479452054794,0.6403432014062584,0.5205479452054794,0.5205479452054794,0.5205479452054794,0.5841512044232475
8,biMaxInfgain,standard,mixup,noImbl,BalancedRandomForest,first,0.25,0.1,5012,2026-05-30 19:37:08,20260530-182225,log/stroke_prediction_v4/8/biMaxInfgain/standard__mixup__noImbl/BalancedRandomForest,1780136562317_d342c02e17801410283421734,0.5655577299412916,0.5330700052357633,0.6767489711934156,0.430283246283648,0.937849494134372,0.5655577299412916,0.6807311859068355,0.5655577299412916,0.5655577299412916,0.5655577299412916,0.607642103861444
8,biMaxInfgain,standard,mixup,noImbl,BalancedRandomForest,first,0.25,0.2,5012,2026-05-30 19:37:52,20260530-182225,log/stroke_prediction_v4/8/biMaxInfgain/standard__mixup__noImbl/BalancedRandomForest,1780136562317_d342c02e17801410723594001,0.5743639921722113,0.5410471470326597,0.719320987654321,0.4411319915070466,0.9452330841203772,0.5743639921722113,0.6873041450406776,0.5743639921722113,0.5743639921722113,0.5743639921722113,0.6195711392317788
8,biMaxInfgain,standard,mixup,noImbl,BalancedRandomForest,first,0.3,0.1,5012,2026-05-30 19:37:14,20260530-182225,log/stroke_prediction_v4/8/biMaxInfgain/standard__mixup__noImbl/BalancedRandomForest,1780136562317_d342c02e17801410346569764,0.6046966731898239,0.5375795479482115,0.6973251028806584,0.4531574486119941,0.9394106484207218,0.6046966731898239,0.7128584989108029,0.6046966731898239,0.6046966731898239,0.6046966731898239,0.6342125913293082
8,biMaxInfgain,standard,mixup,noImbl,BalancedRandomForest,first,0.3,0.2,5012,2026-05-30 19:37:58,20260530-182225,log/stroke_prediction_v4/8/biMaxInfgain/standard__mixup__noImbl/BalancedRandomForest,1780136562317_d342c02e17801410785504284,0.6438356164383562,0.5498876584817846,0.7558436213991769,0.4830235247031618,0.9472271870871009,0.6438356164383562,0.7431441362467568,0.6438356164383562,0.6438356164383562,0.6438356164383562,0.6667552424146364
8,biMaxInfgain,standard,mixup,noImbl,BalancedRandomForest,first,0.35,0.1,5012,2026-05-30 19:37:20,20260530-182225,log/stroke_prediction_v4/8/biMaxInfgain/standard__mixup__noImbl/BalancedRandomForest,1780136562317_d342c02e17801410408546296,0.6360078277886497,0.5416867276520623,0.7137860082304527,0.4716614043669676,0.9406044080462532,0.6360078277886497,0.7374989524280042,0.6360078277886497,0.6360078277886497,0.6360078277886497,0.6553848990275822
8,biMaxInfgain,standard,mixup,noImbl,BalancedRandomForest,first,0.35,0.2,5012,2026-05-30 19:38:04,20260530-182225,log/stroke_prediction_v4/8/biMaxInfgain/standard__mixup__noImbl/BalancedRandomForest,1780136562317_d342c02e17801410849196446,0.6966731898238747,0.5551468066131576,0.7646502057613169,0.5126595908321797,0.945827421344538,0.6966731898238747,0.7828196836193498,0.6966731898238747,0.6966731898238747,0.6966731898238747,0.6995536104691805
8,biMaxInfgain,standard,mixup,noImbl,BalancedRandomForest,first,0.5,0.1,5012,2026-05-30 19:37:27,20260530-182225,log/stroke_prediction_v4/8/biMaxInfgain/standard__mixup__noImbl/BalancedRandomForest,1780136562317_d342c02e17801410471439374,0.7788649706457925,0.5551577152600171,0.7130041152263374,0.5459206542680769,0.9357076958240116,0.7788649706457925,0.8393286593230685,0.7788649706457925,0.7788649706457925,0.7788649706457925,0.739720337928025
8,biMaxInfgain,standard,mixup,noImbl,BalancedRandomForest,first,0.5,0.2,5012,2026-05-30 19:38:11,20260530-182225,log/stroke_prediction_v4/8/biMaxInfgain/standard__mixup__noImbl/BalancedRandomForest,1780136562317_d342c02e17801410912047476,0.7974559686888454,0.5633527335177941,0.7322633744855966,0.5624375624375624,0.9380804814825674,0.7974559686888454,0.8517392587842685,0.7974559686888454,0.7974559686888454,0.7974559686888455,0.7544785696074083
8,biMaxInfgain,standard,mixup,noImbl,BalancedRandomForest,last,0.1,0.1,5012,2026-05-30 19:38:17,20260530-182225,log/stroke_prediction_v4/8/biMaxInfgain/mixup__noImbl__standard/BalancedRandomForest,1780136562317_d342c02e17801410975210309,0.3894324853228962,0.5329799864314789,0.6600411522633745,0.3310171198388721,0.9491774581991306,0.3894324853228962,0.5093580700914228,0.3894324853228962,0.3894324853228962,0.3894324853228962,0.496049132308101
8,biMaxInfgain,standard,mixup,noImbl,BalancedRandomForest,last,0.1,0.2,5012,2026-05-30 19:39:01,20260530-182225,log/stroke_prediction_v4/8/biMaxInfgain/mixup__noImbl__standard/BalancedRandomForest,1780136562317_d342c02e17801411415477698,0.385518590998043,0.5327347453869504,0.6579835390946502,0.3284195546626486,0.949094543996069,0.385518590998043,0.5050816737943052,0.385518590998043,0.385518590998043,0.385518590998043,0.4932139035155272
8,biMaxInfgain,standard,mixup,noImbl,BalancedRandomForest,last,0.15,0.1,5012,2026-05-30 19:38:23,20260530-182225,log/stroke_prediction_v4/8/biMaxInfgain/mixup__noImbl__standard/BalancedRandomForest,1780136562317_d342c02e17801411039163613,0.4461839530332681,0.5292468075667797,0.6519341563786007,0.3636811651596154,0.940988484340423,0.446183953033268,0.5703865195604517,0.4461839530332681,0.4461839530332681,0.4461839530332681,0.5308006787498974
8,biMaxInfgain,standard,mixup,noImbl,BalancedRandomForest,last,0.15,0.2,5012,2026-05-30 19:39:07,20260530-182225,log/stroke_prediction_v4/8/biMaxInfgain/mixup__noImbl__standard/BalancedRandomForest,1780136562317_d342c02e17801411478497650,0.4598825831702544,0.5359084034407788,0.6875925925925925,0.3753305252527936,0.948236675731506,0.4598825831702544,0.5826629651461415,0.4598825831702544,0.4598825831702544,0.4598825831702544,0.5448258240044297
8,biMaxInfgain,standard,mixup,noImbl,BalancedRandomForest,last,0.2,0.1,5012,2026-05-30 19:38:30,20260530-182225,log/stroke_prediction_v4/8/biMaxInfgain/mixup__noImbl__standard/BalancedRandomForest,1780136562317_d342c02e17801411101960631,0.5048923679060665,0.5305901337021668,0.6638271604938272,0.3971836896463292,0.9390959968746588,0.5048923679060665,0.62706193352475,0.5048923679060665,0.5048923679060665,0.5048923679060665,0.5689451197451537
8,biMaxInfgain,standard,mixup,noImbl,BalancedRandomForest,last,0.2,0.2,5012,2026-05-30 19:39:14,20260530-182225,log/stroke_prediction_v4/8/biMaxInfgain/mixup__noImbl__standard/BalancedRandomForest,1780136562317_d342c02e17801411540458230,0.5293542074363993,0.538196160462185,0.7051440329218107,0.4155368732931232,0.9458101949509112,0.5293542074363993,0.6482188734707296,0.5293542074363993,0.5293542074363993,0.5293542074363993,0.5902200838226282
8,biMaxInfgain,standard,mixup,noImbl,BalancedRandomForest,last,0.25,0.1,5012,2026-05-30 19:38:36,20260530-182225,log/stroke_prediction_v4/8/biMaxInfgain/mixup__noImbl__standard/BalancedRandomForest,1780136562317_d342c02e17801411164757195,0.5655577299412916,0.5330700052357633,0.6767489711934156,0.430283246283648,0.937849494134372,0.5655577299412916,0.6807311859068355,0.5655577299412916,0.5655577299412916,0.5655577299412916,0.607642103861444
8,biMaxInfgain,standard,mixup,noImbl,BalancedRandomForest,last,0.25,0.2,5012,2026-05-30 19:39:20,20260530-182225,log/stroke_prediction_v4/8/biMaxInfgain/mixup__noImbl__standard/BalancedRandomForest,1780136562317_d342c02e17801411603882334,0.5743639921722113,0.5410471470326597,0.719320987654321,0.4411319915070466,0.9452330841203772,0.5743639921722113,0.6873041450406776,0.5743639921722113,0.5743639921722113,0.5743639921722113,0.6195711392317788
8,biMaxInfgain,standard,mixup,noImbl,BalancedRandomForest,last,0.3,0.1,5012,2026-05-30 19:38:42,20260530-182225,log/stroke_prediction_v4/8/biMaxInfgain/mixup__noImbl__standard/BalancedRandomForest,1780136562317_d342c02e17801411228191366,0.6262230919765166,0.5403469680089129,0.7086419753086419,0.4658468375282534,0.9402347775954312,0.6262230919765166,0.7298948850305723,0.6262230919765166,0.6262230919765166,0.6262230919765166,0.648772867265729
8,biMaxInfgain,standard,mixup,noImbl,BalancedRandomForest,last,0.3,0.2,5012,2026-05-30 19:39:26,20260530-182225,log/stroke_prediction_v4/8/biMaxInfgain/mixup__noImbl__standard/BalancedRandomForest,1780136562317_d342c02e17801411666498948,0.6223091976516634,0.5468700700448034,0.7445267489711934,0.4698970679136768,0.9466107347202336,0.6223091976516634,0.7263276949545959,0.6223091976516634,0.6223091976516634,0.6223091976516634,0.6521581488645292
8,biMaxInfgain,standard,mixup,noImbl,BalancedRandomForest,last,0.35,0.1,5012,2026-05-30 19:38:49,20260530-182225,log/stroke_prediction_v4/8/biMaxInfgain/mixup__noImbl__standard/BalancedRandomForest,1780136562317_d342c02e17801411290257935,0.6712328767123288,0.5433952787543948,0.7133333333333334,0.4892918332381496,0.938919659013506,0.6712328767123288,0.7642912464892859,0.6712328767123288,0.6712328767123288,0.6712328767123288,0.6760954397541701
8,biMaxInfgain,standard,mixup,noImbl,BalancedRandomForest,last,0.35,0.2,5012,2026-05-30 19:39:32,20260530-182225,log/stroke_prediction_v4/8/biMaxInfgain/mixup__noImbl__standard/BalancedRandomForest,1780136562317_d342c02e17801411729009403,0.6888454011741683,0.5536889416553595,0.7605349794238683,0.5076444816114313,0.9455576701973144,0.6888454011741683,0.777107784574082,0.6888454011741683,0.6888454011741683,0.6888454011741683,0.6942291595251483
8,biMaxInfgain,standard,mixup,noImbl,BalancedRandomForest,last,0.5,0.1,5012,2026-05-30 19:38:55,20260530-182225,log/stroke_prediction_v4/8/biMaxInfgain/mixup__noImbl__standard/BalancedRandomForest,1780136562317_d342c02e17801411352578557,0.8003913894324853,0.5622004655620978,0.7243209876543211,0.5619705526421944,0.936965024962264,0.8003913894324853,0.8535143344998181,0.8003913894324853,0.8003913894324853,0.8003913894324853,0.7548279366621641
8,biMaxInfgain,standard,mixup,noImbl,BalancedRandomForest,last,0.5,0.2,5012,2026-05-30 19:39:39,20260530-182225,log/stroke_prediction_v4/8/biMaxInfgain/mixup__noImbl__standard/BalancedRandomForest,1780136562317_d342c02e17801411792476090,0.7984344422700587,0.5658677944862155,0.7422633744855966,0.5658955008453956,0.9394330370937126,0.7984344422700587,0.8525277254356889,0.7984344422700587,0.7984344422700587,0.7984344422700587,0.7568936814567383
8,biMaxInfgain,standard,mixup,noImbl,EasyEnsemble,first,0.1,0.1,5012,2026-05-30 19:36:50,20260530-182225,log/stroke_prediction_v4/8/biMaxInfgain/standard__mixup__noImbl/EasyEnsemble,1780136562317_d342c02e17801410105467411,0.0489236790606653,0.0244618395303326,0.5,0.0466417910447761,0.0023935263728309,0.0489236790606653,0.0045637760317784,0.0489236790606653,0.0489236790606653,0.0489236790606653,0.0799358432760656
8,biMaxInfgain,standard,mixup,noImbl,EasyEnsemble,first,0.1,0.2,5012,2026-05-30 19:37:34,20260530-182225,log/stroke_prediction_v4/8/biMaxInfgain/standard__mixup__noImbl/EasyEnsemble,1780136562317_d342c02e17801410544243282,0.0489236790606653,0.0244618395303326,0.5,0.0466417910447761,0.0023935263728309,0.0489236790606653,0.0045637760317784,0.0489236790606653,0.0489236790606653,0.0489236790606653,0.0799358432760656
8,biMaxInfgain,standard,mixup,noImbl,EasyEnsemble,first,0.15,0.1,5012,2026-05-30 19:36:56,20260530-182225,log/stroke_prediction_v4/8/biMaxInfgain/standard__mixup__noImbl/EasyEnsemble,1780136562317_d342c02e17801410167785161,0.0489236790606653,0.0244618395303326,0.5,0.0466417910447761,0.0023935263728309,0.0489236790606653,0.0045637760317784,0.0489236790606653,0.0489236790606653,0.0489236790606653,0.0799358432760656
8,biMaxInfgain,standard,mixup,noImbl,EasyEnsemble,first,0.15,0.2,5012,2026-05-30 19:37:40,20260530-182225,log/stroke_prediction_v4/8/biMaxInfgain/standard__mixup__noImbl/EasyEnsemble,1780136562317_d342c02e17801410607046479,0.0489236790606653,0.0244618395303326,0.5,0.0466417910447761,0.0023935263728309,0.0489236790606653,0.0045637760317784,0.0489236790606653,0.0489236790606653,0.0489236790606653,0.0799358432760656
8,biMaxInfgain,standard,mixup,noImbl,EasyEnsemble,first,0.2,0.1,5012,2026-05-30 19:37:03,20260530-182225,log/stroke_prediction_v4/8/biMaxInfgain/standard__mixup__noImbl/EasyEnsemble,1780136562317_d342c02e17801410230194913,0.0567514677103718,0.52465483234714,0.5041152263374485,0.0551557465091299,0.9534887311494268,0.0567514677103717,0.0201258668056778,0.0567514677103718,0.0567514677103718,0.0567514677103718,0.2322187080647713
8,biMaxInfgain,standard,mixup,noImbl,EasyEnsemble,first,0.2,0.2,5012,2026-05-30 19:37:47,20260530-182225,log/stroke_prediction_v4/8/biMaxInfgain/standard__mixup__noImbl/EasyEnsemble,1780136562317_d342c02e17801410670925103,0.3590998043052837,0.5311215397673995,0.6440946502057613,0.3106278506719064,0.948500592651796,0.3590998043052837,0.4755398110039135,0.3590998043052837,0.3590998043052837,0.3590998043052837,0.473936749235982
8,biMaxInfgain,standard,mixup,noImbl,EasyEnsemble,first,0.25,0.1,5012,2026-05-30 19:37:09,20260530-182225,log/stroke_prediction_v4/8/biMaxInfgain/standard__mixup__noImbl/EasyEnsemble,1780136562317_d342c02e17801410293660044,0.2309197651663405,0.523582995951417,0.5767078189300412,0.2162117859191868,0.943887511191044,0.2309197651663405,0.3130743349611554,0.2309197651663405,0.2309197651663405,0.2309197651663405,0.3761786568058377
8,biMaxInfgain,standard,mixup,noImbl,EasyEnsemble,first,0.25,0.2,5012,2026-05-30 19:37:53,20260530-182225,log/stroke_prediction_v4/8/biMaxInfgain/standard__mixup__noImbl/EasyEnsemble,1780136562317_d342c02e17801410733846391,0.324853228962818,0.5291121921556704,0.6260905349794238,0.2868238692217137,0.9476161122974702,0.3248532289628179,0.4353961983797563,0.324853228962818,0.324853228962818,0.324853228962818,0.4485561856686041
8,biMaxInfgain,standard,mixup,noImbl,EasyEnsemble,first,0.3,0.1,5012,2026-05-30 19:37:15,20260530-182225,log/stroke_prediction_v4/8/biMaxInfgain/standard__mixup__noImbl/EasyEnsemble,1780136562317_d342c02e17801410356639677,0.3405088062622309,0.5300220750551876,0.634320987654321,0.2978164692450405,0.9480393808616616,0.3405088062622308,0.4540162102365065,0.3405088062622309,0.3405088062622309,0.3405088062622309,0.4602166687842413
8,biMaxInfgain,standard,mixup,noImbl,EasyEnsemble,first,0.3,0.2,5012,2026-05-30 19:37:59,20260530-182225,log/stroke_prediction_v4/8/biMaxInfgain/standard__mixup__noImbl/EasyEnsemble,1780136562317_d342c02e17801410796003449,0.3698630136986301,0.5317705605028812,0.649753086419753,0.3179323495274415,0.948750331881427,0.3698630136986301,0.487719840186434,0.3698630136986301,0.3698630136986301,0.3698630136986301,0.4818204318169394
8,biMaxInfgain,standard,mixup,noImbl,EasyEnsemble,first,0.35,0.1,5012,2026-05-30 19:37:21,20260530-182225,log/stroke_prediction_v4/8/biMaxInfgain/standard__mixup__noImbl/EasyEnsemble,1780136562317_d342c02e17801410418854043,0.4324853228962818,0.5281729629273607,0.6447325102880659,0.3551124495195655,0.9404346643696726,0.4324853228962818,0.5566316282012955,0.4324853228962818,0.4324853228962818,0.4324853228962818,0.5210897545751517
8,biMaxInfgain,standard,mixup,noImbl,EasyEnsemble,first,0.35,0.2,5012,2026-05-30 19:38:05,20260530-182225,log/stroke_prediction_v4/8/biMaxInfgain/standard__mixup__noImbl/EasyEnsemble,1780136562317_d342c02e17801410859559711,0.3698630136986301,0.5317705605028812,0.649753086419753,0.3179323495274415,0.948750331881427,0.3698630136986301,0.487719840186434,0.3698630136986301,0.3698630136986301,0.3698630136986301,0.4818204318169394
8,biMaxInfgain,standard,mixup,noImbl,EasyEnsemble,first,0.5,0.1,5012,2026-05-30 19:37:28,20260530-182225,log/stroke_prediction_v4/8/biMaxInfgain/standard__mixup__noImbl/EasyEnsemble,1780136562317_d342c02e17801410481581840,0.6457925636007827,0.5395053497674721,0.6999588477366255,0.4740556247405562,0.9378663707199616,0.6457925636007827,0.7451882576671468,0.6457925636007827,0.6457925636007827,0.6457925636007827,0.6589366646238742
8,biMaxInfgain,standard,mixup,noImbl,EasyEnsemble,first,0.5,0.2,5012,2026-05-30 19:38:12,20260530-182225,log/stroke_prediction_v4/8/biMaxInfgain/standard__mixup__noImbl/EasyEnsemble,1780136562317_d342c02e17801410922408384,0.6741682974559687,0.5546908964437874,0.7717901234567901,0.5019252637633308,0.9481129097767554,0.6741682974559687,0.7661649926561961,0.6741682974559687,0.6741682974559687,0.6741682974559687,0.6873402504130496
8,biMaxInfgain,standard,mixup,noImbl,EasyEnsemble,last,0.1,0.1,5012,2026-05-30 19:38:18,20260530-182225,log/stroke_prediction_v4/8/biMaxInfgain/mixup__noImbl__standard/EasyEnsemble,1780136562317_d342c02e17801410985456652,0.0489236790606653,0.0244618395303326,0.5,0.0466417910447761,0.0023935263728309,0.0489236790606653,0.0045637760317784,0.0489236790606653,0.0489236790606653,0.0489236790606653,0.0799358432760656
8,biMaxInfgain,standard,mixup,noImbl,EasyEnsemble,last,0.1,0.2,5012,2026-05-30 19:39:02,20260530-182225,log/stroke_prediction_v4/8/biMaxInfgain/mixup__noImbl__standard/EasyEnsemble,1780136562317_d342c02e17801411425994122,0.0489236790606653,0.0244618395303326,0.5,0.0466417910447761,0.0023935263728309,0.0489236790606653,0.0045637760317784,0.0489236790606653,0.0489236790606653,0.0489236790606653,0.0799358432760656
8,biMaxInfgain,standard,mixup,noImbl,EasyEnsemble,last,0.15,0.1,5012,2026-05-30 19:38:24,20260530-182225,log/stroke_prediction_v4/8/biMaxInfgain/mixup__noImbl__standard/EasyEnsemble,1780136562317_d342c02e17801411049651104,0.0489236790606653,0.0244618395303326,0.5,0.0466417910447761,0.0023935263728309,0.0489236790606653,0.0045637760317784,0.0489236790606653,0.0489236790606653,0.0489236790606653,0.0799358432760656
8,biMaxInfgain,standard,mixup,noImbl,EasyEnsemble,last,0.15,0.2,5012,2026-05-30 19:39:08,20260530-182225,log/stroke_prediction_v4/8/biMaxInfgain/mixup__noImbl__standard/EasyEnsemble,1780136562317_d342c02e17801411488483040,0.0489236790606653,0.0244618395303326,0.5,0.0466417910447761,0.0023935263728309,0.0489236790606653,0.0045637760317784,0.0489236790606653,0.0489236790606653,0.0489236790606653,0.0799358432760656
8,biMaxInfgain,standard,mixup,noImbl,EasyEnsemble,last,0.2,0.1,5012,2026-05-30 19:38:31,20260530-182225,log/stroke_prediction_v4/8/biMaxInfgain/mixup__noImbl__standard/EasyEnsemble,1780136562317_d342c02e17801411112252581,0.0528375733855185,0.5245579567779961,0.5020576131687242,0.0509148400564867,0.9534792521309194,0.0528375733855185,0.012376576374588,0.0528375733855185,0.0528375733855185,0.0528375733855185,0.2286382240266325
8,biMaxInfgain,standard,mixup,noImbl,EasyEnsemble,last,0.2,0.2,5012,2026-05-30 19:39:15,20260530-182225,log/stroke_prediction_v4/8/biMaxInfgain/mixup__noImbl__standard/EasyEnsemble,1780136562317_d342c02e17801411551593203,0.350293542074364,0.5305976886962802,0.6394650205761316,0.3045909165436956,0.948287194187252,0.3502935420743639,0.465422293411162,0.350293542074364,0.350293542074364,0.350293542074364,0.4674543886689404
8,biMaxInfgain,standard,mixup,noImbl,EasyEnsemble,last,0.25,0.1,5012,2026-05-30 19:38:37,20260530-182225,log/stroke_prediction_v4/8/biMaxInfgain/mixup__noImbl__standard/EasyEnsemble,1780136562317_d342c02e17801411175263455,0.2465753424657534,0.5245573957738435,0.5849382716049383,0.2286021243976363,0.94472043372476,0.2465753424657533,0.3348284516976613,0.2465753424657534,0.2465753424657534,0.2465753424657534,0.3885663335109501
8,biMaxInfgain,standard,mixup,noImbl,EasyEnsemble,last,0.25,0.2,5012,2026-05-30 19:39:21,20260530-182225,log/stroke_prediction_v4/8/biMaxInfgain/mixup__noImbl__standard/EasyEnsemble,1780136562317_d342c02e17801411614009110,0.3590998043052837,0.5311215397673995,0.6440946502057613,0.3106278506719064,0.948500592651796,0.3590998043052837,0.4755398110039135,0.3590998043052837,0.3590998043052837,0.3590998043052837,0.473936749235982
8,biMaxInfgain,standard,mixup,noImbl,EasyEnsemble,last,0.3,0.1,5012,2026-05-30 19:38:43,20260530-182225,log/stroke_prediction_v4/8/biMaxInfgain/mixup__noImbl__standard/EasyEnsemble,1780136562317_d342c02e17801411238435729,0.3483365949119373,0.5304820587169263,0.6384362139917695,0.3032417359686513,0.9482385702298616,0.3483365949119373,0.4631550434521502,0.3483365949119373,0.3483365949119373,0.3483365949119373,0.4660098391717508
8,biMaxInfgain,standard,mixup,noImbl,EasyEnsemble,last,0.3,0.2,5012,2026-05-30 19:39:27,20260530-182225,log/stroke_prediction_v4/8/biMaxInfgain/mixup__noImbl__standard/EasyEnsemble,1780136562317_d342c02e17801411676516330,0.3590998043052837,0.5311215397673995,0.6440946502057613,0.3106278506719064,0.948500592651796,0.3590998043052837,0.4755398110039135,0.3590998043052837,0.3590998043052837,0.3590998043052837,0.473936749235982
8,biMaxInfgain,standard,mixup,noImbl,EasyEnsemble,last,0.35,0.1,5012,2026-05-30 19:38:50,20260530-182225,log/stroke_prediction_v4/8/biMaxInfgain/mixup__noImbl__standard/EasyEnsemble,1780136562317_d342c02e17801411300376378,0.3639921722113503,0.5271763881590472,0.6276954732510288,0.3123786337419934,0.942800275186054,0.3639921722113503,0.4823346425589471,0.3639921722113503,0.3639921722113503,0.3639921722113503,0.4745710739892941
8,biMaxInfgain,standard,mixup,noImbl,EasyEnsemble,last,0.35,0.2,5012,2026-05-30 19:39:33,20260530-182225,log/stroke_prediction_v4/8/biMaxInfgain/mixup__noImbl__standard/EasyEnsemble,1780136562317_d342c02e17801411739289074,0.4129158512720156,0.5344921283182926,0.6723868312757202,0.3464135884579964,0.9496526003059494,0.4129158512720156,0.5344966753123696,0.4129158512720156,0.4129158512720156,0.4129158512720156,0.5129560360643572
8,biMaxInfgain,standard,mixup,noImbl,EasyEnsemble,last,0.5,0.1,5012,2026-05-30 19:38:56,20260530-182225,log/stroke_prediction_v4/8/biMaxInfgain/mixup__noImbl__standard/EasyEnsemble,1780136562317_d342c02e17801411362776732,0.6536203522504892,0.5442463427377221,0.7230452674897119,0.4822280104187537,0.9412653851423338,0.6536203522504892,0.7509758661481076,0.6536203522504892,0.6536203522504892,0.6536203522504892,0.6672844219222015
8,biMaxInfgain,standard,mixup,noImbl,EasyEnsemble,last,0.5,0.2,5012,2026-05-30 19:39:40,20260530-182225,log/stroke_prediction_v4/8/biMaxInfgain/mixup__noImbl__standard/EasyEnsemble,1780136562317_d342c02e17801411802726060,0.6634050880626223,0.5529041230366492,0.7661316872427983,0.4951520999908096,0.947795168594584,0.6634050880626223,0.7580830406725237,0.6634050880626223,0.6634050880626223,0.6634050880626223,0.6800304042119519
8,biMaxInfgain,standard,mixup,noImbl,XGBClassifier_SPW24,first,0.1,0.1,5012,2026-05-30 19:36:48,20260530-182225,log/stroke_prediction_v4/8/biMaxInfgain/standard__mixup__noImbl/XGBClassifier_SPW24,1780136562317_d342c02e17801410088318154,0.8160469667318982,0.5384072634325576,0.6187242798353909,0.535957183708169,0.9227673331652784,0.8160469667318982,0.8611999796122979,0.8160469667318982,0.8160469667318982,0.8160469667318982,0.7439822488341519
8,biMaxInfgain,standard,mixup,noImbl,XGBClassifier_SPW24,first,0.1,0.2,5012,2026-05-30 19:37:32,20260530-182225,log/stroke_prediction_v4/8/biMaxInfgain/standard__mixup__noImbl/XGBClassifier_SPW24,1780136562317_d342c02e17801410527324449,0.8346379647749511,0.567012987012987,0.7043827160493827,0.57799034878749,0.9342008285256818,0.8346379647749511,0.87489010028114,0.8346379647749511,0.8346379647749511,0.834637964774951,0.77234690642908
8,biMaxInfgain,standard,mixup,noImbl,XGBClassifier_SPW24,first,0.15,0.1,5012,2026-05-30 19:36:55,20260530-182225,log/stroke_prediction_v4/8/biMaxInfgain/standard__mixup__noImbl/XGBClassifier_SPW24,1780136562317_d342c02e17801410150991783,0.8356164383561644,0.5400083787180561,0.6100411522633744,0.5425831202046035,0.9217319515280502,0.8356164383561644,0.8728725081456049,0.8356164383561644,0.8356164383561644,0.8356164383561644,0.7537430678459448
8,biMaxInfgain,standard,mixup,noImbl,XGBClassifier_SPW24,first,0.15,0.2,5012,2026-05-30 19:37:39,20260530-182225,log/stroke_prediction_v4/8/biMaxInfgain/standard__mixup__noImbl/XGBClassifier_SPW24,1780136562317_d342c02e17801410590391855,0.850293542074364,0.5617172905279181,0.6651851851851852,0.5741144748130899,0.9292135666685578,0.850293542074364,0.8835155683913337,0.850293542074364,0.850293542074364,0.850293542074364,0.774373527548575
8,biMaxInfgain,standard,mixup,noImbl,XGBClassifier_SPW24,first,0.2,0.1,5012,2026-05-30 19:37:01,20260530-182225,log/stroke_prediction_v4/8/biMaxInfgain/standard__mixup__noImbl/XGBClassifier_SPW24,1780136562317_d342c02e17801410213614513,0.8610567514677103,0.5455851713485165,0.6044444444444445,0.5539861085500031,0.9213794825499336,0.8610567514677103,0.887853010401567,0.8610567514677103,0.8610567514677103,0.8610567514677103,0.767839478264109
8,biMaxInfgain,standard,mixup,noImbl,XGBClassifier_SPW24,first,0.2,0.2,5012,2026-05-30 19:37:45,20260530-182225,log/stroke_prediction_v4/8/biMaxInfgain/standard__mixup__noImbl/XGBClassifier_SPW24,1780136562317_d342c02e17801410654185019,0.8669275929549902,0.5626240079365079,0.6454732510288066,0.5772337940432158,0.9269979110365608,0.8669275929549902,0.8929520949848895,0.8669275929549902,0.8669275929549902,0.8669275929549902,0.7808084375363992
8,biMaxInfgain,standard,mixup,noImbl,XGBClassifier_SPW24,first,0.25,0.1,5012,2026-05-30 19:37:07,20260530-182225,log/stroke_prediction_v4/8/biMaxInfgain/standard__mixup__noImbl/XGBClassifier_SPW24,1780136562317_d342c02e17801410276903854,0.8532289628180039,0.5272289675982469,0.5623868312757201,0.5288585653697215,0.9155648792166136,0.8532289628180039,0.8815348701425001,0.8532289628180039,0.8532289628180039,0.8532289628180039,0.7533686682630927
8,biMaxInfgain,standard,mixup,noImbl,XGBClassifier_SPW24,first,0.25,0.2,5012,2026-05-30 19:37:51,20260530-182225,log/stroke_prediction_v4/8/biMaxInfgain/standard__mixup__noImbl/XGBClassifier_SPW24,1780136562317_d342c02e17801410717168304,0.8874755381604696,0.5600692670186793,0.6088477366255144,0.573169181601932,0.9228920819137884,0.8874755381604696,0.903603002294032,0.8874755381604696,0.8874755381604696,0.8874755381604696,0.7856869514043804
8,biMaxInfgain,standard,mixup,noImbl,XGBClassifier_SPW24,first,0.3,0.1,5012,2026-05-30 19:37:14,20260530-182225,log/stroke_prediction_v4/8/biMaxInfgain/standard__mixup__noImbl/XGBClassifier_SPW24,1780136562317_d342c02e17801410340040589,0.8708414872798435,0.5358614155063031,0.5716460905349794,0.5419654498044328,0.9171597194263084,0.8708414872798433,0.8921082980172833,0.8708414872798435,0.8708414872798435,0.8708414872798435,0.7659143796319536
8,biMaxInfgain,standard,mixup,noImbl,XGBClassifier_SPW24,first,0.3,0.2,5012,2026-05-30 19:37:57,20260530-182225,log/stroke_prediction_v4/8/biMaxInfgain/standard__mixup__noImbl/XGBClassifier_SPW24,1780136562317_d342c02e17801410779092629,0.8904109589041096,0.566787417461482,0.6198765432098766,0.5816374269005848,0.92455828701796,0.8904109589041097,0.9058848033325322,0.8904109589041096,0.8904109589041096,0.8904109589041096,0.790414942865543
8,biMaxInfgain,standard,mixup,noImbl,XGBClassifier_SPW24,first,0.35,0.1,5012,2026-05-30 19:37:20,20260530-182225,log/stroke_prediction_v4/8/biMaxInfgain/standard__mixup__noImbl/XGBClassifier_SPW24,1780136562317_d342c02e17801410401915699,0.8688845401174168,0.4970079476390837,0.4947325102880658,0.4929429362716784,0.9061609527286102,0.8688845401174168,0.8868272075736906,0.8688845401174168,0.8688845401174168,0.8688845401174168,0.7443094786893478
8,biMaxInfgain,standard,mixup,noImbl,XGBClassifier_SPW24,first,0.35,0.2,5012,2026-05-30 19:38:04,20260530-182225,log/stroke_prediction_v4/8/biMaxInfgain/standard__mixup__noImbl/XGBClassifier_SPW24,1780136562317_d342c02e17801410842675677,0.8923679060665362,0.5304328474463114,0.5450205761316872,0.5348163596338779,0.914000806121998,0.892367906066536,0.9027432857621268,0.8923679060665362,0.8923679060665362,0.8923679060665362,0.7715265322060146
8,biMaxInfgain,standard,mixup,noImbl,XGBClassifier_SPW24,first,0.5,0.1,5012,2026-05-30 19:37:26,20260530-182225,log/stroke_prediction_v4/8/biMaxInfgain/standard__mixup__noImbl/XGBClassifier_SPW24,1780136562317_d342c02e17801410464972418,0.9060665362035224,0.4953086419753086,0.4953086419753086,0.4953086419753086,0.9060665362035224,0.9060665362035224,0.9060665362035224,0.9060665362035224,0.9060665362035224,0.9060665362035226,0.7623012732236476
8,biMaxInfgain,standard,mixup,noImbl,XGBClassifier_SPW24,first,0.5,0.2,5012,2026-05-30 19:38:10,20260530-182225,log/stroke_prediction_v4/8/biMaxInfgain/standard__mixup__noImbl/XGBClassifier_SPW24,1780136562317_d342c02e17801410905593143,0.9080234833659492,0.5147501982553528,0.5153086419753086,0.5150138325154984,0.9097370924513982,0.908023483365949,0.9088778521721456,0.9080234833659492,0.9080234833659492,0.9080234833659492,0.770772739317732
8,biMaxInfgain,standard,mixup,noImbl,XGBClassifier_SPW24,last,0.1,0.1,5012,2026-05-30 19:38:16,20260530-182225,log/stroke_prediction_v4/8/biMaxInfgain/mixup__noImbl__standard/XGBClassifier_SPW24,1780136562317_d342c02e17801410968600351,0.8258317025440313,0.5362300301324692,0.6048971193415638,0.5354782697512894,0.9209746150942276,0.8258317025440313,0.8667974096459775,0.8258317025440313,0.8258317025440313,0.8258317025440313,0.7468842093840284
8,biMaxInfgain,standard,mixup,noImbl,XGBClassifier_SPW24,last,0.1,0.2,5012,2026-05-30 19:39:00,20260530-182225,log/stroke_prediction_v4/8/biMaxInfgain/mixup__noImbl__standard/XGBClassifier_SPW24,1780136562317_d342c02e17801411408965175,0.8091976516634051,0.5464946217741582,0.6530658436213992,0.544628841315867,0.9273314040978776,0.8091976516634051,0.8577641983639159,0.8091976516634051,0.8091976516634051,0.8091976516634052,0.7467272035666728
8,biMaxInfgain,standard,mixup,noImbl,XGBClassifier_SPW24,last,0.15,0.1,5012,2026-05-30 19:38:23,20260530-182225,log/stroke_prediction_v4/8/biMaxInfgain/mixup__noImbl__standard/XGBClassifier_SPW24,1780136562317_d342c02e17801411032480043,0.8356164383561644,0.5206626120358514,0.5531275720164609,0.5171436285097192,0.9141415115850772,0.8356164383561644,0.8709170389656499,0.8356164383561644,0.8356164383561644,0.8356164383561644,0.7412488450275099
8,biMaxInfgain,standard,mixup,noImbl,XGBClassifier_SPW24,last,0.15,0.2,5012,2026-05-30 19:39:07,20260530-182225,log/stroke_prediction_v4/8/biMaxInfgain/mixup__noImbl__standard/XGBClassifier_SPW24,1780136562317_d342c02e17801411472162178,0.850293542074364,0.5400935320890224,0.5987860082304527,0.5453353299507145,0.9204185443316886,0.850293542074364,0.8812630140343524,0.850293542074364,0.850293542074364,0.850293542074364,0.7600369768926217
8,biMaxInfgain,standard,mixup,noImbl,XGBClassifier_SPW24,last,0.2,0.1,5012,2026-05-30 19:38:29,20260530-182225,log/stroke_prediction_v4/8/biMaxInfgain/mixup__noImbl__standard/XGBClassifier_SPW24,1780136562317_d342c02e17801411095421838,0.8551859099804305,0.5202489875506224,0.5444444444444444,0.5200781805259417,0.9131393723855882,0.8551859099804305,0.8818689610376966,0.8551859099804305,0.8551859099804305,0.8551859099804305,0.7501497156647832
8,biMaxInfgain,standard,mixup,noImbl,XGBClassifier_SPW24,last,0.2,0.2,5012,2026-05-30 19:39:13,20260530-182225,log/stroke_prediction_v4/8/biMaxInfgain/mixup__noImbl__standard/XGBClassifier_SPW24,1780136562317_d342c02e17801411534071379,0.8639921722113503,0.5361248262307655,0.5775308641975309,0.5418001193413646,0.9178087820313958,0.8639921722113503,0.8884291423823526,0.8639921722113503,0.8639921722113503,0.8639921722113503,0.7632777053890667
8,biMaxInfgain,standard,mixup,noImbl,XGBClassifier_SPW24,last,0.25,0.1,5012,2026-05-30 19:38:35,20260530-182225,log/stroke_prediction_v4/8/biMaxInfgain/mixup__noImbl__standard/XGBClassifier_SPW24,1780136562317_d342c02e17801411158120106,0.8708414872798435,0.5272804774083546,0.5526748971193416,0.5309057527539779,0.9145216156742626,0.8708414872798436,0.8911594852055272,0.8708414872798435,0.8708414872798435,0.8708414872798435,0.7610940796260588
8,biMaxInfgain,standard,mixup,noImbl,XGBClassifier_SPW24,last,0.25,0.2,5012,2026-05-30 19:39:19,20260530-182225,log/stroke_prediction_v4/8/biMaxInfgain/mixup__noImbl__standard/XGBClassifier_SPW24,1780136562317_d342c02e17801411597509820,0.8767123287671232,0.5476998491704375,0.5937037037037037,0.5575757575757575,0.920365090187814,0.8767123287671232,0.8965664472513787,0.8767123287671232,0.8767123287671232,0.8767123287671232,0.7749831265371151
8,biMaxInfgain,standard,mixup,noImbl,XGBClassifier_SPW24,last,0.3,0.1,5012,2026-05-30 19:38:42,20260530-182225,log/stroke_prediction_v4/8/biMaxInfgain/mixup__noImbl__standard/XGBClassifier_SPW24,1780136562317_d342c02e17801411221412784,0.8688845401174168,0.5172234273318872,0.5326748971193416,0.5179584653291095,0.9116656973905956,0.8688845401174169,0.8890064480754621,0.8688845401174168,0.8688845401174168,0.8688845401174168,0.7547549552418347
8,biMaxInfgain,standard,mixup,noImbl,XGBClassifier_SPW24,last,0.3,0.2,5012,2026-05-30 19:39:26,20260530-182225,log/stroke_prediction_v4/8/biMaxInfgain/mixup__noImbl__standard/XGBClassifier_SPW24,1780136562317_d342c02e17801411660135440,0.8688845401174168,0.5262904307021954,0.5516460905349794,0.5294853294853294,0.9143392868211562,0.8688845401174167,0.8899992375530538,0.8688845401174168,0.8688845401174168,0.8688845401174168,0.759704081908557
8,biMaxInfgain,standard,mixup,noImbl,XGBClassifier_SPW24,last,0.35,0.1,5012,2026-05-30 19:38:48,20260530-182225,log/stroke_prediction_v4/8/biMaxInfgain/mixup__noImbl__standard/XGBClassifier_SPW24,1780136562317_d342c02e17801411283748868,0.8825831702544031,0.5131811105345095,0.5209053497942386,0.5140737923164701,0.9101376362474954,0.8825831702544031,0.8958329456409355,0.8825831702544031,0.8825831702544031,0.8825831702544031,0.7589416884529963
8,biMaxInfgain,standard,mixup,noImbl,XGBClassifier_SPW24,last,0.35,0.2,5012,2026-05-30 19:39:32,20260530-182225,log/stroke_prediction_v4/8/biMaxInfgain/mixup__noImbl__standard/XGBClassifier_SPW24,1780136562317_d342c02e17801411722547293,0.8913894324853229,0.5115519616119429,0.5160493827160494,0.512461159603409,0.9095180390497342,0.8913894324853229,0.9002212790230812,0.8913894324853229,0.8913894324853229,0.8913894324853229,0.7621700771258751
8,biMaxInfgain,standard,mixup,noImbl,XGBClassifier_SPW24,last,0.5,0.1,5012,2026-05-30 19:38:54,20260530-182225,log/stroke_prediction_v4/8/biMaxInfgain/mixup__noImbl__standard/XGBClassifier_SPW24,1780136562317_d342c02e17801411346031145,0.9099804305283756,0.4971489665003564,0.4973662551440329,0.4972193702943189,0.9064291921281348,0.9099804305283756,0.908197445386976,0.9099804305283756,0.9099804305283756,0.9099804305283756,0.7648991359407968
8,biMaxInfgain,standard,mixup,noImbl,XGBClassifier_SPW24,last,0.5,0.2,5012,2026-05-30 19:39:38,20260530-182225,log/stroke_prediction_v4/8/biMaxInfgain/mixup__noImbl__standard/XGBClassifier_SPW24,1780136562317_d342c02e17801411786098985,0.901174168297456,0.5019634578674667,0.5022222222222222,0.5019661389855204,0.9073293995155396,0.901174168297456,0.9042282187949244,0.901174168297456,0.901174168297456,0.901174168297456,0.7625503289465719
8,biMaxInfgain,standard,noAug,noImbl,BalancedRandomForest,first,0.1,0.1,5012,2026-05-30 19:39:44,20260530-182225,log/stroke_prediction_v4/8/biMaxInfgain/standard__noAug__noImbl/BalancedRandomForest,1780136562317_d342c02e17801411848685650,0.3542074363992172,0.5265135327635327,0.622551440329218,0.3057522561096106,0.9423936920512264,0.3542074363992171,0.4712177236170818,0.3542074363992172,0.3542074363992172,0.3542074363992172,0.4673743380330883
8,biMaxInfgain,standard,noAug,noImbl,BalancedRandomForest,first,0.1,0.2,5012,2026-05-30 19:40:23,20260530-182225,log/stroke_prediction_v4/8/biMaxInfgain/standard__noAug__noImbl/BalancedRandomForest,1780136562317_d342c02e17801412233260036,0.3708414872798434,0.531830088433862,0.6502674897119342,0.3185924854442422,0.9487724768158988,0.3708414872798434,0.4888171486683564,0.3708414872798434,0.3708414872798434,0.3708414872798434,0.4825350455249966
8,biMaxInfgain,standard,noAug,noImbl,BalancedRandomForest,first,0.15,0.1,5012,2026-05-30 19:39:50,20260530-182225,log/stroke_prediction_v4/8/biMaxInfgain/standard__noAug__noImbl/BalancedRandomForest,1780136562317_d342c02e17801411903017987,0.4344422700587084,0.5283251231527093,0.645761316872428,0.3563418280399412,0.9405155543558944,0.4344422700587084,0.5586131975379843,0.4344422700587084,0.4344422700587084,0.4344422700587084,0.5224803612982751
8,biMaxInfgain,standard,noAug,noImbl,BalancedRandomForest,first,0.15,0.2,5012,2026-05-30 19:40:28,20260530-182225,log/stroke_prediction_v4/8/biMaxInfgain/standard__noAug__noImbl/BalancedRandomForest,1780136562317_d342c02e17801412288895814,0.4285714285714285,0.5336132755666202,0.6711316872427984,0.3555587227959246,0.947496108598957,0.4285714285714285,0.5512497539732928,0.4285714285714285,0.4285714285714285,0.4285714285714285,0.5226739500847914
8,biMaxInfgain,standard,noAug,noImbl,BalancedRandomForest,first,0.2,0.1,5012,2026-05-30 19:39:55,20260530-182225,log/stroke_prediction_v4/8/biMaxInfgain/standard__noAug__noImbl/BalancedRandomForest,1780136562317_d342c02e17801411958616919,0.4931506849315068,0.5295328399629972,0.6576543209876543,0.3901557913750282,0.9386102416585352,0.4931506849315067,0.6162541053252028,0.4931506849315068,0.4931506849315068,0.4931506849315068,0.5608014987385559
8,biMaxInfgain,standard,noAug,noImbl,BalancedRandomForest,first,0.2,0.2,5012,2026-05-30 19:40:34,20260530-182225,log/stroke_prediction_v4/8/biMaxInfgain/standard__noAug__noImbl/BalancedRandomForest,1780136562317_d342c02e17801412343878036,0.5088062622309197,0.5380953113462958,0.7038271604938272,0.4043376291652153,0.9472544520186708,0.5088062622309197,0.6293845443207748,0.5088062622309197,0.5088062622309197,0.5088062622309197,0.5774985233011456
8,biMaxInfgain,standard,noAug,noImbl,BalancedRandomForest,first,0.25,0.1,5012,2026-05-30 19:40:01,20260530-182225,log/stroke_prediction_v4/8/biMaxInfgain/standard__noAug__noImbl/BalancedRandomForest,1780136562317_d342c02e17801412013823188,0.5499021526418787,0.5349343638817322,0.6874897119341563,0.4238725490196078,0.9408255767304072,0.5499021526418787,0.6669673074709337,0.5499021526418787,0.5499021526418787,0.5499021526418787,0.5999118047849622
8,biMaxInfgain,standard,noAug,noImbl,BalancedRandomForest,first,0.25,0.2,5012,2026-05-30 19:40:39,20260530-182225,log/stroke_prediction_v4/8/biMaxInfgain/standard__noAug__noImbl/BalancedRandomForest,1780136562317_d342c02e17801412398559343,0.5694716242661448,0.5405103987201575,0.7167489711934156,0.4382145998240985,0.9450899434686468,0.5694716242661448,0.683192285118768,0.5694716242661448,0.5694716242661448,0.5694716242661448,0.6162346137861098
8,biMaxInfgain,standard,noAug,noImbl,BalancedRandomForest,first,0.3,0.1,5012,2026-05-30 19:40:06,20260530-182225,log/stroke_prediction_v4/8/biMaxInfgain/standard__noAug__noImbl/BalancedRandomForest,1780136562317_d342c02e17801412068649977,0.6066536203522505,0.5378217200251099,0.6983539094650206,0.4543063738902673,0.93948635357969,0.6066536203522505,0.7144251909975794,0.6066536203522505,0.6066536203522505,0.6066536203522505,0.6355373811810591
8,biMaxInfgain,standard,noAug,noImbl,BalancedRandomForest,first,0.3,0.2,5012,2026-05-30 19:40:45,20260530-182225,log/stroke_prediction_v4/8/biMaxInfgain/standard__noAug__noImbl/BalancedRandomForest,1780136562317_d342c02e17801412454187980,0.6232876712328768,0.5470011090193664,0.7450411522633744,0.4704898376089884,0.9466386678878692,0.6232876712328768,0.7271011356075768,0.6232876712328768,0.6232876712328768,0.6232876712328768,0.6528218073926966
8,biMaxInfgain,standard,noAug,noImbl,BalancedRandomForest,first,0.35,0.1,5012,2026-05-30 19:40:12,20260530-182225,log/stroke_prediction_v4/8/biMaxInfgain/standard__noAug__noImbl/BalancedRandomForest,1780136562317_d342c02e17801412124222290,0.6594911937377691,0.5451460777547734,0.7261316872427983,0.4857846765985009,0.941485163981548,0.6594911937377691,0.7554099439426174,0.6594911937377691,0.6594911937377691,0.6594911937377691,0.6712519634741871
8,biMaxInfgain,standard,noAug,noImbl,BalancedRandomForest,first,0.35,0.2,5012,2026-05-30 19:40:50,20260530-182225,log/stroke_prediction_v4/8/biMaxInfgain/standard__noAug__noImbl/BalancedRandomForest,1780136562317_d342c02e17801412509097952,0.678082191780822,0.5553653514154377,0.7738477366255144,0.5044092568600314,0.94822968064073,0.678082191780822,0.7690810684252692,0.678082191780822,0.678082191780822,0.678082191780822,0.6900007023732919
8,biMaxInfgain,standard,noAug,noImbl,BalancedRandomForest,first,0.5,0.1,5012,2026-05-30 19:40:17,20260530-182225,log/stroke_prediction_v4/8/biMaxInfgain/standard__noAug__noImbl/BalancedRandomForest,1780136562317_d342c02e17801412178952271,0.7788649706457925,0.5551577152600171,0.7130041152263374,0.5459206542680769,0.9357076958240116,0.7788649706457925,0.8393286593230685,0.7788649706457925,0.7788649706457925,0.7788649706457925,0.739720337928025
8,biMaxInfgain,standard,noAug,noImbl,BalancedRandomForest,first,0.5,0.2,5012,2026-05-30 19:40:56,20260530-182225,log/stroke_prediction_v4/8/biMaxInfgain/standard__noAug__noImbl/BalancedRandomForest,1780136562317_d342c02e17801412563943881,0.7974559686888454,0.5676585487490649,0.7512345679012346,0.5677799366239051,0.9406747832287788,0.7974559686888454,0.852023294427764,0.7974559686888454,0.7974559686888454,0.7974559686888455,0.7579096621211961
8,biMaxInfgain,standard,noAug,noImbl,BalancedRandomForest,last,0.1,0.1,5012,2026-05-30 19:41:01,20260530-182225,log/stroke_prediction_v4/8/biMaxInfgain/noAug__noImbl__standard/BalancedRandomForest,1780136562317_d342c02e17801412619815764,0.3542074363992172,0.5265135327635327,0.622551440329218,0.3057522561096106,0.9423936920512264,0.3542074363992171,0.4712177236170818,0.3542074363992172,0.3542074363992172,0.3542074363992172,0.4673743380330883
8,biMaxInfgain,standard,noAug,noImbl,BalancedRandomForest,last,0.1,0.2,5012,2026-05-30 19:41:40,20260530-182225,log/stroke_prediction_v4/8/biMaxInfgain/noAug__noImbl__standard/BalancedRandomForest,1780136562317_d342c02e17801413005420395,0.3708414872798434,0.531830088433862,0.6502674897119342,0.3185924854442422,0.9487724768158988,0.3708414872798434,0.4888171486683564,0.3708414872798434,0.3708414872798434,0.3708414872798434,0.4825350455249966
8,biMaxInfgain,standard,noAug,noImbl,BalancedRandomForest,last,0.15,0.1,5012,2026-05-30 19:41:07,20260530-182225,log/stroke_prediction_v4/8/biMaxInfgain/noAug__noImbl__standard/BalancedRandomForest,1780136562317_d342c02e17801412674514950,0.4344422700587084,0.5283251231527093,0.645761316872428,0.3563418280399412,0.9405155543558944,0.4344422700587084,0.5586131975379843,0.4344422700587084,0.4344422700587084,0.4344422700587084,0.5224803612982751
8,biMaxInfgain,standard,noAug,noImbl,BalancedRandomForest,last,0.15,0.2,5012,2026-05-30 19:41:46,20260530-182225,log/stroke_prediction_v4/8/biMaxInfgain/noAug__noImbl__standard/BalancedRandomForest,1780136562317_d342c02e17801413060247853,0.4285714285714285,0.5336132755666202,0.6711316872427984,0.3555587227959246,0.947496108598957,0.4285714285714285,0.5512497539732928,0.4285714285714285,0.4285714285714285,0.4285714285714285,0.5226739500847914
8,biMaxInfgain,standard,noAug,noImbl,BalancedRandomForest,last,0.2,0.1,5012,2026-05-30 19:41:12,20260530-182225,log/stroke_prediction_v4/8/biMaxInfgain/noAug__noImbl__standard/BalancedRandomForest,1780136562317_d342c02e17801412729486791,0.4931506849315068,0.5295328399629972,0.6576543209876543,0.3901557913750282,0.9386102416585352,0.4931506849315067,0.6162541053252028,0.4931506849315068,0.4931506849315068,0.4931506849315068,0.5608014987385559
8,biMaxInfgain,standard,noAug,noImbl,BalancedRandomForest,last,0.2,0.2,5012,2026-05-30 19:41:51,20260530-182225,log/stroke_prediction_v4/8/biMaxInfgain/noAug__noImbl__standard/BalancedRandomForest,1780136562317_d342c02e17801413116277929,0.5088062622309197,0.5380953113462958,0.7038271604938272,0.4043376291652153,0.9472544520186708,0.5088062622309197,0.6293845443207748,0.5088062622309197,0.5088062622309197,0.5088062622309197,0.5774985233011456
8,biMaxInfgain,standard,noAug,noImbl,BalancedRandomForest,last,0.25,0.1,5012,2026-05-30 19:41:18,20260530-182225,log/stroke_prediction_v4/8/biMaxInfgain/noAug__noImbl__standard/BalancedRandomForest,1780136562317_d342c02e17801412785244920,0.5499021526418787,0.5349343638817322,0.6874897119341563,0.4238725490196078,0.9408255767304072,0.5499021526418787,0.6669673074709337,0.5499021526418787,0.5499021526418787,0.5499021526418787,0.5999118047849622
8,biMaxInfgain,standard,noAug,noImbl,BalancedRandomForest,last,0.25,0.2,5012,2026-05-30 19:41:57,20260530-182225,log/stroke_prediction_v4/8/biMaxInfgain/noAug__noImbl__standard/BalancedRandomForest,1780136562317_d342c02e17801413171153368,0.5694716242661448,0.5405103987201575,0.7167489711934156,0.4382145998240985,0.9450899434686468,0.5694716242661448,0.683192285118768,0.5694716242661448,0.5694716242661448,0.5694716242661448,0.6162346137861098
8,biMaxInfgain,standard,noAug,noImbl,BalancedRandomForest,last,0.3,0.1,5012,2026-05-30 19:41:23,20260530-182225,log/stroke_prediction_v4/8/biMaxInfgain/noAug__noImbl__standard/BalancedRandomForest,1780136562317_d342c02e17801412839997558,0.6066536203522505,0.5378217200251099,0.6983539094650206,0.4543063738902673,0.93948635357969,0.6066536203522505,0.7144251909975794,0.6066536203522505,0.6066536203522505,0.6066536203522505,0.6355373811810591
8,biMaxInfgain,standard,noAug,noImbl,BalancedRandomForest,last,0.3,0.2,5012,2026-05-30 19:42:02,20260530-182225,log/stroke_prediction_v4/8/biMaxInfgain/noAug__noImbl__standard/BalancedRandomForest,1780136562317_d342c02e17801413226189369,0.6232876712328768,0.5470011090193664,0.7450411522633744,0.4704898376089884,0.9466386678878692,0.6232876712328768,0.7271011356075768,0.6232876712328768,0.6232876712328768,0.6232876712328768,0.6528218073926966
8,biMaxInfgain,standard,noAug,noImbl,BalancedRandomForest,last,0.35,0.1,5012,2026-05-30 19:41:29,20260530-182225,log/stroke_prediction_v4/8/biMaxInfgain/noAug__noImbl__standard/BalancedRandomForest,1780136562317_d342c02e17801412894442531,0.6594911937377691,0.5451460777547734,0.7261316872427983,0.4857846765985009,0.941485163981548,0.6594911937377691,0.7554099439426174,0.6594911937377691,0.6594911937377691,0.6594911937377691,0.6712519634741871
8,biMaxInfgain,standard,noAug,noImbl,BalancedRandomForest,last,0.35,0.2,5012,2026-05-30 19:42:08,20260530-182225,log/stroke_prediction_v4/8/biMaxInfgain/noAug__noImbl__standard/BalancedRandomForest,1780136562317_d342c02e17801413281844684,0.678082191780822,0.5553653514154377,0.7738477366255144,0.5044092568600314,0.94822968064073,0.678082191780822,0.7690810684252692,0.678082191780822,0.678082191780822,0.678082191780822,0.6900007023732919
8,biMaxInfgain,standard,noAug,noImbl,BalancedRandomForest,last,0.5,0.1,5012,2026-05-30 19:41:35,20260530-182225,log/stroke_prediction_v4/8/biMaxInfgain/noAug__noImbl__standard/BalancedRandomForest,1780136562317_d342c02e17801412950329944,0.7788649706457925,0.5551577152600171,0.7130041152263374,0.5459206542680769,0.9357076958240116,0.7788649706457925,0.8393286593230685,0.7788649706457925,0.7788649706457925,0.7788649706457925,0.739720337928025
8,biMaxInfgain,standard,noAug,noImbl,BalancedRandomForest,last,0.5,0.2,5012,2026-05-30 19:42:13,20260530-182225,log/stroke_prediction_v4/8/biMaxInfgain/noAug__noImbl__standard/BalancedRandomForest,1780136562317_d342c02e17801413338785872,0.7974559686888454,0.5676585487490649,0.7512345679012346,0.5677799366239051,0.9406747832287788,0.7974559686888454,0.852023294427764,0.7974559686888454,0.7974559686888454,0.7974559686888455,0.7579096621211961
8,biMaxInfgain,standard,noAug,noImbl,EasyEnsemble,first,0.1,0.1,5012,2026-05-30 19:39:45,20260530-182225,log/stroke_prediction_v4/8/biMaxInfgain/standard__noAug__noImbl/EasyEnsemble,1780136562317_d342c02e17801411857772314,0.0489236790606653,0.0244618395303326,0.5,0.0466417910447761,0.0023935263728309,0.0489236790606653,0.0045637760317784,0.0489236790606653,0.0489236790606653,0.0489236790606653,0.0799358432760656
8,biMaxInfgain,standard,noAug,noImbl,EasyEnsemble,first,0.1,0.2,5012,2026-05-30 19:40:24,20260530-182225,log/stroke_prediction_v4/8/biMaxInfgain/standard__noAug__noImbl/EasyEnsemble,1780136562317_d342c02e17801412242383320,0.0489236790606653,0.0244618395303326,0.5,0.0466417910447761,0.0023935263728309,0.0489236790606653,0.0045637760317784,0.0489236790606653,0.0489236790606653,0.0489236790606653,0.0799358432760656
8,biMaxInfgain,standard,noAug,noImbl,EasyEnsemble,first,0.15,0.1,5012,2026-05-30 19:39:51,20260530-182225,log/stroke_prediction_v4/8/biMaxInfgain/standard__noAug__noImbl/EasyEnsemble,1780136562317_d342c02e17801411911935767,0.0489236790606653,0.0244618395303326,0.5,0.0466417910447761,0.0023935263728309,0.0489236790606653,0.0045637760317784,0.0489236790606653,0.0489236790606653,0.0489236790606653,0.0799358432760656
8,biMaxInfgain,standard,noAug,noImbl,EasyEnsemble,first,0.15,0.2,5012,2026-05-30 19:40:29,20260530-182225,log/stroke_prediction_v4/8/biMaxInfgain/standard__noAug__noImbl/EasyEnsemble,1780136562317_d342c02e17801412298108565,0.0489236790606653,0.0244618395303326,0.5,0.0466417910447761,0.0023935263728309,0.0489236790606653,0.0045637760317784,0.0489236790606653,0.0489236790606653,0.0489236790606653,0.0799358432760656
8,biMaxInfgain,standard,noAug,noImbl,EasyEnsemble,first,0.2,0.1,5012,2026-05-30 19:39:56,20260530-182225,log/stroke_prediction_v4/8/biMaxInfgain/standard__noAug__noImbl/EasyEnsemble,1780136562317_d342c02e17801411967672384,0.0919765166340508,0.5255623721881391,0.522633744855967,0.091945218909893,0.953577531525258,0.0919765166340508,0.0871358019643098,0.0919765166340508,0.0919765166340508,0.0919765166340508,0.2638301246416871
8,biMaxInfgain,standard,noAug,noImbl,EasyEnsemble,first,0.2,0.2,5012,2026-05-30 19:40:35,20260530-182225,log/stroke_prediction_v4/8/biMaxInfgain/standard__noAug__noImbl/EasyEnsemble,1780136562317_d342c02e17801412352959026,0.3483365949119373,0.5304820587169263,0.6384362139917695,0.3032417359686513,0.9482385702298616,0.3483365949119373,0.4631550434521502,0.3483365949119373,0.3483365949119373,0.3483365949119373,0.4660098391717508
8,biMaxInfgain,standard,noAug,noImbl,EasyEnsemble,first,0.25,0.1,5012,2026-05-30 19:40:02,20260530-182225,log/stroke_prediction_v4/8/biMaxInfgain/standard__noAug__noImbl/EasyEnsemble,1780136562317_d342c02e17801412022843863,0.2093933463796477,0.5221506635441061,0.5653909465020576,0.1987113802204626,0.9425037924444424,0.2093933463796477,0.2821755564812139,0.2093933463796477,0.2093933463796477,0.2093933463796477,0.358894919306171
8,biMaxInfgain,standard,noAug,noImbl,EasyEnsemble,first,0.25,0.2,5012,2026-05-30 19:40:40,20260530-182225,log/stroke_prediction_v4/8/biMaxInfgain/standard__noAug__noImbl/EasyEnsemble,1780136562317_d342c02e17801412407622109,0.3590998043052837,0.5311215397673995,0.6440946502057613,0.3106278506719064,0.948500592651796,0.3590998043052837,0.4755398110039135,0.3590998043052837,0.3590998043052837,0.3590998043052837,0.473936749235982
8,biMaxInfgain,standard,noAug,noImbl,EasyEnsemble,first,0.3,0.1,5012,2026-05-30 19:40:07,20260530-182225,log/stroke_prediction_v4/8/biMaxInfgain/standard__noAug__noImbl/EasyEnsemble,1780136562317_d342c02e17801412077696004,0.360078277886497,0.5311801242236025,0.6446090534979424,0.3112952086553323,0.9485237811622564,0.360078277886497,0.4766554653874422,0.360078277886497,0.360078277886497,0.360078277886497,0.474655208149395
8,biMaxInfgain,standard,noAug,noImbl,EasyEnsemble,first,0.3,0.2,5012,2026-05-30 19:40:46,20260530-182225,log/stroke_prediction_v4/8/biMaxInfgain/standard__noAug__noImbl/EasyEnsemble,1780136562317_d342c02e17801412463266850,0.3590998043052837,0.5311215397673995,0.6440946502057613,0.3106278506719064,0.948500592651796,0.3590998043052837,0.4755398110039135,0.3590998043052837,0.3590998043052837,0.3590998043052837,0.473936749235982
8,biMaxInfgain,standard,noAug,noImbl,EasyEnsemble,first,0.35,0.1,5012,2026-05-30 19:40:13,20260530-182225,log/stroke_prediction_v4/8/biMaxInfgain/standard__noAug__noImbl/EasyEnsemble,1780136562317_d342c02e17801412133317515,0.4227005870841487,0.531264199935086,0.658559670781893,0.3508554351242997,0.944882592697748,0.4227005870841486,0.5456825824977726,0.4227005870841487,0.4227005870841487,0.4227005870841487,0.5170315838184428
8,biMaxInfgain,standard,noAug,noImbl,EasyEnsemble,first,0.35,0.2,5012,2026-05-30 19:40:51,20260530-182225,log/stroke_prediction_v4/8/biMaxInfgain/standard__noAug__noImbl/EasyEnsemble,1780136562317_d342c02e17801412518315669,0.3679060665362035,0.5316517778945524,0.6487242798353909,0.3166101498420427,0.948705772017198,0.3679060665362035,0.485520275527815,0.3679060665362035,0.3679060665362035,0.3679060665362035,0.4803901733946741
8,biMaxInfgain,standard,noAug,noImbl,EasyEnsemble,first,0.5,0.1,5012,2026-05-30 19:40:18,20260530-182225,log/stroke_prediction_v4/8/biMaxInfgain/standard__noAug__noImbl/EasyEnsemble,1780136562317_d342c02e17801412188039141,0.6771037181996086,0.5480026854649211,0.7353909465020576,0.4965817834432934,0.942145573482742,0.6771037181996086,0.768544567504278,0.6771037181996086,0.6771037181996086,0.6771037181996086,0.683164360466951
8,biMaxInfgain,standard,noAug,noImbl,EasyEnsemble,first,0.5,0.2,5012,2026-05-30 19:40:57,20260530-182225,log/stroke_prediction_v4/8/biMaxInfgain/standard__noAug__noImbl/EasyEnsemble,1780136562317_d342c02e17801412573088542,0.6448140900195695,0.5500319250183718,0.756358024691358,0.4836250057415828,0.947255361977936,0.6448140900195695,0.7438987985687346,0.6448140900195695,0.6448140900195695,0.6448140900195695,0.6674187378231419
8,biMaxInfgain,standard,noAug,noImbl,EasyEnsemble,last,0.1,0.1,5012,2026-05-30 19:41:02,20260530-182225,log/stroke_prediction_v4/8/biMaxInfgain/noAug__noImbl__standard/EasyEnsemble,1780136562317_d342c02e17801412628953915,0.0489236790606653,0.0244618395303326,0.5,0.0466417910447761,0.0023935263728309,0.0489236790606653,0.0045637760317784,0.0489236790606653,0.0489236790606653,0.0489236790606653,0.0799358432760656
8,biMaxInfgain,standard,noAug,noImbl,EasyEnsemble,last,0.1,0.2,5012,2026-05-30 19:41:41,20260530-182225,log/stroke_prediction_v4/8/biMaxInfgain/noAug__noImbl__standard/EasyEnsemble,1780136562317_d342c02e17801413014541271,0.0489236790606653,0.0244618395303326,0.5,0.0466417910447761,0.0023935263728309,0.0489236790606653,0.0045637760317784,0.0489236790606653,0.0489236790606653,0.0489236790606653,0.0799358432760656
8,biMaxInfgain,standard,noAug,noImbl,EasyEnsemble,last,0.15,0.1,5012,2026-05-30 19:41:08,20260530-182225,log/stroke_prediction_v4/8/biMaxInfgain/noAug__noImbl__standard/EasyEnsemble,1780136562317_d342c02e17801412683609020,0.0489236790606653,0.0244618395303326,0.5,0.0466417910447761,0.0023935263728309,0.0489236790606653,0.0045637760317784,0.0489236790606653,0.0489236790606653,0.0489236790606653,0.0799358432760656
8,biMaxInfgain,standard,noAug,noImbl,EasyEnsemble,last,0.15,0.2,5012,2026-05-30 19:41:47,20260530-182225,log/stroke_prediction_v4/8/biMaxInfgain/noAug__noImbl__standard/EasyEnsemble,1780136562317_d342c02e17801413070401442,0.0489236790606653,0.0244618395303326,0.5,0.0466417910447761,0.0023935263728309,0.0489236790606653,0.0045637760317784,0.0489236790606653,0.0489236790606653,0.0489236790606653,0.0799358432760656
8,biMaxInfgain,standard,noAug,noImbl,EasyEnsemble,last,0.2,0.1,5012,2026-05-30 19:41:13,20260530-182225,log/stroke_prediction_v4/8/biMaxInfgain/noAug__noImbl__standard/EasyEnsemble,1780136562317_d342c02e17801412738627518,0.0919765166340508,0.5255623721881391,0.522633744855967,0.091945218909893,0.953577531525258,0.0919765166340508,0.0871358019643098,0.0919765166340508,0.0919765166340508,0.0919765166340508,0.2638301246416871
8,biMaxInfgain,standard,noAug,noImbl,EasyEnsemble,last,0.2,0.2,5012,2026-05-30 19:41:52,20260530-182225,log/stroke_prediction_v4/8/biMaxInfgain/noAug__noImbl__standard/EasyEnsemble,1780136562317_d342c02e17801413125415343,0.3483365949119373,0.5304820587169263,0.6384362139917695,0.3032417359686513,0.9482385702298616,0.3483365949119373,0.4631550434521502,0.3483365949119373,0.3483365949119373,0.3483365949119373,0.4660098391717508
8,biMaxInfgain,standard,noAug,noImbl,EasyEnsemble,last,0.25,0.1,5012,2026-05-30 19:41:19,20260530-182225,log/stroke_prediction_v4/8/biMaxInfgain/noAug__noImbl__standard/EasyEnsemble,1780136562317_d342c02e17801412794230922,0.2093933463796477,0.5221506635441061,0.5653909465020576,0.1987113802204626,0.9425037924444424,0.2093933463796477,0.2821755564812139,0.2093933463796477,0.2093933463796477,0.2093933463796477,0.358894919306171
8,biMaxInfgain,standard,noAug,noImbl,EasyEnsemble,last,0.25,0.2,5012,2026-05-30 19:41:58,20260530-182225,log/stroke_prediction_v4/8/biMaxInfgain/noAug__noImbl__standard/EasyEnsemble,1780136562317_d342c02e17801413180374828,0.3590998043052837,0.5311215397673995,0.6440946502057613,0.3106278506719064,0.948500592651796,0.3590998043052837,0.4755398110039135,0.3590998043052837,0.3590998043052837,0.3590998043052837,0.473936749235982
8,biMaxInfgain,standard,noAug,noImbl,EasyEnsemble,last,0.3,0.1,5012,2026-05-30 19:41:24,20260530-182225,log/stroke_prediction_v4/8/biMaxInfgain/noAug__noImbl__standard/EasyEnsemble,1780136562317_d342c02e17801412848987938,0.360078277886497,0.5311801242236025,0.6446090534979424,0.3112952086553323,0.9485237811622564,0.360078277886497,0.4766554653874422,0.360078277886497,0.360078277886497,0.360078277886497,0.474655208149395
8,biMaxInfgain,standard,noAug,noImbl,EasyEnsemble,last,0.3,0.2,5012,2026-05-30 19:42:03,20260530-182225,log/stroke_prediction_v4/8/biMaxInfgain/noAug__noImbl__standard/EasyEnsemble,1780136562317_d342c02e17801413235268941,0.3590998043052837,0.5311215397673995,0.6440946502057613,0.3106278506719064,0.948500592651796,0.3590998043052837,0.4755398110039135,0.3590998043052837,0.3590998043052837,0.3590998043052837,0.473936749235982
8,biMaxInfgain,standard,noAug,noImbl,EasyEnsemble,last,0.35,0.1,5012,2026-05-30 19:41:30,20260530-182225,log/stroke_prediction_v4/8/biMaxInfgain/noAug__noImbl__standard/EasyEnsemble,1780136562317_d342c02e17801412904475532,0.4227005870841487,0.531264199935086,0.658559670781893,0.3508554351242997,0.944882592697748,0.4227005870841486,0.5456825824977726,0.4227005870841487,0.4227005870841487,0.4227005870841487,0.5170315838184428
8,biMaxInfgain,standard,noAug,noImbl,EasyEnsemble,last,0.35,0.2,5012,2026-05-30 19:42:09,20260530-182225,log/stroke_prediction_v4/8/biMaxInfgain/noAug__noImbl__standard/EasyEnsemble,1780136562317_d342c02e17801413290981636,0.3679060665362035,0.5316517778945524,0.6487242798353909,0.3166101498420427,0.948705772017198,0.3679060665362035,0.485520275527815,0.3679060665362035,0.3679060665362035,0.3679060665362035,0.4803901733946741
8,biMaxInfgain,standard,noAug,noImbl,EasyEnsemble,last,0.5,0.1,5012,2026-05-30 19:41:35,20260530-182225,log/stroke_prediction_v4/8/biMaxInfgain/noAug__noImbl__standard/EasyEnsemble,1780136562317_d342c02e17801412959464864,0.6771037181996086,0.5480026854649211,0.7353909465020576,0.4965817834432934,0.942145573482742,0.6771037181996086,0.768544567504278,0.6771037181996086,0.6771037181996086,0.6771037181996086,0.683164360466951
8,biMaxInfgain,standard,noAug,noImbl,EasyEnsemble,last,0.5,0.2,5012,2026-05-30 19:42:14,20260530-182225,log/stroke_prediction_v4/8/biMaxInfgain/noAug__noImbl__standard/EasyEnsemble,1780136562317_d342c02e17801413347974044,0.6448140900195695,0.5500319250183718,0.756358024691358,0.4836250057415828,0.947255361977936,0.6448140900195695,0.7438987985687346,0.6448140900195695,0.6448140900195695,0.6448140900195695,0.6674187378231419
8,biMaxInfgain,standard,noAug,noImbl,XGBClassifier_SPW24,first,0.1,0.1,5012,2026-05-30 19:39:44,20260530-182225,log/stroke_prediction_v4/8/biMaxInfgain/standard__noAug__noImbl/XGBClassifier_SPW24,1780136562317_d342c02e17801411842885313,0.8199608610567515,0.5504578754578754,0.658724279835391,0.5526756489305016,0.9280897185006776,0.8199608610567515,0.8646211749816439,0.8199608610567515,0.8199608610567515,0.8199608610567515,0.7543060553889166
8,biMaxInfgain,standard,noAug,noImbl,XGBClassifier_SPW24,first,0.1,0.2,5012,2026-05-30 19:40:22,20260530-182225,log/stroke_prediction_v4/8/biMaxInfgain/standard__noAug__noImbl/XGBClassifier_SPW24,1780136562317_d342c02e17801412227710135,0.850293542074364,0.5645448255411682,0.6746707818930041,0.5778945748738672,0.9304619319906215,0.850293542074364,0.883804255457129,0.850293542074364,0.850293542074364,0.850293542074364,0.7763399953218743
8,biMaxInfgain,standard,noAug,noImbl,XGBClassifier_SPW24,first,0.15,0.1,5012,2026-05-30 19:39:49,20260530-182225,log/stroke_prediction_v4/8/biMaxInfgain/standard__noAug__noImbl/XGBClassifier_SPW24,1780136562317_d342c02e17801411897414419,0.8317025440313112,0.5323627984918308,0.5890123456790124,0.5316922421142369,0.9189051589783866,0.8317025440313112,0.8698456631014526,0.8317025440313112,0.8317025440313112,0.8317025440313112,0.7469397337098008
8,biMaxInfgain,standard,noAug,noImbl,XGBClassifier_SPW24,first,0.15,0.2,5012,2026-05-30 19:40:28,20260530-182225,log/stroke_prediction_v4/8/biMaxInfgain/standard__noAug__noImbl/XGBClassifier_SPW24,1780136562317_d342c02e17801412283395453,0.87573385518591,0.5655193902497483,0.6406172839506172,0.5813569435708872,0.9266528961476536,0.87573385518591,0.8980611588673295,0.87573385518591,0.87573385518591,0.87573385518591,0.7854852144748982
8,biMaxInfgain,standard,noAug,noImbl,XGBClassifier_SPW24,first,0.2,0.1,5012,2026-05-30 19:39:55,20260530-182225,log/stroke_prediction_v4/8/biMaxInfgain/standard__noAug__noImbl/XGBClassifier_SPW24,1780136562317_d342c02e17801411953020379,0.8532289628180039,0.541504937010555,0.6003292181069959,0.54763281830951,0.920673211145737,0.8532289628180039,0.8830609674009758,0.8532289628180039,0.8532289628180039,0.8532289628180039,0.7621463896101031
8,biMaxInfgain,standard,noAug,noImbl,XGBClassifier_SPW24,first,0.2,0.2,5012,2026-05-30 19:40:33,20260530-182225,log/stroke_prediction_v4/8/biMaxInfgain/standard__noAug__noImbl/XGBClassifier_SPW24,1780136562317_d342c02e17801412338315548,0.8806262230919765,0.5584045584045583,0.6147325102880659,0.5716209716209716,0.9233779918711424,0.8806262230919765,0.8998500521005414,0.8806262230919765,0.8806262230919765,0.8806262230919764,0.7826226488513939
8,biMaxInfgain,standard,noAug,noImbl,XGBClassifier_SPW24,first,0.25,0.1,5012,2026-05-30 19:40:00,20260530-182225,log/stroke_prediction_v4/8/biMaxInfgain/standard__noAug__noImbl/XGBClassifier_SPW24,1780136562317_d342c02e17801412008091194,0.8688845401174168,0.5347678093848771,0.5706172839506173,0.5404244466220116,0.9169708189821494,0.8688845401174168,0.8909339445418769,0.8688845401174168,0.8688845401174168,0.8688845401174168,0.7644931659533141
8,biMaxInfgain,standard,noAug,noImbl,XGBClassifier_SPW24,first,0.25,0.2,5012,2026-05-30 19:40:39,20260530-182225,log/stroke_prediction_v4/8/biMaxInfgain/standard__noAug__noImbl/XGBClassifier_SPW24,1780136562317_d342c02e17801412393041962,0.8943248532289628,0.5621645796064401,0.602962962962963,0.5746392896781354,0.922460782288753,0.8943248532289629,0.907314334366468,0.8943248532289628,0.8943248532289628,0.8943248532289628,0.788781817384091
8,biMaxInfgain,standard,noAug,noImbl,XGBClassifier_SPW24,first,0.3,0.1,5012,2026-05-30 19:40:06,20260530-182225,log/stroke_prediction_v4/8/biMaxInfgain/standard__noAug__noImbl/XGBClassifier_SPW24,1780136562317_d342c02e17801412062923298,0.8767123287671232,0.5393926247288503,0.5747325102880658,0.5467370644139388,0.917748789112412,0.8767123287671232,0.8956329287873749,0.8767123287671232,0.8767123287671232,0.8767123287671232,0.7702278228999789
8,biMaxInfgain,standard,noAug,noImbl,XGBClassifier_SPW24,first,0.3,0.2,5012,2026-05-30 19:40:44,20260530-182225,log/stroke_prediction_v4/8/biMaxInfgain/standard__noAug__noImbl/XGBClassifier_SPW24,1780136562317_d342c02e17801412448655112,0.9021526418786692,0.5558625730994153,0.5786213991769548,0.5641493662680609,0.9195065860999532,0.9021526418786692,0.9104149441713728,0.9021526418786692,0.9021526418786692,0.9021526418786692,0.7874447591550149
8,biMaxInfgain,standard,noAug,noImbl,XGBClassifier_SPW24,first,0.35,0.1,5012,2026-05-30 19:40:11,20260530-182225,log/stroke_prediction_v4/8/biMaxInfgain/standard__noAug__noImbl/XGBClassifier_SPW24,1780136562317_d342c02e17801412118562295,0.8806262230919765,0.5419816414686824,0.57679012345679,0.5500526870389884,0.9181627309345584,0.8806262230919765,0.8979851074052613,0.8806262230919765,0.8806262230919765,0.8806262230919764,0.7731496079894309
8,biMaxInfgain,standard,noAug,noImbl,XGBClassifier_SPW24,first,0.35,0.2,5012,2026-05-30 19:40:50,20260530-182225,log/stroke_prediction_v4/8/biMaxInfgain/standard__noAug__noImbl/XGBClassifier_SPW24,1780136562317_d342c02e17801412503426092,0.9050880626223092,0.547809661602765,0.5611934156378601,0.5531183086528276,0.9171041523426974,0.9050880626223092,0.9109089516074717,0.9050880626223092,0.9050880626223092,0.9050880626223092,0.7842500370463007
8,biMaxInfgain,standard,noAug,noImbl,XGBClassifier_SPW24,first,0.5,0.1,5012,2026-05-30 19:40:17,20260530-182225,log/stroke_prediction_v4/8/biMaxInfgain/standard__noAug__noImbl/XGBClassifier_SPW24,1780136562317_d342c02e17801412173242929,0.9001956947162426,0.5239104906054279,0.5301646090534979,0.5262067084810472,0.9119809136369394,0.9001956947162427,0.9059620447242744,0.9001956947162426,0.9001956947162426,0.9001956947162426,0.7715091921968816
8,biMaxInfgain,standard,noAug,noImbl,XGBClassifier_SPW24,first,0.5,0.2,5012,2026-05-30 19:40:55,20260530-182225,log/stroke_prediction_v4/8/biMaxInfgain/standard__noAug__noImbl/XGBClassifier_SPW24,1780136562317_d342c02e17801412558476542,0.9217221135029354,0.5489795918367346,0.5414814814814815,0.5447255880256592,0.9153640321099084,0.9217221135029352,0.9184791326386146,0.9217221135029354,0.9217221135029354,0.9217221135029354,0.7887520640436275
8,biMaxInfgain,standard,noAug,noImbl,XGBClassifier_SPW24,last,0.1,0.1,5012,2026-05-30 19:41:01,20260530-182225,log/stroke_prediction_v4/8/biMaxInfgain/noAug__noImbl__standard/XGBClassifier_SPW24,1780136562317_d342c02e17801412614217620,0.8199608610567515,0.5504578754578754,0.658724279835391,0.5526756489305016,0.9280897185006776,0.8199608610567515,0.8646211749816439,0.8199608610567515,0.8199608610567515,0.8199608610567515,0.7543060553889166
8,biMaxInfgain,standard,noAug,noImbl,XGBClassifier_SPW24,last,0.1,0.2,5012,2026-05-30 19:41:39,20260530-182225,log/stroke_prediction_v4/8/biMaxInfgain/noAug__noImbl__standard/XGBClassifier_SPW24,1780136562317_d342c02e17801412999863919,0.850293542074364,0.5645448255411682,0.6746707818930041,0.5778945748738672,0.9304619319906215,0.850293542074364,0.883804255457129,0.850293542074364,0.850293542074364,0.850293542074364,0.7763399953218743
8,biMaxInfgain,standard,noAug,noImbl,XGBClassifier_SPW24,last,0.15,0.1,5012,2026-05-30 19:41:06,20260530-182225,log/stroke_prediction_v4/8/biMaxInfgain/noAug__noImbl__standard/XGBClassifier_SPW24,1780136562317_d342c02e17801412668951508,0.8317025440313112,0.5323627984918308,0.5890123456790124,0.5316922421142369,0.9189051589783866,0.8317025440313112,0.8698456631014526,0.8317025440313112,0.8317025440313112,0.8317025440313112,0.7469397337098008
8,biMaxInfgain,standard,noAug,noImbl,XGBClassifier_SPW24,last,0.15,0.2,5012,2026-05-30 19:41:45,20260530-182225,log/stroke_prediction_v4/8/biMaxInfgain/noAug__noImbl__standard/XGBClassifier_SPW24,1780136562317_d342c02e17801413054717913,0.87573385518591,0.5655193902497483,0.6406172839506172,0.5813569435708872,0.9266528961476536,0.87573385518591,0.8980611588673295,0.87573385518591,0.87573385518591,0.87573385518591,0.7854852144748982
8,biMaxInfgain,standard,noAug,noImbl,XGBClassifier_SPW24,last,0.2,0.1,5012,2026-05-30 19:41:12,20260530-182225,log/stroke_prediction_v4/8/biMaxInfgain/noAug__noImbl__standard/XGBClassifier_SPW24,1780136562317_d342c02e17801412723621676,0.8532289628180039,0.541504937010555,0.6003292181069959,0.54763281830951,0.920673211145737,0.8532289628180039,0.8830609674009758,0.8532289628180039,0.8532289628180039,0.8532289628180039,0.7621463896101031
8,biMaxInfgain,standard,noAug,noImbl,XGBClassifier_SPW24,last,0.2,0.2,5012,2026-05-30 19:41:51,20260530-182225,log/stroke_prediction_v4/8/biMaxInfgain/noAug__noImbl__standard/XGBClassifier_SPW24,1780136562317_d342c02e17801413110740138,0.8806262230919765,0.5584045584045583,0.6147325102880659,0.5716209716209716,0.9233779918711424,0.8806262230919765,0.8998500521005414,0.8806262230919765,0.8806262230919765,0.8806262230919764,0.7826226488513939
8,biMaxInfgain,standard,noAug,noImbl,XGBClassifier_SPW24,last,0.25,0.1,5012,2026-05-30 19:41:17,20260530-182225,log/stroke_prediction_v4/8/biMaxInfgain/noAug__noImbl__standard/XGBClassifier_SPW24,1780136562317_d342c02e17801412779576885,0.8688845401174168,0.5347678093848771,0.5706172839506173,0.5404244466220116,0.9169708189821494,0.8688845401174168,0.8909339445418769,0.8688845401174168,0.8688845401174168,0.8688845401174168,0.7644931659533141
8,biMaxInfgain,standard,noAug,noImbl,XGBClassifier_SPW24,last,0.25,0.2,5012,2026-05-30 19:41:56,20260530-182225,log/stroke_prediction_v4/8/biMaxInfgain/noAug__noImbl__standard/XGBClassifier_SPW24,1780136562317_d342c02e17801413165462994,0.8943248532289628,0.5621645796064401,0.602962962962963,0.5746392896781354,0.922460782288753,0.8943248532289629,0.907314334366468,0.8943248532289628,0.8943248532289628,0.8943248532289628,0.788781817384091
8,biMaxInfgain,standard,noAug,noImbl,XGBClassifier_SPW24,last,0.3,0.1,5012,2026-05-30 19:41:23,20260530-182225,log/stroke_prediction_v4/8/biMaxInfgain/noAug__noImbl__standard/XGBClassifier_SPW24,1780136562317_d342c02e17801412834211355,0.8767123287671232,0.5393926247288503,0.5747325102880658,0.5467370644139388,0.917748789112412,0.8767123287671232,0.8956329287873749,0.8767123287671232,0.8767123287671232,0.8767123287671232,0.7702278228999789
8,biMaxInfgain,standard,noAug,noImbl,XGBClassifier_SPW24,last,0.3,0.2,5012,2026-05-30 19:42:02,20260530-182225,log/stroke_prediction_v4/8/biMaxInfgain/noAug__noImbl__standard/XGBClassifier_SPW24,1780136562317_d342c02e17801413220588907,0.9021526418786692,0.5558625730994153,0.5786213991769548,0.5641493662680609,0.9195065860999532,0.9021526418786692,0.9104149441713728,0.9021526418786692,0.9021526418786692,0.9021526418786692,0.7874447591550149
8,biMaxInfgain,standard,noAug,noImbl,XGBClassifier_SPW24,last,0.35,0.1,5012,2026-05-30 19:41:28,20260530-182225,log/stroke_prediction_v4/8/biMaxInfgain/noAug__noImbl__standard/XGBClassifier_SPW24,1780136562317_d342c02e17801412888769239,0.8806262230919765,0.5419816414686824,0.57679012345679,0.5500526870389884,0.9181627309345584,0.8806262230919765,0.8979851074052613,0.8806262230919765,0.8806262230919765,0.8806262230919764,0.7731496079894309
8,biMaxInfgain,standard,noAug,noImbl,XGBClassifier_SPW24,last,0.35,0.2,5012,2026-05-30 19:42:07,20260530-182225,log/stroke_prediction_v4/8/biMaxInfgain/noAug__noImbl__standard/XGBClassifier_SPW24,1780136562317_d342c02e17801413276375762,0.9050880626223092,0.547809661602765,0.5611934156378601,0.5531183086528276,0.9171041523426974,0.9050880626223092,0.9109089516074717,0.9050880626223092,0.9050880626223092,0.9050880626223092,0.7842500370463007
8,biMaxInfgain,standard,noAug,noImbl,XGBClassifier_SPW24,last,0.5,0.1,5012,2026-05-30 19:41:34,20260530-182225,log/stroke_prediction_v4/8/biMaxInfgain/noAug__noImbl__standard/XGBClassifier_SPW24,1780136562317_d342c02e17801412944718286,0.9001956947162426,0.5239104906054279,0.5301646090534979,0.5262067084810472,0.9119809136369394,0.9001956947162427,0.9059620447242744,0.9001956947162426,0.9001956947162426,0.9001956947162426,0.7715091921968816
8,biMaxInfgain,standard,noAug,noImbl,XGBClassifier_SPW24,last,0.5,0.2,5012,2026-05-30 19:42:13,20260530-182225,log/stroke_prediction_v4/8/biMaxInfgain/noAug__noImbl__standard/XGBClassifier_SPW24,1780136562317_d342c02e17801413333262995,0.9217221135029354,0.5489795918367346,0.5414814814814815,0.5447255880256592,0.9153640321099084,0.9217221135029352,0.9184791326386146,0.9217221135029354,0.9217221135029354,0.9217221135029354,0.7887520640436275
8,infgain,minmax,gaussian_noise,noImbl,BalancedRandomForest,first,0.1,0.1,5012,2026-05-30 19:42:21,20260530-182225,log/stroke_prediction_v4/8/infgain/minmax__gaussian_noise__noImbl/BalancedRandomForest,1780136562317_d342c02e17801413414093731,0.4520547945205479,0.5297138259607497,0.6550205761316872,0.3673281686653224,0.94121742933929,0.4520547945205478,0.5761996901586858,0.4520547945205479,0.4520547945205479,0.4520547945205479,0.534946279774993
8,infgain,minmax,gaussian_noise,noImbl,BalancedRandomForest,first,0.1,0.2,5012,2026-05-30 19:43:13,20260530-182225,log/stroke_prediction_v4/8/infgain/minmax__gaussian_noise__noImbl/BalancedRandomForest,1780136562317_d342c02e17801413935225011,0.487279843444227,0.5362500774905461,0.6925102880658436,0.3912019353195823,0.9467096755878756,0.4872798434442269,0.6093887118982088,0.487279843444227,0.487279843444227,0.487279843444227,0.5625475385747859
8,infgain,minmax,gaussian_noise,noImbl,BalancedRandomForest,first,0.15,0.1,5012,2026-05-30 19:42:29,20260530-182225,log/stroke_prediction_v4/8/infgain/minmax__gaussian_noise__noImbl/BalancedRandomForest,1780136562317_d342c02e17801413490037896,0.5205479452054794,0.5285013790989886,0.6530864197530865,0.403961055964198,0.9358939374220714,0.5205479452054794,0.6417776751687586,0.5205479452054794,0.5205479452054794,0.5205479452054794,0.5768281613795498
8,infgain,minmax,gaussian_noise,noImbl,BalancedRandomForest,first,0.15,0.2,5012,2026-05-30 19:43:20,20260530-182225,log/stroke_prediction_v4/8/infgain/minmax__gaussian_noise__noImbl/BalancedRandomForest,1780136562317_d342c02e17801414008163693,0.5587084148727984,0.5411167493220722,0.7205761316872428,0.4331460307973086,0.9466046402663106,0.5587084148727984,0.6738290206467922,0.5587084148727984,0.5587084148727984,0.5587084148727984,0.6103593757932969
8,infgain,minmax,gaussian_noise,noImbl,BalancedRandomForest,first,0.2,0.1,5012,2026-05-30 19:42:36,20260530-182225,log/stroke_prediction_v4/8/infgain/minmax__gaussian_noise__noImbl/BalancedRandomForest,1780136562317_d342c02e17801413563997065,0.589041095890411,0.5357031857031855,0.6890946502057613,0.4439896373056995,0.9387978840033632,0.589041095890411,0.7001916388672014,0.589041095890411,0.589041095890411,0.589041095890411,0.6236032017733304
8,infgain,minmax,gaussian_noise,noImbl,BalancedRandomForest,first,0.2,0.2,5012,2026-05-30 19:43:28,20260530-182225,log/stroke_prediction_v4/8/infgain/minmax__gaussian_noise__noImbl/BalancedRandomForest,1780136562317_d342c02e17801414081735734,0.6311154598825832,0.5480697088188007,0.7491563786008231,0.4752443018924458,0.9468623259063392,0.6311154598825832,0.7332572420484721,0.6311154598825832,0.6311154598825832,0.6311154598825832,0.6581302568767672
8,infgain,minmax,gaussian_noise,noImbl,BalancedRandomForest,first,0.25,0.1,5012,2026-05-30 19:42:43,20260530-182225,log/stroke_prediction_v4/8/infgain/minmax__gaussian_noise__noImbl/BalancedRandomForest,1780136562317_d342c02e17801413638047888,0.6536203522504892,0.5406542056074766,0.7040740740740741,0.4787066655139621,0.938191561351208,0.6536203522504892,0.751122914113756,0.6536203522504892,0.6536203522504892,0.6536203522504892,0.6642145619476293
8,infgain,minmax,gaussian_noise,noImbl,BalancedRandomForest,first,0.25,0.2,5012,2026-05-30 19:43:35,20260530-182225,log/stroke_prediction_v4/8/infgain/minmax__gaussian_noise__noImbl/BalancedRandomForest,1780136562317_d342c02e17801414156459824,0.6692759295499021,0.5485035649146078,0.740761316872428,0.4935550082101806,0.943369239360499,0.6692759295499021,0.7626823993650366,0.6692759295499021,0.6692759295499021,0.6692759295499021,0.6794093950709966
8,infgain,minmax,gaussian_noise,noImbl,BalancedRandomForest,first,0.3,0.1,5012,2026-05-30 19:42:51,20260530-182225,log/stroke_prediction_v4/8/infgain/minmax__gaussian_noise__noImbl/BalancedRandomForest,1780136562317_d342c02e17801413712499705,0.7181996086105675,0.5443823711980137,0.700082304526749,0.5101975611054901,0.9352591831355128,0.7181996086105675,0.7981523475914982,0.7181996086105675,0.7181996086105675,0.7181996086105675,0.7015047156348027
8,infgain,minmax,gaussian_noise,noImbl,BalancedRandomForest,first,0.3,0.2,5012,2026-05-30 19:43:42,20260530-182225,log/stroke_prediction_v4/8/infgain/minmax__gaussian_noise__noImbl/BalancedRandomForest,1780136562317_d342c02e17801414228823793,0.735812133072407,0.5578395565278653,0.7567695473251028,0.5324699089134678,0.9430290297064274,0.735812133072407,0.8106324173326696,0.735812133072407,0.735812133072407,0.735812133072407,0.7215540155218226
8,infgain,minmax,gaussian_noise,noImbl,BalancedRandomForest,first,0.35,0.1,5012,2026-05-30 19:42:58,20260530-182225,log/stroke_prediction_v4/8/infgain/minmax__gaussian_noise__noImbl/BalancedRandomForest,1780136562317_d342c02e17801413786212078,0.7455968688845401,0.5380813143971038,0.6575720164609054,0.5133761134552274,0.9285493577387696,0.7455968688845401,0.8166445787609304,0.7455968688845401,0.7455968688845401,0.7455968688845401,0.7101621202459174
8,infgain,minmax,gaussian_noise,noImbl,BalancedRandomForest,first,0.35,0.2,5012,2026-05-30 19:43:50,20260530-182225,log/stroke_prediction_v4/8/infgain/minmax__gaussian_noise__noImbl/BalancedRandomForest,1780136562317_d342c02e17801414301968469,0.7632093933463796,0.5507506527415145,0.7047736625514404,0.5349549102341359,0.9348427288938396,0.7632093933463796,0.8288803759177794,0.7632093933463796,0.7632093933463796,0.7632093933463796,0.7288957546800184
8,infgain,minmax,gaussian_noise,noImbl,BalancedRandomForest,first,0.5,0.1,5012,2026-05-30 19:43:06,20260530-182225,log/stroke_prediction_v4/8/infgain/minmax__gaussian_noise__noImbl/BalancedRandomForest,1780136562317_d342c02e17801413861890192,0.8610567514677103,0.5589036431733061,0.6423868312757202,0.5717590679996695,0.9264302471936766,0.8610567514677103,0.8892977158062572,0.8610567514677103,0.8610567514677103,0.8610567514677103,0.7763532903222433
8,infgain,minmax,gaussian_noise,noImbl,BalancedRandomForest,first,0.5,0.2,5012,2026-05-30 19:43:57,20260530-182225,log/stroke_prediction_v4/8/infgain/minmax__gaussian_noise__noImbl/BalancedRandomForest,1780136562317_d342c02e17801414375601934,0.8639921722113503,0.5699653430205853,0.6723868312757202,0.5869386330924792,0.9304610032784114,0.8639921722113503,0.8921278362795749,0.8639921722113503,0.8639921722113503,0.8639921722113503,0.7847381570478197
8,infgain,minmax,gaussian_noise,noImbl,BalancedRandomForest,last,0.1,0.1,5012,2026-05-30 19:44:05,20260530-182225,log/stroke_prediction_v4/8/infgain/gaussian_noise__noImbl__minmax/BalancedRandomForest,1780136562317_d342c02e17801414453960829,0.4442270058708414,0.532850549100748,0.6698765432098766,0.3644946575582414,0.9455318968682928,0.4442270058708414,0.5675698651389522,0.4442270058708414,0.4442270058708414,0.4442270058708414,0.5323263796708072
8,infgain,minmax,gaussian_noise,noImbl,BalancedRandomForest,last,0.1,0.2,5012,2026-05-30 19:44:56,20260530-182225,log/stroke_prediction_v4/8/infgain/gaussian_noise__noImbl__minmax/BalancedRandomForest,1780136562317_d342c02e17801414967273755,0.474559686888454,0.5352089887990893,0.6858230452674897,0.3833793053082182,0.946375579693249,0.4745596868884539,0.5972935847407307,0.474559686888454,0.474559686888454,0.474559686888454,0.5536655696387066
8,infgain,minmax,gaussian_noise,noImbl,BalancedRandomForest,last,0.15,0.1,5012,2026-05-30 19:44:12,20260530-182225,log/stroke_prediction_v4/8/infgain/gaussian_noise__noImbl__minmax/BalancedRandomForest,1780136562317_d342c02e17801414525966836,0.5244618395303327,0.5288782669975794,0.6551440329218108,0.4062600113801001,0.93607287947773,0.5244618395303327,0.6452558130347371,0.5244618395303327,0.5244618395303327,0.5244618395303327,0.5795216274140705
8,infgain,minmax,gaussian_noise,noImbl,BalancedRandomForest,last,0.15,0.2,5012,2026-05-30 19:45:03,20260530-182225,log/stroke_prediction_v4/8/infgain/gaussian_noise__noImbl__minmax/BalancedRandomForest,1780136562317_d342c02e17801415039111603,0.5577299412915852,0.5427708256655626,0.7295473251028807,0.433892156862745,0.948426843524176,0.5577299412915852,0.6727591803844827,0.5577299412915852,0.5577299412915852,0.5577299412915852,0.6111641765329799
8,infgain,minmax,gaussian_noise,noImbl,BalancedRandomForest,last,0.2,0.1,5012,2026-05-30 19:44:20,20260530-182225,log/stroke_prediction_v4/8/infgain/gaussian_noise__noImbl__minmax/BalancedRandomForest,1780136562317_d342c02e17801414600477775,0.589041095890411,0.5357031857031855,0.6890946502057613,0.4439896373056995,0.9387978840033632,0.589041095890411,0.7001916388672014,0.589041095890411,0.589041095890411,0.589041095890411,0.6236032017733304
8,infgain,minmax,gaussian_noise,noImbl,BalancedRandomForest,last,0.2,0.2,5012,2026-05-30 19:45:11,20260530-182225,log/stroke_prediction_v4/8/infgain/gaussian_noise__noImbl__minmax/BalancedRandomForest,1780136562317_d342c02e17801415111722981,0.6183953033268101,0.5410781990521327,0.7140123456790124,0.4628186052529434,0.941563424564788,0.6183953033268101,0.7236217245694981,0.6183953033268101,0.6183953033268101,0.6183953033268101,0.6449895677336834
8,infgain,minmax,gaussian_noise,noImbl,BalancedRandomForest,last,0.25,0.1,5012,2026-05-30 19:44:27,20260530-182225,log/stroke_prediction_v4/8/infgain/gaussian_noise__noImbl__minmax/BalancedRandomForest,1780136562317_d342c02e17801414673410071,0.6653620352250489,0.5460711331679075,0.7292181069958847,0.4893613291179925,0.9417049881919524,0.6653620352250489,0.7598157475025025,0.6653620352250489,0.6653620352250489,0.6653620352250489,0.675220798418668
8,infgain,minmax,gaussian_noise,noImbl,BalancedRandomForest,last,0.25,0.2,5012,2026-05-30 19:45:18,20260530-182225,log/stroke_prediction_v4/8/infgain/gaussian_noise__noImbl__minmax/BalancedRandomForest,1780136562317_d342c02e17801415183350244,0.6731898238747553,0.5473462707505261,0.7333333333333334,0.4941643697578613,0.9419985019768508,0.6731898238747553,0.7656470485338093,0.6731898238747553,0.6731898238747553,0.6731898238747553,0.6805154528997237
8,infgain,minmax,gaussian_noise,noImbl,BalancedRandomForest,last,0.3,0.1,5012,2026-05-30 19:44:34,20260530-182225,log/stroke_prediction_v4/8/infgain/gaussian_noise__noImbl__minmax/BalancedRandomForest,1780136562317_d342c02e17801414746458008,0.7064579256360078,0.5382435496059592,0.6749382716049384,0.4986263736263736,0.9318822671179005,0.7064579256360078,0.7898432291778671,0.7064579256360078,0.7064579256360078,0.7064579256360078,0.6903600195079189
8,infgain,minmax,gaussian_noise,noImbl,BalancedRandomForest,last,0.3,0.2,5012,2026-05-30 19:45:25,20260530-182225,log/stroke_prediction_v4/8/infgain/gaussian_noise__noImbl__minmax/BalancedRandomForest,1780136562317_d342c02e17801415254334702,0.7172211350293543,0.5518308973754518,0.7375102880658436,0.5180464562239429,0.9408354869593752,0.7172211350293543,0.7975579537256008,0.7172211350293543,0.7172211350293543,0.7172211350293543,0.70724678274424
8,infgain,minmax,gaussian_noise,noImbl,BalancedRandomForest,last,0.35,0.1,5012,2026-05-30 19:44:42,20260530-182225,log/stroke_prediction_v4/8/infgain/gaussian_noise__noImbl__minmax/BalancedRandomForest,1780136562317_d342c02e17801414820424476,0.7377690802348337,0.5363890081580077,0.6534567901234568,0.5085127763422337,0.9281029880205256,0.7377690802348337,0.811341303833605,0.7377690802348337,0.7377690802348337,0.7377690802348336,0.7048806227505082
8,infgain,minmax,gaussian_noise,noImbl,BalancedRandomForest,last,0.35,0.2,5012,2026-05-30 19:45:32,20260530-182225,log/stroke_prediction_v4/8/infgain/gaussian_noise__noImbl__minmax/BalancedRandomForest,1780136562317_d342c02e17801415328915009,0.7720156555772995,0.5488914245867604,0.6904320987654321,0.5358556690179965,0.932698404014516,0.7720156555772995,0.834538121154728,0.7720156555772995,0.7720156555772995,0.7720156555772995,0.7315675234934991
8,infgain,minmax,gaussian_noise,noImbl,BalancedRandomForest,last,0.5,0.1,5012,2026-05-30 19:44:49,20260530-182225,log/stroke_prediction_v4/8/infgain/gaussian_noise__noImbl__minmax/BalancedRandomForest,1780136562317_d342c02e17801414894566990,0.8688845401174168,0.5639413750987857,0.6465020576131688,0.5791136517302846,0.927194085883253,0.8688845401174168,0.8941711506606336,0.8688845401174168,0.8688845401174168,0.8688845401174168,0.7823102882651249
8,infgain,minmax,gaussian_noise,noImbl,BalancedRandomForest,last,0.5,0.2,5012,2026-05-30 19:45:40,20260530-182225,log/stroke_prediction_v4/8/infgain/gaussian_noise__noImbl__minmax/BalancedRandomForest,1780136562317_d342c02e17801415400846453,0.8590998043052838,0.5545539666326184,0.631872427983539,0.5657275055771296,0.9249909881816918,0.8590998043052838,0.8877385287049367,0.8590998043052838,0.8590998043052838,0.8590998043052838,0.7728015651442082
8,infgain,minmax,gaussian_noise,noImbl,EasyEnsemble,first,0.1,0.1,5012,2026-05-30 19:42:22,20260530-182225,log/stroke_prediction_v4/8/infgain/minmax__gaussian_noise__noImbl/EasyEnsemble,1780136562317_d342c02e17801413426239324,0.0489236790606653,0.0244618395303326,0.5,0.0466417910447761,0.0023935263728309,0.0489236790606653,0.0045637760317784,0.0489236790606653,0.0489236790606653,0.0489236790606653,0.0799358432760656
8,infgain,minmax,gaussian_noise,noImbl,EasyEnsemble,first,0.1,0.2,5012,2026-05-30 19:43:14,20260530-182225,log/stroke_prediction_v4/8/infgain/minmax__gaussian_noise__noImbl/EasyEnsemble,1780136562317_d342c02e17801413947160176,0.0489236790606653,0.0244618395303326,0.5,0.0466417910447761,0.0023935263728309,0.0489236790606653,0.0045637760317784,0.0489236790606653,0.0489236790606653,0.0489236790606653,0.0799358432760656
8,infgain,minmax,gaussian_noise,noImbl,EasyEnsemble,first,0.15,0.1,5012,2026-05-30 19:42:30,20260530-182225,log/stroke_prediction_v4/8/infgain/minmax__gaussian_noise__noImbl/EasyEnsemble,1780136562317_d342c02e17801413502154086,0.0489236790606653,0.0244618395303326,0.5,0.0466417910447761,0.0023935263728309,0.0489236790606653,0.0045637760317784,0.0489236790606653,0.0489236790606653,0.0489236790606653,0.0799358432760656
8,infgain,minmax,gaussian_noise,noImbl,EasyEnsemble,first,0.15,0.2,5012,2026-05-30 19:43:22,20260530-182225,log/stroke_prediction_v4/8/infgain/minmax__gaussian_noise__noImbl/EasyEnsemble,1780136562317_d342c02e17801414020147807,0.0489236790606653,0.0244618395303326,0.5,0.0466417910447761,0.0023935263728309,0.0489236790606653,0.0045637760317784,0.0489236790606653,0.0489236790606653,0.0489236790606653,0.0799358432760656
8,infgain,minmax,gaussian_noise,noImbl,EasyEnsemble,first,0.2,0.1,5012,2026-05-30 19:42:37,20260530-182225,log/stroke_prediction_v4/8/infgain/minmax__gaussian_noise__noImbl/EasyEnsemble,1780136562317_d342c02e17801413576186381,0.0489236790606653,0.0244618395303326,0.5,0.0466417910447761,0.0023935263728309,0.0489236790606653,0.0045637760317784,0.0489236790606653,0.0489236790606653,0.0489236790606653,0.0799358432760656
8,infgain,minmax,gaussian_noise,noImbl,EasyEnsemble,first,0.2,0.2,5012,2026-05-30 19:43:29,20260530-182225,log/stroke_prediction_v4/8/infgain/minmax__gaussian_noise__noImbl/EasyEnsemble,1780136562317_d342c02e17801414094114590,0.0489236790606653,0.0244618395303326,0.5,0.0466417910447761,0.0023935263728309,0.0489236790606653,0.0045637760317784,0.0489236790606653,0.0489236790606653,0.0489236790606653,0.0799358432760656
8,infgain,minmax,gaussian_noise,noImbl,EasyEnsemble,first,0.25,0.1,5012,2026-05-30 19:42:44,20260530-182225,log/stroke_prediction_v4/8/infgain/minmax__gaussian_noise__noImbl/EasyEnsemble,1780136562317_d342c02e17801413649971756,0.0489236790606653,0.0244618395303326,0.5,0.0466417910447761,0.0023935263728309,0.0489236790606653,0.0045637760317784,0.0489236790606653,0.0489236790606653,0.0489236790606653,0.0799358432760656
8,infgain,minmax,gaussian_noise,noImbl,EasyEnsemble,first,0.25,0.2,5012,2026-05-30 19:43:36,20260530-182225,log/stroke_prediction_v4/8/infgain/minmax__gaussian_noise__noImbl/EasyEnsemble,1780136562317_d342c02e17801414168310539,0.0489236790606653,0.0244618395303326,0.5,0.0466417910447761,0.0023935263728309,0.0489236790606653,0.0045637760317784,0.0489236790606653,0.0489236790606653,0.0489236790606653,0.0799358432760656
8,infgain,minmax,gaussian_noise,noImbl,EasyEnsemble,first,0.3,0.1,5012,2026-05-30 19:42:52,20260530-182225,log/stroke_prediction_v4/8/infgain/minmax__gaussian_noise__noImbl/EasyEnsemble,1780136562317_d342c02e17801413724381666,0.1095890410958904,0.5099530873589451,0.5129218106995884,0.1093707504491356,0.92471224539775,0.1095890410958903,0.1219497489683799,0.1095890410958904,0.1095890410958904,0.1095890410958904,0.2732924056966117
8,infgain,minmax,gaussian_noise,noImbl,EasyEnsemble,first,0.3,0.2,5012,2026-05-30 19:43:44,20260530-182225,log/stroke_prediction_v4/8/infgain/minmax__gaussian_noise__noImbl/EasyEnsemble,1780136562317_d342c02e17801414240707845,0.0577299412915851,0.5246791707798617,0.5046296296296297,0.0562110005437268,0.9534911126007692,0.057729941291585,0.0220533573845726,0.0577299412915851,0.0577299412915851,0.0577299412915851,0.2331116215069049
8,infgain,minmax,gaussian_noise,noImbl,EasyEnsemble,first,0.35,0.1,5012,2026-05-30 19:42:59,20260530-182225,log/stroke_prediction_v4/8/infgain/minmax__gaussian_noise__noImbl/EasyEnsemble,1780136562317_d342c02e17801413798010236,0.3228962818003913,0.5198630136986302,0.587119341563786,0.2826760791950665,0.934482481301772,0.3228962818003913,0.4359117271376678,0.3228962818003913,0.3228962818003913,0.3228962818003913,0.4410931673264853
8,infgain,minmax,gaussian_noise,noImbl,EasyEnsemble,first,0.35,0.2,5012,2026-05-30 19:43:51,20260530-182225,log/stroke_prediction_v4/8/infgain/minmax__gaussian_noise__noImbl/EasyEnsemble,1780136562317_d342c02e17801414313930613,0.3365949119373776,0.5297934665727316,0.6322633744855967,0.2950863700177012,0.947936817215446,0.3365949119373776,0.4494044169932724,0.3365949119373776,0.3365949119373776,0.3365949119373776,0.4573109486539746
8,infgain,minmax,gaussian_noise,noImbl,EasyEnsemble,first,0.5,0.1,5012,2026-05-30 19:43:07,20260530-182225,log/stroke_prediction_v4/8/infgain/minmax__gaussian_noise__noImbl/EasyEnsemble,1780136562317_d342c02e17801413874022144,0.6868884540117417,0.5423374613003096,0.7025925925925927,0.4949844344517468,0.9366451988149262,0.6868884540117417,0.7758344440300249,0.6868884540117417,0.6868884540117417,0.6868884540117417,0.6835357386477452
8,infgain,minmax,gaussian_noise,noImbl,EasyEnsemble,first,0.5,0.2,5012,2026-05-30 19:43:58,20260530-182225,log/stroke_prediction_v4/8/infgain/minmax__gaussian_noise__noImbl/EasyEnsemble,1780136562317_d342c02e17801414388539326,0.6810176125244618,0.555880289922843,0.7753909465020576,0.5062801932367149,0.9483177437959466,0.6810176125244618,0.7712602928803048,0.6810176125244618,0.6810176125244618,0.6810176125244618,0.6919970159494223
8,infgain,minmax,gaussian_noise,noImbl,EasyEnsemble,last,0.1,0.1,5012,2026-05-30 19:44:06,20260530-182225,log/stroke_prediction_v4/8/infgain/gaussian_noise__noImbl__minmax/EasyEnsemble,1780136562317_d342c02e17801414465844493,0.0489236790606653,0.0244618395303326,0.5,0.0466417910447761,0.0023935263728309,0.0489236790606653,0.0045637760317784,0.0489236790606653,0.0489236790606653,0.0489236790606653,0.0799358432760656
8,infgain,minmax,gaussian_noise,noImbl,EasyEnsemble,last,0.1,0.2,5012,2026-05-30 19:44:57,20260530-182225,log/stroke_prediction_v4/8/infgain/gaussian_noise__noImbl__minmax/EasyEnsemble,1780136562317_d342c02e17801414978690237,0.0489236790606653,0.0244618395303326,0.5,0.0466417910447761,0.0023935263728309,0.0489236790606653,0.0045637760317784,0.0489236790606653,0.0489236790606653,0.0489236790606653,0.0799358432760656
8,infgain,minmax,gaussian_noise,noImbl,EasyEnsemble,last,0.15,0.1,5012,2026-05-30 19:44:13,20260530-182225,log/stroke_prediction_v4/8/infgain/gaussian_noise__noImbl__minmax/EasyEnsemble,1780136562317_d342c02e17801414537631312,0.0489236790606653,0.0244618395303326,0.5,0.0466417910447761,0.0023935263728309,0.0489236790606653,0.0045637760317784,0.0489236790606653,0.0489236790606653,0.0489236790606653,0.0799358432760656
8,infgain,minmax,gaussian_noise,noImbl,EasyEnsemble,last,0.15,0.2,5012,2026-05-30 19:45:05,20260530-182225,log/stroke_prediction_v4/8/infgain/gaussian_noise__noImbl__minmax/EasyEnsemble,1780136562317_d342c02e17801415051037797,0.0489236790606653,0.0244618395303326,0.5,0.0466417910447761,0.0023935263728309,0.0489236790606653,0.0045637760317784,0.0489236790606653,0.0489236790606653,0.0489236790606653,0.0799358432760656
8,infgain,minmax,gaussian_noise,noImbl,EasyEnsemble,last,0.2,0.1,5012,2026-05-30 19:44:21,20260530-182225,log/stroke_prediction_v4/8/infgain/gaussian_noise__noImbl__minmax/EasyEnsemble,1780136562317_d342c02e17801414612154355,0.0489236790606653,0.0244618395303326,0.5,0.0466417910447761,0.0023935263728309,0.0489236790606653,0.0045637760317784,0.0489236790606653,0.0489236790606653,0.0489236790606653,0.0799358432760656
8,infgain,minmax,gaussian_noise,noImbl,EasyEnsemble,last,0.2,0.2,5012,2026-05-30 19:45:12,20260530-182225,log/stroke_prediction_v4/8/infgain/gaussian_noise__noImbl__minmax/EasyEnsemble,1780136562317_d342c02e17801415123307047,0.0489236790606653,0.0244618395303326,0.5,0.0466417910447761,0.0023935263728309,0.0489236790606653,0.0045637760317784,0.0489236790606653,0.0489236790606653,0.0489236790606653,0.0799358432760656
8,infgain,minmax,gaussian_noise,noImbl,EasyEnsemble,last,0.25,0.1,5012,2026-05-30 19:44:28,20260530-182225,log/stroke_prediction_v4/8/infgain/gaussian_noise__noImbl__minmax/EasyEnsemble,1780136562317_d342c02e17801414684765037,0.0489236790606653,0.0244618395303326,0.5,0.0466417910447761,0.0023935263728309,0.0489236790606653,0.0045637760317784,0.0489236790606653,0.0489236790606653,0.0489236790606653,0.0799358432760656
8,infgain,minmax,gaussian_noise,noImbl,EasyEnsemble,last,0.25,0.2,5012,2026-05-30 19:45:19,20260530-182225,log/stroke_prediction_v4/8/infgain/gaussian_noise__noImbl__minmax/EasyEnsemble,1780136562317_d342c02e17801415194953592,0.0499021526418786,0.5244857982370225,0.500514403292181,0.0477130900321759,0.9534721916083192,0.0499021526418786,0.0065229731720551,0.0499021526418786,0.0499021526418786,0.0499021526418786,0.2259435098511383
8,infgain,minmax,gaussian_noise,noImbl,EasyEnsemble,last,0.3,0.1,5012,2026-05-30 19:44:35,20260530-182225,log/stroke_prediction_v4/8/infgain/gaussian_noise__noImbl__minmax/EasyEnsemble,1780136562317_d342c02e17801414758231126,0.0900195694716242,0.5255102040816326,0.5216049382716049,0.0899638076635836,0.9535724270138584,0.0900195694716241,0.0835372592868986,0.0900195694716242,0.0900195694716242,0.0900195694716242,0.2621017447679316
8,infgain,minmax,gaussian_noise,noImbl,EasyEnsemble,last,0.3,0.2,5012,2026-05-30 19:45:26,20260530-182225,log/stroke_prediction_v4/8/infgain/gaussian_noise__noImbl__minmax/EasyEnsemble,1780136562317_d342c02e17801415266048799,0.1800391389432485,0.5199029444553741,0.5499588477366255,0.1739143854775546,0.9399490955038724,0.1800391389432485,0.2380850979249383,0.1800391389432485,0.1800391389432485,0.1800391389432485,0.3347966668572605
8,infgain,minmax,gaussian_noise,noImbl,EasyEnsemble,last,0.35,0.1,5012,2026-05-30 19:44:43,20260530-182225,log/stroke_prediction_v4/8/infgain/gaussian_noise__noImbl__minmax/EasyEnsemble,1780136562317_d342c02e17801414833067135,0.3131115459882583,0.523719733890307,0.6009465020576131,0.2771345088161209,0.940416620683631,0.3131115459882582,0.4226205977315186,0.3131115459882583,0.3131115459882583,0.3131115459882583,0.4367161700406043
8,infgain,minmax,gaussian_noise,noImbl,EasyEnsemble,last,0.35,0.2,5012,2026-05-30 19:45:34,20260530-182225,log/stroke_prediction_v4/8/infgain/gaussian_noise__noImbl__minmax/EasyEnsemble,1780136562317_d342c02e17801415340762707,0.337573385518591,0.5276102312679418,0.6232921810699588,0.2950524868999259,0.9447863545558024,0.337573385518591,0.4512447917860183,0.337573385518591,0.337573385518591,0.337573385518591,0.4565428226996982
8,infgain,minmax,gaussian_noise,noImbl,EasyEnsemble,last,0.5,0.1,5012,2026-05-30 19:44:50,20260530-182225,log/stroke_prediction_v4/8/infgain/gaussian_noise__noImbl__minmax/EasyEnsemble,1780136562317_d342c02e17801414906650467,0.6634050880626223,0.5348401138456386,0.6712757201646091,0.4771321149819151,0.93261496695993,0.6634050880626223,0.7586791333104594,0.6634050880626223,0.6634050880626223,0.6634050880626223,0.6646068025659229
8,infgain,minmax,gaussian_noise,noImbl,EasyEnsemble,last,0.5,0.2,5012,2026-05-30 19:45:41,20260530-182225,log/stroke_prediction_v4/8/infgain/gaussian_noise__noImbl__minmax/EasyEnsemble,1780136562317_d342c02e17801415412658068,0.639921722113503,0.5493170622480968,0.7537860082304526,0.4806222104379336,0.9471146641333564,0.639921722113503,0.7401171746868291,0.639921722113503,0.639921722113503,0.639921722113503,0.6641013700753062
8,infgain,minmax,gaussian_noise,noImbl,XGBClassifier_SPW24,first,0.1,0.1,5012,2026-05-30 19:42:20,20260530-182225,log/stroke_prediction_v4/8/infgain/minmax__gaussian_noise__noImbl/XGBClassifier_SPW24,1780136562317_d342c02e17801413405128003,0.8590998043052838,0.5373770491803278,0.5844444444444444,0.5429338103756709,0.918647460780854,0.8590998043052838,0.8858809237910864,0.8590998043052838,0.8590998043052838,0.8590998043052838,0.7620090272876895
8,infgain,minmax,gaussian_noise,noImbl,XGBClassifier_SPW24,first,0.1,0.2,5012,2026-05-30 19:43:12,20260530-182225,log/stroke_prediction_v4/8/infgain/minmax__gaussian_noise__noImbl/XGBClassifier_SPW24,1780136562317_d342c02e17801413926683621,0.8395303326810176,0.5321516704631739,0.5836419753086419,0.5329952633045416,0.9182594723226452,0.8395303326810176,0.8743302077068494,0.8395303326810176,0.8395303326810176,0.8395303326810175,0.7503162655335618
8,infgain,minmax,gaussian_noise,noImbl,XGBClassifier_SPW24,first,0.15,0.1,5012,2026-05-30 19:42:28,20260530-182225,log/stroke_prediction_v4/8/infgain/minmax__gaussian_noise__noImbl/XGBClassifier_SPW24,1780136562317_d342c02e17801413480549975,0.8806262230919765,0.5229706054117188,0.5388477366255144,0.5259668172209802,0.9127560421743636,0.8806262230919765,0.8958717631633542,0.8806262230919765,0.8806262230919765,0.8806262230919764,0.7629837147156002
8,infgain,minmax,gaussian_noise,noImbl,XGBClassifier_SPW24,first,0.15,0.2,5012,2026-05-30 19:43:19,20260530-182225,log/stroke_prediction_v4/8/infgain/minmax__gaussian_noise__noImbl/XGBClassifier_SPW24,1780136562317_d342c02e17801413999731244,0.8542074363992173,0.5350063783926451,0.5818724279835391,0.5391924565528553,0.9182138985515768,0.8542074363992173,0.8829129434384716,0.8542074363992173,0.8542074363992173,0.8542074363992173,0.7585080550511618
8,infgain,minmax,gaussian_noise,noImbl,XGBClassifier_SPW24,first,0.2,0.1,5012,2026-05-30 19:42:35,20260530-182225,log/stroke_prediction_v4/8/infgain/minmax__gaussian_noise__noImbl/XGBClassifier_SPW24,1780136562317_d342c02e17801413554969625,0.8884540117416829,0.5277070063694268,0.542962962962963,0.5317578972751387,0.913564012115622,0.888454011741683,0.9004505178336073,0.8884540117416829,0.8884540117416829,0.8884540117416829,0.768636265107786
8,infgain,minmax,gaussian_noise,noImbl,XGBClassifier_SPW24,first,0.2,0.2,5012,2026-05-30 19:43:27,20260530-182225,log/stroke_prediction_v4/8/infgain/minmax__gaussian_noise__noImbl/XGBClassifier_SPW24,1780136562317_d342c02e17801414072659179,0.8767123287671232,0.5516499134876822,0.6031893004115226,0.5627852020860495,0.9216592306329224,0.8767123287671232,0.897012466289225,0.8767123287671232,0.8767123287671232,0.8767123287671232,0.777304426216353
8,infgain,minmax,gaussian_noise,noImbl,XGBClassifier_SPW24,first,0.25,0.1,5012,2026-05-30 19:42:42,20260530-182225,log/stroke_prediction_v4/8/infgain/minmax__gaussian_noise__noImbl/XGBClassifier_SPW24,1780136562317_d342c02e17801413629196177,0.8943248532289628,0.5197478991596638,0.5270781893004115,0.5219334719334721,0.9113124701935568,0.8943248532289628,0.9025818683352932,0.8943248532289628,0.8943248532289628,0.8943248532289628,0.7672210981972629
8,infgain,minmax,gaussian_noise,noImbl,XGBClassifier_SPW24,first,0.25,0.2,5012,2026-05-30 19:43:34,20260530-182225,log/stroke_prediction_v4/8/infgain/minmax__gaussian_noise__noImbl/XGBClassifier_SPW24,1780136562317_d342c02e17801414147782997,0.8923679060665362,0.5645565092989985,0.6114197530864198,0.5782563025210083,0.9235138820064448,0.8923679060665363,0.906613330263612,0.8923679060665362,0.8923679060665362,0.8923679060665362,0.7896266217834936
8,infgain,minmax,gaussian_noise,noImbl,XGBClassifier_SPW24,first,0.3,0.1,5012,2026-05-30 19:42:50,20260530-182225,log/stroke_prediction_v4/8/infgain/minmax__gaussian_noise__noImbl/XGBClassifier_SPW24,1780136562317_d342c02e17801413702358969,0.9099804305283756,0.5163374485596708,0.5163374485596708,0.5163374485596708,0.9099804305283756,0.9099804305283756,0.9099804305283756,0.9099804305283756,0.9099804305283756,0.9099804305283756,0.7722053868393288
8,infgain,minmax,gaussian_noise,noImbl,XGBClassifier_SPW24,first,0.3,0.2,5012,2026-05-30 19:43:42,20260530-182225,log/stroke_prediction_v4/8/infgain/minmax__gaussian_noise__noImbl/XGBClassifier_SPW24,1780136562317_d342c02e17801414220363386,0.9090019569471623,0.5747905165989932,0.6011934156378601,0.5850878533231474,0.9233685120752512,0.9090019569471623,0.9158174253512116,0.9090019569471623,0.9090019569471623,0.9090019569471623,0.7986718190112291
8,infgain,minmax,gaussian_noise,noImbl,XGBClassifier_SPW24,first,0.35,0.1,5012,2026-05-30 19:42:57,20260530-182225,log/stroke_prediction_v4/8/infgain/minmax__gaussian_noise__noImbl/XGBClassifier_SPW24,1780136562317_d342c02e17801413777251615,0.9178082191780822,0.5241496598639456,0.5204526748971194,0.5219618674269422,0.9110933610234702,0.9178082191780824,0.9144030892705454,0.9178082191780822,0.9178082191780822,0.9178082191780822,0.7781476007543094
8,infgain,minmax,gaussian_noise,noImbl,XGBClassifier_SPW24,first,0.35,0.2,5012,2026-05-30 19:43:49,20260530-182225,log/stroke_prediction_v4/8/infgain/minmax__gaussian_noise__noImbl/XGBClassifier_SPW24,1780136562317_d342c02e17801414293070891,0.9041095890410958,0.5340557795698924,0.5417078189300413,0.5371376811594203,0.9139996685815288,0.904109589041096,0.90894877903514,0.9041095890410958,0.9041095890410958,0.9041095890410958,0.7775331313537684
8,infgain,minmax,gaussian_noise,noImbl,XGBClassifier_SPW24,first,0.5,0.1,5012,2026-05-30 19:43:05,20260530-182225,log/stroke_prediction_v4/8/infgain/minmax__gaussian_noise__noImbl/XGBClassifier_SPW24,1780136562317_d342c02e17801413852416986,0.9334637964774952,0.5538307074451653,0.5286831275720165,0.5353551561831408,0.9146778291851736,0.9334637964774952,0.9233637886899008,0.9334637964774952,0.9334637964774952,0.9334637964774952,0.7919125267421896
8,infgain,minmax,gaussian_noise,noImbl,XGBClassifier_SPW24,first,0.5,0.2,5012,2026-05-30 19:43:56,20260530-182225,log/stroke_prediction_v4/8/infgain/minmax__gaussian_noise__noImbl/XGBClassifier_SPW24,1780136562317_d342c02e17801414367164667,0.923679060665362,0.5694366982710541,0.5614814814814814,0.5651063829787234,0.9191277669301032,0.923679060665362,0.9213607028354917,0.923679060665362,0.923679060665362,0.923679060665362,0.7974462818065408
8,infgain,minmax,gaussian_noise,noImbl,XGBClassifier_SPW24,last,0.1,0.1,5012,2026-05-30 19:44:04,20260530-182225,log/stroke_prediction_v4/8/infgain/gaussian_noise__noImbl__minmax/XGBClassifier_SPW24,1780136562317_d342c02e17801414445064495,0.8493150684931506,0.5180508657231122,0.5413580246913581,0.5162947937795808,0.912657577549954,0.8493150684931506,0.8783758000129669,0.8493150684931506,0.8493150684931506,0.8493150684931505,0.7461332632625848
8,infgain,minmax,gaussian_noise,noImbl,XGBClassifier_SPW24,last,0.1,0.2,5012,2026-05-30 19:44:55,20260530-182225,log/stroke_prediction_v4/8/infgain/gaussian_noise__noImbl__minmax/XGBClassifier_SPW24,1780136562317_d342c02e17801414958962556,0.8405088062622309,0.5420750786072863,0.6126131687242798,0.5462788195721152,0.92212465995792,0.8405088062622309,0.8759022068482837,0.8405088062622309,0.8405088062622309,0.8405088062622309,0.7572119671969006
8,infgain,minmax,gaussian_noise,noImbl,XGBClassifier_SPW24,last,0.15,0.1,5012,2026-05-30 19:44:11,20260530-182225,log/stroke_prediction_v4/8/infgain/gaussian_noise__noImbl__minmax/XGBClassifier_SPW24,1780136562317_d342c02e17801414517258544,0.87279843444227,0.5283080260303689,0.5537037037037037,0.532347764871524,0.914707243251504,0.87279843444227,0.8923196884314183,0.87279843444227,0.87279843444227,0.87279843444227,0.7624913890709069
8,infgain,minmax,gaussian_noise,noImbl,XGBClassifier_SPW24,last,0.15,0.2,5012,2026-05-30 19:45:03,20260530-182225,log/stroke_prediction_v4/8/infgain/gaussian_noise__noImbl__minmax/XGBClassifier_SPW24,1780136562317_d342c02e17801415030182918,0.8590998043052838,0.5445188492063492,0.6034156378600823,0.5523651936928168,0.9211989019352034,0.8590998043052838,0.8866551593957654,0.8590998043052838,0.8590998043052838,0.8590998043052838,0.7664063135855641
8,infgain,minmax,gaussian_noise,noImbl,XGBClassifier_SPW24,last,0.2,0.1,5012,2026-05-30 19:44:19,20260530-182225,log/stroke_prediction_v4/8/infgain/gaussian_noise__noImbl__minmax/XGBClassifier_SPW24,1780136562317_d342c02e17801414590430580,0.863013698630137,0.5054987212276215,0.5106172839506173,0.5024757983754312,0.9084679255859582,0.863013698630137,0.8845630903694988,0.863013698630137,0.863013698630137,0.863013698630137,0.7457197058402139
8,infgain,minmax,gaussian_noise,noImbl,XGBClassifier_SPW24,last,0.2,0.2,5012,2026-05-30 19:45:10,20260530-182225,log/stroke_prediction_v4/8/infgain/gaussian_noise__noImbl__minmax/XGBClassifier_SPW24,1780136562317_d342c02e17801415103231540,0.8737769080234834,0.549639760040998,0.6016460905349794,0.5601221160102096,0.9213492755134504,0.8737769080234833,0.8952202831437418,0.8737769080234834,0.8737769080234834,0.8737769080234834,0.7750756356914287
8,infgain,minmax,gaussian_noise,noImbl,XGBClassifier_SPW24,last,0.25,0.1,5012,2026-05-30 19:44:26,20260530-182225,log/stroke_prediction_v4/8/infgain/gaussian_noise__noImbl__minmax/XGBClassifier_SPW24,1780136562317_d342c02e17801414664857364,0.9001956947162426,0.5368109507954125,0.5491358024691357,0.5413168593906753,0.914960763317992,0.9001956947162426,0.9073415122337872,0.9001956947162426,0.9001956947162426,0.9001956947162426,0.7774677852884202
8,infgain,minmax,gaussian_noise,noImbl,XGBClassifier_SPW24,last,0.25,0.2,5012,2026-05-30 19:45:17,20260530-182225,log/stroke_prediction_v4/8/infgain/gaussian_noise__noImbl__minmax/XGBClassifier_SPW24,1780136562317_d342c02e17801415175058576,0.8864970645792564,0.546280400572246,0.5798765432098766,0.5552521008403362,0.9188216882378796,0.8864970645792565,0.9015195119143548,0.8864970645792564,0.8864970645792564,0.8864970645792564,0.7776124309469064
8,infgain,minmax,gaussian_noise,noImbl,XGBClassifier_SPW24,last,0.3,0.1,5012,2026-05-30 19:44:33,20260530-182225,log/stroke_prediction_v4/8/infgain/gaussian_noise__noImbl__minmax/XGBClassifier_SPW24,1780136562317_d342c02e17801414737809763,0.9060665362035224,0.5289025611675491,0.5332510288065844,0.5307621671258036,0.912727268654489,0.9060665362035224,0.9093514759766318,0.9060665362035224,0.9060665362035224,0.9060665362035226,0.7759317468096365
8,infgain,minmax,gaussian_noise,noImbl,XGBClassifier_SPW24,last,0.3,0.2,5012,2026-05-30 19:45:24,20260530-182225,log/stroke_prediction_v4/8/infgain/gaussian_noise__noImbl__minmax/XGBClassifier_SPW24,1780136562317_d342c02e17801415245746630,0.9119373776908024,0.5625433125433125,0.5742798353909465,0.5676412522327724,0.919684474478995,0.9119373776908024,0.9157125545050352,0.9119373776908024,0.9119373776908024,0.9119373776908022,0.7929287843283173
8,infgain,minmax,gaussian_noise,noImbl,XGBClassifier_SPW24,last,0.35,0.1,5012,2026-05-30 19:44:41,20260530-182225,log/stroke_prediction_v4/8/infgain/gaussian_noise__noImbl__minmax/XGBClassifier_SPW24,1780136562317_d342c02e17801414811558259,0.9217221135029354,0.529257595207531,0.5225102880658437,0.5250046477040342,0.911765296971128,0.9217221135029354,0.9166251010943842,0.9217221135029354,0.9217221135029354,0.9217221135029354,0.7812866257453869
8,infgain,minmax,gaussian_noise,noImbl,XGBClassifier_SPW24,last,0.35,0.2,5012,2026-05-30 19:45:32,20260530-182225,log/stroke_prediction_v4/8/infgain/gaussian_noise__noImbl__minmax/XGBClassifier_SPW24,1780136562317_d342c02e17801415320074157,0.8972602739726028,0.5455473424850404,0.5665637860082304,0.5526420010422095,0.917427299860651,0.8972602739726027,0.906865019594966,0.8972602739726028,0.8972602739726028,0.8972602739726028,0.7807840055200094
8,infgain,minmax,gaussian_noise,noImbl,XGBClassifier_SPW24,last,0.5,0.1,5012,2026-05-30 19:44:48,20260530-182225,log/stroke_prediction_v4/8/infgain/gaussian_noise__noImbl__minmax/XGBClassifier_SPW24,1780136562317_d342c02e17801414885728561,0.9354207436399216,0.5850100603621731,0.5486831275720165,0.5601377259566476,0.9194600085837924,0.9354207436399216,0.9266747411091676,0.9354207436399216,0.9354207436399216,0.9354207436399216,0.8025054871676389
8,infgain,minmax,gaussian_noise,noImbl,XGBClassifier_SPW24,last,0.5,0.2,5012,2026-05-30 19:45:39,20260530-182225,log/stroke_prediction_v4/8/infgain/gaussian_noise__noImbl__minmax/XGBClassifier_SPW24,1780136562317_d342c02e17801415392184608,0.9275929549902152,0.5931864658858524,0.5825102880658436,0.5874086197490452,0.923296511875384,0.9275929549902152,0.9253934873054664,0.9275929549902152,0.9275929549902152,0.9275929549902152,0.8078568246369706
8,infgain,minmax,mixup,noImbl,BalancedRandomForest,first,0.1,0.1,5012,2026-05-30 19:45:46,20260530-182225,log/stroke_prediction_v4/8/infgain/minmax__mixup__noImbl/BalancedRandomForest,1780136562317_d342c02e17801415469390657,0.4011741682974559,0.5297334131099587,0.6472427983539095,0.3369827001356851,0.9441796498831322,0.4011741682974559,0.5230975858122657,0.4011741682974559,0.4011741682974559,0.401174168297456,0.5015972963458749
8,infgain,minmax,mixup,noImbl,BalancedRandomForest,first,0.1,0.2,5012,2026-05-30 19:46:31,20260530-182225,log/stroke_prediction_v4/8/infgain/minmax__mixup__noImbl/BalancedRandomForest,1780136562317_d342c02e17801415910330818,0.4148727984344422,0.532656992949664,0.6639300411522633,0.3467652289906625,0.9471494637246042,0.4148727984344422,0.5370536502851017,0.4148727984344422,0.4148727984344422,0.4148727984344422,0.5128956010477946
8,infgain,minmax,mixup,noImbl,BalancedRandomForest,first,0.15,0.1,5012,2026-05-30 19:45:53,20260530-182225,log/stroke_prediction_v4/8/infgain/minmax__mixup__noImbl/BalancedRandomForest,1780136562317_d342c02e17801415533066182,0.4794520547945205,0.5319593230864772,0.6694238683127572,0.3841699891264951,0.9422279787236304,0.4794520547945205,0.6027024879969416,0.4794520547945205,0.4794520547945205,0.4794520547945205,0.55417281049861
8,infgain,minmax,mixup,noImbl,BalancedRandomForest,first,0.15,0.2,5012,2026-05-30 19:46:37,20260530-182225,log/stroke_prediction_v4/8/infgain/minmax__mixup__noImbl/BalancedRandomForest,1780136562317_d342c02e17801415972976809,0.4941291585127201,0.5350186289839964,0.6866255144032922,0.3942464336854076,0.9448022352287436,0.4941291585127201,0.6161545596872924,0.4941291585127201,0.4941291585127201,0.4941291585127201,0.5658564502725962
8,infgain,minmax,mixup,noImbl,BalancedRandomForest,first,0.2,0.1,5012,2026-05-30 19:45:59,20260530-182225,log/stroke_prediction_v4/8/infgain/minmax__mixup__noImbl/BalancedRandomForest,1780136562317_d342c02e17801415595603836,0.512720156555773,0.5277573303889094,0.6489711934156379,0.3993542204619589,0.9355301031580772,0.512720156555773,0.6347672679360503,0.512720156555773,0.512720156555773,0.512720156555773,0.5714321485782728
8,infgain,minmax,mixup,noImbl,BalancedRandomForest,first,0.2,0.2,5012,2026-05-30 19:46:43,20260530-182225,log/stroke_prediction_v4/8/infgain/minmax__mixup__noImbl/BalancedRandomForest,1780136562317_d342c02e17801416036544390,0.550880626223092,0.540310065637968,0.7164609053497942,0.4284555074291353,0.946395768116477,0.550880626223092,0.667093899665981,0.550880626223092,0.550880626223092,0.550880626223092,0.6050013354639279
8,infgain,minmax,mixup,noImbl,BalancedRandomForest,first,0.25,0.1,5012,2026-05-30 19:46:05,20260530-182225,log/stroke_prediction_v4/8/infgain/minmax__mixup__noImbl/BalancedRandomForest,1780136562317_d342c02e17801415658286508,0.5772994129158513,0.5343614718614719,0.6829218106995885,0.4371328328981723,0.938328631577164,0.5772994129158513,0.6905320226556234,0.5772994129158513,0.5772994129158513,0.5772994129158513,0.6156306849132321
8,infgain,minmax,mixup,noImbl,BalancedRandomForest,first,0.25,0.2,5012,2026-05-30 19:46:49,20260530-182225,log/stroke_prediction_v4/8/infgain/minmax__mixup__noImbl/BalancedRandomForest,1780136562317_d342c02e17801416098395721,0.6252446183953033,0.5455083373902168,0.7365843621399177,0.4700971333807154,0.9450564411222266,0.6252446183953033,0.7287697937486178,0.6252446183953033,0.6252446183953033,0.6252446183953033,0.6526428004927574
8,infgain,minmax,mixup,noImbl,BalancedRandomForest,first,0.3,0.1,5012,2026-05-30 19:46:12,20260530-182225,log/stroke_prediction_v4/8/infgain/minmax__mixup__noImbl/BalancedRandomForest,1780136562317_d342c02e17801415721518198,0.6301369863013698,0.5408762853675673,0.7106995884773663,0.4681685270131114,0.940382917702354,0.6301369863013698,0.7329467530127112,0.6301369863013698,0.6301369863013698,0.6301369863013698,0.65141796567915
8,infgain,minmax,mixup,noImbl,BalancedRandomForest,first,0.3,0.2,5012,2026-05-30 19:46:56,20260530-182225,log/stroke_prediction_v4/8/infgain/minmax__mixup__noImbl/BalancedRandomForest,1780136562317_d342c02e17801416161190162,0.6673189823874756,0.5463853423976123,0.730246913580247,0.4905582922824302,0.9417783071871648,0.6673189823874756,0.7612781532074332,0.6673189823874756,0.6673189823874756,0.6673189823874756,0.676544116094972
8,infgain,minmax,mixup,noImbl,BalancedRandomForest,first,0.35,0.1,5012,2026-05-30 19:46:18,20260530-182225,log/stroke_prediction_v4/8/infgain/minmax__mixup__noImbl/BalancedRandomForest,1780136562317_d342c02e17801415784258934,0.6908023483365949,0.5392702966160702,0.6856790123456791,0.4933609437751003,0.9339385217186796,0.6908023483365949,0.7786916256022132,0.6908023483365949,0.6908023483365949,0.6908023483365949,0.6830176078092777
8,infgain,minmax,mixup,noImbl,BalancedRandomForest,first,0.35,0.2,5012,2026-05-30 19:47:02,20260530-182225,log/stroke_prediction_v4/8/infgain/minmax__mixup__noImbl/BalancedRandomForest,1780136562317_d342c02e17801416224343837,0.7074363992172211,0.549853217084207,0.7323662551440329,0.511758737767126,0.9404222867794731,0.7074363992172211,0.790606966294155,0.7074363992172211,0.7074363992172211,0.7074363992172211,0.7005935911968517
8,infgain,minmax,mixup,noImbl,BalancedRandomForest,first,0.5,0.1,5012,2026-05-30 19:46:24,20260530-182225,log/stroke_prediction_v4/8/infgain/minmax__mixup__noImbl/BalancedRandomForest,1780136562317_d342c02e17801415847105581,0.8101761252446184,0.5468373493975904,0.6535802469135803,0.5453444749176763,0.9273990285997218,0.8101761252446184,0.858389066714395,0.8101761252446184,0.8101761252446184,0.8101761252446184,0.7474121438337472
8,infgain,minmax,mixup,noImbl,BalancedRandomForest,first,0.5,0.2,5012,2026-05-30 19:47:08,20260530-182225,log/stroke_prediction_v4/8/infgain/minmax__mixup__noImbl/BalancedRandomForest,1780136562317_d342c02e17801416286314221,0.8228962818003914,0.5541975154545036,0.6697530864197531,0.5583078440221297,0.9295615496528498,0.8228962818003914,0.8667156058825055,0.8228962818003914,0.8228962818003914,0.8228962818003914,0.7582632453585625
8,infgain,minmax,mixup,noImbl,BalancedRandomForest,last,0.1,0.1,5012,2026-05-30 19:47:15,20260530-182225,log/stroke_prediction_v4/8/infgain/mixup__noImbl__minmax/BalancedRandomForest,1780136562317_d342c02e17801416353066026,0.3718199608610567,0.5318897089541845,0.6507818930041152,0.3192519827189083,0.9487945330837436,0.3718199608610567,0.4899128131663056,0.3718199608610567,0.3718199608610567,0.3718199608610567,0.4832493172314089
8,infgain,minmax,mixup,noImbl,BalancedRandomForest,last,0.1,0.2,5012,2026-05-30 19:47:59,20260530-182225,log/stroke_prediction_v4/8/infgain/mixup__noImbl__minmax/BalancedRandomForest,1780136562317_d342c02e17801416792957243,0.4129158512720156,0.5344921283182926,0.6723868312757202,0.3464135884579964,0.9496526003059494,0.4129158512720156,0.5344966753123696,0.4129158512720156,0.4129158512720156,0.4129158512720156,0.5129560360643572
8,infgain,minmax,mixup,noImbl,BalancedRandomForest,last,0.15,0.1,5012,2026-05-30 19:47:21,20260530-182225,log/stroke_prediction_v4/8/infgain/mixup__noImbl__minmax/BalancedRandomForest,1780136562317_d342c02e17801416416450366,0.4735812133072407,0.5278243978243978,0.6473662551440329,0.3783539329145581,0.9377605955688147,0.4735812133072407,0.5978528142196915,0.4735812133072407,0.4735812133072407,0.4735812133072407,0.5471586222467582
8,infgain,minmax,mixup,noImbl,BalancedRandomForest,last,0.15,0.2,5012,2026-05-30 19:48:05,20260530-182225,log/stroke_prediction_v4/8/infgain/mixup__noImbl__minmax/BalancedRandomForest,1780136562317_d342c02e17801416854878447,0.4911937377690802,0.536577440816958,0.6945679012345679,0.3935991528827546,0.9468105213085596,0.4911937377690802,0.6130679510905406,0.4911937377690802,0.4911937377690802,0.4911937377690802,0.5652731470396348
8,infgain,minmax,mixup,noImbl,BalancedRandomForest,last,0.2,0.1,5012,2026-05-30 19:47:27,20260530-182225,log/stroke_prediction_v4/8/infgain/mixup__noImbl__minmax/BalancedRandomForest,1780136562317_d342c02e17801416478578070,0.5244618395303327,0.5288782669975794,0.6551440329218108,0.4062600113801001,0.93607287947773,0.5244618395303327,0.6452558130347371,0.5244618395303327,0.5244618395303327,0.5244618395303327,0.5795216274140705
8,infgain,minmax,mixup,noImbl,BalancedRandomForest,last,0.2,0.2,5012,2026-05-30 19:48:11,20260530-182225,log/stroke_prediction_v4/8/infgain/mixup__noImbl__minmax/BalancedRandomForest,1780136562317_d342c02e17801416917126734,0.5547945205479452,0.5407107124374676,0.7185185185185186,0.4308009621092961,0.946500433620602,0.5547945205479452,0.6704698528439597,0.5547945205479452,0.5547945205479452,0.5547945205479452,0.6076813969198251
8,infgain,minmax,mixup,noImbl,BalancedRandomForest,last,0.25,0.1,5012,2026-05-30 19:47:34,20260530-182225,log/stroke_prediction_v4/8/infgain/mixup__noImbl__minmax/BalancedRandomForest,1780136562317_d342c02e17801416540930613,0.5949119373776908,0.5363945260139031,0.6921810699588478,0.4474232728222541,0.9390292519647404,0.5949119373776908,0.7049697666103462,0.5949119373776908,0.5949119373776908,0.5949119373776908,0.6275842156597156
8,infgain,minmax,mixup,noImbl,BalancedRandomForest,last,0.25,0.2,5012,2026-05-30 19:48:18,20260530-182225,log/stroke_prediction_v4/8/infgain/mixup__noImbl__minmax/BalancedRandomForest,1780136562317_d342c02e17801416981114690,0.5978473581213307,0.5437621707342669,0.7316666666666667,0.4551666439675467,0.9459117092090475,0.5978473581213307,0.7066993752290934,0.5978473581213307,0.5978473581213307,0.5978473581213307,0.6355529007890264
8,infgain,minmax,mixup,noImbl,BalancedRandomForest,last,0.3,0.1,5012,2026-05-30 19:47:40,20260530-182225,log/stroke_prediction_v4/8/infgain/mixup__noImbl__minmax/BalancedRandomForest,1780136562317_d342c02e17801416604216043,0.6144814090019569,0.5388086073073768,0.7024691358024692,0.4589104786476389,0.9397874760568188,0.6144814090019569,0.7206557300831885,0.6144814090019569,0.6144814090019569,0.6144814090019569,0.6408340168270732
8,infgain,minmax,mixup,noImbl,BalancedRandomForest,last,0.3,0.2,5012,2026-05-30 19:48:24,20260530-182225,log/stroke_prediction_v4/8/infgain/mixup__noImbl__minmax/BalancedRandomForest,1780136562317_d342c02e17801417043551414,0.649706457925636,0.5472222222222222,0.7399588477366255,0.4832872935979346,0.9442409840648588,0.649706457925636,0.747836378960246,0.649706457925636,0.649706457925636,0.649706457925636,0.667693339456352
8,infgain,minmax,mixup,noImbl,BalancedRandomForest,last,0.35,0.1,5012,2026-05-30 19:47:46,20260530-182225,log/stroke_prediction_v4/8/infgain/mixup__noImbl__minmax/BalancedRandomForest,1780136562317_d342c02e17801416667218866,0.6868884540117417,0.5348227962679293,0.6646502057613168,0.4869477911646586,0.9308808088097232,0.6868884540117417,0.7758902537743931,0.6868884540117417,0.6868884540117417,0.6868884540117417,0.6772164694294514
8,infgain,minmax,mixup,noImbl,BalancedRandomForest,last,0.35,0.2,5012,2026-05-30 19:48:30,20260530-182225,log/stroke_prediction_v4/8/infgain/mixup__noImbl__minmax/BalancedRandomForest,1780136562317_d342c02e17801417106877494,0.6976516634050881,0.5535093725373674,0.7556790123456789,0.5113929103559676,0.9443893495374804,0.6976516634050881,0.7835491232106254,0.6976516634050881,0.6976516634050881,0.6976516634050881,0.6986597438390766
8,infgain,minmax,mixup,noImbl,BalancedRandomForest,last,0.5,0.1,5012,2026-05-30 19:47:52,20260530-182225,log/stroke_prediction_v4/8/infgain/mixup__noImbl__minmax/BalancedRandomForest,1780136562317_d342c02e17801416729945597,0.8160469667318982,0.5489658897978082,0.6566666666666667,0.5497037648117594,0.927810125079702,0.8160469667318982,0.8621317955628637,0.8160469667318982,0.8160469667318982,0.8160469667318982,0.7515383889033703
8,infgain,minmax,mixup,noImbl,BalancedRandomForest,last,0.5,0.2,5012,2026-05-30 19:48:36,20260530-182225,log/stroke_prediction_v4/8/infgain/mixup__noImbl__minmax/BalancedRandomForest,1780136562317_d342c02e17801417169396930,0.8180039138943248,0.5620611086209473,0.7051234567901234,0.5671857923497267,0.9342681535137772,0.8180039138943248,0.8644278335632478,0.8180039138943248,0.8180039138943248,0.8180039138943247,0.7620888813371607
8,infgain,minmax,mixup,noImbl,EasyEnsemble,first,0.1,0.1,5012,2026-05-30 19:45:47,20260530-182225,log/stroke_prediction_v4/8/infgain/minmax__mixup__noImbl/EasyEnsemble,1780136562317_d342c02e17801415479429598,0.0489236790606653,0.0244618395303326,0.5,0.0466417910447761,0.0023935263728309,0.0489236790606653,0.0045637760317784,0.0489236790606653,0.0489236790606653,0.0489236790606653,0.0799358432760656
8,infgain,minmax,mixup,noImbl,EasyEnsemble,first,0.1,0.2,5012,2026-05-30 19:46:32,20260530-182225,log/stroke_prediction_v4/8/infgain/minmax__mixup__noImbl/EasyEnsemble,1780136562317_d342c02e17801415920515234,0.0489236790606653,0.0244618395303326,0.5,0.0466417910447761,0.0023935263728309,0.0489236790606653,0.0045637760317784,0.0489236790606653,0.0489236790606653,0.0489236790606653,0.0799358432760656
8,infgain,minmax,mixup,noImbl,EasyEnsemble,first,0.15,0.1,5012,2026-05-30 19:45:54,20260530-182225,log/stroke_prediction_v4/8/infgain/minmax__mixup__noImbl/EasyEnsemble,1780136562317_d342c02e17801415543282700,0.0489236790606653,0.0244618395303326,0.5,0.0466417910447761,0.0023935263728309,0.0489236790606653,0.0045637760317784,0.0489236790606653,0.0489236790606653,0.0489236790606653,0.0799358432760656
8,infgain,minmax,mixup,noImbl,EasyEnsemble,first,0.15,0.2,5012,2026-05-30 19:46:38,20260530-182225,log/stroke_prediction_v4/8/infgain/minmax__mixup__noImbl/EasyEnsemble,1780136562317_d342c02e17801415983133298,0.0489236790606653,0.0244618395303326,0.5,0.0466417910447761,0.0023935263728309,0.0489236790606653,0.0045637760317784,0.0489236790606653,0.0489236790606653,0.0489236790606653,0.0799358432760656
8,infgain,minmax,mixup,noImbl,EasyEnsemble,first,0.2,0.1,5012,2026-05-30 19:46:00,20260530-182225,log/stroke_prediction_v4/8/infgain/minmax__mixup__noImbl/EasyEnsemble,1780136562317_d342c02e17801415605557730,0.0704500978473581,0.525,0.5113168724279835,0.0697518443997317,0.953522504892368,0.070450097847358,0.0467593558743196,0.0704500978473581,0.0704500978473581,0.0704500978473581,0.244640656912086
8,infgain,minmax,mixup,noImbl,EasyEnsemble,first,0.2,0.2,5012,2026-05-30 19:46:44,20260530-182225,log/stroke_prediction_v4/8/infgain/minmax__mixup__noImbl/EasyEnsemble,1780136562317_d342c02e17801416046148777,0.3493150684931507,0.530539840178002,0.6389506172839505,0.3039166785304235,0.9482629389115844,0.3493150684931506,0.4642895350271069,0.3493150684931507,0.3493150684931507,0.3493150684931507,0.4667322990682434
8,infgain,minmax,mixup,noImbl,EasyEnsemble,first,0.25,0.1,5012,2026-05-30 19:46:06,20260530-182225,log/stroke_prediction_v4/8/infgain/minmax__mixup__noImbl/EasyEnsemble,1780136562317_d342c02e17801415668423208,0.172211350293542,0.519213521904105,0.545843621399177,0.1671078641034829,0.9390770418843396,0.172211350293542,0.2259255424439143,0.172211350293542,0.172211350293542,0.172211350293542,0.3282529696182885
8,infgain,minmax,mixup,noImbl,EasyEnsemble,first,0.25,0.2,5012,2026-05-30 19:46:50,20260530-182225,log/stroke_prediction_v4/8/infgain/minmax__mixup__noImbl/EasyEnsemble,1780136562317_d342c02e17801416108615475,0.3590998043052837,0.5311215397673995,0.6440946502057613,0.3106278506719064,0.948500592651796,0.3590998043052837,0.4755398110039135,0.3590998043052837,0.3590998043052837,0.3590998043052837,0.473936749235982
8,infgain,minmax,mixup,noImbl,EasyEnsemble,first,0.3,0.1,5012,2026-05-30 19:46:13,20260530-182225,log/stroke_prediction_v4/8/infgain/minmax__mixup__noImbl/EasyEnsemble,1780136562317_d342c02e17801415731760842,0.3561643835616438,0.5309462550028587,0.6425514403292181,0.3086217177636584,0.948430414248455,0.3561643835616437,0.4721826799492649,0.3561643835616438,0.3561643835616438,0.3561643835616438,0.4717792240396491
8,infgain,minmax,mixup,noImbl,EasyEnsemble,first,0.3,0.2,5012,2026-05-30 19:46:57,20260530-182225,log/stroke_prediction_v4/8/infgain/minmax__mixup__noImbl/EasyEnsemble,1780136562317_d342c02e17801416171244485,0.3590998043052837,0.5311215397673995,0.6440946502057613,0.3106278506719064,0.948500592651796,0.3590998043052837,0.4755398110039135,0.3590998043052837,0.3590998043052837,0.3590998043052837,0.473936749235982
8,infgain,minmax,mixup,noImbl,EasyEnsemble,first,0.35,0.1,5012,2026-05-30 19:46:19,20260530-182225,log/stroke_prediction_v4/8/infgain/minmax__mixup__noImbl/EasyEnsemble,1780136562317_d342c02e17801415794271939,0.3913894324853229,0.5331032849555127,0.6610699588477366,0.3323123978539347,0.9492184823361338,0.3913894324853228,0.5114868252557105,0.3913894324853229,0.3913894324853229,0.3913894324853229,0.4974648290745141
8,infgain,minmax,mixup,noImbl,EasyEnsemble,first,0.35,0.2,5012,2026-05-30 19:47:03,20260530-182225,log/stroke_prediction_v4/8/infgain/minmax__mixup__noImbl/EasyEnsemble,1780136562317_d342c02e17801416234129428,0.3767123287671233,0.5321892397327425,0.6533539094650205,0.3225399937354507,0.9489035185417568,0.3767123287671232,0.4953666127638316,0.3767123287671233,0.3767123287671233,0.3767123287671233,0.4868155892556935
8,infgain,minmax,mixup,noImbl,EasyEnsemble,first,0.5,0.1,5012,2026-05-30 19:46:25,20260530-182225,log/stroke_prediction_v4/8/infgain/minmax__mixup__noImbl/EasyEnsemble,1780136562317_d342c02e17801415857345066,0.6692759295499021,0.5394259818731119,0.6933333333333334,0.4843777054661611,0.935855292330068,0.6692759295499021,0.7629335267165029,0.6692759295499021,0.6692759295499021,0.6692759295499021,0.6716685174010115
8,infgain,minmax,mixup,noImbl,EasyEnsemble,first,0.5,0.2,5012,2026-05-30 19:47:09,20260530-182225,log/stroke_prediction_v4/8/infgain/minmax__mixup__noImbl/EasyEnsemble,1780136562317_d342c02e17801416296417719,0.6996086105675147,0.5502031328075777,0.7377366255144033,0.5087730834566278,0.9415436171674124,0.6996086105675147,0.784990282822778,0.6996086105675147,0.6996086105675147,0.6996086105675147,0.696856286717856
8,infgain,minmax,mixup,noImbl,EasyEnsemble,last,0.1,0.1,5012,2026-05-30 19:47:16,20260530-182225,log/stroke_prediction_v4/8/infgain/mixup__noImbl__minmax/EasyEnsemble,1780136562317_d342c02e17801416363077860,0.0489236790606653,0.0244618395303326,0.5,0.0466417910447761,0.0023935263728309,0.0489236790606653,0.0045637760317784,0.0489236790606653,0.0489236790606653,0.0489236790606653,0.0799358432760656
8,infgain,minmax,mixup,noImbl,EasyEnsemble,last,0.1,0.2,5012,2026-05-30 19:48:00,20260530-182225,log/stroke_prediction_v4/8/infgain/mixup__noImbl__minmax/EasyEnsemble,1780136562317_d342c02e17801416803057696,0.0489236790606653,0.0244618395303326,0.5,0.0466417910447761,0.0023935263728309,0.0489236790606653,0.0045637760317784,0.0489236790606653,0.0489236790606653,0.0489236790606653,0.0799358432760656
8,infgain,minmax,mixup,noImbl,EasyEnsemble,last,0.15,0.1,5012,2026-05-30 19:47:22,20260530-182225,log/stroke_prediction_v4/8/infgain/mixup__noImbl__minmax/EasyEnsemble,1780136562317_d342c02e17801416426537673,0.0489236790606653,0.0244618395303326,0.5,0.0466417910447761,0.0023935263728309,0.0489236790606653,0.0045637760317784,0.0489236790606653,0.0489236790606653,0.0489236790606653,0.0799358432760656
8,infgain,minmax,mixup,noImbl,EasyEnsemble,last,0.15,0.2,5012,2026-05-30 19:48:06,20260530-182225,log/stroke_prediction_v4/8/infgain/mixup__noImbl__minmax/EasyEnsemble,1780136562317_d342c02e17801416864954988,0.0489236790606653,0.0244618395303326,0.5,0.0466417910447761,0.0023935263728309,0.0489236790606653,0.0045637760317784,0.0489236790606653,0.0489236790606653,0.0489236790606653,0.0799358432760656
8,infgain,minmax,mixup,noImbl,EasyEnsemble,last,0.2,0.1,5012,2026-05-30 19:47:28,20260530-182225,log/stroke_prediction_v4/8/infgain/mixup__noImbl__minmax/EasyEnsemble,1780136562317_d342c02e17801416488572648,0.0489236790606653,0.0244618395303326,0.5,0.0466417910447761,0.0023935263728309,0.0489236790606653,0.0045637760317784,0.0489236790606653,0.0489236790606653,0.0489236790606653,0.0799358432760656
8,infgain,minmax,mixup,noImbl,EasyEnsemble,last,0.2,0.2,5012,2026-05-30 19:48:12,20260530-182225,log/stroke_prediction_v4/8/infgain/mixup__noImbl__minmax/EasyEnsemble,1780136562317_d342c02e17801416927110764,0.3551859099804305,0.5308879790589972,0.642037037037037,0.3079516438123911,0.9484068133127048,0.3551859099804305,0.4710602333514634,0.3551859099804305,0.3551859099804305,0.3551859099804306,0.4710593285076241
8,infgain,minmax,mixup,noImbl,EasyEnsemble,last,0.25,0.1,5012,2026-05-30 19:47:35,20260530-182225,log/stroke_prediction_v4/8/infgain/mixup__noImbl__minmax/EasyEnsemble,1780136562317_d342c02e17801416551098255,0.1487279843444227,0.5167669110982944,0.5334979423868312,0.1461643946115995,0.935695170934183,0.1487279843444226,0.1883720684270088,0.1487279843444227,0.1487279843444227,0.1487279843444227,0.3082676656354911
8,infgain,minmax,mixup,noImbl,EasyEnsemble,last,0.25,0.2,5012,2026-05-30 19:48:19,20260530-182225,log/stroke_prediction_v4/8/infgain/mixup__noImbl__minmax/EasyEnsemble,1780136562317_d342c02e17801416991140032,0.3590998043052837,0.5311215397673995,0.6440946502057613,0.3106278506719064,0.948500592651796,0.3590998043052837,0.4755398110039135,0.3590998043052837,0.3590998043052837,0.3590998043052837,0.473936749235982
8,infgain,minmax,mixup,noImbl,EasyEnsemble,last,0.3,0.1,5012,2026-05-30 19:47:41,20260530-182225,log/stroke_prediction_v4/8/infgain/mixup__noImbl__minmax/EasyEnsemble,1780136562317_d342c02e17801416614229904,0.3287671232876712,0.5293386093838326,0.6281481481481481,0.2895902659279104,0.9477252840007124,0.3287671232876712,0.440094692951658,0.3287671232876712,0.3287671232876712,0.3287671232876712,0.4514807973002729
8,infgain,minmax,mixup,noImbl,EasyEnsemble,last,0.3,0.2,5012,2026-05-30 19:48:25,20260530-182225,log/stroke_prediction_v4/8/infgain/mixup__noImbl__minmax/EasyEnsemble,1780136562317_d342c02e17801417053483647,0.3590998043052837,0.5311215397673995,0.6440946502057613,0.3106278506719064,0.948500592651796,0.3590998043052837,0.4755398110039135,0.3590998043052837,0.3590998043052837,0.3590998043052837,0.473936749235982
8,infgain,minmax,mixup,noImbl,EasyEnsemble,last,0.35,0.1,5012,2026-05-30 19:47:47,20260530-182225,log/stroke_prediction_v4/8/infgain/mixup__noImbl__minmax/EasyEnsemble,1780136562317_d342c02e17801416677636531,0.3737769080234833,0.5320092322643344,0.6518106995884774,0.3205690732615343,0.9488383835502332,0.3737769080234833,0.4920992258857196,0.3737769080234833,0.3737769080234833,0.3737769080234833,0.4846768396217857
8,infgain,minmax,mixup,noImbl,EasyEnsemble,last,0.35,0.2,5012,2026-05-30 19:48:31,20260530-182225,log/stroke_prediction_v4/8/infgain/mixup__noImbl__minmax/EasyEnsemble,1780136562317_d342c02e17801417116738716,0.3659491193737769,0.5315333520770367,0.6476954732510287,0.3152853598014888,0.9486608453896198,0.3659491193737769,0.4833140875915953,0.3659491193737769,0.3659491193737769,0.3659491193737769,0.4789585319302418
8,infgain,minmax,mixup,noImbl,EasyEnsemble,last,0.5,0.1,5012,2026-05-30 19:47:53,20260530-182225,log/stroke_prediction_v4/8/infgain/mixup__noImbl__minmax/EasyEnsemble,1780136562317_d342c02e17801416739979954,0.6712328767123288,0.5397371609342397,0.6943621399176955,0.4855458075650798,0.935943206513972,0.6712328767123288,0.7643788332226753,0.6712328767123288,0.6712328767123288,0.6712328767123288,0.6729860975396854
8,infgain,minmax,mixup,noImbl,EasyEnsemble,last,0.5,0.2,5012,2026-05-30 19:48:37,20260530-182225,log/stroke_prediction_v4/8/infgain/mixup__noImbl__minmax/EasyEnsemble,1780136562317_d342c02e17801417179592857,0.6614481409001957,0.550813972513089,0.7556172839506172,0.4922169377814538,0.9461810393848424,0.6614481409001957,0.7566765467229453,0.6614481409001957,0.6614481409001957,0.6614481409001957,0.6771745086205929
8,infgain,minmax,mixup,noImbl,XGBClassifier_SPW24,first,0.1,0.1,5012,2026-05-30 19:45:46,20260530-182225,log/stroke_prediction_v4/8/infgain/minmax__mixup__noImbl/XGBClassifier_SPW24,1780136562317_d342c02e17801415462580561,0.8532289628180039,0.5194937176644494,0.5434156378600823,0.5188021846945822,0.9129769606715814,0.8532289628180039,0.8807053413023226,0.8532289628180039,0.8532289628180039,0.8532289628180039,0.7488063456463484
8,infgain,minmax,mixup,noImbl,XGBClassifier_SPW24,first,0.1,0.2,5012,2026-05-30 19:46:30,20260530-182225,log/stroke_prediction_v4/8/infgain/minmax__mixup__noImbl/XGBClassifier_SPW24,1780136562317_d342c02e17801415903769788,0.8483365949119374,0.539185121035919,0.5977572016460906,0.5438275177893158,0.920251509957963,0.8483365949119374,0.8800638879774082,0.8483365949119374,0.8483365949119374,0.8483365949119374,0.7586377320937807
8,infgain,minmax,mixup,noImbl,XGBClassifier_SPW24,first,0.15,0.1,5012,2026-05-30 19:45:52,20260530-182225,log/stroke_prediction_v4/8/infgain/minmax__mixup__noImbl/XGBClassifier_SPW24,1780136562317_d342c02e17801415526364451,0.8806262230919765,0.5229706054117188,0.5388477366255144,0.5259668172209802,0.9127560421743636,0.8806262230919765,0.8958717631633542,0.8806262230919765,0.8806262230919765,0.8806262230919764,0.7629837147156002
8,infgain,minmax,mixup,noImbl,XGBClassifier_SPW24,first,0.15,0.2,5012,2026-05-30 19:46:36,20260530-182225,log/stroke_prediction_v4/8/infgain/minmax__mixup__noImbl/XGBClassifier_SPW24,1780136562317_d342c02e17801415966344354,0.8679060665362035,0.5342353567732147,0.5701028806584363,0.5396626795455683,0.91687763836709,0.8679060665362035,0.8903468079411253,0.8679060665362035,0.8679060665362035,0.8679060665362035,0.7637854373173595
8,infgain,minmax,mixup,noImbl,XGBClassifier_SPW24,first,0.2,0.1,5012,2026-05-30 19:45:58,20260530-182225,log/stroke_prediction_v4/8/infgain/minmax__mixup__noImbl/XGBClassifier_SPW24,1780136562317_d342c02e17801415588988753,0.8904109589041096,0.5290362885701868,0.5439917695473252,0.5332724425887265,0.9137792978633472,0.8904109589041097,0.9015965052764036,0.8904109589041096,0.8904109589041096,0.8904109589041096,0.770075461339499
8,infgain,minmax,mixup,noImbl,XGBClassifier_SPW24,first,0.2,0.2,5012,2026-05-30 19:46:42,20260530-182225,log/stroke_prediction_v4/8/infgain/minmax__mixup__noImbl/XGBClassifier_SPW24,1780136562317_d342c02e17801416028797737,0.87573385518591,0.5387761903226154,0.5742181069958847,0.5459255605349789,0.9176481013030514,0.87573385518591,0.8950452478692594,0.87573385518591,0.87573385518591,0.87573385518591,0.7695034031971547
8,infgain,minmax,mixup,noImbl,XGBClassifier_SPW24,first,0.25,0.1,5012,2026-05-30 19:46:05,20260530-182225,log/stroke_prediction_v4/8/infgain/minmax__mixup__noImbl/XGBClassifier_SPW24,1780136562317_d342c02e17801415651341882,0.9217221135029354,0.5654401282965074,0.5604526748971194,0.5627994524298425,0.9186573222323424,0.9217221135029356,0.9201716916408488,0.9217221135029354,0.9217221135029354,0.9217221135029354,0.7955895295543746
8,infgain,minmax,mixup,noImbl,XGBClassifier_SPW24,first,0.25,0.2,5012,2026-05-30 19:46:49,20260530-182225,log/stroke_prediction_v4/8/infgain/minmax__mixup__noImbl/XGBClassifier_SPW24,1780136562317_d342c02e17801416091806991,0.8913894324853229,0.5549265474214764,0.5919341563786008,0.5657872073306565,0.9207505804743848,0.8913894324853229,0.9050021808816195,0.8913894324853229,0.8913894324853229,0.8913894324853229,0.7839353096534166
8,infgain,minmax,mixup,noImbl,XGBClassifier_SPW24,first,0.3,0.1,5012,2026-05-30 19:46:11,20260530-182225,log/stroke_prediction_v4/8/infgain/minmax__mixup__noImbl/XGBClassifier_SPW24,1780136562317_d342c02e17801415714872100,0.913894324853229,0.552379859198041,0.5563374485596708,0.5542426645519429,0.9170585652528368,0.913894324853229,0.9154614344841714,0.913894324853229,0.913894324853229,0.913894324853229,0.7885909320977633
8,infgain,minmax,mixup,noImbl,XGBClassifier_SPW24,first,0.3,0.2,5012,2026-05-30 19:46:55,20260530-182225,log/stroke_prediction_v4/8/infgain/minmax__mixup__noImbl/XGBClassifier_SPW24,1780136562317_d342c02e17801416154501940,0.898238747553816,0.5517553132302213,0.5765637860082304,0.5601900127447573,0.9189481022490192,0.8982387475538159,0.9080481974478288,0.898238747553816,0.898238747553816,0.898238747553816,0.7842579506991614
8,infgain,minmax,mixup,noImbl,XGBClassifier_SPW24,first,0.35,0.1,5012,2026-05-30 19:46:17,20260530-182225,log/stroke_prediction_v4/8/infgain/minmax__mixup__noImbl/XGBClassifier_SPW24,1780136562317_d342c02e17801415777624889,0.9275929549902152,0.5931864658858524,0.5825102880658436,0.5874086197490452,0.923296511875384,0.9275929549902152,0.9253934873054664,0.9275929549902152,0.9275929549902152,0.9275929549902152,0.8078568246369706
8,infgain,minmax,mixup,noImbl,XGBClassifier_SPW24,first,0.35,0.2,5012,2026-05-30 19:47:01,20260530-182225,log/stroke_prediction_v4/8/infgain/minmax__mixup__noImbl/XGBClassifier_SPW24,1780136562317_d342c02e17801416216597946,0.9031311154598826,0.5514774092492054,0.5696502057613169,0.5583193277310925,0.9182474512472196,0.9031311154598826,0.9103862915029024,0.9031311154598826,0.9031311154598826,0.9031311154598826,0.7854957956948264
8,infgain,minmax,mixup,noImbl,XGBClassifier_SPW24,first,0.5,0.1,5012,2026-05-30 19:46:24,20260530-182225,log/stroke_prediction_v4/8/infgain/minmax__mixup__noImbl/XGBClassifier_SPW24,1780136562317_d342c02e17801415840330777,0.9315068493150684,0.5482897384305835,0.5276543209876543,0.5334794063176566,0.914051825630889,0.9315068493150684,0.9222307860248746,0.9315068493150684,0.9315068493150684,0.9315068493150684,0.7899588570823196
8,infgain,minmax,mixup,noImbl,XGBClassifier_SPW24,first,0.5,0.2,5012,2026-05-30 19:47:07,20260530-182225,log/stroke_prediction_v4/8/infgain/minmax__mixup__noImbl/XGBClassifier_SPW24,1780136562317_d342c02e17801416279704342,0.9217221135029354,0.572702772073922,0.5699382716049383,0.571281750110116,0.9202144705593976,0.9217221135029354,0.9209635845778428,0.9217221135029354,0.9217221135029354,0.9217221135029354,0.7988111970281936
8,infgain,minmax,mixup,noImbl,XGBClassifier_SPW24,last,0.1,0.1,5012,2026-05-30 19:47:14,20260530-182225,log/stroke_prediction_v4/8/infgain/mixup__noImbl__minmax/XGBClassifier_SPW24,1780136562317_d342c02e17801416346362006,0.8590998043052838,0.5298297585120745,0.5654732510288065,0.533049040511727,0.9160727384374424,0.8590998043052838,0.8850616918204615,0.8590998043052838,0.8590998043052838,0.8590998043052838,0.7574941063697739
8,infgain,minmax,mixup,noImbl,XGBClassifier_SPW24,last,0.1,0.2,5012,2026-05-30 19:47:58,20260530-182225,log/stroke_prediction_v4/8/infgain/mixup__noImbl__minmax/XGBClassifier_SPW24,1780136562317_d342c02e17801416786236766,0.8326810176125244,0.5327248659340991,0.5895267489711934,0.5323755829852592,0.9189812511959822,0.8326810176125244,0.8704483677549036,0.8326810176125244,0.8326810176125244,0.8326810176125244,0.7476192862661615
8,infgain,minmax,mixup,noImbl,XGBClassifier_SPW24,last,0.15,0.1,5012,2026-05-30 19:47:20,20260530-182225,log/stroke_prediction_v4/8/infgain/mixup__noImbl__minmax/XGBClassifier_SPW24,1780136562317_d342c02e17801416409573520,0.8786692759295499,0.5316397652237711,0.5567901234567901,0.5368128654970761,0.9152862986419102,0.8786692759295499,0.8958010322610179,0.8786692759295499,0.8786692759295499,0.87866927592955,0.7667314137677811
8,infgain,minmax,mixup,noImbl,XGBClassifier_SPW24,last,0.15,0.2,5012,2026-05-30 19:48:04,20260530-182225,log/stroke_prediction_v4/8/infgain/mixup__noImbl__minmax/XGBClassifier_SPW24,1780136562317_d342c02e17801416848320061,0.8737769080234834,0.5417302798982188,0.5826748971193416,0.549725917450776,0.918758594099566,0.8737769080234835,0.8943337759375535,0.8737769080234834,0.8737769080234834,0.8737769080234834,0.7704360943293552
8,infgain,minmax,mixup,noImbl,XGBClassifier_SPW24,last,0.2,0.1,5012,2026-05-30 19:47:27,20260530-182225,log/stroke_prediction_v4/8/infgain/mixup__noImbl__minmax/XGBClassifier_SPW24,1780136562317_d342c02e17801416471854210,0.8864970645792564,0.5151564537157758,0.5229629629629631,0.5166036012526096,0.9105098523487192,0.8864970645792565,0.8980820947505608,0.8864970645792564,0.8864970645792564,0.8864970645792564,0.7616646071349238
8,infgain,minmax,mixup,noImbl,XGBClassifier_SPW24,last,0.2,0.2,5012,2026-05-30 19:48:11,20260530-182225,log/stroke_prediction_v4/8/infgain/mixup__noImbl__minmax/XGBClassifier_SPW24,1780136562317_d342c02e17801416910531476,0.8806262230919765,0.5463048855905999,0.5862757201646089,0.555664842057247,0.9194819717604176,0.8806262230919764,0.8984730723936548,0.8806262230919765,0.8806262230919765,0.8806262230919764,0.7755774341559882
8,infgain,minmax,mixup,noImbl,XGBClassifier_SPW24,last,0.25,0.1,5012,2026-05-30 19:47:33,20260530-182225,log/stroke_prediction_v4/8/infgain/mixup__noImbl__minmax/XGBClassifier_SPW24,1780136562317_d342c02e17801416534287788,0.913894324853229,0.552379859198041,0.5563374485596708,0.5542426645519429,0.9170585652528368,0.913894324853229,0.9154614344841714,0.913894324853229,0.913894324853229,0.913894324853229,0.7885909320977633
8,infgain,minmax,mixup,noImbl,XGBClassifier_SPW24,last,0.25,0.2,5012,2026-05-30 19:48:17,20260530-182225,log/stroke_prediction_v4/8/infgain/mixup__noImbl__minmax/XGBClassifier_SPW24,1780136562317_d342c02e17801416974447178,0.8923679060665362,0.55581643808388,0.5924485596707819,0.5667622394869898,0.9208757951191848,0.8923679060665362,0.9055979331510324,0.8923679060665362,0.8923679060665362,0.8923679060665362,0.7847152676097022
8,infgain,minmax,mixup,noImbl,XGBClassifier_SPW24,last,0.3,0.1,5012,2026-05-30 19:47:39,20260530-182225,log/stroke_prediction_v4/8/infgain/mixup__noImbl__minmax/XGBClassifier_SPW24,1780136562317_d342c02e17801416597492354,0.9041095890410958,0.5405793319415448,0.5511934156378601,0.5447868375602218,0.915495324162782,0.9041095890410958,0.9096498076762636,0.9041095890410958,0.9041095890410958,0.9041095890410958,0.7805361395761297
8,infgain,minmax,mixup,noImbl,XGBClassifier_SPW24,last,0.3,0.2,5012,2026-05-30 19:48:23,20260530-182225,log/stroke_prediction_v4/8/infgain/mixup__noImbl__minmax/XGBClassifier_SPW24,1780136562317_d342c02e17801417036911046,0.8992172211350293,0.5527419922562478,0.5770781893004115,0.5611631057842627,0.9190839200386292,0.8992172211350293,0.9086390192217284,0.8992172211350293,0.8992172211350293,0.8992172211350293,0.7850476173644392
8,infgain,minmax,mixup,noImbl,XGBClassifier_SPW24,last,0.35,0.1,5012,2026-05-30 19:47:46,20260530-182225,log/stroke_prediction_v4/8/infgain/mixup__noImbl__minmax/XGBClassifier_SPW24,1780136562317_d342c02e17801416660378199,0.9197651663405088,0.5265784114052954,0.5214814814814814,0.5234618446491527,0.9114172522229884,0.9197651663405086,0.9155129847772968,0.9197651663405088,0.9197651663405088,0.9197651663405088,0.7797000054611473
8,infgain,minmax,mixup,noImbl,XGBClassifier_SPW24,last,0.35,0.2,5012,2026-05-30 19:48:29,20260530-182225,log/stroke_prediction_v4/8/infgain/mixup__noImbl__minmax/XGBClassifier_SPW24,1780136562317_d342c02e17801417099533645,0.9080234833659492,0.5572481732776617,0.5722222222222222,0.5633669666393964,0.9190097346886248,0.9080234833659492,0.9133375706282528,0.9080234833659492,0.9080234833659492,0.9080234833659492,0.7895630869553777
8,infgain,minmax,mixup,noImbl,XGBClassifier_SPW24,last,0.5,0.1,5012,2026-05-30 19:47:52,20260530-182225,log/stroke_prediction_v4/8/infgain/mixup__noImbl__minmax/XGBClassifier_SPW24,1780136562317_d342c02e17801416723274686,0.9217221135029354,0.5051202667301739,0.5035390946502057,0.5034013605442176,0.9077480473638072,0.9217221135029354,0.91458657827123,0.9217221135029354,0.9217221135029354,0.9217221135029354,0.7730277770979098
8,infgain,minmax,mixup,noImbl,XGBClassifier_SPW24,last,0.5,0.2,5012,2026-05-30 19:48:36,20260530-182225,log/stroke_prediction_v4/8/infgain/mixup__noImbl__minmax/XGBClassifier_SPW24,1780136562317_d342c02e17801417162527797,0.9217221135029354,0.5654401282965074,0.5604526748971194,0.5627994524298425,0.9186573222323424,0.9217221135029356,0.9201716916408488,0.9217221135029354,0.9217221135029354,0.9217221135029354,0.7955895295543746
8,infgain,minmax,noAug,noImbl,BalancedRandomForest,first,0.1,0.1,5012,2026-05-30 19:48:43,20260530-182225,log/stroke_prediction_v4/8/infgain/minmax__noAug__noImbl/BalancedRandomForest,1780136562317_d342c02e17801417230119913,0.3816046966731898,0.528377502643337,0.636954732510288,0.3241419722082705,0.9434834140067596,0.3816046966731897,0.5019293277675174,0.3816046966731898,0.3816046966731898,0.3816046966731898,0.4874341385816825
8,infgain,minmax,noAug,noImbl,BalancedRandomForest,first,0.1,0.2,5012,2026-05-30 19:49:22,20260530-182225,log/stroke_prediction_v4/8/infgain/minmax__noAug__noImbl/BalancedRandomForest,1780136562317_d342c02e17801417622459991,0.4090019569471624,0.5322547369115996,0.660843621399177,0.3429667442959506,0.9469958432152898,0.4090019569471624,0.5308817630132879,0.4090019569471624,0.4090019569471624,0.4090019569471623,0.5086874790278573
8,infgain,minmax,noAug,noImbl,BalancedRandomForest,first,0.15,0.1,5012,2026-05-30 19:48:48,20260530-182225,log/stroke_prediction_v4/8/infgain/minmax__noAug__noImbl/BalancedRandomForest,1780136562317_d342c02e17801417286673098,0.4520547945205479,0.5297138259607497,0.6550205761316872,0.3673281686653224,0.94121742933929,0.4520547945205478,0.5761996901586858,0.4520547945205479,0.4520547945205479,0.4520547945205479,0.534946279774993
8,infgain,minmax,noAug,noImbl,BalancedRandomForest,first,0.15,0.2,5012,2026-05-30 19:49:27,20260530-182225,log/stroke_prediction_v4/8/infgain/minmax__noAug__noImbl/BalancedRandomForest,1780136562317_d342c02e17801417678997393,0.4667318982387475,0.5327407146629115,0.6722222222222223,0.3774665675662082,0.9439578007647974,0.4667318982387475,0.5901348747498807,0.4667318982387475,0.4667318982387475,0.4667318982387475,0.5467250494079053
8,infgain,minmax,noAug,noImbl,BalancedRandomForest,first,0.2,0.1,5012,2026-05-30 19:48:54,20260530-182225,log/stroke_prediction_v4/8/infgain/minmax__noAug__noImbl/BalancedRandomForest,1780136562317_d342c02e17801417342479968,0.5068493150684932,0.5307689944391533,0.6648559670781893,0.3983516483516483,0.9391753718419056,0.5068493150684932,0.6288466914690006,0.5068493150684932,0.5068493150684932,0.5068493150684932,0.5702995103364193
8,infgain,minmax,noAug,noImbl,BalancedRandomForest,first,0.2,0.2,5012,2026-05-30 19:49:33,20260530-182225,log/stroke_prediction_v4/8/infgain/minmax__noAug__noImbl/BalancedRandomForest,1780136562317_d342c02e17801417735348353,0.5450097847358122,0.5397188655035716,0.7133744855967079,0.4249360172798722,0.94623782651405,0.5450097847358122,0.6619981448909571,0.5450097847358122,0.5450097847358122,0.5450097847358122,0.6009771559813821
8,infgain,minmax,noAug,noImbl,BalancedRandomForest,first,0.25,0.1,5012,2026-05-30 19:48:59,20260530-182225,log/stroke_prediction_v4/8/infgain/minmax__noAug__noImbl/BalancedRandomForest,1780136562317_d342c02e17801417397888516,0.5772994129158513,0.5343614718614719,0.6829218106995885,0.4371328328981723,0.938328631577164,0.5772994129158513,0.6905320226556234,0.5772994129158513,0.5772994129158513,0.5772994129158513,0.6156306849132321
8,infgain,minmax,noAug,noImbl,BalancedRandomForest,first,0.25,0.2,5012,2026-05-30 19:49:39,20260530-182225,log/stroke_prediction_v4/8/infgain/minmax__noAug__noImbl/BalancedRandomForest,1780136562317_d342c02e17801417791210039,0.5998043052837574,0.5439996109327887,0.7326954732510288,0.4563398490490454,0.94596779992961,0.5998043052837574,0.708290760760292,0.5998043052837574,0.5998043052837574,0.5998043052837574,0.6368826019962462
8,infgain,minmax,noAug,noImbl,BalancedRandomForest,first,0.3,0.1,5012,2026-05-30 19:49:05,20260530-182225,log/stroke_prediction_v4/8/infgain/minmax__noAug__noImbl/BalancedRandomForest,1780136562317_d342c02e17801417453783498,0.639921722113503,0.5422384357685864,0.715843621399177,0.4739974937343358,0.9407516659013868,0.639921722113503,0.7405168989008726,0.639921722113503,0.639921722113503,0.639921722113503,0.6580292200475975
8,infgain,minmax,noAug,noImbl,BalancedRandomForest,first,0.3,0.2,5012,2026-05-30 19:49:44,20260530-182225,log/stroke_prediction_v4/8/infgain/minmax__noAug__noImbl/BalancedRandomForest,1780136562317_d342c02e17801417846633283,0.6389432485322897,0.5491760052735662,0.7532716049382716,0.4800229986804714,0.9470865739492536,0.6389432485322897,0.739358344456359,0.6389432485322897,0.6389432485322897,0.6389432485322897,0.6634379192995493
8,infgain,minmax,noAug,noImbl,BalancedRandomForest,first,0.35,0.1,5012,2026-05-30 19:49:11,20260530-182225,log/stroke_prediction_v4/8/infgain/minmax__noAug__noImbl/BalancedRandomForest,1780136562317_d342c02e17801417510419635,0.6829745596868885,0.5490121452011231,0.738477366255144,0.500229413185221,0.9423667507930836,0.6829745596868885,0.7728686123349578,0.6829745596868885,0.6829745596868885,0.6829745596868885,0.6871401539277171
8,infgain,minmax,noAug,noImbl,BalancedRandomForest,first,0.35,0.2,5012,2026-05-30 19:49:50,20260530-182225,log/stroke_prediction_v4/8/infgain/minmax__noAug__noImbl/BalancedRandomForest,1780136562317_d342c02e17801417903378872,0.6888454011741683,0.5500528667417033,0.7415637860082305,0.5039046996831057,0.9425888076826012,0.6888454011741683,0.7771664413093232,0.6888454011741683,0.6888454011741683,0.6888454011741683,0.6911193776617849
8,infgain,minmax,noAug,noImbl,BalancedRandomForest,first,0.5,0.1,5012,2026-05-30 19:49:16,20260530-182225,log/stroke_prediction_v4/8/infgain/minmax__noAug__noImbl/BalancedRandomForest,1780136562317_d342c02e17801417566467831,0.7906066536203522,0.5405543908688563,0.6432921810699588,0.5315581600568878,0.9260864749104604,0.7906066536203522,0.8458248851430907,0.7906066536203522,0.7906066536203522,0.7906066536203522,0.733843422913065
8,infgain,minmax,noAug,noImbl,BalancedRandomForest,first,0.5,0.2,5012,2026-05-30 19:49:55,20260530-182225,log/stroke_prediction_v4/8/infgain/minmax__noAug__noImbl/BalancedRandomForest,1780136562317_d342c02e17801417959022883,0.8033268101761253,0.5517777711436845,0.6784362139917696,0.549705717949561,0.9307454410585708,0.8033268101761253,0.8545800947851442,0.8033268101761253,0.8033268101761253,0.8033268101761253,0.7480695386000583
8,infgain,minmax,noAug,noImbl,BalancedRandomForest,last,0.1,0.1,5012,2026-05-30 19:50:01,20260530-182225,log/stroke_prediction_v4/8/infgain/noAug__noImbl__minmax/BalancedRandomForest,1780136562317_d342c02e17801418019698209,0.3816046966731898,0.528377502643337,0.636954732510288,0.3241419722082705,0.9434834140067596,0.3816046966731897,0.5019293277675174,0.3816046966731898,0.3816046966731898,0.3816046966731898,0.4874341385816825
8,infgain,minmax,noAug,noImbl,BalancedRandomForest,last,0.1,0.2,5012,2026-05-30 19:50:41,20260530-182225,log/stroke_prediction_v4/8/infgain/noAug__noImbl__minmax/BalancedRandomForest,1780136562317_d342c02e17801418412432769,0.4090019569471624,0.5322547369115996,0.660843621399177,0.3429667442959506,0.9469958432152898,0.4090019569471624,0.5308817630132879,0.4090019569471624,0.4090019569471624,0.4090019569471623,0.5086874790278573
8,infgain,minmax,noAug,noImbl,BalancedRandomForest,last,0.15,0.1,5012,2026-05-30 19:50:07,20260530-182225,log/stroke_prediction_v4/8/infgain/noAug__noImbl__minmax/BalancedRandomForest,1780136562317_d342c02e17801418076578112,0.4520547945205479,0.5297138259607497,0.6550205761316872,0.3673281686653224,0.94121742933929,0.4520547945205478,0.5761996901586858,0.4520547945205479,0.4520547945205479,0.4520547945205479,0.534946279774993
8,infgain,minmax,noAug,noImbl,BalancedRandomForest,last,0.15,0.2,5012,2026-05-30 19:50:46,20260530-182225,log/stroke_prediction_v4/8/infgain/noAug__noImbl__minmax/BalancedRandomForest,1780136562317_d342c02e17801418468623335,0.4667318982387475,0.5327407146629115,0.6722222222222223,0.3774665675662082,0.9439578007647974,0.4667318982387475,0.5901348747498807,0.4667318982387475,0.4667318982387475,0.4667318982387475,0.5467250494079053
8,infgain,minmax,noAug,noImbl,BalancedRandomForest,last,0.2,0.1,5012,2026-05-30 19:50:13,20260530-182225,log/stroke_prediction_v4/8/infgain/noAug__noImbl__minmax/BalancedRandomForest,1780136562317_d342c02e17801418132123016,0.5068493150684932,0.5307689944391533,0.6648559670781893,0.3983516483516483,0.9391753718419056,0.5068493150684932,0.6288466914690006,0.5068493150684932,0.5068493150684932,0.5068493150684932,0.5702995103364193
8,infgain,minmax,noAug,noImbl,BalancedRandomForest,last,0.2,0.2,5012,2026-05-30 19:50:52,20260530-182225,log/stroke_prediction_v4/8/infgain/noAug__noImbl__minmax/BalancedRandomForest,1780136562317_d342c02e17801418524544515,0.5450097847358122,0.5397188655035716,0.7133744855967079,0.4249360172798722,0.94623782651405,0.5450097847358122,0.6619981448909571,0.5450097847358122,0.5450097847358122,0.5450097847358122,0.6009771559813821
8,infgain,minmax,noAug,noImbl,BalancedRandomForest,last,0.25,0.1,5012,2026-05-30 19:50:18,20260530-182225,log/stroke_prediction_v4/8/infgain/noAug__noImbl__minmax/BalancedRandomForest,1780136562317_d342c02e17801418187547912,0.5772994129158513,0.5343614718614719,0.6829218106995885,0.4371328328981723,0.938328631577164,0.5772994129158513,0.6905320226556234,0.5772994129158513,0.5772994129158513,0.5772994129158513,0.6156306849132321
8,infgain,minmax,noAug,noImbl,BalancedRandomForest,last,0.25,0.2,5012,2026-05-30 19:50:58,20260530-182225,log/stroke_prediction_v4/8/infgain/noAug__noImbl__minmax/BalancedRandomForest,1780136562317_d342c02e17801418582167766,0.5998043052837574,0.5439996109327887,0.7326954732510288,0.4563398490490454,0.94596779992961,0.5998043052837574,0.708290760760292,0.5998043052837574,0.5998043052837574,0.5998043052837574,0.6368826019962462
8,infgain,minmax,noAug,noImbl,BalancedRandomForest,last,0.3,0.1,5012,2026-05-30 19:50:24,20260530-182225,log/stroke_prediction_v4/8/infgain/noAug__noImbl__minmax/BalancedRandomForest,1780136562317_d342c02e17801418244053077,0.639921722113503,0.5422384357685864,0.715843621399177,0.4739974937343358,0.9407516659013868,0.639921722113503,0.7405168989008726,0.639921722113503,0.639921722113503,0.639921722113503,0.6580292200475975
8,infgain,minmax,noAug,noImbl,BalancedRandomForest,last,0.3,0.2,5012,2026-05-30 19:51:03,20260530-182225,log/stroke_prediction_v4/8/infgain/noAug__noImbl__minmax/BalancedRandomForest,1780136562317_d342c02e17801418638182996,0.6389432485322897,0.5491760052735662,0.7532716049382716,0.4800229986804714,0.9470865739492536,0.6389432485322897,0.739358344456359,0.6389432485322897,0.6389432485322897,0.6389432485322897,0.6634379192995493
8,infgain,minmax,noAug,noImbl,BalancedRandomForest,last,0.35,0.1,5012,2026-05-30 19:50:30,20260530-182225,log/stroke_prediction_v4/8/infgain/noAug__noImbl__minmax/BalancedRandomForest,1780136562317_d342c02e17801418300112956,0.6829745596868885,0.5490121452011231,0.738477366255144,0.500229413185221,0.9423667507930836,0.6829745596868885,0.7728686123349578,0.6829745596868885,0.6829745596868885,0.6829745596868885,0.6871401539277171
8,infgain,minmax,noAug,noImbl,BalancedRandomForest,last,0.35,0.2,5012,2026-05-30 19:51:09,20260530-182225,log/stroke_prediction_v4/8/infgain/noAug__noImbl__minmax/BalancedRandomForest,1780136562317_d342c02e17801418695168799,0.6888454011741683,0.5500528667417033,0.7415637860082305,0.5039046996831057,0.9425888076826012,0.6888454011741683,0.7771664413093232,0.6888454011741683,0.6888454011741683,0.6888454011741683,0.6911193776617849
8,infgain,minmax,noAug,noImbl,BalancedRandomForest,last,0.5,0.1,5012,2026-05-30 19:50:35,20260530-182225,log/stroke_prediction_v4/8/infgain/noAug__noImbl__minmax/BalancedRandomForest,1780136562317_d342c02e17801418355944884,0.7906066536203522,0.5405543908688563,0.6432921810699588,0.5315581600568878,0.9260864749104604,0.7906066536203522,0.8458248851430907,0.7906066536203522,0.7906066536203522,0.7906066536203522,0.733843422913065
8,infgain,minmax,noAug,noImbl,BalancedRandomForest,last,0.5,0.2,5012,2026-05-30 19:51:15,20260530-182225,log/stroke_prediction_v4/8/infgain/noAug__noImbl__minmax/BalancedRandomForest,1780136562317_d342c02e17801418752546332,0.8033268101761253,0.5517777711436845,0.6784362139917696,0.549705717949561,0.9307454410585708,0.8033268101761253,0.8545800947851442,0.8033268101761253,0.8033268101761253,0.8033268101761253,0.7480695386000583
8,infgain,minmax,noAug,noImbl,EasyEnsemble,first,0.1,0.1,5012,2026-05-30 19:48:43,20260530-182225,log/stroke_prediction_v4/8/infgain/minmax__noAug__noImbl/EasyEnsemble,1780136562317_d342c02e17801417239253820,0.0489236790606653,0.0244618395303326,0.5,0.0466417910447761,0.0023935263728309,0.0489236790606653,0.0045637760317784,0.0489236790606653,0.0489236790606653,0.0489236790606653,0.0799358432760656
8,infgain,minmax,noAug,noImbl,EasyEnsemble,first,0.1,0.2,5012,2026-05-30 19:49:23,20260530-182225,log/stroke_prediction_v4/8/infgain/minmax__noAug__noImbl/EasyEnsemble,1780136562317_d342c02e17801417631545684,0.0489236790606653,0.0244618395303326,0.5,0.0466417910447761,0.0023935263728309,0.0489236790606653,0.0045637760317784,0.0489236790606653,0.0489236790606653,0.0489236790606653,0.0799358432760656
8,infgain,minmax,noAug,noImbl,EasyEnsemble,first,0.15,0.1,5012,2026-05-30 19:48:49,20260530-182225,log/stroke_prediction_v4/8/infgain/minmax__noAug__noImbl/EasyEnsemble,1780136562317_d342c02e17801417295797579,0.0489236790606653,0.0244618395303326,0.5,0.0466417910447761,0.0023935263728309,0.0489236790606653,0.0045637760317784,0.0489236790606653,0.0489236790606653,0.0489236790606653,0.0799358432760656
8,infgain,minmax,noAug,noImbl,EasyEnsemble,first,0.15,0.2,5012,2026-05-30 19:49:28,20260530-182225,log/stroke_prediction_v4/8/infgain/minmax__noAug__noImbl/EasyEnsemble,1780136562317_d342c02e17801417688180598,0.0489236790606653,0.0244618395303326,0.5,0.0466417910447761,0.0023935263728309,0.0489236790606653,0.0045637760317784,0.0489236790606653,0.0489236790606653,0.0489236790606653,0.0799358432760656
8,infgain,minmax,noAug,noImbl,EasyEnsemble,first,0.2,0.1,5012,2026-05-30 19:48:55,20260530-182225,log/stroke_prediction_v4/8/infgain/minmax__noAug__noImbl/EasyEnsemble,1780136562317_d342c02e17801417351455497,0.0763209393346379,0.5251509054325956,0.51440329218107,0.0758927203065134,0.9535372705902736,0.0763209393346379,0.0579464501278388,0.0763209393346379,0.0763209393346379,0.0763209393346379,0.2499133981194018
8,infgain,minmax,noAug,noImbl,EasyEnsemble,first,0.2,0.2,5012,2026-05-30 19:49:34,20260530-182225,log/stroke_prediction_v4/8/infgain/minmax__noAug__noImbl/EasyEnsemble,1780136562317_d342c02e17801417744486196,0.3512720156555773,0.5306556054741187,0.6399794238683127,0.3052644530228695,0.948311337324359,0.3512720156555772,0.4665533227846815,0.3512720156555773,0.3512720156555773,0.3512720156555773,0.4681761093000425
8,infgain,minmax,noAug,noImbl,EasyEnsemble,first,0.25,0.1,5012,2026-05-30 19:49:00,20260530-182225,log/stroke_prediction_v4/8/infgain/minmax__noAug__noImbl/EasyEnsemble,1780136562317_d342c02e17801417407071015,0.1565557729941291,0.5176597882371127,0.5376131687242798,0.1532351391980683,0.9369770452321136,0.1565557729941291,0.2010730198225684,0.1565557729941291,0.1565557729941291,0.1565557729941291,0.3149935332700977
8,infgain,minmax,noAug,noImbl,EasyEnsemble,first,0.25,0.2,5012,2026-05-30 19:49:40,20260530-182225,log/stroke_prediction_v4/8/infgain/minmax__noAug__noImbl/EasyEnsemble,1780136562317_d342c02e17801417800369391,0.3590998043052837,0.5311215397673995,0.6440946502057613,0.3106278506719064,0.948500592651796,0.3590998043052837,0.4755398110039135,0.3590998043052837,0.3590998043052837,0.3590998043052837,0.473936749235982
8,infgain,minmax,noAug,noImbl,EasyEnsemble,first,0.3,0.1,5012,2026-05-30 19:49:06,20260530-182225,log/stroke_prediction_v4/8/infgain/minmax__noAug__noImbl/EasyEnsemble,1780136562317_d342c02e17801417462949358,0.3405088062622309,0.5300220750551876,0.634320987654321,0.2978164692450405,0.9480393808616616,0.3405088062622308,0.4540162102365065,0.3405088062622309,0.3405088062622309,0.3405088062622309,0.4602166687842413
8,infgain,minmax,noAug,noImbl,EasyEnsemble,first,0.3,0.2,5012,2026-05-30 19:49:45,20260530-182225,log/stroke_prediction_v4/8/infgain/minmax__noAug__noImbl/EasyEnsemble,1780136562317_d342c02e17801417856049476,0.3590998043052837,0.5311215397673995,0.6440946502057613,0.3106278506719064,0.948500592651796,0.3590998043052837,0.4755398110039135,0.3590998043052837,0.3590998043052837,0.3590998043052837,0.473936749235982
8,infgain,minmax,noAug,noImbl,EasyEnsemble,first,0.35,0.1,5012,2026-05-30 19:49:11,20260530-182225,log/stroke_prediction_v4/8/infgain/minmax__noAug__noImbl/EasyEnsemble,1780136562317_d342c02e17801417519818659,0.4070450097847358,0.5341071132482176,0.6693004115226338,0.3425936540690639,0.949537111096906,0.4070450097847358,0.5282941227248436,0.4070450097847358,0.4070450097847358,0.4070450097847358,0.508745634019756
8,infgain,minmax,noAug,noImbl,EasyEnsemble,first,0.35,0.2,5012,2026-05-30 19:49:51,20260530-182225,log/stroke_prediction_v4/8/infgain/minmax__noAug__noImbl/EasyEnsemble,1780136562317_d342c02e17801417912569847,0.3639921722113503,0.531415273958113,0.6466666666666666,0.3139579555265473,0.9486155437162622,0.3639921722113503,0.4811012445967949,0.3639921722113503,0.3639921722113503,0.3639921722113503,0.4775254973371455
8,infgain,minmax,noAug,noImbl,EasyEnsemble,first,0.5,0.1,5012,2026-05-30 19:49:17,20260530-182225,log/stroke_prediction_v4/8/infgain/minmax__noAug__noImbl/EasyEnsemble,1780136562317_d342c02e17801417575719954,0.6653620352250489,0.5460711331679075,0.7292181069958847,0.4893613291179925,0.9417049881919524,0.6653620352250489,0.7598157475025025,0.6653620352250489,0.6653620352250489,0.6653620352250489,0.675220798418668
8,infgain,minmax,noAug,noImbl,EasyEnsemble,first,0.5,0.2,5012,2026-05-30 19:49:56,20260530-182225,log/stroke_prediction_v4/8/infgain/minmax__noAug__noImbl/EasyEnsemble,1780136562317_d342c02e17801417968203435,0.6350293542074364,0.548617996901892,0.7512139917695473,0.477630408776548,0.946974354080452,0.6350293542074364,0.7363145936023575,0.6350293542074364,0.6350293542074364,0.6350293542074364,0.6607841263149994
8,infgain,minmax,noAug,noImbl,EasyEnsemble,last,0.1,0.1,5012,2026-05-30 19:50:02,20260530-182225,log/stroke_prediction_v4/8/infgain/noAug__noImbl__minmax/EasyEnsemble,1780136562317_d342c02e17801418028824859,0.0489236790606653,0.0244618395303326,0.5,0.0466417910447761,0.0023935263728309,0.0489236790606653,0.0045637760317784,0.0489236790606653,0.0489236790606653,0.0489236790606653,0.0799358432760656
8,infgain,minmax,noAug,noImbl,EasyEnsemble,last,0.1,0.2,5012,2026-05-30 19:50:42,20260530-182225,log/stroke_prediction_v4/8/infgain/noAug__noImbl__minmax/EasyEnsemble,1780136562317_d342c02e17801418421679972,0.0489236790606653,0.0244618395303326,0.5,0.0466417910447761,0.0023935263728309,0.0489236790606653,0.0045637760317784,0.0489236790606653,0.0489236790606653,0.0489236790606653,0.0799358432760656
8,infgain,minmax,noAug,noImbl,EasyEnsemble,last,0.15,0.1,5012,2026-05-30 19:50:08,20260530-182225,log/stroke_prediction_v4/8/infgain/noAug__noImbl__minmax/EasyEnsemble,1780136562317_d342c02e17801418085726695,0.0489236790606653,0.0244618395303326,0.5,0.0466417910447761,0.0023935263728309,0.0489236790606653,0.0045637760317784,0.0489236790606653,0.0489236790606653,0.0489236790606653,0.0799358432760656
8,infgain,minmax,noAug,noImbl,EasyEnsemble,last,0.15,0.2,5012,2026-05-30 19:50:47,20260530-182225,log/stroke_prediction_v4/8/infgain/noAug__noImbl__minmax/EasyEnsemble,1780136562317_d342c02e17801418477692009,0.0489236790606653,0.0244618395303326,0.5,0.0466417910447761,0.0023935263728309,0.0489236790606653,0.0045637760317784,0.0489236790606653,0.0489236790606653,0.0489236790606653,0.0799358432760656
8,infgain,minmax,noAug,noImbl,EasyEnsemble,last,0.2,0.1,5012,2026-05-30 19:50:14,20260530-182225,log/stroke_prediction_v4/8/infgain/noAug__noImbl__minmax/EasyEnsemble,1780136562317_d342c02e17801418141112166,0.0763209393346379,0.5251509054325956,0.51440329218107,0.0758927203065134,0.9535372705902736,0.0763209393346379,0.0579464501278388,0.0763209393346379,0.0763209393346379,0.0763209393346379,0.2499133981194018
8,infgain,minmax,noAug,noImbl,EasyEnsemble,last,0.2,0.2,5012,2026-05-30 19:50:53,20260530-182225,log/stroke_prediction_v4/8/infgain/noAug__noImbl__minmax/EasyEnsemble,1780136562317_d342c02e17801418534813405,0.3512720156555773,0.5306556054741187,0.6399794238683127,0.3052644530228695,0.948311337324359,0.3512720156555772,0.4665533227846815,0.3512720156555773,0.3512720156555773,0.3512720156555773,0.4681761093000425
8,infgain,minmax,noAug,noImbl,EasyEnsemble,last,0.25,0.1,5012,2026-05-30 19:50:19,20260530-182225,log/stroke_prediction_v4/8/infgain/noAug__noImbl__minmax/EasyEnsemble,1780136562317_d342c02e17801418196753577,0.1565557729941291,0.5176597882371127,0.5376131687242798,0.1532351391980683,0.9369770452321136,0.1565557729941291,0.2010730198225684,0.1565557729941291,0.1565557729941291,0.1565557729941291,0.3149935332700977
8,infgain,minmax,noAug,noImbl,EasyEnsemble,last,0.25,0.2,5012,2026-05-30 19:50:59,20260530-182225,log/stroke_prediction_v4/8/infgain/noAug__noImbl__minmax/EasyEnsemble,1780136562317_d342c02e17801418591367136,0.3590998043052837,0.5311215397673995,0.6440946502057613,0.3106278506719064,0.948500592651796,0.3590998043052837,0.4755398110039135,0.3590998043052837,0.3590998043052837,0.3590998043052837,0.473936749235982
8,infgain,minmax,noAug,noImbl,EasyEnsemble,last,0.3,0.1,5012,2026-05-30 19:50:25,20260530-182225,log/stroke_prediction_v4/8/infgain/noAug__noImbl__minmax/EasyEnsemble,1780136562317_d342c02e17801418253323103,0.3405088062622309,0.5300220750551876,0.634320987654321,0.2978164692450405,0.9480393808616616,0.3405088062622308,0.4540162102365065,0.3405088062622309,0.3405088062622309,0.3405088062622309,0.4602166687842413
8,infgain,minmax,noAug,noImbl,EasyEnsemble,last,0.3,0.2,5012,2026-05-30 19:51:04,20260530-182225,log/stroke_prediction_v4/8/infgain/noAug__noImbl__minmax/EasyEnsemble,1780136562317_d342c02e17801418647433576,0.3590998043052837,0.5311215397673995,0.6440946502057613,0.3106278506719064,0.948500592651796,0.3590998043052837,0.4755398110039135,0.3590998043052837,0.3590998043052837,0.3590998043052837,0.473936749235982
8,infgain,minmax,noAug,noImbl,EasyEnsemble,last,0.35,0.1,5012,2026-05-30 19:50:30,20260530-182225,log/stroke_prediction_v4/8/infgain/noAug__noImbl__minmax/EasyEnsemble,1780136562317_d342c02e17801418309202598,0.4070450097847358,0.5341071132482176,0.6693004115226338,0.3425936540690639,0.949537111096906,0.4070450097847358,0.5282941227248436,0.4070450097847358,0.4070450097847358,0.4070450097847358,0.508745634019756
8,infgain,minmax,noAug,noImbl,EasyEnsemble,last,0.35,0.2,5012,2026-05-30 19:51:10,20260530-182225,log/stroke_prediction_v4/8/infgain/noAug__noImbl__minmax/EasyEnsemble,1780136562317_d342c02e17801418704764606,0.3639921722113503,0.531415273958113,0.6466666666666666,0.3139579555265473,0.9486155437162622,0.3639921722113503,0.4811012445967949,0.3639921722113503,0.3639921722113503,0.3639921722113503,0.4775254973371455
8,infgain,minmax,noAug,noImbl,EasyEnsemble,last,0.5,0.1,5012,2026-05-30 19:50:36,20260530-182225,log/stroke_prediction_v4/8/infgain/noAug__noImbl__minmax/EasyEnsemble,1780136562317_d342c02e17801418364998102,0.6653620352250489,0.5460711331679075,0.7292181069958847,0.4893613291179925,0.9417049881919524,0.6653620352250489,0.7598157475025025,0.6653620352250489,0.6653620352250489,0.6653620352250489,0.675220798418668
8,infgain,minmax,noAug,noImbl,EasyEnsemble,last,0.5,0.2,5012,2026-05-30 19:51:16,20260530-182225,log/stroke_prediction_v4/8/infgain/noAug__noImbl__minmax/EasyEnsemble,1780136562317_d342c02e17801418763047298,0.6350293542074364,0.548617996901892,0.7512139917695473,0.477630408776548,0.946974354080452,0.6350293542074364,0.7363145936023575,0.6350293542074364,0.6350293542074364,0.6350293542074364,0.6607841263149994
8,infgain,minmax,noAug,noImbl,XGBClassifier_SPW24,first,0.1,0.1,5012,2026-05-30 19:48:42,20260530-182225,log/stroke_prediction_v4/8/infgain/minmax__noAug__noImbl/XGBClassifier_SPW24,1780136562317_d342c02e17801417224314299,0.8825831702544031,0.551948051948052,0.5967901234567901,0.5629490249743414,0.921010496352962,0.8825831702544031,0.900137448256054,0.8825831702544031,0.8825831702544031,0.8825831702544031,0.7794711062621008
8,infgain,minmax,noAug,noImbl,XGBClassifier_SPW24,first,0.1,0.2,5012,2026-05-30 19:49:21,20260530-182225,log/stroke_prediction_v4/8/infgain/minmax__noAug__noImbl/XGBClassifier_SPW24,1780136562317_d342c02e17801417616781087,0.8365949119373777,0.5310204081632652,0.5820987654320987,0.5309336858508378,0.9180254802508088,0.8365949119373777,0.8725332621560375,0.8365949119373777,0.8365949119373777,0.8365949119373777,0.7482724723605996
8,infgain,minmax,noAug,noImbl,XGBClassifier_SPW24,first,0.15,0.1,5012,2026-05-30 19:48:48,20260530-182225,log/stroke_prediction_v4/8/infgain/minmax__noAug__noImbl/XGBClassifier_SPW24,1780136562317_d342c02e17801417280915115,0.8962818003913894,0.5548301486199576,0.5850205761316871,0.564616992203199,0.9200487367095866,0.8962818003913893,0.9074364464066872,0.8962818003913894,0.8962818003913894,0.8962818003913894,0.7853106820941618
8,infgain,minmax,noAug,noImbl,XGBClassifier_SPW24,first,0.15,0.2,5012,2026-05-30 19:49:27,20260530-182225,log/stroke_prediction_v4/8/infgain/minmax__noAug__noImbl/XGBClassifier_SPW24,1780136562317_d342c02e17801417673289795,0.8522504892367906,0.5230246796350054,0.5523868312757202,0.5232310624901524,0.9141924585690852,0.8522504892367906,0.8805407344105299,0.8522504892367906,0.8522504892367906,0.8522504892367906,0.7504263621777995
8,infgain,minmax,noAug,noImbl,XGBClassifier_SPW24,first,0.2,0.1,5012,2026-05-30 19:48:53,20260530-182225,log/stroke_prediction_v4/8/infgain/minmax__noAug__noImbl/XGBClassifier_SPW24,1780136562317_d342c02e17801417336799483,0.9021526418786692,0.5254704301075269,0.5311934156378602,0.5276915113871635,0.912219872482798,0.9021526418786692,0.9070905908521836,0.9021526418786692,0.9021526418786692,0.9021526418786692,0.7729667439101879
8,infgain,minmax,noAug,noImbl,XGBClassifier_SPW24,first,0.2,0.2,5012,2026-05-30 19:49:32,20260530-182225,log/stroke_prediction_v4/8/infgain/minmax__noAug__noImbl/XGBClassifier_SPW24,1780136562317_d342c02e17801417729336432,0.87279843444227,0.532725916453538,0.5631893004115226,0.5380132413486146,0.9160350381963388,0.87279843444227,0.8928085839145344,0.87279843444227,0.87279843444227,0.87279843444227,0.7649376730725203
8,infgain,minmax,noAug,noImbl,XGBClassifier_SPW24,first,0.25,0.1,5012,2026-05-30 19:48:59,20260530-182225,log/stroke_prediction_v4/8/infgain/minmax__noAug__noImbl/XGBClassifier_SPW24,1780136562317_d342c02e17801417392161187,0.9119373776908024,0.5350118953211737,0.5363374485596708,0.5356515417701581,0.9135797545202996,0.9119373776908024,0.9127553903775864,0.9119373776908024,0.9119373776908024,0.9119373776908022,0.7805289007385968
8,infgain,minmax,noAug,noImbl,XGBClassifier_SPW24,first,0.25,0.2,5012,2026-05-30 19:49:38,20260530-182225,log/stroke_prediction_v4/8/infgain/minmax__noAug__noImbl/XGBClassifier_SPW24,1780136562317_d342c02e17801417785499080,0.8904109589041096,0.5446872778962331,0.5724485596707819,0.5527701805110573,0.9179393082115282,0.8904109589041096,0.9033386463651047,0.8904109589041096,0.8904109589041096,0.8904109589041096,0.7780882221709223
8,infgain,minmax,noAug,noImbl,XGBClassifier_SPW24,first,0.3,0.1,5012,2026-05-30 19:49:04,20260530-182225,log/stroke_prediction_v4/8/infgain/minmax__noAug__noImbl/XGBClassifier_SPW24,1780136562317_d342c02e17801417448049212,0.9178082191780822,0.5426764076977905,0.5394238683127572,0.5409394250513346,0.9145812788642732,0.9178082191780822,0.9161802762228912,0.9178082191780822,0.9178082191780822,0.9178082191780822,0.7853593983498487
8,infgain,minmax,noAug,noImbl,XGBClassifier_SPW24,first,0.3,0.2,5012,2026-05-30 19:49:44,20260530-182225,log/stroke_prediction_v4/8/infgain/minmax__noAug__noImbl/XGBClassifier_SPW24,1780136562317_d342c02e17801417841004271,0.8992172211350293,0.5527419922562478,0.5770781893004115,0.5611631057842627,0.9190839200386292,0.8992172211350293,0.9086390192217284,0.8992172211350293,0.8992172211350293,0.8992172211350293,0.7850476173644392
8,infgain,minmax,noAug,noImbl,XGBClassifier_SPW24,first,0.35,0.1,5012,2026-05-30 19:49:10,20260530-182225,log/stroke_prediction_v4/8/infgain/minmax__noAug__noImbl/XGBClassifier_SPW24,1780136562317_d342c02e17801417504685023,0.9178082191780822,0.5426764076977905,0.5394238683127572,0.5409394250513346,0.9145812788642732,0.9178082191780822,0.9161802762228912,0.9178082191780822,0.9178082191780822,0.9178082191780822,0.7853593983498487
8,infgain,minmax,noAug,noImbl,XGBClassifier_SPW24,first,0.35,0.2,5012,2026-05-30 19:49:49,20260530-182225,log/stroke_prediction_v4/8/infgain/minmax__noAug__noImbl/XGBClassifier_SPW24,1780136562317_d342c02e17801417897772313,0.9070450097847358,0.5616707040712667,0.5811934156378601,0.5693673794348418,0.9202688007692608,0.9070450097847358,0.913388125492966,0.9070450097847358,0.9070450097847358,0.9070450097847358,0.791544621700904
8,infgain,minmax,noAug,noImbl,XGBClassifier_SPW24,first,0.5,0.1,5012,2026-05-30 19:49:16,20260530-182225,log/stroke_prediction_v4/8/infgain/minmax__noAug__noImbl/XGBClassifier_SPW24,1780136562317_d342c02e17801417560794212,0.9256360078277888,0.5565896448438168,0.5435390946502058,0.5487544153188325,0.9162733094011338,0.9256360078277888,0.9207938460396652,0.9256360078277888,0.9256360078277888,0.9256360078277884,0.7923268472244055
8,infgain,minmax,noAug,noImbl,XGBClassifier_SPW24,first,0.5,0.2,5012,2026-05-30 19:49:55,20260530-182225,log/stroke_prediction_v4/8/infgain/minmax__noAug__noImbl/XGBClassifier_SPW24,1780136562317_d342c02e17801417953387286,0.923679060665362,0.5694366982710541,0.5614814814814814,0.5651063829787234,0.9191277669301032,0.923679060665362,0.9213607028354917,0.923679060665362,0.923679060665362,0.923679060665362,0.7974462818065408
8,infgain,minmax,noAug,noImbl,XGBClassifier_SPW24,last,0.1,0.1,5012,2026-05-30 19:50:01,20260530-182225,log/stroke_prediction_v4/8/infgain/noAug__noImbl__minmax/XGBClassifier_SPW24,1780136562317_d342c02e17801418013945090,0.8825831702544031,0.551948051948052,0.5967901234567901,0.5629490249743414,0.921010496352962,0.8825831702544031,0.900137448256054,0.8825831702544031,0.8825831702544031,0.8825831702544031,0.7794711062621008
8,infgain,minmax,noAug,noImbl,XGBClassifier_SPW24,last,0.1,0.2,5012,2026-05-30 19:50:40,20260530-182225,log/stroke_prediction_v4/8/infgain/noAug__noImbl__minmax/XGBClassifier_SPW24,1780136562317_d342c02e17801418406720981,0.8365949119373777,0.5310204081632652,0.5820987654320987,0.5309336858508378,0.9180254802508088,0.8365949119373777,0.8725332621560375,0.8365949119373777,0.8365949119373777,0.8365949119373777,0.7482724723605996
8,infgain,minmax,noAug,noImbl,XGBClassifier_SPW24,last,0.15,0.1,5012,2026-05-30 19:50:07,20260530-182225,log/stroke_prediction_v4/8/infgain/noAug__noImbl__minmax/XGBClassifier_SPW24,1780136562317_d342c02e17801418070757248,0.8962818003913894,0.5548301486199576,0.5850205761316871,0.564616992203199,0.9200487367095866,0.8962818003913893,0.9074364464066872,0.8962818003913894,0.8962818003913894,0.8962818003913894,0.7853106820941618
8,infgain,minmax,noAug,noImbl,XGBClassifier_SPW24,last,0.15,0.2,5012,2026-05-30 19:50:46,20260530-182225,log/stroke_prediction_v4/8/infgain/noAug__noImbl__minmax/XGBClassifier_SPW24,1780136562317_d342c02e17801418462992821,0.8522504892367906,0.5230246796350054,0.5523868312757202,0.5232310624901524,0.9141924585690852,0.8522504892367906,0.8805407344105299,0.8522504892367906,0.8522504892367906,0.8522504892367906,0.7504263621777995
8,infgain,minmax,noAug,noImbl,XGBClassifier_SPW24,last,0.2,0.1,5012,2026-05-30 19:50:12,20260530-182225,log/stroke_prediction_v4/8/infgain/noAug__noImbl__minmax/XGBClassifier_SPW24,1780136562317_d342c02e17801418126445064,0.9021526418786692,0.5254704301075269,0.5311934156378602,0.5276915113871635,0.912219872482798,0.9021526418786692,0.9070905908521836,0.9021526418786692,0.9021526418786692,0.9021526418786692,0.7729667439101879
8,infgain,minmax,noAug,noImbl,XGBClassifier_SPW24,last,0.2,0.2,5012,2026-05-30 19:50:51,20260530-182225,log/stroke_prediction_v4/8/infgain/noAug__noImbl__minmax/XGBClassifier_SPW24,1780136562317_d342c02e17801418518675660,0.87279843444227,0.532725916453538,0.5631893004115226,0.5380132413486146,0.9160350381963388,0.87279843444227,0.8928085839145344,0.87279843444227,0.87279843444227,0.87279843444227,0.7649376730725203
8,infgain,minmax,noAug,noImbl,XGBClassifier_SPW24,last,0.25,0.1,5012,2026-05-30 19:50:18,20260530-182225,log/stroke_prediction_v4/8/infgain/noAug__noImbl__minmax/XGBClassifier_SPW24,1780136562317_d342c02e17801418181859987,0.9119373776908024,0.5350118953211737,0.5363374485596708,0.5356515417701581,0.9135797545202996,0.9119373776908024,0.9127553903775864,0.9119373776908024,0.9119373776908024,0.9119373776908022,0.7805289007385968
8,infgain,minmax,noAug,noImbl,XGBClassifier_SPW24,last,0.25,0.2,5012,2026-05-30 19:50:57,20260530-182225,log/stroke_prediction_v4/8/infgain/noAug__noImbl__minmax/XGBClassifier_SPW24,1780136562317_d342c02e17801418576519482,0.8904109589041096,0.5446872778962331,0.5724485596707819,0.5527701805110573,0.9179393082115282,0.8904109589041096,0.9033386463651047,0.8904109589041096,0.8904109589041096,0.8904109589041096,0.7780882221709223
8,infgain,minmax,noAug,noImbl,XGBClassifier_SPW24,last,0.3,0.1,5012,2026-05-30 19:50:23,20260530-182225,log/stroke_prediction_v4/8/infgain/noAug__noImbl__minmax/XGBClassifier_SPW24,1780136562317_d342c02e17801418238399142,0.9178082191780822,0.5426764076977905,0.5394238683127572,0.5409394250513346,0.9145812788642732,0.9178082191780822,0.9161802762228912,0.9178082191780822,0.9178082191780822,0.9178082191780822,0.7853593983498487
8,infgain,minmax,noAug,noImbl,XGBClassifier_SPW24,last,0.3,0.2,5012,2026-05-30 19:51:03,20260530-182225,log/stroke_prediction_v4/8/infgain/noAug__noImbl__minmax/XGBClassifier_SPW24,1780136562317_d342c02e17801418632484097,0.8992172211350293,0.5527419922562478,0.5770781893004115,0.5611631057842627,0.9190839200386292,0.8992172211350293,0.9086390192217284,0.8992172211350293,0.8992172211350293,0.8992172211350293,0.7850476173644392
8,infgain,minmax,noAug,noImbl,XGBClassifier_SPW24,last,0.35,0.1,5012,2026-05-30 19:50:29,20260530-182225,log/stroke_prediction_v4/8/infgain/noAug__noImbl__minmax/XGBClassifier_SPW24,1780136562317_d342c02e17801418294379375,0.9178082191780822,0.5426764076977905,0.5394238683127572,0.5409394250513346,0.9145812788642732,0.9178082191780822,0.9161802762228912,0.9178082191780822,0.9178082191780822,0.9178082191780822,0.7853593983498487
8,infgain,minmax,noAug,noImbl,XGBClassifier_SPW24,last,0.35,0.2,5012,2026-05-30 19:51:08,20260530-182225,log/stroke_prediction_v4/8/infgain/noAug__noImbl__minmax/XGBClassifier_SPW24,1780136562317_d342c02e17801418689414732,0.9070450097847358,0.5616707040712667,0.5811934156378601,0.5693673794348418,0.9202688007692608,0.9070450097847358,0.913388125492966,0.9070450097847358,0.9070450097847358,0.9070450097847358,0.791544621700904
8,infgain,minmax,noAug,noImbl,XGBClassifier_SPW24,last,0.5,0.1,5012,2026-05-30 19:50:35,20260530-182225,log/stroke_prediction_v4/8/infgain/noAug__noImbl__minmax/XGBClassifier_SPW24,1780136562317_d342c02e17801418350156092,0.9256360078277888,0.5565896448438168,0.5435390946502058,0.5487544153188325,0.9162733094011338,0.9256360078277888,0.9207938460396652,0.9256360078277888,0.9256360078277888,0.9256360078277884,0.7923268472244055
8,infgain,minmax,noAug,noImbl,XGBClassifier_SPW24,last,0.5,0.2,5012,2026-05-30 19:51:14,20260530-182225,log/stroke_prediction_v4/8/infgain/noAug__noImbl__minmax/XGBClassifier_SPW24,1780136562317_d342c02e17801418746813905,0.923679060665362,0.5694366982710541,0.5614814814814814,0.5651063829787234,0.9191277669301032,0.923679060665362,0.9213607028354917,0.923679060665362,0.923679060665362,0.923679060665362,0.7974462818065408
8,infgain,standard,gaussian_noise,noImbl,BalancedRandomForest,first,0.1,0.1,5012,2026-05-30 19:51:23,20260530-182225,log/stroke_prediction_v4/8/infgain/standard__gaussian_noise__noImbl/BalancedRandomForest,1780136562317_d342c02e17801418832703273,0.4637964774951076,0.5306619281710867,0.66119341563786,0.3745801172098342,0.9416615649927722,0.4637964774951075,0.5876824078394253,0.4637964774951076,0.4637964774951076,0.4637964774951076,0.5432096606356037
8,infgain,standard,gaussian_noise,noImbl,BalancedRandomForest,first,0.1,0.2,5012,2026-05-30 19:52:17,20260530-182225,log/stroke_prediction_v4/8/infgain/standard__gaussian_noise__noImbl/BalancedRandomForest,1780136562317_d342c02e17801419376534971,0.4911937377690802,0.536577440816958,0.6945679012345679,0.3935991528827546,0.9468105213085596,0.4911937377690802,0.6130679510905406,0.4911937377690802,0.4911937377690802,0.4911937377690802,0.5652731470396348
8,infgain,standard,gaussian_noise,noImbl,BalancedRandomForest,first,0.15,0.1,5012,2026-05-30 19:51:30,20260530-182225,log/stroke_prediction_v4/8/infgain/standard__gaussian_noise__noImbl/BalancedRandomForest,1780136562317_d342c02e17801418909372060,0.5596868884540117,0.5324415744157441,0.6736625514403292,0.42685875227437,0.9376057605977234,0.5596868884540117,0.6757765196679262,0.5596868884540117,0.5596868884540117,0.5596868884540117,0.6036410348183288
8,infgain,standard,gaussian_noise,noImbl,BalancedRandomForest,first,0.15,0.2,5012,2026-05-30 19:52:25,20260530-182225,log/stroke_prediction_v4/8/infgain/standard__gaussian_noise__noImbl/BalancedRandomForest,1780136562317_d342c02e17801419454242478,0.5684931506849316,0.5421564746888221,0.7257201646090535,0.4390088162478855,0.9468633958290352,0.5684931506849316,0.6821545521968803,0.5684931506849316,0.5684931506849316,0.5684931506849316,0.6170457690533785
8,infgain,standard,gaussian_noise,noImbl,BalancedRandomForest,first,0.2,0.1,5012,2026-05-30 19:51:38,20260530-182225,log/stroke_prediction_v4/8/infgain/standard__gaussian_noise__noImbl/BalancedRandomForest,1780136562317_d342c02e17801418988488386,0.6046966731898239,0.5375795479482115,0.6973251028806584,0.4531574486119941,0.9394106484207218,0.6046966731898239,0.7128584989108029,0.6046966731898239,0.6046966731898239,0.6046966731898239,0.6342125913293082
8,infgain,standard,gaussian_noise,noImbl,BalancedRandomForest,first,0.2,0.2,5012,2026-05-30 19:52:33,20260530-182225,log/stroke_prediction_v4/8/infgain/standard__gaussian_noise__noImbl/BalancedRandomForest,1780136562317_d342c02e17801419531560218,0.636986301369863,0.5488957669404149,0.7522427983539095,0.4788258661333442,0.9470304372539012,0.636986301369863,0.7378381597178385,0.636986301369863,0.636986301369863,0.636986301369863,0.662111024680445
8,infgain,standard,gaussian_noise,noImbl,BalancedRandomForest,first,0.25,0.1,5012,2026-05-30 19:51:46,20260530-182225,log/stroke_prediction_v4/8/infgain/standard__gaussian_noise__noImbl/BalancedRandomForest,1780136562317_d342c02e17801419065186924,0.6575342465753424,0.544843416953599,0.7251028806584363,0.4845969856776461,0.9414119089812614,0.6575342465753424,0.7539350845757475,0.6575342465753424,0.6575342465753424,0.6575342465753424,0.6699293298274754
8,infgain,standard,gaussian_noise,noImbl,BalancedRandomForest,first,0.25,0.2,5012,2026-05-30 19:52:40,20260530-182225,log/stroke_prediction_v4/8/infgain/standard__gaussian_noise__noImbl/BalancedRandomForest,1780136562317_d342c02e17801419608479907,0.6859099804305284,0.5567564501695258,0.777962962962963,0.5094143244880106,0.9484655123426984,0.6859099804305284,0.7748776112400522,0.6859099804305284,0.6859099804305284,0.6859099804305284,0.6953262750789393
8,infgain,standard,gaussian_noise,noImbl,BalancedRandomForest,first,0.3,0.1,5012,2026-05-30 19:51:54,20260530-182225,log/stroke_prediction_v4/8/infgain/standard__gaussian_noise__noImbl/BalancedRandomForest,1780136562317_d342c02e17801419142611959,0.7142857142857143,0.5474378351146136,0.7169958847736626,0.511996336996337,0.937878811245971,0.7142857142857143,0.795447409733124,0.7142857142857143,0.7142857142857143,0.7142857142857143,0.7020621008371294
8,infgain,standard,gaussian_noise,noImbl,BalancedRandomForest,first,0.3,0.2,5012,2026-05-30 19:52:48,20260530-182225,log/stroke_prediction_v4/8/infgain/standard__gaussian_noise__noImbl/BalancedRandomForest,1780136562317_d342c02e17801419684386086,0.7191780821917808,0.5633881470036418,0.7954526748971193,0.5313537048132614,0.9495126637871472,0.7191780821917808,0.7990107000883695,0.7191780821917808,0.7191780821917808,0.7191780821917809,0.7180612421807476
8,infgain,standard,gaussian_noise,noImbl,BalancedRandomForest,first,0.35,0.1,5012,2026-05-30 19:52:02,20260530-182225,log/stroke_prediction_v4/8/infgain/standard__gaussian_noise__noImbl/BalancedRandomForest,1780136562317_d342c02e17801419221009706,0.7455968688845401,0.5503983909646476,0.714485596707819,0.5279009608277901,0.9366065382653792,0.7455968688845401,0.8171165620213399,0.7455968688845401,0.7455968688845401,0.7455968688845401,0.72014042857497
8,infgain,standard,gaussian_noise,noImbl,BalancedRandomForest,first,0.35,0.2,5012,2026-05-30 19:52:56,20260530-182225,log/stroke_prediction_v4/8/infgain/standard__gaussian_noise__noImbl/BalancedRandomForest,1780136562317_d342c02e17801419761069826,0.7632093933463796,0.5629379627063621,0.7616872427983539,0.5493925679762711,0.9428767673361896,0.7632093933463796,0.8294197171115552,0.7632093933463796,0.7632093933463796,0.7632093933463796,0.7388557973858162
8,infgain,standard,gaussian_noise,noImbl,BalancedRandomForest,first,0.5,0.1,5012,2026-05-30 19:52:09,20260530-182225,log/stroke_prediction_v4/8/infgain/standard__gaussian_noise__noImbl/BalancedRandomForest,1780136562317_d342c02e17801419299847921,0.8180039138943248,0.549704264812701,0.6576954732510287,0.5511828870944893,0.927949335842146,0.8180039138943248,0.8633770326648552,0.8180039138943248,0.8180039138943248,0.8180039138943247,0.752920460912219
8,infgain,standard,gaussian_noise,noImbl,BalancedRandomForest,first,0.5,0.2,5012,2026-05-30 19:53:03,20260530-182225,log/stroke_prediction_v4/8/infgain/standard__gaussian_noise__noImbl/BalancedRandomForest,1780136562317_d342c02e17801419836568286,0.8297455968688845,0.5518019884009941,0.6543827160493827,0.5568480861244018,0.9275556643649164,0.8297455968688845,0.8705781421174357,0.8297455968688845,0.8297455968688845,0.8297455968688845,0.7593862098653587
8,infgain,standard,gaussian_noise,noImbl,BalancedRandomForest,last,0.1,0.1,5012,2026-05-30 19:53:11,20260530-182225,log/stroke_prediction_v4/8/infgain/gaussian_noise__noImbl__standard/BalancedRandomForest,1780136562317_d342c02e17801419919461571,0.461839530332681,0.5268264840182648,0.64119341563786,0.3712105957894265,0.937223547703938,0.4618395303326809,0.586571105193758,0.461839530332681,0.461839530332681,0.461839530332681,0.5389274120165563
8,infgain,standard,gaussian_noise,noImbl,BalancedRandomForest,last,0.1,0.2,5012,2026-05-30 19:54:05,20260530-182225,log/stroke_prediction_v4/8/infgain/gaussian_noise__noImbl__standard/BalancedRandomForest,1780136562317_d342c02e17801420452551819,0.474559686888454,0.5370461437587083,0.6953086419753086,0.3844637131099828,0.9485640954328116,0.474559686888454,0.596915088618296,0.474559686888454,0.474559686888454,0.474559686888454,0.5551225831313061
8,infgain,standard,gaussian_noise,noImbl,BalancedRandomForest,last,0.15,0.1,5012,2026-05-30 19:53:19,20260530-182225,log/stroke_prediction_v4/8/infgain/gaussian_noise__noImbl__standard/BalancedRandomForest,1780136562317_d342c02e17801419995750580,0.5440313111545988,0.530816877223108,0.6654320987654321,0.4177193522987915,0.9369404800509245,0.5440313111545988,0.6623824322673931,0.5440313111545988,0.5440313111545988,0.5440313111545988,0.5929467377507135
8,infgain,standard,gaussian_noise,noImbl,BalancedRandomForest,last,0.15,0.2,5012,2026-05-30 19:54:12,20260530-182225,log/stroke_prediction_v4/8/infgain/gaussian_noise__noImbl__standard/BalancedRandomForest,1780136562317_d342c02e17801420529031681,0.5626223091976517,0.5415283348365925,0.7226337448559671,0.4354909861984852,0.9467084256886034,0.5626223091976517,0.6771715631164881,0.5626223091976517,0.5626223091976517,0.5626223091976517,0.6130353566144228
8,infgain,standard,gaussian_noise,noImbl,BalancedRandomForest,last,0.2,0.1,5012,2026-05-30 19:53:27,20260530-182225,log/stroke_prediction_v4/8/infgain/gaussian_noise__noImbl__standard/BalancedRandomForest,1780136562317_d342c02e17801420072095886,0.6105675146771037,0.5383114635451084,0.7004115226337448,0.4566066571549185,0.939637241519203,0.6105675146771037,0.7175476693524455,0.6105675146771037,0.6105675146771037,0.6105675146771037,0.6381861776167516
8,infgain,standard,gaussian_noise,noImbl,BalancedRandomForest,last,0.2,0.2,5012,2026-05-30 19:54:20,20260530-182225,log/stroke_prediction_v4/8/infgain/gaussian_noise__noImbl__standard/BalancedRandomForest,1780136562317_d342c02e17801420606273039,0.636986301369863,0.5488957669404149,0.7522427983539095,0.4788258661333442,0.9470304372539012,0.636986301369863,0.7378381597178385,0.636986301369863,0.636986301369863,0.636986301369863,0.662111024680445
8,infgain,standard,gaussian_noise,noImbl,BalancedRandomForest,last,0.25,0.1,5012,2026-05-30 19:53:34,20260530-182225,log/stroke_prediction_v4/8/infgain/gaussian_noise__noImbl__standard/BalancedRandomForest,1780136562317_d342c02e17801420149571329,0.6575342465753424,0.544843416953599,0.7251028806584363,0.4845969856776461,0.9414119089812614,0.6575342465753424,0.7539350845757475,0.6575342465753424,0.6575342465753424,0.6575342465753424,0.6699293298274754
8,infgain,standard,gaussian_noise,noImbl,BalancedRandomForest,last,0.25,0.2,5012,2026-05-30 19:54:28,20260530-182225,log/stroke_prediction_v4/8/infgain/gaussian_noise__noImbl__standard/BalancedRandomForest,1780136562317_d342c02e17801420681742518,0.6829745596868885,0.5562280261175289,0.7764197530864198,0.5075314106225014,0.9483766970938696,0.6829745596868885,0.7727094162575258,0.6829745596868885,0.6829745596868885,0.6829745596868885,0.6933283955365412
8,infgain,standard,gaussian_noise,noImbl,BalancedRandomForest,last,0.3,0.1,5012,2026-05-30 19:53:42,20260530-182225,log/stroke_prediction_v4/8/infgain/gaussian_noise__noImbl__standard/BalancedRandomForest,1780136562317_d342c02e17801420226473930,0.7064579256360078,0.553380627080049,0.7508230452674898,0.515118927125506,0.9432625863855572,0.7064579256360078,0.7899079561390303,0.7064579256360078,0.7064579256360078,0.7064579256360078,0.703083828617393
8,infgain,standard,gaussian_noise,noImbl,BalancedRandomForest,last,0.3,0.2,5012,2026-05-30 19:54:35,20260530-182225,log/stroke_prediction_v4/8/infgain/gaussian_noise__noImbl__standard/BalancedRandomForest,1780136562317_d342c02e17801420757226027,0.7328767123287672,0.5628095032003826,0.7836831275720164,0.53673419575299,0.9471280493189378,0.7328767123287672,0.8086791585843682,0.7328767123287672,0.7328767123287672,0.7328767123287672,0.7243247560912441
8,infgain,standard,gaussian_noise,noImbl,BalancedRandomForest,last,0.35,0.1,5012,2026-05-30 19:53:50,20260530-182225,log/stroke_prediction_v4/8/infgain/gaussian_noise__noImbl__standard/BalancedRandomForest,1780136562317_d342c02e17801420301575657,0.7338551859099804,0.5437157950744907,0.6893415637860083,0.5156128024980484,0.9332902802974272,0.7338551859099804,0.8089356560050474,0.7338551859099804,0.7338551859099804,0.7338551859099806,0.708859107055249
8,infgain,standard,gaussian_noise,noImbl,BalancedRandomForest,last,0.35,0.2,5012,2026-05-30 19:54:43,20260530-182225,log/stroke_prediction_v4/8/infgain/gaussian_noise__noImbl__standard/BalancedRandomForest,1780136562317_d342c02e17801420832842964,0.7671232876712328,0.5600444175247323,0.7447736625514403,0.5475015812776723,0.9403765256424084,0.7671232876712328,0.8318993527592212,0.7671232876712328,0.7671232876712328,0.7671232876712328,0.7382789157458851
8,infgain,standard,gaussian_noise,noImbl,BalancedRandomForest,last,0.5,0.1,5012,2026-05-30 19:53:57,20260530-182225,log/stroke_prediction_v4/8/infgain/gaussian_noise__noImbl__standard/BalancedRandomForest,1780136562317_d342c02e17801420377907814,0.8101761252446184,0.5468373493975904,0.6535802469135803,0.5453444749176763,0.9273990285997218,0.8101761252446184,0.858389066714395,0.8101761252446184,0.8101761252446184,0.8101761252446184,0.7474121438337472
8,infgain,standard,gaussian_noise,noImbl,BalancedRandomForest,last,0.5,0.2,5012,2026-05-30 19:54:50,20260530-182225,log/stroke_prediction_v4/8/infgain/gaussian_noise__noImbl__standard/BalancedRandomForest,1780136562317_d342c02e17801420907325824,0.8287671232876712,0.5540520299298051,0.6633539094650205,0.5595727966942718,0.9287374087403856,0.8287671232876712,0.8702075515367177,0.8287671232876712,0.8287671232876712,0.8287671232876712,0.7605882363632378
8,infgain,standard,gaussian_noise,noImbl,EasyEnsemble,first,0.1,0.1,5012,2026-05-30 19:51:24,20260530-182225,log/stroke_prediction_v4/8/infgain/standard__gaussian_noise__noImbl/EasyEnsemble,1780136562317_d342c02e17801418845053773,0.0489236790606653,0.0244618395303326,0.5,0.0466417910447761,0.0023935263728309,0.0489236790606653,0.0045637760317784,0.0489236790606653,0.0489236790606653,0.0489236790606653,0.0799358432760656
8,infgain,standard,gaussian_noise,noImbl,EasyEnsemble,first,0.1,0.2,5012,2026-05-30 19:52:18,20260530-182225,log/stroke_prediction_v4/8/infgain/standard__gaussian_noise__noImbl/EasyEnsemble,1780136562317_d342c02e17801419389385608,0.0489236790606653,0.0244618395303326,0.5,0.0466417910447761,0.0023935263728309,0.0489236790606653,0.0045637760317784,0.0489236790606653,0.0489236790606653,0.0489236790606653,0.0799358432760656
8,infgain,standard,gaussian_noise,noImbl,EasyEnsemble,first,0.15,0.1,5012,2026-05-30 19:51:32,20260530-182225,log/stroke_prediction_v4/8/infgain/standard__gaussian_noise__noImbl/EasyEnsemble,1780136562317_d342c02e17801418921805362,0.0489236790606653,0.0244618395303326,0.5,0.0466417910447761,0.0023935263728309,0.0489236790606653,0.0045637760317784,0.0489236790606653,0.0489236790606653,0.0489236790606653,0.0799358432760656
8,infgain,standard,gaussian_noise,noImbl,EasyEnsemble,first,0.15,0.2,5012,2026-05-30 19:52:26,20260530-182225,log/stroke_prediction_v4/8/infgain/standard__gaussian_noise__noImbl/EasyEnsemble,1780136562317_d342c02e17801419466609549,0.0489236790606653,0.0244618395303326,0.5,0.0466417910447761,0.0023935263728309,0.0489236790606653,0.0045637760317784,0.0489236790606653,0.0489236790606653,0.0489236790606653,0.0799358432760656
8,infgain,standard,gaussian_noise,noImbl,EasyEnsemble,first,0.2,0.1,5012,2026-05-30 19:51:40,20260530-182225,log/stroke_prediction_v4/8/infgain/standard__gaussian_noise__noImbl/EasyEnsemble,1780136562317_d342c02e17801419000759869,0.0489236790606653,0.0244618395303326,0.5,0.0466417910447761,0.0023935263728309,0.0489236790606653,0.0045637760317784,0.0489236790606653,0.0489236790606653,0.0489236790606653,0.0799358432760656
8,infgain,standard,gaussian_noise,noImbl,EasyEnsemble,first,0.2,0.2,5012,2026-05-30 19:52:34,20260530-182225,log/stroke_prediction_v4/8/infgain/standard__gaussian_noise__noImbl/EasyEnsemble,1780136562317_d342c02e17801419544309574,0.0489236790606653,0.0244618395303326,0.5,0.0466417910447761,0.0023935263728309,0.0489236790606653,0.0045637760317784,0.0489236790606653,0.0489236790606653,0.0489236790606653,0.0799358432760656
8,infgain,standard,gaussian_noise,noImbl,EasyEnsemble,first,0.25,0.1,5012,2026-05-30 19:51:47,20260530-182225,log/stroke_prediction_v4/8/infgain/standard__gaussian_noise__noImbl/EasyEnsemble,1780136562317_d342c02e17801419077572575,0.0489236790606653,0.0244618395303326,0.5,0.0466417910447761,0.0023935263728309,0.0489236790606653,0.0045637760317784,0.0489236790606653,0.0489236790606653,0.0489236790606653,0.0799358432760656
8,infgain,standard,gaussian_noise,noImbl,EasyEnsemble,first,0.25,0.2,5012,2026-05-30 19:52:42,20260530-182225,log/stroke_prediction_v4/8/infgain/standard__gaussian_noise__noImbl/EasyEnsemble,1780136562317_d342c02e17801419621132053,0.0489236790606653,0.0244618395303326,0.5,0.0466417910447761,0.0023935263728309,0.0489236790606653,0.0045637760317784,0.0489236790606653,0.0489236790606653,0.0489236790606653,0.0799358432760656
8,infgain,standard,gaussian_noise,noImbl,EasyEnsemble,first,0.3,0.1,5012,2026-05-30 19:51:55,20260530-182225,log/stroke_prediction_v4/8/infgain/standard__gaussian_noise__noImbl/EasyEnsemble,1780136562317_d342c02e17801419155302387,0.0763209393346379,0.5251509054325956,0.51440329218107,0.0758927203065134,0.9535372705902736,0.0763209393346379,0.0579464501278388,0.0763209393346379,0.0763209393346379,0.0763209393346379,0.2499133981194018
8,infgain,standard,gaussian_noise,noImbl,EasyEnsemble,first,0.3,0.2,5012,2026-05-30 19:52:49,20260530-182225,log/stroke_prediction_v4/8/infgain/standard__gaussian_noise__noImbl/EasyEnsemble,1780136562317_d342c02e17801419697769437,0.1819960861056751,0.5282167042889391,0.5699588477366255,0.1761624857292727,0.953837250908898,0.1819960861056751,0.2387041083693078,0.1819960861056751,0.1819960861056751,0.1819960861056751,0.3402297038505033
8,infgain,standard,gaussian_noise,noImbl,EasyEnsemble,first,0.35,0.1,5012,2026-05-30 19:52:03,20260530-182225,log/stroke_prediction_v4/8/infgain/standard__gaussian_noise__noImbl/EasyEnsemble,1780136562317_d342c02e17801419234499710,0.3052837573385518,0.5184628595963934,0.5778600823045268,0.2702261271155416,0.9331276956337982,0.3052837573385518,0.4145258372298961,0.3052837573385518,0.3052837573385518,0.3052837573385518,0.4277713613407081
8,infgain,standard,gaussian_noise,noImbl,EasyEnsemble,first,0.35,0.2,5012,2026-05-30 19:52:57,20260530-182225,log/stroke_prediction_v4/8/infgain/standard__gaussian_noise__noImbl/EasyEnsemble,1780136562317_d342c02e17801419773309452,0.3082191780821918,0.5281550378412002,0.6173456790123456,0.2749249139257197,0.9471237624234436,0.3082191780821917,0.4150952863105016,0.3082191780821918,0.3082191780821918,0.3082191780821918,0.4360531491960088
8,infgain,standard,gaussian_noise,noImbl,EasyEnsemble,first,0.5,0.1,5012,2026-05-30 19:52:11,20260530-182225,log/stroke_prediction_v4/8/infgain/standard__gaussian_noise__noImbl/EasyEnsemble,1780136562317_d342c02e17801419312444433,0.684931506849315,0.5420010976195376,0.7015637860082304,0.4937948007998769,0.9365574967508392,0.684931506849315,0.7744127036304215,0.684931506849315,0.684931506849315,0.684931506849315,0.6822159664421314
8,infgain,standard,gaussian_noise,noImbl,EasyEnsemble,first,0.5,0.2,5012,2026-05-30 19:53:04,20260530-182225,log/stroke_prediction_v4/8/infgain/standard__gaussian_noise__noImbl/EasyEnsemble,1780136562317_d342c02e17801419848990848,0.713307240704501,0.5566206820439245,0.7639094650205761,0.5215562212901937,0.9449674752833102,0.713307240704501,0.7948088331912622,0.713307240704501,0.713307240704501,0.7133072407045009,0.7093274166887997
8,infgain,standard,gaussian_noise,noImbl,EasyEnsemble,last,0.1,0.1,5012,2026-05-30 19:53:13,20260530-182225,log/stroke_prediction_v4/8/infgain/gaussian_noise__noImbl__standard/EasyEnsemble,1780136562317_d342c02e17801419931583885,0.0489236790606653,0.0244618395303326,0.5,0.0466417910447761,0.0023935263728309,0.0489236790606653,0.0045637760317784,0.0489236790606653,0.0489236790606653,0.0489236790606653,0.0799358432760656
8,infgain,standard,gaussian_noise,noImbl,EasyEnsemble,last,0.1,0.2,5012,2026-05-30 19:54:06,20260530-182225,log/stroke_prediction_v4/8/infgain/gaussian_noise__noImbl__standard/EasyEnsemble,1780136562317_d342c02e17801420464295306,0.0489236790606653,0.0244618395303326,0.5,0.0466417910447761,0.0023935263728309,0.0489236790606653,0.0045637760317784,0.0489236790606653,0.0489236790606653,0.0489236790606653,0.0799358432760656
8,infgain,standard,gaussian_noise,noImbl,EasyEnsemble,last,0.15,0.1,5012,2026-05-30 19:53:20,20260530-182225,log/stroke_prediction_v4/8/infgain/gaussian_noise__noImbl__standard/EasyEnsemble,1780136562317_d342c02e17801420007865447,0.0489236790606653,0.0244618395303326,0.5,0.0466417910447761,0.0023935263728309,0.0489236790606653,0.0045637760317784,0.0489236790606653,0.0489236790606653,0.0489236790606653,0.0799358432760656
8,infgain,standard,gaussian_noise,noImbl,EasyEnsemble,last,0.15,0.2,5012,2026-05-30 19:54:14,20260530-182225,log/stroke_prediction_v4/8/infgain/gaussian_noise__noImbl__standard/EasyEnsemble,1780136562317_d342c02e17801420541277750,0.0489236790606653,0.0244618395303326,0.5,0.0466417910447761,0.0023935263728309,0.0489236790606653,0.0045637760317784,0.0489236790606653,0.0489236790606653,0.0489236790606653,0.0799358432760656
8,infgain,standard,gaussian_noise,noImbl,EasyEnsemble,last,0.2,0.1,5012,2026-05-30 19:53:28,20260530-182225,log/stroke_prediction_v4/8/infgain/gaussian_noise__noImbl__standard/EasyEnsemble,1780136562317_d342c02e17801420084644733,0.0489236790606653,0.0244618395303326,0.5,0.0466417910447761,0.0023935263728309,0.0489236790606653,0.0045637760317784,0.0489236790606653,0.0489236790606653,0.0489236790606653,0.0799358432760656
8,infgain,standard,gaussian_noise,noImbl,EasyEnsemble,last,0.2,0.2,5012,2026-05-30 19:54:21,20260530-182225,log/stroke_prediction_v4/8/infgain/gaussian_noise__noImbl__standard/EasyEnsemble,1780136562317_d342c02e17801420618431483,0.0489236790606653,0.0244618395303326,0.5,0.0466417910447761,0.0023935263728309,0.0489236790606653,0.0045637760317784,0.0489236790606653,0.0489236790606653,0.0489236790606653,0.0799358432760656
8,infgain,standard,gaussian_noise,noImbl,EasyEnsemble,last,0.25,0.1,5012,2026-05-30 19:53:36,20260530-182225,log/stroke_prediction_v4/8/infgain/gaussian_noise__noImbl__standard/EasyEnsemble,1780136562317_d342c02e17801420161757228,0.0489236790606653,0.0244618395303326,0.5,0.0466417910447761,0.0023935263728309,0.0489236790606653,0.0045637760317784,0.0489236790606653,0.0489236790606653,0.0489236790606653,0.0799358432760656
8,infgain,standard,gaussian_noise,noImbl,EasyEnsemble,last,0.25,0.2,5012,2026-05-30 19:54:29,20260530-182225,log/stroke_prediction_v4/8/infgain/gaussian_noise__noImbl__standard/EasyEnsemble,1780136562317_d342c02e17801420694395952,0.0489236790606653,0.0244618395303326,0.5,0.0466417910447761,0.0023935263728309,0.0489236790606653,0.0045637760317784,0.0489236790606653,0.0489236790606653,0.0489236790606653,0.0799358432760656
8,infgain,standard,gaussian_noise,noImbl,EasyEnsemble,last,0.3,0.1,5012,2026-05-30 19:53:43,20260530-182225,log/stroke_prediction_v4/8/infgain/gaussian_noise__noImbl__standard/EasyEnsemble,1780136562317_d342c02e17801420238519599,0.0489236790606653,0.0244618395303326,0.5,0.0466417910447761,0.0023935263728309,0.0489236790606653,0.0045637760317784,0.0489236790606653,0.0489236790606653,0.0489236790606653,0.0799358432760656
8,infgain,standard,gaussian_noise,noImbl,EasyEnsemble,last,0.3,0.2,5012,2026-05-30 19:54:36,20260530-182225,log/stroke_prediction_v4/8/infgain/gaussian_noise__noImbl__standard/EasyEnsemble,1780136562317_d342c02e17801420769606304,0.0870841487279843,0.5127793938489843,0.5105761316872428,0.0870133463806595,0.9303230278931992,0.0870841487279843,0.0797600392436107,0.0870841487279843,0.0870841487279843,0.0870841487279843,0.2552175226777769
8,infgain,standard,gaussian_noise,noImbl,EasyEnsemble,last,0.35,0.1,5012,2026-05-30 19:53:51,20260530-182225,log/stroke_prediction_v4/8/infgain/gaussian_noise__noImbl__standard/EasyEnsemble,1780136562317_d342c02e17801420313489473,0.3522504892367906,0.522111801242236,0.602551440329218,0.3028706852138073,0.9364296045994336,0.3522504892367905,0.4702536973799492,0.3522504892367906,0.3522504892367906,0.3522504892367906,0.4629781377008684
8,infgain,standard,gaussian_noise,noImbl,EasyEnsemble,last,0.35,0.2,5012,2026-05-30 19:54:44,20260530-182225,log/stroke_prediction_v4/8/infgain/gaussian_noise__noImbl__standard/EasyEnsemble,1780136562317_d342c02e17801420845175925,0.3180039138943248,0.5263758218431378,0.6130041152263374,0.2812859756054495,0.9440256025579324,0.3180039138943248,0.4278398245333413,0.3180039138943248,0.3180039138943248,0.3180039138943248,0.4419109895412891
8,infgain,standard,gaussian_noise,noImbl,EasyEnsemble,last,0.5,0.1,5012,2026-05-30 19:53:58,20260530-182225,log/stroke_prediction_v4/8/infgain/gaussian_noise__noImbl__standard/EasyEnsemble,1780136562317_d342c02e17801420389789796,0.6810176125244618,0.5413383812544765,0.6995061728395062,0.4914243147694731,0.936382096686766,0.6810176125244618,0.7715605656189917,0.6810176125244618,0.6810176125244618,0.6810176125244618,0.6795774421461291
8,infgain,standard,gaussian_noise,noImbl,EasyEnsemble,last,0.5,0.2,5012,2026-05-30 19:54:51,20260530-182225,log/stroke_prediction_v4/8/infgain/gaussian_noise__noImbl__standard/EasyEnsemble,1780136562317_d342c02e17801420919426805,0.7093933463796478,0.5558165239016303,0.7618518518518518,0.5189902303358768,0.9448215522662788,0.7093933463796478,0.7920099394997288,0.7093933463796478,0.7093933463796478,0.7093933463796478,0.7066563568291758
8,infgain,standard,gaussian_noise,noImbl,XGBClassifier_SPW24,first,0.1,0.1,5012,2026-05-30 19:51:22,20260530-182225,log/stroke_prediction_v4/8/infgain/standard__gaussian_noise__noImbl/XGBClassifier_SPW24,1780136562317_d342c02e17801418823484118,0.8101761252446184,0.5253599828067913,0.5776954732510288,0.5174411246434378,0.9173010026988458,0.8101761252446184,0.8565135750885239,0.8101761252446184,0.8101761252446184,0.8101761252446184,0.7321993009333082
8,infgain,standard,gaussian_noise,noImbl,XGBClassifier_SPW24,first,0.1,0.2,5012,2026-05-30 19:52:16,20260530-182225,log/stroke_prediction_v4/8/infgain/standard__gaussian_noise__noImbl/XGBClassifier_SPW24,1780136562317_d342c02e17801419367445794,0.8317025440313112,0.5471246233441355,0.636440329218107,0.5511363056023696,0.9251950021245042,0.8317025440313112,0.8712873846017312,0.8317025440313112,0.8317025440313112,0.8317025440313112,0.7569205666118142
8,infgain,standard,gaussian_noise,noImbl,XGBClassifier_SPW24,first,0.15,0.1,5012,2026-05-30 19:51:30,20260530-182225,log/stroke_prediction_v4/8/infgain/standard__gaussian_noise__noImbl/XGBClassifier_SPW24,1780136562317_d342c02e17801418900137916,0.8434442270058709,0.5303626467309331,0.5762139917695474,0.5313646368305209,0.9173079778482156,0.8434442270058709,0.8763734883193373,0.8434442270058709,0.8434442270058709,0.843444227005871,0.7509268712096965
8,infgain,standard,gaussian_noise,noImbl,XGBClassifier_SPW24,first,0.15,0.2,5012,2026-05-30 19:52:24,20260530-182225,log/stroke_prediction_v4/8/infgain/standard__gaussian_noise__noImbl/XGBClassifier_SPW24,1780136562317_d342c02e17801419445169042,0.8512720156555773,0.5502834467120181,0.6277572016460906,0.559007551240561,0.924288110547546,0.8512720156555773,0.8828871620466249,0.8512720156555773,0.8512720156555773,0.8512720156555773,0.7670258891458741
8,infgain,standard,gaussian_noise,noImbl,XGBClassifier_SPW24,first,0.2,0.1,5012,2026-05-30 19:51:37,20260530-182225,log/stroke_prediction_v4/8/infgain/standard__gaussian_noise__noImbl/XGBClassifier_SPW24,1780136562317_d342c02e17801418977391462,0.8512720156555773,0.5405573483931692,0.5993004115226338,0.546096306685367,0.9205028698997212,0.8512720156555773,0.8818624208506819,0.8512720156555773,0.8512720156555773,0.8512720156555773,0.7607386783741905
8,infgain,standard,gaussian_noise,noImbl,XGBClassifier_SPW24,first,0.2,0.2,5012,2026-05-30 19:52:32,20260530-182225,log/stroke_prediction_v4/8/infgain/standard__gaussian_noise__noImbl/XGBClassifier_SPW24,1780136562317_d342c02e17801419522221381,0.8620352250489237,0.5656979414589336,0.6618724279835391,0.5809953040722271,0.9290263662860224,0.8620352250489237,0.8905757188159716,0.8620352250489237,0.8620352250489237,0.8620352250489237,0.7812094170256486
8,infgain,standard,gaussian_noise,noImbl,XGBClassifier_SPW24,first,0.25,0.1,5012,2026-05-30 19:51:45,20260530-182225,log/stroke_prediction_v4/8/infgain/standard__gaussian_noise__noImbl/XGBClassifier_SPW24,1780136562317_d342c02e17801419055985890,0.8669275929549902,0.5415797202256744,0.588559670781893,0.5491956408925791,0.919376620296744,0.8669275929549902,0.8906278784235151,0.8669275929549902,0.8669275929549902,0.8669275929549902,0.7676961662098412
8,infgain,standard,gaussian_noise,noImbl,XGBClassifier_SPW24,first,0.25,0.2,5012,2026-05-30 19:52:39,20260530-182225,log/stroke_prediction_v4/8/infgain/standard__gaussian_noise__noImbl/XGBClassifier_SPW24,1780136562317_d342c02e17801419599424864,0.87279843444227,0.5527472527472528,0.6106172839506173,0.5642277062751734,0.9225306982645536,0.87279843444227,0.8950442311240838,0.87279843444227,0.87279843444227,0.87279843444227,0.7765996878830388
8,infgain,standard,gaussian_noise,noImbl,XGBClassifier_SPW24,first,0.3,0.1,5012,2026-05-30 19:51:53,20260530-182225,log/stroke_prediction_v4/8/infgain/standard__gaussian_noise__noImbl/XGBClassifier_SPW24,1780136562317_d342c02e17801419133085467,0.863013698630137,0.523524720893142,0.548559670781893,0.5253450106157111,0.9138100544012584,0.863013698630137,0.886517319605619,0.863013698630137,0.863013698630137,0.863013698630137,0.7555742735928836
8,infgain,standard,gaussian_noise,noImbl,XGBClassifier_SPW24,first,0.3,0.2,5012,2026-05-30 19:52:47,20260530-182225,log/stroke_prediction_v4/8/infgain/standard__gaussian_noise__noImbl/XGBClassifier_SPW24,1780136562317_d342c02e17801419675454483,0.8806262230919765,0.5463048855905999,0.5862757201646089,0.555664842057247,0.9194819717604176,0.8806262230919764,0.8984730723936548,0.8806262230919765,0.8806262230919765,0.8806262230919764,0.7755774341559882
8,infgain,standard,gaussian_noise,noImbl,XGBClassifier_SPW24,first,0.35,0.1,5012,2026-05-30 19:52:01,20260530-182225,log/stroke_prediction_v4/8/infgain/standard__gaussian_noise__noImbl/XGBClassifier_SPW24,1780136562317_d342c02e17801419211596632,0.8825831702544031,0.5340963280877443,0.5588477366255145,0.5399159663865546,0.915693559058836,0.8825831702544031,0.8981236330148498,0.8825831702544031,0.8825831702544031,0.8825831702544031,0.7696029703891812
8,infgain,standard,gaussian_noise,noImbl,XGBClassifier_SPW24,first,0.35,0.2,5012,2026-05-30 19:52:55,20260530-182225,log/stroke_prediction_v4/8/infgain/standard__gaussian_noise__noImbl/XGBClassifier_SPW24,1780136562317_d342c02e17801419752043595,0.8864970645792564,0.5507597007947639,0.5893621399176955,0.5610550791605574,0.920150929206819,0.8864970645792564,0.90202952297424,0.8864970645792564,0.8864970645792564,0.8864970645792564,0.7800887931438499
8,infgain,standard,gaussian_noise,noImbl,XGBClassifier_SPW24,first,0.5,0.1,5012,2026-05-30 19:52:09,20260530-182225,log/stroke_prediction_v4/8/infgain/standard__gaussian_noise__noImbl/XGBClassifier_SPW24,1780136562317_d342c02e17801419290339195,0.8884540117416829,0.5162178702570379,0.5239917695473252,0.5179005908932915,0.9107026087039836,0.888454011741683,0.8992066779716587,0.8884540117416829,0.8884540117416829,0.8884540117416829,0.7630389198772501
8,infgain,standard,gaussian_noise,noImbl,XGBClassifier_SPW24,first,0.5,0.2,5012,2026-05-30 19:53:02,20260530-182225,log/stroke_prediction_v4/8/infgain/standard__gaussian_noise__noImbl/XGBClassifier_SPW24,1780136562317_d342c02e17801419827652854,0.9070450097847358,0.5670194808157306,0.590679012345679,0.576165011459129,0.9216614917992404,0.9070450097847358,0.9140070474017752,0.9070450097847358,0.9070450097847358,0.9070450097847358,0.7942798112390947
8,infgain,standard,gaussian_noise,noImbl,XGBClassifier_SPW24,last,0.1,0.1,5012,2026-05-30 19:53:10,20260530-182225,log/stroke_prediction_v4/8/infgain/gaussian_noise__noImbl__standard/XGBClassifier_SPW24,1780136562317_d342c02e17801419908727123,0.7984344422700587,0.5429311088738674,0.6474074074074074,0.5369462895350372,0.92660223817564,0.7984344422700587,0.8508682645632792,0.7984344422700587,0.7984344422700587,0.7984344422700587,0.7392400354684622
8,infgain,standard,gaussian_noise,noImbl,XGBClassifier_SPW24,last,0.1,0.2,5012,2026-05-30 19:54:04,20260530-182225,log/stroke_prediction_v4/8/infgain/gaussian_noise__noImbl__standard/XGBClassifier_SPW24,1780136562317_d342c02e17801420443904847,0.8072407045009785,0.543300811890223,0.6425514403292181,0.5399583678934656,0.9259306562095888,0.8072407045009785,0.8563053696291868,0.8072407045009785,0.8072407045009785,0.8072407045009784,0.7435141332716919
8,infgain,standard,gaussian_noise,noImbl,XGBClassifier_SPW24,last,0.15,0.1,5012,2026-05-30 19:53:18,20260530-182225,log/stroke_prediction_v4/8/infgain/gaussian_noise__noImbl__standard/XGBClassifier_SPW24,1780136562317_d342c02e17801419986416189,0.8258317025440313,0.5474829001367988,0.6428395061728395,0.5502516786819751,0.9260044278941266,0.8258317025440313,0.8678576561829949,0.8258317025440313,0.8258317025440313,0.8258317025440313,0.7546817646677343
8,infgain,standard,gaussian_noise,noImbl,XGBClassifier_SPW24,last,0.15,0.2,5012,2026-05-30 19:54:12,20260530-182225,log/stroke_prediction_v4/8/infgain/gaussian_noise__noImbl__standard/XGBClassifier_SPW24,1780136562317_d342c02e17801420520085164,0.8228962818003914,0.5541975154545036,0.6697530864197531,0.5583078440221297,0.9295615496528498,0.8228962818003914,0.8667156058825055,0.8228962818003914,0.8228962818003914,0.8228962818003914,0.7582632453585625
8,infgain,standard,gaussian_noise,noImbl,XGBClassifier_SPW24,last,0.2,0.1,5012,2026-05-30 19:53:26,20260530-182225,log/stroke_prediction_v4/8/infgain/gaussian_noise__noImbl__standard/XGBClassifier_SPW24,1780136562317_d342c02e17801420062280708,0.8512720156555773,0.5405573483931692,0.5993004115226338,0.546096306685367,0.9205028698997212,0.8512720156555773,0.8818624208506819,0.8512720156555773,0.8512720156555773,0.8512720156555773,0.7607386783741905
8,infgain,standard,gaussian_noise,noImbl,XGBClassifier_SPW24,last,0.2,0.2,5012,2026-05-30 19:54:19,20260530-182225,log/stroke_prediction_v4/8/infgain/gaussian_noise__noImbl__standard/XGBClassifier_SPW24,1780136562317_d342c02e17801420597488459,0.8581213307240705,0.5662367876607014,0.6693004115226338,0.5812931061276041,0.9299091507747907,0.8581213307240705,0.888435853513816,0.8581213307240705,0.8581213307240705,0.8581213307240705,0.7802525112316537
8,infgain,standard,gaussian_noise,noImbl,XGBClassifier_SPW24,last,0.25,0.1,5012,2026-05-30 19:53:33,20260530-182225,log/stroke_prediction_v4/8/infgain/gaussian_noise__noImbl__standard/XGBClassifier_SPW24,1780136562317_d342c02e17801420139722689,0.8688845401174168,0.5172234273318872,0.5326748971193416,0.5179584653291095,0.9116656973905956,0.8688845401174169,0.8890064480754621,0.8688845401174168,0.8688845401174168,0.8688845401174168,0.7547549552418347
8,infgain,standard,gaussian_noise,noImbl,XGBClassifier_SPW24,last,0.25,0.2,5012,2026-05-30 19:54:27,20260530-182225,log/stroke_prediction_v4/8/infgain/gaussian_noise__noImbl__standard/XGBClassifier_SPW24,1780136562317_d342c02e17801420672739952,0.8747553816046967,0.5577609890109889,0.6211316872427984,0.5709318954094017,0.924012655641814,0.8747553816046968,0.8966589352606368,0.8747553816046967,0.8747553816046967,0.8747553816046967,0.7803313104319444
8,infgain,standard,gaussian_noise,noImbl,XGBClassifier_SPW24,last,0.3,0.1,5012,2026-05-30 19:53:41,20260530-182225,log/stroke_prediction_v4/8/infgain/gaussian_noise__noImbl__standard/XGBClassifier_SPW24,1780136562317_d342c02e17801420217047470,0.863013698630137,0.523524720893142,0.548559670781893,0.5253450106157111,0.9138100544012584,0.863013698630137,0.886517319605619,0.863013698630137,0.863013698630137,0.863013698630137,0.7555742735928836
8,infgain,standard,gaussian_noise,noImbl,XGBClassifier_SPW24,last,0.3,0.2,5012,2026-05-30 19:54:34,20260530-182225,log/stroke_prediction_v4/8/infgain/gaussian_noise__noImbl__standard/XGBClassifier_SPW24,1780136562317_d342c02e17801420748146339,0.8747553816046967,0.5577609890109889,0.6211316872427984,0.5709318954094017,0.924012655641814,0.8747553816046968,0.8966589352606368,0.8747553816046967,0.8747553816046967,0.8747553816046967,0.7803313104319444
8,infgain,standard,gaussian_noise,noImbl,XGBClassifier_SPW24,last,0.35,0.1,5012,2026-05-30 19:53:49,20260530-182225,log/stroke_prediction_v4/8/infgain/gaussian_noise__noImbl__standard/XGBClassifier_SPW24,1780136562317_d342c02e17801420292486680,0.8864970645792564,0.5264400622729631,0.5419341563786008,0.5302713325725877,0.913354463352686,0.8864970645792564,0.8993051807862377,0.8864970645792564,0.8864970645792564,0.8864970645792564,0.7672081710359513
8,infgain,standard,gaussian_noise,noImbl,XGBClassifier_SPW24,last,0.35,0.2,5012,2026-05-30 19:54:42,20260530-182225,log/stroke_prediction_v4/8/infgain/gaussian_noise__noImbl__standard/XGBClassifier_SPW24,1780136562317_d342c02e17801420823908606,0.8855185909980431,0.5623898792912877,0.6173045267489712,0.5765118379345151,0.9239489474874386,0.8855185909980431,0.9028626126476568,0.8855185909980431,0.8855185909980431,0.8855185909980431,0.7864779393393126
8,infgain,standard,gaussian_noise,noImbl,XGBClassifier_SPW24,last,0.5,0.1,5012,2026-05-30 19:53:56,20260530-182225,log/stroke_prediction_v4/8/infgain/gaussian_noise__noImbl__standard/XGBClassifier_SPW24,1780136562317_d342c02e17801420368861895,0.9001956947162426,0.5368109507954125,0.5491358024691357,0.5413168593906753,0.914960763317992,0.9001956947162426,0.9073415122337872,0.9001956947162426,0.9001956947162426,0.9001956947162426,0.7774677852884202
8,infgain,standard,gaussian_noise,noImbl,XGBClassifier_SPW24,last,0.5,0.2,5012,2026-05-30 19:54:49,20260530-182225,log/stroke_prediction_v4/8/infgain/gaussian_noise__noImbl__standard/XGBClassifier_SPW24,1780136562317_d342c02e17801420898546020,0.9119373776908024,0.5426040710131619,0.5458230452674897,0.5441118160190325,0.9151700543356832,0.9119373776908024,0.9135401034497208,0.9119373776908024,0.9119373776908024,0.9119373776908022,0.7837824560582672
8,infgain,standard,mixup,noImbl,BalancedRandomForest,first,0.1,0.1,5012,2026-05-30 19:54:57,20260530-182225,log/stroke_prediction_v4/8/infgain/standard__mixup__noImbl/BalancedRandomForest,1780136562317_d342c02e17801420978244170,0.4129158512720156,0.5266702586206896,0.6344444444444445,0.3427145503189956,0.9395898002564276,0.4129158512720156,0.5365037703150568,0.4129158512720156,0.4129158512720156,0.4129158512720156,0.5071195389360702
8,infgain,standard,mixup,noImbl,BalancedRandomForest,first,0.1,0.2,5012,2026-05-30 19:55:43,20260530-182225,log/stroke_prediction_v4/8/infgain/standard__mixup__noImbl/BalancedRandomForest,1780136562317_d342c02e17801421432426342,0.4148727984344422,0.532656992949664,0.6639300411522633,0.3467652289906625,0.9471494637246042,0.4148727984344422,0.5370536502851017,0.4148727984344422,0.4148727984344422,0.4148727984344422,0.5128956010477946
8,infgain,standard,mixup,noImbl,BalancedRandomForest,first,0.15,0.1,5012,2026-05-30 19:55:04,20260530-182225,log/stroke_prediction_v4/8/infgain/standard__mixup__noImbl/BalancedRandomForest,1780136562317_d342c02e17801421043447125,0.4774951076320939,0.5354462506228201,0.6873662551440329,0.385189057170023,0.9464535878339706,0.4774951076320939,0.600103649407471,0.4774951076320939,0.4774951076320939,0.4774951076320939,0.5557185583995439
8,infgain,standard,mixup,noImbl,BalancedRandomForest,first,0.15,0.2,5012,2026-05-30 19:55:49,20260530-182225,log/stroke_prediction_v4/8/infgain/standard__mixup__noImbl/BalancedRandomForest,1780136562317_d342c02e17801421496880057,0.4990215264187866,0.539047302930188,0.7081687242798353,0.3995327210050629,0.9490891467469884,0.4990215264187866,0.620034352234518,0.4990215264187866,0.4990215264187866,0.4990215264187866,0.572174188949153
8,infgain,standard,mixup,noImbl,BalancedRandomForest,first,0.2,0.1,5012,2026-05-30 19:55:10,20260530-182225,log/stroke_prediction_v4/8/infgain/standard__mixup__noImbl/BalancedRandomForest,1780136562317_d342c02e17801421108302298,0.5244618395303327,0.5288782669975794,0.6551440329218108,0.4062600113801001,0.93607287947773,0.5244618395303327,0.6452558130347371,0.5244618395303327,0.5244618395303327,0.5244618395303327,0.5795216274140705
8,infgain,standard,mixup,noImbl,BalancedRandomForest,first,0.2,0.2,5012,2026-05-30 19:55:56,20260530-182225,log/stroke_prediction_v4/8/infgain/standard__mixup__noImbl/BalancedRandomForest,1780136562317_d342c02e17801421562067448,0.5606653620352251,0.5395670613521657,0.7121193415637861,0.4329652187989259,0.944830253639265,0.5606653620352251,0.6757271405800965,0.5606653620352251,0.5606653620352251,0.5606653620352251,0.610221664376465
8,infgain,standard,mixup,noImbl,BalancedRandomForest,first,0.25,0.1,5012,2026-05-30 19:55:17,20260530-182225,log/stroke_prediction_v4/8/infgain/standard__mixup__noImbl/BalancedRandomForest,1780136562317_d342c02e17801421173500328,0.6027397260273972,0.5373391364248363,0.6962962962962963,0.4520092764280469,0.9393347605152436,0.6027397260273972,0.7112881468209593,0.6027397260273972,0.6027397260273972,0.6027397260273972,0.6328875232219473
8,infgain,standard,mixup,noImbl,BalancedRandomForest,first,0.25,0.2,5012,2026-05-30 19:56:02,20260530-182225,log/stroke_prediction_v4/8/infgain/standard__mixup__noImbl/BalancedRandomForest,1780136562317_d342c02e17801421626360111,0.6037181996086106,0.5444800523982736,0.7347530864197531,0.4586885644673396,0.9460798445154104,0.6037181996086106,0.7114623330878533,0.6037181996086106,0.6037181996086106,0.6037181996086106,0.6395412128100667
8,infgain,standard,mixup,noImbl,BalancedRandomForest,first,0.3,0.1,5012,2026-05-30 19:55:23,20260530-182225,log/stroke_prediction_v4/8/infgain/standard__mixup__noImbl/BalancedRandomForest,1780136562317_d342c02e17801421238061950,0.6223091976516634,0.5398260979944148,0.7065843621399177,0.463530192507493,0.9400861921206424,0.6223091976516634,0.7268291902465669,0.6223091976516634,0.6223091976516634,0.6223091976516634,0.6461272516992717
8,infgain,standard,mixup,noImbl,BalancedRandomForest,first,0.3,0.2,5012,2026-05-30 19:56:09,20260530-182225,log/stroke_prediction_v4/8/infgain/standard__mixup__noImbl/BalancedRandomForest,1780136562317_d342c02e17801421691857117,0.6614481409001957,0.5525894723092999,0.7651028806584362,0.4939290723301943,0.9477378677455436,0.6614481409001957,0.7566035301899584,0.6614481409001957,0.6614481409001957,0.6614481409001957,0.678702168809429
8,infgain,standard,mixup,noImbl,BalancedRandomForest,first,0.35,0.1,5012,2026-05-30 19:55:30,20260530-182225,log/stroke_prediction_v4/8/infgain/standard__mixup__noImbl/BalancedRandomForest,1780136562317_d342c02e17801421302577649,0.6634050880626223,0.545759886446161,0.7281893004115226,0.4881667831353365,0.9416316962650566,0.6634050880626223,0.758350256618543,0.6634050880626223,0.6634050880626223,0.6634050880626223,0.6738976795004048
8,infgain,standard,mixup,noImbl,BalancedRandomForest,first,0.35,0.2,5012,2026-05-30 19:56:15,20260530-182225,log/stroke_prediction_v4/8/infgain/standard__mixup__noImbl/BalancedRandomForest,1780136562317_d342c02e17801421755763537,0.7045009784735812,0.5603070553734689,0.7877366255144034,0.5215266796887111,0.9490403802223094,0.7045009784735812,0.7884607041818286,0.7045009784735812,0.7045009784735812,0.7045009784735812,0.7080069050810315
8,infgain,standard,mixup,noImbl,BalancedRandomForest,first,0.5,0.1,5012,2026-05-30 19:55:36,20260530-182225,log/stroke_prediction_v4/8/infgain/standard__mixup__noImbl/BalancedRandomForest,1780136562317_d342c02e17801421367876068,0.7749510763209393,0.5408446093408991,0.6540329218106996,0.5269318392220317,0.9276656891896392,0.7749510763209393,0.8359504022020221,0.7749510763209393,0.7749510763209393,0.7749510763209393,0.7266670887761075
8,infgain,standard,mixup,noImbl,BalancedRandomForest,first,0.5,0.2,5012,2026-05-30 19:56:21,20260530-182225,log/stroke_prediction_v4/8/infgain/standard__mixup__noImbl/BalancedRandomForest,1780136562317_d342c02e17801421819884509,0.786692759295499,0.5553963548528765,0.7076337448559671,0.5489229024943311,0.9348541571591006,0.786692759295499,0.8443727784655937,0.786692759295499,0.786692759295499,0.7866927592954989,0.7434598815489826
8,infgain,standard,mixup,noImbl,BalancedRandomForest,last,0.1,0.1,5012,2026-05-30 19:56:28,20260530-182225,log/stroke_prediction_v4/8/infgain/mixup__noImbl__standard/BalancedRandomForest,1780136562317_d342c02e17801421888537182,0.4168297455968688,0.5308418234064786,0.6554732510288066,0.347096453316869,0.9446966885264004,0.4168297455968688,0.5395937451796231,0.4168297455968688,0.4168297455968688,0.4168297455968688,0.5128366043093897
8,infgain,standard,mixup,noImbl,BalancedRandomForest,last,0.1,0.2,5012,2026-05-30 19:57:14,20260530-182225,log/stroke_prediction_v4/8/infgain/mixup__noImbl__standard/BalancedRandomForest,1780136562317_d342c02e17801422340023032,0.4178082191780822,0.532859763746389,0.6654732510288065,0.3486576084919049,0.9472250922306814,0.4178082191780821,0.5401196597010803,0.4178082191780822,0.4178082191780822,0.4178082191780822,0.5149956886007682
8,infgain,standard,mixup,noImbl,BalancedRandomForest,last,0.15,0.1,5012,2026-05-30 19:56:35,20260530-182225,log/stroke_prediction_v4/8/infgain/mixup__noImbl__standard/BalancedRandomForest,1780136562317_d342c02e17801421952805218,0.4911937377690802,0.5293591286371069,0.6566255144032922,0.388980868285504,0.9385276214315332,0.4911937377690802,0.6144360492995166,0.4911937377690802,0.4911937377690802,0.4911937377690802,0.5594412591925783
8,infgain,standard,mixup,noImbl,BalancedRandomForest,last,0.15,0.2,5012,2026-05-30 19:57:20,20260530-182225,log/stroke_prediction_v4/8/infgain/mixup__noImbl__standard/BalancedRandomForest,1780136562317_d342c02e17801422403535261,0.4843444227005871,0.5360067815811015,0.6909670781893005,0.3894011280219935,0.946633461648639,0.4843444227005871,0.606616308403292,0.4843444227005871,0.4843444227005871,0.4843444227005871,0.5605011166859316
8,infgain,standard,mixup,noImbl,BalancedRandomForest,last,0.2,0.1,5012,2026-05-30 19:56:41,20260530-182225,log/stroke_prediction_v4/8/infgain/mixup__noImbl__standard/BalancedRandomForest,1780136562317_d342c02e17801422017356622,0.5322896281800391,0.5331724877450981,0.6782304526748971,0.4134645400800111,0.940170747237251,0.5322896281800391,0.6516313470978934,0.5322896281800391,0.5322896281800391,0.5322896281800391,0.5878376031144258
8,infgain,standard,mixup,noImbl,BalancedRandomForest,last,0.2,0.2,5012,2026-05-30 19:57:26,20260530-182225,log/stroke_prediction_v4/8/infgain/mixup__noImbl__standard/BalancedRandomForest,1780136562317_d342c02e17801422468488423,0.5577299412915852,0.5410147261849977,0.7200617283950617,0.4325597849853332,0.9465786295606192,0.5577299412915852,0.6729907935569255,0.5577299412915852,0.5577299412915852,0.5577299412915852,0.6096900717120405
8,infgain,standard,mixup,noImbl,BalancedRandomForest,last,0.25,0.1,5012,2026-05-30 19:56:48,20260530-182225,log/stroke_prediction_v4/8/infgain/mixup__noImbl__standard/BalancedRandomForest,1780136562317_d342c02e17801422082864995,0.5909980430528375,0.5359320557491289,0.6901234567901235,0.4451337042867459,0.9388752326857908,0.5909980430528375,0.7017881324209758,0.5909980430528375,0.5909980430528375,0.5909980430528375,0.6249305672497975
8,infgain,standard,mixup,noImbl,BalancedRandomForest,last,0.25,0.2,5012,2026-05-30 19:57:33,20260530-182225,log/stroke_prediction_v4/8/infgain/mixup__noImbl__standard/BalancedRandomForest,1780136562317_d342c02e17801422532720972,0.6056751467710372,0.5447231101275851,0.7357818930041152,0.4598641614744735,0.9461358085937476,0.6056751467710372,0.7130425577897873,0.6056751467710372,0.6056751467710372,0.6056751467710372,0.6408701477705987
8,infgain,standard,mixup,noImbl,BalancedRandomForest,last,0.3,0.1,5012,2026-05-30 19:56:54,20260530-182225,log/stroke_prediction_v4/8/infgain/mixup__noImbl__standard/BalancedRandomForest,1780136562317_d342c02e17801422147087069,0.62426614481409,0.540085494533435,0.7076131687242799,0.464687909209952,0.9401605438054138,0.62426614481409,0.7283637752081873,0.62426614481409,0.62426614481409,0.62426614481409,0.6474501312946696
8,infgain,standard,mixup,noImbl,BalancedRandomForest,last,0.3,0.2,5012,2026-05-30 19:57:39,20260530-182225,log/stroke_prediction_v4/8/infgain/mixup__noImbl__standard/BalancedRandomForest,1780136562317_d342c02e17801422596582152,0.6526418786692759,0.5512101684081927,0.7604732510288066,0.4884545917266719,0.947481511038357,0.6526418786692759,0.749906540882252,0.6526418786692759,0.6526418786692759,0.6526418786692759,0.6727274144065843
8,infgain,standard,mixup,noImbl,BalancedRandomForest,last,0.35,0.1,5012,2026-05-30 19:57:01,20260530-182225,log/stroke_prediction_v4/8/infgain/mixup__noImbl__standard/BalancedRandomForest,1780136562317_d342c02e17801422211204693,0.6692759295499021,0.5467025661481186,0.7312757201646091,0.4917577405439126,0.9418516607510712,0.6692759295499021,0.7627374926358371,0.6692759295499021,0.6692759295499021,0.6692759295499021,0.6778676515033031
8,infgain,standard,mixup,noImbl,BalancedRandomForest,last,0.35,0.2,5012,2026-05-30 19:57:46,20260530-182225,log/stroke_prediction_v4/8/infgain/mixup__noImbl__standard/BalancedRandomForest,1780136562317_d342c02e17801422661147405,0.6800391389432485,0.5521203079360156,0.7559053497942387,0.5020673070476174,0.945257515231578,0.6800391389432485,0.7706270926577188,0.6800391389432485,0.6800391389432485,0.6800391389432485,0.688248132829283
8,infgain,standard,mixup,noImbl,BalancedRandomForest,last,0.5,0.1,5012,2026-05-30 19:57:07,20260530-182225,log/stroke_prediction_v4/8/infgain/mixup__noImbl__standard/BalancedRandomForest,1780136562317_d342c02e17801422276125947,0.7592954990215264,0.532470816300729,0.6268312757201646,0.5113469387755102,0.9241044445190346,0.7592954990215264,0.8253697032629099,0.7592954990215264,0.7592954990215264,0.7592954990215265,0.7125663495683663
8,infgain,standard,mixup,noImbl,BalancedRandomForest,last,0.5,0.2,5012,2026-05-30 19:57:52,20260530-182225,log/stroke_prediction_v4/8/infgain/mixup__noImbl__standard/BalancedRandomForest,1780136562317_d342c02e17801422725079541,0.7857142857142857,0.5572626837905319,0.7166049382716049,0.5508936257306422,0.9360978941748864,0.7857142857142857,0.8438633801351338,0.7857142857142857,0.7857142857142857,0.7857142857142857,0.7444958167892828
8,infgain,standard,mixup,noImbl,EasyEnsemble,first,0.1,0.1,5012,2026-05-30 19:54:58,20260530-182225,log/stroke_prediction_v4/8/infgain/standard__mixup__noImbl/EasyEnsemble,1780136562317_d342c02e17801420989342579,0.0489236790606653,0.0244618395303326,0.5,0.0466417910447761,0.0023935263728309,0.0489236790606653,0.0045637760317784,0.0489236790606653,0.0489236790606653,0.0489236790606653,0.0799358432760656
8,infgain,standard,mixup,noImbl,EasyEnsemble,first,0.1,0.2,5012,2026-05-30 19:55:44,20260530-182225,log/stroke_prediction_v4/8/infgain/standard__mixup__noImbl/EasyEnsemble,1780136562317_d342c02e17801421442883263,0.0489236790606653,0.0244618395303326,0.5,0.0466417910447761,0.0023935263728309,0.0489236790606653,0.0045637760317784,0.0489236790606653,0.0489236790606653,0.0489236790606653,0.0799358432760656
8,infgain,standard,mixup,noImbl,EasyEnsemble,first,0.15,0.1,5012,2026-05-30 19:55:05,20260530-182225,log/stroke_prediction_v4/8/infgain/standard__mixup__noImbl/EasyEnsemble,1780136562317_d342c02e17801421053899452,0.0489236790606653,0.0244618395303326,0.5,0.0466417910447761,0.0023935263728309,0.0489236790606653,0.0045637760317784,0.0489236790606653,0.0489236790606653,0.0489236790606653,0.0799358432760656
8,infgain,standard,mixup,noImbl,EasyEnsemble,first,0.15,0.2,5012,2026-05-30 19:55:50,20260530-182225,log/stroke_prediction_v4/8/infgain/standard__mixup__noImbl/EasyEnsemble,1780136562317_d342c02e17801421507641194,0.0489236790606653,0.0244618395303326,0.5,0.0466417910447761,0.0023935263728309,0.0489236790606653,0.0045637760317784,0.0489236790606653,0.0489236790606653,0.0489236790606653,0.0799358432760656
8,infgain,standard,mixup,noImbl,EasyEnsemble,first,0.2,0.1,5012,2026-05-30 19:55:11,20260530-182225,log/stroke_prediction_v4/8/infgain/standard__mixup__noImbl/EasyEnsemble,1780136562317_d342c02e17801421118707784,0.0587084148727984,0.5247035573122529,0.5051440329218106,0.0572642786733711,0.9534934987585374,0.0587084148727984,0.0239769392765722,0.0587084148727984,0.0587084148727984,0.0587084148727984,0.2340036575408709
8,infgain,standard,mixup,noImbl,EasyEnsemble,first,0.2,0.2,5012,2026-05-30 19:55:57,20260530-182225,log/stroke_prediction_v4/8/infgain/standard__mixup__noImbl/EasyEnsemble,1780136562317_d342c02e17801421572348184,0.3258317025440313,0.5291687406669985,0.6266049382716049,0.2875166318430864,0.9476436271611408,0.3258317025440313,0.4365735735573107,0.3258317025440313,0.3258317025440313,0.3258317025440313,0.4492879424376464
8,infgain,standard,mixup,noImbl,EasyEnsemble,first,0.25,0.1,5012,2026-05-30 19:55:18,20260530-182225,log/stroke_prediction_v4/8/infgain/standard__mixup__noImbl/EasyEnsemble,1780136562317_d342c02e17801421184002113,0.1839530332681017,0.5282805429864253,0.5709876543209876,0.1778575149024827,0.9538434973567932,0.1839530332681017,0.2417219232331725,0.1839530332681017,0.1839530332681017,0.1839530332681017,0.3418292984940095
8,infgain,standard,mixup,noImbl,EasyEnsemble,first,0.25,0.2,5012,2026-05-30 19:56:03,20260530-182225,log/stroke_prediction_v4/8/infgain/standard__mixup__noImbl/EasyEnsemble,1780136562317_d342c02e17801421636669840,0.363013698630137,0.5313563624324026,0.6461522633744856,0.3132932655835369,0.948592749598233,0.363013698630137,0.4799923174706832,0.363013698630137,0.363013698630137,0.363013698630137,0.4768084544506998
8,infgain,standard,mixup,noImbl,EasyEnsemble,first,0.3,0.1,5012,2026-05-30 19:55:24,20260530-182225,log/stroke_prediction_v4/8/infgain/standard__mixup__noImbl/EasyEnsemble,1780136562317_d342c02e17801421248266243,0.360078277886497,0.5311801242236025,0.6446090534979424,0.3112952086553323,0.9485237811622564,0.360078277886497,0.4766554653874422,0.360078277886497,0.360078277886497,0.360078277886497,0.474655208149395
8,infgain,standard,mixup,noImbl,EasyEnsemble,first,0.3,0.2,5012,2026-05-30 19:56:10,20260530-182225,log/stroke_prediction_v4/8/infgain/standard__mixup__noImbl/EasyEnsemble,1780136562317_d342c02e17801421701954528,0.3062622309197652,0.5280427611181386,0.6163168724279835,0.2735094922272519,0.9470625333371968,0.3062622309197652,0.4126708981005107,0.3062622309197652,0.3062622309197652,0.3062622309197652,0.4345741676054022
8,infgain,standard,mixup,noImbl,EasyEnsemble,first,0.35,0.1,5012,2026-05-30 19:55:31,20260530-182225,log/stroke_prediction_v4/8/infgain/standard__mixup__noImbl/EasyEnsemble,1780136562317_d342c02e17801421312875583,0.4344422700587084,0.532121649815439,0.6647325102880659,0.3583219274805014,0.9452426963095012,0.4344422700587084,0.5577053248018277,0.4344422700587084,0.4344422700587084,0.4344422700587084,0.5253906815071332
8,infgain,standard,mixup,noImbl,EasyEnsemble,first,0.35,0.2,5012,2026-05-30 19:56:16,20260530-182225,log/stroke_prediction_v4/8/infgain/standard__mixup__noImbl/EasyEnsemble,1780136562317_d342c02e17801421766049286,0.3698630136986301,0.5317705605028812,0.649753086419753,0.3179323495274415,0.948750331881427,0.3698630136986301,0.487719840186434,0.3698630136986301,0.3698630136986301,0.3698630136986301,0.4818204318169394
8,infgain,standard,mixup,noImbl,EasyEnsemble,first,0.5,0.1,5012,2026-05-30 19:55:37,20260530-182225,log/stroke_prediction_v4/8/infgain/standard__mixup__noImbl/EasyEnsemble,1780136562317_d342c02e17801421378095975,0.6634050880626223,0.545759886446161,0.7281893004115226,0.4881667831353365,0.9416316962650566,0.6634050880626223,0.758350256618543,0.6634050880626223,0.6634050880626223,0.6634050880626223,0.6738976795004048
8,infgain,standard,mixup,noImbl,EasyEnsemble,first,0.5,0.2,5012,2026-05-30 19:56:23,20260530-182225,log/stroke_prediction_v4/8/infgain/standard__mixup__noImbl/EasyEnsemble,1780136562317_d342c02e17801421830058203,0.7015655577299413,0.5579103526382196,0.7767078189300411,0.5177179212251459,0.9474694676222412,0.7015655577299413,0.7863510763082225,0.7015655577299413,0.7015655577299413,0.7015655577299413,0.7044453366410319
8,infgain,standard,mixup,noImbl,EasyEnsemble,last,0.1,0.1,5012,2026-05-30 19:56:29,20260530-182225,log/stroke_prediction_v4/8/infgain/mixup__noImbl__standard/EasyEnsemble,1780136562317_d342c02e17801421898849650,0.0489236790606653,0.0244618395303326,0.5,0.0466417910447761,0.0023935263728309,0.0489236790606653,0.0045637760317784,0.0489236790606653,0.0489236790606653,0.0489236790606653,0.0799358432760656
8,infgain,standard,mixup,noImbl,EasyEnsemble,last,0.1,0.2,5012,2026-05-30 19:57:15,20260530-182225,log/stroke_prediction_v4/8/infgain/mixup__noImbl__standard/EasyEnsemble,1780136562317_d342c02e17801422350197821,0.0489236790606653,0.0244618395303326,0.5,0.0466417910447761,0.0023935263728309,0.0489236790606653,0.0045637760317784,0.0489236790606653,0.0489236790606653,0.0489236790606653,0.0799358432760656
8,infgain,standard,mixup,noImbl,EasyEnsemble,last,0.15,0.1,5012,2026-05-30 19:56:36,20260530-182225,log/stroke_prediction_v4/8/infgain/mixup__noImbl__standard/EasyEnsemble,1780136562317_d342c02e17801421963089356,0.0489236790606653,0.0244618395303326,0.5,0.0466417910447761,0.0023935263728309,0.0489236790606653,0.0045637760317784,0.0489236790606653,0.0489236790606653,0.0489236790606653,0.0799358432760656
8,infgain,standard,mixup,noImbl,EasyEnsemble,last,0.15,0.2,5012,2026-05-30 19:57:21,20260530-182225,log/stroke_prediction_v4/8/infgain/mixup__noImbl__standard/EasyEnsemble,1780136562317_d342c02e17801422413815194,0.0489236790606653,0.0244618395303326,0.5,0.0466417910447761,0.0023935263728309,0.0489236790606653,0.0045637760317784,0.0489236790606653,0.0489236790606653,0.0489236790606653,0.0799358432760656
8,infgain,standard,mixup,noImbl,EasyEnsemble,last,0.2,0.1,5012,2026-05-30 19:56:42,20260530-182225,log/stroke_prediction_v4/8/infgain/mixup__noImbl__standard/EasyEnsemble,1780136562317_d342c02e17801422027620323,0.0919765166340508,0.5255623721881391,0.522633744855967,0.091945218909893,0.953577531525258,0.0919765166340508,0.0871358019643098,0.0919765166340508,0.0919765166340508,0.0919765166340508,0.2638301246416871
8,infgain,standard,mixup,noImbl,EasyEnsemble,last,0.2,0.2,5012,2026-05-30 19:57:27,20260530-182225,log/stroke_prediction_v4/8/infgain/mixup__noImbl__standard/EasyEnsemble,1780136562317_d342c02e17801422478737199,0.3551859099804305,0.5308879790589972,0.642037037037037,0.3079516438123911,0.9484068133127048,0.3551859099804305,0.4710602333514634,0.3551859099804305,0.3551859099804305,0.3551859099804306,0.4710593285076241
8,infgain,standard,mixup,noImbl,EasyEnsemble,last,0.25,0.1,5012,2026-05-30 19:56:49,20260530-182225,log/stroke_prediction_v4/8/infgain/mixup__noImbl__standard/EasyEnsemble,1780136562317_d342c02e17801422093135922,0.2935420743639921,0.5273129921259843,0.6096296296296295,0.2642261992605207,0.94664526095197,0.2935420743639921,0.3967224583066021,0.2935420743639921,0.2935420743639921,0.2935420743639921,0.4249179166514235
8,infgain,standard,mixup,noImbl,EasyEnsemble,last,0.25,0.2,5012,2026-05-30 19:57:34,20260530-182225,log/stroke_prediction_v4/8/infgain/mixup__noImbl__standard/EasyEnsemble,1780136562317_d342c02e17801422542821967,0.2984344422700587,0.5275937798873579,0.612201646090535,0.2678139454018423,0.9468098697348776,0.2984344422700586,0.4028957545525385,0.2984344422700587,0.2984344422700587,0.2984344422700587,0.4286407614724575
8,infgain,standard,mixup,noImbl,EasyEnsemble,last,0.3,0.1,5012,2026-05-30 19:56:55,20260530-182225,log/stroke_prediction_v4/8/infgain/mixup__noImbl__standard/EasyEnsemble,1780136562317_d342c02e17801422157396301,0.3170254403131115,0.5286609422139708,0.6219753086419753,0.2812534005037783,0.9473904116401344,0.3170254403131115,0.4259105088555556,0.3170254403131115,0.3170254403131115,0.3170254403131115,0.4426874287787525
8,infgain,standard,mixup,noImbl,EasyEnsemble,last,0.3,0.2,5012,2026-05-30 19:57:40,20260530-182225,log/stroke_prediction_v4/8/infgain/mixup__noImbl__standard/EasyEnsemble,1780136562317_d342c02e17801422606673728,0.3590998043052837,0.5311215397673995,0.6440946502057613,0.3106278506719064,0.948500592651796,0.3590998043052837,0.4755398110039135,0.3590998043052837,0.3590998043052837,0.3590998043052837,0.473936749235982
8,infgain,standard,mixup,noImbl,EasyEnsemble,last,0.35,0.1,5012,2026-05-30 19:57:02,20260530-182225,log/stroke_prediction_v4/8/infgain/mixup__noImbl__standard/EasyEnsemble,1780136562317_d342c02e17801422221459942,0.4129158512720156,0.5305623872766028,0.6534156378600824,0.344580497315046,0.9445704261935084,0.4129158512720156,0.5355053347342158,0.4129158512720156,0.4129158512720156,0.4129158512720156,0.5100340604492147
8,infgain,standard,mixup,noImbl,EasyEnsemble,last,0.35,0.2,5012,2026-05-30 19:57:47,20260530-182225,log/stroke_prediction_v4/8/infgain/mixup__noImbl__standard/EasyEnsemble,1780136562317_d342c02e17801422671449913,0.3747553816046967,0.5320691372999199,0.6523251028806585,0.3212266724871767,0.9488601796878388,0.3747553816046967,0.4931899819169795,0.3747553816046967,0.3747553816046967,0.3747553816046967,0.4853900927893437
8,infgain,standard,mixup,noImbl,EasyEnsemble,last,0.5,0.1,5012,2026-05-30 19:57:08,20260530-182225,log/stroke_prediction_v4/8/infgain/mixup__noImbl__standard/EasyEnsemble,1780136562317_d342c02e17801422286690416,0.6360078277886497,0.5416867276520623,0.7137860082304527,0.4716614043669676,0.9406044080462532,0.6360078277886497,0.7374989524280042,0.6360078277886497,0.6360078277886497,0.6360078277886497,0.6553848990275822
8,infgain,standard,mixup,noImbl,EasyEnsemble,last,0.5,0.2,5012,2026-05-30 19:57:53,20260530-182225,log/stroke_prediction_v4/8/infgain/mixup__noImbl__standard/EasyEnsemble,1780136562317_d342c02e17801422735322460,0.6193737769080235,0.5464802314368371,0.7429835390946502,0.4681206594609202,0.9465269512251342,0.6193737769080235,0.7240020801695977,0.6193737769080235,0.6193737769080235,0.6193737769080235,0.650166993883449
8,infgain,standard,mixup,noImbl,XGBClassifier_SPW24,first,0.1,0.1,5012,2026-05-30 19:54:57,20260530-182225,log/stroke_prediction_v4/8/infgain/standard__mixup__noImbl/XGBClassifier_SPW24,1780136562317_d342c02e17801420971240808,0.8062622309197651,0.5352058778509107,0.6135802469135803,0.5292163376978698,0.9220695891968608,0.8062622309197651,0.8550279621246396,0.8062622309197651,0.8062622309197651,0.8062622309197651,0.7372271087374175
8,infgain,standard,mixup,noImbl,XGBClassifier_SPW24,first,0.1,0.2,5012,2026-05-30 19:55:42,20260530-182225,log/stroke_prediction_v4/8/infgain/standard__mixup__noImbl/XGBClassifier_SPW24,1780136562317_d342c02e17801421425576764,0.8326810176125244,0.5475370847825621,0.6369547325102881,0.5518957546480411,0.9252708578705297,0.8326810176125244,0.8719007144172051,0.8326810176125244,0.8326810176125244,0.8326810176125244,0.7576181449211346
8,infgain,standard,mixup,noImbl,XGBClassifier_SPW24,first,0.15,0.1,5012,2026-05-30 19:55:03,20260530-182225,log/stroke_prediction_v4/8/infgain/standard__mixup__noImbl/XGBClassifier_SPW24,1780136562317_d342c02e17801421036527112,0.8336594911937377,0.5267023316222401,0.5710699588477366,0.524661566915088,0.9165294681579436,0.8336594911937377,0.8704092443239655,0.8336594911937377,0.8336594911937377,0.8336594911937377,0.7441545940261448
8,infgain,standard,mixup,noImbl,XGBClassifier_SPW24,first,0.15,0.2,5012,2026-05-30 19:55:49,20260530-182225,log/stroke_prediction_v4/8/infgain/standard__mixup__noImbl/XGBClassifier_SPW24,1780136562317_d342c02e17801421490123956,0.8444227005870841,0.5528888922681549,0.6431275720164609,0.5613414209473522,0.9262141301432282,0.8444227005870841,0.8792475595927027,0.8444227005870841,0.8444227005870841,0.8444227005870841,0.7660804867586262
8,infgain,standard,mixup,noImbl,XGBClassifier_SPW24,first,0.2,0.1,5012,2026-05-30 19:55:10,20260530-182225,log/stroke_prediction_v4/8/infgain/standard__mixup__noImbl/XGBClassifier_SPW24,1780136562317_d342c02e17801421101193654,0.8571428571428571,0.5289356984478936,0.5644444444444444,0.53163412643606,0.915901171998733,0.8571428571428571,0.8838865322009273,0.8571428571428571,0.8571428571428571,0.8571428571428571,0.7561133731417977
8,infgain,standard,mixup,noImbl,XGBClassifier_SPW24,first,0.2,0.2,5012,2026-05-30 19:55:55,20260530-182225,log/stroke_prediction_v4/8/infgain/standard__mixup__noImbl/XGBClassifier_SPW24,1780136562317_d342c02e17801421555331942,0.8659491193737769,0.5484007556510977,0.6070164609053498,0.5581412228796845,0.92184411196782,0.8659491193737769,0.8908479996294538,0.8659491193737769,0.8659491193737769,0.8659491193737769,0.7714541639783081
8,infgain,standard,mixup,noImbl,XGBClassifier_SPW24,first,0.25,0.1,5012,2026-05-30 19:55:16,20260530-182225,log/stroke_prediction_v4/8/infgain/standard__mixup__noImbl/XGBClassifier_SPW24,1780136562317_d342c02e17801421166588139,0.8551859099804305,0.5031499202551833,0.5065020576131687,0.4982218683651804,0.9078596241537842,0.8551859099804305,0.8800325950116544,0.8551859099804305,0.8551859099804305,0.8551859099804305,0.7405636937009108
8,infgain,standard,mixup,noImbl,XGBClassifier_SPW24,first,0.25,0.2,5012,2026-05-30 19:56:01,20260530-182225,log/stroke_prediction_v4/8/infgain/standard__mixup__noImbl/XGBClassifier_SPW24,1780136562317_d342c02e17801421619599346,0.8845401174168297,0.5534782217422607,0.5978189300411523,0.5648050579557429,0.9212361347687098,0.8845401174168296,0.901329857982138,0.8845401174168297,0.8845401174168297,0.8845401174168297,0.7809896130126261
8,infgain,standard,mixup,noImbl,XGBClassifier_SPW24,first,0.3,0.1,5012,2026-05-30 19:55:23,20260530-182225,log/stroke_prediction_v4/8/infgain/standard__mixup__noImbl/XGBClassifier_SPW24,1780136562317_d342c02e17801421231194203,0.87279843444227,0.5369951399363163,0.5726748971193416,0.5435305435305435,0.917352188504485,0.8727984344422701,0.8932828424022162,0.87279843444227,0.87279843444227,0.87279843444227,0.7673436042228362
8,infgain,standard,mixup,noImbl,XGBClassifier_SPW24,first,0.3,0.2,5012,2026-05-30 19:56:08,20260530-182225,log/stroke_prediction_v4/8/infgain/standard__mixup__noImbl/XGBClassifier_SPW24,1780136562317_d342c02e17801421684109338,0.8845401174168297,0.5534782217422607,0.5978189300411523,0.5648050579557429,0.9212361347687098,0.8845401174168296,0.901329857982138,0.8845401174168297,0.8845401174168297,0.8845401174168297,0.7809896130126261
8,infgain,standard,mixup,noImbl,XGBClassifier_SPW24,first,0.35,0.1,5012,2026-05-30 19:55:29,20260530-182225,log/stroke_prediction_v4/8/infgain/standard__mixup__noImbl/XGBClassifier_SPW24,1780136562317_d342c02e17801421295537308,0.8767123287671232,0.5304850611951043,0.555761316872428,0.5353003161222338,0.9150893271004072,0.8767123287671232,0.8946403568283846,0.8767123287671232,0.8767123287671232,0.8767123287671232,0.765309602966236
8,infgain,standard,mixup,noImbl,XGBClassifier_SPW24,first,0.35,0.2,5012,2026-05-30 19:56:14,20260530-182225,log/stroke_prediction_v4/8/infgain/standard__mixup__noImbl/XGBClassifier_SPW24,1780136562317_d342c02e17801421749141972,0.8845401174168297,0.5304238719936394,0.5503909465020576,0.5352540387224072,0.9145358464409118,0.8845401174168297,0.8987323282892893,0.8845401174168297,0.8845401174168297,0.8845401174168297,0.7684490685121471
8,infgain,standard,mixup,noImbl,XGBClassifier_SPW24,first,0.5,0.1,5012,2026-05-30 19:55:36,20260530-182225,log/stroke_prediction_v4/8/infgain/standard__mixup__noImbl/XGBClassifier_SPW24,1780136562317_d342c02e17801421360904616,0.9021526418786692,0.5386395334094078,0.550164609053498,0.5430319072828731,0.9152227761157662,0.9021526418786694,0.9084947299068512,0.9021526418786692,0.9021526418786692,0.9021526418786692,0.7789927441877933
8,infgain,standard,mixup,noImbl,XGBClassifier_SPW24,first,0.5,0.2,5012,2026-05-30 19:56:21,20260530-182225,log/stroke_prediction_v4/8/infgain/standard__mixup__noImbl/XGBClassifier_SPW24,1780136562317_d342c02e17801421813279155,0.9158512720156556,0.5685817805383022,0.5763374485596708,0.5721518001440894,0.9204306499252471,0.9158512720156556,0.9181025785999672,0.9158512720156556,0.9158512720156556,0.9158512720156556,0.7964136535201926
8,infgain,standard,mixup,noImbl,XGBClassifier_SPW24,last,0.1,0.1,5012,2026-05-30 19:56:28,20260530-182225,log/stroke_prediction_v4/8/infgain/mixup__noImbl__standard/XGBClassifier_SPW24,1780136562317_d342c02e17801421880811639,0.8160469667318982,0.5328562134027326,0.5997530864197531,0.5287087912087912,0.9202477186987128,0.8160469667318982,0.8606960065374939,0.8160469667318982,0.8160469667318982,0.8160469667318982,0.7401152082068218
8,infgain,standard,mixup,noImbl,XGBClassifier_SPW24,last,0.1,0.2,5012,2026-05-30 19:57:13,20260530-182225,log/stroke_prediction_v4/8/infgain/mixup__noImbl__standard/XGBClassifier_SPW24,1780136562317_d342c02e17801422333341034,0.8277886497064579,0.5588156983864955,0.6818106995884774,0.5655769379395625,0.9311776520156324,0.8277886497064579,0.8700595553817259,0.8277886497064579,0.8277886497064579,0.8277886497064578,0.7636413388798369
8,infgain,standard,mixup,noImbl,XGBClassifier_SPW24,last,0.15,0.1,5012,2026-05-30 19:56:34,20260530-182225,log/stroke_prediction_v4/8/infgain/mixup__noImbl__standard/XGBClassifier_SPW24,1780136562317_d342c02e17801421945837261,0.8395303326810176,0.521985048199882,0.5551851851851852,0.519648752751284,0.9144471826390336,0.8395303326810176,0.8732828255273204,0.8395303326810176,0.8395303326810176,0.8395303326810175,0.7439136114166077
8,infgain,standard,mixup,noImbl,XGBClassifier_SPW24,last,0.15,0.2,5012,2026-05-30 19:57:19,20260530-182225,log/stroke_prediction_v4/8/infgain/mixup__noImbl__standard/XGBClassifier_SPW24,1780136562317_d342c02e17801422396938719,0.8493150684931506,0.5362629420465241,0.5887860082304527,0.5401238896680691,0.9190667359242292,0.8493150684931506,0.8803079790197699,0.8493150684931506,0.8493150684931506,0.8493150684931505,0.7572023763205565
8,infgain,standard,mixup,noImbl,XGBClassifier_SPW24,last,0.2,0.1,5012,2026-05-30 19:56:41,20260530-182225,log/stroke_prediction_v4/8/infgain/mixup__noImbl__standard/XGBClassifier_SPW24,1780136562317_d342c02e17801422010308497,0.8512720156555773,0.5106682165891706,0.5234156378600823,0.5071073205401563,0.9102060063337344,0.8512720156555773,0.8786762302549317,0.8512720156555773,0.8512720156555773,0.8512720156555773,0.7428053249597928
8,infgain,standard,mixup,noImbl,XGBClassifier_SPW24,last,0.2,0.2,5012,2026-05-30 19:57:26,20260530-182225,log/stroke_prediction_v4/8/infgain/mixup__noImbl__standard/XGBClassifier_SPW24,1780136562317_d342c02e17801422461750895,0.8698630136986302,0.54711975622341,0.5995884773662551,0.5566710045237652,0.9209505142537532,0.8698630136986302,0.8928328583761813,0.8698630136986302,0.8698630136986302,0.8698630136986303,0.7721366596987858
8,infgain,standard,mixup,noImbl,XGBClassifier_SPW24,last,0.25,0.1,5012,2026-05-30 19:56:47,20260530-182225,log/stroke_prediction_v4/8/infgain/mixup__noImbl__standard/XGBClassifier_SPW24,1780136562317_d342c02e17801422075910187,0.8512720156555773,0.5336667816488444,0.5803292181069959,0.5370052455889366,0.9179607787016104,0.8512720156555773,0.8811310911963508,0.8512720156555773,0.8512720156555773,0.8512720156555773,0.756424934625769
8,infgain,standard,mixup,noImbl,XGBClassifier_SPW24,last,0.25,0.2,5012,2026-05-30 19:57:32,20260530-182225,log/stroke_prediction_v4/8/infgain/mixup__noImbl__standard/XGBClassifier_SPW24,1780136562317_d342c02e17801422526057921,0.8718199608610567,0.5405290843164292,0.5816460905349794,0.5480913660006953,0.9185614954230464,0.8718199608610566,0.8931523653778667,0.8718199608610567,0.8718199608610567,0.8718199608610567,0.7689882110786522
8,infgain,standard,mixup,noImbl,XGBClassifier_SPW24,last,0.3,0.1,5012,2026-05-30 19:56:54,20260530-182225,log/stroke_prediction_v4/8/infgain/mixup__noImbl__standard/XGBClassifier_SPW24,1780136562317_d342c02e17801422140130594,0.8747553816046967,0.5097281831187411,0.5167901234567901,0.5092436974789917,0.9094373007007496,0.8747553816046967,0.8913318752158399,0.8747553816046967,0.8747553816046967,0.8747553816046967,0.7535840492737313
8,infgain,standard,mixup,noImbl,XGBClassifier_SPW24,last,0.3,0.2,5012,2026-05-30 19:57:38,20260530-182225,log/stroke_prediction_v4/8/infgain/mixup__noImbl__standard/XGBClassifier_SPW24,1780136562317_d342c02e17801422589924871,0.8776908023483366,0.5483746579756383,0.5942181069958847,0.5584519723630682,0.9204696152202804,0.8776908023483366,0.8971610647064715,0.8776908023483366,0.8776908023483366,0.8776908023483365,0.7757245145189458
8,infgain,standard,mixup,noImbl,XGBClassifier_SPW24,last,0.35,0.1,5012,2026-05-30 19:57:00,20260530-182225,log/stroke_prediction_v4/8/infgain/mixup__noImbl__standard/XGBClassifier_SPW24,1780136562317_d342c02e17801422204092018,0.8825831702544031,0.5433556493030081,0.5778189300411523,0.5517543859649123,0.9183769614339268,0.882583170254403,0.8991622892848561,0.8825831702544031,0.8825831702544031,0.8825831702544031,0.7746259234670351
8,infgain,standard,mixup,noImbl,XGBClassifier_SPW24,last,0.35,0.2,5012,2026-05-30 19:57:45,20260530-182225,log/stroke_prediction_v4/8/infgain/mixup__noImbl__standard/XGBClassifier_SPW24,1780136562317_d342c02e17801422654515522,0.8864970645792564,0.5317164179104478,0.5514197530864198,0.5367976869578808,0.9147465774287636,0.8864970645792565,0.8998864551638587,0.8864970645792564,0.8864970645792564,0.8864970645792564,0.7698897219925265
8,infgain,standard,mixup,noImbl,XGBClassifier_SPW24,last,0.5,0.1,5012,2026-05-30 19:57:06,20260530-182225,log/stroke_prediction_v4/8/infgain/mixup__noImbl__standard/XGBClassifier_SPW24,1780136562317_d342c02e17801422269245755,0.8962818003913894,0.507241649269311,0.5091358024691358,0.5076265794018726,0.9084665031110966,0.8962818003913894,0.9022742817722852,0.8962818003913894,0.8962818003913894,0.8962818003913894,0.7624822448176336
8,infgain,standard,mixup,noImbl,XGBClassifier_SPW24,last,0.5,0.2,5012,2026-05-30 19:57:51,20260530-182225,log/stroke_prediction_v4/8/infgain/mixup__noImbl__standard/XGBClassifier_SPW24,1780136562317_d342c02e17801422718437630,0.901174168297456,0.5019634578674667,0.5022222222222222,0.5019661389855204,0.9073293995155396,0.901174168297456,0.9042282187949244,0.901174168297456,0.901174168297456,0.901174168297456,0.7625503289465719
8,infgain,standard,noAug,noImbl,BalancedRandomForest,first,0.1,0.1,5012,2026-05-30 19:57:58,20260530-182225,log/stroke_prediction_v4/8/infgain/standard__noAug__noImbl/BalancedRandomForest,1780136562317_d342c02e17801422788255648,0.3992172211350293,0.5256342231802354,0.6272427983539095,0.3339150224396126,0.9389550596542782,0.3992172211350293,0.5220669824307821,0.3992172211350293,0.3992172211350293,0.3992172211350293,0.497267397303413
8,infgain,standard,noAug,noImbl,BalancedRandomForest,first,0.1,0.2,5012,2026-05-30 19:58:39,20260530-182225,log/stroke_prediction_v4/8/infgain/standard__noAug__noImbl/BalancedRandomForest,1780136562317_d342c02e17801423190020482,0.3953033268101761,0.5313318227593152,0.653641975308642,0.3340292539730741,0.9466241183391372,0.395303326810176,0.5162702060885838,0.3953033268101761,0.3953033268101761,0.3953033268101761,0.4988260413740284
8,infgain,standard,noAug,noImbl,BalancedRandomForest,first,0.15,0.1,5012,2026-05-30 19:58:04,20260530-182225,log/stroke_prediction_v4/8/infgain/standard__noAug__noImbl/BalancedRandomForest,1780136562317_d342c02e17801422845399807,0.461839530332681,0.5305025235900812,0.6601646090534979,0.3733751900721047,0.9415887559493212,0.461839530332681,0.5857817570519258,0.461839530332681,0.461839530332681,0.461839530332681,0.5418349430609668
8,infgain,standard,noAug,noImbl,BalancedRandomForest,first,0.15,0.2,5012,2026-05-30 19:58:44,20260530-182225,log/stroke_prediction_v4/8/infgain/standard__noAug__noImbl/BalancedRandomForest,1780136562317_d342c02e17801423247245615,0.4755381604696673,0.5352878830387481,0.6863374485596707,0.3839828709201482,0.9464016457901844,0.4755381604696672,0.5982315434192766,0.4755381604696673,0.4755381604696673,0.4755381604696673,0.5543501240776408
8,infgain,standard,noAug,noImbl,BalancedRandomForest,first,0.2,0.1,5012,2026-05-30 19:58:10,20260530-182225,log/stroke_prediction_v4/8/infgain/standard__noAug__noImbl/BalancedRandomForest,1780136562317_d342c02e17801422902126291,0.538160469667319,0.5302252528348146,0.6623456790123456,0.4142868244162101,0.9366846928108732,0.538160469667319,0.6572900178662578,0.538160469667319,0.538160469667319,0.538160469667319,0.588926276675101
8,infgain,standard,noAug,noImbl,BalancedRandomForest,first,0.2,0.2,5012,2026-05-30 19:58:50,20260530-182225,log/stroke_prediction_v4/8/infgain/standard__noAug__noImbl/BalancedRandomForest,1780136562317_d342c02e17801423304280390,0.5420743639921722,0.5411917892156862,0.7213168724279835,0.4244609164420485,0.9480587611757032,0.5420743639921722,0.6591786624187023,0.5420743639921722,0.5420743639921722,0.5420743639921722,0.6004324247079186
8,infgain,standard,noAug,noImbl,BalancedRandomForest,first,0.25,0.1,5012,2026-05-30 19:58:16,20260530-182225,log/stroke_prediction_v4/8/infgain/standard__noAug__noImbl/BalancedRandomForest,1780136562317_d342c02e17801422960786308,0.5870841487279843,0.5354758577860581,0.6880658436213992,0.4428459960417732,0.9387203005695838,0.5870841487279843,0.6985913359969398,0.5870841487279843,0.5870841487279843,0.5870841487279843,0.6222754594947045
8,infgain,standard,noAug,noImbl,BalancedRandomForest,first,0.25,0.2,5012,2026-05-30 19:58:56,20260530-182225,log/stroke_prediction_v4/8/infgain/standard__noAug__noImbl/BalancedRandomForest,1780136562317_d342c02e17801423362054304,0.5909980430528375,0.5429452606781973,0.7280658436213991,0.4510657545089613,0.94571494567291,0.5909980430528375,0.7010998049691431,0.5909980430528375,0.5909980430528375,0.5909980430528375,0.6308966561401012
8,infgain,standard,noAug,noImbl,BalancedRandomForest,first,0.3,0.1,5012,2026-05-30 19:58:21,20260530-182225,log/stroke_prediction_v4/8/infgain/standard__noAug__noImbl/BalancedRandomForest,1780136562317_d342c02e17801423017547845,0.6320939334637965,0.5411442006269591,0.7117283950617284,0.4693313889257148,0.9404568371772636,0.6320939334637965,0.7344675480495864,0.6320939334637965,0.6320939334637965,0.6320939334637965,0.6527403572184086
8,infgain,standard,noAug,noImbl,BalancedRandomForest,first,0.3,0.2,5012,2026-05-30 19:59:01,20260530-182225,log/stroke_prediction_v4/8/infgain/standard__noAug__noImbl/BalancedRandomForest,1780136562317_d342c02e17801423419539629,0.6409001956947162,0.5494587510254717,0.7543004115226337,0.4812218618386019,0.9471427698228466,0.6409001956947162,0.7408751666275569,0.6409001956947162,0.6409001956947162,0.6409001956947162,0.6647648257849054
8,infgain,standard,noAug,noImbl,BalancedRandomForest,first,0.35,0.1,5012,2026-05-30 19:58:27,20260530-182225,log/stroke_prediction_v4/8/infgain/standard__noAug__noImbl/BalancedRandomForest,1780136562317_d342c02e17801423074596008,0.6712328767123288,0.5470228575236572,0.7323045267489712,0.4929597429597429,0.9419250564614337,0.6712328767123288,0.7641937847417299,0.6712328767123288,0.6712328767123288,0.6712328767123288,0.6791914239135586
8,infgain,standard,noAug,noImbl,BalancedRandomForest,first,0.35,0.2,5012,2026-05-30 19:59:07,20260530-182225,log/stroke_prediction_v4/8/infgain/standard__noAug__noImbl/BalancedRandomForest,1780136562317_d342c02e17801423476708526,0.6956947162426614,0.5585795969805472,0.7831069958847736,0.5157468138431184,0.94876521414002,0.6956947162426614,0.7820581557570488,0.6956947162426614,0.6956947162426614,0.6956947162426614,0.7019938126376235
8,infgain,standard,noAug,noImbl,BalancedRandomForest,first,0.5,0.1,5012,2026-05-30 19:58:33,20260530-182225,log/stroke_prediction_v4/8/infgain/standard__noAug__noImbl/BalancedRandomForest,1780136562317_d342c02e17801423132055287,0.776908023483366,0.5458696689661157,0.6740329218106996,0.5338188220230473,0.930377544173525,0.776908023483366,0.8375156292675104,0.776908023483366,0.776908023483366,0.776908023483366,0.7314913905819641
8,infgain,standard,noAug,noImbl,BalancedRandomForest,first,0.5,0.2,5012,2026-05-30 19:59:13,20260530-182225,log/stroke_prediction_v4/8/infgain/standard__noAug__noImbl/BalancedRandomForest,1780136562317_d342c02e17801423534294654,0.786692759295499,0.5575731121780881,0.717119341563786,0.5516136563060996,0.9361543212143834,0.786692759295499,0.8445095116523512,0.786692759295499,0.786692759295499,0.7866927592954989,0.7451802564075928
8,infgain,standard,noAug,noImbl,BalancedRandomForest,last,0.1,0.1,5012,2026-05-30 19:59:19,20260530-182225,log/stroke_prediction_v4/8/infgain/noAug__noImbl__standard/BalancedRandomForest,1780136562317_d342c02e17801423596972655,0.3992172211350293,0.5256342231802354,0.6272427983539095,0.3339150224396126,0.9389550596542782,0.3992172211350293,0.5220669824307821,0.3992172211350293,0.3992172211350293,0.3992172211350293,0.497267397303413
8,infgain,standard,noAug,noImbl,BalancedRandomForest,last,0.1,0.2,5012,2026-05-30 19:59:59,20260530-182225,log/stroke_prediction_v4/8/infgain/noAug__noImbl__standard/BalancedRandomForest,1780136562317_d342c02e17801423999264311,0.3953033268101761,0.5313318227593152,0.653641975308642,0.3340292539730741,0.9466241183391372,0.395303326810176,0.5162702060885838,0.3953033268101761,0.3953033268101761,0.3953033268101761,0.4988260413740284
8,infgain,standard,noAug,noImbl,BalancedRandomForest,last,0.15,0.1,5012,2026-05-30 19:59:25,20260530-182225,log/stroke_prediction_v4/8/infgain/noAug__noImbl__standard/BalancedRandomForest,1780136562317_d342c02e17801423654404345,0.461839530332681,0.5305025235900812,0.6601646090534979,0.3733751900721047,0.9415887559493212,0.461839530332681,0.5857817570519258,0.461839530332681,0.461839530332681,0.461839530332681,0.5418349430609668
8,infgain,standard,noAug,noImbl,BalancedRandomForest,last,0.15,0.2,5012,2026-05-30 20:00:05,20260530-182225,log/stroke_prediction_v4/8/infgain/noAug__noImbl__standard/BalancedRandomForest,1780136562317_d342c02e17801424056109212,0.4755381604696673,0.5352878830387481,0.6863374485596707,0.3839828709201482,0.9464016457901844,0.4755381604696672,0.5982315434192766,0.4755381604696673,0.4755381604696673,0.4755381604696673,0.5543501240776408
8,infgain,standard,noAug,noImbl,BalancedRandomForest,last,0.2,0.1,5012,2026-05-30 19:59:31,20260530-182225,log/stroke_prediction_v4/8/infgain/noAug__noImbl__standard/BalancedRandomForest,1780136562317_d342c02e17801423711667726,0.538160469667319,0.5302252528348146,0.6623456790123456,0.4142868244162101,0.9366846928108732,0.538160469667319,0.6572900178662578,0.538160469667319,0.538160469667319,0.538160469667319,0.588926276675101
8,infgain,standard,noAug,noImbl,BalancedRandomForest,last,0.2,0.2,5012,2026-05-30 20:00:11,20260530-182225,log/stroke_prediction_v4/8/infgain/noAug__noImbl__standard/BalancedRandomForest,1780136562317_d342c02e17801424114374406,0.5420743639921722,0.5411917892156862,0.7213168724279835,0.4244609164420485,0.9480587611757032,0.5420743639921722,0.6591786624187023,0.5420743639921722,0.5420743639921722,0.5420743639921722,0.6004324247079186
8,infgain,standard,noAug,noImbl,BalancedRandomForest,last,0.25,0.1,5012,2026-05-30 19:59:37,20260530-182225,log/stroke_prediction_v4/8/infgain/noAug__noImbl__standard/BalancedRandomForest,1780136562317_d342c02e17801423770014444,0.5870841487279843,0.5354758577860581,0.6880658436213992,0.4428459960417732,0.9387203005695838,0.5870841487279843,0.6985913359969398,0.5870841487279843,0.5870841487279843,0.5870841487279843,0.6222754594947045
8,infgain,standard,noAug,noImbl,BalancedRandomForest,last,0.25,0.2,5012,2026-05-30 20:00:17,20260530-182225,log/stroke_prediction_v4/8/infgain/noAug__noImbl__standard/BalancedRandomForest,1780136562317_d342c02e17801424171632878,0.5909980430528375,0.5429452606781973,0.7280658436213991,0.4510657545089613,0.94571494567291,0.5909980430528375,0.7010998049691431,0.5909980430528375,0.5909980430528375,0.5909980430528375,0.6308966561401012
8,infgain,standard,noAug,noImbl,BalancedRandomForest,last,0.3,0.1,5012,2026-05-30 19:59:42,20260530-182225,log/stroke_prediction_v4/8/infgain/noAug__noImbl__standard/BalancedRandomForest,1780136562317_d342c02e17801423826986035,0.6320939334637965,0.5411442006269591,0.7117283950617284,0.4693313889257148,0.9404568371772636,0.6320939334637965,0.7344675480495864,0.6320939334637965,0.6320939334637965,0.6320939334637965,0.6527403572184086
8,infgain,standard,noAug,noImbl,BalancedRandomForest,last,0.3,0.2,5012,2026-05-30 20:00:22,20260530-182225,log/stroke_prediction_v4/8/infgain/noAug__noImbl__standard/BalancedRandomForest,1780136562317_d342c02e17801424228415569,0.6409001956947162,0.5494587510254717,0.7543004115226337,0.4812218618386019,0.9471427698228466,0.6409001956947162,0.7408751666275569,0.6409001956947162,0.6409001956947162,0.6409001956947162,0.6647648257849054
8,infgain,standard,noAug,noImbl,BalancedRandomForest,last,0.35,0.1,5012,2026-05-30 19:59:48,20260530-182225,log/stroke_prediction_v4/8/infgain/noAug__noImbl__standard/BalancedRandomForest,1780136562317_d342c02e17801423884347540,0.6712328767123288,0.5470228575236572,0.7323045267489712,0.4929597429597429,0.9419250564614337,0.6712328767123288,0.7641937847417299,0.6712328767123288,0.6712328767123288,0.6712328767123288,0.6791914239135586
8,infgain,standard,noAug,noImbl,BalancedRandomForest,last,0.35,0.2,5012,2026-05-30 20:00:28,20260530-182225,log/stroke_prediction_v4/8/infgain/noAug__noImbl__standard/BalancedRandomForest,1780136562317_d342c02e17801424286197364,0.6956947162426614,0.5585795969805472,0.7831069958847736,0.5157468138431184,0.94876521414002,0.6956947162426614,0.7820581557570488,0.6956947162426614,0.6956947162426614,0.6956947162426614,0.7019938126376235
8,infgain,standard,noAug,noImbl,BalancedRandomForest,last,0.5,0.1,5012,2026-05-30 19:59:54,20260530-182225,log/stroke_prediction_v4/8/infgain/noAug__noImbl__standard/BalancedRandomForest,1780136562317_d342c02e17801423942373090,0.776908023483366,0.5458696689661157,0.6740329218106996,0.5338188220230473,0.930377544173525,0.776908023483366,0.8375156292675104,0.776908023483366,0.776908023483366,0.776908023483366,0.7314913905819641
8,infgain,standard,noAug,noImbl,BalancedRandomForest,last,0.5,0.2,5012,2026-05-30 20:00:34,20260530-182225,log/stroke_prediction_v4/8/infgain/noAug__noImbl__standard/BalancedRandomForest,1780136562317_d342c02e17801424343463724,0.786692759295499,0.5575731121780881,0.717119341563786,0.5516136563060996,0.9361543212143834,0.786692759295499,0.8445095116523512,0.786692759295499,0.786692759295499,0.7866927592954989,0.7451802564075928
8,infgain,standard,noAug,noImbl,EasyEnsemble,first,0.1,0.1,5012,2026-05-30 19:57:59,20260530-182225,log/stroke_prediction_v4/8/infgain/standard__noAug__noImbl/EasyEnsemble,1780136562317_d342c02e17801422797554405,0.0489236790606653,0.0244618395303326,0.5,0.0466417910447761,0.0023935263728309,0.0489236790606653,0.0045637760317784,0.0489236790606653,0.0489236790606653,0.0489236790606653,0.0799358432760656
8,infgain,standard,noAug,noImbl,EasyEnsemble,first,0.1,0.2,5012,2026-05-30 19:58:39,20260530-182225,log/stroke_prediction_v4/8/infgain/standard__noAug__noImbl/EasyEnsemble,1780136562317_d342c02e17801423199273647,0.0489236790606653,0.0244618395303326,0.5,0.0466417910447761,0.0023935263728309,0.0489236790606653,0.0045637760317784,0.0489236790606653,0.0489236790606653,0.0489236790606653,0.0799358432760656
8,infgain,standard,noAug,noImbl,EasyEnsemble,first,0.15,0.1,5012,2026-05-30 19:58:05,20260530-182225,log/stroke_prediction_v4/8/infgain/standard__noAug__noImbl/EasyEnsemble,1780136562317_d342c02e17801422854614948,0.0489236790606653,0.0244618395303326,0.5,0.0466417910447761,0.0023935263728309,0.0489236790606653,0.0045637760317784,0.0489236790606653,0.0489236790606653,0.0489236790606653,0.0799358432760656
8,infgain,standard,noAug,noImbl,EasyEnsemble,first,0.15,0.2,5012,2026-05-30 19:58:45,20260530-182225,log/stroke_prediction_v4/8/infgain/standard__noAug__noImbl/EasyEnsemble,1780136562317_d342c02e17801423256582422,0.0489236790606653,0.0244618395303326,0.5,0.0466417910447761,0.0023935263728309,0.0489236790606653,0.0045637760317784,0.0489236790606653,0.0489236790606653,0.0489236790606653,0.0799358432760656
8,infgain,standard,noAug,noImbl,EasyEnsemble,first,0.2,0.1,5012,2026-05-30 19:58:11,20260530-182225,log/stroke_prediction_v4/8/infgain/standard__noAug__noImbl/EasyEnsemble,1780136562317_d342c02e17801422911451162,0.086105675146771,0.5254065040650406,0.5195473251028806,0.0859796617959668,0.9535622802411976,0.086105675146771,0.0762976360091769,0.086105675146771,0.086105675146771,0.086105675146771,0.2586354756703918
8,infgain,standard,noAug,noImbl,EasyEnsemble,first,0.2,0.2,5012,2026-05-30 19:58:51,20260530-182225,log/stroke_prediction_v4/8/infgain/standard__noAug__noImbl/EasyEnsemble,1780136562317_d342c02e17801423313667820,0.3493150684931507,0.530539840178002,0.6389506172839505,0.3039166785304235,0.9482629389115844,0.3493150684931506,0.4642895350271069,0.3493150684931507,0.3493150684931507,0.3493150684931507,0.4667322990682434
8,infgain,standard,noAug,noImbl,EasyEnsemble,first,0.25,0.1,5012,2026-05-30 19:58:16,20260530-182225,log/stroke_prediction_v4/8/infgain/standard__noAug__noImbl/EasyEnsemble,1780136562317_d342c02e17801422969869650,0.2074363992172211,0.5220132867920279,0.5643621399176955,0.1970926104819655,0.9423609539572044,0.207436399217221,0.2793078968087382,0.2074363992172211,0.2074363992172211,0.2074363992172211,0.3573082738471867
8,infgain,standard,noAug,noImbl,EasyEnsemble,first,0.25,0.2,5012,2026-05-30 19:58:57,20260530-182225,log/stroke_prediction_v4/8/infgain/standard__noAug__noImbl/EasyEnsemble,1780136562317_d342c02e17801423371580496,0.3590998043052837,0.5311215397673995,0.6440946502057613,0.3106278506719064,0.948500592651796,0.3590998043052837,0.4755398110039135,0.3590998043052837,0.3590998043052837,0.3590998043052837,0.473936749235982
8,infgain,standard,noAug,noImbl,EasyEnsemble,first,0.3,0.1,5012,2026-05-30 19:58:22,20260530-182225,log/stroke_prediction_v4/8/infgain/standard__noAug__noImbl/EasyEnsemble,1780136562317_d342c02e17801423027057877,0.360078277886497,0.5311801242236025,0.6446090534979424,0.3112952086553323,0.9485237811622564,0.360078277886497,0.4766554653874422,0.360078277886497,0.360078277886497,0.360078277886497,0.474655208149395
8,infgain,standard,noAug,noImbl,EasyEnsemble,first,0.3,0.2,5012,2026-05-30 19:59:02,20260530-182225,log/stroke_prediction_v4/8/infgain/standard__noAug__noImbl/EasyEnsemble,1780136562317_d342c02e17801423428871195,0.3590998043052837,0.5311215397673995,0.6440946502057613,0.3106278506719064,0.948500592651796,0.3590998043052837,0.4755398110039135,0.3590998043052837,0.3590998043052837,0.3590998043052837,0.473936749235982
8,infgain,standard,noAug,noImbl,EasyEnsemble,first,0.35,0.1,5012,2026-05-30 19:58:28,20260530-182225,log/stroke_prediction_v4/8/infgain/standard__noAug__noImbl/EasyEnsemble,1780136562317_d342c02e17801423083918684,0.4207436399217221,0.5311229633484016,0.6575308641975308,0.3496044031647746,0.9448210779801026,0.4207436399217221,0.5436587708863887,0.4207436399217221,0.4207436399217221,0.4207436399217221,0.5156344226289667
8,infgain,standard,noAug,noImbl,EasyEnsemble,first,0.35,0.2,5012,2026-05-30 19:59:08,20260530-182225,log/stroke_prediction_v4/8/infgain/standard__noAug__noImbl/EasyEnsemble,1780136562317_d342c02e17801423486068570,0.3679060665362035,0.5316517778945524,0.6487242798353909,0.3166101498420427,0.948705772017198,0.3679060665362035,0.485520275527815,0.3679060665362035,0.3679060665362035,0.3679060665362035,0.4803901733946741
8,infgain,standard,noAug,noImbl,EasyEnsemble,first,0.5,0.1,5012,2026-05-30 19:58:34,20260530-182225,log/stroke_prediction_v4/8/infgain/standard__noAug__noImbl/EasyEnsemble,1780136562317_d342c02e17801423141391399,0.6790606653620352,0.544690280456037,0.7174485596707819,0.494059405940594,0.9392428119316112,0.6790606653620352,0.7700645211292166,0.6790606653620352,0.6790606653620352,0.6790606653620352,0.6813810204111286
8,infgain,standard,noAug,noImbl,EasyEnsemble,first,0.5,0.2,5012,2026-05-30 19:59:14,20260530-182225,log/stroke_prediction_v4/8/infgain/standard__noAug__noImbl/EasyEnsemble,1780136562317_d342c02e17801423544535593,0.6477495107632094,0.5504686896018554,0.7579012345679013,0.4854323308270676,0.947340004251273,0.6477495107632094,0.7461578358812883,0.6477495107632094,0.6477495107632094,0.6477495107632094,0.6694093221536399
8,infgain,standard,noAug,noImbl,EasyEnsemble,last,0.1,0.1,5012,2026-05-30 19:59:20,20260530-182225,log/stroke_prediction_v4/8/infgain/noAug__noImbl__standard/EasyEnsemble,1780136562317_d342c02e17801423606333083,0.0489236790606653,0.0244618395303326,0.5,0.0466417910447761,0.0023935263728309,0.0489236790606653,0.0045637760317784,0.0489236790606653,0.0489236790606653,0.0489236790606653,0.0799358432760656
8,infgain,standard,noAug,noImbl,EasyEnsemble,last,0.1,0.2,5012,2026-05-30 20:00:00,20260530-182225,log/stroke_prediction_v4/8/infgain/noAug__noImbl__standard/EasyEnsemble,1780136562317_d342c02e17801424008613009,0.0489236790606653,0.0244618395303326,0.5,0.0466417910447761,0.0023935263728309,0.0489236790606653,0.0045637760317784,0.0489236790606653,0.0489236790606653,0.0489236790606653,0.0799358432760656
8,infgain,standard,noAug,noImbl,EasyEnsemble,last,0.15,0.1,5012,2026-05-30 19:59:26,20260530-182225,log/stroke_prediction_v4/8/infgain/noAug__noImbl__standard/EasyEnsemble,1780136562317_d342c02e17801423663775133,0.0489236790606653,0.0244618395303326,0.5,0.0466417910447761,0.0023935263728309,0.0489236790606653,0.0045637760317784,0.0489236790606653,0.0489236790606653,0.0489236790606653,0.0799358432760656
8,infgain,standard,noAug,noImbl,EasyEnsemble,last,0.15,0.2,5012,2026-05-30 20:00:06,20260530-182225,log/stroke_prediction_v4/8/infgain/noAug__noImbl__standard/EasyEnsemble,1780136562317_d342c02e17801424065494261,0.0489236790606653,0.0244618395303326,0.5,0.0466417910447761,0.0023935263728309,0.0489236790606653,0.0045637760317784,0.0489236790606653,0.0489236790606653,0.0489236790606653,0.0799358432760656
8,infgain,standard,noAug,noImbl,EasyEnsemble,last,0.2,0.1,5012,2026-05-30 19:59:32,20260530-182225,log/stroke_prediction_v4/8/infgain/noAug__noImbl__standard/EasyEnsemble,1780136562317_d342c02e17801423722062469,0.086105675146771,0.5254065040650406,0.5195473251028806,0.0859796617959668,0.9535622802411976,0.086105675146771,0.0762976360091769,0.086105675146771,0.086105675146771,0.086105675146771,0.2586354756703918
8,infgain,standard,noAug,noImbl,EasyEnsemble,last,0.2,0.2,5012,2026-05-30 20:00:12,20260530-182225,log/stroke_prediction_v4/8/infgain/noAug__noImbl__standard/EasyEnsemble,1780136562317_d342c02e17801424123759694,0.3493150684931507,0.530539840178002,0.6389506172839505,0.3039166785304235,0.9482629389115844,0.3493150684931506,0.4642895350271069,0.3493150684931507,0.3493150684931507,0.3493150684931507,0.4667322990682434
8,infgain,standard,noAug,noImbl,EasyEnsemble,last,0.25,0.1,5012,2026-05-30 19:59:37,20260530-182225,log/stroke_prediction_v4/8/infgain/noAug__noImbl__standard/EasyEnsemble,1780136562317_d342c02e17801423779225786,0.2074363992172211,0.5220132867920279,0.5643621399176955,0.1970926104819655,0.9423609539572044,0.207436399217221,0.2793078968087382,0.2074363992172211,0.2074363992172211,0.2074363992172211,0.3573082738471867
8,infgain,standard,noAug,noImbl,EasyEnsemble,last,0.25,0.2,5012,2026-05-30 20:00:18,20260530-182225,log/stroke_prediction_v4/8/infgain/noAug__noImbl__standard/EasyEnsemble,1780136562317_d342c02e17801424180870169,0.3590998043052837,0.5311215397673995,0.6440946502057613,0.3106278506719064,0.948500592651796,0.3590998043052837,0.4755398110039135,0.3590998043052837,0.3590998043052837,0.3590998043052837,0.473936749235982
8,infgain,standard,noAug,noImbl,EasyEnsemble,last,0.3,0.1,5012,2026-05-30 19:59:43,20260530-182225,log/stroke_prediction_v4/8/infgain/noAug__noImbl__standard/EasyEnsemble,1780136562317_d342c02e17801423836204871,0.360078277886497,0.5311801242236025,0.6446090534979424,0.3112952086553323,0.9485237811622564,0.360078277886497,0.4766554653874422,0.360078277886497,0.360078277886497,0.360078277886497,0.474655208149395
8,infgain,standard,noAug,noImbl,EasyEnsemble,last,0.3,0.2,5012,2026-05-30 20:00:23,20260530-182225,log/stroke_prediction_v4/8/infgain/noAug__noImbl__standard/EasyEnsemble,1780136562317_d342c02e17801424237712980,0.3590998043052837,0.5311215397673995,0.6440946502057613,0.3106278506719064,0.948500592651796,0.3590998043052837,0.4755398110039135,0.3590998043052837,0.3590998043052837,0.3590998043052837,0.473936749235982
8,infgain,standard,noAug,noImbl,EasyEnsemble,last,0.35,0.1,5012,2026-05-30 19:59:49,20260530-182225,log/stroke_prediction_v4/8/infgain/noAug__noImbl__standard/EasyEnsemble,1780136562317_d342c02e17801423893632070,0.4207436399217221,0.5311229633484016,0.6575308641975308,0.3496044031647746,0.9448210779801026,0.4207436399217221,0.5436587708863887,0.4207436399217221,0.4207436399217221,0.4207436399217221,0.5156344226289667
8,infgain,standard,noAug,noImbl,EasyEnsemble,last,0.35,0.2,5012,2026-05-30 20:00:29,20260530-182225,log/stroke_prediction_v4/8/infgain/noAug__noImbl__standard/EasyEnsemble,1780136562317_d342c02e17801424295512710,0.3679060665362035,0.5316517778945524,0.6487242798353909,0.3166101498420427,0.948705772017198,0.3679060665362035,0.485520275527815,0.3679060665362035,0.3679060665362035,0.3679060665362035,0.4803901733946741
8,infgain,standard,noAug,noImbl,EasyEnsemble,last,0.5,0.1,5012,2026-05-30 19:59:55,20260530-182225,log/stroke_prediction_v4/8/infgain/noAug__noImbl__standard/EasyEnsemble,1780136562317_d342c02e17801423951692499,0.6790606653620352,0.544690280456037,0.7174485596707819,0.494059405940594,0.9392428119316112,0.6790606653620352,0.7700645211292166,0.6790606653620352,0.6790606653620352,0.6790606653620352,0.6813810204111286
8,infgain,standard,noAug,noImbl,EasyEnsemble,last,0.5,0.2,5012,2026-05-30 20:00:35,20260530-182225,log/stroke_prediction_v4/8/infgain/noAug__noImbl__standard/EasyEnsemble,1780136562317_d342c02e17801424352634672,0.6477495107632094,0.5504686896018554,0.7579012345679013,0.4854323308270676,0.947340004251273,0.6477495107632094,0.7461578358812883,0.6477495107632094,0.6477495107632094,0.6477495107632094,0.6694093221536399
8,infgain,standard,noAug,noImbl,XGBClassifier_SPW24,first,0.1,0.1,5012,2026-05-30 19:57:58,20260530-182225,log/stroke_prediction_v4/8/infgain/standard__noAug__noImbl/XGBClassifier_SPW24,1780136562317_d342c02e17801422782288491,0.8180039138943248,0.5277127244340358,0.5818106995884774,0.5224634986987148,0.9178708537086516,0.8180039138943248,0.8613792484628346,0.8180039138943248,0.8180039138943248,0.8180039138943247,0.7375174054050787
8,infgain,standard,noAug,noImbl,XGBClassifier_SPW24,first,0.1,0.2,5012,2026-05-30 19:58:38,20260530-182225,log/stroke_prediction_v4/8/infgain/standard__noAug__noImbl/XGBClassifier_SPW24,1780136562317_d342c02e17801423184242313,0.8454011741682974,0.5646463314580403,0.6815843621399177,0.5771639852522205,0.9312978399266764,0.8454011741682974,0.8809903835085139,0.8454011741682974,0.8454011741682974,0.8454011741682974,0.7746364783338924
8,infgain,standard,noAug,noImbl,XGBClassifier_SPW24,first,0.15,0.1,5012,2026-05-30 19:58:03,20260530-182225,log/stroke_prediction_v4/8/infgain/standard__noAug__noImbl/XGBClassifier_SPW24,1780136562317_d342c02e17801422839519130,0.8414872798434442,0.5295918367346938,0.5751851851851852,0.5299948901379663,0.9171492471744076,0.8414872798434442,0.875182370076008,0.8414872798434442,0.8414872798434442,0.8414872798434442,0.7495641278789024
8,infgain,standard,noAug,noImbl,XGBClassifier_SPW24,first,0.15,0.2,5012,2026-05-30 19:58:44,20260530-182225,log/stroke_prediction_v4/8/infgain/standard__noAug__noImbl/XGBClassifier_SPW24,1780136562317_d342c02e17801423241340015,0.8718199608610567,0.5754673822196806,0.6765020576131687,0.5948604819357317,0.9312448268907076,0.8718199608610567,0.8970576885264413,0.8718199608610567,0.8718199608610567,0.8718199608610567,0.7908371365861041
8,infgain,standard,noAug,noImbl,XGBClassifier_SPW24,first,0.2,0.1,5012,2026-05-30 19:58:09,20260530-182225,log/stroke_prediction_v4/8/infgain/standard__noAug__noImbl/XGBClassifier_SPW24,1780136562317_d342c02e17801422896172553,0.8610567514677103,0.5383776792313377,0.5854732510288065,0.5444660681775377,0.9188253833258844,0.8610567514677103,0.887067723099532,0.8610567514677103,0.8610567514677103,0.8610567514677103,0.7634204006372474
8,infgain,standard,noAug,noImbl,XGBClassifier_SPW24,first,0.2,0.2,5012,2026-05-30 19:58:49,20260530-182225,log/stroke_prediction_v4/8/infgain/standard__noAug__noImbl/XGBClassifier_SPW24,1780136562317_d342c02e17801423298296232,0.8786692759295499,0.5711994744570678,0.6516460905349795,0.5889724961079397,0.9282361960661718,0.8786692759295498,0.9002783597390872,0.8786692759295499,0.8786692759295499,0.87866927592955,0.7899635148546956
8,infgain,standard,noAug,noImbl,XGBClassifier_SPW24,first,0.25,0.1,5012,2026-05-30 19:58:15,20260530-182225,log/stroke_prediction_v4/8/infgain/standard__noAug__noImbl/XGBClassifier_SPW24,1780136562317_d342c02e17801422953701781,0.8688845401174168,0.5347678093848771,0.5706172839506173,0.5404244466220116,0.9169708189821494,0.8688845401174168,0.8909339445418769,0.8688845401174168,0.8688845401174168,0.8688845401174168,0.7644931659533141
8,infgain,standard,noAug,noImbl,XGBClassifier_SPW24,first,0.25,0.2,5012,2026-05-30 19:58:55,20260530-182225,log/stroke_prediction_v4/8/infgain/standard__noAug__noImbl/XGBClassifier_SPW24,1780136562317_d342c02e17801423356275135,0.8894324853228963,0.5697910281415436,0.6288477366255144,0.5858623892361372,0.9257202836019388,0.8894324853228963,0.9057385361984136,0.8894324853228963,0.8894324853228963,0.8894324853228963,0.7919490377812407
8,infgain,standard,noAug,noImbl,XGBClassifier_SPW24,first,0.3,0.1,5012,2026-05-30 19:58:21,20260530-182225,log/stroke_prediction_v4/8/infgain/standard__noAug__noImbl/XGBClassifier_SPW24,1780136562317_d342c02e17801423011394657,0.8884540117416829,0.547839205762118,0.5809053497942387,0.5570509603540307,0.919052977763488,0.8884540117416829,0.9026998442673964,0.8884540117416829,0.8884540117416829,0.8884540117416829,0.7791239787218714
8,infgain,standard,noAug,noImbl,XGBClassifier_SPW24,first,0.3,0.2,5012,2026-05-30 19:59:01,20260530-182225,log/stroke_prediction_v4/8/infgain/standard__noAug__noImbl/XGBClassifier_SPW24,1780136562317_d342c02e17801423413680943,0.8943248532289628,0.5621645796064401,0.602962962962963,0.5746392896781354,0.922460782288753,0.8943248532289629,0.907314334366468,0.8943248532289628,0.8943248532289628,0.8943248532289628,0.788781817384091
8,infgain,standard,noAug,noImbl,XGBClassifier_SPW24,first,0.35,0.1,5012,2026-05-30 19:58:26,20260530-182225,log/stroke_prediction_v4/8/infgain/standard__noAug__noImbl/XGBClassifier_SPW24,1780136562317_d342c02e17801423068670988,0.898238747553816,0.5567959582790091,0.5860493827160493,0.5666101252609603,0.9203181888926028,0.898238747553816,0.908625326328089,0.898238747553816,0.898238747553816,0.898238747553816,0.7868971697486499
8,infgain,standard,noAug,noImbl,XGBClassifier_SPW24,first,0.35,0.2,5012,2026-05-30 19:59:07,20260530-182225,log/stroke_prediction_v4/8/infgain/standard__noAug__noImbl/XGBClassifier_SPW24,1780136562317_d342c02e17801423470870168,0.9021526418786692,0.5659702904194949,0.5975925925925927,0.5771057814853435,0.922246299667034,0.9021526418786692,0.9115848052382972,0.9021526418786692,0.9021526418786692,0.9021526418786692,0.7927455630279256
8,infgain,standard,noAug,noImbl,XGBClassifier_SPW24,first,0.5,0.1,5012,2026-05-30 19:58:32,20260530-182225,log/stroke_prediction_v4/8/infgain/standard__noAug__noImbl/XGBClassifier_SPW24,1780136562317_d342c02e17801423126146245,0.9080234833659492,0.5307971014492754,0.5342798353909465,0.5323519675993535,0.9129978971934216,0.9080234833659492,0.9104842138185688,0.9080234833659492,0.9080234833659492,0.9080234833659492,0.7774423039624322
8,infgain,standard,noAug,noImbl,XGBClassifier_SPW24,first,0.5,0.2,5012,2026-05-30 19:59:12,20260530-182225,log/stroke_prediction_v4/8/infgain/standard__noAug__noImbl/XGBClassifier_SPW24,1780136562317_d342c02e17801423528481559,0.9129158512720156,0.5510106232960421,0.5558230452674897,0.553240501976964,0.9168841103506996,0.9129158512720156,0.9148770036672992,0.9129158512720156,0.9129158512720156,0.9129158512720156,0.7877557442468688
8,infgain,standard,noAug,noImbl,XGBClassifier_SPW24,last,0.1,0.1,5012,2026-05-30 19:59:19,20260530-182225,log/stroke_prediction_v4/8/infgain/noAug__noImbl__standard/XGBClassifier_SPW24,1780136562317_d342c02e17801423591018872,0.8180039138943248,0.5277127244340358,0.5818106995884774,0.5224634986987148,0.9178708537086516,0.8180039138943248,0.8613792484628346,0.8180039138943248,0.8180039138943248,0.8180039138943247,0.7375174054050787
8,infgain,standard,noAug,noImbl,XGBClassifier_SPW24,last,0.1,0.2,5012,2026-05-30 19:59:59,20260530-182225,log/stroke_prediction_v4/8/infgain/noAug__noImbl__standard/XGBClassifier_SPW24,1780136562317_d342c02e17801423993228967,0.8454011741682974,0.5646463314580403,0.6815843621399177,0.5771639852522205,0.9312978399266764,0.8454011741682974,0.8809903835085139,0.8454011741682974,0.8454011741682974,0.8454011741682974,0.7746364783338924
8,infgain,standard,noAug,noImbl,XGBClassifier_SPW24,last,0.15,0.1,5012,2026-05-30 19:59:24,20260530-182225,log/stroke_prediction_v4/8/infgain/noAug__noImbl__standard/XGBClassifier_SPW24,1780136562317_d342c02e17801423648291166,0.8414872798434442,0.5295918367346938,0.5751851851851852,0.5299948901379663,0.9171492471744076,0.8414872798434442,0.875182370076008,0.8414872798434442,0.8414872798434442,0.8414872798434442,0.7495641278789024
8,infgain,standard,noAug,noImbl,XGBClassifier_SPW24,last,0.15,0.2,5012,2026-05-30 20:00:05,20260530-182225,log/stroke_prediction_v4/8/infgain/noAug__noImbl__standard/XGBClassifier_SPW24,1780136562317_d342c02e17801424050317303,0.8718199608610567,0.5754673822196806,0.6765020576131687,0.5948604819357317,0.9312448268907076,0.8718199608610567,0.8970576885264413,0.8718199608610567,0.8718199608610567,0.8718199608610567,0.7908371365861041
8,infgain,standard,noAug,noImbl,XGBClassifier_SPW24,last,0.2,0.1,5012,2026-05-30 19:59:30,20260530-182225,log/stroke_prediction_v4/8/infgain/noAug__noImbl__standard/XGBClassifier_SPW24,1780136562317_d342c02e17801423705675215,0.8610567514677103,0.5383776792313377,0.5854732510288065,0.5444660681775377,0.9188253833258844,0.8610567514677103,0.887067723099532,0.8610567514677103,0.8610567514677103,0.8610567514677103,0.7634204006372474
8,infgain,standard,noAug,noImbl,XGBClassifier_SPW24,last,0.2,0.2,5012,2026-05-30 20:00:10,20260530-182225,log/stroke_prediction_v4/8/infgain/noAug__noImbl__standard/XGBClassifier_SPW24,1780136562317_d342c02e17801424108632632,0.8786692759295499,0.5711994744570678,0.6516460905349795,0.5889724961079397,0.9282361960661718,0.8786692759295498,0.9002783597390872,0.8786692759295499,0.8786692759295499,0.87866927592955,0.7899635148546956
8,infgain,standard,noAug,noImbl,XGBClassifier_SPW24,last,0.25,0.1,5012,2026-05-30 19:59:36,20260530-182225,log/stroke_prediction_v4/8/infgain/noAug__noImbl__standard/XGBClassifier_SPW24,1780136562317_d342c02e17801423763911820,0.8688845401174168,0.5347678093848771,0.5706172839506173,0.5404244466220116,0.9169708189821494,0.8688845401174168,0.8909339445418769,0.8688845401174168,0.8688845401174168,0.8688845401174168,0.7644931659533141
8,infgain,standard,noAug,noImbl,XGBClassifier_SPW24,last,0.25,0.2,5012,2026-05-30 20:00:16,20260530-182225,log/stroke_prediction_v4/8/infgain/noAug__noImbl__standard/XGBClassifier_SPW24,1780136562317_d342c02e17801424165857898,0.8894324853228963,0.5697910281415436,0.6288477366255144,0.5858623892361372,0.9257202836019388,0.8894324853228963,0.9057385361984136,0.8894324853228963,0.8894324853228963,0.8894324853228963,0.7919490377812407
8,infgain,standard,noAug,noImbl,XGBClassifier_SPW24,last,0.3,0.1,5012,2026-05-30 19:59:42,20260530-182225,log/stroke_prediction_v4/8/infgain/noAug__noImbl__standard/XGBClassifier_SPW24,1780136562317_d342c02e17801423821051973,0.8884540117416829,0.547839205762118,0.5809053497942387,0.5570509603540307,0.919052977763488,0.8884540117416829,0.9026998442673964,0.8884540117416829,0.8884540117416829,0.8884540117416829,0.7791239787218714
8,infgain,standard,noAug,noImbl,XGBClassifier_SPW24,last,0.3,0.2,5012,2026-05-30 20:00:22,20260530-182225,log/stroke_prediction_v4/8/infgain/noAug__noImbl__standard/XGBClassifier_SPW24,1780136562317_d342c02e17801424222618659,0.8943248532289628,0.5621645796064401,0.602962962962963,0.5746392896781354,0.922460782288753,0.8943248532289629,0.907314334366468,0.8943248532289628,0.8943248532289628,0.8943248532289628,0.788781817384091
8,infgain,standard,noAug,noImbl,XGBClassifier_SPW24,last,0.35,0.1,5012,2026-05-30 19:59:47,20260530-182225,log/stroke_prediction_v4/8/infgain/noAug__noImbl__standard/XGBClassifier_SPW24,1780136562317_d342c02e17801423878422296,0.898238747553816,0.5567959582790091,0.5860493827160493,0.5666101252609603,0.9203181888926028,0.898238747553816,0.908625326328089,0.898238747553816,0.898238747553816,0.898238747553816,0.7868971697486499
8,infgain,standard,noAug,noImbl,XGBClassifier_SPW24,last,0.35,0.2,5012,2026-05-30 20:00:28,20260530-182225,log/stroke_prediction_v4/8/infgain/noAug__noImbl__standard/XGBClassifier_SPW24,1780136562317_d342c02e17801424280395405,0.9021526418786692,0.5659702904194949,0.5975925925925927,0.5771057814853435,0.922246299667034,0.9021526418786692,0.9115848052382972,0.9021526418786692,0.9021526418786692,0.9021526418786692,0.7927455630279256
8,infgain,standard,noAug,noImbl,XGBClassifier_SPW24,last,0.5,0.1,5012,2026-05-30 19:59:53,20260530-182225,log/stroke_prediction_v4/8/infgain/noAug__noImbl__standard/XGBClassifier_SPW24,1780136562317_d342c02e17801423936471560,0.9080234833659492,0.5307971014492754,0.5342798353909465,0.5323519675993535,0.9129978971934216,0.9080234833659492,0.9104842138185688,0.9080234833659492,0.9080234833659492,0.9080234833659492,0.7774423039624322
8,infgain,standard,noAug,noImbl,XGBClassifier_SPW24,last,0.5,0.2,5012,2026-05-30 20:00:33,20260530-182225,log/stroke_prediction_v4/8/infgain/noAug__noImbl__standard/XGBClassifier_SPW24,1780136562317_d342c02e17801424337372206,0.9129158512720156,0.5510106232960421,0.5558230452674897,0.553240501976964,0.9168841103506996,0.9129158512720156,0.9148770036672992,0.9129158512720156,0.9129158512720156,0.9129158512720156,0.7877557442468688
