FeatureNum,FS_Method,Scaler,AugName,ImblName,Model,Norm_Order,Prob_Threshold,Split_Ratio,Random_State,Timestamp,RunID,LogDir,Model_RunID,Accuracy,Macro_Precision,Macro_Recall,Macro_F1,Weighted_Precision,Weighted_Recall,Weighted_F1,Micro_Precision,Micro_Recall,Micro_F1,Integrated_Score
7,infgain,minmax,gaussian_noise,ADASYN,BalancedRandomForest,first,0.1,0.1,42,2026-06-03 05:47:59,20260603-054739,log/stroke_prediction_v7/7/infgain/minmax__gaussian_noise__ADASYN/BalancedRandomForest,1780436867126_ba5f39ad17804368799504383,0.7964774951076321,0.5471264367816092,0.6653497942386831,0.5417040358744395,0.9290229081712988,0.7964774951076321,0.8499732345791686,0.7964774951076321,0.7964774951076321,0.796477495107632,0.7414925025302531
7,infgain,minmax,gaussian_noise,ADASYN,BalancedRandomForest,first,0.2,0.1,42,2026-06-03 05:48:12,20260603-054739,log/stroke_prediction_v7/7/infgain/minmax__gaussian_noise__ADASYN/BalancedRandomForest,1780436867126_ba5f39ad17804368925020629,0.87279843444227,0.5599261627464412,0.6295884773662551,0.5738224463348602,0.9250758266749908,0.87279843444227,0.8958503213757854,0.87279843444227,0.87279843444227,0.87279843444227,0.7810293356122735
7,infgain,minmax,gaussian_noise,ADASYN,BalancedRandomForest,first,0.3,0.1,42,2026-06-03 05:48:24,20260603-054739,log/stroke_prediction_v7/7/infgain/minmax__gaussian_noise__ADASYN/BalancedRandomForest,1780436867126_ba5f39ad17804369045265381,0.8962818003913894,0.5548301486199576,0.5850205761316871,0.564616992203199,0.9200487367095866,0.8962818003913893,0.9074364464066872,0.8962818003913894,0.8962818003913894,0.8962818003913894,0.7853106820941618
7,infgain,minmax,gaussian_noise,ADASYN,BalancedRandomForest,first,0.5,0.1,42,2026-06-03 05:48:36,20260603-054739,log/stroke_prediction_v7/7/infgain/minmax__gaussian_noise__ADASYN/BalancedRandomForest,1780436867126_ba5f39ad17804369165505242,0.9197651663405088,0.5456869306562557,0.5404526748971195,0.5428041462084016,0.9149590219848224,0.9197651663405088,0.9173279183655167,0.9197651663405088,0.9197651663405088,0.9197651663405088,0.787035738976111
7,infgain,minmax,gaussian_noise,ADASYN,BalancedRandomForest,last,0.1,0.1,42,2026-06-03 05:50:17,20260603-054739,log/stroke_prediction_v7/7/infgain/gaussian_noise__ADASYN__minmax/BalancedRandomForest,1780436867126_ba5f39ad17804370172235737,0.8043052837573386,0.5397928183674485,0.631522633744856,0.5346083788706739,0.924462365827194,0.8043052837573386,0.854223476949729,0.8043052837573386,0.8043052837573386,0.8043052837573386,0.7396246736699456
7,infgain,minmax,gaussian_noise,ADASYN,BalancedRandomForest,last,0.2,0.1,42,2026-06-03 05:50:27,20260603-054739,log/stroke_prediction_v7/7/infgain/gaussian_noise__ADASYN__minmax/BalancedRandomForest,1780436867126_ba5f39ad17804370277569358,0.87279843444227,0.5369951399363163,0.5726748971193416,0.5435305435305435,0.917352188504485,0.8727984344422701,0.8932828424022162,0.87279843444227,0.87279843444227,0.87279843444227,0.7673436042228362
7,infgain,minmax,gaussian_noise,ADASYN,BalancedRandomForest,last,0.3,0.1,42,2026-06-03 05:50:38,20260603-054739,log/stroke_prediction_v7/7/infgain/gaussian_noise__ADASYN__minmax/BalancedRandomForest,1780436867126_ba5f39ad17804370381620270,0.9158512720156556,0.5552735923869945,0.5573662551440329,0.5562892510248179,0.9174224165892012,0.9158512720156556,0.916632928583027,0.9158512720156556,0.9158512720156556,0.9158512720156556,0.7902850621594616
7,infgain,minmax,gaussian_noise,ADASYN,BalancedRandomForest,last,0.5,0.1,42,2026-06-03 05:50:48,20260603-054739,log/stroke_prediction_v7/7/infgain/gaussian_noise__ADASYN__minmax/BalancedRandomForest,1780436867126_ba5f39ad17804370487304094,0.9393346379647748,0.6217303822937625,0.5697119341563786,0.5867960455956387,0.9248681915366956,0.9393346379647748,0.9311186961934604,0.9393346379647748,0.9393346379647748,0.9393346379647748,0.8150521172529583
7,infgain,minmax,gaussian_noise,ADASYN,GradientBoosting,first,0.1,0.1,42,2026-06-03 05:47:52,20260603-054739,log/stroke_prediction_v7/7/infgain/minmax__gaussian_noise__ADASYN/GradientBoosting,1780436867126_ba5f39ad17804368722588630,0.5831702544031311,0.5315090824406149,0.6670370370370371,0.4375649154355341,0.9351667142155304,0.5831702544031311,0.6957343818357734,0.5831702544031311,0.5831702544031311,0.5831702544031311,0.6166342797212668
7,infgain,minmax,gaussian_noise,ADASYN,GradientBoosting,first,0.2,0.1,42,2026-06-03 05:48:04,20260603-054739,log/stroke_prediction_v7/7/infgain/minmax__gaussian_noise__ADASYN/GradientBoosting,1780436867126_ba5f39ad17804368845675480,0.62426614481409,0.5365375418460067,0.6886419753086419,0.4613965744400526,0.936962155393397,0.62426614481409,0.728595406975395,0.62426614481409,0.62426614481409,0.62426614481409,0.6444194223927575
7,infgain,minmax,gaussian_noise,ADASYN,GradientBoosting,first,0.3,0.1,42,2026-06-03 05:48:16,20260603-054739,log/stroke_prediction_v7/7/infgain/minmax__gaussian_noise__ADASYN/GradientBoosting,1780436867126_ba5f39ad17804368969920176,0.7064579256360078,0.542095483133219,0.6939094650205762,0.5028924976652485,0.9346917836191548,0.7064579256360078,0.7898761744069001,0.7064579256360078,0.7064579256360078,0.7064579256360078,0.6935681442425203
7,infgain,minmax,gaussian_noise,ADASYN,GradientBoosting,first,0.5,0.1,42,2026-06-03 05:48:28,20260603-054739,log/stroke_prediction_v7/7/infgain/minmax__gaussian_noise__ADASYN/GradientBoosting,1780436867126_ba5f39ad17804369089305902,0.8512720156555773,0.5705906996229577,0.6941563786008231,0.5861466325660698,0.9330391217267046,0.8512720156555773,0.8849798883222139,0.8512720156555773,0.8512720156555773,0.8512720156555773,0.7809564043905219
7,infgain,minmax,gaussian_noise,ADASYN,GradientBoosting,last,0.1,0.1,42,2026-06-03 05:50:10,20260603-054739,log/stroke_prediction_v7/7/infgain/gaussian_noise__ADASYN__minmax/GradientBoosting,1780436867126_ba5f39ad17804370108393217,0.5733855185909981,0.5339256491802267,0.6808641975308642,0.4348492227768983,0.9381700891439072,0.5733855185909981,0.6872809712761075,0.5733855185909981,0.5733855185909981,0.5733855185909981,0.6129697301298498
7,infgain,minmax,gaussian_noise,ADASYN,GradientBoosting,last,0.2,0.1,42,2026-06-03 05:50:21,20260603-054739,log/stroke_prediction_v7/7/infgain/gaussian_noise__ADASYN__minmax/GradientBoosting,1780436867126_ba5f39ad17804370213535623,0.6360078277886497,0.5345387823725306,0.675843621399177,0.464831081081081,0.9343441664480084,0.6360078277886497,0.7378846458983446,0.6360078277886497,0.6360078277886497,0.6360078277886497,0.6492831471843451
7,infgain,minmax,gaussian_noise,ADASYN,GradientBoosting,last,0.3,0.1,42,2026-06-03 05:50:31,20260603-054739,log/stroke_prediction_v7/7/infgain/gaussian_noise__ADASYN__minmax/GradientBoosting,1780436867126_ba5f39ad17804370318501500,0.7142857142857143,0.5436027546212395,0.6980246913580247,0.5077461071522829,0.9350696422099104,0.7142857142857143,0.7954039889906873,0.7142857142857143,0.7142857142857143,0.7142857142857143,0.6988565089546485
7,infgain,minmax,gaussian_noise,ADASYN,GradientBoosting,last,0.5,0.1,42,2026-06-03 05:50:42,20260603-054739,log/stroke_prediction_v7/7/infgain/gaussian_noise__ADASYN__minmax/GradientBoosting,1780436867126_ba5f39ad17804370423390178,0.8512720156555773,0.553377080665813,0.6372427983539095,0.5631299496040316,0.9255439235663044,0.8512720156555773,0.8832106543022546,0.8512720156555773,0.8512720156555773,0.8512720156555773,0.7690762771067765
7,infgain,minmax,gaussian_noise,ADASYN,LogisticRegression,first,0.1,0.1,42,2026-06-03 05:47:49,20260603-054739,log/stroke_prediction_v7/7/infgain/minmax__gaussian_noise__ADASYN/LogisticRegression,1780436867126_ba5f39ad17804368699015870,0.0724070450097847,0.5250501002004008,0.5123456790123456,0.0718063092062907,0.9535274070646184,0.0724070450097846,0.0505032934054677,0.0724070450097847,0.0724070450097847,0.0724070450097847,0.2464015770234141
7,infgain,minmax,gaussian_noise,ADASYN,LogisticRegression,first,0.2,0.1,42,2026-06-03 05:48:02,20260603-054739,log/stroke_prediction_v7/7/infgain/minmax__gaussian_noise__ADASYN/LogisticRegression,1780436867126_ba5f39ad17804368821392401,0.3620352250489236,0.5228479133927012,0.6076954732510288,0.3094594594594594,0.9370079654959496,0.3620352250489236,0.4813561114930977,0.3620352250489236,0.3620352250489236,0.3620352250489236,0.4701915608764208
7,infgain,minmax,gaussian_noise,ADASYN,LogisticRegression,first,0.3,0.1,42,2026-06-03 05:48:14,20260603-054739,log/stroke_prediction_v7/7/infgain/minmax__gaussian_noise__ADASYN/LogisticRegression,1780436867126_ba5f39ad17804368946160685,0.5362035225048923,0.5335564815098501,0.6802880658436214,0.4157802573119726,0.9403184477479998,0.5362035225048923,0.655069590303076,0.5362035225048923,0.5362035225048923,0.5362035225048923,0.5905251856543613
7,infgain,minmax,gaussian_noise,ADASYN,LogisticRegression,first,0.5,0.1,42,2026-06-03 05:48:26,20260603-054739,log/stroke_prediction_v7/7/infgain/minmax__gaussian_noise__ADASYN/LogisticRegression,1780436867126_ba5f39ad17804369066201782,0.7279843444227005,0.5503047091412743,0.7241975308641975,0.5208028335301063,0.9385052393059072,0.7279843444227005,0.8050607993678622,0.7279843444227005,0.7279843444227005,0.7279843444227005,0.7113740306349133
7,infgain,minmax,gaussian_noise,ADASYN,LogisticRegression,last,0.1,0.1,42,2026-06-03 05:50:08,20260603-054739,log/stroke_prediction_v7/7/infgain/gaussian_noise__ADASYN__minmax/LogisticRegression,1780436867126_ba5f39ad17804370085803664,0.0704500978473581,0.525,0.5113168724279835,0.0697518443997317,0.953522504892368,0.070450097847358,0.0467593558743196,0.0704500978473581,0.0704500978473581,0.0704500978473581,0.244640656912086
7,infgain,minmax,gaussian_noise,ADASYN,LogisticRegression,last,0.2,0.1,42,2026-06-03 05:50:19,20260603-054739,log/stroke_prediction_v7/7/infgain/gaussian_noise__ADASYN__minmax/LogisticRegression,1780436867126_ba5f39ad17804370190665523,0.2876712328767123,0.5269754938734683,0.6065432098765432,0.259891771446761,0.946440377217592,0.2876712328767123,0.3892486574993622,0.2876712328767123,0.2876712328767123,0.2876712328767123,0.4204354655893637
7,infgain,minmax,gaussian_noise,ADASYN,LogisticRegression,last,0.3,0.1,42,2026-06-03 05:50:29,20260603-054739,log/stroke_prediction_v7/7/infgain/gaussian_noise__ADASYN__minmax/LogisticRegression,1780436867126_ba5f39ad17804370295952803,0.50293542074364,0.530412054120541,0.662798353909465,0.3960148164693619,0.939016182725428,0.50293542074364,0.6252724842388603,0.50293542074364,0.50293542074364,0.50293542074364,0.5675899224792326
7,infgain,minmax,gaussian_noise,ADASYN,LogisticRegression,last,0.5,0.1,42,2026-06-03 05:50:40,20260603-054739,log/stroke_prediction_v7/7/infgain/gaussian_noise__ADASYN__minmax/LogisticRegression,1780436867126_ba5f39ad17804370400694783,0.6986301369863014,0.5444298476090382,0.7087654320987654,0.5021887651821862,0.9371720211058242,0.6986301369863014,0.7843055016360713,0.6986301369863014,0.6986301369863014,0.6986301369863014,0.6914629248986218
7,infgain,minmax,gaussian_noise,ADASYN,XGBmodel,first,0.1,0.1,42,2026-06-03 05:47:49,20260603-054739,log/stroke_prediction_v7/7/infgain/minmax__gaussian_noise__ADASYN/XGBmodel,1780436867126_ba5f39ad17804368697996674,0.6027397260273972,0.5338119899560576,0.6773251028806584,0.4488765865657923,0.9360358675369124,0.6027397260273972,0.7115836506094956,0.6027397260273972,0.6027397260273972,0.6027397260273972,0.6298822220246147
7,infgain,minmax,gaussian_noise,ADASYN,XGBmodel,first,0.2,0.1,42,2026-06-03 05:48:02,20260603-054739,log/stroke_prediction_v7/7/infgain/minmax__gaussian_noise__ADASYN/XGBmodel,1780436867126_ba5f39ad17804368820421780,0.6653620352250489,0.535137630077207,0.6723045267489712,0.4782756664775949,0.9327101517537308,0.6653620352250489,0.7601280063226153,0.6653620352250489,0.6653620352250489,0.6653620352250489,0.6659205958680418
7,infgain,minmax,gaussian_noise,ADASYN,XGBmodel,first,0.3,0.1,42,2026-06-03 05:48:14,20260603-054739,log/stroke_prediction_v7/7/infgain/minmax__gaussian_noise__ADASYN/XGBmodel,1780436867126_ba5f39ad17804368945197633,0.7084148727984344,0.5424660235952236,0.6949382716049384,0.5040999889277503,0.934786123506404,0.7084148727984344,0.7912620665630716,0.7084148727984344,0.7084148727984344,0.7084148727984344,0.6948892993136535
7,infgain,minmax,gaussian_noise,ADASYN,XGBmodel,first,0.5,0.1,42,2026-06-03 05:48:26,20260603-054739,log/stroke_prediction_v7/7/infgain/minmax__gaussian_noise__ADASYN/XGBmodel,1780436867126_ba5f39ad17804369065183705,0.8317025440313112,0.5553300193316764,0.6648971193415638,0.5619417862838915,0.9289597374739978,0.8317025440313112,0.872065749679304,0.8317025440313112,0.8317025440313112,0.8317025440313112,0.7627008356217274
7,infgain,minmax,gaussian_noise,ADASYN,XGBmodel,last,0.1,0.1,42,2026-06-03 05:50:08,20260603-054739,log/stroke_prediction_v7/7/infgain/gaussian_noise__ADASYN__minmax/XGBmodel,1780436867126_ba5f39ad17804370084812462,0.6066536203522505,0.5378217200251099,0.6983539094650206,0.4543063738902673,0.93948635357969,0.6066536203522505,0.7144251909975794,0.6066536203522505,0.6066536203522505,0.6066536203522505,0.6355373811810591
7,infgain,minmax,gaussian_noise,ADASYN,XGBmodel,last,0.2,0.1,42,2026-06-03 05:50:18,20260603-054739,log/stroke_prediction_v7/7/infgain/gaussian_noise__ADASYN__minmax/XGBmodel,1780436867126_ba5f39ad17804370189630256,0.6868884540117417,0.5460375551527175,0.7215637860082305,0.4988722173188192,0.9395664301467184,0.6868884540117417,0.7757907001157434,0.6868884540117417,0.6868884540117417,0.6868884540117417,0.6866715963506477
7,infgain,minmax,gaussian_noise,ADASYN,XGBmodel,last,0.3,0.1,42,2026-06-03 05:50:29,20260603-054739,log/stroke_prediction_v7/7/infgain/gaussian_noise__ADASYN__minmax/XGBmodel,1780436867126_ba5f39ad17804370294978458,0.7827788649706457,0.547549604489814,0.6771193415637861,0.5378655173256638,0.9307322514214872,0.7827788649706457,0.8413737250254937,0.7827788649706457,0.7827788649706457,0.7827788649706457,0.7355375520884406
7,infgain,minmax,gaussian_noise,ADASYN,XGBmodel,last,0.5,0.1,42,2026-06-03 05:50:39,20260603-054739,log/stroke_prediction_v7/7/infgain/gaussian_noise__ADASYN__minmax/XGBmodel,1780436867126_ba5f39ad17804370399707184,0.8610567514677103,0.5589036431733061,0.6423868312757202,0.5717590679996695,0.9264302471936766,0.8610567514677103,0.8892977158062572,0.8610567514677103,0.8610567514677103,0.8610567514677103,0.7763532903222433
7,infgain,minmax,gaussian_noise,ADASYN,random_forest,first,0.1,0.1,42,2026-06-03 05:47:49,20260603-054739,log/stroke_prediction_v7/7/infgain/minmax__gaussian_noise__ADASYN/random_forest,1780436867126_ba5f39ad17804368693584886,0.786692759295499,0.5346028418355462,0.6222633744855967,0.5228022378149605,0.9232765941734664,0.786692759295499,0.8429431072952981,0.786692759295499,0.786692759295499,0.7866927592954989,0.7275531865341992
7,infgain,minmax,gaussian_noise,ADASYN,random_forest,first,0.2,0.1,42,2026-06-03 05:48:01,20260603-054739,log/stroke_prediction_v7/7/infgain/minmax__gaussian_noise__ADASYN/random_forest,1780436867126_ba5f39ad17804368819321905,0.8649706457925636,0.554763273223651,0.6254732510288066,0.5665498801401437,0.9242867842165932,0.8649706457925636,0.8910120805311,0.8649706457925636,0.8649706457925636,0.8649706457925636,0.7750748832646169
7,infgain,minmax,gaussian_noise,ADASYN,random_forest,first,0.3,0.1,42,2026-06-03 05:48:14,20260603-054739,log/stroke_prediction_v7/7/infgain/minmax__gaussian_noise__ADASYN/random_forest,1780436867126_ba5f39ad17804368944093149,0.898238747553816,0.5662169174883238,0.6050205761316871,0.5788639533409409,0.9230049446682584,0.8982387475538159,0.9097218862221444,0.898238747553816,0.898238747553816,0.898238747553816,0.7920076187848161
7,infgain,minmax,gaussian_noise,ADASYN,random_forest,first,0.5,0.1,42,2026-06-03 05:48:26,20260603-054739,log/stroke_prediction_v7/7/infgain/minmax__gaussian_noise__ADASYN/random_forest,1780436867126_ba5f39ad17804369064115654,0.9158512720156556,0.5399127310061602,0.538395061728395,0.5391278813683746,0.9142273474324614,0.9158512720156556,0.9150358534211808,0.9158512720156556,0.9158512720156556,0.9158512720156556,0.7837185830413971
7,infgain,minmax,gaussian_noise,ADASYN,random_forest,last,0.1,0.1,42,2026-06-03 05:50:08,20260603-054739,log/stroke_prediction_v7/7/infgain/gaussian_noise__ADASYN__minmax/random_forest,1780436867126_ba5f39ad17804370083330480,0.7964774951076321,0.5323011670099049,0.6084362139917696,0.5227387024929951,0.9213915416202956,0.7964774951076321,0.8488203133336866,0.7964774951076321,0.7964774951076321,0.796477495107632,0.730537742679252
7,infgain,minmax,gaussian_noise,ADASYN,random_forest,last,0.2,0.1,42,2026-06-03 05:50:18,20260603-054739,log/stroke_prediction_v7/7/infgain/gaussian_noise__ADASYN__minmax/random_forest,1780436867126_ba5f39ad17804370188085337,0.8649706457925636,0.5326923076923078,0.568559670781893,0.5374109497382611,0.9166028687555108,0.8649706457925636,0.8885854145778737,0.8649706457925636,0.8649706457925636,0.8649706457925636,0.7616731976874167
7,infgain,minmax,gaussian_noise,ADASYN,random_forest,last,0.3,0.1,42,2026-06-03 05:50:29,20260603-054739,log/stroke_prediction_v7/7/infgain/gaussian_noise__ADASYN__minmax/random_forest,1780436867126_ba5f39ad17804370293533345,0.9119373776908024,0.5496894409937888,0.5553086419753086,0.5522518838717215,0.9167142735593344,0.9119373776908022,0.914293396209268,0.9119373776908024,0.9119373776908024,0.9119373776908022,0.7869279787413123
7,infgain,minmax,gaussian_noise,ADASYN,random_forest,last,0.5,0.1,42,2026-06-03 05:50:39,20260603-054739,log/stroke_prediction_v7/7/infgain/gaussian_noise__ADASYN__minmax/random_forest,1780436867126_ba5f39ad17804370397463561,0.9373776908023485,0.6121639784946236,0.5686831275720164,0.5837067209775968,0.9238552911221936,0.9373776908023485,0.9298687530141372,0.9373776908023485,0.9373776908023485,0.9373776908023485,0.8124576371385825
7,infgain,minmax,gaussian_noise,RandomOverSampler,BalancedRandomForest,first,0.1,0.1,42,2026-06-03 05:52:14,20260603-054739,log/stroke_prediction_v7/7/infgain/minmax__gaussian_noise__RandomOverSampler/BalancedRandomForest,1780436867126_ba5f39ad17804371346294257,0.8473581213307241,0.531968535699879,0.5782716049382717,0.5341514726507713,0.9176306019487374,0.8473581213307241,0.8787535371888576,0.8473581213307241,0.8473581213307241,0.8473581213307241,0.7536660742669226
7,infgain,minmax,gaussian_noise,RandomOverSampler,BalancedRandomForest,first,0.2,0.1,42,2026-06-03 05:52:21,20260603-054739,log/stroke_prediction_v7/7/infgain/minmax__gaussian_noise__RandomOverSampler/BalancedRandomForest,1780436867126_ba5f39ad17804371415988956,0.913894324853229,0.5654600085849191,0.5753086419753086,0.5698653198653199,0.9200476902619408,0.9138943248532287,0.9169055196452456,0.913894324853229,0.913894324853229,0.913894324853229,0.794654989950093
7,infgain,minmax,gaussian_noise,RandomOverSampler,BalancedRandomForest,first,0.3,0.1,42,2026-06-03 05:52:28,20260603-054739,log/stroke_prediction_v7/7/infgain/minmax__gaussian_noise__RandomOverSampler/BalancedRandomForest,1780436867126_ba5f39ad17804371485308546,0.9354207436399216,0.6037878787878788,0.5676543209876543,0.5807414037443127,0.9229585483010142,0.9354207436399216,0.9286290115993676,0.9354207436399216,0.9354207436399216,0.9354207436399216,0.8100139345651751
7,infgain,minmax,gaussian_noise,RandomOverSampler,BalancedRandomForest,first,0.5,0.1,42,2026-06-03 05:52:35,20260603-054739,log/stroke_prediction_v7/7/infgain/minmax__gaussian_noise__RandomOverSampler/BalancedRandomForest,1780436867126_ba5f39ad17804371556655014,0.9471624266144814,0.6438943894389438,0.5358847736625514,0.5508935256013802,0.92406786666925,0.9471624266144812,0.9314767826160464,0.9471624266144814,0.9471624266144814,0.9471624266144814,0.8116052198554807
7,infgain,minmax,gaussian_noise,RandomOverSampler,BalancedRandomForest,last,0.1,0.1,42,2026-06-03 05:53:35,20260603-054739,log/stroke_prediction_v7/7/infgain/gaussian_noise__RandomOverSampler__minmax/BalancedRandomForest,1780436867126_ba5f39ad17804372155379375,0.863013698630137,0.5466848816029144,0.6054732510288066,0.5556300934207911,0.9215629912418594,0.863013698630137,0.8890508981302228,0.863013698630137,0.863013698630137,0.863013698630137,0.7692797405720648
7,infgain,minmax,gaussian_noise,RandomOverSampler,BalancedRandomForest,last,0.2,0.1,42,2026-06-03 05:53:42,20260603-054739,log/stroke_prediction_v7/7/infgain/gaussian_noise__RandomOverSampler__minmax/BalancedRandomForest,1780436867126_ba5f39ad17804372220244679,0.9119373776908024,0.5625433125433125,0.5742798353909465,0.5676412522327724,0.919684474478995,0.9119373776908024,0.9157125545050352,0.9119373776908024,0.9119373776908024,0.9119373776908022,0.7929287843283173
7,infgain,minmax,gaussian_noise,RandomOverSampler,BalancedRandomForest,last,0.3,0.1,42,2026-06-03 05:53:48,20260603-054739,log/stroke_prediction_v7/7/infgain/gaussian_noise__RandomOverSampler__minmax/BalancedRandomForest,1780436867126_ba5f39ad17804372285862286,0.9373776908023485,0.6121639784946236,0.5686831275720164,0.5837067209775968,0.9238552911221936,0.9373776908023485,0.9298687530141372,0.9373776908023485,0.9373776908023485,0.9373776908023485,0.8124576371385825
7,infgain,minmax,gaussian_noise,RandomOverSampler,BalancedRandomForest,last,0.5,0.1,42,2026-06-03 05:53:55,20260603-054739,log/stroke_prediction_v7/7/infgain/gaussian_noise__RandomOverSampler__minmax/BalancedRandomForest,1780436867126_ba5f39ad17804372350926097,0.9530332681017613,0.7782608695652173,0.5579423868312758,0.5879032258064516,0.9390793839870673,0.9530332681017614,0.937851145761,0.9530332681017613,0.9530332681017613,0.9530332681017613,0.8376047270141781
7,infgain,minmax,gaussian_noise,RandomOverSampler,GradientBoosting,first,0.1,0.1,42,2026-06-03 05:52:10,20260603-054739,log/stroke_prediction_v7/7/infgain/minmax__gaussian_noise__RandomOverSampler/GradientBoosting,1780436867126_ba5f39ad17804371305626982,0.5303326810176126,0.5329820153803732,0.677201646090535,0.4123059229442207,0.9400963957912596,0.5303326810176126,0.6499056411618347,0.5303326810176126,0.5303326810176126,0.5303326810176126,0.5864928127491701
7,infgain,minmax,gaussian_noise,RandomOverSampler,GradientBoosting,first,0.2,0.1,42,2026-06-03 05:52:17,20260603-054739,log/stroke_prediction_v7/7/infgain/minmax__gaussian_noise__RandomOverSampler/GradientBoosting,1780436867126_ba5f39ad17804371373728837,0.589041095890411,0.5357031857031855,0.6890946502057613,0.4439896373056995,0.9387978840033632,0.589041095890411,0.7001916388672014,0.589041095890411,0.589041095890411,0.589041095890411,0.6236032017733304
7,infgain,minmax,gaussian_noise,RandomOverSampler,GradientBoosting,first,0.3,0.1,42,2026-06-03 05:52:24,20260603-054739,log/stroke_prediction_v7/7/infgain/minmax__gaussian_noise__RandomOverSampler/GradientBoosting,1780436867126_ba5f39ad17804371443282242,0.6712328767123288,0.5397371609342397,0.6943621399176955,0.4855458075650798,0.935943206513972,0.6712328767123288,0.7643788332226753,0.6712328767123288,0.6712328767123288,0.6712328767123288,0.6729860975396854
7,infgain,minmax,gaussian_noise,RandomOverSampler,GradientBoosting,first,0.5,0.1,42,2026-06-03 05:52:31,20260603-054739,log/stroke_prediction_v7/7/infgain/minmax__gaussian_noise__RandomOverSampler/GradientBoosting,1780436867126_ba5f39ad17804371514516789,0.812133072407045,0.5666404911479155,0.7304938271604938,0.5713087248322148,0.9376964910182718,0.812133072407045,0.8611782397982638,0.812133072407045,0.812133072407045,0.812133072407045,0.7632093545900577
7,infgain,minmax,gaussian_noise,RandomOverSampler,GradientBoosting,last,0.1,0.1,42,2026-06-03 05:53:31,20260603-054739,log/stroke_prediction_v7/7/infgain/gaussian_noise__RandomOverSampler__minmax/GradientBoosting,1780436867126_ba5f39ad17804372116501504,0.4598825831702544,0.5303436911487759,0.6591358024691358,0.3721688034188034,0.9415154731500216,0.4598825831702544,0.5838758843895829,0.4598825831702544,0.4598825831702544,0.4598825831702544,0.540459233116153
7,infgain,minmax,gaussian_noise,RandomOverSampler,GradientBoosting,last,0.2,0.1,42,2026-06-03 05:53:38,20260603-054739,log/stroke_prediction_v7/7/infgain/gaussian_noise__RandomOverSampler__minmax/GradientBoosting,1780436867126_ba5f39ad17804372181001818,0.5714285714285714,0.530195587690026,0.6608641975308642,0.4307927061875334,0.9346297473383124,0.5714285714285714,0.6860412647549292,0.5714285714285714,0.5714285714285714,0.5714285714285714,0.6086654774687181
7,infgain,minmax,gaussian_noise,RandomOverSampler,GradientBoosting,last,0.3,0.1,42,2026-06-03 05:53:44,20260603-054739,log/stroke_prediction_v7/7/infgain/gaussian_noise__RandomOverSampler__minmax/GradientBoosting,1780436867126_ba5f39ad17804372246076584,0.6575342465753424,0.5376178660049628,0.6871604938271605,0.4774165648868345,0.9353261497671572,0.6575342465753424,0.7541974024148418,0.6575342465753424,0.6575342465753424,0.6575342465753424,0.6637662446853163
7,infgain,minmax,gaussian_noise,RandomOverSampler,GradientBoosting,last,0.5,0.1,42,2026-06-03 05:53:51,20260603-054739,log/stroke_prediction_v7/7/infgain/gaussian_noise__RandomOverSampler__minmax/GradientBoosting,1780436867126_ba5f39ad17804372311435068,0.8317025440313112,0.5705128205128205,0.7218106995884774,0.5818489761741645,0.9364959893335626,0.8317025440313112,0.8734502287871889,0.8317025440313112,0.8317025440313112,0.8317025440313112,0.7738578493002134
7,infgain,minmax,gaussian_noise,RandomOverSampler,LogisticRegression,first,0.1,0.1,42,2026-06-03 05:52:09,20260603-054739,log/stroke_prediction_v7/7/infgain/minmax__gaussian_noise__RandomOverSampler/LogisticRegression,1780436867126_ba5f39ad17804371290936720,0.0998043052837573,0.5257731958762887,0.5267489711934156,0.0998008578431372,0.953598160066173,0.0998043052837572,0.1013901279689958,0.0998043052837573,0.0998043052837573,0.0998043052837573,0.2707124026989105
7,infgain,minmax,gaussian_noise,RandomOverSampler,LogisticRegression,first,0.2,0.1,42,2026-06-03 05:52:15,20260603-054739,log/stroke_prediction_v7/7/infgain/minmax__gaussian_noise__RandomOverSampler/LogisticRegression,1780436867126_ba5f39ad17804371358926715,0.3737769080234833,0.536231884057971,0.6707818930041152,0.3221687945614325,0.9546215150741656,0.3737769080234833,0.4909017045331021,0.3737769080234833,0.3737769080234833,0.3737769080234833,0.4876348672871985
7,infgain,minmax,gaussian_noise,RandomOverSampler,LogisticRegression,first,0.3,0.1,42,2026-06-03 05:52:22,20260603-054739,log/stroke_prediction_v7/7/infgain/minmax__gaussian_noise__RandomOverSampler/LogisticRegression,1780436867126_ba5f39ad17804371428570500,0.538160469667319,0.5337500383000887,0.6813168724279834,0.4169374178076893,0.9403918103587064,0.538160469667319,0.6567821684827506,0.538160469667319,0.538160469667319,0.538160469667319,0.5918679979191713
7,infgain,minmax,gaussian_noise,RandomOverSampler,LogisticRegression,first,0.5,0.1,42,2026-06-03 05:52:29,20260603-054739,log/stroke_prediction_v7/7/infgain/minmax__gaussian_noise__RandomOverSampler/LogisticRegression,1780436867126_ba5f39ad17804371497973323,0.7279843444227005,0.5541434540389971,0.7431687242798354,0.5250961120583024,0.9412963548452158,0.7279843444227005,0.8051304687049718,0.7279843444227005,0.7279843444227005,0.7279843444227005,0.7145885781999761
7,infgain,minmax,gaussian_noise,RandomOverSampler,LogisticRegression,last,0.1,0.1,42,2026-06-03 05:53:30,20260603-054739,log/stroke_prediction_v7/7/infgain/gaussian_noise__RandomOverSampler__minmax/LogisticRegression,1780436867126_ba5f39ad17804372102767230,0.1037181996086105,0.525879917184265,0.5288065843621399,0.103687306596403,0.9536086024642138,0.1037181996086105,0.1084345328056208,0.1037181996086105,0.1037181996086105,0.1037181996086105,0.2741350661548096
7,infgain,minmax,gaussian_noise,RandomOverSampler,LogisticRegression,last,0.2,0.1,42,2026-06-03 05:53:36,20260603-054739,log/stroke_prediction_v7/7/infgain/gaussian_noise__RandomOverSampler__minmax/LogisticRegression,1780436867126_ba5f39ad17804372167307052,0.3639921722113503,0.5271763881590472,0.6276954732510288,0.3123786337419934,0.942800275186054,0.3639921722113503,0.4823346425589471,0.3639921722113503,0.3639921722113503,0.3639921722113503,0.4745710739892941
7,infgain,minmax,gaussian_noise,RandomOverSampler,LogisticRegression,last,0.3,0.1,42,2026-06-03 05:53:43,20260603-054739,log/stroke_prediction_v7/7/infgain/gaussian_noise__RandomOverSampler__minmax/LogisticRegression,1780436867126_ba5f39ad17804372232426102,0.5557729941291585,0.5285132226322262,0.6526337448559671,0.4217641634056977,0.9338924052156372,0.5557729941291585,0.6728945331760855,0.5557729941291585,0.5557729941291585,0.5557729941291585,0.5980119394093137
7,infgain,minmax,gaussian_noise,RandomOverSampler,LogisticRegression,last,0.5,0.1,42,2026-06-03 05:53:49,20260603-054739,log/stroke_prediction_v7/7/infgain/gaussian_noise__RandomOverSampler__minmax/LogisticRegression,1780436867126_ba5f39ad17804372297777164,0.7181996086105675,0.552034977868941,0.7380246913580246,0.5186813186813187,0.9408770833100062,0.7181996086105675,0.7982495000107525,0.7181996086105675,0.7181996086105675,0.7181996086105675,0.7079131415017348
7,infgain,minmax,gaussian_noise,RandomOverSampler,XGBmodel,first,0.1,0.1,42,2026-06-03 05:52:08,20260603-054739,log/stroke_prediction_v7/7/infgain/minmax__gaussian_noise__RandomOverSampler/XGBmodel,1780436867126_ba5f39ad17804371289971257,0.5264187866927593,0.5290679861515364,0.6561728395061729,0.4074084723020893,0.9361616363169676,0.5264187866927593,0.6469881881715167,0.5264187866927593,0.5264187866927593,0.5264187866927593,0.5808672599456123
7,infgain,minmax,gaussian_noise,RandomOverSampler,XGBmodel,first,0.2,0.1,42,2026-06-03 05:52:15,20260603-054739,log/stroke_prediction_v7/7/infgain/minmax__gaussian_noise__RandomOverSampler/XGBmodel,1780436867126_ba5f39ad17804371357909458,0.6223091976516634,0.5433554817275749,0.7255555555555555,0.4667441671848387,0.9433298008594964,0.6223091976516634,0.7265828593776148,0.6223091976516634,0.6223091976516634,0.6223091976516634,0.6491468168592959
7,infgain,minmax,gaussian_noise,RandomOverSampler,XGBmodel,first,0.3,0.1,42,2026-06-03 05:52:22,20260603-054739,log/stroke_prediction_v7/7/infgain/minmax__gaussian_noise__RandomOverSampler/XGBmodel,1780436867126_ba5f39ad17804371427526866,0.6908023483365949,0.5430205197411675,0.7046502057613169,0.4973728771353155,0.936820652587942,0.6908023483365949,0.7786693636456935,0.6908023483365949,0.6908023483365949,0.6908023483365949,0.6861764132608318
7,infgain,minmax,gaussian_noise,RandomOverSampler,XGBmodel,first,0.5,0.1,42,2026-06-03 05:52:29,20260603-054739,log/stroke_prediction_v7/7/infgain/minmax__gaussian_noise__RandomOverSampler/XGBmodel,1780436867126_ba5f39ad17804371496955173,0.8238747553816047,0.5520128867351828,0.6607818930041152,0.555703686529098,0.9283742123988478,0.8238747553816047,0.8671063634585829,0.8238747553816047,0.8238747553816047,0.8238747553816048,0.7570883088646084
7,infgain,minmax,gaussian_noise,RandomOverSampler,XGBmodel,last,0.1,0.1,42,2026-06-03 05:53:30,20260603-054739,log/stroke_prediction_v7/7/infgain/gaussian_noise__RandomOverSampler__minmax/XGBmodel,1780436867126_ba5f39ad17804372101577829,0.5342465753424658,0.5368960446092098,0.6982304526748971,0.4172033735863523,0.9440311552655514,0.5342465753424658,0.6528230941521527,0.5342465753424658,0.5342465753424658,0.5342465753424658,0.5921183655527277
7,infgain,minmax,gaussian_noise,RandomOverSampler,XGBmodel,last,0.2,0.1,42,2026-06-03 05:53:36,20260603-054739,log/stroke_prediction_v7/7/infgain/gaussian_noise__RandomOverSampler__minmax/XGBmodel,1780436867126_ba5f39ad17804372166280832,0.6125244618395304,0.5385590950625453,0.7014403292181071,0.4577581032412965,0.9397124372294878,0.6125244618395304,0.7191034926690834,0.6125244618395304,0.6125244618395304,0.6125244618395304,0.639510210273383
7,infgain,minmax,gaussian_noise,RandomOverSampler,XGBmodel,last,0.3,0.1,42,2026-06-03 05:53:43,20260603-054739,log/stroke_prediction_v7/7/infgain/gaussian_noise__RandomOverSampler__minmax/XGBmodel,1780436867126_ba5f39ad17804372231351393,0.6634050880626223,0.5385095961615354,0.6902469135802469,0.4808873558873558,0.935591125584991,0.6634050880626223,0.7585793510451045,0.6634050880626223,0.6634050880626223,0.6634050880626223,0.6677168047975952
7,infgain,minmax,gaussian_noise,RandomOverSampler,XGBmodel,last,0.5,0.1,42,2026-06-03 05:53:49,20260603-054739,log/stroke_prediction_v7/7/infgain/gaussian_noise__RandomOverSampler__minmax/XGBmodel,1780436867126_ba5f39ad17804372296691004,0.8277886497064579,0.5588156983864955,0.6818106995884774,0.5655769379395625,0.9311776520156324,0.8277886497064579,0.8700595553817259,0.8277886497064579,0.8277886497064579,0.8277886497064578,0.7636413388798369
7,infgain,minmax,gaussian_noise,RandomOverSampler,random_forest,first,0.1,0.1,42,2026-06-03 05:52:08,20260603-054739,log/stroke_prediction_v7/7/infgain/minmax__gaussian_noise__RandomOverSampler/random_forest,1780436867126_ba5f39ad17804371288886410,0.8493150684931506,0.5461451247165533,0.6172427983539095,0.5532050190200419,0.9228603378729184,0.8493150684931506,0.8813462036525014,0.8493150684931506,0.8493150684931506,0.8493150684931505,0.7635335368924797
7,infgain,minmax,gaussian_noise,RandomOverSampler,random_forest,first,0.2,0.1,42,2026-06-03 05:52:15,20260603-054739,log/stroke_prediction_v7/7/infgain/minmax__gaussian_noise__RandomOverSampler/random_forest,1780436867126_ba5f39ad17804371356780022,0.913894324853229,0.5769825268817205,0.5942798353909464,0.5843685300207039,0.9228986490751848,0.913894324853229,0.9182397199499216,0.913894324853229,0.913894324853229,0.913894324853229,0.8003650685716703
7,infgain,minmax,gaussian_noise,RandomOverSampler,random_forest,first,0.3,0.1,42,2026-06-03 05:52:22,20260603-054739,log/stroke_prediction_v7/7/infgain/minmax__gaussian_noise__RandomOverSampler/random_forest,1780436867126_ba5f39ad17804371426492413,0.9315068493150684,0.5898129366689204,0.56559670781893,0.5751478727700311,0.9214358708370768,0.9315068493150684,0.9261766936829846,0.9315068493150684,0.9315068493150684,0.9315068493150684,0.8054859762264723
7,infgain,minmax,gaussian_noise,RandomOverSampler,random_forest,first,0.5,0.1,42,2026-06-03 05:52:29,20260603-054739,log/stroke_prediction_v7/7/infgain/minmax__gaussian_noise__RandomOverSampler/random_forest,1780436867126_ba5f39ad17804371495902731,0.9530332681017613,0.7782608695652173,0.5579423868312758,0.5879032258064516,0.9390793839870673,0.9530332681017614,0.937851145761,0.9530332681017613,0.9530332681017613,0.9530332681017613,0.8376047270141781
7,infgain,minmax,gaussian_noise,RandomOverSampler,random_forest,last,0.1,0.1,42,2026-06-03 05:53:30,20260603-054739,log/stroke_prediction_v7/7/infgain/gaussian_noise__RandomOverSampler__minmax/random_forest,1780436867126_ba5f39ad17804372100486027,0.8551859099804305,0.5424801655743359,0.601358024691358,0.5491893180734382,0.9208459088058571,0.8551859099804305,0.8842592203753943,0.8551859099804305,0.8551859099804305,0.8551859099804305,0.763560054666652
7,infgain,minmax,gaussian_noise,RandomOverSampler,random_forest,last,0.2,0.1,42,2026-06-03 05:53:36,20260603-054739,log/stroke_prediction_v7/7/infgain/gaussian_noise__RandomOverSampler__minmax/random_forest,1780436867126_ba5f39ad17804372165191192,0.9158512720156556,0.5685817805383022,0.5763374485596708,0.5721518001440894,0.9204306499252471,0.9158512720156556,0.9181025785999672,0.9158512720156556,0.9158512720156556,0.9158512720156556,0.7964136535201926
7,infgain,minmax,gaussian_noise,RandomOverSampler,random_forest,last,0.3,0.1,42,2026-06-03 05:53:43,20260603-054739,log/stroke_prediction_v7/7/infgain/gaussian_noise__RandomOverSampler__minmax/random_forest,1780436867126_ba5f39ad17804372230204484,0.929549902152642,0.5839216944801026,0.5645679012345679,0.5725041829336307,0.9207813218311396,0.929549902152642,0.9249625909849456,0.929549902152642,0.929549902152642,0.929549902152642,0.8033670687034241
7,infgain,minmax,gaussian_noise,RandomOverSampler,random_forest,last,0.5,0.1,42,2026-06-03 05:53:49,20260603-054739,log/stroke_prediction_v7/7/infgain/gaussian_noise__RandomOverSampler__minmax/random_forest,1780436867126_ba5f39ad17804372295659330,0.9510763209393346,0.7273175542406312,0.5379423868312758,0.5563774004236552,0.9323926863442143,0.9510763209393348,0.9338798949417636,0.9510763209393346,0.9510763209393346,0.9510763209393346,0.8237343854221587
7,infgain,minmax,gaussian_noise,noImbl,BalancedRandomForest,first,0.1,0.1,42,2026-06-03 05:54:48,20260603-054739,log/stroke_prediction_v7/7/infgain/minmax__gaussian_noise__noImbl/BalancedRandomForest,1780436867126_ba5f39ad17804372880463263,0.4892367906066536,0.5291860931855374,0.65559670781893,0.3878048444621931,0.9384445040492136,0.4892367906066536,0.6126131481765984,0.4892367906066536,0.4892367906066536,0.4892367906066536,0.5580801456438481
7,infgain,minmax,gaussian_noise,noImbl,BalancedRandomForest,first,0.2,0.1,42,2026-06-03 05:54:50,20260603-054739,log/stroke_prediction_v7/7/infgain/minmax__gaussian_noise__noImbl/BalancedRandomForest,1780436867126_ba5f39ad17804372906850561,0.6594911937377691,0.541542879778174,0.7071604938271605,0.4822152341020265,0.9384346515692206,0.6594911937377691,0.7555403758815493,0.6594911937377691,0.6594911937377691,0.6594911937377691,0.6681736215100994
7,infgain,minmax,gaussian_noise,noImbl,BalancedRandomForest,first,0.3,0.1,42,2026-06-03 05:54:53,20260603-054739,log/stroke_prediction_v7/7/infgain/minmax__gaussian_noise__noImbl/BalancedRandomForest,1780436867126_ba5f39ad17804372933008842,0.7534246575342466,0.5523246650906226,0.7186008230452675,0.5331641531322505,0.9370014141217872,0.7534246575342466,0.8224521660362966,0.7534246575342466,0.7534246575342466,0.7534246575342466,0.7255050011147484
7,infgain,minmax,gaussian_noise,noImbl,BalancedRandomForest,first,0.5,0.1,42,2026-06-03 05:54:55,20260603-054739,log/stroke_prediction_v7/7/infgain/minmax__gaussian_noise__noImbl/BalancedRandomForest,1780436867126_ba5f39ad17804372959034789,0.8806262230919765,0.5728021978021978,0.6526748971193417,0.5910444628120859,0.9284585277735964,0.8806262230919766,0.9015030476702942,0.8806262230919765,0.8806262230919765,0.8806262230919764,0.791526178078661
7,infgain,minmax,gaussian_noise,noImbl,BalancedRandomForest,last,0.1,0.1,42,2026-06-03 05:55:19,20260603-054739,log/stroke_prediction_v7/7/infgain/gaussian_noise__noImbl__minmax/BalancedRandomForest,1780436867126_ba5f39ad17804373195753642,0.4755381604696673,0.527992547741034,0.648395061728395,0.3795396882928596,0.9378480143867974,0.4755381604696673,0.5997152886585726,0.4755381604696673,0.4755381604696673,0.4755381604696673,0.5485270731162043
7,infgain,minmax,gaussian_noise,noImbl,BalancedRandomForest,last,0.2,0.1,42,2026-06-03 05:55:22,20260603-054739,log/stroke_prediction_v7/7/infgain/gaussian_noise__noImbl__minmax/BalancedRandomForest,1780436867126_ba5f39ad17804373220770250,0.6594911937377691,0.541542879778174,0.7071604938271605,0.4822152341020265,0.9384346515692206,0.6594911937377691,0.7555403758815493,0.6594911937377691,0.6594911937377691,0.6594911937377691,0.6681736215100994
7,infgain,minmax,gaussian_noise,noImbl,BalancedRandomForest,last,0.3,0.1,42,2026-06-03 05:55:24,20260603-054739,log/stroke_prediction_v7/7/infgain/gaussian_noise__noImbl__minmax/BalancedRandomForest,1780436867126_ba5f39ad17804373246439378,0.7632093933463796,0.5507506527415145,0.7047736625514404,0.5349549102341359,0.9348427288938396,0.7632093933463796,0.8288803759177794,0.7632093933463796,0.7632093933463796,0.7632093933463796,0.7288957546800184
7,infgain,minmax,gaussian_noise,noImbl,BalancedRandomForest,last,0.5,0.1,42,2026-06-03 05:55:27,20260603-054739,log/stroke_prediction_v7/7/infgain/gaussian_noise__noImbl__minmax/BalancedRandomForest,1780436867126_ba5f39ad17804373271877906,0.8786692759295499,0.564274322169059,0.6326748971193417,0.5795912951167728,0.9257109148962068,0.87866927592955,0.8994867687935483,0.8786692759295499,0.8786692759295499,0.87866927592955,0.7855954333768287
7,infgain,minmax,gaussian_noise,noImbl,GradientBoosting,first,0.1,0.1,42,2026-06-03 05:54:47,20260603-054739,log/stroke_prediction_v7/7/infgain/minmax__gaussian_noise__noImbl/GradientBoosting,1780436867126_ba5f39ad17804372874368897,0.863013698630137,0.5722506393861893,0.681358024691358,0.5899440572267057,0.9316119538941244,0.863013698630137,0.8918268022794198,0.863013698630137,0.863013698630137,0.863013698630137,0.7859931701751408
7,infgain,minmax,gaussian_noise,noImbl,GradientBoosting,first,0.2,0.1,42,2026-06-03 05:54:50,20260603-054739,log/stroke_prediction_v7/7/infgain/minmax__gaussian_noise__noImbl/GradientBoosting,1780436867126_ba5f39ad17804372900728988,0.929549902152642,0.5986394557823128,0.5835390946502058,0.5902530292230934,0.9239053742827854,0.929549902152642,0.9266312193747532,0.929549902152642,0.929549902152642,0.929549902152642,0.809960990622264
7,infgain,minmax,gaussian_noise,noImbl,GradientBoosting,first,0.3,0.1,42,2026-06-03 05:54:52,20260603-054739,log/stroke_prediction_v7/7/infgain/minmax__gaussian_noise__noImbl/GradientBoosting,1780436867126_ba5f39ad17804372926940481,0.943248532289628,0.6280439121756487,0.552798353909465,0.5710233029381965,0.9239895941971242,0.943248532289628,0.9315187456504024,0.943248532289628,0.943248532289628,0.943248532289628,0.8131639062323648
7,infgain,minmax,gaussian_noise,noImbl,GradientBoosting,first,0.5,0.1,42,2026-06-03 05:54:55,20260603-054739,log/stroke_prediction_v7/7/infgain/minmax__gaussian_noise__noImbl/GradientBoosting,1780436867126_ba5f39ad17804372952932113,0.9471624266144814,0.475442043222004,0.4979423868312758,0.4864321608040201,0.9043633385749272,0.9471624266144816,0.9252682197681164,0.9471624266144814,0.9471624266144814,0.9471624266144814,0.7783948045944336
7,infgain,minmax,gaussian_noise,noImbl,GradientBoosting,last,0.1,0.1,42,2026-06-03 05:55:18,20260603-054739,log/stroke_prediction_v7/7/infgain/gaussian_noise__noImbl__minmax/GradientBoosting,1780436867126_ba5f39ad17804373189791518,0.8571428571428571,0.5565993891913424,0.640329218106996,0.5682373230551987,0.926067492459738,0.8571428571428571,0.8868628044293866,0.8571428571428571,0.8571428571428571,0.8571428571428571,0.773421771955638
7,infgain,minmax,gaussian_noise,noImbl,GradientBoosting,last,0.2,0.1,42,2026-06-03 05:55:21,20260603-054739,log/stroke_prediction_v7/7/infgain/gaussian_noise__noImbl__minmax/GradientBoosting,1780436867126_ba5f39ad17804373214680743,0.929549902152642,0.6109675694939416,0.6025102880658436,0.6065195071868583,0.9268094089684812,0.929549902152642,0.9281545224767638,0.929549902152642,0.929549902152642,0.929549902152642,0.8160497919634266
7,infgain,minmax,gaussian_noise,noImbl,GradientBoosting,last,0.3,0.1,42,2026-06-03 05:55:23,20260603-054739,log/stroke_prediction_v7/7/infgain/gaussian_noise__noImbl__minmax/GradientBoosting,1780436867126_ba5f39ad17804373239932114,0.9393346379647748,0.6029559118236472,0.5507407407407408,0.565345040471944,0.9213760201420452,0.939334637964775,0.9290775392993598,0.9393346379647748,0.9393346379647748,0.9393346379647748,0.8074045094222487
7,infgain,minmax,gaussian_noise,noImbl,GradientBoosting,last,0.5,0.1,42,2026-06-03 05:55:26,20260603-054739,log/stroke_prediction_v7/7/infgain/gaussian_noise__noImbl__minmax/GradientBoosting,1780436867126_ba5f39ad17804373265724085,0.943248532289628,0.5595709570957095,0.5148559670781893,0.5176263793496305,0.9140306007117346,0.943248532289628,0.9264009887357532,0.943248532289628,0.943248532289628,0.943248532289628,0.792749270617222
7,infgain,minmax,gaussian_noise,noImbl,LogisticRegression,first,0.1,0.1,42,2026-06-03 05:54:46,20260603-054739,log/stroke_prediction_v7/7/infgain/minmax__gaussian_noise__noImbl/LogisticRegression,1780436867126_ba5f39ad17804372864117411,0.8590998043052838,0.5753424657534246,0.6982716049382716,0.5936920222634509,0.933731871431252,0.8590998043052838,0.8899462293367801,0.8590998043052838,0.8590998043052838,0.8590998043052838,0.7869202536744427
7,infgain,minmax,gaussian_noise,noImbl,LogisticRegression,first,0.2,0.1,42,2026-06-03 05:54:49,20260603-054739,log/stroke_prediction_v7/7/infgain/minmax__gaussian_noise__noImbl/LogisticRegression,1780436867126_ba5f39ad17804372890520099,0.9373776908023485,0.6268159085496546,0.5876543209876544,0.6027210884353742,0.9269605241020484,0.9373776908023485,0.9316692626169844,0.9373776908023485,0.9373776908023485,0.9373776908023485,0.8192527043427286
7,infgain,minmax,gaussian_noise,noImbl,LogisticRegression,first,0.3,0.1,42,2026-06-03 05:54:51,20260603-054739,log/stroke_prediction_v7/7/infgain/minmax__gaussian_noise__noImbl/LogisticRegression,1780436867126_ba5f39ad17804372916677868,0.9510763209393346,0.7264243614931238,0.5189711934156378,0.5244742229666852,0.9306936973998362,0.9510763209393344,0.9308039071927005,0.9510763209393346,0.9510763209393346,0.9510763209393346,0.8163311731305013
7,infgain,minmax,gaussian_noise,noImbl,LogisticRegression,first,0.5,0.1,42,2026-06-03 05:54:54,20260603-054739,log/stroke_prediction_v7/7/infgain/minmax__gaussian_noise__noImbl/LogisticRegression,1780436867126_ba5f39ad17804372942726759,0.9510763209393346,0.4755381604696673,0.5,0.4874623871614844,0.9045461682515002,0.9510763209393346,0.9272278675557002,0.9510763209393346,0.9510763209393346,0.9510763209393346,0.7806424994554282
7,infgain,minmax,gaussian_noise,noImbl,LogisticRegression,last,0.1,0.1,42,2026-06-03 05:55:18,20260603-054739,log/stroke_prediction_v7/7/infgain/gaussian_noise__noImbl__minmax/LogisticRegression,1780436867126_ba5f39ad17804373180321185,0.8551859099804305,0.5782362798491831,0.7151851851851851,0.5970375106564365,0.9358659142763682,0.8551859099804305,0.8880067333663663,0.8551859099804305,0.8551859099804305,0.8551859099804305,0.787759738526666
7,infgain,minmax,gaussian_noise,noImbl,LogisticRegression,last,0.2,0.1,42,2026-06-03 05:55:20,20260603-054739,log/stroke_prediction_v7/7/infgain/gaussian_noise__noImbl__minmax/LogisticRegression,1780436867126_ba5f39ad17804373205228131,0.9275929549902152,0.5931864658858524,0.5825102880658436,0.5874086197490452,0.923296511875384,0.9275929549902152,0.9253934873054664,0.9275929549902152,0.9275929549902152,0.9275929549902152,0.8078568246369706
7,infgain,minmax,gaussian_noise,noImbl,LogisticRegression,last,0.3,0.1,42,2026-06-03 05:55:23,20260603-054739,log/stroke_prediction_v7/7/infgain/gaussian_noise__noImbl__minmax/LogisticRegression,1780436867126_ba5f39ad17804373230500688,0.9510763209393346,0.7264243614931238,0.5189711934156378,0.5244742229666852,0.9306936973998362,0.9510763209393344,0.9308039071927005,0.9510763209393346,0.9510763209393346,0.9510763209393346,0.8163311731305013
7,infgain,minmax,gaussian_noise,noImbl,LogisticRegression,last,0.5,0.1,42,2026-06-03 05:55:25,20260603-054739,log/stroke_prediction_v7/7/infgain/gaussian_noise__noImbl__minmax/LogisticRegression,1780436867126_ba5f39ad17804373256279396,0.9510763209393346,0.4755381604696673,0.5,0.4874623871614844,0.9045461682515002,0.9510763209393346,0.9272278675557002,0.9510763209393346,0.9510763209393346,0.9510763209393346,0.7806424994554282
7,infgain,minmax,gaussian_noise,noImbl,XGBmodel,first,0.1,0.1,42,2026-06-03 05:54:46,20260603-054739,log/stroke_prediction_v7/7/infgain/minmax__gaussian_noise__noImbl/XGBmodel,1780436867126_ba5f39ad17804372863223060,0.8806262230919765,0.5658278628738147,0.6337037037037037,0.581580466327503,0.9259321905675432,0.8806262230919765,0.9007010539858878,0.8806262230919765,0.8806262230919765,0.8806262230919764,0.7871390929983052
7,infgain,minmax,gaussian_noise,noImbl,XGBmodel,first,0.2,0.1,42,2026-06-03 05:54:48,20260603-054739,log/stroke_prediction_v7/7/infgain/minmax__gaussian_noise__noImbl/XGBmodel,1780436867126_ba5f39ad17804372889683572,0.9315068493150684,0.604633401221996,0.5845679012345679,0.5931991356761059,0.9245668610328376,0.9315068493150684,0.9278769382245216,0.9315068493150684,0.9315068493150684,0.9315068493150684,0.8121409671600616
7,infgain,minmax,gaussian_noise,noImbl,XGBmodel,first,0.3,0.1,42,2026-06-03 05:54:51,20260603-054739,log/stroke_prediction_v7/7/infgain/minmax__gaussian_noise__noImbl/XGBmodel,1780436867126_ba5f39ad17804372915835368,0.9412915851272016,0.6143636363636363,0.5517695473251027,0.5681203515889113,0.9225717843800036,0.9412915851272016,0.9302928540334412,0.9412915851272016,0.9412915851272016,0.9412915851272016,0.8101491117011077
7,infgain,minmax,gaussian_noise,noImbl,XGBmodel,first,0.5,0.1,42,2026-06-03 05:54:54,20260603-054739,log/stroke_prediction_v7/7/infgain/minmax__gaussian_noise__noImbl/XGBmodel,1780436867126_ba5f39ad17804372941863153,0.9510763209393346,0.7264243614931238,0.5189711934156378,0.5244742229666852,0.9306936973998362,0.9510763209393344,0.9308039071927005,0.9510763209393346,0.9510763209393346,0.9510763209393346,0.8163311731305013
7,infgain,minmax,gaussian_noise,noImbl,XGBmodel,last,0.1,0.1,42,2026-06-03 05:55:17,20260603-054739,log/stroke_prediction_v7/7/infgain/gaussian_noise__noImbl__minmax/XGBmodel,1780436867126_ba5f39ad17804373179445759,0.863013698630137,0.5601069334253191,0.6434156378600824,0.5735574630424416,0.9266161690143508,0.863013698630137,0.890515478733481,0.863013698630137,0.863013698630137,0.863013698630137,0.7778302947484184
7,infgain,minmax,gaussian_noise,noImbl,XGBmodel,last,0.2,0.1,42,2026-06-03 05:55:20,20260603-054739,log/stroke_prediction_v7/7/infgain/gaussian_noise__noImbl__minmax/XGBmodel,1780436867126_ba5f39ad17804373204355553,0.9412915851272016,0.646505376344086,0.5897119341563786,0.6097250509164969,0.9290343623087768,0.9412915851272016,0.9342519559507534,0.9412915851272016,0.9412915851272016,0.9412915851272016,0.8246383523618921
7,infgain,minmax,gaussian_noise,noImbl,XGBmodel,last,0.3,0.1,42,2026-06-03 05:55:22,20260603-054739,log/stroke_prediction_v7/7/infgain/gaussian_noise__noImbl__minmax/XGBmodel,1780436867126_ba5f39ad17804373229628098,0.9471624266144814,0.665631212723658,0.5548559670781893,0.5772589392407391,0.9278249290947076,0.9471624266144814,0.9340068632560012,0.9471624266144814,0.9471624266144814,0.9471624266144814,0.8203860519099588
7,infgain,minmax,gaussian_noise,noImbl,XGBmodel,last,0.5,0.1,42,2026-06-03 05:55:25,20260603-054739,log/stroke_prediction_v7/7/infgain/gaussian_noise__noImbl__minmax/XGBmodel,1780436867126_ba5f39ad17804373255398589,0.949119373776908,0.4754901960784314,0.4989711934156378,0.4869477911646586,0.9044549326579948,0.949119373776908,0.926249027420838,0.949119373776908,0.949119373776908,0.949119373776908,0.7795189045137939
7,infgain,minmax,gaussian_noise,noImbl,random_forest,first,0.1,0.1,42,2026-06-03 05:54:46,20260603-054739,log/stroke_prediction_v7/7/infgain/minmax__gaussian_noise__noImbl/random_forest,1780436867126_ba5f39ad17804372862187444,0.8356164383561644,0.5459300281293952,0.6290123456790124,0.5504022121669181,0.9242457083405584,0.8356164383561644,0.8734581293001922,0.8356164383561644,0.8356164383561644,0.8356164383561644,0.7577444347774287
7,infgain,minmax,gaussian_noise,noImbl,random_forest,first,0.2,0.1,42,2026-06-03 05:54:48,20260603-054739,log/stroke_prediction_v7/7/infgain/minmax__gaussian_noise__noImbl/random_forest,1780436867126_ba5f39ad17804372888651056,0.8943248532289628,0.5621645796064401,0.602962962962963,0.5746392896781354,0.922460782288753,0.8943248532289629,0.907314334366468,0.8943248532289628,0.8943248532289628,0.8943248532289628,0.788781817384091
7,infgain,minmax,gaussian_noise,noImbl,random_forest,first,0.3,0.1,42,2026-06-03 05:54:51,20260603-054739,log/stroke_prediction_v7/7/infgain/minmax__gaussian_noise__noImbl/random_forest,1780436867126_ba5f39ad17804372914843373,0.929549902152642,0.5986394557823128,0.5835390946502058,0.5902530292230934,0.9239053742827854,0.929549902152642,0.9266312193747532,0.929549902152642,0.929549902152642,0.929549902152642,0.809960990622264
7,infgain,minmax,gaussian_noise,noImbl,random_forest,first,0.5,0.1,42,2026-06-03 05:54:54,20260603-054739,log/stroke_prediction_v7/7/infgain/minmax__gaussian_noise__noImbl/random_forest,1780436867126_ba5f39ad17804372940874066,0.9510763209393346,0.7282178217821782,0.5569135802469136,0.5841606718531298,0.9341051326267656,0.9510763209393348,0.936552576496339,0.9510763209393346,0.9510763209393346,0.9510763209393346,0.8304611690937398
7,infgain,minmax,gaussian_noise,noImbl,random_forest,last,0.1,0.1,42,2026-06-03 05:55:17,20260603-054739,log/stroke_prediction_v7/7/infgain/gaussian_noise__noImbl__minmax/random_forest,1780436867126_ba5f39ad17804373177409341,0.8356164383561644,0.5571022407386556,0.666954732510288,0.5651592511548749,0.9292617917579934,0.8356164383561644,0.874540797804489,0.8356164383561644,0.8356164383561644,0.8356164383561644,0.7655334591870638
7,infgain,minmax,gaussian_noise,noImbl,random_forest,last,0.2,0.1,42,2026-06-03 05:55:20,20260603-054739,log/stroke_prediction_v7/7/infgain/gaussian_noise__noImbl__minmax/random_forest,1780436867126_ba5f39ad17804373203326185,0.8923679060665362,0.5602735059373175,0.6019341563786008,0.5725930319205561,0.92220144555805,0.8923679060665362,0.9061138848194178,0.8923679060665362,0.8923679060665362,0.8923679060665362,0.7871941107250071
7,infgain,minmax,gaussian_noise,noImbl,random_forest,last,0.3,0.1,42,2026-06-03 05:55:22,20260603-054739,log/stroke_prediction_v7/7/infgain/gaussian_noise__noImbl__minmax/random_forest,1780436867126_ba5f39ad17804373228597263,0.9217221135029354,0.5654401282965074,0.5604526748971194,0.5627994524298425,0.9186573222323424,0.9217221135029356,0.9201716916408488,0.9217221135029354,0.9217221135029354,0.9217221135029354,0.7955895295543746
7,infgain,minmax,gaussian_noise,noImbl,random_forest,last,0.5,0.1,42,2026-06-03 05:55:25,20260603-054739,log/stroke_prediction_v7/7/infgain/gaussian_noise__noImbl__minmax/random_forest,1780436867126_ba5f39ad17804373254360212,0.9530332681017613,0.7782608695652173,0.5579423868312758,0.5879032258064516,0.9390793839870673,0.9530332681017614,0.937851145761,0.9530332681017613,0.9530332681017613,0.9530332681017613,0.8376047270141781
7,infgain,minmax,noAug,ADASYN,BalancedRandomForest,first,0.1,0.1,42,2026-06-03 05:55:50,20260603-054739,log/stroke_prediction_v7/7/infgain/minmax__noAug__ADASYN/BalancedRandomForest,1780436867126_ba5f39ad17804373508266412,0.7123287671232876,0.5393430099312452,0.6780246913580247,0.5021968627606911,0.9321825866087404,0.7123287671232876,0.7939764046617664,0.7123287671232876,0.7123287671232876,0.7123287671232877,0.6943125257524845
7,infgain,minmax,noAug,ADASYN,BalancedRandomForest,first,0.2,0.1,42,2026-06-03 05:55:54,20260603-054739,log/stroke_prediction_v7/7/infgain/minmax__noAug__ADASYN/BalancedRandomForest,1780436867126_ba5f39ad17804373544696603,0.8199608610567515,0.5504578754578754,0.658724279835391,0.5526756489305016,0.9280897185006776,0.8199608610567515,0.8646211749816439,0.8199608610567515,0.8199608610567515,0.8199608610567515,0.7543060553889166
7,infgain,minmax,noAug,ADASYN,BalancedRandomForest,first,0.3,0.1,42,2026-06-03 05:55:58,20260603-054739,log/stroke_prediction_v7/7/infgain/minmax__noAug__ADASYN/BalancedRandomForest,1780436867126_ba5f39ad17804373580220296,0.8590998043052838,0.5445188492063492,0.6034156378600823,0.5523651936928168,0.9211989019352034,0.8590998043052838,0.8866551593957654,0.8590998043052838,0.8590998043052838,0.8590998043052838,0.7664063135855641
7,infgain,minmax,noAug,ADASYN,BalancedRandomForest,first,0.5,0.1,42,2026-06-03 05:56:01,20260603-054739,log/stroke_prediction_v7/7/infgain/minmax__noAug__ADASYN/BalancedRandomForest,1780436867126_ba5f39ad17804373615458096,0.9060665362035224,0.5548370736655255,0.5711934156378601,0.5613106309915581,0.9186950112610686,0.9060665362035224,0.9121549407105772,0.9060665362035224,0.9060665362035224,0.9060665362035226,0.7879190002931745
7,infgain,minmax,noAug,ADASYN,BalancedRandomForest,last,0.1,0.1,42,2026-06-03 05:56:31,20260603-054739,log/stroke_prediction_v7/7/infgain/noAug__ADASYN__minmax/BalancedRandomForest,1780436867126_ba5f39ad17804373916001922,0.7416829745596869,0.532999164578112,0.6365432098765432,0.5058895921237693,0.9256654356046674,0.7416829745596869,0.8138237261264832,0.7416829745596869,0.7416829745596869,0.7416829745596869,0.7041509685673448
7,infgain,minmax,noAug,ADASYN,BalancedRandomForest,last,0.2,0.1,42,2026-06-03 05:56:34,20260603-054739,log/stroke_prediction_v7/7/infgain/noAug__ADASYN__minmax/BalancedRandomForest,1780436867126_ba5f39ad17804373947594788,0.8277886497064579,0.5369509043927648,0.605925925925926,0.5368707258795419,0.9211233989188752,0.8277886497064579,0.8680143379393154,0.8277886497064579,0.8277886497064579,0.8277886497064578,0.7482482423791682
7,infgain,minmax,noAug,ADASYN,BalancedRandomForest,last,0.3,0.1,42,2026-06-03 05:56:38,20260603-054739,log/stroke_prediction_v7/7/infgain/noAug__ADASYN__minmax/BalancedRandomForest,1780436867126_ba5f39ad17804373980242908,0.8923679060665362,0.5412685774946921,0.5639917695473252,0.5481874447391689,0.9168063744126044,0.8923679060665363,0.9039434821201472,0.8923679060665362,0.8923679060665362,0.8923679060665362,0.7769734736009739
7,infgain,minmax,noAug,ADASYN,BalancedRandomForest,last,0.5,0.1,42,2026-06-03 05:56:41,20260603-054739,log/stroke_prediction_v7/7/infgain/noAug__ADASYN__minmax/BalancedRandomForest,1780436867126_ba5f39ad17804374011886728,0.929549902152642,0.5839216944801026,0.5645679012345679,0.5725041829336307,0.9207813218311396,0.929549902152642,0.9249625909849456,0.929549902152642,0.929549902152642,0.929549902152642,0.8033670687034241
7,infgain,minmax,noAug,ADASYN,GradientBoosting,first,0.1,0.1,42,2026-06-03 05:55:48,20260603-054739,log/stroke_prediction_v7/7/infgain/minmax__noAug__ADASYN/GradientBoosting,1780436867126_ba5f39ad17804373486789737,0.5459882583170255,0.5345350869125356,0.6854320987654321,0.42156212186268,0.9406821651794433,0.5459882583170255,0.6635893324342126,0.5459882583170255,0.5459882583170255,0.5459882583170255,0.597232956557085
7,infgain,minmax,noAug,ADASYN,GradientBoosting,first,0.2,0.1,42,2026-06-03 05:55:52,20260603-054739,log/stroke_prediction_v7/7/infgain/minmax__noAug__ADASYN/GradientBoosting,1780436867126_ba5f39ad17804373523342290,0.6575342465753424,0.5339632362717723,0.6681893004115227,0.4737136366578977,0.9323285212364284,0.6575342465753424,0.7543139716643283,0.6575342465753424,0.6575342465753424,0.6575342465753424,0.660665945670443
7,infgain,minmax,noAug,ADASYN,GradientBoosting,first,0.3,0.1,42,2026-06-03 05:55:55,20260603-054739,log/stroke_prediction_v7/7/infgain/minmax__noAug__ADASYN/GradientBoosting,1780436867126_ba5f39ad17804373558730711,0.7690802348336595,0.5393157262905162,0.6509465020576132,0.5230796001012402,0.9273063432809524,0.7690802348336595,0.8320885717950967,0.7690802348336595,0.7690802348336595,0.7690802348336595,0.7226641768808223
7,infgain,minmax,noAug,ADASYN,GradientBoosting,first,0.5,0.1,42,2026-06-03 05:55:59,20260603-054739,log/stroke_prediction_v7/7/infgain/minmax__noAug__ADASYN/GradientBoosting,1780436867126_ba5f39ad17804373594123210,0.8923679060665362,0.5764713822894167,0.6398765432098765,0.5943097997892519,0.927382942437012,0.8923679060665363,0.9080193591358916,0.8923679060665362,0.8923679060665362,0.8923679060665362,0.7966696230590162
7,infgain,minmax,noAug,ADASYN,GradientBoosting,last,0.1,0.1,42,2026-06-03 05:56:29,20260603-054739,log/stroke_prediction_v7/7/infgain/noAug__ADASYN__minmax/GradientBoosting,1780436867126_ba5f39ad17804373897568123,0.5929549902152642,0.529109589041096,0.6532098765432099,0.4400943992582915,0.932297670428652,0.5929549902152642,0.704022236079132,0.5929549902152642,0.5929549902152642,0.5929549902152642,0.6202612049880148
7,infgain,minmax,noAug,ADASYN,GradientBoosting,last,0.2,0.1,42,2026-06-03 05:56:32,20260603-054739,log/stroke_prediction_v7/7/infgain/noAug__ADASYN__minmax/GradientBoosting,1780436867126_ba5f39ad17804373929112270,0.7240704500978473,0.5376712328767123,0.6652263374485596,0.5048755849671182,0.9300458408170924,0.7240704500978473,0.8020780344531951,0.7240704500978473,0.7240704500978473,0.7240704500978472,0.6989655640664222
7,infgain,minmax,noAug,ADASYN,GradientBoosting,last,0.3,0.1,42,2026-06-03 05:56:36,20260603-054739,log/stroke_prediction_v7/7/infgain/noAug__ADASYN__minmax/GradientBoosting,1780436867126_ba5f39ad17804373961804114,0.7827788649706457,0.5383359782362276,0.6391769547325103,0.5263184266566454,0.9255805513790688,0.7827788649706457,0.8407552938448215,0.7827788649706457,0.7827788649706457,0.7827788649706457,0.7284819524982589
7,infgain,minmax,noAug,ADASYN,GradientBoosting,last,0.5,0.1,42,2026-06-03 05:56:39,20260603-054739,log/stroke_prediction_v7/7/infgain/noAug__ADASYN__minmax/GradientBoosting,1780436867126_ba5f39ad17804373993452578,0.9197651663405088,0.5979556479556479,0.6163374485596709,0.6060731409231926,0.9269006323800844,0.9197651663405088,0.9232047718823654,0.9197651663405088,0.9197651663405088,0.9197651663405088,0.8114171263465774
7,infgain,minmax,noAug,ADASYN,LogisticRegression,first,0.1,0.1,42,2026-06-03 05:55:48,20260603-054739,log/stroke_prediction_v7/7/infgain/minmax__noAug__ADASYN/LogisticRegression,1780436867126_ba5f39ad17804373480516654,0.4207436399217221,0.5350133881922675,0.6765020576131686,0.3514783563147423,0.9498035767963732,0.420743639921722,0.5426837200441893,0.4207436399217221,0.4207436399217221,0.4207436399217221,0.5185536696827094
7,infgain,minmax,noAug,ADASYN,LogisticRegression,first,0.2,0.1,42,2026-06-03 05:55:51,20260603-054739,log/stroke_prediction_v7/7/infgain/minmax__noAug__ADASYN/LogisticRegression,1780436867126_ba5f39ad17804373517065007,0.5420743639921722,0.5341403616304016,0.6833744855967079,0.4192504953957337,0.9405375937166583,0.5420743639921722,0.660194339748747,0.5420743639921722,0.5420743639921722,0.5420743639921722,0.5945517149629177
7,infgain,minmax,noAug,ADASYN,LogisticRegression,first,0.3,0.1,42,2026-06-03 05:55:55,20260603-054739,log/stroke_prediction_v7/7/infgain/minmax__noAug__ADASYN/LogisticRegression,1780436867126_ba5f39ad17804373552473911,0.6183953033268101,0.535772086824067,0.6855555555555556,0.4579709198909903,0.936712116379484,0.6183953033268101,0.723998404653267,0.6183953033268101,0.6183953033268101,0.6183953033268101,0.6404574958882733
7,infgain,minmax,noAug,ADASYN,LogisticRegression,first,0.5,0.1,42,2026-06-03 05:55:58,20260603-054739,log/stroke_prediction_v7/7/infgain/minmax__noAug__ADASYN/LogisticRegression,1780436867126_ba5f39ad17804373587840468,0.7436399217221135,0.5499326145552561,0.7134567901234568,0.5266008981294862,0.936508669117686,0.7436399217221135,0.8157771694479867,0.7436399217221135,0.7436399217221135,0.7436399217221134,0.718802486205106
7,infgain,minmax,noAug,ADASYN,LogisticRegression,last,0.1,0.1,42,2026-06-03 05:56:29,20260603-054739,log/stroke_prediction_v7/7/infgain/noAug__ADASYN__minmax/LogisticRegression,1780436867126_ba5f39ad17804373891424599,0.5577299412915852,0.5427708256655626,0.7295473251028807,0.433892156862745,0.948426843524176,0.5577299412915852,0.6727591803844827,0.5577299412915852,0.5577299412915852,0.5577299412915852,0.6111641765329799
7,infgain,minmax,noAug,ADASYN,LogisticRegression,last,0.2,0.1,42,2026-06-03 05:56:32,20260603-054739,log/stroke_prediction_v7/7/infgain/noAug__ADASYN__minmax/LogisticRegression,1780436867126_ba5f39ad17804373922962961,0.6810176125244618,0.5413383812544765,0.6995061728395062,0.4914243147694731,0.936382096686766,0.6810176125244618,0.7715605656189917,0.6810176125244618,0.6810176125244618,0.6810176125244618,0.6795774421461291
7,infgain,minmax,noAug,ADASYN,LogisticRegression,last,0.3,0.1,42,2026-06-03 05:56:35,20260603-054739,log/stroke_prediction_v7/7/infgain/noAug__ADASYN__minmax/LogisticRegression,1780436867126_ba5f39ad17804373955627286,0.7573385518590998,0.5364559585492228,0.6447736625514404,0.5155657492354739,0.9265972440505764,0.7573385518590998,0.8243116273781097,0.7573385518590998,0.7573385518590998,0.7573385518590998,0.7146997137508013
7,infgain,minmax,noAug,ADASYN,LogisticRegression,last,0.5,0.1,42,2026-06-03 05:56:38,20260603-054739,log/stroke_prediction_v7/7/infgain/noAug__ADASYN__minmax/LogisticRegression,1780436867126_ba5f39ad17804373987281165,0.87279843444227,0.5667036215816703,0.648559670781893,0.5829618934019712,0.927598017307339,0.87279843444227,0.8966112957953463,0.87279843444227,0.87279843444227,0.87279843444227,0.7853414831235956
7,infgain,minmax,noAug,ADASYN,XGBmodel,first,0.1,0.1,42,2026-06-03 05:55:47,20260603-054739,log/stroke_prediction_v7/7/infgain/minmax__noAug__ADASYN/XGBmodel,1780436867126_ba5f39ad17804373479611346,0.5636007827788649,0.5258261594001666,0.6377777777777778,0.4233643866671389,0.9308052612043513,0.5636007827788649,0.6799079525699393,0.5636007827788649,0.5636007827788649,0.5636007827788649,0.6003720838353372
7,infgain,minmax,noAug,ADASYN,XGBmodel,first,0.2,0.1,42,2026-06-03 05:55:51,20260603-054739,log/stroke_prediction_v7/7/infgain/minmax__noAug__ADASYN/XGBmodel,1780436867126_ba5f39ad17804373515223343,0.6829745596868885,0.5341793833696667,0.6625925925925926,0.4846481398476019,0.9306798243074657,0.6829745596868885,0.7730660563962173,0.6829745596868885,0.6829745596868885,0.6829745596868885,0.6745921333383007
7,infgain,minmax,noAug,ADASYN,XGBmodel,first,0.3,0.1,42,2026-06-03 05:55:55,20260603-054739,log/stroke_prediction_v7/7/infgain/minmax__noAug__ADASYN/XGBmodel,1780436867126_ba5f39ad17804373551593582,0.776908023483366,0.5458696689661157,0.6740329218106996,0.5338188220230473,0.930377544173525,0.776908023483366,0.8375156292675104,0.776908023483366,0.776908023483366,0.776908023483366,0.7314913905819641
7,infgain,minmax,noAug,ADASYN,XGBmodel,first,0.5,0.1,42,2026-06-03 05:55:58,20260603-054739,log/stroke_prediction_v7/7/infgain/minmax__noAug__ADASYN/XGBmodel,1780436867126_ba5f39ad17804373586955833,0.8767123287671232,0.5627747252747253,0.6316460905349794,0.5776360845436297,0.9254946130190748,0.8767123287671231,0.8982736393971891,0.8767123287671232,0.8767123287671232,0.8767123287671232,0.7840629329808498
7,infgain,minmax,noAug,ADASYN,XGBmodel,last,0.1,0.1,42,2026-06-03 05:56:29,20260603-054739,log/stroke_prediction_v7/7/infgain/noAug__ADASYN__minmax/XGBmodel,1780436867126_ba5f39ad17804373890529908,0.6653620352250489,0.535137630077207,0.6723045267489712,0.4782756664775949,0.9327101517537308,0.6653620352250489,0.7601280063226153,0.6653620352250489,0.6653620352250489,0.6653620352250489,0.6659205958680418
7,infgain,minmax,noAug,ADASYN,XGBmodel,last,0.2,0.1,42,2026-06-03 05:56:32,20260603-054739,log/stroke_prediction_v7/7/infgain/noAug__ADASYN__minmax/XGBmodel,1780436867126_ba5f39ad17804373922058060,0.761252446183953,0.5417512953367877,0.6658024691358024,0.5233792048929663,0.9294525617756508,0.761252446183953,0.8271453108074951,0.761252446183953,0.761252446183953,0.761252446183953,0.7207802884534744
7,infgain,minmax,noAug,ADASYN,XGBmodel,last,0.3,0.1,42,2026-06-03 05:56:35,20260603-054739,log/stroke_prediction_v7/7/infgain/noAug__ADASYN__minmax/XGBmodel,1780436867126_ba5f39ad17804373954730247,0.8258317025440313,0.5419594067135051,0.6238683127572017,0.5430027030557593,0.923490393237915,0.8258317025440313,0.8673414313246481,0.8258317025440313,0.8258317025440313,0.8258317025440313,0.7508161124455356
7,infgain,minmax,noAug,ADASYN,XGBmodel,last,0.5,0.1,42,2026-06-03 05:56:38,20260603-054739,log/stroke_prediction_v7/7/infgain/noAug__ADASYN__minmax/XGBmodel,1780436867126_ba5f39ad17804373986392193,0.9119373776908024,0.5625433125433125,0.5742798353909465,0.5676412522327724,0.919684474478995,0.9119373776908024,0.9157125545050352,0.9119373776908024,0.9119373776908024,0.9119373776908022,0.7929287843283173
7,infgain,minmax,noAug,ADASYN,random_forest,first,0.1,0.1,42,2026-06-03 05:55:47,20260603-054739,log/stroke_prediction_v7/7/infgain/minmax__noAug__ADASYN/random_forest,1780436867126_ba5f39ad17804373478579495,0.7221135029354208,0.5332485396645938,0.6452263374485596,0.4990196078431372,0.9272157254919748,0.7221135029354208,0.8006216185104179,0.7221135029354208,0.7221135029354208,0.7221135029354208,0.6943606453877141
7,infgain,minmax,noAug,ADASYN,random_forest,first,0.2,0.1,42,2026-06-03 05:55:51,20260603-054739,log/stroke_prediction_v7/7/infgain/minmax__noAug__ADASYN/random_forest,1780436867126_ba5f39ad17804373514162142,0.8140900195694716,0.5482422572580233,0.6556378600823045,0.5482378998110873,0.9276720356653844,0.8140900195694716,0.8608854182004119,0.8140900195694716,0.8140900195694716,0.8140900195694716,0.7501597208300845
7,infgain,minmax,noAug,ADASYN,random_forest,first,0.3,0.1,42,2026-06-03 05:55:55,20260603-054739,log/stroke_prediction_v7/7/infgain/minmax__noAug__ADASYN/random_forest,1780436867126_ba5f39ad17804373550548209,0.8610567514677103,0.5383776792313377,0.5854732510288065,0.5444660681775377,0.9188253833258844,0.8610567514677103,0.887067723099532,0.8610567514677103,0.8610567514677103,0.8610567514677103,0.7634204006372474
7,infgain,minmax,noAug,ADASYN,random_forest,first,0.5,0.1,42,2026-06-03 05:55:58,20260603-054739,log/stroke_prediction_v7/7/infgain/minmax__noAug__ADASYN/random_forest,1780436867126_ba5f39ad17804373585957847,0.9080234833659492,0.5572481732776617,0.5722222222222222,0.5633669666393964,0.9190097346886248,0.9080234833659492,0.9133375706282528,0.9080234833659492,0.9080234833659492,0.9080234833659492,0.7895630869553777
7,infgain,minmax,noAug,ADASYN,random_forest,last,0.1,0.1,42,2026-06-03 05:56:28,20260603-054739,log/stroke_prediction_v7/7/infgain/noAug__ADASYN__minmax/random_forest,1780436867126_ba5f39ad17804373889505416,0.7495107632093934,0.5431634642160958,0.6786008230452675,0.5208626347866854,0.931433279872872,0.7495107632093934,0.8194654313953776,0.7495107632093934,0.7495107632093934,0.7495107632093934,0.7161732719244902
7,infgain,minmax,noAug,ADASYN,random_forest,last,0.2,0.1,42,2026-06-03 05:56:32,20260603-054739,log/stroke_prediction_v7/7/infgain/noAug__ADASYN__minmax/random_forest,1780436867126_ba5f39ad17804373921009344,0.8434442270058709,0.54337899543379,0.6141563786008231,0.5485466914038344,0.9223654933919524,0.8434442270058709,0.8777180325964224,0.8434442270058709,0.8434442270058709,0.843444227005871,0.7593074861450434
7,infgain,minmax,noAug,ADASYN,random_forest,last,0.3,0.1,42,2026-06-03 05:56:35,20260603-054739,log/stroke_prediction_v7/7/infgain/noAug__ADASYN__minmax/random_forest,1780436867126_ba5f39ad17804373952661938,0.8884540117416829,0.5567321178120617,0.5998765432098766,0.5686230950370996,0.9217053710377308,0.888454011741683,0.9037186691298564,0.8884540117416829,0.8884540117416829,0.8884540117416829,0.7840642725276832
7,infgain,minmax,noAug,ADASYN,random_forest,last,0.5,0.1,42,2026-06-03 05:56:38,20260603-054739,log/stroke_prediction_v7/7/infgain/noAug__ADASYN__minmax/random_forest,1780436867126_ba5f39ad17804373985383048,0.9334637964774952,0.5963919980947844,0.5666255144032922,0.577891156462585,0.922157404917488,0.9334637964774952,0.9273985915305456,0.9334637964774952,0.9334637964774952,0.9334637964774952,0.8076964725315238
7,infgain,minmax,noAug,RandomOverSampler,BalancedRandomForest,first,0.1,0.1,42,2026-06-03 05:57:07,20260603-054739,log/stroke_prediction_v7/7/infgain/minmax__noAug__RandomOverSampler/BalancedRandomForest,1780436867126_ba5f39ad17804374275397655,0.8277886497064579,0.548273957470312,0.6438683127572017,0.5517543859649123,0.9261515912558348,0.8277886497064579,0.869090534555567,0.8277886497064579,0.8277886497064579,0.8277886497064578,0.7560715841089899
7,infgain,minmax,noAug,RandomOverSampler,BalancedRandomForest,first,0.2,0.1,42,2026-06-03 05:57:09,20260603-054739,log/stroke_prediction_v7/7/infgain/minmax__noAug__RandomOverSampler/BalancedRandomForest,1780436867126_ba5f39ad17804374299185750,0.8904109589041096,0.566787417461482,0.6198765432098766,0.5816374269005848,0.92455828701796,0.8904109589041097,0.9058848033325322,0.8904109589041096,0.8904109589041096,0.8904109589041096,0.790414942865543
7,infgain,minmax,noAug,RandomOverSampler,BalancedRandomForest,first,0.3,0.1,42,2026-06-03 05:57:12,20260603-054739,log/stroke_prediction_v7/7/infgain/minmax__noAug__RandomOverSampler/BalancedRandomForest,1780436867126_ba5f39ad17804374322772280,0.9197651663405088,0.561772758384668,0.5594238683127571,0.5605637938628688,0.9182187628504188,0.9197651663405088,0.9189876741922888,0.9197651663405088,0.9197651663405088,0.9197651663405088,0.7937803256992614
7,infgain,minmax,noAug,RandomOverSampler,BalancedRandomForest,first,0.5,0.1,42,2026-06-03 05:57:14,20260603-054739,log/stroke_prediction_v7/7/infgain/minmax__noAug__RandomOverSampler/BalancedRandomForest,1780436867126_ba5f39ad17804374347561946,0.9452054794520548,0.6608181818181817,0.572798353909465,0.5969123281496507,0.9289215442092154,0.9452054794520548,0.9349399970978788,0.9452054794520548,0.9452054794520548,0.9452054794520548,0.8241138485616374
7,infgain,minmax,noAug,RandomOverSampler,BalancedRandomForest,last,0.1,0.1,42,2026-06-03 05:57:35,20260603-054739,log/stroke_prediction_v7/7/infgain/noAug__RandomOverSampler__minmax/BalancedRandomForest,1780436867126_ba5f39ad17804374553603359,0.8277886497064579,0.548273957470312,0.6438683127572017,0.5517543859649123,0.9261515912558348,0.8277886497064579,0.869090534555567,0.8277886497064579,0.8277886497064579,0.8277886497064578,0.7560715841089899
7,infgain,minmax,noAug,RandomOverSampler,BalancedRandomForest,last,0.2,0.1,42,2026-06-03 05:57:37,20260603-054739,log/stroke_prediction_v7/7/infgain/noAug__RandomOverSampler__minmax/BalancedRandomForest,1780436867126_ba5f39ad17804374577186106,0.8904109589041096,0.566787417461482,0.6198765432098766,0.5816374269005848,0.92455828701796,0.8904109589041097,0.9058848033325322,0.8904109589041096,0.8904109589041096,0.8904109589041096,0.790414942865543
7,infgain,minmax,noAug,RandomOverSampler,BalancedRandomForest,last,0.3,0.1,42,2026-06-03 05:57:40,20260603-054739,log/stroke_prediction_v7/7/infgain/noAug__RandomOverSampler__minmax/BalancedRandomForest,1780436867126_ba5f39ad17804374601129044,0.9197651663405088,0.561772758384668,0.5594238683127571,0.5605637938628688,0.9182187628504188,0.9197651663405088,0.9189876741922888,0.9197651663405088,0.9197651663405088,0.9197651663405088,0.7937803256992614
7,infgain,minmax,noAug,RandomOverSampler,BalancedRandomForest,last,0.5,0.1,42,2026-06-03 05:57:42,20260603-054739,log/stroke_prediction_v7/7/infgain/noAug__RandomOverSampler__minmax/BalancedRandomForest,1780436867126_ba5f39ad17804374626124922,0.9452054794520548,0.6608181818181817,0.572798353909465,0.5969123281496507,0.9289215442092154,0.9452054794520548,0.9349399970978788,0.9452054794520548,0.9452054794520548,0.9452054794520548,0.8241138485616374
7,infgain,minmax,noAug,RandomOverSampler,GradientBoosting,first,0.1,0.1,42,2026-06-03 05:57:06,20260603-054739,log/stroke_prediction_v7/7/infgain/minmax__noAug__RandomOverSampler/GradientBoosting,1780436867126_ba5f39ad17804374262165712,0.6007827788649707,0.5335747202106649,0.6762962962962963,0.4477431659249841,0.935950240205924,0.6007827788649707,0.7100155137515038,0.6007827788649707,0.6007827788649707,0.6007827788649707,0.6285590391687497
7,infgain,minmax,noAug,RandomOverSampler,GradientBoosting,first,0.2,0.1,42,2026-06-03 05:57:08,20260603-054739,log/stroke_prediction_v7/7/infgain/minmax__noAug__RandomOverSampler/GradientBoosting,1780436867126_ba5f39ad17804374285839439,0.6908023483365949,0.5392702966160702,0.6856790123456791,0.4933609437751003,0.9339385217186796,0.6908023483365949,0.7786916256022132,0.6908023483365949,0.6908023483365949,0.6908023483365949,0.6830176078092777
7,infgain,minmax,noAug,RandomOverSampler,GradientBoosting,first,0.3,0.1,42,2026-06-03 05:57:10,20260603-054739,log/stroke_prediction_v7/7/infgain/minmax__noAug__RandomOverSampler/GradientBoosting,1780436867126_ba5f39ad17804374309402542,0.7671232876712328,0.5518037518037517,0.7068312757201647,0.5376479801704671,0.9350558986566816,0.7671232876712328,0.8315038600533922,0.7671232876712328,0.7671232876712328,0.7671232876712328,0.7315911837201315
7,infgain,minmax,noAug,RandomOverSampler,GradientBoosting,first,0.5,0.1,42,2026-06-03 05:57:13,20260603-054739,log/stroke_prediction_v7/7/infgain/minmax__noAug__RandomOverSampler/GradientBoosting,1780436867126_ba5f39ad17804374334093819,0.8884540117416829,0.586534565199773,0.675761316872428,0.6090178127978307,0.931906438291139,0.8884540117416829,0.9072124602818952,0.8884540117416829,0.8884540117416829,0.8884540117416829,0.8022363776949658
7,infgain,minmax,noAug,RandomOverSampler,GradientBoosting,last,0.1,0.1,42,2026-06-03 05:57:34,20260603-054739,log/stroke_prediction_v7/7/infgain/noAug__RandomOverSampler__minmax/GradientBoosting,1780436867126_ba5f39ad17804374540624412,0.6007827788649707,0.5335747202106649,0.6762962962962963,0.4477431659249841,0.935950240205924,0.6007827788649707,0.7100155137515038,0.6007827788649707,0.6007827788649707,0.6007827788649707,0.6285590391687497
7,infgain,minmax,noAug,RandomOverSampler,GradientBoosting,last,0.2,0.1,42,2026-06-03 05:57:36,20260603-054739,log/stroke_prediction_v7/7/infgain/noAug__RandomOverSampler__minmax/GradientBoosting,1780436867126_ba5f39ad17804374563883293,0.6908023483365949,0.5392702966160702,0.6856790123456791,0.4933609437751003,0.9339385217186796,0.6908023483365949,0.7786916256022132,0.6908023483365949,0.6908023483365949,0.6908023483365949,0.6830176078092777
7,infgain,minmax,noAug,RandomOverSampler,GradientBoosting,last,0.3,0.1,42,2026-06-03 05:57:38,20260603-054739,log/stroke_prediction_v7/7/infgain/noAug__RandomOverSampler__minmax/GradientBoosting,1780436867126_ba5f39ad17804374587576046,0.7671232876712328,0.5518037518037517,0.7068312757201647,0.5376479801704671,0.9350558986566816,0.7671232876712328,0.8315038600533922,0.7671232876712328,0.7671232876712328,0.7671232876712328,0.7315911837201315
7,infgain,minmax,noAug,RandomOverSampler,GradientBoosting,last,0.5,0.1,42,2026-06-03 05:57:41,20260603-054739,log/stroke_prediction_v7/7/infgain/noAug__RandomOverSampler__minmax/GradientBoosting,1780436867126_ba5f39ad17804374611674039,0.8884540117416829,0.586534565199773,0.675761316872428,0.6090178127978307,0.931906438291139,0.8884540117416829,0.9072124602818952,0.8884540117416829,0.8884540117416829,0.8884540117416829,0.8022363776949658
7,infgain,minmax,noAug,RandomOverSampler,LogisticRegression,first,0.1,0.1,42,2026-06-03 05:57:05,20260603-054739,log/stroke_prediction_v7/7/infgain/minmax__noAug__RandomOverSampler/LogisticRegression,1780436867126_ba5f39ad17804374257522765,0.3463796477495107,0.5348189415041782,0.6563786008230452,0.3033486807732496,0.9544832623780996,0.3463796477495107,0.459547702631961,0.3463796477495107,0.3463796477495107,0.3463796477495107,0.4675543970811181
7,infgain,minmax,noAug,RandomOverSampler,LogisticRegression,first,0.2,0.1,42,2026-06-03 05:57:08,20260603-054739,log/stroke_prediction_v7/7/infgain/minmax__noAug__RandomOverSampler/LogisticRegression,1780436867126_ba5f39ad17804374281151361,0.5048923679060665,0.5305901337021668,0.6638271604938272,0.3971836896463292,0.9390959968746588,0.5048923679060665,0.62706193352475,0.5048923679060665,0.5048923679060665,0.5048923679060665,0.5689451197451537
7,infgain,minmax,noAug,RandomOverSampler,LogisticRegression,first,0.3,0.1,42,2026-06-03 05:57:10,20260603-054739,log/stroke_prediction_v7/7/infgain/minmax__noAug__RandomOverSampler/LogisticRegression,1780436867126_ba5f39ad17804374304785813,0.5909980430528375,0.5359320557491289,0.6901234567901235,0.4451337042867459,0.9388752326857908,0.5909980430528375,0.7017881324209758,0.5909980430528375,0.5909980430528375,0.5909980430528375,0.6249305672497975
7,infgain,minmax,noAug,RandomOverSampler,LogisticRegression,first,0.5,0.1,42,2026-06-03 05:57:12,20260603-054739,log/stroke_prediction_v7/7/infgain/minmax__noAug__RandomOverSampler/LogisticRegression,1780436867126_ba5f39ad17804374329431524,0.7279843444227005,0.5541434540389971,0.7431687242798354,0.5250961120583024,0.9412963548452158,0.7279843444227005,0.8051304687049718,0.7279843444227005,0.7279843444227005,0.7279843444227005,0.7145885781999761
7,infgain,minmax,noAug,RandomOverSampler,LogisticRegression,last,0.1,0.1,42,2026-06-03 05:57:33,20260603-054739,log/stroke_prediction_v7/7/infgain/noAug__RandomOverSampler__minmax/LogisticRegression,1780436867126_ba5f39ad17804374535958565,0.3463796477495107,0.5348189415041782,0.6563786008230452,0.3033486807732496,0.9544832623780996,0.3463796477495107,0.459547702631961,0.3463796477495107,0.3463796477495107,0.3463796477495107,0.4675543970811181
7,infgain,minmax,noAug,RandomOverSampler,LogisticRegression,last,0.2,0.1,42,2026-06-03 05:57:35,20260603-054739,log/stroke_prediction_v7/7/infgain/noAug__RandomOverSampler__minmax/LogisticRegression,1780436867126_ba5f39ad17804374559277898,0.5048923679060665,0.5305901337021668,0.6638271604938272,0.3971836896463292,0.9390959968746588,0.5048923679060665,0.62706193352475,0.5048923679060665,0.5048923679060665,0.5048923679060665,0.5689451197451537
7,infgain,minmax,noAug,RandomOverSampler,LogisticRegression,last,0.3,0.1,42,2026-06-03 05:57:38,20260603-054739,log/stroke_prediction_v7/7/infgain/noAug__RandomOverSampler__minmax/LogisticRegression,1780436867126_ba5f39ad17804374582844657,0.5909980430528375,0.5359320557491289,0.6901234567901235,0.4451337042867459,0.9388752326857908,0.5909980430528375,0.7017881324209758,0.5909980430528375,0.5909980430528375,0.5909980430528375,0.6249305672497975
7,infgain,minmax,noAug,RandomOverSampler,LogisticRegression,last,0.5,0.1,42,2026-06-03 05:57:40,20260603-054739,log/stroke_prediction_v7/7/infgain/noAug__RandomOverSampler__minmax/LogisticRegression,1780436867126_ba5f39ad17804374606924542,0.7279843444227005,0.5541434540389971,0.7431687242798354,0.5250961120583024,0.9412963548452158,0.7279843444227005,0.8051304687049718,0.7279843444227005,0.7279843444227005,0.7279843444227005,0.7145885781999761
7,infgain,minmax,noAug,RandomOverSampler,XGBmodel,first,0.1,0.1,42,2026-06-03 05:57:05,20260603-054739,log/stroke_prediction_v7/7/infgain/minmax__noAug__RandomOverSampler/XGBmodel,1780436867126_ba5f39ad17804374256630298,0.6105675146771037,0.5347778759386634,0.681440329218107,0.45341718401462,0.9363758467251112,0.6105675146771037,0.7178197476474848,0.6105675146771037,0.6105675146771037,0.6105675146771037,0.6351719508083452
7,infgain,minmax,noAug,RandomOverSampler,XGBmodel,first,0.2,0.1,42,2026-06-03 05:57:08,20260603-054739,log/stroke_prediction_v7/7/infgain/minmax__noAug__RandomOverSampler/XGBmodel,1780436867126_ba5f39ad17804374280267317,0.6790606653620352,0.5410119047619047,0.698477366255144,0.490243309002433,0.936294380766005,0.6790606653620352,0.7701301298441585,0.6790606653620352,0.6790606653620352,0.6790606653620352,0.678258647150108
7,infgain,minmax,noAug,RandomOverSampler,XGBmodel,first,0.3,0.1,42,2026-06-03 05:57:10,20260603-054739,log/stroke_prediction_v7/7/infgain/minmax__noAug__RandomOverSampler/XGBmodel,1780436867126_ba5f39ad17804374303877520,0.7553816046966731,0.5487327096825778,0.7006584362139918,0.5296564927653621,0.9344215380287236,0.7553816046966731,0.8236092515233688,0.7553816046966731,0.7553816046966731,0.755381604696673,0.723523771914508
7,infgain,minmax,noAug,RandomOverSampler,XGBmodel,first,0.5,0.1,42,2026-06-03 05:57:12,20260603-054739,log/stroke_prediction_v7/7/infgain/minmax__noAug__RandomOverSampler/XGBmodel,1780436867126_ba5f39ad17804374328513795,0.8688845401174168,0.5702775447427293,0.6654732510288066,0.5876898250177631,0.9296974530135672,0.8688845401174168,0.8948717294275743,0.8688845401174168,0.8688845401174168,0.8688845401174168,0.7864828740922775
7,infgain,minmax,noAug,RandomOverSampler,XGBmodel,last,0.1,0.1,42,2026-06-03 05:57:33,20260603-054739,log/stroke_prediction_v7/7/infgain/noAug__RandomOverSampler__minmax/XGBmodel,1780436867126_ba5f39ad17804374535030649,0.6105675146771037,0.5347778759386634,0.681440329218107,0.45341718401462,0.9363758467251112,0.6105675146771037,0.7178197476474848,0.6105675146771037,0.6105675146771037,0.6105675146771037,0.6351719508083452
7,infgain,minmax,noAug,RandomOverSampler,XGBmodel,last,0.2,0.1,42,2026-06-03 05:57:35,20260603-054739,log/stroke_prediction_v7/7/infgain/noAug__RandomOverSampler__minmax/XGBmodel,1780436867126_ba5f39ad17804374558379553,0.6790606653620352,0.5410119047619047,0.698477366255144,0.490243309002433,0.936294380766005,0.6790606653620352,0.7701301298441585,0.6790606653620352,0.6790606653620352,0.6790606653620352,0.678258647150108
7,infgain,minmax,noAug,RandomOverSampler,XGBmodel,last,0.3,0.1,42,2026-06-03 05:57:38,20260603-054739,log/stroke_prediction_v7/7/infgain/noAug__RandomOverSampler__minmax/XGBmodel,1780436867126_ba5f39ad17804374581888181,0.7553816046966731,0.5487327096825778,0.7006584362139918,0.5296564927653621,0.9344215380287236,0.7553816046966731,0.8236092515233688,0.7553816046966731,0.7553816046966731,0.755381604696673,0.723523771914508
7,infgain,minmax,noAug,RandomOverSampler,XGBmodel,last,0.5,0.1,42,2026-06-03 05:57:40,20260603-054739,log/stroke_prediction_v7/7/infgain/noAug__RandomOverSampler__minmax/XGBmodel,1780436867126_ba5f39ad17804374605951603,0.8688845401174168,0.5702775447427293,0.6654732510288066,0.5876898250177631,0.9296974530135672,0.8688845401174168,0.8948717294275743,0.8688845401174168,0.8688845401174168,0.8688845401174168,0.7864828740922775
7,infgain,minmax,noAug,RandomOverSampler,random_forest,first,0.1,0.1,42,2026-06-03 05:57:05,20260603-054739,log/stroke_prediction_v7/7/infgain/minmax__noAug__RandomOverSampler/random_forest,1780436867126_ba5f39ad17804374255607984,0.8356164383561644,0.5623860811930406,0.6859259259259259,0.5721291866028707,0.931767883692161,0.8356164383561644,0.8750409648030412,0.8356164383561644,0.8356164383561644,0.8356164383561644,0.769330087134465
7,infgain,minmax,noAug,RandomOverSampler,random_forest,first,0.2,0.1,42,2026-06-03 05:57:07,20260603-054739,log/stroke_prediction_v7/7/infgain/minmax__noAug__RandomOverSampler/random_forest,1780436867126_ba5f39ad17804374279232821,0.8904109589041096,0.5584644730567477,0.6009053497942387,0.5705882352941176,0.9219498174169232,0.8904109589041096,0.9049153908138596,0.8904109589041096,0.8904109589041096,0.8904109589041096,0.7856218915046312
7,infgain,minmax,noAug,RandomOverSampler,random_forest,first,0.3,0.1,42,2026-06-03 05:57:10,20260603-054739,log/stroke_prediction_v7/7/infgain/minmax__noAug__RandomOverSampler/random_forest,1780436867126_ba5f39ad17804374302860168,0.9197651663405088,0.5755352894528152,0.578395061728395,0.5769269602794773,0.9212650786581024,0.9197651663405088,0.9205104667884676,0.9197651663405088,0.9197651663405088,0.9197651663405088,0.8000412235803264
7,infgain,minmax,noAug,RandomOverSampler,random_forest,first,0.5,0.1,42,2026-06-03 05:57:12,20260603-054739,log/stroke_prediction_v7/7/infgain/minmax__noAug__RandomOverSampler/random_forest,1780436867126_ba5f39ad17804374327499504,0.9393346379647748,0.5770459081836328,0.5317695473251028,0.5414387031408306,0.9171988703610392,0.9393346379647748,0.9267959005228438,0.9393346379647748,0.9393346379647748,0.9393346379647748,0.7985704783224385
7,infgain,minmax,noAug,RandomOverSampler,random_forest,last,0.1,0.1,42,2026-06-03 05:57:33,20260603-054739,log/stroke_prediction_v7/7/infgain/noAug__RandomOverSampler__minmax/random_forest,1780436867126_ba5f39ad17804374533982350,0.8356164383561644,0.5623860811930406,0.6859259259259259,0.5721291866028707,0.931767883692161,0.8356164383561644,0.8750409648030412,0.8356164383561644,0.8356164383561644,0.8356164383561644,0.769330087134465
7,infgain,minmax,noAug,RandomOverSampler,random_forest,last,0.2,0.1,42,2026-06-03 05:57:35,20260603-054739,log/stroke_prediction_v7/7/infgain/noAug__RandomOverSampler__minmax/random_forest,1780436867126_ba5f39ad17804374557319587,0.8904109589041096,0.5584644730567477,0.6009053497942387,0.5705882352941176,0.9219498174169232,0.8904109589041096,0.9049153908138596,0.8904109589041096,0.8904109589041096,0.8904109589041096,0.7856218915046312
7,infgain,minmax,noAug,RandomOverSampler,random_forest,last,0.3,0.1,42,2026-06-03 05:57:38,20260603-054739,log/stroke_prediction_v7/7/infgain/noAug__RandomOverSampler__minmax/random_forest,1780436867126_ba5f39ad17804374580872979,0.9197651663405088,0.5755352894528152,0.578395061728395,0.5769269602794773,0.9212650786581024,0.9197651663405088,0.9205104667884676,0.9197651663405088,0.9197651663405088,0.9197651663405088,0.8000412235803264
7,infgain,minmax,noAug,RandomOverSampler,random_forest,last,0.5,0.1,42,2026-06-03 05:57:40,20260603-054739,log/stroke_prediction_v7/7/infgain/noAug__RandomOverSampler__minmax/random_forest,1780436867126_ba5f39ad17804374604954269,0.9393346379647748,0.5770459081836328,0.5317695473251028,0.5414387031408306,0.9171988703610392,0.9393346379647748,0.9267959005228438,0.9393346379647748,0.9393346379647748,0.9393346379647748,0.7985704783224385
7,infgain,minmax,noAug,noImbl,BalancedRandomForest,first,0.1,0.1,42,2026-06-03 05:58:02,20260603-054739,log/stroke_prediction_v7/7/infgain/minmax__noAug__noImbl/BalancedRandomForest,1780436867126_ba5f39ad17804374821330198,0.4344422700587084,0.5245576279292204,0.6267901234567901,0.3543268873430948,0.9358762415758152,0.4344422700587083,0.5595112841869717,0.4344422700587084,0.4344422700587084,0.4344422700587084,0.5195750330491757
7,infgain,minmax,noAug,noImbl,BalancedRandomForest,first,0.2,0.1,42,2026-06-03 05:58:03,20260603-054739,log/stroke_prediction_v7/7/infgain/minmax__noAug__noImbl/BalancedRandomForest,1780436867126_ba5f39ad17804374833241672,0.5675146771037182,0.5297679656885433,0.6588065843621399,0.4285360065176579,0.9344478252791394,0.5675146771037182,0.6827787332643794,0.5675146771037182,0.5675146771037182,0.5675146771037182,0.6060053193417749
7,infgain,minmax,noAug,noImbl,BalancedRandomForest,first,0.3,0.1,42,2026-06-03 05:58:04,20260603-054739,log/stroke_prediction_v7/7/infgain/minmax__noAug__noImbl/BalancedRandomForest,1780436867126_ba5f39ad17804374845006336,0.6731898238747553,0.5437143336690164,0.7143621399176955,0.4904797444547272,0.939000432906405,0.6731898238747553,0.7657390471103905,0.6731898238747553,0.6731898238747553,0.6731898238747553,0.6774164389339814
7,infgain,minmax,noAug,noImbl,BalancedRandomForest,first,0.5,0.1,42,2026-06-03 05:58:05,20260603-054739,log/stroke_prediction_v7/7/infgain/minmax__noAug__noImbl/BalancedRandomForest,1780436867126_ba5f39ad17804374856918650,0.8297455968688845,0.569588564906091,0.7207818930041152,0.5801388298625868,0.93635428886587,0.8297455968688845,0.8721914176542195,0.8297455968688845,0.8297455968688845,0.8297455968688845,0.7724202505526823
7,infgain,minmax,noAug,noImbl,BalancedRandomForest,last,0.1,0.1,42,2026-06-03 05:58:17,20260603-054739,log/stroke_prediction_v7/7/infgain/noAug__noImbl__minmax/BalancedRandomForest,1780436867126_ba5f39ad17804374970806849,0.4344422700587084,0.5245576279292204,0.6267901234567901,0.3543268873430948,0.9358762415758152,0.4344422700587083,0.5595112841869717,0.4344422700587084,0.4344422700587084,0.4344422700587084,0.5195750330491757
7,infgain,minmax,noAug,noImbl,BalancedRandomForest,last,0.2,0.1,42,2026-06-03 05:58:18,20260603-054739,log/stroke_prediction_v7/7/infgain/noAug__noImbl__minmax/BalancedRandomForest,1780436867126_ba5f39ad17804374983277273,0.5675146771037182,0.5297679656885433,0.6588065843621399,0.4285360065176579,0.9344478252791394,0.5675146771037182,0.6827787332643794,0.5675146771037182,0.5675146771037182,0.5675146771037182,0.6060053193417749
7,infgain,minmax,noAug,noImbl,BalancedRandomForest,last,0.3,0.1,42,2026-06-03 05:58:19,20260603-054739,log/stroke_prediction_v7/7/infgain/noAug__noImbl__minmax/BalancedRandomForest,1780436867126_ba5f39ad17804374995633828,0.6731898238747553,0.5437143336690164,0.7143621399176955,0.4904797444547272,0.939000432906405,0.6731898238747553,0.7657390471103905,0.6731898238747553,0.6731898238747553,0.6731898238747553,0.6774164389339814
7,infgain,minmax,noAug,noImbl,BalancedRandomForest,last,0.5,0.1,42,2026-06-03 05:58:20,20260603-054739,log/stroke_prediction_v7/7/infgain/noAug__noImbl__minmax/BalancedRandomForest,1780436867126_ba5f39ad17804375007878710,0.8297455968688845,0.569588564906091,0.7207818930041152,0.5801388298625868,0.93635428886587,0.8297455968688845,0.8721914176542195,0.8297455968688845,0.8297455968688845,0.8297455968688845,0.7724202505526823
7,infgain,minmax,noAug,noImbl,GradientBoosting,first,0.1,0.1,42,2026-06-03 05:58:01,20260603-054739,log/stroke_prediction_v7/7/infgain/minmax__noAug__noImbl/GradientBoosting,1780436867126_ba5f39ad17804374817559941,0.8708414872798435,0.5585720713964302,0.628559670781893,0.5719616204690832,0.924872836593004,0.8708414872798435,0.8946398841687564,0.8708414872798435,0.8708414872798435,0.8708414872798435,0.7795272784847458
7,infgain,minmax,noAug,noImbl,GradientBoosting,first,0.2,0.1,42,2026-06-03 05:58:02,20260603-054739,log/stroke_prediction_v7/7/infgain/minmax__noAug__noImbl/GradientBoosting,1780436867126_ba5f39ad17804374829370187,0.9275929549902152,0.5931864658858524,0.5825102880658436,0.5874086197490452,0.923296511875384,0.9275929549902152,0.9253934873054664,0.9275929549902152,0.9275929549902152,0.9275929549902152,0.8078568246369706
7,infgain,minmax,noAug,noImbl,GradientBoosting,first,0.3,0.1,42,2026-06-03 05:58:04,20260603-054739,log/stroke_prediction_v7/7/infgain/minmax__noAug__noImbl/GradientBoosting,1780436867126_ba5f39ad17804374841303749,0.9452054794520548,0.6608181818181817,0.572798353909465,0.5969123281496507,0.9289215442092154,0.9452054794520548,0.9349399970978788,0.9452054794520548,0.9452054794520548,0.9452054794520548,0.8241138485616374
7,infgain,minmax,noAug,noImbl,GradientBoosting,first,0.5,0.1,42,2026-06-03 05:58:05,20260603-054739,log/stroke_prediction_v7/7/infgain/minmax__noAug__noImbl/GradientBoosting,1780436867126_ba5f39ad17804374853182979,0.949119373776908,0.6430446194225722,0.5179423868312758,0.5226358148893361,0.9224514743876192,0.949119373776908,0.9296936216122568,0.949119373776908,0.949119373776908,0.949119373776908,0.8058410130501487
7,infgain,minmax,noAug,noImbl,GradientBoosting,last,0.1,0.1,42,2026-06-03 05:58:16,20260603-054739,log/stroke_prediction_v7/7/infgain/noAug__noImbl__minmax/GradientBoosting,1780436867126_ba5f39ad17804374966830655,0.8708414872798435,0.5585720713964302,0.628559670781893,0.5719616204690832,0.924872836593004,0.8708414872798435,0.8946398841687564,0.8708414872798435,0.8708414872798435,0.8708414872798435,0.7795272784847458
7,infgain,minmax,noAug,noImbl,GradientBoosting,last,0.2,0.1,42,2026-06-03 05:58:17,20260603-054739,log/stroke_prediction_v7/7/infgain/noAug__noImbl__minmax/GradientBoosting,1780436867126_ba5f39ad17804374979328339,0.9275929549902152,0.5931864658858524,0.5825102880658436,0.5874086197490452,0.923296511875384,0.9275929549902152,0.9253934873054664,0.9275929549902152,0.9275929549902152,0.9275929549902152,0.8078568246369706
7,infgain,minmax,noAug,noImbl,GradientBoosting,last,0.3,0.1,42,2026-06-03 05:58:19,20260603-054739,log/stroke_prediction_v7/7/infgain/noAug__noImbl__minmax/GradientBoosting,1780436867126_ba5f39ad17804374991749213,0.9452054794520548,0.6608181818181817,0.572798353909465,0.5969123281496507,0.9289215442092154,0.9452054794520548,0.9349399970978788,0.9452054794520548,0.9452054794520548,0.9452054794520548,0.8241138485616374
7,infgain,minmax,noAug,noImbl,GradientBoosting,last,0.5,0.1,42,2026-06-03 05:58:20,20260603-054739,log/stroke_prediction_v7/7/infgain/noAug__noImbl__minmax/GradientBoosting,1780436867126_ba5f39ad17804375003975678,0.949119373776908,0.6430446194225722,0.5179423868312758,0.5226358148893361,0.9224514743876192,0.949119373776908,0.9296936216122568,0.949119373776908,0.949119373776908,0.949119373776908,0.8058410130501487
7,infgain,minmax,noAug,noImbl,LogisticRegression,first,0.1,0.1,42,2026-06-03 05:58:01,20260603-054739,log/stroke_prediction_v7/7/infgain/minmax__noAug__noImbl/LogisticRegression,1780436867126_ba5f39ad17804374814238657,0.8532289628180039,0.582149071925754,0.733127572016461,0.6019629225736096,0.9381827747785378,0.8532289628180039,0.8872674658067767,0.8532289628180039,0.8532289628180039,0.8532289628180039,0.7900220852563347
7,infgain,minmax,noAug,noImbl,LogisticRegression,first,0.2,0.1,42,2026-06-03 05:58:02,20260603-054739,log/stroke_prediction_v7/7/infgain/minmax__noAug__noImbl/LogisticRegression,1780436867126_ba5f39ad17804374825959316,0.9256360078277888,0.6004526748971194,0.6004526748971194,0.6004526748971194,0.9256360078277888,0.9256360078277888,0.9256360078277888,0.9256360078277888,0.9256360078277888,0.9256360078277884,0.8118218413020541
7,infgain,minmax,noAug,noImbl,LogisticRegression,first,0.3,0.1,42,2026-06-03 05:58:03,20260603-054739,log/stroke_prediction_v7/7/infgain/minmax__noAug__noImbl/LogisticRegression,1780436867126_ba5f39ad17804374837834716,0.9510763209393346,0.7282178217821782,0.5569135802469136,0.5841606718531298,0.9341051326267656,0.9510763209393348,0.936552576496339,0.9510763209393346,0.9510763209393346,0.9510763209393346,0.8304611690937398
7,infgain,minmax,noAug,noImbl,LogisticRegression,first,0.5,0.1,42,2026-06-03 05:58:04,20260603-054739,log/stroke_prediction_v7/7/infgain/minmax__noAug__noImbl/LogisticRegression,1780436867126_ba5f39ad17804374849693473,0.9510763209393346,0.4755381604696673,0.5,0.4874623871614844,0.9045461682515002,0.9510763209393346,0.9272278675557002,0.9510763209393346,0.9510763209393346,0.9510763209393346,0.7806424994554282
7,infgain,minmax,noAug,noImbl,LogisticRegression,last,0.1,0.1,42,2026-06-03 05:58:16,20260603-054739,log/stroke_prediction_v7/7/infgain/noAug__noImbl__minmax/LogisticRegression,1780436867126_ba5f39ad17804374963294108,0.8532289628180039,0.582149071925754,0.733127572016461,0.6019629225736096,0.9381827747785378,0.8532289628180039,0.8872674658067767,0.8532289628180039,0.8532289628180039,0.8532289628180039,0.7900220852563347
7,infgain,minmax,noAug,noImbl,LogisticRegression,last,0.2,0.1,42,2026-06-03 05:58:17,20260603-054739,log/stroke_prediction_v7/7/infgain/noAug__noImbl__minmax/LogisticRegression,1780436867126_ba5f39ad17804374975795032,0.9275929549902152,0.6054928131416838,0.6014814814814814,0.6034356188518573,0.926201593686334,0.9275929549902152,0.9268913157345046,0.9275929549902152,0.9275929549902152,0.9275929549902152,0.8139038110149901
7,infgain,minmax,noAug,noImbl,LogisticRegression,last,0.3,0.1,42,2026-06-03 05:58:18,20260603-054739,log/stroke_prediction_v7/7/infgain/noAug__noImbl__minmax/LogisticRegression,1780436867126_ba5f39ad17804374988010527,0.9510763209393346,0.7282178217821782,0.5569135802469136,0.5841606718531298,0.9341051326267656,0.9510763209393348,0.936552576496339,0.9510763209393346,0.9510763209393346,0.9510763209393346,0.8304611690937398
7,infgain,minmax,noAug,noImbl,LogisticRegression,last,0.5,0.1,42,2026-06-03 05:58:20,20260603-054739,log/stroke_prediction_v7/7/infgain/noAug__noImbl__minmax/LogisticRegression,1780436867126_ba5f39ad17804375000437384,0.9510763209393346,0.4755381604696673,0.5,0.4874623871614844,0.9045461682515002,0.9510763209393346,0.9272278675557002,0.9510763209393346,0.9510763209393346,0.9510763209393346,0.7806424994554282
7,infgain,minmax,noAug,noImbl,XGBmodel,first,0.1,0.1,42,2026-06-03 05:58:01,20260603-054739,log/stroke_prediction_v7/7/infgain/minmax__noAug__noImbl/XGBmodel,1780436867126_ba5f39ad17804374813355477,0.8806262230919765,0.5855875831485589,0.6906172839506173,0.6086257768849269,0.9334464399616422,0.8806262230919765,0.902973677592556,0.8806262230919765,0.8806262230919765,0.8806262230919764,0.7999555381144946
7,infgain,minmax,noAug,noImbl,XGBmodel,first,0.2,0.1,42,2026-06-03 05:58:02,20260603-054739,log/stroke_prediction_v7/7/infgain/minmax__noAug__noImbl/XGBmodel,1780436867126_ba5f39ad17804374825113064,0.9412915851272016,0.6327618164967563,0.5707407407407408,0.5900192554557124,0.9260241326588908,0.9412915851272016,0.9323798135499122,0.9412915851272016,0.9412915851272016,0.9412915851272016,0.817829163391363
7,infgain,minmax,noAug,noImbl,XGBmodel,first,0.3,0.1,42,2026-06-03 05:58:03,20260603-054739,log/stroke_prediction_v7/7/infgain/minmax__noAug__noImbl/XGBmodel,1780436867126_ba5f39ad17804374836998884,0.9452054794520548,0.6608181818181817,0.572798353909465,0.5969123281496507,0.9289215442092154,0.9452054794520548,0.9349399970978788,0.9452054794520548,0.9452054794520548,0.9452054794520548,0.8241138485616374
7,infgain,minmax,noAug,noImbl,XGBmodel,first,0.5,0.1,42,2026-06-03 05:58:04,20260603-054739,log/stroke_prediction_v7/7/infgain/minmax__noAug__noImbl/XGBmodel,1780436867126_ba5f39ad17804374848828769,0.9510763209393346,0.7264243614931238,0.5189711934156378,0.5244742229666852,0.9306936973998362,0.9510763209393344,0.9308039071927005,0.9510763209393346,0.9510763209393346,0.9510763209393346,0.8163311731305013
7,infgain,minmax,noAug,noImbl,XGBmodel,last,0.1,0.1,42,2026-06-03 05:58:16,20260603-054739,log/stroke_prediction_v7/7/infgain/noAug__noImbl__minmax/XGBmodel,1780436867126_ba5f39ad17804374962396165,0.8806262230919765,0.5855875831485589,0.6906172839506173,0.6086257768849269,0.9334464399616422,0.8806262230919765,0.902973677592556,0.8806262230919765,0.8806262230919765,0.8806262230919764,0.7999555381144946
7,infgain,minmax,noAug,noImbl,XGBmodel,last,0.2,0.1,42,2026-06-03 05:58:17,20260603-054739,log/stroke_prediction_v7/7/infgain/noAug__noImbl__minmax/XGBmodel,1780436867126_ba5f39ad17804374974902021,0.9412915851272016,0.6327618164967563,0.5707407407407408,0.5900192554557124,0.9260241326588908,0.9412915851272016,0.9323798135499122,0.9412915851272016,0.9412915851272016,0.9412915851272016,0.817829163391363
7,infgain,minmax,noAug,noImbl,XGBmodel,last,0.3,0.1,42,2026-06-03 05:58:18,20260603-054739,log/stroke_prediction_v7/7/infgain/noAug__noImbl__minmax/XGBmodel,1780436867126_ba5f39ad17804374987133231,0.9452054794520548,0.6608181818181817,0.572798353909465,0.5969123281496507,0.9289215442092154,0.9452054794520548,0.9349399970978788,0.9452054794520548,0.9452054794520548,0.9452054794520548,0.8241138485616374
7,infgain,minmax,noAug,noImbl,XGBmodel,last,0.5,0.1,42,2026-06-03 05:58:19,20260603-054739,log/stroke_prediction_v7/7/infgain/noAug__noImbl__minmax/XGBmodel,1780436867126_ba5f39ad17804374999520202,0.9510763209393346,0.7264243614931238,0.5189711934156378,0.5244742229666852,0.9306936973998362,0.9510763209393344,0.9308039071927005,0.9510763209393346,0.9510763209393346,0.9510763209393346,0.8163311731305013
7,infgain,minmax,noAug,noImbl,random_forest,first,0.1,0.1,42,2026-06-03 05:58:01,20260603-054739,log/stroke_prediction_v7/7/infgain/minmax__noAug__noImbl/random_forest,1780436867126_ba5f39ad17804374812349740,0.8297455968688845,0.5544733242134063,0.6638683127572016,0.5603583825318182,0.9288111345207086,0.8297455968688845,0.8708271470552872,0.8297455968688845,0.8297455968688845,0.8297455968688845,0.7612913453347511
7,infgain,minmax,noAug,noImbl,random_forest,first,0.2,0.1,42,2026-06-03 05:58:02,20260603-054739,log/stroke_prediction_v7/7/infgain/minmax__noAug__noImbl/random_forest,1780436867126_ba5f39ad17804374824061367,0.898238747553816,0.5567959582790091,0.5860493827160493,0.5666101252609603,0.9203181888926028,0.898238747553816,0.908625326328089,0.898238747553816,0.898238747553816,0.898238747553816,0.7868971697486499
7,infgain,minmax,noAug,noImbl,random_forest,first,0.3,0.1,42,2026-06-03 05:58:03,20260603-054739,log/stroke_prediction_v7/7/infgain/minmax__noAug__noImbl/random_forest,1780436867126_ba5f39ad17804374835981987,0.9315068493150684,0.5898129366689204,0.56559670781893,0.5751478727700311,0.9214358708370768,0.9315068493150684,0.9261766936829846,0.9315068493150684,0.9315068493150684,0.9315068493150684,0.8054859762264723
7,infgain,minmax,noAug,noImbl,random_forest,first,0.5,0.1,42,2026-06-03 05:58:04,20260603-054739,log/stroke_prediction_v7/7/infgain/minmax__noAug__noImbl/random_forest,1780436867126_ba5f39ad17804374847775232,0.9510763209393346,0.7273175542406312,0.5379423868312758,0.5563774004236552,0.9323926863442143,0.9510763209393348,0.9338798949417636,0.9510763209393346,0.9510763209393346,0.9510763209393346,0.8237343854221587
7,infgain,minmax,noAug,noImbl,random_forest,last,0.1,0.1,42,2026-06-03 05:58:16,20260603-054739,log/stroke_prediction_v7/7/infgain/noAug__noImbl__minmax/random_forest,1780436867126_ba5f39ad17804374961353151,0.8297455968688845,0.5544733242134063,0.6638683127572016,0.5603583825318182,0.9288111345207086,0.8297455968688845,0.8708271470552872,0.8297455968688845,0.8297455968688845,0.8297455968688845,0.7612913453347511
7,infgain,minmax,noAug,noImbl,random_forest,last,0.2,0.1,42,2026-06-03 05:58:17,20260603-054739,log/stroke_prediction_v7/7/infgain/noAug__noImbl__minmax/random_forest,1780436867126_ba5f39ad17804374973822064,0.898238747553816,0.5567959582790091,0.5860493827160493,0.5666101252609603,0.9203181888926028,0.898238747553816,0.908625326328089,0.898238747553816,0.898238747553816,0.898238747553816,0.7868971697486499
7,infgain,minmax,noAug,noImbl,random_forest,last,0.3,0.1,42,2026-06-03 05:58:18,20260603-054739,log/stroke_prediction_v7/7/infgain/noAug__noImbl__minmax/random_forest,1780436867126_ba5f39ad17804374986067961,0.9315068493150684,0.5898129366689204,0.56559670781893,0.5751478727700311,0.9214358708370768,0.9315068493150684,0.9261766936829846,0.9315068493150684,0.9315068493150684,0.9315068493150684,0.8054859762264723
7,infgain,minmax,noAug,noImbl,random_forest,last,0.5,0.1,42,2026-06-03 05:58:19,20260603-054739,log/stroke_prediction_v7/7/infgain/noAug__noImbl__minmax/random_forest,1780436867126_ba5f39ad17804374998462743,0.9510763209393346,0.7273175542406312,0.5379423868312758,0.5563774004236552,0.9323926863442143,0.9510763209393348,0.9338798949417636,0.9510763209393346,0.9510763209393346,0.9510763209393346,0.8237343854221587
7,infgain,standard,gaussian_noise,ADASYN,BalancedRandomForest,first,0.1,0.1,42,2026-06-03 05:58:43,20260603-054739,log/stroke_prediction_v7/7/infgain/standard__gaussian_noise__ADASYN/BalancedRandomForest,1780436867126_ba5f39ad17804375237363950,0.7201565557729941,0.5524467316720838,0.7390534979423868,0.5199545397809763,0.9409604447902732,0.7201565557729941,0.7996306893940678,0.7201565557729941,0.7201565557729941,0.7201565557729941,0.7092464741259284
7,infgain,standard,gaussian_noise,ADASYN,BalancedRandomForest,first,0.2,0.1,42,2026-06-03 05:58:56,20260603-054739,log/stroke_prediction_v7/7/infgain/standard__gaussian_noise__ADASYN/BalancedRandomForest,1780436867126_ba5f39ad17804375362082886,0.8395303326810176,0.5792241333404333,0.7448971193415638,0.595196692170956,0.9395879708659868,0.8395303326810176,0.8789191311511535,0.8395303326810176,0.8395303326810176,0.8395303326810175,0.7833004289255218
7,infgain,standard,gaussian_noise,ADASYN,BalancedRandomForest,first,0.3,0.1,42,2026-06-03 05:59:08,20260603-054739,log/stroke_prediction_v7/7/infgain/standard__gaussian_noise__ADASYN/BalancedRandomForest,1780436867126_ba5f39ad17804375483657899,0.8551859099804305,0.567351598173516,0.6772427983539094,0.5824056895485468,0.9308902769214272,0.8551859099804305,0.8868891801516907,0.8551859099804305,0.8551859099804305,0.8551859099804305,0.7800170617920928
7,infgain,standard,gaussian_noise,ADASYN,BalancedRandomForest,first,0.5,0.1,42,2026-06-03 05:59:20,20260603-054739,log/stroke_prediction_v7/7/infgain/standard__gaussian_noise__ADASYN/BalancedRandomForest,1780436867126_ba5f39ad17804375603122356,0.9158512720156556,0.6081578947368421,0.6522222222222223,0.6251684549905323,0.9312709856833866,0.9158512720156556,0.9229568519873808,0.9158512720156556,0.9158512720156556,0.9158512720156556,0.8177244151171941
7,infgain,standard,gaussian_noise,ADASYN,BalancedRandomForest,last,0.1,0.1,42,2026-06-03 06:01:04,20260603-054739,log/stroke_prediction_v7/7/infgain/gaussian_noise__ADASYN__standard/BalancedRandomForest,1780436867126_ba5f39ad17804376644003240,0.6790606653620352,0.5410119047619047,0.698477366255144,0.490243309002433,0.936294380766005,0.6790606653620352,0.7701301298441585,0.6790606653620352,0.6790606653620352,0.6790606653620352,0.678258647150108
7,infgain,standard,gaussian_noise,ADASYN,BalancedRandomForest,last,0.2,0.1,42,2026-06-03 06:01:15,20260603-054739,log/stroke_prediction_v7/7/infgain/gaussian_noise__ADASYN__standard/BalancedRandomForest,1780436867126_ba5f39ad17804376752234625,0.8023483365949119,0.5490555635457116,0.6684362139917696,0.5459376237188228,0.9294072520658462,0.8023483365949119,0.8537640264164192,0.8023483365949119,0.8023483365949119,0.802348336594912,0.7455844851185836
7,infgain,standard,gaussian_noise,ADASYN,BalancedRandomForest,last,0.3,0.1,42,2026-06-03 06:01:26,20260603-054739,log/stroke_prediction_v7/7/infgain/gaussian_noise__ADASYN__standard/BalancedRandomForest,1780436867126_ba5f39ad17804376860417550,0.8532289628180039,0.5604435585927613,0.6572427983539094,0.5728615213151296,0.9282203197585293,0.8532289628180039,0.8850581168050453,0.8532289628180039,0.8532289628180039,0.8532289628180039,0.7745701985157476
7,infgain,standard,gaussian_noise,ADASYN,BalancedRandomForest,last,0.5,0.1,42,2026-06-03 06:01:36,20260603-054739,log/stroke_prediction_v7/7/infgain/gaussian_noise__ADASYN__standard/BalancedRandomForest,1780436867126_ba5f39ad17804376964758093,0.9080234833659492,0.5448371448371448,0.5532510288065844,0.5484253078875623,0.9160763955284504,0.9080234833659492,0.91196644581637,0.9080234833659492,0.9080234833659492,0.9080234833659492,0.7836846133191873
7,infgain,standard,gaussian_noise,ADASYN,GradientBoosting,first,0.1,0.1,42,2026-06-03 05:58:36,20260603-054739,log/stroke_prediction_v7/7/infgain/standard__gaussian_noise__ADASYN/GradientBoosting,1780436867126_ba5f39ad17804375160756315,0.512720156555773,0.5313104189044039,0.6679423868312757,0.401850310970708,0.9394109399862532,0.512720156555773,0.6341730328557758,0.512720156555773,0.512720156555773,0.512720156555773,0.5743579387684749
7,infgain,standard,gaussian_noise,ADASYN,GradientBoosting,first,0.2,0.1,42,2026-06-03 05:58:48,20260603-054739,log/stroke_prediction_v7/7/infgain/standard__gaussian_noise__ADASYN/GradientBoosting,1780436867126_ba5f39ad17804375285209054,0.5792563600782779,0.5380901619082932,0.7029218106995885,0.4411891864398158,0.9418692545968664,0.5792563600782779,0.691775670878127,0.5792563600782779,0.5792563600782779,0.5792563600782779,0.6199353953494773
7,infgain,standard,gaussian_noise,ADASYN,GradientBoosting,first,0.3,0.1,42,2026-06-03 05:59:00,20260603-054739,log/stroke_prediction_v7/7/infgain/standard__gaussian_noise__ADASYN/GradientBoosting,1780436867126_ba5f39ad17804375408623223,0.6301369863013698,0.5373209651062194,0.6917283950617283,0.4648325160003325,0.9372105517507464,0.6301369863013698,0.7331612512425094,0.6301369863013698,0.6301369863013698,0.6301369863013698,0.6483798507988435
7,infgain,standard,gaussian_noise,ADASYN,GradientBoosting,first,0.5,0.1,42,2026-06-03 05:59:12,20260603-054739,log/stroke_prediction_v7/7/infgain/standard__gaussian_noise__ADASYN/GradientBoosting,1780436867126_ba5f39ad17804375529592940,0.7514677103718199,0.5518333333333334,0.7175720164609054,0.531838610311569,0.9369021526418788,0.7514677103718199,0.8211215106766423,0.7514677103718199,0.7514677103718199,0.7514677103718198,0.7241618525405713
7,infgain,standard,gaussian_noise,ADASYN,GradientBoosting,last,0.1,0.1,42,2026-06-03 06:00:58,20260603-054739,log/stroke_prediction_v7/7/infgain/gaussian_noise__ADASYN__standard/GradientBoosting,1780436867126_ba5f39ad17804376580678307,0.4168297455968688,0.5386996904024768,0.6934156378600823,0.3507708312016099,0.9548629834053304,0.4168297455968688,0.5376000308102872,0.4168297455968688,0.4168297455968688,0.4168297455968688,0.5186853587073209
7,infgain,standard,gaussian_noise,ADASYN,GradientBoosting,last,0.2,0.1,42,2026-06-03 06:01:08,20260603-054739,log/stroke_prediction_v7/7/infgain/gaussian_noise__ADASYN__standard/GradientBoosting,1780436867126_ba5f39ad17804376687856865,0.471624266144814,0.5386620534176659,0.7032510288065843,0.3837103344768439,0.950720985854796,0.471624266144814,0.5937016427614773,0.471624266144814,0.471624266144814,0.471624266144814,0.5545249098515783
7,infgain,standard,gaussian_noise,ADASYN,GradientBoosting,last,0.3,0.1,42,2026-06-03 06:01:19,20260603-054739,log/stroke_prediction_v7/7/infgain/gaussian_noise__ADASYN__standard/GradientBoosting,1780436867126_ba5f39ad17804376795769240,0.5772994129158513,0.5413737280296022,0.7208641975308643,0.4428831011508176,0.9453186239457196,0.5772994129158513,0.6897592753487479,0.5772994129158513,0.5772994129158513,0.5772994129158513,0.6215717765918938
7,infgain,standard,gaussian_noise,ADASYN,GradientBoosting,last,0.5,0.1,42,2026-06-03 06:01:30,20260603-054739,log/stroke_prediction_v7/7/infgain/gaussian_noise__ADASYN__standard/GradientBoosting,1780436867126_ba5f39ad17804376902084109,0.7710371819960861,0.5352684417285029,0.6330041152263375,0.5187045668606757,0.9248361451813916,0.7710371819960861,0.8330973657185788,0.7710371819960861,0.7710371819960861,0.7710371819960861,0.7204960328989457
7,infgain,standard,gaussian_noise,ADASYN,LogisticRegression,first,0.1,0.1,42,2026-06-03 05:58:33,20260603-054739,log/stroke_prediction_v7/7/infgain/standard__gaussian_noise__ADASYN/LogisticRegression,1780436867126_ba5f39ad17804375136591254,0.0645792563600782,0.5248508946322068,0.5082304526748971,0.0635428168322905,0.9535079153260476,0.0645792563600782,0.0354370155199282,0.0645792563600782,0.0645792563600782,0.0645792563600782,0.2393376036601792
7,infgain,standard,gaussian_noise,ADASYN,LogisticRegression,first,0.2,0.1,42,2026-06-03 05:58:46,20260603-054739,log/stroke_prediction_v7/7/infgain/standard__gaussian_noise__ADASYN/LogisticRegression,1780436867126_ba5f39ad17804375260893594,0.2778864970645792,0.531725888324873,0.6203703703703703,0.253695721867987,0.954180615295976,0.2778864970645792,0.3749125410596068,0.2778864970645792,0.2778864970645792,0.2778864970645792,0.4160735256640925
7,infgain,standard,gaussian_noise,ADASYN,LogisticRegression,first,0.3,0.1,42,2026-06-03 05:58:58,20260603-054739,log/stroke_prediction_v7/7/infgain/standard__gaussian_noise__ADASYN/LogisticRegression,1780436867126_ba5f39ad17804375385065523,0.4168297455968688,0.5231292517006803,0.6175308641975308,0.3432896325685699,0.9349281787078824,0.4168297455968688,0.5415468963466157,0.4168297455968688,0.4168297455968688,0.4168297455968688,0.5070162070366346
7,infgain,standard,gaussian_noise,ADASYN,LogisticRegression,first,0.5,0.1,42,2026-06-03 05:59:10,20260603-054739,log/stroke_prediction_v7/7/infgain/standard__gaussian_noise__ADASYN/LogisticRegression,1780436867126_ba5f39ad17804375506187464,0.700587084148728,0.5485332634887377,0.7287654320987654,0.5074186780577239,0.9401355613896069,0.700587084148728,0.7857019130825766,0.700587084148728,0.700587084148728,0.700587084148728,0.6959463480282471
7,infgain,standard,gaussian_noise,ADASYN,LogisticRegression,last,0.1,0.1,42,2026-06-03 06:00:55,20260603-054739,log/stroke_prediction_v7/7/infgain/gaussian_noise__ADASYN__standard/LogisticRegression,1780436867126_ba5f39ad17804376557960975,0.0508806262230919,0.5245098039215687,0.5010288065843621,0.0487823600529658,0.953474540501132,0.0508806262230919,0.0084781640351274,0.0508806262230919,0.0508806262230919,0.0508806262230919,0.226842644203157
7,infgain,standard,gaussian_noise,ADASYN,LogisticRegression,last,0.2,0.1,42,2026-06-03 06:01:06,20260603-054739,log/stroke_prediction_v7/7/infgain/gaussian_noise__ADASYN__standard/LogisticRegression,1780436867126_ba5f39ad17804376665213518,0.0880626223091976,0.525458248472505,0.5205761316872428,0.0879753041027054,0.9535673432947656,0.0880626223091976,0.0799245654641307,0.0880626223091976,0.0880626223091976,0.0880626223091976,0.2603702017041557
7,infgain,standard,gaussian_noise,ADASYN,LogisticRegression,last,0.3,0.1,42,2026-06-03 06:01:17,20260603-054739,log/stroke_prediction_v7/7/infgain/gaussian_noise__ADASYN__standard/LogisticRegression,1780436867126_ba5f39ad17804376772697239,0.2700587084148728,0.5314070351758794,0.6162551440329218,0.2477494010900752,0.954149416357718,0.2700587084148728,0.3646197496892987,0.2700587084148728,0.2700587084148728,0.2700587084148728,0.410060015539507
7,infgain,standard,gaussian_noise,ADASYN,LogisticRegression,last,0.5,0.1,42,2026-06-03 06:01:27,20260603-054739,log/stroke_prediction_v7/7/infgain/gaussian_noise__ADASYN__standard/LogisticRegression,1780436867126_ba5f39ad17804376879726490,0.5772994129158513,0.5308464182848648,0.6639506172839507,0.4341781496062992,0.934899824414766,0.5772994129158513,0.6909053962432778,0.5772994129158513,0.5772994129158513,0.5772994129158513,0.6126519830421351
7,infgain,standard,gaussian_noise,ADASYN,XGBmodel,first,0.1,0.1,42,2026-06-03 05:58:33,20260603-054739,log/stroke_prediction_v7/7/infgain/standard__gaussian_noise__ADASYN/XGBmodel,1780436867126_ba5f39ad17804375132329540,0.5420743639921722,0.5341403616304016,0.6833744855967079,0.4192504953957337,0.9405375937166583,0.5420743639921722,0.660194339748747,0.5420743639921722,0.5420743639921722,0.5420743639921722,0.5945517149629177
7,infgain,standard,gaussian_noise,ADASYN,XGBmodel,first,0.2,0.1,42,2026-06-03 05:58:45,20260603-054739,log/stroke_prediction_v7/7/infgain/standard__gaussian_noise__ADASYN/XGBmodel,1780436867126_ba5f39ad17804375257707537,0.5929549902152642,0.5396736596736597,0.7101234567901235,0.4492849740932643,0.9423407642585724,0.5929549902152642,0.7030469565922757,0.5929549902152642,0.5929549902152642,0.5929549902152642,0.6292455737611722
7,infgain,standard,gaussian_noise,ADASYN,XGBmodel,first,0.3,0.1,42,2026-06-03 05:58:58,20260603-054739,log/stroke_prediction_v7/7/infgain/standard__gaussian_noise__ADASYN/XGBmodel,1780436867126_ba5f39ad17804375381995873,0.6477495107632094,0.543370658876988,0.7199588477366256,0.4786896395375198,0.941045458212096,0.6477495107632094,0.7465130094173924,0.6477495107632094,0.6477495107632094,0.6477495107632094,0.6633176981310914
7,infgain,standard,gaussian_noise,ADASYN,XGBmodel,first,0.5,0.1,42,2026-06-03 05:59:10,20260603-054739,log/stroke_prediction_v7/7/infgain/standard__gaussian_noise__ADASYN/XGBmodel,1780436867126_ba5f39ad17804375502939394,0.7788649706457925,0.5551577152600171,0.7130041152263374,0.5459206542680769,0.9357076958240116,0.7788649706457925,0.8393286593230685,0.7788649706457925,0.7788649706457925,0.7788649706457925,0.739720337928025
7,infgain,standard,gaussian_noise,ADASYN,XGBmodel,last,0.1,0.1,42,2026-06-03 06:00:55,20260603-054739,log/stroke_prediction_v7/7/infgain/gaussian_noise__ADASYN__standard/XGBmodel,1780436867126_ba5f39ad17804376554772174,0.4285714285714285,0.5355442176870749,0.6806172839506173,0.3565119889598068,0.9499514091350828,0.4285714285714285,0.5507774957490328,0.4285714285714285,0.4285714285714285,0.4285714285714285,0.5241332852121747
7,infgain,standard,gaussian_noise,ADASYN,XGBmodel,last,0.2,0.1,42,2026-06-03 06:01:06,20260603-054739,log/stroke_prediction_v7/7/infgain/gaussian_noise__ADASYN__standard/XGBmodel,1780436867126_ba5f39ad17804376662089683,0.5107632093933464,0.5418552036199096,0.7238271604938271,0.4078849790500204,0.9513811847183552,0.5107632093933464,0.6305463132672658,0.5107632093933464,0.5107632093933464,0.5107632093933464,0.5817763324881405
7,infgain,standard,gaussian_noise,ADASYN,XGBmodel,last,0.3,0.1,42,2026-06-03 06:01:16,20260603-054739,log/stroke_prediction_v7/7/infgain/gaussian_noise__ADASYN__standard/XGBmodel,1780436867126_ba5f39ad17804376769465452,0.6164383561643836,0.5425843652519141,0.7224691358024691,0.4632352941176471,0.9431336571418952,0.6164383561643836,0.7219408311269714,0.6164383561643836,0.6164383561643836,0.6164383561643836,0.645170477072074
7,infgain,standard,gaussian_noise,ADASYN,XGBmodel,last,0.5,0.1,42,2026-06-03 06:01:27,20260603-054739,log/stroke_prediction_v7/7/infgain/gaussian_noise__ADASYN__standard/XGBmodel,1780436867126_ba5f39ad17804376877195248,0.7906066536203522,0.5255352798053529,0.5863786008230453,0.5123567447045708,0.9184545831131172,0.7906066536203522,0.8446707550936259,0.7906066536203522,0.7906066536203522,0.7906066536203522,0.7228336327920217
7,infgain,standard,gaussian_noise,ADASYN,random_forest,first,0.1,0.1,42,2026-06-03 05:58:33,20260603-054739,log/stroke_prediction_v7/7/infgain/standard__gaussian_noise__ADASYN/random_forest,1780436867126_ba5f39ad17804375131048021,0.7064579256360078,0.5496615189337847,0.7318518518518519,0.5111357722332772,0.9403812134728382,0.7064579256360078,0.7899082574303633,0.7064579256360078,0.7064579256360078,0.7064579256360078,0.6999292331297966
7,infgain,standard,gaussian_noise,ADASYN,random_forest,first,0.2,0.1,42,2026-06-03 05:58:45,20260603-054739,log/stroke_prediction_v7/7/infgain/standard__gaussian_noise__ADASYN/random_forest,1780436867126_ba5f39ad17804375256520677,0.8258317025440313,0.5724899598393574,0.7376954732510288,0.5828418378110639,0.938604515911002,0.8258317025440313,0.8700683189441357,0.8258317025440313,0.8258317025440313,0.8258317025440313,0.7731481994310311
7,infgain,standard,gaussian_noise,ADASYN,random_forest,first,0.3,0.1,42,2026-06-03 05:58:58,20260603-054739,log/stroke_prediction_v7/7/infgain/standard__gaussian_noise__ADASYN/random_forest,1780436867126_ba5f39ad17804375380754349,0.8610567514677103,0.5871899576527525,0.7372427983539094,0.6099697917674503,0.938868486757754,0.8610567514677103,0.8922895196255474,0.8610567514677103,0.8610567514677103,0.8610567514677103,0.7960917215724752
7,infgain,standard,gaussian_noise,ADASYN,random_forest,first,0.5,0.1,42,2026-06-03 05:59:10,20260603-054739,log/stroke_prediction_v7/7/infgain/standard__gaussian_noise__ADASYN/random_forest,1780436867126_ba5f39ad17804375501771132,0.9178082191780822,0.611764705882353,0.6532510288065844,0.6281704781704782,0.931687743590587,0.9178082191780822,0.9242303420385614,0.9178082191780822,0.9178082191780822,0.9178082191780822,0.8196537585305411
7,infgain,standard,gaussian_noise,ADASYN,random_forest,last,0.1,0.1,42,2026-06-03 06:00:55,20260603-054739,log/stroke_prediction_v7/7/infgain/gaussian_noise__ADASYN__standard/random_forest,1780436867126_ba5f39ad17804376553584084,0.6712328767123288,0.5397371609342397,0.6943621399176955,0.4855458075650798,0.935943206513972,0.6712328767123288,0.7643788332226753,0.6712328767123288,0.6712328767123288,0.6712328767123288,0.6729860975396854
7,infgain,standard,gaussian_noise,ADASYN,random_forest,last,0.2,0.1,42,2026-06-03 06:01:05,20260603-054739,log/stroke_prediction_v7/7/infgain/gaussian_noise__ADASYN__standard/random_forest,1780436867126_ba5f39ad17804376659914456,0.8043052837573386,0.5636277412788007,0.7263786008230453,0.5650323459312223,0.937204667482861,0.8043052837573386,0.8560740988015114,0.8043052837573386,0.8043052837573386,0.8043052837573386,0.757609181171316
7,infgain,standard,gaussian_noise,ADASYN,random_forest,last,0.3,0.1,42,2026-06-03 06:01:16,20260603-054739,log/stroke_prediction_v7/7/infgain/gaussian_noise__ADASYN__standard/random_forest,1780436867126_ba5f39ad17804376768261304,0.863013698630137,0.5601069334253191,0.6434156378600824,0.5735574630424416,0.9266161690143508,0.863013698630137,0.890515478733481,0.863013698630137,0.863013698630137,0.863013698630137,0.7778302947484184
7,infgain,standard,gaussian_noise,ADASYN,random_forest,last,0.5,0.1,42,2026-06-03 06:01:27,20260603-054739,log/stroke_prediction_v7/7/infgain/gaussian_noise__ADASYN__standard/random_forest,1780436867126_ba5f39ad17804376876016426,0.9080234833659492,0.5307971014492754,0.5342798353909465,0.5323519675993535,0.9129978971934216,0.9080234833659492,0.9104842138185688,0.9080234833659492,0.9080234833659492,0.9080234833659492,0.7774423039624322
7,infgain,standard,gaussian_noise,RandomOverSampler,BalancedRandomForest,first,0.1,0.1,42,2026-06-03 06:03:04,20260603-054739,log/stroke_prediction_v7/7/infgain/standard__gaussian_noise__RandomOverSampler/BalancedRandomForest,1780436867126_ba5f39ad17804377844136238,0.8610567514677103,0.5921714928643336,0.7562139917695474,0.616710861320346,0.9413436174168878,0.8610567514677103,0.8927977617074414,0.8610567514677103,0.8610567514677103,0.8610567514677103,0.799821904246329
7,infgain,standard,gaussian_noise,RandomOverSampler,BalancedRandomForest,first,0.2,0.1,42,2026-06-03 06:03:11,20260603-054739,log/stroke_prediction_v7/7/infgain/standard__gaussian_noise__RandomOverSampler/BalancedRandomForest,1780436867126_ba5f39ad17804377916213625,0.923679060665362,0.6239235386221293,0.6563374485596708,0.6376874829560948,0.9330673767919956,0.923679060665362,0.9280886224362096,0.923679060665362,0.923679060665362,0.923679060665362,0.8256708764723698
7,infgain,standard,gaussian_noise,RandomOverSampler,BalancedRandomForest,first,0.3,0.1,42,2026-06-03 06:03:18,20260603-054739,log/stroke_prediction_v7/7/infgain/standard__gaussian_noise__RandomOverSampler/BalancedRandomForest,1780436867126_ba5f39ad17804377986620508,0.9393346379647748,0.6566700610997963,0.6266255144032922,0.6396906630274082,0.9333332669060704,0.939334637964775,0.9361195738560047,0.9393346379647748,0.9393346379647748,0.9393346379647748,0.8337682749593377
7,infgain,standard,gaussian_noise,RandomOverSampler,BalancedRandomForest,first,0.5,0.1,42,2026-06-03 06:03:25,20260603-054739,log/stroke_prediction_v7/7/infgain/standard__gaussian_noise__RandomOverSampler/BalancedRandomForest,1780436867126_ba5f39ad17804378058397729,0.9452054794520548,0.6447543160690571,0.5538271604938272,0.574065253631817,0.9257035783805416,0.9452054794520548,0.932756331416156,0.9452054794520548,0.9452054794520548,0.9452054794520548,0.8165339350323603
7,infgain,standard,gaussian_noise,RandomOverSampler,BalancedRandomForest,last,0.1,0.1,42,2026-06-03 06:04:27,20260603-054739,log/stroke_prediction_v7/7/infgain/gaussian_noise__RandomOverSampler__standard/BalancedRandomForest,1780436867126_ba5f39ad17804378675379909,0.7827788649706457,0.5519969445656918,0.6960905349794239,0.5433863839447437,0.9333247772061354,0.7827788649706457,0.8416564751689083,0.7827788649706457,0.7827788649706457,0.7827788649706457,0.7390092005304312
7,infgain,standard,gaussian_noise,RandomOverSampler,BalancedRandomForest,last,0.2,0.1,42,2026-06-03 06:04:34,20260603-054739,log/stroke_prediction_v7/7/infgain/gaussian_noise__RandomOverSampler__standard/BalancedRandomForest,1780436867126_ba5f39ad17804378742350226,0.8708414872798435,0.5438995215311004,0.5906172839506173,0.552468152866242,0.9197604846487326,0.8708414872798435,0.8930020441995836,0.8708414872798435,0.8708414872798435,0.8708414872798435,0.7705848534848561
7,infgain,standard,gaussian_noise,RandomOverSampler,BalancedRandomForest,last,0.3,0.1,42,2026-06-03 06:04:40,20260603-054739,log/stroke_prediction_v7/7/infgain/gaussian_noise__RandomOverSampler__standard/BalancedRandomForest,1780436867126_ba5f39ad17804378809124524,0.923679060665362,0.5836327857631759,0.5804526748971194,0.5819997063573631,0.9222101782683764,0.923679060665362,0.9229394949633966,0.923679060665362,0.923679060665362,0.923679060665362,0.8038420683571258
7,infgain,standard,gaussian_noise,RandomOverSampler,BalancedRandomForest,last,0.5,0.1,42,2026-06-03 06:04:47,20260603-054739,log/stroke_prediction_v7/7/infgain/gaussian_noise__RandomOverSampler__standard/BalancedRandomForest,1780436867126_ba5f39ad17804378878292794,0.9412915851272016,0.5476190476190477,0.5138271604938272,0.5160984848484849,0.9127760693318424,0.9412915851272016,0.925313556306707,0.9412915851272016,0.9412915851272016,0.9412915851272016,0.790150667968631
7,infgain,standard,gaussian_noise,RandomOverSampler,GradientBoosting,first,0.1,0.1,42,2026-06-03 06:03:00,20260603-054739,log/stroke_prediction_v7/7/infgain/standard__gaussian_noise__RandomOverSampler/GradientBoosting,1780436867126_ba5f39ad17804377802290420,0.4598825831702544,0.534047641524277,0.6781069958847736,0.3742857142857143,0.9459764596110776,0.4598825831702543,0.5830696114062063,0.4598825831702544,0.4598825831702544,0.4598825831702544,0.5433694418239026
7,infgain,standard,gaussian_noise,RandomOverSampler,GradientBoosting,first,0.2,0.1,42,2026-06-03 06:03:07,20260603-054739,log/stroke_prediction_v7/7/infgain/standard__gaussian_noise__RandomOverSampler/GradientBoosting,1780436867126_ba5f39ad17804377874304373,0.5499021526418787,0.5279006203550151,0.6495473251028807,0.4183756284888554,0.9336088757247804,0.5499021526418787,0.6678971413882122,0.5499021526418787,0.5499021526418787,0.5499021526418787,0.5940074586565792
7,infgain,standard,gaussian_noise,RandomOverSampler,GradientBoosting,first,0.3,0.1,42,2026-06-03 06:03:14,20260603-054739,log/stroke_prediction_v7/7/infgain/standard__gaussian_noise__RandomOverSampler/GradientBoosting,1780436867126_ba5f39ad17804377945363139,0.6203522504892368,0.5360252987541316,0.6865843621399177,0.4591117415975556,0.9367956570003528,0.6203522504892368,0.7255342311999393,0.6203522504892368,0.6203522504892368,0.6203522504892368,0.6417783279047592
7,infgain,standard,gaussian_noise,RandomOverSampler,GradientBoosting,first,0.5,0.1,42,2026-06-03 06:03:21,20260603-054739,log/stroke_prediction_v7/7/infgain/standard__gaussian_noise__RandomOverSampler/GradientBoosting,1780436867126_ba5f39ad17804378016424719,0.7573385518590998,0.5533277638540797,0.7206584362139918,0.5358356774496015,0.9372011241410768,0.7573385518590998,0.825107136664272,0.7573385518590998,0.7573385518590998,0.7573385518590998,0.7281955752816356
7,infgain,standard,gaussian_noise,RandomOverSampler,GradientBoosting,last,0.1,0.1,42,2026-06-03 06:04:23,20260603-054739,log/stroke_prediction_v7/7/infgain/gaussian_noise__RandomOverSampler__standard/GradientBoosting,1780436867126_ba5f39ad17804378635775772,0.3639921722113503,0.5357142857142857,0.6656378600823045,0.3155074703760947,0.954570869443668,0.3639921722113502,0.4798563493911887,0.3639921722113503,0.3639921722113503,0.3639921722113503,0.4804937433736583
7,infgain,standard,gaussian_noise,RandomOverSampler,GradientBoosting,last,0.2,0.1,42,2026-06-03 06:04:30,20260603-054739,log/stroke_prediction_v7/7/infgain/gaussian_noise__RandomOverSampler__standard/GradientBoosting,1780436867126_ba5f39ad17804378703046824,0.4227005870841487,0.5351451754814741,0.6775308641975308,0.3527396230951879,0.9498408174908108,0.4227005870841487,0.5447158397553719,0.4227005870841487,0.4227005870841487,0.4227005870841487,0.5199502399782249
7,infgain,standard,gaussian_noise,RandomOverSampler,GradientBoosting,last,0.3,0.1,42,2026-06-03 06:04:36,20260603-054739,log/stroke_prediction_v7/7/infgain/gaussian_noise__RandomOverSampler__standard/GradientBoosting,1780436867126_ba5f39ad17804378769831303,0.4911937377690802,0.536577440816958,0.6945679012345679,0.3935991528827546,0.9468105213085596,0.4911937377690802,0.6130679510905406,0.4911937377690802,0.4911937377690802,0.4911937377690802,0.5652731470396348
7,infgain,standard,gaussian_noise,RandomOverSampler,GradientBoosting,last,0.5,0.1,42,2026-06-03 06:04:43,20260603-054739,log/stroke_prediction_v7/7/infgain/gaussian_noise__RandomOverSampler__standard/GradientBoosting,1780436867126_ba5f39ad17804378838417058,0.6320939334637965,0.537586262237201,0.6927572016460906,0.4659803441988704,0.9372930185258292,0.6320939334637965,0.734676360518628,0.6320939334637965,0.6320939334637965,0.6320939334637965,0.6496997273340552
7,infgain,standard,gaussian_noise,RandomOverSampler,LogisticRegression,first,0.1,0.1,42,2026-06-03 06:02:58,20260603-054739,log/stroke_prediction_v7/7/infgain/standard__gaussian_noise__RandomOverSampler/LogisticRegression,1780436867126_ba5f39ad17804377787334916,0.0626223091976516,0.5248015873015873,0.507201646090535,0.0614577621675095,0.9535030907340104,0.0626223091976516,0.0316324187844265,0.0626223091976516,0.0626223091976516,0.0626223091976516,0.2375630832344643
7,infgain,standard,gaussian_noise,RandomOverSampler,LogisticRegression,first,0.2,0.1,42,2026-06-03 06:03:05,20260603-054739,log/stroke_prediction_v7/7/infgain/standard__gaussian_noise__RandomOverSampler/LogisticRegression,1780436867126_ba5f39ad17804377858205127,0.2837573385518591,0.5267499683931054,0.6044855967078189,0.2569841723874904,0.9462990408905384,0.283757338551859,0.3842257146738197,0.2837573385518591,0.2837573385518591,0.2837573385518591,0.4174378790790862
7,infgain,standard,gaussian_noise,RandomOverSampler,LogisticRegression,first,0.3,0.1,42,2026-06-03 06:03:13,20260603-054739,log/stroke_prediction_v7/7/infgain/standard__gaussian_noise__RandomOverSampler/LogisticRegression,1780436867126_ba5f39ad17804377930463017,0.5185909980430529,0.5318594382435914,0.6710288065843621,0.4053417347865576,0.9396428337401408,0.5185909980430529,0.6394579247472943,0.5185909980430529,0.5185909980430529,0.5185909980430529,0.5784094560041082
7,infgain,standard,gaussian_noise,RandomOverSampler,LogisticRegression,first,0.5,0.1,42,2026-06-03 06:03:20,20260603-054739,log/stroke_prediction_v7/7/infgain/standard__gaussian_noise__RandomOverSampler/LogisticRegression,1780436867126_ba5f39ad17804378001404836,0.7123287671232876,0.5508279914529913,0.7349382716049383,0.5148890826310181,0.9406282929399368,0.7123287671232876,0.79409059965843,0.7123287671232876,0.7123287671232876,0.7123287671232877,0.7039179147925188
7,infgain,standard,gaussian_noise,RandomOverSampler,LogisticRegression,last,0.1,0.1,42,2026-06-03 06:04:22,20260603-054739,log/stroke_prediction_v7/7/infgain/gaussian_noise__RandomOverSampler__standard/LogisticRegression,1780436867126_ba5f39ad17804378621997871,0.0508806262230919,0.5245098039215687,0.5010288065843621,0.0487823600529658,0.953474540501132,0.0508806262230919,0.0084781640351274,0.0508806262230919,0.0508806262230919,0.0508806262230919,0.226842644203157
7,infgain,standard,gaussian_noise,RandomOverSampler,LogisticRegression,last,0.2,0.1,42,2026-06-03 06:04:28,20260603-054739,log/stroke_prediction_v7/7/infgain/gaussian_noise__RandomOverSampler__standard/LogisticRegression,1780436867126_ba5f39ad17804378689209165,0.1506849315068493,0.5272331154684096,0.5534979423868313,0.1483071676549202,0.9537410093413315,0.1506849315068492,0.1889052837934124,0.1506849315068493,0.1506849315068493,0.1506849315068493,0.3143030470396468
7,infgain,standard,gaussian_noise,RandomOverSampler,LogisticRegression,last,0.3,0.1,42,2026-06-03 06:04:35,20260603-054739,log/stroke_prediction_v7/7/infgain/gaussian_noise__RandomOverSampler__standard/LogisticRegression,1780436867126_ba5f39ad17804378756033010,0.3209393346379647,0.5288863331416522,0.6240329218106996,0.2840449801142672,0.9475045266359752,0.3209393346379647,0.4306682338679271,0.3209393346379647,0.3209393346379647,0.3209393346379647,0.4456250941113477
7,infgain,standard,gaussian_noise,RandomOverSampler,LogisticRegression,last,0.5,0.1,42,2026-06-03 06:04:42,20260603-054739,log/stroke_prediction_v7/7/infgain/gaussian_noise__RandomOverSampler__standard/LogisticRegression,1780436867126_ba5f39ad17804378824481212,0.5870841487279843,0.5319577526132404,0.6690946502057613,0.4398239789689157,0.9353429686274776,0.5870841487279843,0.6989344303388798,0.5870841487279843,0.5870841487279843,0.5870841487279843,0.6192869580320107
7,infgain,standard,gaussian_noise,RandomOverSampler,XGBmodel,first,0.1,0.1,42,2026-06-03 06:02:58,20260603-054739,log/stroke_prediction_v7/7/infgain/standard__gaussian_noise__RandomOverSampler/XGBmodel,1780436867126_ba5f39ad17804377784826687,0.4853228962818003,0.5324568738579701,0.6725102880658436,0.3877451538689323,0.9424335467374848,0.4853228962818003,0.6082517188313449,0.4853228962818003,0.4853228962818003,0.4853228962818003,0.5582687602838915
7,infgain,standard,gaussian_noise,RandomOverSampler,XGBmodel,first,0.2,0.1,42,2026-06-03 06:03:05,20260603-054739,log/stroke_prediction_v7/7/infgain/standard__gaussian_noise__RandomOverSampler/XGBmodel,1780436867126_ba5f39ad17804377855959356,0.5518590998043053,0.5351357570179475,0.6885185185185185,0.4250273927506252,0.9408968635711538,0.5518590998043053,0.6686499633829023,0.5518590998043053,0.5518590998043053,0.5518590998043053,0.6012503572525131
7,infgain,standard,gaussian_noise,RandomOverSampler,XGBmodel,first,0.3,0.1,42,2026-06-03 06:03:12,20260603-054739,log/stroke_prediction_v7/7/infgain/standard__gaussian_noise__RandomOverSampler/XGBmodel,1780436867126_ba5f39ad17804377927644995,0.6281800391389433,0.5334857968223399,0.6717283950617283,0.4602992840307733,0.9339816290054052,0.6281800391389433,0.7318537686092517,0.6281800391389433,0.6281800391389433,0.6281800391389433,0.6440145556405283
7,infgain,standard,gaussian_noise,RandomOverSampler,XGBmodel,first,0.5,0.1,42,2026-06-03 06:03:19,20260603-054739,log/stroke_prediction_v7/7/infgain/standard__gaussian_noise__RandomOverSampler/XGBmodel,1780436867126_ba5f39ad17804377998475967,0.7925636007827789,0.5594899275136745,0.7202057613168724,0.5559872778542855,0.93649681655598,0.7925636007827789,0.8483778539133617,0.7925636007827789,0.7925636007827789,0.7925636007827789,0.7492994606169111
7,infgain,standard,gaussian_noise,RandomOverSampler,XGBmodel,last,0.1,0.1,42,2026-06-03 06:04:21,20260603-054739,log/stroke_prediction_v7/7/infgain/gaussian_noise__RandomOverSampler__standard/XGBmodel,1780436867126_ba5f39ad17804378619451026,0.4090019569471624,0.5382262996941896,0.6893004115226338,0.345649592944369,0.9548166633751652,0.4090019569471624,0.52933160429838,0.4090019569471624,0.4090019569471624,0.4090019569471623,0.5130822998244762
7,infgain,standard,gaussian_noise,RandomOverSampler,XGBmodel,last,0.2,0.1,42,2026-06-03 06:04:28,20260603-054739,log/stroke_prediction_v7/7/infgain/gaussian_noise__RandomOverSampler__standard/XGBmodel,1780436867126_ba5f39ad17804378686773379,0.4461839530332681,0.5367766618842659,0.6898765432098765,0.3677318654605392,0.9502740755507012,0.446183953033268,0.568656378632917,0.4461839530332681,0.4461839530332681,0.4461839530332681,0.5366245458918099
7,infgain,standard,gaussian_noise,RandomOverSampler,XGBmodel,last,0.3,0.1,42,2026-06-03 06:04:35,20260603-054739,log/stroke_prediction_v7/7/infgain/gaussian_noise__RandomOverSampler__standard/XGBmodel,1780436867126_ba5f39ad17804378753739606,0.5146771037181996,0.538618697963071,0.7069135802469135,0.4079016221873365,0.947399251551432,0.5146771037181996,0.6347380138266355,0.5146771037181996,0.5146771037181996,0.5146771037181996,0.5815599398655171
7,infgain,standard,gaussian_noise,RandomOverSampler,XGBmodel,last,0.5,0.1,42,2026-06-03 06:04:42,20260603-054739,log/stroke_prediction_v7/7/infgain/gaussian_noise__RandomOverSampler__standard/XGBmodel,1780436867126_ba5f39ad17804378821486113,0.6418786692759295,0.5317316483803552,0.6599588477366256,0.4646764175515928,0.9315566612375188,0.6418786692759295,0.7425343700853316,0.6418786692759295,0.6418786692759295,0.6418786692759295,0.6501578015913604
7,infgain,standard,gaussian_noise,RandomOverSampler,random_forest,first,0.1,0.1,42,2026-06-03 06:02:58,20260603-054739,log/stroke_prediction_v7/7/infgain/standard__gaussian_noise__RandomOverSampler/random_forest,1780436867126_ba5f39ad17804377783614991,0.8610567514677103,0.5871899576527525,0.7372427983539094,0.6099697917674503,0.938868486757754,0.8610567514677103,0.8922895196255474,0.8610567514677103,0.8610567514677103,0.8610567514677103,0.7960917215724752
7,infgain,standard,gaussian_noise,RandomOverSampler,random_forest,first,0.2,0.1,42,2026-06-03 06:03:05,20260603-054739,log/stroke_prediction_v7/7/infgain/standard__gaussian_noise__RandomOverSampler/random_forest,1780436867126_ba5f39ad17804377854776845,0.9217221135029354,0.6113239247311827,0.6363374485596708,0.6221532091097308,0.9300178334701092,0.9217221135029354,0.925672472681747,0.9217221135029354,0.9217221135029354,0.9217221135029354,0.8186306183459918
7,infgain,standard,gaussian_noise,RandomOverSampler,random_forest,first,0.3,0.1,42,2026-06-03 06:03:12,20260603-054739,log/stroke_prediction_v7/7/infgain/standard__gaussian_noise__RandomOverSampler/random_forest,1780436867126_ba5f39ad17804377926434000,0.943248532289628,0.6881855363450455,0.6666255144032922,0.6766175668303329,0.9399714916565072,0.9432485322896282,0.9415246251853656,0.943248532289628,0.943248532289628,0.943248532289628,0.8494989959586904
7,infgain,standard,gaussian_noise,RandomOverSampler,random_forest,first,0.5,0.1,42,2026-06-03 06:03:19,20260603-054739,log/stroke_prediction_v7/7/infgain/standard__gaussian_noise__RandomOverSampler/random_forest,1780436867126_ba5f39ad17804377997300920,0.9452054794520548,0.6447543160690571,0.5538271604938272,0.574065253631817,0.9257035783805416,0.9452054794520548,0.932756331416156,0.9452054794520548,0.9452054794520548,0.9452054794520548,0.8165339350323603
7,infgain,standard,gaussian_noise,RandomOverSampler,random_forest,last,0.1,0.1,42,2026-06-03 06:04:21,20260603-054739,log/stroke_prediction_v7/7/infgain/gaussian_noise__RandomOverSampler__standard/random_forest,1780436867126_ba5f39ad17804378618262493,0.7906066536203522,0.5499206529131716,0.6812345679012346,0.5433880329032528,0.931213595614238,0.7906066536203522,0.8464938418143774,0.7906066536203522,0.7906066536203522,0.7906066536203522,0.7409618242986495
7,infgain,standard,gaussian_noise,RandomOverSampler,random_forest,last,0.2,0.1,42,2026-06-03 06:04:28,20260603-054739,log/stroke_prediction_v7/7/infgain/gaussian_noise__RandomOverSampler__standard/random_forest,1780436867126_ba5f39ad17804378685437336,0.87279843444227,0.5451211605478564,0.5916460905349794,0.5541431198571755,0.9199579428439476,0.8727984344422699,0.8941896476898806,0.87279843444227,0.87279843444227,0.87279843444227,0.7720418083016446
7,infgain,standard,gaussian_noise,RandomOverSampler,random_forest,last,0.3,0.1,42,2026-06-03 06:04:35,20260603-054739,log/stroke_prediction_v7/7/infgain/gaussian_noise__RandomOverSampler__standard/random_forest,1780436867126_ba5f39ad17804378752355122,0.9178082191780822,0.558395061728395,0.558395061728395,0.558395061728395,0.9178082191780822,0.9178082191780822,0.9178082191780822,0.9178082191780822,0.9178082191780822,0.9178082191780822,0.7920136140706917
7,infgain,standard,gaussian_noise,RandomOverSampler,random_forest,last,0.5,0.1,42,2026-06-03 06:04:42,20260603-054739,log/stroke_prediction_v7/7/infgain/gaussian_noise__RandomOverSampler__standard/random_forest,1780436867126_ba5f39ad17804378820212411,0.9354207436399216,0.5260479041916168,0.5107407407407408,0.5118541033434649,0.910408146524954,0.9354207436399218,0.9220730553952854,0.9354207436399216,0.9354207436399216,0.9354207436399216,0.7839770504125121
7,infgain,standard,gaussian_noise,noImbl,BalancedRandomForest,first,0.1,0.1,42,2026-06-03 06:05:43,20260603-054739,log/stroke_prediction_v7/7/infgain/standard__gaussian_noise__noImbl/BalancedRandomForest,1780436867126_ba5f39ad17804379434644412,0.5205479452054794,0.5285013790989886,0.6530864197530865,0.403961055964198,0.9358939374220714,0.5205479452054794,0.6417776751687586,0.5205479452054794,0.5205479452054794,0.5205479452054794,0.5768281613795498
7,infgain,standard,gaussian_noise,noImbl,BalancedRandomForest,first,0.2,0.1,42,2026-06-03 06:05:46,20260603-054739,log/stroke_prediction_v7/7/infgain/standard__gaussian_noise__noImbl/BalancedRandomForest,1780436867126_ba5f39ad17804379462784698,0.6379647749510763,0.5419614147909968,0.7148148148148148,0.4728286630419628,0.940678072753129,0.6379647749510763,0.7390095986716877,0.6379647749510763,0.6379647749510763,0.6379647749510763,0.656707079473372
7,infgain,standard,gaussian_noise,noImbl,BalancedRandomForest,first,0.3,0.1,42,2026-06-03 06:05:49,20260603-054739,log/stroke_prediction_v7/7/infgain/standard__gaussian_noise__noImbl/BalancedRandomForest,1780436867126_ba5f39ad17804379491199522,0.7279843444227005,0.5541434540389971,0.7431687242798354,0.5250961120583024,0.9412963548452158,0.7279843444227005,0.8051304687049718,0.7279843444227005,0.7279843444227005,0.7279843444227005,0.7145885781999761
7,infgain,standard,gaussian_noise,noImbl,BalancedRandomForest,first,0.5,0.1,42,2026-06-03 06:05:52,20260603-054739,log/stroke_prediction_v7/7/infgain/standard__gaussian_noise__noImbl/BalancedRandomForest,1780436867126_ba5f39ad17804379521210284,0.8590998043052838,0.600256164846301,0.7931275720164609,0.6272793581327498,0.9461312888769996,0.8590998043052838,0.8924635409752762,0.8590998043052838,0.8590998043052838,0.8590998043052838,0.8055528591622934
7,infgain,standard,gaussian_noise,noImbl,BalancedRandomForest,last,0.1,0.1,42,2026-06-03 06:06:18,20260603-054739,log/stroke_prediction_v7/7/infgain/gaussian_noise__noImbl__standard/BalancedRandomForest,1780436867126_ba5f39ad17804379782844910,0.5205479452054794,0.5285013790989886,0.6530864197530865,0.403961055964198,0.9358939374220714,0.5205479452054794,0.6417776751687586,0.5205479452054794,0.5205479452054794,0.5205479452054794,0.5768281613795498
7,infgain,standard,gaussian_noise,noImbl,BalancedRandomForest,last,0.2,0.1,42,2026-06-03 06:06:21,20260603-054739,log/stroke_prediction_v7/7/infgain/gaussian_noise__noImbl__standard/BalancedRandomForest,1780436867126_ba5f39ad17804379811508194,0.6360078277886497,0.5416867276520623,0.7137860082304527,0.4716614043669676,0.9406044080462532,0.6360078277886497,0.7374989524280042,0.6360078277886497,0.6360078277886497,0.6360078277886497,0.6553848990275822
7,infgain,standard,gaussian_noise,noImbl,BalancedRandomForest,last,0.3,0.1,42,2026-06-03 06:06:23,20260603-054739,log/stroke_prediction_v7/7/infgain/gaussian_noise__noImbl__standard/BalancedRandomForest,1780436867126_ba5f39ad17804379839731257,0.726027397260274,0.5537116149998175,0.7421399176954733,0.5238031844081155,0.941211983887966,0.726027397260274,0.8037592268250676,0.726027397260274,0.726027397260274,0.726027397260274,0.7132516722474125
7,infgain,standard,gaussian_noise,noImbl,BalancedRandomForest,last,0.5,0.1,42,2026-06-03 06:06:26,20260603-054739,log/stroke_prediction_v7/7/infgain/gaussian_noise__noImbl__standard/BalancedRandomForest,1780436867126_ba5f39ad17804379867302394,0.8532289628180039,0.5870714651202457,0.7520987654320987,0.6085491037229969,0.9406697545688526,0.8532289628180039,0.887750626106161,0.8532289628180039,0.8532289628180039,0.8532289628180039,0.7937205431136948
7,infgain,standard,gaussian_noise,noImbl,GradientBoosting,first,0.1,0.1,42,2026-06-03 06:05:42,20260603-054739,log/stroke_prediction_v7/7/infgain/standard__gaussian_noise__noImbl/GradientBoosting,1780436867126_ba5f39ad17804379427841856,0.863013698630137,0.5722506393861893,0.681358024691358,0.5899440572267057,0.9316119538941244,0.863013698630137,0.8918268022794198,0.863013698630137,0.863013698630137,0.863013698630137,0.7859931701751408
7,infgain,standard,gaussian_noise,noImbl,GradientBoosting,first,0.2,0.1,42,2026-06-03 06:05:45,20260603-054739,log/stroke_prediction_v7/7/infgain/standard__gaussian_noise__noImbl/GradientBoosting,1780436867126_ba5f39ad17804379456596135,0.9217221135029354,0.5914830119375574,0.5983950617283951,0.5947660586835845,0.9246126089214506,0.9217221135029354,0.923146758621974,0.9217221135029354,0.9217221135029354,0.9217221135029354,0.807824836255748
7,infgain,standard,gaussian_noise,noImbl,GradientBoosting,first,0.3,0.1,42,2026-06-03 06:05:48,20260603-054739,log/stroke_prediction_v7/7/infgain/standard__gaussian_noise__noImbl/GradientBoosting,1780436867126_ba5f39ad17804379484779783,0.9530332681017613,0.7782608695652173,0.5579423868312758,0.5879032258064516,0.9390793839870673,0.9530332681017614,0.937851145761,0.9530332681017613,0.9530332681017613,0.9530332681017613,0.8376047270141781
7,infgain,standard,gaussian_noise,noImbl,GradientBoosting,first,0.5,0.1,42,2026-06-03 06:05:51,20260603-054739,log/stroke_prediction_v7/7/infgain/standard__gaussian_noise__noImbl/GradientBoosting,1780436867126_ba5f39ad17804379513632490,0.949119373776908,0.4754901960784314,0.4989711934156378,0.4869477911646586,0.9044549326579948,0.949119373776908,0.926249027420838,0.949119373776908,0.949119373776908,0.949119373776908,0.7795189045137939
7,infgain,standard,gaussian_noise,noImbl,GradientBoosting,last,0.1,0.1,42,2026-06-03 06:06:17,20260603-054739,log/stroke_prediction_v7/7/infgain/gaussian_noise__noImbl__standard/GradientBoosting,1780436867126_ba5f39ad17804379775536103,0.8669275929549902,0.591324200913242,0.7403292181069958,0.616264687693259,0.939415060450902,0.8669275929549902,0.896060327706959,0.8669275929549902,0.8669275929549902,0.8669275929549902,0.8007266374391425
7,infgain,standard,gaussian_noise,noImbl,GradientBoosting,last,0.2,0.1,42,2026-06-03 06:06:20,20260603-054739,log/stroke_prediction_v7/7/infgain/gaussian_noise__noImbl__standard/GradientBoosting,1780436867126_ba5f39ad17804379804355671,0.929549902152642,0.5986394557823128,0.5835390946502058,0.5902530292230934,0.9239053742827854,0.929549902152642,0.9266312193747532,0.929549902152642,0.929549902152642,0.929549902152642,0.809960990622264
7,infgain,standard,gaussian_noise,noImbl,GradientBoosting,last,0.3,0.1,42,2026-06-03 06:06:23,20260603-054739,log/stroke_prediction_v7/7/infgain/gaussian_noise__noImbl__standard/GradientBoosting,1780436867126_ba5f39ad17804379833340523,0.9530332681017613,0.7648809523809523,0.5769135802469136,0.6128787878787878,0.9394045289348616,0.9530332681017614,0.9402508450453654,0.9530332681017613,0.9530332681017613,0.9530332681017613,0.8423026583356
7,infgain,standard,gaussian_noise,noImbl,GradientBoosting,last,0.5,0.1,42,2026-06-03 06:06:26,20260603-054739,log/stroke_prediction_v7/7/infgain/gaussian_noise__noImbl__standard/GradientBoosting,1780436867126_ba5f39ad17804379860840095,0.949119373776908,0.6430446194225722,0.5179423868312758,0.5226358148893361,0.9224514743876192,0.949119373776908,0.9296936216122568,0.949119373776908,0.949119373776908,0.949119373776908,0.8058410130501487
7,infgain,standard,gaussian_noise,noImbl,LogisticRegression,first,0.1,0.1,42,2026-06-03 06:05:41,20260603-054739,log/stroke_prediction_v7/7/infgain/standard__gaussian_noise__noImbl/LogisticRegression,1780436867126_ba5f39ad17804379417364949,0.8532289628180039,0.582149071925754,0.733127572016461,0.6019629225736096,0.9381827747785378,0.8532289628180039,0.8872674658067767,0.8532289628180039,0.8532289628180039,0.8532289628180039,0.7900220852563347
7,infgain,standard,gaussian_noise,noImbl,LogisticRegression,first,0.2,0.1,42,2026-06-03 06:05:44,20260603-054739,log/stroke_prediction_v7/7/infgain/standard__gaussian_noise__noImbl/LogisticRegression,1780436867126_ba5f39ad17804379446087099,0.9275929549902152,0.6054928131416838,0.6014814814814814,0.6034356188518573,0.926201593686334,0.9275929549902152,0.9268913157345046,0.9275929549902152,0.9275929549902152,0.9275929549902152,0.8139038110149901
7,infgain,standard,gaussian_noise,noImbl,LogisticRegression,first,0.3,0.1,42,2026-06-03 06:05:47,20260603-054739,log/stroke_prediction_v7/7/infgain/standard__gaussian_noise__noImbl/LogisticRegression,1780436867126_ba5f39ad17804379474230932,0.9530332681017613,0.8106955380577427,0.5389711934156378,0.5593561368209254,0.9406315648900052,0.9530332681017613,0.93510180456516,0.9530332681017613,0.9530332681017613,0.9530332681017613,0.8344118280849556
7,infgain,standard,gaussian_noise,noImbl,LogisticRegression,first,0.5,0.1,42,2026-06-03 06:05:50,20260603-054739,log/stroke_prediction_v7/7/infgain/standard__gaussian_noise__noImbl/LogisticRegression,1780436867126_ba5f39ad17804379503156310,0.9510763209393346,0.4755381604696673,0.5,0.4874623871614844,0.9045461682515002,0.9510763209393346,0.9272278675557002,0.9510763209393346,0.9510763209393346,0.9510763209393346,0.7806424994554282
7,infgain,standard,gaussian_noise,noImbl,LogisticRegression,last,0.1,0.1,42,2026-06-03 06:06:16,20260603-054739,log/stroke_prediction_v7/7/infgain/gaussian_noise__noImbl__standard/LogisticRegression,1780436867126_ba5f39ad17804379765478410,0.8454011741682974,0.5775761124121779,0.7290123456790123,0.5943507139483706,0.9375392420610732,0.8454011741682974,0.8822468884791821,0.8454011741682974,0.8454011741682974,0.8454011741682974,0.7840628800466779
7,infgain,standard,gaussian_noise,noImbl,LogisticRegression,last,0.2,0.1,42,2026-06-03 06:06:19,20260603-054739,log/stroke_prediction_v7/7/infgain/gaussian_noise__noImbl__standard/LogisticRegression,1780436867126_ba5f39ad17804379794264396,0.9256360078277888,0.5882038488952244,0.5814814814814814,0.5846594798083504,0.9227333656004116,0.9256360078277884,0.9241631070588062,0.9256360078277888,0.9256360078277888,0.9256360078277884,0.8058196607589005
7,infgain,standard,gaussian_noise,noImbl,LogisticRegression,last,0.3,0.1,42,2026-06-03 06:06:22,20260603-054739,log/stroke_prediction_v7/7/infgain/gaussian_noise__noImbl__standard/LogisticRegression,1780436867126_ba5f39ad17804379823253800,0.9549902152641878,0.8533037475345169,0.5589711934156378,0.5918672083897627,0.9464994962887484,0.9549902152641876,0.9391695033464224,0.9549902152641878,0.9549902152641878,0.9549902152641878,0.8475290365899929
7,infgain,standard,gaussian_noise,noImbl,LogisticRegression,last,0.5,0.1,42,2026-06-03 06:06:25,20260603-054739,log/stroke_prediction_v7/7/infgain/gaussian_noise__noImbl__standard/LogisticRegression,1780436867126_ba5f39ad17804379850982477,0.949119373776908,0.4754901960784314,0.4989711934156378,0.4869477911646586,0.9044549326579948,0.949119373776908,0.926249027420838,0.949119373776908,0.949119373776908,0.949119373776908,0.7795189045137939
7,infgain,standard,gaussian_noise,noImbl,XGBmodel,first,0.1,0.1,42,2026-06-03 06:05:41,20260603-054739,log/stroke_prediction_v7/7/infgain/standard__gaussian_noise__noImbl/XGBmodel,1780436867126_ba5f39ad17804379415315147,0.8786692759295499,0.5897817460317459,0.7085596707818931,0.6145366945688144,0.9356964246885968,0.8786692759295499,0.902397498368576,0.8786692759295499,0.8786692759295499,0.87866927592955,0.8024116234626518
7,infgain,standard,gaussian_noise,noImbl,XGBmodel,first,0.2,0.1,42,2026-06-03 06:05:44,20260603-054739,log/stroke_prediction_v7/7/infgain/standard__gaussian_noise__noImbl/XGBmodel,1780436867126_ba5f39ad17804379444026489,0.9334637964774952,0.6337312900926586,0.6235390946502057,0.6283795345653661,0.9308854523365504,0.9334637964774952,0.9321459378947212,0.9334637964774952,0.9334637964774952,0.9334637964774952,0.8262799231679524
7,infgain,standard,gaussian_noise,noImbl,XGBmodel,first,0.3,0.1,42,2026-06-03 06:05:47,20260603-054739,log/stroke_prediction_v7/7/infgain/standard__gaussian_noise__noImbl/XGBmodel,1780436867126_ba5f39ad17804379472162338,0.9530332681017613,0.7782608695652173,0.5579423868312758,0.5879032258064516,0.9390793839870673,0.9530332681017614,0.937851145761,0.9530332681017613,0.9530332681017613,0.9530332681017613,0.8376047270141781
7,infgain,standard,gaussian_noise,noImbl,XGBmodel,first,0.5,0.1,42,2026-06-03 06:05:50,20260603-054739,log/stroke_prediction_v7/7/infgain/standard__gaussian_noise__noImbl/XGBmodel,1780436867126_ba5f39ad17804379501011378,0.9510763209393346,0.4755381604696673,0.5,0.4874623871614844,0.9045461682515002,0.9510763209393346,0.9272278675557002,0.9510763209393346,0.9510763209393346,0.9510763209393346,0.7806424994554282
7,infgain,standard,gaussian_noise,noImbl,XGBmodel,last,0.1,0.1,42,2026-06-03 06:06:16,20260603-054739,log/stroke_prediction_v7/7/infgain/gaussian_noise__noImbl__standard/XGBmodel,1780436867126_ba5f39ad17804379763312310,0.8786692759295499,0.5953604691272854,0.7275308641975309,0.6222937529804482,0.9381566894313376,0.8786692759295499,0.9030279954496544,0.8786692759295499,0.8786692759295499,0.87866927592955,0.8063707749119505
7,infgain,standard,gaussian_noise,noImbl,XGBmodel,last,0.2,0.1,42,2026-06-03 06:06:19,20260603-054739,log/stroke_prediction_v7/7/infgain/gaussian_noise__noImbl__standard/XGBmodel,1780436867126_ba5f39ad17804379792167472,0.9373776908023485,0.6482993197278911,0.62559670781893,0.6357804704205274,0.9324467164556623,0.9373776908023482,0.934783306110892,0.9373776908023485,0.9373776908023485,0.9373776908023485,0.8311699172009004
7,infgain,standard,gaussian_noise,noImbl,XGBmodel,last,0.3,0.1,42,2026-06-03 06:06:22,20260603-054739,log/stroke_prediction_v7/7/infgain/gaussian_noise__noImbl__standard/XGBmodel,1780436867126_ba5f39ad17804379821061490,0.9510763209393346,0.7282178217821782,0.5569135802469136,0.5841606718531298,0.9341051326267656,0.9510763209393348,0.936552576496339,0.9510763209393346,0.9510763209393346,0.9510763209393346,0.8304611690937398
7,infgain,standard,gaussian_noise,noImbl,XGBmodel,last,0.5,0.1,42,2026-06-03 06:06:24,20260603-054739,log/stroke_prediction_v7/7/infgain/gaussian_noise__noImbl__standard/XGBmodel,1780436867126_ba5f39ad17804379848848850,0.9510763209393346,0.7264243614931238,0.5189711934156378,0.5244742229666852,0.9306936973998362,0.9510763209393344,0.9308039071927005,0.9510763209393346,0.9510763209393346,0.9510763209393346,0.8163311731305013
7,infgain,standard,gaussian_noise,noImbl,random_forest,first,0.1,0.1,42,2026-06-03 06:05:41,20260603-054739,log/stroke_prediction_v7/7/infgain/standard__gaussian_noise__noImbl/random_forest,1780436867126_ba5f39ad17804379414081823,0.8551859099804305,0.5833626347866855,0.7341563786008231,0.603925758337523,0.9383499715127946,0.8551859099804305,0.8885226377168359,0.8551859099804305,0.8551859099804305,0.8551859099804305,0.7915285218903562
7,infgain,standard,gaussian_noise,noImbl,random_forest,first,0.2,0.1,42,2026-06-03 06:05:44,20260603-054739,log/stroke_prediction_v7/7/infgain/standard__gaussian_noise__noImbl/random_forest,1780436867126_ba5f39ad17804379442858928,0.9217221135029354,0.6196272346899961,0.6553086419753086,0.6344255258262984,0.9325839518422768,0.9217221135029352,0.9267957839254808,0.9217221135029354,0.9217221135029354,0.9217221135029354,0.823624024714699
7,infgain,standard,gaussian_noise,noImbl,random_forest,first,0.3,0.1,42,2026-06-03 06:05:47,20260603-054739,log/stroke_prediction_v7/7/infgain/standard__gaussian_noise__noImbl/random_forest,1780436867126_ba5f39ad17804379470991256,0.9373776908023485,0.6482993197278911,0.62559670781893,0.6357804704205274,0.9324467164556623,0.9373776908023482,0.934783306110892,0.9373776908023485,0.9373776908023485,0.9373776908023485,0.8311699172009004
7,infgain,standard,gaussian_noise,noImbl,random_forest,first,0.5,0.1,42,2026-06-03 06:05:49,20260603-054739,log/stroke_prediction_v7/7/infgain/standard__gaussian_noise__noImbl/random_forest,1780436867126_ba5f39ad17804379499834677,0.9452054794520548,0.6200396825396826,0.5348559670781893,0.5483585858585859,0.9216522225328488,0.9452054794520548,0.9302926525529264,0.9452054794520548,0.9452054794520548,0.9452054794520548,0.8075346647576206
7,infgain,standard,gaussian_noise,noImbl,random_forest,last,0.1,0.1,42,2026-06-03 06:06:16,20260603-054739,log/stroke_prediction_v7/7/infgain/gaussian_noise__noImbl__standard/random_forest,1780436867126_ba5f39ad17804379761951582,0.8512720156555773,0.5758761134552275,0.7131275720164609,0.593221049103402,0.9355291188783472,0.8512720156555773,0.885509736033507,0.8512720156555773,0.8512720156555773,0.8512720156555773,0.7847717044677708
7,infgain,standard,gaussian_noise,noImbl,random_forest,last,0.2,0.1,42,2026-06-03 06:06:19,20260603-054739,log/stroke_prediction_v7/7/infgain/gaussian_noise__noImbl__standard/random_forest,1780436867126_ba5f39ad17804379790955432,0.9217221135029354,0.6196272346899961,0.6553086419753086,0.6344255258262984,0.9325839518422768,0.9217221135029352,0.9267957839254808,0.9217221135029354,0.9217221135029354,0.9217221135029354,0.823624024714699
7,infgain,standard,gaussian_noise,noImbl,random_forest,last,0.3,0.1,42,2026-06-03 06:06:21,20260603-054739,log/stroke_prediction_v7/7/infgain/gaussian_noise__noImbl__standard/random_forest,1780436867126_ba5f39ad17804379819908746,0.929549902152642,0.6109675694939416,0.6025102880658436,0.6065195071868583,0.9268094089684812,0.929549902152642,0.9281545224767638,0.929549902152642,0.929549902152642,0.929549902152642,0.8160497919634266
7,infgain,standard,gaussian_noise,noImbl,random_forest,last,0.5,0.1,42,2026-06-03 06:06:24,20260603-054739,log/stroke_prediction_v7/7/infgain/gaussian_noise__noImbl__standard/random_forest,1780436867126_ba5f39ad17804379847638232,0.943248532289628,0.5595709570957095,0.5148559670781893,0.5176263793496305,0.9140306007117346,0.943248532289628,0.9264009887357532,0.943248532289628,0.943248532289628,0.943248532289628,0.792749270617222
7,infgain,standard,noAug,ADASYN,BalancedRandomForest,first,0.1,0.1,42,2026-06-03 06:06:53,20260603-054739,log/stroke_prediction_v7/7/infgain/standard__noAug__ADASYN/BalancedRandomForest,1780436867126_ba5f39ad17804380131813240,0.5870841487279843,0.5354758577860581,0.6880658436213992,0.4428459960417732,0.9387203005695838,0.5870841487279843,0.6985913359969398,0.5870841487279843,0.5870841487279843,0.5870841487279843,0.6222754594947045
7,infgain,standard,noAug,ADASYN,BalancedRandomForest,first,0.2,0.1,42,2026-06-03 06:06:56,20260603-054739,log/stroke_prediction_v7/7/infgain/standard__noAug__ADASYN/BalancedRandomForest,1780436867126_ba5f39ad17804380169150255,0.735812133072407,0.5559247263792717,0.7472839506172839,0.5303212892420188,0.9416367937538548,0.735812133072407,0.8105913454722229,0.735812133072407,0.735812133072407,0.735812133072407,0.7199462955111399
7,infgain,standard,noAug,ADASYN,BalancedRandomForest,first,0.3,0.1,42,2026-06-03 06:07:00,20260603-054739,log/stroke_prediction_v7/7/infgain/standard__noAug__ADASYN/BalancedRandomForest,1780436867126_ba5f39ad17804380206712092,0.8023483365949119,0.5584090379687864,0.7063786008230453,0.5578259267826697,0.9345161171214416,0.8023483365949119,0.8544702186864688,0.8023483365949119,0.8023483365949119,0.802348336594912,0.7527141320496626
7,infgain,standard,noAug,ADASYN,BalancedRandomForest,first,0.5,0.1,42,2026-06-03 06:07:04,20260603-054739,log/stroke_prediction_v7/7/infgain/standard__noAug__ADASYN/BalancedRandomForest,1780436867126_ba5f39ad17804380244572486,0.8747553816046967,0.5865470852017938,0.7065020576131688,0.6101096804959465,0.935271559327091,0.8747553816046967,0.8998998662706111,0.8747553816046967,0.8747553816046967,0.8747553816046967,0.7992356548710675
7,infgain,standard,noAug,ADASYN,BalancedRandomForest,last,0.1,0.1,42,2026-06-03 06:07:36,20260603-054739,log/stroke_prediction_v7/7/infgain/noAug__ADASYN__standard/BalancedRandomForest,1780436867126_ba5f39ad17804380563653559,0.5459882583170255,0.5451056985294117,0.7423456790123457,0.4293800539083557,0.9519657606193164,0.5459882583170255,0.6620916653040124,0.5459882583170255,0.5459882583170255,0.5459882583170255,0.6060577750247726
7,infgain,standard,noAug,ADASYN,BalancedRandomForest,last,0.2,0.1,42,2026-06-03 06:07:39,20260603-054739,log/stroke_prediction_v7/7/infgain/noAug__ADASYN__standard/BalancedRandomForest,1780436867126_ba5f39ad17804380598606521,0.7064579256360078,0.5496615189337847,0.7318518518518519,0.5111357722332772,0.9403812134728382,0.7064579256360078,0.7899082574303633,0.7064579256360078,0.7064579256360078,0.7064579256360078,0.6999292331297966
7,infgain,standard,noAug,ADASYN,BalancedRandomForest,last,0.3,0.1,42,2026-06-03 06:07:43,20260603-054739,log/stroke_prediction_v7/7/infgain/noAug__ADASYN__standard/BalancedRandomForest,1780436867126_ba5f39ad17804380632613767,0.7827788649706457,0.5383359782362276,0.6391769547325103,0.5263184266566454,0.9255805513790688,0.7827788649706457,0.8407552938448215,0.7827788649706457,0.7827788649706457,0.7827788649706457,0.7284819524982589
7,infgain,standard,noAug,ADASYN,BalancedRandomForest,last,0.5,0.1,42,2026-06-03 06:07:46,20260603-054739,log/stroke_prediction_v7/7/infgain/noAug__ADASYN__standard/BalancedRandomForest,1780436867126_ba5f39ad17804380666668242,0.8747553816046967,0.5097281831187411,0.5167901234567901,0.5092436974789917,0.9094373007007496,0.8747553816046967,0.8913318752158399,0.8747553816046967,0.8747553816046967,0.8747553816046967,0.7535840492737313
7,infgain,standard,noAug,ADASYN,GradientBoosting,first,0.1,0.1,42,2026-06-03 06:06:50,20260603-054739,log/stroke_prediction_v7/7/infgain/standard__noAug__ADASYN/GradientBoosting,1780436867126_ba5f39ad17804380109976207,0.50293542074364,0.5339905192846368,0.6817695473251029,0.3984111387148207,0.9430305314960546,0.50293542074364,0.6246350542795421,0.50293542074364,0.50293542074364,0.50293542074364,0.5705101570571898
7,infgain,standard,noAug,ADASYN,GradientBoosting,first,0.2,0.1,42,2026-06-03 06:06:54,20260603-054739,log/stroke_prediction_v7/7/infgain/standard__noAug__ADASYN/GradientBoosting,1780436867126_ba5f39ad17804380147212666,0.5518590998043053,0.5386514166564454,0.7074897119341563,0.4277155865940912,0.94456754540067,0.5518590998043053,0.6681784420138754,0.5518590998043053,0.5518590998043053,0.5518590998043053,0.6041986116120441
7,infgain,standard,noAug,ADASYN,GradientBoosting,first,0.3,0.1,42,2026-06-03 06:06:58,20260603-054739,log/stroke_prediction_v7/7/infgain/standard__noAug__ADASYN/GradientBoosting,1780436867126_ba5f39ad17804380184776601,0.6066536203522505,0.5448453608247423,0.7362962962962962,0.4604522890237175,0.9461637783202532,0.6066536203522505,0.7138312880554982,0.6066536203522505,0.6066536203522505,0.6066536203522505,0.6415345282469117
7,infgain,standard,noAug,ADASYN,GradientBoosting,first,0.5,0.1,42,2026-06-03 06:07:02,20260603-054739,log/stroke_prediction_v7/7/infgain/standard__noAug__ADASYN/GradientBoosting,1780436867126_ba5f39ad17804380222665348,0.7084148727984344,0.5346956964604023,0.6569958847736626,0.4954240309615167,0.9292008210507116,0.7084148727984344,0.791173362548321,0.7084148727984344,0.7084148727984344,0.7084148727984344,0.688444798374327
7,infgain,standard,noAug,ADASYN,GradientBoosting,last,0.1,0.1,42,2026-06-03 06:07:34,20260603-054739,log/stroke_prediction_v7/7/infgain/noAug__ADASYN__standard/GradientBoosting,1780436867126_ba5f39ad17804380544837404,0.3933463796477495,0.5373134328358209,0.6810699588477366,0.3353054716347767,0.9547273417647574,0.3933463796477494,0.5125032106677598,0.3933463796477495,0.3933463796477495,0.3933463796477494,0.5018209275493117
7,infgain,standard,noAug,ADASYN,GradientBoosting,last,0.2,0.1,42,2026-06-03 06:07:37,20260603-054739,log/stroke_prediction_v7/7/infgain/noAug__ADASYN__standard/GradientBoosting,1780436867126_ba5f39ad17804380579048665,0.5596868884540117,0.5394639896850248,0.711604938271605,0.4323819961788533,0.9448012215329792,0.5596868884540117,0.6748925554302915,0.5596868884540117,0.5596868884540117,0.5596868884540117,0.6095529530719372
7,infgain,standard,noAug,ADASYN,GradientBoosting,last,0.3,0.1,42,2026-06-03 06:07:41,20260603-054739,log/stroke_prediction_v7/7/infgain/noAug__ADASYN__standard/GradientBoosting,1780436867126_ba5f39ad17804380613681597,0.6575342465753424,0.5339632362717723,0.6681893004115227,0.4737136366578977,0.9323285212364284,0.6575342465753424,0.7543139716643283,0.6575342465753424,0.6575342465753424,0.6575342465753424,0.660665945670443
7,infgain,standard,noAug,ADASYN,GradientBoosting,last,0.5,0.1,42,2026-06-03 06:07:44,20260603-054739,log/stroke_prediction_v7/7/infgain/noAug__ADASYN__standard/GradientBoosting,1780436867126_ba5f39ad17804380647646030,0.8140900195694716,0.5265116279069767,0.5797530864197531,0.5199315671324453,0.9175843080143812,0.8140900195694716,0.858949183566118,0.8140900195694716,0.8140900195694716,0.8140900195694716,0.7348530226666841
7,infgain,standard,noAug,ADASYN,LogisticRegression,first,0.1,0.1,42,2026-06-03 06:06:50,20260603-054739,log/stroke_prediction_v7/7/infgain/standard__noAug__ADASYN/LogisticRegression,1780436867126_ba5f39ad17804380103171644,0.4285714285714285,0.5355442176870749,0.6806172839506173,0.3565119889598068,0.9499514091350828,0.4285714285714285,0.5507774957490328,0.4285714285714285,0.4285714285714285,0.4285714285714285,0.5241332852121747
7,infgain,standard,noAug,ADASYN,LogisticRegression,first,0.2,0.1,42,2026-06-03 06:06:54,20260603-054739,log/stroke_prediction_v7/7/infgain/standard__noAug__ADASYN/LogisticRegression,1780436867126_ba5f39ad17804380140473318,0.5440313111545988,0.5343371647509578,0.6844032921810699,0.420406474382378,0.940610027667184,0.5440313111545988,0.6618939733315043,0.5440313111545988,0.5440313111545988,0.5440313111545988,0.5958926400788429
7,infgain,standard,noAug,ADASYN,LogisticRegression,first,0.3,0.1,42,2026-06-03 06:06:57,20260603-054739,log/stroke_prediction_v7/7/infgain/standard__noAug__ADASYN/LogisticRegression,1780436867126_ba5f39ad17804380178041261,0.6164383561643836,0.5355207706201084,0.6845267489711935,0.4568310989630786,0.9366283720815156,0.6164383561643836,0.7224590613089327,0.6164383561643836,0.6164383561643836,0.6164383561643836,0.6391364556738368
7,infgain,standard,noAug,ADASYN,LogisticRegression,first,0.5,0.1,42,2026-06-03 06:07:01,20260603-054739,log/stroke_prediction_v7/7/infgain/standard__noAug__ADASYN/LogisticRegression,1780436867126_ba5f39ad17804380215768081,0.7416829745596869,0.5494728771324516,0.7124279835390948,0.5253068348158991,0.9364111081977592,0.7416829745596869,0.8144355316909315,0.7416829745596869,0.7416829745596869,0.7416829745596869,0.7174657416868297
7,infgain,standard,noAug,ADASYN,LogisticRegression,last,0.1,0.1,42,2026-06-03 06:07:33,20260603-054739,log/stroke_prediction_v7/7/infgain/noAug__ADASYN__standard/LogisticRegression,1780436867126_ba5f39ad17804380538256566,0.3444227005870841,0.5347222222222222,0.6553497942386831,0.3019837305551591,0.9544737986518808,0.3444227005870841,0.4572564701164086,0.3444227005870841,0.3444227005870841,0.3444227005870841,0.4661096918468473
7,infgain,standard,noAug,ADASYN,LogisticRegression,last,0.2,0.1,42,2026-06-03 06:07:37,20260603-054739,log/stroke_prediction_v7/7/infgain/noAug__ADASYN__standard/LogisticRegression,1780436867126_ba5f39ad17804380572506982,0.5088062622309197,0.5380953113462958,0.7038271604938272,0.4043376291652153,0.9472544520186708,0.5088062622309197,0.6293845443207748,0.5088062622309197,0.5088062622309197,0.5088062622309197,0.5774985233011456
7,infgain,standard,noAug,ADASYN,LogisticRegression,last,0.3,0.1,42,2026-06-03 06:07:40,20260603-054739,log/stroke_prediction_v7/7/infgain/noAug__ADASYN__standard/LogisticRegression,1780436867126_ba5f39ad17804380606900902,0.5949119373776908,0.5363945260139031,0.6921810699588478,0.4474232728222541,0.9390292519647404,0.5949119373776908,0.7049697666103462,0.5949119373776908,0.5949119373776908,0.5949119373776908,0.6275842156597156
7,infgain,standard,noAug,ADASYN,LogisticRegression,last,0.5,0.1,42,2026-06-03 06:07:44,20260603-054739,log/stroke_prediction_v7/7/infgain/noAug__ADASYN__standard/LogisticRegression,1780436867126_ba5f39ad17804380640888585,0.7045009784735812,0.5339924160346695,0.6549382716049383,0.4930988496987931,0.9289896385690328,0.7045009784735812,0.7884212174720576,0.7045009784735812,0.7045009784735812,0.7045009784735812,0.6858204340859241
7,infgain,standard,noAug,ADASYN,XGBmodel,first,0.1,0.1,42,2026-06-03 06:06:50,20260603-054739,log/stroke_prediction_v7/7/infgain/standard__noAug__ADASYN/XGBmodel,1780436867126_ba5f39ad17804380101826416,0.5264187866927593,0.5326040326040324,0.6751440329218107,0.4099870224054353,0.9399466561893176,0.5264187866927593,0.6464409578083268,0.5264187866927593,0.5264187866927593,0.5264187866927593,0.583801183880684
7,infgain,standard,noAug,ADASYN,XGBmodel,first,0.2,0.1,42,2026-06-03 06:06:53,20260603-054739,log/stroke_prediction_v7/7/infgain/standard__noAug__ADASYN/XGBmodel,1780436867126_ba5f39ad17804380139156579,0.589041095890411,0.5357031857031855,0.6890946502057613,0.4439896373056995,0.9387978840033632,0.589041095890411,0.7001916388672014,0.589041095890411,0.589041095890411,0.589041095890411,0.6236032017733304
7,infgain,standard,noAug,ADASYN,XGBmodel,first,0.3,0.1,42,2026-06-03 06:06:57,20260603-054739,log/stroke_prediction_v7/7/infgain/standard__noAug__ADASYN/XGBmodel,1780436867126_ba5f39ad17804380176696191,0.6575342465753424,0.5412439891970225,0.7061316872427983,0.4810436579095504,0.9383536829111372,0.6575342465753424,0.7540710450737456,0.6575342465753424,0.6575342465753424,0.6575342465753424,0.666853840012727
7,infgain,standard,noAug,ADASYN,XGBmodel,first,0.5,0.1,42,2026-06-03 06:07:01,20260603-054739,log/stroke_prediction_v7/7/infgain/standard__noAug__ADASYN/XGBmodel,1780436867126_ba5f39ad17804380214368775,0.761252446183953,0.5460342847769029,0.6847736625514403,0.5285692679975801,0.9320870957055026,0.761252446183953,0.8273629870614183,0.761252446183953,0.761252446183953,0.761252446183953,0.7241803210358154
7,infgain,standard,noAug,ADASYN,XGBmodel,last,0.1,0.1,42,2026-06-03 06:07:33,20260603-054739,log/stroke_prediction_v7/7/infgain/noAug__ADASYN__standard/XGBmodel,1780436867126_ba5f39ad17804380536919775,0.4696673189823874,0.5348173515981735,0.6832510288065844,0.3803566234870349,0.9462442698978636,0.4696673189823874,0.5925846163909396,0.4696673189823874,0.4696673189823874,0.4696673189823874,0.5502393786049132
7,infgain,standard,noAug,ADASYN,XGBmodel,last,0.2,0.1,42,2026-06-03 06:07:37,20260603-054739,log/stroke_prediction_v7/7/infgain/noAug__ADASYN__standard/XGBmodel,1780436867126_ba5f39ad17804380571186576,0.6183953033268101,0.535772086824067,0.6855555555555556,0.4579709198909903,0.936712116379484,0.6183953033268101,0.723998404653267,0.6183953033268101,0.6183953033268101,0.6183953033268101,0.6404574958882733
7,infgain,standard,noAug,ADASYN,XGBmodel,last,0.3,0.1,42,2026-06-03 06:07:40,20260603-054739,log/stroke_prediction_v7/7/infgain/noAug__ADASYN__standard/XGBmodel,1780436867126_ba5f39ad17804380605569222,0.6908023483365949,0.5238350485991995,0.6097942386831277,0.4763800975407284,0.9226533137750506,0.6908023483365949,0.778669570375268,0.6908023483365949,0.6908023483365949,0.6908023483365949,0.670206649627775
7,infgain,standard,noAug,ADASYN,XGBmodel,last,0.5,0.1,42,2026-06-03 06:07:43,20260603-054739,log/stroke_prediction_v7/7/infgain/noAug__ADASYN__standard/XGBmodel,1780436867126_ba5f39ad17804380639568521,0.8297455968688845,0.5188014101057579,0.5500411522633745,0.5134771331954431,0.9136919613393706,0.8297455968688845,0.8673600500727647,0.8297455968688845,0.8297455968688845,0.8297455968688845,0.7372772686086352
7,infgain,standard,noAug,ADASYN,random_forest,first,0.1,0.1,42,2026-06-03 06:06:50,20260603-054739,log/stroke_prediction_v7/7/infgain/standard__noAug__ADASYN/random_forest,1780436867126_ba5f39ad17804380100609329,0.6046966731898239,0.5375795479482115,0.6973251028806584,0.4531574486119941,0.9394106484207218,0.6046966731898239,0.7128584989108029,0.6046966731898239,0.6046966731898239,0.6046966731898239,0.6342125913293082
7,infgain,standard,noAug,ADASYN,random_forest,first,0.2,0.1,42,2026-06-03 06:06:53,20260603-054739,log/stroke_prediction_v7/7/infgain/standard__noAug__ADASYN/random_forest,1780436867126_ba5f39ad17804380137907348,0.7162426614481409,0.551627998709076,0.7369958847736626,0.5174127409028443,0.9407939449793784,0.7162426614481409,0.7968657694741301,0.7162426614481409,0.7162426614481409,0.7162426614481409,0.706580623982014
7,infgain,standard,noAug,ADASYN,random_forest,first,0.3,0.1,42,2026-06-03 06:06:57,20260603-054739,log/stroke_prediction_v7/7/infgain/standard__noAug__ADASYN/random_forest,1780436867126_ba5f39ad17804380175450009,0.8023483365949119,0.5672976649285877,0.7443209876543211,0.5689924422731638,0.9396631619669916,0.8023483365949119,0.8551016637687114,0.8023483365949119,0.8023483365949119,0.802348336594912,0.7596816319992359
7,infgain,standard,noAug,ADASYN,random_forest,first,0.5,0.1,42,2026-06-03 06:07:01,20260603-054739,log/stroke_prediction_v7/7/infgain/standard__noAug__ADASYN/random_forest,1780436867126_ba5f39ad17804380213072559,0.8747553816046967,0.574608378870674,0.668559670781893,0.5937189425561519,0.9303095826248756,0.8747553816046967,0.8985608211476322,0.8747553816046967,0.8747553816046967,0.8747553816046967,0.7910918804251904
7,infgain,standard,noAug,ADASYN,random_forest,last,0.1,0.1,42,2026-06-03 06:07:33,20260603-054739,log/stroke_prediction_v7/7/infgain/noAug__ADASYN__standard/random_forest,1780436867126_ba5f39ad17804380535695925,0.5518590998043053,0.5456885456885456,0.7454320987654321,0.432951324110193,0.9520636095978562,0.5518590998043053,0.6672098052853457,0.5518590998043053,0.5518590998043053,0.5518590998043053,0.6100862347362362
7,infgain,standard,noAug,ADASYN,random_forest,last,0.2,0.1,42,2026-06-03 06:07:36,20260603-054739,log/stroke_prediction_v7/7/infgain/noAug__ADASYN__standard/random_forest,1780436867126_ba5f39ad17804380569965804,0.6829745596868885,0.5416680918014843,0.7005349794238682,0.4926081200353044,0.9364697990449466,0.6829745596868885,0.7729880838671901,0.6829745596868885,0.6829745596868885,0.6829745596868885,0.6808965414871594
7,infgain,standard,noAug,ADASYN,random_forest,last,0.3,0.1,42,2026-06-03 06:07:40,20260603-054739,log/stroke_prediction_v7/7/infgain/noAug__ADASYN__standard/random_forest,1780436867126_ba5f39ad17804380604300320,0.7788649706457925,0.5464207769532955,0.6750617283950617,0.5351591115833876,0.9304952331978872,0.7788649706457925,0.8388034386854651,0.7788649706457925,0.7788649706457925,0.7788649706457925,0.7328381446532692
7,infgain,standard,noAug,ADASYN,random_forest,last,0.5,0.1,42,2026-06-03 06:07:43,20260603-054739,log/stroke_prediction_v7/7/infgain/noAug__ADASYN__standard/random_forest,1780436867126_ba5f39ad17804380638336056,0.8786692759295499,0.511379447425959,0.5188477366255144,0.5116228881489703,0.9097808849322068,0.8786692759295499,0.8935831246429821,0.8786692759295499,0.8786692759295499,0.87866927592955,0.7562494191889807
7,infgain,standard,noAug,RandomOverSampler,BalancedRandomForest,first,0.1,0.1,42,2026-06-03 06:08:15,20260603-054739,log/stroke_prediction_v7/7/infgain/standard__noAug__RandomOverSampler/BalancedRandomForest,1780436867126_ba5f39ad17804380956780283,0.8317025440313112,0.5752559551371096,0.7407818930041152,0.5880268486575672,0.9390155781531924,0.8317025440313112,0.8738652597702796,0.8317025440313112,0.8317025440313112,0.8317025440313112,0.777470176506143
7,infgain,standard,noAug,RandomOverSampler,BalancedRandomForest,first,0.2,0.1,42,2026-06-03 06:08:18,20260603-054739,log/stroke_prediction_v7/7/infgain/standard__noAug__RandomOverSampler/BalancedRandomForest,1780436867126_ba5f39ad17804380983655570,0.9001956947162426,0.6059002169197396,0.7009053497942387,0.6330728616684266,0.9359980642778608,0.9001956947162426,0.9155123709231128,0.9001956947162426,0.9001956947162426,0.9001956947162426,0.8166464258744116
7,infgain,standard,noAug,RandomOverSampler,BalancedRandomForest,first,0.3,0.1,42,2026-06-03 06:08:21,20260603-054739,log/stroke_prediction_v7/7/infgain/standard__noAug__RandomOverSampler/BalancedRandomForest,1780436867126_ba5f39ad17804381010531704,0.9315068493150684,0.6441511387163561,0.6604526748971193,0.6517514652335612,0.9352961553888978,0.9315068493150686,0.933339308162764,0.9315068493150684,0.9315068493150684,0.9315068493150684,0.8343563526357134
7,infgain,standard,noAug,RandomOverSampler,BalancedRandomForest,first,0.5,0.1,42,2026-06-03 06:08:23,20260603-054739,log/stroke_prediction_v7/7/infgain/standard__noAug__RandomOverSampler/BalancedRandomForest,1780436867126_ba5f39ad17804381039621331,0.943248532289628,0.64562458249833,0.5717695473251028,0.5933872959253669,0.9273589579681214,0.943248532289628,0.9336531819252074,0.943248532289628,0.943248532289628,0.943248532289628,0.8208307933725927
7,infgain,standard,noAug,RandomOverSampler,BalancedRandomForest,last,0.1,0.1,42,2026-06-03 06:08:47,20260603-054739,log/stroke_prediction_v7/7/infgain/noAug__RandomOverSampler__standard/BalancedRandomForest,1780436867126_ba5f39ad17804381273939125,0.7045009784735812,0.5455269022604267,0.7118518518518518,0.5058375228153319,0.9374362559195938,0.7045009784735812,0.7885037359587052,0.7045009784735812,0.7045009784735812,0.7045009784735812,0.6954330812087252
7,infgain,standard,noAug,RandomOverSampler,BalancedRandomForest,last,0.2,0.1,42,2026-06-03 06:08:49,20260603-054739,log/stroke_prediction_v7/7/infgain/noAug__RandomOverSampler__standard/BalancedRandomForest,1780436867126_ba5f39ad17804381299500237,0.8317025440313112,0.5605617002819345,0.6838683127572016,0.5688186813186813,0.9314695013752956,0.8317025440313112,0.8725516655555796,0.8317025440313112,0.8317025440313112,0.8317025440313112,0.7664765210851067
7,infgain,standard,noAug,RandomOverSampler,BalancedRandomForest,last,0.3,0.1,42,2026-06-03 06:08:52,20260603-054739,log/stroke_prediction_v7/7/infgain/noAug__RandomOverSampler__standard/BalancedRandomForest,1780436867126_ba5f39ad17804381325207279,0.8806262230919765,0.5328424497428705,0.5578189300411522,0.5383510315309311,0.9154876037140828,0.8806262230919764,0.89696208450739,0.8806262230919765,0.8806262230919765,0.8806262230919764,0.768162354992349
7,infgain,standard,noAug,RandomOverSampler,BalancedRandomForest,last,0.5,0.1,42,2026-06-03 06:23:53,20260603-054739,log/stroke_prediction_v7/7/infgain/noAug__RandomOverSampler__standard/BalancedRandomForest,1780436867126_ba5f39ad17804390332695392,0.9275929549902152,0.5115694164989939,0.5066255144032922,0.5068210866786654,0.9086436426779856,0.9275929549902152,0.9177868309405816,0.9275929549902152,0.9275929549902152,0.9275929549902152,0.7774122269970002
7,infgain,standard,noAug,RandomOverSampler,GradientBoosting,first,0.1,0.1,42,2026-06-03 06:08:14,20260603-054739,log/stroke_prediction_v7/7/infgain/standard__noAug__RandomOverSampler/GradientBoosting,1780436867126_ba5f39ad17804380942755667,0.5342465753424658,0.5333639705882353,0.6792592592592592,0.4146226415094339,0.9402447622884772,0.5342465753424658,0.6533526566480818,0.5342465753424658,0.5342465753424658,0.5342465753424658,0.5891817240742107
7,infgain,standard,noAug,RandomOverSampler,GradientBoosting,first,0.2,0.1,42,2026-06-03 06:08:16,20260603-054739,log/stroke_prediction_v7/7/infgain/standard__noAug__RandomOverSampler/GradientBoosting,1780436867126_ba5f39ad17804380969220598,0.6007827788649707,0.5371004566210046,0.6952674897119342,0.4508618146571704,0.9392586833945438,0.6007827788649707,0.7097141161545332,0.6007827788649707,0.6007827788649707,0.6007827788649707,0.6315621641404918
7,infgain,standard,noAug,RandomOverSampler,GradientBoosting,first,0.3,0.1,42,2026-06-03 06:08:19,20260603-054739,log/stroke_prediction_v7/7/infgain/standard__noAug__RandomOverSampler/GradientBoosting,1780436867126_ba5f39ad17804380996026669,0.6673189823874756,0.5391176963000167,0.6923045267489711,0.4832119741100323,0.935767312986718,0.6673189823874756,0.7614851898998727,0.6673189823874756,0.6673189823874756,0.6673189823874756,0.6703511211600464
7,infgain,standard,noAug,RandomOverSampler,GradientBoosting,first,0.5,0.1,42,2026-06-03 06:08:22,20260603-054739,log/stroke_prediction_v7/7/infgain/standard__noAug__RandomOverSampler/GradientBoosting,1780436867126_ba5f39ad17804381024241653,0.812133072407045,0.5666404911479155,0.7304938271604938,0.5713087248322148,0.9376964910182718,0.812133072407045,0.8611782397982638,0.812133072407045,0.812133072407045,0.812133072407045,0.7632093545900577
7,infgain,standard,noAug,RandomOverSampler,GradientBoosting,last,0.1,0.1,42,2026-06-03 06:08:45,20260603-054739,log/stroke_prediction_v7/7/infgain/noAug__RandomOverSampler__standard/GradientBoosting,1780436867126_ba5f39ad17804381259134714,0.3894324853228962,0.5370919881305638,0.6790123456790123,0.3326971371170265,0.954705673985378,0.3894324853228962,0.5082340198210932,0.3894324853228962,0.3894324853228962,0.3894324853228962,0.4989936684493716
7,infgain,standard,noAug,RandomOverSampler,GradientBoosting,last,0.2,0.1,42,2026-06-03 06:08:48,20260603-054739,log/stroke_prediction_v7/7/infgain/noAug__RandomOverSampler__standard/GradientBoosting,1780436867126_ba5f39ad17804381285976187,0.4422700587084148,0.5403225806451613,0.7067901234567902,0.3672032848856156,0.955021778928098,0.4422700587084148,0.563827050410107,0.4422700587084148,0.4422700587084148,0.4422700587084148,0.5367760220807292
7,infgain,standard,noAug,RandomOverSampler,GradientBoosting,last,0.3,0.1,42,2026-06-03 06:08:51,20260603-054739,log/stroke_prediction_v7/7/infgain/noAug__RandomOverSampler__standard/GradientBoosting,1780436867126_ba5f39ad17804381311478928,0.5107632093933464,0.5418552036199096,0.7238271604938271,0.4078849790500204,0.9513811847183552,0.5107632093933464,0.6305463132672658,0.5107632093933464,0.5107632093933464,0.5107632093933464,0.5817763324881405
7,infgain,standard,noAug,RandomOverSampler,GradientBoosting,last,0.5,0.1,42,2026-06-03 06:23:51,20260603-054739,log/stroke_prediction_v7/7/infgain/noAug__RandomOverSampler__standard/GradientBoosting,1780436867126_ba5f39ad17804390318377722,0.6731898238747553,0.5473462707505261,0.7333333333333334,0.4941643697578613,0.9419985019768508,0.6731898238747553,0.7656470485338093,0.6731898238747553,0.6731898238747553,0.6731898238747553,0.6805154528997237
7,infgain,standard,noAug,RandomOverSampler,LogisticRegression,first,0.1,0.1,42,2026-06-03 06:08:13,20260603-054739,log/stroke_prediction_v7/7/infgain/standard__noAug__RandomOverSampler/LogisticRegression,1780436867126_ba5f39ad17804380937720766,0.350293542074364,0.5305976886962802,0.6394650205761316,0.3045909165436956,0.948287194187252,0.3502935420743639,0.465422293411162,0.350293542074364,0.350293542074364,0.350293542074364,0.4674543886689404
7,infgain,standard,noAug,RandomOverSampler,LogisticRegression,first,0.2,0.1,42,2026-06-03 06:08:16,20260603-054739,log/stroke_prediction_v7/7/infgain/standard__noAug__RandomOverSampler/LogisticRegression,1780436867126_ba5f39ad17804380964025121,0.5205479452054794,0.5320442073638063,0.6720576131687243,0.4065040650406504,0.9397193500552457,0.5205479452054794,0.6412104434155889,0.5205479452054794,0.5205479452054794,0.5205479452054794,0.5797584714094051
7,infgain,standard,noAug,RandomOverSampler,LogisticRegression,first,0.3,0.1,42,2026-06-03 06:08:19,20260603-054739,log/stroke_prediction_v7/7/infgain/standard__noAug__RandomOverSampler/LogisticRegression,1780436867126_ba5f39ad17804380990723942,0.6027397260273972,0.5373391364248363,0.6962962962962963,0.4520092764280469,0.9393347605152436,0.6027397260273972,0.7112881468209593,0.6027397260273972,0.6027397260273972,0.6027397260273972,0.6328875232219473
7,infgain,standard,noAug,RandomOverSampler,LogisticRegression,first,0.5,0.1,42,2026-06-03 06:08:21,20260603-054739,log/stroke_prediction_v7/7/infgain/standard__noAug__RandomOverSampler/LogisticRegression,1780436867126_ba5f39ad17804381018695084,0.7397260273972602,0.5568493150684931,0.7493415637860082,0.5329677503590546,0.9418089697879526,0.7397260273972602,0.8133076495196805,0.7397260273972602,0.7397260273972602,0.7397260273972603,0.7226317058049597
7,infgain,standard,noAug,RandomOverSampler,LogisticRegression,last,0.1,0.1,42,2026-06-03 06:08:45,20260603-054739,log/stroke_prediction_v7/7/infgain/noAug__RandomOverSampler__standard/LogisticRegression,1780436867126_ba5f39ad17804381253956492,0.136986301369863,0.526824034334764,0.5462962962962963,0.1356622596568745,0.9537009818331472,0.1369863013698629,0.1661814211412577,0.136986301369863,0.136986301369863,0.136986301369863,0.3027532039140856
7,infgain,standard,noAug,RandomOverSampler,LogisticRegression,last,0.2,0.1,42,2026-06-03 06:08:48,20260603-054739,log/stroke_prediction_v7/7/infgain/noAug__RandomOverSampler__standard/LogisticRegression,1780436867126_ba5f39ad17804381280966244,0.2954990215264187,0.5324675324675324,0.6296296296296295,0.266857962697274,0.9542531832160012,0.2954990215264187,0.3975859638877268,0.2954990215264187,0.2954990215264187,0.2954990215264187,0.4295012321296338
7,infgain,standard,noAug,RandomOverSampler,LogisticRegression,last,0.3,0.1,42,2026-06-03 06:08:50,20260603-054739,log/stroke_prediction_v7/7/infgain/noAug__RandomOverSampler__standard/LogisticRegression,1780436867126_ba5f39ad17804381306499839,0.4148727984344422,0.5307018979057592,0.6544444444444445,0.3458394879369768,0.9446337960164344,0.4148727984344422,0.5375524767281308,0.4148727984344422,0.4148727984344422,0.4148727984344422,0.5114359279102068
7,infgain,standard,noAug,RandomOverSampler,LogisticRegression,last,0.5,0.1,42,2026-06-03 06:23:51,20260603-054739,log/stroke_prediction_v7/7/infgain/noAug__RandomOverSampler__standard/LogisticRegression,1780436867126_ba5f39ad17804390314247943,0.5792563600782779,0.5345814637165403,0.6839506172839507,0.4382749188332439,0.9384074876922464,0.5792563600782779,0.6921516548252779,0.5792563600782779,0.5792563600782779,0.5792563600782779,0.616960486949363
7,infgain,standard,noAug,RandomOverSampler,XGBmodel,first,0.1,0.1,42,2026-06-03 06:08:13,20260603-054739,log/stroke_prediction_v7/7/infgain/standard__noAug__RandomOverSampler/XGBmodel,1780436867126_ba5f39ad17804380935938268,0.5459882583170255,0.5345350869125356,0.6854320987654321,0.42156212186268,0.9406821651794433,0.5459882583170255,0.6635893324342126,0.5459882583170255,0.5459882583170255,0.5459882583170255,0.597232956557085
7,infgain,standard,noAug,RandomOverSampler,XGBmodel,first,0.2,0.1,42,2026-06-03 06:08:16,20260603-054739,log/stroke_prediction_v7/7/infgain/standard__noAug__RandomOverSampler/XGBmodel,1780436867126_ba5f39ad17804380962194528,0.6262230919765166,0.5403469680089129,0.7086419753086419,0.4658468375282534,0.9402347775954312,0.6262230919765166,0.7298948850305723,0.6262230919765166,0.6262230919765166,0.6262230919765166,0.648772867265729
7,infgain,standard,noAug,RandomOverSampler,XGBmodel,first,0.3,0.1,42,2026-06-03 06:08:18,20260603-054739,log/stroke_prediction_v7/7/infgain/standard__noAug__RandomOverSampler/XGBmodel,1780436867126_ba5f39ad17804380989016059,0.6888454011741683,0.546383000617411,0.7225925925925927,0.5000830641439779,0.9396474716154056,0.6888454011741683,0.7772150302933976,0.6888454011741683,0.6888454011741683,0.6888454011741683,0.6879951811178143
7,infgain,standard,noAug,RandomOverSampler,XGBmodel,first,0.5,0.1,42,2026-06-03 06:08:21,20260603-054739,log/stroke_prediction_v7/7/infgain/standard__noAug__RandomOverSampler/XGBmodel,1780436867126_ba5f39ad17804381016900414,0.8258317025440313,0.5677968263686923,0.718724279835391,0.5767702429809132,0.93607570536817,0.8258317025440313,0.8696716023140697,0.8258317025440313,0.8258317025440313,0.8258317025440313,0.769558638969085
7,infgain,standard,noAug,RandomOverSampler,XGBmodel,last,0.1,0.1,42,2026-06-03 06:08:45,20260603-054739,log/stroke_prediction_v7/7/infgain/noAug__RandomOverSampler__standard/XGBmodel,1780436867126_ba5f39ad17804381252500377,0.3933463796477495,0.5373134328358209,0.6810699588477366,0.3353054716347767,0.9547273417647574,0.3933463796477494,0.5125032106677598,0.3933463796477495,0.3933463796477495,0.3933463796477494,0.5018209275493117
7,infgain,standard,noAug,RandomOverSampler,XGBmodel,last,0.2,0.1,42,2026-06-03 06:08:47,20260603-054739,log/stroke_prediction_v7/7/infgain/noAug__RandomOverSampler__standard/XGBmodel,1780436867126_ba5f39ad17804381279556390,0.4540117416829745,0.5411184210526315,0.7129629629629629,0.3746891406465874,0.9550996498094552,0.4540117416829745,0.5756106740409526,0.4540117416829745,0.4540117416829745,0.4540117416829745,0.5450677722588256
7,infgain,standard,noAug,RandomOverSampler,XGBmodel,last,0.3,0.1,42,2026-06-03 06:08:50,20260603-054739,log/stroke_prediction_v7/7/infgain/noAug__RandomOverSampler__standard/XGBmodel,1780436867126_ba5f39ad17804381305125883,0.5244618395303327,0.5466417910447761,0.75,0.4186575654152445,0.9556400969711132,0.5244618395303327,0.6423996313191694,0.5244618395303327,0.5244618395303327,0.5244618395303327,0.594171504123884
7,infgain,standard,noAug,RandomOverSampler,XGBmodel,last,0.5,0.1,42,2026-06-03 06:23:51,20260603-054739,log/stroke_prediction_v7/7/infgain/noAug__RandomOverSampler__standard/XGBmodel,1780436867126_ba5f39ad17804390312908785,0.6986301369863014,0.5518616561126682,0.7467078189300411,0.5100976144230289,0.9429614808684188,0.6986301369863014,0.7842726708951695,0.6986301369863014,0.6986301369863014,0.6986301369863014,0.697760693183363
7,infgain,standard,noAug,RandomOverSampler,random_forest,first,0.1,0.1,42,2026-06-03 06:08:13,20260603-054739,log/stroke_prediction_v7/7/infgain/standard__noAug__RandomOverSampler/random_forest,1780436867126_ba5f39ad17804380934682931,0.8180039138943248,0.5644240747146315,0.7146090534979423,0.5702270815811606,0.9355361568157065,0.8180039138943248,0.8646217199738635,0.8180039138943248,0.8180039138943248,0.8180039138943247,0.7638858142938114
7,infgain,standard,noAug,RandomOverSampler,random_forest,first,0.2,0.1,42,2026-06-03 06:08:16,20260603-054739,log/stroke_prediction_v7/7/infgain/standard__noAug__RandomOverSampler/random_forest,1780436867126_ba5f39ad17804380960950912,0.8904109589041096,0.5884897421109005,0.6767901234567901,0.6113646240764885,0.9321580901150224,0.8904109589041096,0.9084555255904224,0.8904109589041096,0.8904109589041096,0.8904109589041096,0.8038812015799516
7,infgain,standard,noAug,RandomOverSampler,random_forest,first,0.3,0.1,42,2026-06-03 06:08:18,20260603-054739,log/stroke_prediction_v7/7/infgain/standard__noAug__RandomOverSampler/random_forest,1780436867126_ba5f39ad17804380987767896,0.9315068493150684,0.6441511387163561,0.6604526748971193,0.6517514652335612,0.9352961553888978,0.9315068493150686,0.933339308162764,0.9315068493150684,0.9315068493150684,0.9315068493150684,0.8343563526357134
7,infgain,standard,noAug,RandomOverSampler,random_forest,first,0.5,0.1,42,2026-06-03 06:08:21,20260603-054739,log/stroke_prediction_v7/7/infgain/standard__noAug__RandomOverSampler/random_forest,1780436867126_ba5f39ad17804381015698352,0.9393346379647748,0.6217303822937625,0.5697119341563786,0.5867960455956387,0.9248681915366956,0.9393346379647748,0.9311186961934604,0.9393346379647748,0.9393346379647748,0.9393346379647748,0.8150521172529583
7,infgain,standard,noAug,RandomOverSampler,random_forest,last,0.1,0.1,42,2026-06-03 06:08:45,20260603-054739,log/stroke_prediction_v7/7/infgain/noAug__RandomOverSampler__standard/random_forest,1780436867126_ba5f39ad17804381251282960,0.7045009784735812,0.5455269022604267,0.7118518518518518,0.5058375228153319,0.9374362559195938,0.7045009784735812,0.7885037359587052,0.7045009784735812,0.7045009784735812,0.7045009784735812,0.6954330812087252
7,infgain,standard,noAug,RandomOverSampler,random_forest,last,0.2,0.1,42,2026-06-03 06:08:47,20260603-054739,log/stroke_prediction_v7/7/infgain/noAug__RandomOverSampler__standard/random_forest,1780436867126_ba5f39ad17804381278312836,0.8297455968688845,0.5490827478532396,0.6448971193415638,0.5532723052342816,0.9263001630025468,0.8297455968688845,0.8703225227555551,0.8297455968688845,0.8297455968688845,0.8297455968688845,0.7574654659657641
7,infgain,standard,noAug,RandomOverSampler,random_forest,last,0.3,0.1,42,2026-06-03 06:08:50,20260603-054739,log/stroke_prediction_v7/7/infgain/noAug__RandomOverSampler__standard/random_forest,1780436867126_ba5f39ad17804381303878280,0.87279843444227,0.5283080260303689,0.5537037037037037,0.532347764871524,0.914707243251504,0.87279843444227,0.8923196884314183,0.87279843444227,0.87279843444227,0.87279843444227,0.7624913890709069
7,infgain,standard,noAug,RandomOverSampler,random_forest,last,0.5,0.1,42,2026-06-03 06:23:51,20260603-054739,log/stroke_prediction_v7/7/infgain/noAug__RandomOverSampler__standard/random_forest,1780436867126_ba5f39ad17804390311401386,0.9275929549902152,0.5115694164989939,0.5066255144032922,0.5068210866786654,0.9086436426779856,0.9275929549902152,0.9177868309405816,0.9275929549902152,0.9275929549902152,0.9275929549902152,0.7774122269970002
7,infgain,standard,noAug,noImbl,BalancedRandomForest,first,0.1,0.1,42,2026-06-03 06:24:28,20260603-054739,log/stroke_prediction_v7/7/infgain/standard__noAug__noImbl/BalancedRandomForest,1780436867126_ba5f39ad17804390684815579,0.487279843444227,0.5290137189469781,0.6545679012345679,0.3866276938865268,0.9383608807931114,0.487279843444227,0.6107853796164773,0.487279843444227,0.487279843444227,0.487279843444227,0.5567181485006071
7,infgain,standard,noAug,noImbl,BalancedRandomForest,first,0.2,0.1,42,2026-06-03 06:24:30,20260603-054739,log/stroke_prediction_v7/7/infgain/standard__noAug__noImbl/BalancedRandomForest,1780436867126_ba5f39ad17804390708413319,0.5577299412915852,0.5322345166743507,0.6726337448559672,0.4257170704539125,0.9375238528310774,0.5577299412915852,0.6741167988464312,0.5577299412915852,0.5577299412915852,0.5577299412915852,0.602306268347825
7,infgain,standard,noAug,noImbl,BalancedRandomForest,first,0.3,0.1,42,2026-06-03 06:24:33,20260603-054739,log/stroke_prediction_v7/7/infgain/standard__noAug__noImbl/BalancedRandomForest,1780436867126_ba5f39ad17804390732363741,0.6438356164383562,0.5427996378803066,0.7179012345679012,0.47634009009009,0.940898664506468,0.6438356164383562,0.743521535233864,0.6438356164383562,0.6438356164383562,0.6438356164383562,0.660673444069403
7,infgain,standard,noAug,noImbl,BalancedRandomForest,first,0.5,0.1,42,2026-06-03 06:24:35,20260603-054739,log/stroke_prediction_v7/7/infgain/standard__noAug__noImbl/BalancedRandomForest,1780436867126_ba5f39ad17804390756115361,0.8043052837573386,0.5723310810810811,0.764320987654321,0.5759195325985925,0.9423660549003016,0.8043052837573386,0.8566817493564111,0.8043052837573386,0.8043052837573386,0.8043052837573386,0.7645141181597561
7,infgain,standard,noAug,noImbl,BalancedRandomForest,last,0.1,0.1,42,2026-06-03 06:24:57,20260603-054739,log/stroke_prediction_v7/7/infgain/noAug__noImbl__standard/BalancedRandomForest,1780436867126_ba5f39ad17804390976103916,0.487279843444227,0.5290137189469781,0.6545679012345679,0.3866276938865268,0.9383608807931114,0.487279843444227,0.6107853796164773,0.487279843444227,0.487279843444227,0.487279843444227,0.5567181485006071
7,infgain,standard,noAug,noImbl,BalancedRandomForest,last,0.2,0.1,42,2026-06-03 06:24:59,20260603-054739,log/stroke_prediction_v7/7/infgain/noAug__noImbl__standard/BalancedRandomForest,1780436867126_ba5f39ad17804390996988092,0.5577299412915852,0.5322345166743507,0.6726337448559672,0.4257170704539125,0.9375238528310774,0.5577299412915852,0.6741167988464312,0.5577299412915852,0.5577299412915852,0.5577299412915852,0.602306268347825
7,infgain,standard,noAug,noImbl,BalancedRandomForest,last,0.3,0.1,42,2026-06-03 06:25:01,20260603-054739,log/stroke_prediction_v7/7/infgain/noAug__noImbl__standard/BalancedRandomForest,1780436867126_ba5f39ad17804391017519271,0.6438356164383562,0.5427996378803066,0.7179012345679012,0.47634009009009,0.940898664506468,0.6438356164383562,0.743521535233864,0.6438356164383562,0.6438356164383562,0.6438356164383562,0.660673444069403
7,infgain,standard,noAug,noImbl,BalancedRandomForest,last,0.5,0.1,42,2026-06-03 06:25:03,20260603-054739,log/stroke_prediction_v7/7/infgain/noAug__noImbl__standard/BalancedRandomForest,1780436867126_ba5f39ad17804391038895710,0.8043052837573386,0.5723310810810811,0.764320987654321,0.5759195325985925,0.9423660549003016,0.8043052837573386,0.8566817493564111,0.8043052837573386,0.8043052837573386,0.8043052837573386,0.7645141181597561
7,infgain,standard,noAug,noImbl,GradientBoosting,first,0.1,0.1,42,2026-06-03 06:24:27,20260603-054739,log/stroke_prediction_v7/7/infgain/standard__noAug__noImbl/GradientBoosting,1780436867126_ba5f39ad17804390677791905,0.8767123287671232,0.5881396812080537,0.7075308641975309,0.6123053578525235,0.935481693021973,0.8767123287671232,0.9011480440886148,0.8767123287671232,0.8767123287671232,0.8767123287671232,0.8008181656407757
7,infgain,standard,noAug,noImbl,GradientBoosting,first,0.2,0.1,42,2026-06-03 06:24:30,20260603-054739,log/stroke_prediction_v7/7/infgain/standard__noAug__noImbl/GradientBoosting,1780436867126_ba5f39ad17804390701533533,0.9256360078277888,0.5738095238095238,0.5625102880658436,0.5674893086243763,0.919634703196347,0.9256360078277888,0.922555176006684,0.9256360078277888,0.9256360078277888,0.9256360078277884,0.7993565273329458
7,infgain,standard,noAug,noImbl,GradientBoosting,first,0.3,0.1,42,2026-06-03 06:24:32,20260603-054739,log/stroke_prediction_v7/7/infgain/standard__noAug__noImbl/GradientBoosting,1780436867126_ba5f39ad17804390725394019,0.9471624266144814,0.665631212723658,0.5548559670781893,0.5772589392407391,0.9278249290947076,0.9471624266144814,0.9340068632560012,0.9471624266144814,0.9471624266144814,0.9471624266144814,0.8203860519099588
7,infgain,standard,noAug,noImbl,GradientBoosting,first,0.5,0.1,42,2026-06-03 06:24:34,20260603-054739,log/stroke_prediction_v7/7/infgain/standard__noAug__noImbl/GradientBoosting,1780436867126_ba5f39ad17804390749140216,0.949119373776908,0.4754901960784314,0.4989711934156378,0.4869477911646586,0.9044549326579948,0.949119373776908,0.926249027420838,0.949119373776908,0.949119373776908,0.949119373776908,0.7795189045137939
7,infgain,standard,noAug,noImbl,GradientBoosting,last,0.1,0.1,42,2026-06-03 06:24:56,20260603-054739,log/stroke_prediction_v7/7/infgain/noAug__noImbl__standard/GradientBoosting,1780436867126_ba5f39ad17804390969152824,0.8767123287671232,0.5881396812080537,0.7075308641975309,0.6123053578525235,0.935481693021973,0.8767123287671232,0.9011480440886148,0.8767123287671232,0.8767123287671232,0.8767123287671232,0.8008181656407757
7,infgain,standard,noAug,noImbl,GradientBoosting,last,0.2,0.1,42,2026-06-03 06:24:59,20260603-054739,log/stroke_prediction_v7/7/infgain/noAug__noImbl__standard/GradientBoosting,1780436867126_ba5f39ad17804390990740968,0.9256360078277888,0.5738095238095238,0.5625102880658436,0.5674893086243763,0.919634703196347,0.9256360078277888,0.922555176006684,0.9256360078277888,0.9256360078277888,0.9256360078277884,0.7993565273329458
7,infgain,standard,noAug,noImbl,GradientBoosting,last,0.3,0.1,42,2026-06-03 06:25:01,20260603-054739,log/stroke_prediction_v7/7/infgain/noAug__noImbl__standard/GradientBoosting,1780436867126_ba5f39ad17804391011493292,0.9471624266144814,0.665631212723658,0.5548559670781893,0.5772589392407391,0.9278249290947076,0.9471624266144814,0.9340068632560012,0.9471624266144814,0.9471624266144814,0.9471624266144814,0.8203860519099588
7,infgain,standard,noAug,noImbl,GradientBoosting,last,0.5,0.1,42,2026-06-03 06:25:03,20260603-054739,log/stroke_prediction_v7/7/infgain/noAug__noImbl__standard/GradientBoosting,1780436867126_ba5f39ad17804391032580246,0.949119373776908,0.4754901960784314,0.4989711934156378,0.4869477911646586,0.9044549326579948,0.949119373776908,0.926249027420838,0.949119373776908,0.949119373776908,0.949119373776908,0.7795189045137939
7,infgain,standard,noAug,noImbl,LogisticRegression,first,0.1,0.1,42,2026-06-03 06:24:27,20260603-054739,log/stroke_prediction_v7/7/infgain/standard__noAug__noImbl/LogisticRegression,1780436867126_ba5f39ad17804390670817719,0.8434442270058709,0.5764982049157691,0.7279835390946502,0.5925039872408293,0.9373841761284872,0.8434442270058709,0.8809913950505155,0.8434442270058709,0.8434442270058709,0.843444227005871,0.7825885901599406
7,infgain,standard,noAug,noImbl,LogisticRegression,first,0.2,0.1,42,2026-06-03 06:24:29,20260603-054739,log/stroke_prediction_v7/7/infgain/standard__noAug__noImbl/LogisticRegression,1780436867126_ba5f39ad17804390694784031,0.9178082191780822,0.6034296944338786,0.6342798353909465,0.6161468021176134,0.9291117166969752,0.9178082191780822,0.923135573121755,0.9178082191780822,0.9178082191780822,0.9178082191780822,0.814697768609318
7,infgain,standard,noAug,noImbl,LogisticRegression,first,0.3,0.1,42,2026-06-03 06:24:31,20260603-054739,log/stroke_prediction_v7/7/infgain/standard__noAug__noImbl/LogisticRegression,1780436867126_ba5f39ad17804390718615091,0.9393346379647748,0.6217303822937625,0.5697119341563786,0.5867960455956387,0.9248681915366956,0.9393346379647748,0.9311186961934604,0.9393346379647748,0.9393346379647748,0.9393346379647748,0.8150521172529583
7,infgain,standard,noAug,noImbl,LogisticRegression,first,0.5,0.1,42,2026-06-03 06:24:34,20260603-054739,log/stroke_prediction_v7/7/infgain/standard__noAug__noImbl/LogisticRegression,1780436867126_ba5f39ad17804390742384105,0.949119373776908,0.4754901960784314,0.4989711934156378,0.4869477911646586,0.9044549326579948,0.949119373776908,0.926249027420838,0.949119373776908,0.949119373776908,0.949119373776908,0.7795189045137939
7,infgain,standard,noAug,noImbl,LogisticRegression,last,0.1,0.1,42,2026-06-03 06:24:56,20260603-054739,log/stroke_prediction_v7/7/infgain/noAug__noImbl__standard/LogisticRegression,1780436867126_ba5f39ad17804390960874813,0.8434442270058709,0.5764982049157691,0.7279835390946502,0.5925039872408293,0.9373841761284872,0.8434442270058709,0.8809913950505155,0.8434442270058709,0.8434442270058709,0.843444227005871,0.7825885901599406
7,infgain,standard,noAug,noImbl,LogisticRegression,last,0.2,0.1,42,2026-06-03 06:24:58,20260603-054739,log/stroke_prediction_v7/7/infgain/noAug__noImbl__standard/LogisticRegression,1780436867126_ba5f39ad17804390985007783,0.9178082191780822,0.6034296944338786,0.6342798353909465,0.6161468021176134,0.9291117166969752,0.9178082191780822,0.923135573121755,0.9178082191780822,0.9178082191780822,0.9178082191780822,0.814697768609318
7,infgain,standard,noAug,noImbl,LogisticRegression,last,0.3,0.1,42,2026-06-03 06:25:00,20260603-054739,log/stroke_prediction_v7/7/infgain/noAug__noImbl__standard/LogisticRegression,1780436867126_ba5f39ad17804391005799002,0.9393346379647748,0.6217303822937625,0.5697119341563786,0.5867960455956387,0.9248681915366956,0.9393346379647748,0.9311186961934604,0.9393346379647748,0.9393346379647748,0.9393346379647748,0.8150521172529583
7,infgain,standard,noAug,noImbl,LogisticRegression,last,0.5,0.1,42,2026-06-03 06:25:02,20260603-054739,log/stroke_prediction_v7/7/infgain/noAug__noImbl__standard/LogisticRegression,1780436867126_ba5f39ad17804391026751196,0.949119373776908,0.4754901960784314,0.4989711934156378,0.4869477911646586,0.9044549326579948,0.949119373776908,0.926249027420838,0.949119373776908,0.949119373776908,0.949119373776908,0.7795189045137939
7,infgain,standard,noAug,noImbl,XGBmodel,first,0.1,0.1,42,2026-06-03 06:24:26,20260603-054739,log/stroke_prediction_v7/7/infgain/standard__noAug__noImbl/XGBmodel,1780436867126_ba5f39ad17804390668096258,0.8786692759295499,0.5897817460317459,0.7085596707818931,0.6145366945688144,0.9356964246885968,0.8786692759295499,0.902397498368576,0.8786692759295499,0.8786692759295499,0.87866927592955,0.8024116234626518
7,infgain,standard,noAug,noImbl,XGBmodel,first,0.2,0.1,42,2026-06-03 06:24:29,20260603-054739,log/stroke_prediction_v7/7/infgain/standard__noAug__noImbl/XGBmodel,1780436867126_ba5f39ad17804390692242611,0.9315068493150684,0.6169362335006507,0.6035390946502057,0.6097108565193671,0.9274652568206648,0.9315068493150684,0.9294262717754412,0.9315068493150684,0.9315068493150684,0.9315068493150684,0.8182673674674007
7,infgain,standard,noAug,noImbl,XGBmodel,first,0.3,0.1,42,2026-06-03 06:24:31,20260603-054739,log/stroke_prediction_v7/7/infgain/standard__noAug__noImbl/XGBmodel,1780436867126_ba5f39ad17804390715960918,0.943248532289628,0.6280439121756487,0.552798353909465,0.5710233029381965,0.9239895941971242,0.943248532289628,0.9315187456504024,0.943248532289628,0.943248532289628,0.943248532289628,0.8131639062323648
7,infgain,standard,noAug,noImbl,XGBmodel,first,0.5,0.1,42,2026-06-03 06:24:33,20260603-054739,log/stroke_prediction_v7/7/infgain/standard__noAug__noImbl/XGBmodel,1780436867126_ba5f39ad17804390739725248,0.949119373776908,0.4754901960784314,0.4989711934156378,0.4869477911646586,0.9044549326579948,0.949119373776908,0.926249027420838,0.949119373776908,0.949119373776908,0.949119373776908,0.7795189045137939
7,infgain,standard,noAug,noImbl,XGBmodel,last,0.1,0.1,42,2026-06-03 06:24:55,20260603-054739,log/stroke_prediction_v7/7/infgain/noAug__noImbl__standard/XGBmodel,1780436867126_ba5f39ad17804390958233579,0.8786692759295499,0.5897817460317459,0.7085596707818931,0.6145366945688144,0.9356964246885968,0.8786692759295499,0.902397498368576,0.8786692759295499,0.8786692759295499,0.87866927592955,0.8024116234626518
7,infgain,standard,noAug,noImbl,XGBmodel,last,0.2,0.1,42,2026-06-03 06:24:58,20260603-054739,log/stroke_prediction_v7/7/infgain/noAug__noImbl__standard/XGBmodel,1780436867126_ba5f39ad17804390982674351,0.9315068493150684,0.6169362335006507,0.6035390946502057,0.6097108565193671,0.9274652568206648,0.9315068493150684,0.9294262717754412,0.9315068493150684,0.9315068493150684,0.9315068493150684,0.8182673674674007
7,infgain,standard,noAug,noImbl,XGBmodel,last,0.3,0.1,42,2026-06-03 06:25:00,20260603-054739,log/stroke_prediction_v7/7/infgain/noAug__noImbl__standard/XGBmodel,1780436867126_ba5f39ad17804391003615533,0.943248532289628,0.6280439121756487,0.552798353909465,0.5710233029381965,0.9239895941971242,0.943248532289628,0.9315187456504024,0.943248532289628,0.943248532289628,0.943248532289628,0.8131639062323648
7,infgain,standard,noAug,noImbl,XGBmodel,last,0.5,0.1,42,2026-06-03 06:25:02,20260603-054739,log/stroke_prediction_v7/7/infgain/noAug__noImbl__standard/XGBmodel,1780436867126_ba5f39ad17804391024457615,0.949119373776908,0.4754901960784314,0.4989711934156378,0.4869477911646586,0.9044549326579948,0.949119373776908,0.926249027420838,0.949119373776908,0.949119373776908,0.949119373776908,0.7795189045137939
7,infgain,standard,noAug,noImbl,random_forest,first,0.1,0.1,42,2026-06-03 06:24:26,20260603-054739,log/stroke_prediction_v7/7/infgain/standard__noAug__noImbl/random_forest,1780436867126_ba5f39ad17804390666062198,0.8454011741682974,0.5775761124121779,0.7290123456790123,0.5943507139483706,0.9375392420610732,0.8454011741682974,0.8822468884791821,0.8454011741682974,0.8454011741682974,0.8454011741682974,0.7840628800466779
7,infgain,standard,noAug,noImbl,random_forest,first,0.2,0.1,42,2026-06-03 06:24:29,20260603-054739,log/stroke_prediction_v7/7/infgain/standard__noAug__noImbl/random_forest,1780436867126_ba5f39ad17804390690191232,0.9197651663405088,0.6155814527068689,0.6542798353909465,0.6312547300983861,0.9321247754723496,0.9197651663405088,0.9255098431683388,0.9197651663405088,0.9197651663405088,0.9197651663405088,0.8216193588832286
7,infgain,standard,noAug,noImbl,random_forest,first,0.3,0.1,42,2026-06-03 06:24:31,20260603-054739,log/stroke_prediction_v7/7/infgain/standard__noAug__noImbl/random_forest,1780436867126_ba5f39ad17804390713687123,0.9354207436399216,0.6406860011154489,0.624567901234568,0.632013093289689,0.9316340017659456,0.9354207436399216,0.9334590562454156,0.9354207436399216,0.9354207436399216,0.9354207436399216,0.8286779102978303
7,infgain,standard,noAug,noImbl,random_forest,first,0.5,0.1,42,2026-06-03 06:24:33,20260603-054739,log/stroke_prediction_v7/7/infgain/standard__noAug__noImbl/random_forest,1780436867126_ba5f39ad17804390737605100,0.9452054794520548,0.6200396825396826,0.5348559670781893,0.5483585858585859,0.9216522225328488,0.9452054794520548,0.9302926525529264,0.9452054794520548,0.9452054794520548,0.9452054794520548,0.8075346647576206
7,infgain,standard,noAug,noImbl,random_forest,last,0.1,0.1,42,2026-06-03 06:24:55,20260603-054739,log/stroke_prediction_v7/7/infgain/noAug__noImbl__standard/random_forest,1780436867126_ba5f39ad17804390956185818,0.8454011741682974,0.5775761124121779,0.7290123456790123,0.5943507139483706,0.9375392420610732,0.8454011741682974,0.8822468884791821,0.8454011741682974,0.8454011741682974,0.8454011741682974,0.7840628800466779
7,infgain,standard,noAug,noImbl,random_forest,last,0.2,0.1,42,2026-06-03 06:24:58,20260603-054739,log/stroke_prediction_v7/7/infgain/noAug__noImbl__standard/random_forest,1780436867126_ba5f39ad17804390980850790,0.9197651663405088,0.6155814527068689,0.6542798353909465,0.6312547300983861,0.9321247754723496,0.9197651663405088,0.9255098431683388,0.9197651663405088,0.9197651663405088,0.9197651663405088,0.8216193588832286
7,infgain,standard,noAug,noImbl,random_forest,last,0.3,0.1,42,2026-06-03 06:25:00,20260603-054739,log/stroke_prediction_v7/7/infgain/noAug__noImbl__standard/random_forest,1780436867126_ba5f39ad17804391001929084,0.9354207436399216,0.6406860011154489,0.624567901234568,0.632013093289689,0.9316340017659456,0.9354207436399216,0.9334590562454156,0.9354207436399216,0.9354207436399216,0.9354207436399216,0.8286779102978303
7,infgain,standard,noAug,noImbl,random_forest,last,0.5,0.1,42,2026-06-03 06:25:02,20260603-054739,log/stroke_prediction_v7/7/infgain/noAug__noImbl__standard/random_forest,1780436867126_ba5f39ad17804391022629721,0.9452054794520548,0.6200396825396826,0.5348559670781893,0.5483585858585859,0.9216522225328488,0.9452054794520548,0.9302926525529264,0.9452054794520548,0.9452054794520548,0.9452054794520548,0.8075346647576206
8,infgain,minmax,gaussian_noise,ADASYN,BalancedRandomForest,first,0.1,0.1,42,2026-06-03 06:25:40,20260603-054739,log/stroke_prediction_v7/8/infgain/minmax__gaussian_noise__ADASYN/BalancedRandomForest,1780436867126_ba5f39ad17804391404515357,0.7651663405088063,0.5338385354141657,0.629917695473251,0.5149962034927866,0.9244690048230644,0.7651663405088063,0.829242615384844,0.7651663405088063,0.7651663405088063,0.7651663405088064,0.716524882606215
8,infgain,minmax,gaussian_noise,ADASYN,BalancedRandomForest,first,0.2,0.1,42,2026-06-03 06:25:59,20260603-054739,log/stroke_prediction_v7/8/infgain/minmax__gaussian_noise__ADASYN/BalancedRandomForest,1780436867126_ba5f39ad17804391591398512,0.8590998043052838,0.5512935494998275,0.6223868312757201,0.5613733905579399,0.923731038910104,0.8590998043052838,0.8873873495544375,0.8590998043052838,0.8590998043052838,0.8590998043052838,0.7706951747075351
8,infgain,minmax,gaussian_noise,ADASYN,BalancedRandomForest,first,0.3,0.1,42,2026-06-03 06:26:18,20260603-054739,log/stroke_prediction_v7/8/infgain/minmax__gaussian_noise__ADASYN/BalancedRandomForest,1780436867126_ba5f39ad17804391780797378,0.8864970645792564,0.5550715333822449,0.5988477366255145,0.5666959064327485,0.9214676242259432,0.8864970645792564,0.902523546308694,0.8864970645792564,0.8864970645792564,0.8864970645792564,0.782520433166289
8,infgain,minmax,gaussian_noise,ADASYN,BalancedRandomForest,first,0.5,0.1,42,2026-06-03 06:26:37,20260603-054739,log/stroke_prediction_v7/8/infgain/minmax__gaussian_noise__ADASYN/BalancedRandomForest,1780436867126_ba5f39ad17804391979930081,0.9315068493150684,0.5715277777777779,0.5466255144032922,0.5553317918500287,0.9179794520547946,0.9315068493150686,0.9243034971508444,0.9315068493150684,0.9315068493150684,0.9315068493150684,0.7981613074997448
8,infgain,minmax,gaussian_noise,ADASYN,BalancedRandomForest,last,0.1,0.1,42,2026-06-03 06:29:32,20260603-054739,log/stroke_prediction_v7/8/infgain/gaussian_noise__ADASYN__minmax/BalancedRandomForest,1780436867126_ba5f39ad17804393723174219,0.8258317025440313,0.5362300301324692,0.6048971193415638,0.5354782697512894,0.9209746150942276,0.8258317025440313,0.8667974096459775,0.8258317025440313,0.8258317025440313,0.8258317025440313,0.7468842093840284
8,infgain,minmax,gaussian_noise,ADASYN,BalancedRandomForest,last,0.2,0.1,42,2026-06-03 06:29:48,20260603-054739,log/stroke_prediction_v7/8/infgain/gaussian_noise__ADASYN__minmax/BalancedRandomForest,1780436867126_ba5f39ad17804393889326290,0.8943248532289628,0.5706485455412494,0.6219341563786008,0.5859243697478991,0.9250779465959666,0.8943248532289628,0.9083112697133646,0.8943248532289628,0.8943248532289628,0.8943248532289628,0.7936313520623561
8,infgain,minmax,gaussian_noise,ADASYN,BalancedRandomForest,last,0.3,0.1,42,2026-06-03 06:30:06,20260603-054739,log/stroke_prediction_v7/8/infgain/gaussian_noise__ADASYN__minmax/BalancedRandomForest,1780436867126_ba5f39ad17804394066847003,0.9217221135029354,0.6020174560022894,0.6173662551440329,0.6089684726048362,0.9273681118693928,0.9217221135029354,0.9244595633138596,0.9217221135029354,0.9217221135029354,0.9217221135029354,0.8133782330905498
8,infgain,minmax,gaussian_noise,ADASYN,BalancedRandomForest,last,0.5,0.1,42,2026-06-03 06:30:22,20260603-054739,log/stroke_prediction_v7/8/infgain/gaussian_noise__ADASYN__minmax/BalancedRandomForest,1780436867126_ba5f39ad17804394229067554,0.943248532289628,0.6021371769383699,0.5338271604938272,0.5459447865919048,0.9198186614170166,0.943248532289628,0.9291184827564454,0.943248532289628,0.943248532289628,0.943248532289628,0.8041372032030251
8,infgain,minmax,gaussian_noise,ADASYN,GradientBoosting,first,0.1,0.1,42,2026-06-03 06:25:28,20260603-054739,log/stroke_prediction_v7/8/infgain/minmax__gaussian_noise__ADASYN/GradientBoosting,1780436867126_ba5f39ad17804391285180311,0.5538160469667319,0.5318239051655304,0.6705761316872428,0.423433231719387,0.9373589999796864,0.5538160469667319,0.6707849923326625,0.5538160469667319,0.5538160469667319,0.5538160469667319,0.599635056077746
8,infgain,minmax,gaussian_noise,ADASYN,GradientBoosting,first,0.2,0.1,42,2026-06-03 06:25:47,20260603-054739,log/stroke_prediction_v7/8/infgain/minmax__gaussian_noise__ADASYN/GradientBoosting,1780436867126_ba5f39ad17804391478539992,0.6105675146771037,0.5347778759386634,0.681440329218107,0.45341718401462,0.9363758467251112,0.6105675146771037,0.7178197476474848,0.6105675146771037,0.6105675146771037,0.6105675146771037,0.6351719508083452
8,infgain,minmax,gaussian_noise,ADASYN,GradientBoosting,first,0.3,0.1,42,2026-06-03 06:26:06,20260603-054739,log/stroke_prediction_v7/8/infgain/minmax__gaussian_noise__ADASYN/GradientBoosting,1780436867126_ba5f39ad17804391664912219,0.7025440313111546,0.5451572526620125,0.7108230452674897,0.5046175825297209,0.9373480902687936,0.7025440313111546,0.7871070341961014,0.7025440313111546,0.7025440313111546,0.7025440313111546,0.6941091438531646
8,infgain,minmax,gaussian_noise,ADASYN,GradientBoosting,first,0.5,0.1,42,2026-06-03 06:26:25,20260603-054739,log/stroke_prediction_v7/8/infgain/minmax__gaussian_noise__ADASYN/GradientBoosting,1780436867126_ba5f39ad17804391857476665,0.8434442270058709,0.566293425208154,0.6900411522633745,0.5789733871632199,0.9323866046601528,0.8434442270058709,0.8800130344902867,0.8434442270058709,0.8434442270058709,0.843444227005871,0.7750977722635423
8,infgain,minmax,gaussian_noise,ADASYN,GradientBoosting,last,0.1,0.1,42,2026-06-03 06:29:22,20260603-054739,log/stroke_prediction_v7/8/infgain/gaussian_noise__ADASYN__minmax/GradientBoosting,1780436867126_ba5f39ad17804393622983894,0.5675146771037182,0.533281972265023,0.6777777777777778,0.4314246731211704,0.9379300986916496,0.5675146771037182,0.6823746404649885,0.5675146771037182,0.5675146771037182,0.5675146771037182,0.608974752752856
8,infgain,minmax,gaussian_noise,ADASYN,GradientBoosting,last,0.2,0.1,42,2026-06-03 06:29:39,20260603-054739,log/stroke_prediction_v7/8/infgain/gaussian_noise__ADASYN__minmax/GradientBoosting,1780436867126_ba5f39ad17804393793168632,0.6594911937377691,0.541542879778174,0.7071604938271605,0.4822152341020265,0.9384346515692206,0.6594911937377691,0.7555403758815493,0.6594911937377691,0.6594911937377691,0.6594911937377691,0.6681736215100994
8,infgain,minmax,gaussian_noise,ADASYN,GradientBoosting,last,0.3,0.1,42,2026-06-03 06:29:56,20260603-054739,log/stroke_prediction_v7/8/infgain/gaussian_noise__ADASYN__minmax/GradientBoosting,1780436867126_ba5f39ad17804393964057757,0.7592954990215264,0.5455389197127938,0.6837448559670782,0.5272682145355265,0.9319772846591692,0.7592954990215264,0.8260519523792302,0.7592954990215264,0.7592954990215264,0.7592954990215265,0.7228423306797279
8,infgain,minmax,gaussian_noise,ADASYN,GradientBoosting,last,0.5,0.1,42,2026-06-03 06:30:13,20260603-054739,log/stroke_prediction_v7/8/infgain/gaussian_noise__ADASYN__minmax/GradientBoosting,1780436867126_ba5f39ad17804394135578388,0.8962818003913894,0.5806217858812529,0.6419341563786007,0.598895158543268,0.9279231383613792,0.8962818003913894,0.9104752537523226,0.8962818003913894,0.8962818003913894,0.8962818003913894,0.7999661900630175
8,infgain,minmax,gaussian_noise,ADASYN,LogisticRegression,first,0.1,0.1,42,2026-06-03 06:25:24,20260603-054739,log/stroke_prediction_v7/8/infgain/minmax__gaussian_noise__ADASYN/LogisticRegression,1780436867126_ba5f39ad17804391245841532,0.0645792563600782,0.5248508946322068,0.5082304526748971,0.0635428168322905,0.9535079153260476,0.0645792563600782,0.0354370155199282,0.0645792563600782,0.0645792563600782,0.0645792563600782,0.2393376036601792
8,infgain,minmax,gaussian_noise,ADASYN,LogisticRegression,first,0.2,0.1,42,2026-06-03 06:25:43,20260603-054739,log/stroke_prediction_v7/8/infgain/minmax__gaussian_noise__ADASYN/LogisticRegression,1780436867126_ba5f39ad17804391439523702,0.3953033268101761,0.5333512822238675,0.6631275720164609,0.3348960636886333,0.949299696901722,0.3953033268101761,0.515725598097927,0.3953033268101761,0.3953033268101761,0.3953033268101761,0.5002924351062594
8,infgain,minmax,gaussian_noise,ADASYN,LogisticRegression,first,0.3,0.1,42,2026-06-03 06:26:02,20260603-054739,log/stroke_prediction_v7/8/infgain/minmax__gaussian_noise__ADASYN/LogisticRegression,1780436867126_ba5f39ad17804391626481535,0.5440313111545988,0.530816877223108,0.6654320987654321,0.4177193522987915,0.9369404800509245,0.5440313111545988,0.6623824322673931,0.5440313111545988,0.5440313111545988,0.5440313111545988,0.5929467377507135
8,infgain,minmax,gaussian_noise,ADASYN,LogisticRegression,first,0.5,0.1,42,2026-06-03 06:26:21,20260603-054739,log/stroke_prediction_v7/8/infgain/minmax__gaussian_noise__ADASYN/LogisticRegression,1780436867126_ba5f39ad17804391817495791,0.7201565557729941,0.548637636872931,0.720082304526749,0.5157425263590396,0.9381461177247984,0.7201565557729941,0.7995824888886571,0.7201565557729941,0.7201565557729941,0.7201565557729941,0.7060479805087999
8,infgain,minmax,gaussian_noise,ADASYN,LogisticRegression,last,0.1,0.1,42,2026-06-03 06:29:18,20260603-054739,log/stroke_prediction_v7/8/infgain/gaussian_noise__ADASYN__minmax/LogisticRegression,1780436867126_ba5f39ad17804393582657048,0.0763209393346379,0.5251509054325956,0.51440329218107,0.0758927203065134,0.9535372705902736,0.0763209393346379,0.0579464501278388,0.0763209393346379,0.0763209393346379,0.0763209393346379,0.2499133981194018
8,infgain,minmax,gaussian_noise,ADASYN,LogisticRegression,last,0.2,0.1,42,2026-06-03 06:29:35,20260603-054739,log/stroke_prediction_v7/8/infgain/gaussian_noise__ADASYN__minmax/LogisticRegression,1780436867126_ba5f39ad17804393753850301,0.4285714285714285,0.5355442176870749,0.6806172839506173,0.3565119889598068,0.9499514091350828,0.4285714285714285,0.5507774957490328,0.4285714285714285,0.4285714285714285,0.4285714285714285,0.5241332852121747
8,infgain,minmax,gaussian_noise,ADASYN,LogisticRegression,last,0.3,0.1,42,2026-06-03 06:29:51,20260603-054739,log/stroke_prediction_v7/8/infgain/gaussian_noise__ADASYN__minmax/LogisticRegression,1780436867126_ba5f39ad17804393918939561,0.4990215264187866,0.5300581771170007,0.6607407407407406,0.3936742185472208,0.9388552048849044,0.4990215264187866,0.6216794247856803,0.4990215264187866,0.4990215264187866,0.4990215264187866,0.5648770693417143
8,infgain,minmax,gaussian_noise,ADASYN,LogisticRegression,last,0.5,0.1,42,2026-06-03 06:30:09,20260603-054739,log/stroke_prediction_v7/8/infgain/gaussian_noise__ADASYN__minmax/LogisticRegression,1780436867126_ba5f39ad17804394095876482,0.7729941291585127,0.5534427122621741,0.709917695473251,0.5417465520440349,0.9353793280705216,0.7729941291585127,0.8354246045227519,0.7729941291585127,0.7729941291585127,0.7729941291585127,0.7356472987290177
8,infgain,minmax,gaussian_noise,ADASYN,XGBmodel,first,0.1,0.1,42,2026-06-03 06:25:24,20260603-054739,log/stroke_prediction_v7/8/infgain/minmax__gaussian_noise__ADASYN/XGBmodel,1780436867126_ba5f39ad17804391243818111,0.5538160469667319,0.5318239051655304,0.6705761316872428,0.423433231719387,0.9373589999796864,0.5538160469667319,0.6707849923326625,0.5538160469667319,0.5538160469667319,0.5538160469667319,0.599635056077746
8,infgain,minmax,gaussian_noise,ADASYN,XGBmodel,first,0.2,0.1,42,2026-06-03 06:25:43,20260603-054739,log/stroke_prediction_v7/8/infgain/minmax__gaussian_noise__ADASYN/XGBmodel,1780436867126_ba5f39ad17804391437563486,0.6418786692759295,0.5353507431135972,0.6789300411522634,0.4682440846824408,0.9346139460472168,0.6418786692759295,0.7423726583043528,0.6418786692759295,0.6418786692759295,0.6418786692759295,0.6532334521896985
8,infgain,minmax,gaussian_noise,ADASYN,XGBmodel,first,0.3,0.1,42,2026-06-03 06:26:02,20260603-054739,log/stroke_prediction_v7/8/infgain/minmax__gaussian_noise__ADASYN/XGBmodel,1780436867126_ba5f39ad17804391624293692,0.7455968688845401,0.5380813143971038,0.6575720164609054,0.5133761134552274,0.9285493577387696,0.7455968688845401,0.8166445787609304,0.7455968688845401,0.7455968688845401,0.7455968688845401,0.7101621202459174
8,infgain,minmax,gaussian_noise,ADASYN,XGBmodel,first,0.5,0.1,42,2026-06-03 06:26:21,20260603-054739,log/stroke_prediction_v7/8/infgain/minmax__gaussian_noise__ADASYN/XGBmodel,1780436867126_ba5f39ad17804391815462424,0.8688845401174168,0.5820442172354268,0.7034156378600823,0.6037246663657303,0.934666587498353,0.8688845401174168,0.8961617520105329,0.8688845401174168,0.8688845401174168,0.8688845401174168,0.7945494230627922
8,infgain,minmax,gaussian_noise,ADASYN,XGBmodel,last,0.1,0.1,42,2026-06-03 06:29:18,20260603-054739,log/stroke_prediction_v7/8/infgain/gaussian_noise__ADASYN__minmax/XGBmodel,1780436867126_ba5f39ad17804393580879612,0.6418786692759295,0.5389455782312924,0.6979012345679012,0.4717406409409053,0.937703183034466,0.6418786692759295,0.742201437707961,0.6418786692759295,0.6418786692759295,0.6418786692759295,0.6562977790910677
8,infgain,minmax,gaussian_noise,ADASYN,XGBmodel,last,0.2,0.1,42,2026-06-03 06:29:35,20260603-054739,log/stroke_prediction_v7/8/infgain/gaussian_noise__ADASYN__minmax/XGBmodel,1780436867126_ba5f39ad17804393751764480,0.6986301369863014,0.5406529863902404,0.6897942386831276,0.4980993928261646,0.9343149670647488,0.6986301369863014,0.7843058109618397,0.6986301369863014,0.6986301369863014,0.6986301369863014,0.6882890545765327
8,infgain,minmax,gaussian_noise,ADASYN,XGBmodel,last,0.3,0.1,42,2026-06-03 06:29:51,20260603-054739,log/stroke_prediction_v7/8/infgain/gaussian_noise__ADASYN__minmax/XGBmodel,1780436867126_ba5f39ad17804393917013665,0.812133072407045,0.5620623037913547,0.7115226337448559,0.5654761904761905,0.9351452304315916,0.812133072407045,0.8608237815674216,0.812133072407045,0.812133072407045,0.812133072407045,0.7596712415661399
8,infgain,minmax,gaussian_noise,ADASYN,XGBmodel,last,0.5,0.1,42,2026-06-03 06:30:09,20260603-054739,log/stroke_prediction_v7/8/infgain/gaussian_noise__ADASYN__minmax/XGBmodel,1780436867126_ba5f39ad17804394093837634,0.9099804305283756,0.5901756186566313,0.630164609053498,0.6050739247311827,0.9275440815236202,0.9099804305283758,0.9181293794583674,0.9099804305283756,0.9099804305283756,0.9099804305283756,0.8072610987631577
8,infgain,minmax,gaussian_noise,ADASYN,random_forest,first,0.1,0.1,42,2026-06-03 06:25:24,20260603-054739,log/stroke_prediction_v7/8/infgain/minmax__gaussian_noise__ADASYN/random_forest,1780436867126_ba5f39ad17804391242118993,0.776908023483366,0.5458696689661157,0.6740329218106996,0.5338188220230473,0.930377544173525,0.776908023483366,0.8375156292675104,0.776908023483366,0.776908023483366,0.776908023483366,0.7314913905819641
8,infgain,minmax,gaussian_noise,ADASYN,random_forest,first,0.2,0.1,42,2026-06-03 06:25:43,20260603-054739,log/stroke_prediction_v7/8/infgain/minmax__gaussian_noise__ADASYN/random_forest,1780436867126_ba5f39ad17804391435859532,0.863013698630137,0.5601069334253191,0.6434156378600824,0.5735574630424416,0.9266161690143508,0.863013698630137,0.890515478733481,0.863013698630137,0.863013698630137,0.863013698630137,0.7778302947484184
8,infgain,minmax,gaussian_noise,ADASYN,random_forest,first,0.3,0.1,42,2026-06-03 06:26:02,20260603-054739,log/stroke_prediction_v7/8/infgain/minmax__gaussian_noise__ADASYN/random_forest,1780436867126_ba5f39ad17804391622633150,0.8962818003913894,0.572707806112517,0.622962962962963,0.5881351034870812,0.925349913352612,0.8962818003913895,0.9095279253714388,0.8962818003913894,0.8962818003913894,0.8962818003913894,0.7952642427281429
8,infgain,minmax,gaussian_noise,ADASYN,random_forest,first,0.5,0.1,42,2026-06-03 06:26:21,20260603-054739,log/stroke_prediction_v7/8/infgain/minmax__gaussian_noise__ADASYN/random_forest,1780436867126_ba5f39ad17804391813797020,0.929549902152642,0.5839216944801026,0.5645679012345679,0.5725041829336307,0.9207813218311396,0.929549902152642,0.9249625909849456,0.929549902152642,0.929549902152642,0.929549902152642,0.8033670687034241
8,infgain,minmax,gaussian_noise,ADASYN,random_forest,last,0.1,0.1,42,2026-06-03 06:29:17,20260603-054739,log/stroke_prediction_v7/8/infgain/gaussian_noise__ADASYN__minmax/random_forest,1780436867126_ba5f39ad17804393579240744,0.821917808219178,0.5348360655737705,0.6028395061728395,0.5327331008772371,0.9206806234732832,0.821917808219178,0.8643603398937416,0.821917808219178,0.821917808219178,0.821917808219178,0.7441667589253071
8,infgain,minmax,gaussian_noise,ADASYN,random_forest,last,0.2,0.1,42,2026-06-03 06:29:35,20260603-054739,log/stroke_prediction_v7/8/infgain/gaussian_noise__ADASYN__minmax/random_forest,1780436867126_ba5f39ad17804393750049726,0.8943248532289628,0.578503301540719,0.6409053497942387,0.596578947368421,0.9276489498099764,0.8943248532289628,0.9092460603563703,0.8943248532289628,0.8943248532289628,0.8943248532289628,0.7983094525647971
8,infgain,minmax,gaussian_noise,ADASYN,random_forest,last,0.3,0.1,42,2026-06-03 06:29:51,20260603-054739,log/stroke_prediction_v7/8/infgain/gaussian_noise__ADASYN__minmax/random_forest,1780436867126_ba5f39ad17804393915385145,0.923679060665362,0.5957969865186359,0.5994238683127572,0.597564669534137,0.9251077407270036,0.923679060665362,0.9243880049939082,0.923679060665362,0.923679060665362,0.923679060665362,0.8097973850011909
8,infgain,minmax,gaussian_noise,ADASYN,random_forest,last,0.5,0.1,42,2026-06-03 06:30:09,20260603-054739,log/stroke_prediction_v7/8/infgain/gaussian_noise__ADASYN__minmax/random_forest,1780436867126_ba5f39ad17804394092215172,0.9412915851272016,0.5882027445772466,0.5327983539094651,0.5436413431769469,0.9183730396959672,0.9412915851272016,0.9279532122315955,0.9412915851272016,0.9412915851272016,0.9412915851272016,0.8011932311804297
8,infgain,minmax,gaussian_noise,RandomOverSampler,BalancedRandomForest,first,0.1,0.1,42,2026-06-03 06:32:44,20260603-054739,log/stroke_prediction_v7/8/infgain/minmax__gaussian_noise__RandomOverSampler/BalancedRandomForest,1780436867126_ba5f39ad17804395647323015,0.863013698630137,0.5466848816029144,0.6054732510288066,0.5556300934207911,0.9215629912418594,0.863013698630137,0.8890508981302228,0.863013698630137,0.863013698630137,0.863013698630137,0.7692797405720648
8,infgain,minmax,gaussian_noise,RandomOverSampler,BalancedRandomForest,first,0.2,0.1,42,2026-06-03 06:32:55,20260603-054739,log/stroke_prediction_v7/8/infgain/minmax__gaussian_noise__RandomOverSampler/BalancedRandomForest,1780436867126_ba5f39ad17804395755089557,0.9197651663405088,0.5874741200828157,0.5973662551440329,0.5920517164164574,0.9241470262911596,0.9197651663405088,0.9219117609906664,0.9197651663405088,0.9197651663405088,0.9197651663405088,0.8058993282990728
8,infgain,minmax,gaussian_noise,RandomOverSampler,BalancedRandomForest,first,0.3,0.1,42,2026-06-03 06:33:06,20260603-054739,log/stroke_prediction_v7/8/infgain/minmax__gaussian_noise__RandomOverSampler/BalancedRandomForest,1780436867126_ba5f39ad17804395862043184,0.9354207436399216,0.6037878787878788,0.5676543209876543,0.5807414037443127,0.9229585483010142,0.9354207436399216,0.9286290115993676,0.9354207436399216,0.9354207436399216,0.9354207436399216,0.8100139345651751
8,infgain,minmax,gaussian_noise,RandomOverSampler,BalancedRandomForest,first,0.5,0.1,42,2026-06-03 06:33:16,20260603-054739,log/stroke_prediction_v7/8/infgain/minmax__gaussian_noise__RandomOverSampler/BalancedRandomForest,1780436867126_ba5f39ad17804395969821569,0.9510763209393346,0.7273175542406312,0.5379423868312758,0.5563774004236552,0.9323926863442143,0.9510763209393348,0.9338798949417636,0.9510763209393346,0.9510763209393346,0.9510763209393346,0.8237343854221587
8,infgain,minmax,gaussian_noise,RandomOverSampler,BalancedRandomForest,last,0.1,0.1,42,2026-06-03 06:34:51,20260603-054739,log/stroke_prediction_v7/8/infgain/gaussian_noise__RandomOverSampler__minmax/BalancedRandomForest,1780436867126_ba5f39ad17804396919335637,0.8551859099804305,0.5491461610864596,0.6203292181069959,0.5580411407199626,0.9233751378507052,0.8551859099804305,0.8849713045125059,0.8551859099804305,0.8551859099804305,0.8551859099804305,0.7678112824814584
8,infgain,minmax,gaussian_noise,RandomOverSampler,BalancedRandomForest,last,0.2,0.1,42,2026-06-03 06:35:02,20260603-054739,log/stroke_prediction_v7/8/infgain/gaussian_noise__RandomOverSampler__minmax/BalancedRandomForest,1780436867126_ba5f39ad17804397022835249,0.9217221135029354,0.5914830119375574,0.5983950617283951,0.5947660586835845,0.9246126089214506,0.9217221135029354,0.923146758621974,0.9217221135029354,0.9217221135029354,0.9217221135029354,0.807824836255748
8,infgain,minmax,gaussian_noise,RandomOverSampler,BalancedRandomForest,last,0.3,0.1,42,2026-06-03 06:35:12,20260603-054739,log/stroke_prediction_v7/8/infgain/gaussian_noise__RandomOverSampler__minmax/BalancedRandomForest,1780436867126_ba5f39ad17804397126080483,0.9373776908023485,0.6121639784946236,0.5686831275720164,0.5837067209775968,0.9238552911221936,0.9373776908023485,0.9298687530141372,0.9373776908023485,0.9373776908023485,0.9373776908023485,0.8124576371385825
8,infgain,minmax,gaussian_noise,RandomOverSampler,BalancedRandomForest,last,0.5,0.1,42,2026-06-03 06:35:22,20260603-054739,log/stroke_prediction_v7/8/infgain/gaussian_noise__RandomOverSampler__minmax/BalancedRandomForest,1780436867126_ba5f39ad17804397228333707,0.9510763209393346,0.7273175542406312,0.5379423868312758,0.5563774004236552,0.9323926863442143,0.9510763209393348,0.9338798949417636,0.9510763209393346,0.9510763209393346,0.9510763209393346,0.8237343854221587
8,infgain,minmax,gaussian_noise,RandomOverSampler,GradientBoosting,first,0.1,0.1,42,2026-06-03 06:32:37,20260603-054739,log/stroke_prediction_v7/8/infgain/minmax__gaussian_noise__RandomOverSampler/GradientBoosting,1780436867126_ba5f39ad17804395570666317,0.4598825831702544,0.5377752886981763,0.6970781893004114,0.3763663376843892,0.950517096150728,0.4598825831702543,0.5822539802992761,0.4598825831702544,0.4598825831702544,0.4598825831702544,0.5462831383805831
8,infgain,minmax,gaussian_noise,RandomOverSampler,GradientBoosting,first,0.2,0.1,42,2026-06-03 06:32:49,20260603-054739,log/stroke_prediction_v7/8/infgain/minmax__gaussian_noise__RandomOverSampler/GradientBoosting,1780436867126_ba5f39ad17804395693354452,0.589041095890411,0.5321842301943198,0.6701234567901235,0.4409539884971242,0.935430616131212,0.589041095890411,0.7005287280724289,0.589041095890411,0.589041095890411,0.589041095890411,0.6206126761531627
8,infgain,minmax,gaussian_noise,RandomOverSampler,GradientBoosting,first,0.3,0.1,42,2026-06-03 06:33:00,20260603-054739,log/stroke_prediction_v7/8/infgain/minmax__gaussian_noise__RandomOverSampler/GradientBoosting,1780436867126_ba5f39ad17804395801443864,0.639921722113503,0.5386692101264186,0.6968724279835391,0.4705855855855855,0.937621415477238,0.639921722113503,0.7407030905661043,0.639921722113503,0.639921722113503,0.639921722113503,0.6549782956268742
8,infgain,minmax,gaussian_noise,RandomOverSampler,GradientBoosting,first,0.5,0.1,42,2026-06-03 06:33:10,20260603-054739,log/stroke_prediction_v7/8/infgain/minmax__gaussian_noise__RandomOverSampler/GradientBoosting,1780436867126_ba5f39ad17804395908666857,0.8238747553816047,0.5669281376518218,0.7176954732510288,0.5751108647450112,0.9359387008089244,0.8238747553816047,0.8684104902781815,0.8238747553816047,0.8238747553816047,0.8238747553816048,0.7681343365772981
8,infgain,minmax,gaussian_noise,RandomOverSampler,GradientBoosting,last,0.1,0.1,42,2026-06-03 06:34:46,20260603-054739,log/stroke_prediction_v7/8/infgain/gaussian_noise__RandomOverSampler__minmax/GradientBoosting,1780436867126_ba5f39ad17804396860489110,0.4598825831702544,0.534047641524277,0.6781069958847736,0.3742857142857143,0.9459764596110776,0.4598825831702543,0.5830696114062063,0.4598825831702544,0.4598825831702544,0.4598825831702544,0.5433694418239026
8,infgain,minmax,gaussian_noise,RandomOverSampler,GradientBoosting,last,0.2,0.1,42,2026-06-03 06:34:56,20260603-054739,log/stroke_prediction_v7/8/infgain/gaussian_noise__RandomOverSampler__minmax/GradientBoosting,1780436867126_ba5f39ad17804396963957628,0.5929549902152642,0.5361624937717987,0.6911522633744855,0.4462782362257231,0.9389523531631462,0.5929549902152642,0.7033808354241202,0.5929549902152642,0.5929549902152642,0.5929549902152642,0.6262575678645251
8,infgain,minmax,gaussian_noise,RandomOverSampler,GradientBoosting,last,0.3,0.1,42,2026-06-03 06:35:06,20260603-054739,log/stroke_prediction_v7/8/infgain/gaussian_noise__RandomOverSampler__minmax/GradientBoosting,1780436867126_ba5f39ad17804397067143182,0.6634050880626223,0.5348401138456386,0.6712757201646091,0.4771321149819151,0.93261496695993,0.6634050880626223,0.7586791333104594,0.6634050880626223,0.6634050880626223,0.6634050880626223,0.6646068025659229
8,infgain,minmax,gaussian_noise,RandomOverSampler,GradientBoosting,last,0.5,0.1,42,2026-06-03 06:35:17,20260603-054739,log/stroke_prediction_v7/8/infgain/gaussian_noise__RandomOverSampler__minmax/GradientBoosting,1780436867126_ba5f39ad17804397170134874,0.8395303326810176,0.5744144437215355,0.7259259259259259,0.5888736263736264,0.9370803927135868,0.8395303326810176,0.8784794950646223,0.8395303326810176,0.8395303326810176,0.8395303326810175,0.779657177524249
8,infgain,minmax,gaussian_noise,RandomOverSampler,LogisticRegression,first,0.1,0.1,42,2026-06-03 06:32:34,20260603-054739,log/stroke_prediction_v7/8/infgain/minmax__gaussian_noise__RandomOverSampler/LogisticRegression,1780436867126_ba5f39ad17804395545007875,0.1330724070450097,0.5267094017094017,0.544238683127572,0.1319953833824775,0.953689765333601,0.1330724070450097,0.1595791560728861,0.1330724070450097,0.1330724070450097,0.1330724070450097,0.2994289287533658
8,infgain,minmax,gaussian_noise,RandomOverSampler,LogisticRegression,first,0.2,0.1,42,2026-06-03 06:32:46,20260603-054739,log/stroke_prediction_v7/8/infgain/minmax__gaussian_noise__RandomOverSampler/LogisticRegression,1780436867126_ba5f39ad17804395668512405,0.2759295499021526,0.5316455696202531,0.6193415637860082,0.2522148394241417,0.9541727563229212,0.2759295499021525,0.3723519990984607,0.2759295499021526,0.2759295499021526,0.2759295499021526,0.4145728347121696
8,infgain,minmax,gaussian_noise,RandomOverSampler,LogisticRegression,first,0.3,0.1,42,2026-06-03 06:32:57,20260603-054739,log/stroke_prediction_v7/8/infgain/minmax__gaussian_noise__RandomOverSampler/LogisticRegression,1780436867126_ba5f39ad17804395775674449,0.5225048923679061,0.5286894036894036,0.6541152263374486,0.4051108820947364,0.9359836492908898,0.5225048923679061,0.6435189822530236,0.5225048923679061,0.5225048923679061,0.5225048923679061,0.5781752645311005
8,infgain,minmax,gaussian_noise,RandomOverSampler,LogisticRegression,first,0.5,0.1,42,2026-06-03 06:33:08,20260603-054739,log/stroke_prediction_v7/8/infgain/minmax__gaussian_noise__RandomOverSampler/LogisticRegression,1780436867126_ba5f39ad17804395882819336,0.7240704500978473,0.5532849503437739,0.741111111111111,0.5225153581582138,0.9411278832828276,0.7240704500978473,0.8023855310021025,0.7240704500978473,0.7240704500978473,0.7240704500978472,0.7119157078869573
8,infgain,minmax,gaussian_noise,RandomOverSampler,LogisticRegression,last,0.1,0.1,42,2026-06-03 06:34:43,20260603-054739,log/stroke_prediction_v7/8/infgain/gaussian_noise__RandomOverSampler__minmax/LogisticRegression,1780436867126_ba5f39ad17804396836289742,0.1291585127201565,0.526595744680851,0.5421810699588477,0.1283039119851264,0.9536786442936254,0.1291585127201565,0.1529270956631826,0.1291585127201565,0.1291585127201565,0.1291585127201565,0.2960936021286413
8,infgain,minmax,gaussian_noise,RandomOverSampler,LogisticRegression,last,0.2,0.1,42,2026-06-03 06:34:53,20260603-054739,log/stroke_prediction_v7/8/infgain/gaussian_noise__RandomOverSampler__minmax/LogisticRegression,1780436867126_ba5f39ad17804396939303543,0.3581213307240704,0.5354107648725213,0.6625514403292181,0.3114791810443984,0.9545411707311664,0.3581213307240704,0.4731485870769457,0.3581213307240704,0.3581213307240704,0.3581213307240704,0.4761930351011203
8,infgain,minmax,gaussian_noise,RandomOverSampler,LogisticRegression,last,0.3,0.1,42,2026-06-03 06:35:04,20260603-054739,log/stroke_prediction_v7/8/infgain/gaussian_noise__RandomOverSampler__minmax/LogisticRegression,1780436867126_ba5f39ad17804397042700240,0.5244618395303327,0.5288782669975794,0.6551440329218108,0.4062600113801001,0.93607287947773,0.5244618395303327,0.6452558130347371,0.5244618395303327,0.5244618395303327,0.5244618395303327,0.5795216274140705
8,infgain,minmax,gaussian_noise,RandomOverSampler,LogisticRegression,last,0.5,0.1,42,2026-06-03 06:35:14,20260603-054739,log/stroke_prediction_v7/8/infgain/gaussian_noise__RandomOverSampler__minmax/LogisticRegression,1780436867126_ba5f39ad17804397145572613,0.7299412915851272,0.5545805739514348,0.7441975308641975,0.5263942617666022,0.9413810085405838,0.7299412915851272,0.806499278919856,0.7299412915851272,0.7299412915851272,0.7299412915851272,0.7159264590726411
8,infgain,minmax,gaussian_noise,RandomOverSampler,XGBmodel,first,0.1,0.1,42,2026-06-03 06:32:34,20260603-054739,log/stroke_prediction_v7/8/infgain/minmax__gaussian_noise__RandomOverSampler/XGBmodel,1780436867126_ba5f39ad17804395543011817,0.5185909980430529,0.5283141762452107,0.6520576131687243,0.4028105047126786,0.9358037354447368,0.5185909980430529,0.6400318710473566,0.5185909980430529,0.5185909980430529,0.5185909980430529,0.5754803080670934
8,infgain,minmax,gaussian_noise,RandomOverSampler,XGBmodel,first,0.2,0.1,42,2026-06-03 06:32:46,20260603-054739,log/stroke_prediction_v7/8/infgain/minmax__gaussian_noise__RandomOverSampler/XGBmodel,1780436867126_ba5f39ad17804395666484172,0.5929549902152642,0.5326415977531596,0.6721810699588477,0.4432151538010225,0.9356049879709888,0.5929549902152642,0.7037059635631561,0.5929549902152642,0.5929549902152642,0.5929549902152642,0.6232629292590319
8,infgain,minmax,gaussian_noise,RandomOverSampler,XGBmodel,first,0.3,0.1,42,2026-06-03 06:32:57,20260603-054739,log/stroke_prediction_v7/8/infgain/minmax__gaussian_noise__RandomOverSampler/XGBmodel,1780436867126_ba5f39ad17804395773636062,0.6771037181996086,0.5369811385108633,0.678477366255144,0.4851841223126568,0.9332787411888488,0.6771037181996086,0.768757627773826,0.6771037181996086,0.6771037181996086,0.6771037181996086,0.6738064743883013
8,infgain,minmax,gaussian_noise,RandomOverSampler,XGBmodel,first,0.5,0.1,42,2026-06-03 06:33:08,20260603-054739,log/stroke_prediction_v7/8/infgain/minmax__gaussian_noise__RandomOverSampler/XGBmodel,1780436867126_ba5f39ad17804395880579845,0.837573385518591,0.5734069417580054,0.7248971193415638,0.5870887973753127,0.9369315106345124,0.837573385518591,0.8772229560035824,0.837573385518591,0.837573385518591,0.837573385518591,0.7781996743876786
8,infgain,minmax,gaussian_noise,RandomOverSampler,XGBmodel,last,0.1,0.1,42,2026-06-03 06:34:43,20260603-054739,log/stroke_prediction_v7/8/infgain/gaussian_noise__RandomOverSampler__minmax/XGBmodel,1780436867126_ba5f39ad17804396834255381,0.5225048923679061,0.53577670796026,0.6920576131687243,0.4101763548289434,0.9436638404986052,0.5225048923679061,0.6423891611314626,0.5225048923679061,0.5225048923679061,0.5225048923679061,0.5840366005039821
8,infgain,minmax,gaussian_noise,RandomOverSampler,XGBmodel,last,0.2,0.1,42,2026-06-03 06:34:53,20260603-054739,log/stroke_prediction_v7/8/infgain/gaussian_noise__RandomOverSampler__minmax/XGBmodel,1780436867126_ba5f39ad17804396937212745,0.6281800391389433,0.5406105531643551,0.7096707818930041,0.4670070267896354,0.940308900038465,0.6281800391389433,0.7314225381527346,0.6281800391389433,0.6281800391389433,0.6281800391389433,0.6500954739065152
8,infgain,minmax,gaussian_noise,RandomOverSampler,XGBmodel,last,0.3,0.1,42,2026-06-03 06:35:04,20260603-054739,log/stroke_prediction_v7/8/infgain/gaussian_noise__RandomOverSampler__minmax/XGBmodel,1780436867126_ba5f39ad17804397040582579,0.6888454011741683,0.5351492928234678,0.665679012345679,0.4881017634717522,0.9309811696372832,0.6888454011741683,0.7772980665367952,0.6888454011741683,0.6888454011741683,0.6888454011741683,0.6785290824515922
8,infgain,minmax,gaussian_noise,RandomOverSampler,XGBmodel,last,0.5,0.1,42,2026-06-03 06:35:14,20260603-054739,log/stroke_prediction_v7/8/infgain/gaussian_noise__RandomOverSampler__minmax/XGBmodel,1780436867126_ba5f39ad17804397143462648,0.837573385518591,0.5684541723666211,0.705925925925926,0.5805717902315047,0.9344245477738724,0.837573385518591,0.8767661287998716,0.837573385518591,0.837573385518591,0.837573385518591,0.7745105066687846
8,infgain,minmax,gaussian_noise,RandomOverSampler,random_forest,first,0.1,0.1,42,2026-06-03 06:32:34,20260603-054739,log/stroke_prediction_v7/8/infgain/minmax__gaussian_noise__RandomOverSampler/random_forest,1780436867126_ba5f39ad17804395541235431,0.8551859099804305,0.5491461610864596,0.6203292181069959,0.5580411407199626,0.9233751378507052,0.8551859099804305,0.8849713045125059,0.8551859099804305,0.8551859099804305,0.8551859099804305,0.7678112824814584
8,infgain,minmax,gaussian_noise,RandomOverSampler,random_forest,first,0.2,0.1,42,2026-06-03 06:32:46,20260603-054739,log/stroke_prediction_v7/8/infgain/minmax__gaussian_noise__RandomOverSampler/random_forest,1780436867126_ba5f39ad17804395664878992,0.913894324853229,0.5654600085849191,0.5753086419753086,0.5698653198653199,0.9200476902619408,0.9138943248532287,0.9169055196452456,0.913894324853229,0.913894324853229,0.913894324853229,0.794654989950093
8,infgain,minmax,gaussian_noise,RandomOverSampler,random_forest,first,0.3,0.1,42,2026-06-03 06:32:57,20260603-054739,log/stroke_prediction_v7/8/infgain/minmax__gaussian_noise__RandomOverSampler/random_forest,1780436867126_ba5f39ad17804395771871437,0.9315068493150684,0.5898129366689204,0.56559670781893,0.5751478727700311,0.9214358708370768,0.9315068493150684,0.9261766936829846,0.9315068493150684,0.9315068493150684,0.9315068493150684,0.8054859762264723
8,infgain,minmax,gaussian_noise,RandomOverSampler,random_forest,first,0.5,0.1,42,2026-06-03 06:33:07,20260603-054739,log/stroke_prediction_v7/8/infgain/minmax__gaussian_noise__RandomOverSampler/random_forest,1780436867126_ba5f39ad17804395878907443,0.949119373776908,0.6772727272727272,0.5369135802469136,0.5535618279569893,0.927415050702722,0.949119373776908,0.9326720745744168,0.949119373776908,0.949119373776908,0.949119373776908,0.8167429707127102
8,infgain,minmax,gaussian_noise,RandomOverSampler,random_forest,last,0.1,0.1,42,2026-06-03 06:34:43,20260603-054739,log/stroke_prediction_v7/8/infgain/gaussian_noise__RandomOverSampler__minmax/random_forest,1780436867126_ba5f39ad17804396832451074,0.8454011741682974,0.5378684807256234,0.5962139917695474,0.541599954579004,0.920004792523663,0.8454011741682974,0.8782642868642545,0.8454011741682974,0.8454011741682974,0.8454011741682974,0.7565488323856909
8,infgain,minmax,gaussian_noise,RandomOverSampler,random_forest,last,0.2,0.1,42,2026-06-03 06:34:53,20260603-054739,log/stroke_prediction_v7/8/infgain/gaussian_noise__RandomOverSampler__minmax/random_forest,1780436867126_ba5f39ad17804396935468717,0.9197651663405088,0.5874741200828157,0.5973662551440329,0.5920517164164574,0.9241470262911596,0.9197651663405088,0.9219117609906664,0.9197651663405088,0.9197651663405088,0.9197651663405088,0.8058993282990728
8,infgain,minmax,gaussian_noise,RandomOverSampler,random_forest,last,0.3,0.1,42,2026-06-03 06:35:03,20260603-054739,log/stroke_prediction_v7/8/infgain/gaussian_noise__RandomOverSampler__minmax/random_forest,1780436867126_ba5f39ad17804397038916993,0.9354207436399216,0.6037878787878788,0.5676543209876543,0.5807414037443127,0.9229585483010142,0.9354207436399216,0.9286290115993676,0.9354207436399216,0.9354207436399216,0.9354207436399216,0.8100139345651751
8,infgain,minmax,gaussian_noise,RandomOverSampler,random_forest,last,0.5,0.1,42,2026-06-03 06:35:14,20260603-054739,log/stroke_prediction_v7/8/infgain/gaussian_noise__RandomOverSampler__minmax/random_forest,1780436867126_ba5f39ad17804397141710736,0.949119373776908,0.6772727272727272,0.5369135802469136,0.5535618279569893,0.927415050702722,0.949119373776908,0.9326720745744168,0.949119373776908,0.949119373776908,0.949119373776908,0.8167429707127102
8,infgain,minmax,gaussian_noise,noImbl,BalancedRandomForest,first,0.1,0.1,42,2026-06-03 06:36:46,20260603-054739,log/stroke_prediction_v7/8/infgain/minmax__gaussian_noise__noImbl/BalancedRandomForest,1780436867126_ba5f39ad17804398066090859,0.4892367906066536,0.5291860931855374,0.65559670781893,0.3878048444621931,0.9384445040492136,0.4892367906066536,0.6126131481765984,0.4892367906066536,0.4892367906066536,0.4892367906066536,0.5580801456438481
8,infgain,minmax,gaussian_noise,noImbl,BalancedRandomForest,first,0.2,0.1,42,2026-06-03 06:36:51,20260603-054739,log/stroke_prediction_v7/8/infgain/minmax__gaussian_noise__noImbl/BalancedRandomForest,1780436867126_ba5f39ad17804398110944165,0.6379647749510763,0.5383951334430567,0.695843621399177,0.4694320815817978,0.93753952244477,0.6379647749510763,0.7392014275652609,0.6379647749510763,0.6379647749510763,0.6379647749510763,0.6536587640811895
8,infgain,minmax,gaussian_noise,noImbl,BalancedRandomForest,first,0.3,0.1,42,2026-06-03 06:36:55,20260603-054739,log/stroke_prediction_v7/8/infgain/minmax__gaussian_noise__noImbl/BalancedRandomForest,1780436867126_ba5f39ad17804398156839420,0.7338551859099804,0.5476917279065385,0.7083127572016461,0.5201877934272301,0.9360236470901888,0.7338551859099804,0.8090460571649073,0.7338551859099804,0.7338551859099804,0.7338551859099806,0.7121299651726499
8,infgain,minmax,gaussian_noise,noImbl,BalancedRandomForest,first,0.5,0.1,42,2026-06-03 06:37:00,20260603-054739,log/stroke_prediction_v7/8/infgain/minmax__gaussian_noise__noImbl/BalancedRandomForest,1780436867126_ba5f39ad17804398202139390,0.8786692759295499,0.5711994744570678,0.6516460905349795,0.5889724961079397,0.9282361960661718,0.8786692759295498,0.9002783597390872,0.8786692759295499,0.8786692759295499,0.87866927592955,0.7899635148546956
8,infgain,minmax,gaussian_noise,noImbl,BalancedRandomForest,last,0.1,0.1,42,2026-06-03 06:37:40,20260603-054739,log/stroke_prediction_v7/8/infgain/gaussian_noise__noImbl__minmax/BalancedRandomForest,1780436867126_ba5f39ad17804398608488314,0.4931506849315068,0.5295328399629972,0.6576543209876543,0.3901557913750282,0.9386102416585352,0.4931506849315067,0.6162541053252028,0.4931506849315068,0.4931506849315068,0.4931506849315068,0.5608014987385559
8,infgain,minmax,gaussian_noise,noImbl,BalancedRandomForest,last,0.2,0.1,42,2026-06-03 06:37:45,20260603-054739,log/stroke_prediction_v7/8/infgain/gaussian_noise__noImbl__minmax/BalancedRandomForest,1780436867126_ba5f39ad17804398654413269,0.6379647749510763,0.5383951334430567,0.695843621399177,0.4694320815817978,0.93753952244477,0.6379647749510763,0.7392014275652609,0.6379647749510763,0.6379647749510763,0.6379647749510763,0.6536587640811895
8,infgain,minmax,gaussian_noise,noImbl,BalancedRandomForest,last,0.3,0.1,42,2026-06-03 06:37:49,20260603-054739,log/stroke_prediction_v7/8/infgain/gaussian_noise__noImbl__minmax/BalancedRandomForest,1780436867126_ba5f39ad17804398698657090,0.7553816046966731,0.5528227562452988,0.7196296296296296,0.5344964545209413,0.937101065447289,0.7553816046966731,0.8237806994954083,0.7553816046966731,0.7553816046966731,0.755381604696673,0.7268495601133432
8,infgain,minmax,gaussian_noise,noImbl,BalancedRandomForest,last,0.5,0.1,42,2026-06-03 06:37:54,20260603-054739,log/stroke_prediction_v7/8/infgain/gaussian_noise__noImbl__minmax/BalancedRandomForest,1780436867126_ba5f39ad17804398741968072,0.87279843444227,0.5599261627464412,0.6295884773662551,0.5738224463348602,0.9250758266749908,0.87279843444227,0.8958503213757854,0.87279843444227,0.87279843444227,0.87279843444227,0.7810293356122735
8,infgain,minmax,gaussian_noise,noImbl,GradientBoosting,first,0.1,0.1,42,2026-06-03 06:36:45,20260603-054739,log/stroke_prediction_v7/8/infgain/minmax__gaussian_noise__noImbl/GradientBoosting,1780436867126_ba5f39ad17804398056274778,0.8767123287671232,0.5881396812080537,0.7075308641975309,0.6123053578525235,0.935481693021973,0.8767123287671232,0.9011480440886148,0.8767123287671232,0.8767123287671232,0.8767123287671232,0.8008181656407757
8,infgain,minmax,gaussian_noise,noImbl,GradientBoosting,first,0.2,0.1,42,2026-06-03 06:36:50,20260603-054739,log/stroke_prediction_v7/8/infgain/minmax__gaussian_noise__noImbl/GradientBoosting,1780436867126_ba5f39ad17804398101464270,0.9315068493150684,0.604633401221996,0.5845679012345679,0.5931991356761059,0.9245668610328376,0.9315068493150684,0.9278769382245216,0.9315068493150684,0.9315068493150684,0.9315068493150684,0.8121409671600616
8,infgain,minmax,gaussian_noise,noImbl,GradientBoosting,first,0.3,0.1,42,2026-06-03 06:36:54,20260603-054739,log/stroke_prediction_v7/8/infgain/minmax__gaussian_noise__noImbl/GradientBoosting,1780436867126_ba5f39ad17804398147190521,0.943248532289628,0.6280439121756487,0.552798353909465,0.5710233029381965,0.9239895941971242,0.943248532289628,0.9315187456504024,0.943248532289628,0.943248532289628,0.943248532289628,0.8131639062323648
8,infgain,minmax,gaussian_noise,noImbl,GradientBoosting,first,0.5,0.1,42,2026-06-03 06:36:59,20260603-054739,log/stroke_prediction_v7/8/infgain/minmax__gaussian_noise__noImbl/GradientBoosting,1780436867126_ba5f39ad17804398192436299,0.949119373776908,0.4754901960784314,0.4989711934156378,0.4869477911646586,0.9044549326579948,0.949119373776908,0.926249027420838,0.949119373776908,0.949119373776908,0.949119373776908,0.7795189045137939
8,infgain,minmax,gaussian_noise,noImbl,GradientBoosting,last,0.1,0.1,42,2026-06-03 06:37:39,20260603-054739,log/stroke_prediction_v7/8/infgain/gaussian_noise__noImbl__minmax/GradientBoosting,1780436867126_ba5f39ad17804398598870467,0.8708414872798435,0.5653005464480875,0.6475308641975308,0.5810226595110317,0.9273940521638704,0.8708414872798435,0.8953908468084958,0.8708414872798435,0.8708414872798435,0.8708414872798435,0.7838211671408152
8,infgain,minmax,gaussian_noise,noImbl,GradientBoosting,last,0.2,0.1,42,2026-06-03 06:37:44,20260603-054739,log/stroke_prediction_v7/8/infgain/gaussian_noise__noImbl__minmax/GradientBoosting,1780436867126_ba5f39ad17804398644560763,0.9354207436399216,0.6037878787878788,0.5676543209876543,0.5807414037443127,0.9229585483010142,0.9354207436399216,0.9286290115993676,0.9354207436399216,0.9354207436399216,0.9354207436399216,0.8100139345651751
8,infgain,minmax,gaussian_noise,noImbl,GradientBoosting,last,0.3,0.1,42,2026-06-03 06:37:48,20260603-054739,log/stroke_prediction_v7/8/infgain/gaussian_noise__noImbl__minmax/GradientBoosting,1780436867126_ba5f39ad17804398688888626,0.9510763209393346,0.7282178217821782,0.5569135802469136,0.5841606718531298,0.9341051326267656,0.9510763209393348,0.936552576496339,0.9510763209393346,0.9510763209393346,0.9510763209393346,0.8304611690937398
8,infgain,minmax,gaussian_noise,noImbl,GradientBoosting,last,0.5,0.1,42,2026-06-03 06:37:53,20260603-054739,log/stroke_prediction_v7/8/infgain/gaussian_noise__noImbl__minmax/GradientBoosting,1780436867126_ba5f39ad17804398732426950,0.949119373776908,0.4754901960784314,0.4989711934156378,0.4869477911646586,0.9044549326579948,0.949119373776908,0.926249027420838,0.949119373776908,0.949119373776908,0.949119373776908,0.7795189045137939
8,infgain,minmax,gaussian_noise,noImbl,LogisticRegression,first,0.1,0.1,42,2026-06-03 06:36:43,20260603-054739,log/stroke_prediction_v7/8/infgain/minmax__gaussian_noise__noImbl/LogisticRegression,1780436867126_ba5f39ad17804398037273948,0.8688845401174168,0.5927771450265755,0.741358024691358,0.6184229590415158,0.9396041453995396,0.8688845401174168,0.8973185843458404,0.8688845401174168,0.8688845401174168,0.8688845401174168,0.8022889790668173
8,infgain,minmax,gaussian_noise,noImbl,LogisticRegression,first,0.2,0.1,42,2026-06-03 06:36:48,20260603-054739,log/stroke_prediction_v7/8/infgain/minmax__gaussian_noise__noImbl/LogisticRegression,1780436867126_ba5f39ad17804398082903038,0.9334637964774952,0.5963919980947844,0.5666255144032922,0.577891156462585,0.922157404917488,0.9334637964774952,0.9273985915305456,0.9334637964774952,0.9334637964774952,0.9334637964774952,0.8076964725315238
8,infgain,minmax,gaussian_noise,noImbl,LogisticRegression,first,0.3,0.1,42,2026-06-03 06:36:52,20260603-054739,log/stroke_prediction_v7/8/infgain/minmax__gaussian_noise__noImbl/LogisticRegression,1780436867126_ba5f39ad17804398128498716,0.9510763209393346,0.7264243614931238,0.5189711934156378,0.5244742229666852,0.9306936973998362,0.9510763209393344,0.9308039071927005,0.9510763209393346,0.9510763209393346,0.9510763209393346,0.8163311731305013
8,infgain,minmax,gaussian_noise,noImbl,LogisticRegression,first,0.5,0.1,42,2026-06-03 06:36:57,20260603-054739,log/stroke_prediction_v7/8/infgain/minmax__gaussian_noise__noImbl/LogisticRegression,1780436867126_ba5f39ad17804398173889640,0.9510763209393346,0.4755381604696673,0.5,0.4874623871614844,0.9045461682515002,0.9510763209393346,0.9272278675557002,0.9510763209393346,0.9510763209393346,0.9510763209393346,0.7806424994554282
8,infgain,minmax,gaussian_noise,noImbl,LogisticRegression,last,0.1,0.1,42,2026-06-03 06:37:38,20260603-054739,log/stroke_prediction_v7/8/infgain/gaussian_noise__noImbl__minmax/LogisticRegression,1780436867126_ba5f39ad17804398581356651,0.8708414872798435,0.5777337012763022,0.6854732510288066,0.5979256080114449,0.9323864292228444,0.8708414872798435,0.8967717370915678,0.8708414872798435,0.8708414872798435,0.8708414872798435,0.7921005348301844
8,infgain,minmax,gaussian_noise,noImbl,LogisticRegression,last,0.2,0.1,42,2026-06-03 06:37:42,20260603-054739,log/stroke_prediction_v7/8/infgain/gaussian_noise__noImbl__minmax/LogisticRegression,1780436867126_ba5f39ad17804398627003366,0.9275929549902152,0.5786150712830957,0.5635390946502058,0.5699533720004548,0.9201836580962212,0.9275929549902152,0.92375562040878,0.9275929549902152,0.9275929549902152,0.9275929549902152,0.8013273132604234
8,infgain,minmax,gaussian_noise,noImbl,LogisticRegression,last,0.3,0.1,42,2026-06-03 06:37:47,20260603-054739,log/stroke_prediction_v7/8/infgain/gaussian_noise__noImbl__minmax/LogisticRegression,1780436867126_ba5f39ad17804398671595227,0.9510763209393346,0.7264243614931238,0.5189711934156378,0.5244742229666852,0.9306936973998362,0.9510763209393344,0.9308039071927005,0.9510763209393346,0.9510763209393346,0.9510763209393346,0.8163311731305013
8,infgain,minmax,gaussian_noise,noImbl,LogisticRegression,last,0.5,0.1,42,2026-06-03 06:37:51,20260603-054739,log/stroke_prediction_v7/8/infgain/gaussian_noise__noImbl__minmax/LogisticRegression,1780436867126_ba5f39ad17804398715141273,0.9510763209393346,0.4755381604696673,0.5,0.4874623871614844,0.9045461682515002,0.9510763209393346,0.9272278675557002,0.9510763209393346,0.9510763209393346,0.9510763209393346,0.7806424994554282
8,infgain,minmax,gaussian_noise,noImbl,XGBmodel,first,0.1,0.1,42,2026-06-03 06:36:43,20260603-054739,log/stroke_prediction_v7/8/infgain/minmax__gaussian_noise__noImbl/XGBmodel,1780436867126_ba5f39ad17804398034254296,0.8571428571428571,0.5565993891913424,0.640329218106996,0.5682373230551987,0.926067492459738,0.8571428571428571,0.8868628044293866,0.8571428571428571,0.8571428571428571,0.8571428571428571,0.773421771955638
8,infgain,minmax,gaussian_noise,noImbl,XGBmodel,first,0.2,0.1,42,2026-06-03 06:36:48,20260603-054739,log/stroke_prediction_v7/8/infgain/minmax__gaussian_noise__noImbl/XGBmodel,1780436867126_ba5f39ad17804398081237965,0.9197651663405088,0.5755352894528152,0.578395061728395,0.5769269602794773,0.9212650786581024,0.9197651663405088,0.9205104667884676,0.9197651663405088,0.9197651663405088,0.9197651663405088,0.8000412235803264
8,infgain,minmax,gaussian_noise,noImbl,XGBmodel,first,0.3,0.1,42,2026-06-03 06:36:52,20260603-054739,log/stroke_prediction_v7/8/infgain/minmax__gaussian_noise__noImbl/XGBmodel,1780436867126_ba5f39ad17804398126741118,0.943248532289628,0.6021371769383699,0.5338271604938272,0.5459447865919048,0.9198186614170166,0.943248532289628,0.9291184827564454,0.943248532289628,0.943248532289628,0.943248532289628,0.8041372032030251
8,infgain,minmax,gaussian_noise,noImbl,XGBmodel,first,0.5,0.1,42,2026-06-03 06:36:57,20260603-054739,log/stroke_prediction_v7/8/infgain/minmax__gaussian_noise__noImbl/XGBmodel,1780436867126_ba5f39ad17804398172205812,0.9510763209393346,0.7264243614931238,0.5189711934156378,0.5244742229666852,0.9306936973998362,0.9510763209393344,0.9308039071927005,0.9510763209393346,0.9510763209393346,0.9510763209393346,0.8163311731305013
8,infgain,minmax,gaussian_noise,noImbl,XGBmodel,last,0.1,0.1,42,2026-06-03 06:37:37,20260603-054739,log/stroke_prediction_v7/8/infgain/gaussian_noise__noImbl__minmax/XGBmodel,1780436867126_ba5f39ad17804398579612452,0.8786692759295499,0.5711994744570678,0.6516460905349795,0.5889724961079397,0.9282361960661718,0.8786692759295498,0.9002783597390872,0.8786692759295499,0.8786692759295499,0.87866927592955,0.7899635148546956
8,infgain,minmax,gaussian_noise,noImbl,XGBmodel,last,0.2,0.1,42,2026-06-03 06:37:42,20260603-054739,log/stroke_prediction_v7/8/infgain/gaussian_noise__noImbl__minmax/XGBmodel,1780436867126_ba5f39ad17804398624075927,0.9315068493150684,0.604633401221996,0.5845679012345679,0.5931991356761059,0.9245668610328376,0.9315068493150684,0.9278769382245216,0.9315068493150684,0.9315068493150684,0.9315068493150684,0.8121409671600616
8,infgain,minmax,gaussian_noise,noImbl,XGBmodel,last,0.3,0.1,42,2026-06-03 06:37:46,20260603-054739,log/stroke_prediction_v7/8/infgain/gaussian_noise__noImbl__minmax/XGBmodel,1780436867126_ba5f39ad17804398669931419,0.9393346379647748,0.6029559118236472,0.5507407407407408,0.565345040471944,0.9213760201420452,0.939334637964775,0.9290775392993598,0.9393346379647748,0.9393346379647748,0.9393346379647748,0.8074045094222487
8,infgain,minmax,gaussian_noise,noImbl,XGBmodel,last,0.5,0.1,42,2026-06-03 06:37:51,20260603-054739,log/stroke_prediction_v7/8/infgain/gaussian_noise__noImbl__minmax/XGBmodel,1780436867126_ba5f39ad17804398713496328,0.949119373776908,0.6430446194225722,0.5179423868312758,0.5226358148893361,0.9224514743876192,0.949119373776908,0.9296936216122568,0.949119373776908,0.949119373776908,0.949119373776908,0.8058410130501487
8,infgain,minmax,gaussian_noise,noImbl,random_forest,first,0.1,0.1,42,2026-06-03 06:36:43,20260603-054739,log/stroke_prediction_v7/8/infgain/minmax__gaussian_noise__noImbl/random_forest,1780436867126_ba5f39ad17804398032479362,0.8258317025440313,0.5474829001367988,0.6428395061728395,0.5502516786819751,0.9260044278941266,0.8258317025440313,0.8678576561829949,0.8258317025440313,0.8258317025440313,0.8258317025440313,0.7546817646677343
8,infgain,minmax,gaussian_noise,noImbl,random_forest,first,0.2,0.1,42,2026-06-03 06:36:47,20260603-054739,log/stroke_prediction_v7/8/infgain/minmax__gaussian_noise__noImbl/random_forest,1780436867126_ba5f39ad17804398079539174,0.8864970645792564,0.546280400572246,0.5798765432098766,0.5552521008403362,0.9188216882378796,0.8864970645792565,0.9015195119143548,0.8864970645792564,0.8864970645792564,0.8864970645792564,0.7776124309469064
8,infgain,minmax,gaussian_noise,noImbl,random_forest,first,0.3,0.1,42,2026-06-03 06:36:52,20260603-054739,log/stroke_prediction_v7/8/infgain/minmax__gaussian_noise__noImbl/random_forest,1780436867126_ba5f39ad17804398124987090,0.9275929549902152,0.5786150712830957,0.5635390946502058,0.5699533720004548,0.9201836580962212,0.9275929549902152,0.92375562040878,0.9275929549902152,0.9275929549902152,0.9275929549902152,0.8013273132604234
8,infgain,minmax,gaussian_noise,noImbl,random_forest,first,0.5,0.1,42,2026-06-03 06:36:57,20260603-054739,log/stroke_prediction_v7/8/infgain/minmax__gaussian_noise__noImbl/random_forest,1780436867126_ba5f39ad17804398170550852,0.9510763209393346,0.7282178217821782,0.5569135802469136,0.5841606718531298,0.9341051326267656,0.9510763209393348,0.936552576496339,0.9510763209393346,0.9510763209393346,0.9510763209393346,0.8304611690937398
8,infgain,minmax,gaussian_noise,noImbl,random_forest,last,0.1,0.1,42,2026-06-03 06:37:37,20260603-054739,log/stroke_prediction_v7/8/infgain/gaussian_noise__noImbl__minmax/random_forest,1780436867126_ba5f39ad17804398577912119,0.8356164383561644,0.5571022407386556,0.666954732510288,0.5651592511548749,0.9292617917579934,0.8356164383561644,0.874540797804489,0.8356164383561644,0.8356164383561644,0.8356164383561644,0.7655334591870638
8,infgain,minmax,gaussian_noise,noImbl,random_forest,last,0.2,0.1,42,2026-06-03 06:37:42,20260603-054739,log/stroke_prediction_v7/8/infgain/gaussian_noise__noImbl__minmax/random_forest,1780436867126_ba5f39ad17804398622380272,0.8943248532289628,0.5621645796064401,0.602962962962963,0.5746392896781354,0.922460782288753,0.8943248532289629,0.907314334366468,0.8943248532289628,0.8943248532289628,0.8943248532289628,0.788781817384091
8,infgain,minmax,gaussian_noise,noImbl,random_forest,last,0.3,0.1,42,2026-06-03 06:37:46,20260603-054739,log/stroke_prediction_v7/8/infgain/gaussian_noise__noImbl__minmax/random_forest,1780436867126_ba5f39ad17804398668302101,0.9334637964774952,0.6112537441163886,0.58559670781893,0.596253950548429,0.9252893342611456,0.933463796477495,0.9291313359302266,0.9334637964774952,0.9334637964774952,0.9334637964774952,0.8144072901824425
8,infgain,minmax,gaussian_noise,noImbl,random_forest,last,0.5,0.1,42,2026-06-03 06:37:51,20260603-054739,log/stroke_prediction_v7/8/infgain/gaussian_noise__noImbl__minmax/random_forest,1780436867126_ba5f39ad17804398711780469,0.9510763209393346,0.7282178217821782,0.5569135802469136,0.5841606718531298,0.9341051326267656,0.9510763209393348,0.936552576496339,0.9510763209393346,0.9510763209393346,0.9510763209393346,0.8304611690937398
8,infgain,minmax,noAug,ADASYN,BalancedRandomForest,first,0.1,0.1,42,2026-06-03 06:38:35,20260603-054739,log/stroke_prediction_v7/8/infgain/minmax__noAug__ADASYN/BalancedRandomForest,1780436867126_ba5f39ad17804399155076314,0.684931506849315,0.5382697947214076,0.6825925925925926,0.4898397048336588,0.9336560478849476,0.684931506849315,0.7744514792932079,0.684931506849315,0.684931506849315,0.684931506849315,0.6790681238786507
8,infgain,minmax,noAug,ADASYN,BalancedRandomForest,first,0.2,0.1,42,2026-06-03 06:38:40,20260603-054739,log/stroke_prediction_v7/8/infgain/minmax__noAug__ADASYN/BalancedRandomForest,1780436867126_ba5f39ad17804399209156148,0.8062622309197651,0.5454859910065721,0.651522633744856,0.5424997965218806,0.9271299484668324,0.8062622309197651,0.855887637391532,0.8062622309197651,0.8062622309197651,0.8062622309197651,0.7446768647767439
8,infgain,minmax,noAug,ADASYN,BalancedRandomForest,first,0.3,0.1,42,2026-06-03 06:38:46,20260603-054739,log/stroke_prediction_v7/8/infgain/minmax__noAug__ADASYN/BalancedRandomForest,1780436867126_ba5f39ad17804399263112370,0.8551859099804305,0.5491461610864596,0.6203292181069959,0.5580411407199626,0.9233751378507052,0.8551859099804305,0.8849713045125059,0.8551859099804305,0.8551859099804305,0.8551859099804305,0.7678112824814584
8,infgain,minmax,noAug,ADASYN,BalancedRandomForest,first,0.5,0.1,42,2026-06-03 06:38:51,20260603-054739,log/stroke_prediction_v7/8/infgain/minmax__noAug__ADASYN/BalancedRandomForest,1780436867126_ba5f39ad17804399318413655,0.913894324853229,0.5654600085849191,0.5753086419753086,0.5698653198653199,0.9200476902619408,0.9138943248532287,0.9169055196452456,0.913894324853229,0.913894324853229,0.913894324853229,0.794654989950093
8,infgain,minmax,noAug,ADASYN,BalancedRandomForest,last,0.1,0.1,42,2026-06-03 06:39:38,20260603-054739,log/stroke_prediction_v7/8/infgain/noAug__ADASYN__minmax/BalancedRandomForest,1780436867126_ba5f39ad17804399781050164,0.7592954990215264,0.5232889118902835,0.5888888888888889,0.4999641996229026,0.9189217724993856,0.7592954990215264,0.8248330284891136,0.7592954990215264,0.7592954990215264,0.7592954990215265,0.7055477411532686
8,infgain,minmax,noAug,ADASYN,BalancedRandomForest,last,0.2,0.1,42,2026-06-03 06:39:42,20260603-054739,log/stroke_prediction_v7/8/infgain/noAug__ADASYN__minmax/BalancedRandomForest,1780436867126_ba5f39ad17804399827744702,0.8747553816046967,0.5613262230466032,0.6306172839506172,0.5757135443694862,0.9252830041430288,0.8747553816046967,0.8970615326338964,0.8747553816046967,0.8747553816046967,0.8747553816046967,0.7825410653064109
8,infgain,minmax,noAug,ADASYN,BalancedRandomForest,last,0.3,0.1,42,2026-06-03 06:39:47,20260603-054739,log/stroke_prediction_v7/8/infgain/noAug__ADASYN__minmax/BalancedRandomForest,1780436867126_ba5f39ad17804399874200979,0.9060665362035224,0.5756072528224427,0.6091358024691358,0.5879032258064516,0.924215329798822,0.9060665362035224,0.9145697872609052,0.9060665362035224,0.9060665362035224,0.9060665362035226,0.7986934049505525
8,infgain,minmax,noAug,ADASYN,BalancedRandomForest,last,0.5,0.1,42,2026-06-03 06:39:52,20260603-054739,log/stroke_prediction_v7/8/infgain/noAug__ADASYN__minmax/BalancedRandomForest,1780436867126_ba5f39ad17804399920694057,0.9393346379647748,0.6029559118236472,0.5507407407407408,0.565345040471944,0.9213760201420452,0.939334637964775,0.9290775392993598,0.9393346379647748,0.9393346379647748,0.9393346379647748,0.8074045094222487
8,infgain,minmax,noAug,ADASYN,GradientBoosting,first,0.1,0.1,42,2026-06-03 06:38:32,20260603-054739,log/stroke_prediction_v7/8/infgain/minmax__noAug__ADASYN/GradientBoosting,1780436867126_ba5f39ad17804399126262526,0.5812133072407045,0.5312868399826269,0.6660082304526749,0.4364357864357864,0.9350780927190078,0.5812133072407045,0.6941285937372044,0.5812133072407045,0.5812133072407045,0.5812133072407045,0.6153072962376612
8,infgain,minmax,noAug,ADASYN,GradientBoosting,first,0.2,0.1,42,2026-06-03 06:38:37,20260603-054739,log/stroke_prediction_v7/8/infgain/minmax__noAug__ADASYN/GradientBoosting,1780436867126_ba5f39ad17804399179777930,0.6908023483365949,0.5430205197411675,0.7046502057613169,0.4973728771353155,0.936820652587942,0.6908023483365949,0.7786693636456935,0.6908023483365949,0.6908023483365949,0.6908023483365949,0.6861764132608318
8,infgain,minmax,noAug,ADASYN,GradientBoosting,first,0.3,0.1,42,2026-06-03 06:38:43,20260603-054739,log/stroke_prediction_v7/8/infgain/minmax__noAug__ADASYN/GradientBoosting,1780436867126_ba5f39ad17804399233939922,0.7729941291585127,0.5403271291596164,0.6530041152263375,0.525640204865557,0.9275454937787182,0.7729941291585127,0.8346650262722036,0.7729941291585127,0.7729941291585127,0.7729941291585127,0.7253311101505363
8,infgain,minmax,noAug,ADASYN,GradientBoosting,first,0.5,0.1,42,2026-06-03 06:38:48,20260603-054739,log/stroke_prediction_v7/8/infgain/minmax__noAug__ADASYN/GradientBoosting,1780436867126_ba5f39ad17804399288407604,0.863013698630137,0.5466848816029144,0.6054732510288066,0.5556300934207911,0.9215629912418594,0.863013698630137,0.8890508981302228,0.863013698630137,0.863013698630137,0.863013698630137,0.7692797405720648
8,infgain,minmax,noAug,ADASYN,GradientBoosting,last,0.1,0.1,42,2026-06-03 06:39:35,20260603-054739,log/stroke_prediction_v7/8/infgain/noAug__ADASYN__minmax/GradientBoosting,1780436867126_ba5f39ad17804399757095778,0.6105675146771037,0.5204780609312128,0.6055555555555556,0.4400292956381437,0.9236939655608796,0.6105675146771037,0.7188169515848123,0.6105675146771037,0.6105675146771037,0.6105675146771037,0.6230267011590495
8,infgain,minmax,noAug,ADASYN,GradientBoosting,last,0.2,0.1,42,2026-06-03 06:39:40,20260603-054739,log/stroke_prediction_v7/8/infgain/noAug__ADASYN__minmax/GradientBoosting,1780436867126_ba5f39ad17804399803532814,0.7788649706457925,0.5372807017543859,0.637119341563786,0.5237494329663078,0.9253306946426734,0.7788649706457925,0.838210028876047,0.7788649706457925,0.7788649706457925,0.7788649706457925,0.7258129813307546
8,infgain,minmax,noAug,ADASYN,GradientBoosting,last,0.3,0.1,42,2026-06-03 06:39:45,20260603-054739,log/stroke_prediction_v7/8/infgain/noAug__ADASYN__minmax/GradientBoosting,1780436867126_ba5f39ad17804399850130652,0.8806262230919765,0.5793750475755499,0.6716460905349794,0.600048757329638,0.930961862545354,0.8806262230919764,0.9022595323680448,0.8806262230919765,0.8806262230919765,0.8806262230919764,0.7957950327570311
8,infgain,minmax,noAug,ADASYN,GradientBoosting,last,0.5,0.1,42,2026-06-03 06:39:49,20260603-054739,log/stroke_prediction_v7/8/infgain/noAug__ADASYN__minmax/GradientBoosting,1780436867126_ba5f39ad17804399896960986,0.9197651663405088,0.5456869306562557,0.5404526748971195,0.5428041462084016,0.9149590219848224,0.9197651663405088,0.9173279183655167,0.9197651663405088,0.9197651663405088,0.9197651663405088,0.787035738976111
8,infgain,minmax,noAug,ADASYN,LogisticRegression,first,0.1,0.1,42,2026-06-03 06:38:31,20260603-054739,log/stroke_prediction_v7/8/infgain/minmax__noAug__ADASYN/LogisticRegression,1780436867126_ba5f39ad17804399114750323,0.4422700587084148,0.5403225806451613,0.7067901234567902,0.3672032848856156,0.955021778928098,0.4422700587084148,0.563827050410107,0.4422700587084148,0.4422700587084148,0.4422700587084148,0.5367760220807292
8,infgain,minmax,noAug,ADASYN,LogisticRegression,first,0.2,0.1,42,2026-06-03 06:38:36,20260603-054739,log/stroke_prediction_v7/8/infgain/minmax__noAug__ADASYN/LogisticRegression,1780436867126_ba5f39ad17804399168267210,0.5596868884540117,0.5324415744157441,0.6736625514403292,0.42685875227437,0.9376057605977234,0.5596868884540117,0.6757765196679262,0.5596868884540117,0.5596868884540117,0.5596868884540117,0.6036410348183288
8,infgain,minmax,noAug,ADASYN,LogisticRegression,first,0.3,0.1,42,2026-06-03 06:38:42,20260603-054739,log/stroke_prediction_v7/8/infgain/minmax__noAug__ADASYN/LogisticRegression,1780436867126_ba5f39ad17804399222301402,0.6320939334637965,0.537586262237201,0.6927572016460906,0.4659803441988704,0.9372930185258292,0.6320939334637965,0.734676360518628,0.6320939334637965,0.6320939334637965,0.6320939334637965,0.6496997273340552
8,infgain,minmax,noAug,ADASYN,LogisticRegression,first,0.5,0.1,42,2026-06-03 06:38:47,20260603-054739,log/stroke_prediction_v7/8/infgain/minmax__noAug__ADASYN/LogisticRegression,1780436867126_ba5f39ad17804399277119514,0.7495107632093934,0.5472911741528763,0.6975720164609054,0.525754060324826,0.9341095581987452,0.7495107632093934,0.8196339464495712,0.7495107632093934,0.7495107632093934,0.7495107632093934,0.7195097811811695
8,infgain,minmax,noAug,ADASYN,LogisticRegression,last,0.1,0.1,42,2026-06-03 06:39:34,20260603-054739,log/stroke_prediction_v7/8/infgain/noAug__ADASYN__minmax/LogisticRegression,1780436867126_ba5f39ad17804399745584071,0.649706457925636,0.540074777951933,0.7020164609053499,0.4763774794630334,0.9380291438407284,0.649706457925636,0.7481620341271824,0.649706457925636,0.649706457925636,0.649706457925636,0.6615755484785878
8,infgain,minmax,noAug,ADASYN,LogisticRegression,last,0.2,0.1,42,2026-06-03 06:39:39,20260603-054739,log/stroke_prediction_v7/8/infgain/noAug__ADASYN__minmax/LogisticRegression,1780436867126_ba5f39ad17804399792341664,0.7847358121330724,0.556954748579114,0.7160905349794239,0.5501760563380281,0.9360416449631386,0.7847358121330724,0.8432168352581241,0.7847358121330724,0.7847358121330724,0.7847358121330724,0.7438119514448194
8,infgain,minmax,noAug,ADASYN,LogisticRegression,last,0.3,0.1,42,2026-06-03 06:39:43,20260603-054739,log/stroke_prediction_v7/8/infgain/noAug__ADASYN__minmax/LogisticRegression,1780436867126_ba5f39ad17804399838892818,0.8669275929549902,0.5806282379172404,0.7023868312757202,0.6016599413059427,0.9344727491033064,0.8669275929549902,0.8949174650714363,0.8669275929549902,0.8669275929549902,0.8669275929549902,0.7930064299682295
8,infgain,minmax,noAug,ADASYN,LogisticRegression,last,0.5,0.1,42,2026-06-03 06:39:48,20260603-054739,log/stroke_prediction_v7/8/infgain/noAug__ADASYN__minmax/LogisticRegression,1780436867126_ba5f39ad17804399885761265,0.9217221135029354,0.5654401282965074,0.5604526748971194,0.5627994524298425,0.9186573222323424,0.9217221135029356,0.9201716916408488,0.9217221135029354,0.9217221135029354,0.9217221135029354,0.7955895295543746
8,infgain,minmax,noAug,ADASYN,XGBmodel,first,0.1,0.1,42,2026-06-03 06:38:31,20260603-054739,log/stroke_prediction_v7/8/infgain/minmax__noAug__ADASYN/XGBmodel,1780436867126_ba5f39ad17804399112831078,0.6223091976516634,0.5291342241020218,0.6496707818930041,0.4535062200426675,0.930570325096272,0.6223091976516634,0.727513870316425,0.6223091976516634,0.6223091976516634,0.6223091976516634,0.6370142257236588
8,infgain,minmax,noAug,ADASYN,XGBmodel,first,0.2,0.1,42,2026-06-03 06:38:36,20260603-054739,log/stroke_prediction_v7/8/infgain/minmax__noAug__ADASYN/XGBmodel,1780436867126_ba5f39ad17804399166450475,0.7201565557729941,0.5246383449749991,0.6062551440329218,0.4882305564309976,0.9217039624986808,0.7201565557729941,0.7990383636887313,0.7201565557729941,0.7201565557729941,0.7201565557729941,0.686412705477817
8,infgain,minmax,noAug,ADASYN,XGBmodel,first,0.3,0.1,42,2026-06-03 06:38:42,20260603-054739,log/stroke_prediction_v7/8/infgain/minmax__noAug__ADASYN/XGBmodel,1780436867126_ba5f39ad17804399220391270,0.7827788649706457,0.5383359782362276,0.6391769547325103,0.5263184266566454,0.9255805513790688,0.7827788649706457,0.8407552938448215,0.7827788649706457,0.7827788649706457,0.7827788649706457,0.7284819524982589
8,infgain,minmax,noAug,ADASYN,XGBmodel,first,0.5,0.1,42,2026-06-03 06:38:47,20260603-054739,log/stroke_prediction_v7/8/infgain/minmax__noAug__ADASYN/XGBmodel,1780436867126_ba5f39ad17804399275311729,0.8688845401174168,0.5427197802197802,0.5895884773662552,0.5508193280067173,0.919566783510032,0.8688845401174168,0.891814822850979,0.8688845401174168,0.8688845401174168,0.8688845401174168,0.7691364427852276
8,infgain,minmax,noAug,ADASYN,XGBmodel,last,0.1,0.1,42,2026-06-03 06:39:34,20260603-054739,log/stroke_prediction_v7/8/infgain/noAug__ADASYN__minmax/XGBmodel,1780436867126_ba5f39ad17804399743636483,0.6712328767123288,0.5247592019263846,0.618477366255144,0.4697336561743341,0.9243116520821256,0.6712328767123288,0.7646261662315262,0.6712328767123288,0.6712328767123288,0.6712328767123288,0.660401946072176
8,infgain,minmax,noAug,ADASYN,XGBmodel,last,0.2,0.1,42,2026-06-03 06:39:39,20260603-054739,log/stroke_prediction_v7/8/infgain/noAug__ADASYN__minmax/XGBmodel,1780436867126_ba5f39ad17804399790446083,0.8082191780821918,0.5358208571281576,0.6146090534979424,0.5305422228888556,0.9222073985429567,0.8082191780821918,0.8562650634591559,0.8082191780821918,0.8082191780821918,0.8082191780821918,0.7385724951019841
8,infgain,minmax,noAug,ADASYN,XGBmodel,last,0.3,0.1,42,2026-06-03 06:39:43,20260603-054739,log/stroke_prediction_v7/8/infgain/noAug__ADASYN__minmax/XGBmodel,1780436867126_ba5f39ad17804399836980585,0.8825831702544031,0.5674384114690615,0.6347325102880659,0.5836049543676661,0.9261587418395366,0.8825831702544031,0.9019166345611668,0.8825831702544031,0.8825831702544031,0.8825831702544031,0.7886944728007523
8,infgain,minmax,noAug,ADASYN,XGBmodel,last,0.5,0.1,42,2026-06-03 06:39:48,20260603-054739,log/stroke_prediction_v7/8/infgain/noAug__ADASYN__minmax/XGBmodel,1780436867126_ba5f39ad17804399883937984,0.9315068493150684,0.5898129366689204,0.56559670781893,0.5751478727700311,0.9214358708370768,0.9315068493150684,0.9261766936829846,0.9315068493150684,0.9315068493150684,0.9315068493150684,0.8054859762264723
8,infgain,minmax,noAug,ADASYN,random_forest,first,0.1,0.1,42,2026-06-03 06:38:31,20260603-054739,log/stroke_prediction_v7/8/infgain/minmax__noAug__ADASYN/random_forest,1780436867126_ba5f39ad17804399110865221,0.6712328767123288,0.536046550965865,0.6753909465020577,0.4817193914513402,0.9329949342086666,0.6712328767123288,0.7644563387177341,0.6712328767123288,0.6712328767123288,0.6712328767123288,0.6698627533779514
8,infgain,minmax,noAug,ADASYN,random_forest,first,0.2,0.1,42,2026-06-03 06:38:36,20260603-054739,log/stroke_prediction_v7/8/infgain/minmax__noAug__ADASYN/random_forest,1780436867126_ba5f39ad17804399164587516,0.8199608610567515,0.5555384061326335,0.6776954732510287,0.5592845357732112,0.9306114883480744,0.8199608610567515,0.8650651616147176,0.8199608610567515,0.8199608610567515,0.8199608610567515,0.7580213358040635
8,infgain,minmax,noAug,ADASYN,random_forest,first,0.3,0.1,42,2026-06-03 06:38:41,20260603-054739,log/stroke_prediction_v7/8/infgain/minmax__noAug__ADASYN/random_forest,1780436867126_ba5f39ad17804399218576511,0.8512720156555773,0.553377080665813,0.6372427983539095,0.5631299496040316,0.9255439235663044,0.8512720156555773,0.8832106543022546,0.8512720156555773,0.8512720156555773,0.8512720156555773,0.7690762771067765
8,infgain,minmax,noAug,ADASYN,random_forest,first,0.5,0.1,42,2026-06-03 06:38:47,20260603-054739,log/stroke_prediction_v7/8/infgain/minmax__noAug__ADASYN/random_forest,1780436867126_ba5f39ad17804399272192723,0.9099804305283756,0.5471812848762341,0.5542798353909465,0.5503137434955616,0.9163874794582147,0.9099804305283756,0.9131284978109386,0.9099804305283756,0.9099804305283756,0.9099804305283756,0.7852933683798647
8,infgain,minmax,noAug,ADASYN,random_forest,last,0.1,0.1,42,2026-06-03 06:39:34,20260603-054739,log/stroke_prediction_v7/8/infgain/noAug__ADASYN__minmax/random_forest,1780436867126_ba5f39ad17804399741469938,0.7710371819960861,0.5352684417285029,0.6330041152263375,0.5187045668606757,0.9248361451813916,0.7710371819960861,0.8330973657185788,0.7710371819960861,0.7710371819960861,0.7710371819960861,0.7204960328989457
8,infgain,minmax,noAug,ADASYN,random_forest,last,0.2,0.1,42,2026-06-03 06:39:38,20260603-054739,log/stroke_prediction_v7/8/infgain/noAug__ADASYN__minmax/random_forest,1780436867126_ba5f39ad17804399788574665,0.8688845401174168,0.5572616407982262,0.6275308641975308,0.5701299516604934,0.9246738059801876,0.8688845401174168,0.8934301048967416,0.8688845401174168,0.8688845401174168,0.8688845401174168,0.7780344556281461
8,infgain,minmax,noAug,ADASYN,random_forest,last,0.3,0.1,42,2026-06-03 06:39:43,20260603-054739,log/stroke_prediction_v7/8/infgain/noAug__ADASYN__minmax/random_forest,1780436867126_ba5f39ad17804399835031848,0.9060665362035224,0.5756072528224427,0.6091358024691358,0.5879032258064516,0.924215329798822,0.9060665362035224,0.9145697872609052,0.9060665362035224,0.9060665362035224,0.9060665362035226,0.7986934049505525
8,infgain,minmax,noAug,ADASYN,random_forest,last,0.5,0.1,42,2026-06-03 06:39:48,20260603-054739,log/stroke_prediction_v7/8/infgain/noAug__ADASYN__minmax/random_forest,1780436867126_ba5f39ad17804399882005219,0.9373776908023485,0.5932962619709607,0.5497119341563785,0.5626872058194266,0.9203509809220324,0.9373776908023485,0.9278718011199064,0.9373776908023485,0.9373776908023485,0.9373776908023485,0.8048708450667762
8,infgain,minmax,noAug,RandomOverSampler,BalancedRandomForest,first,0.1,0.1,42,2026-06-03 06:40:33,20260603-054739,log/stroke_prediction_v7/8/infgain/minmax__noAug__RandomOverSampler/BalancedRandomForest,1780436867126_ba5f39ad17804400330656823,0.8277886497064579,0.548273957470312,0.6438683127572017,0.5517543859649123,0.9261515912558348,0.8277886497064579,0.869090534555567,0.8277886497064579,0.8277886497064579,0.8277886497064578,0.7560715841089899
8,infgain,minmax,noAug,RandomOverSampler,BalancedRandomForest,first,0.2,0.1,42,2026-06-03 06:40:36,20260603-054739,log/stroke_prediction_v7/8/infgain/minmax__noAug__RandomOverSampler/BalancedRandomForest,1780436867126_ba5f39ad17804400368850266,0.8962818003913894,0.572707806112517,0.622962962962963,0.5881351034870812,0.925349913352612,0.8962818003913895,0.9095279253714388,0.8962818003913894,0.8962818003913894,0.8962818003913894,0.7952642427281429
8,infgain,minmax,noAug,RandomOverSampler,BalancedRandomForest,first,0.3,0.1,42,2026-06-03 06:40:40,20260603-054739,log/stroke_prediction_v7/8/infgain/minmax__noAug__RandomOverSampler/BalancedRandomForest,1780436867126_ba5f39ad17804400406231346,0.929549902152642,0.5986394557823128,0.5835390946502058,0.5902530292230934,0.9239053742827854,0.929549902152642,0.9266312193747532,0.929549902152642,0.929549902152642,0.929549902152642,0.809960990622264
8,infgain,minmax,noAug,RandomOverSampler,BalancedRandomForest,first,0.5,0.1,42,2026-06-03 06:40:44,20260603-054739,log/stroke_prediction_v7/8/infgain/minmax__noAug__RandomOverSampler/BalancedRandomForest,1780436867126_ba5f39ad17804400443937152,0.949119373776908,0.6924603174603174,0.5558847736625514,0.5806186868686869,0.9305283757338552,0.949119373776908,0.935271748799146,0.949119373776908,0.949119373776908,0.949119373776908,0.8249186615466103
8,infgain,minmax,noAug,RandomOverSampler,BalancedRandomForest,last,0.1,0.1,42,2026-06-03 06:41:17,20260603-054739,log/stroke_prediction_v7/8/infgain/noAug__RandomOverSampler__minmax/BalancedRandomForest,1780436867126_ba5f39ad17804400776728172,0.8277886497064579,0.548273957470312,0.6438683127572017,0.5517543859649123,0.9261515912558348,0.8277886497064579,0.869090534555567,0.8277886497064579,0.8277886497064579,0.8277886497064578,0.7560715841089899
8,infgain,minmax,noAug,RandomOverSampler,BalancedRandomForest,last,0.2,0.1,42,2026-06-03 06:41:21,20260603-054739,log/stroke_prediction_v7/8/infgain/noAug__RandomOverSampler__minmax/BalancedRandomForest,1780436867126_ba5f39ad17804400814899106,0.8962818003913894,0.572707806112517,0.622962962962963,0.5881351034870812,0.925349913352612,0.8962818003913895,0.9095279253714388,0.8962818003913894,0.8962818003913894,0.8962818003913894,0.7952642427281429
8,infgain,minmax,noAug,RandomOverSampler,BalancedRandomForest,last,0.3,0.1,42,2026-06-03 06:41:25,20260603-054739,log/stroke_prediction_v7/8/infgain/noAug__RandomOverSampler__minmax/BalancedRandomForest,1780436867126_ba5f39ad17804400853190406,0.929549902152642,0.5986394557823128,0.5835390946502058,0.5902530292230934,0.9239053742827854,0.929549902152642,0.9266312193747532,0.929549902152642,0.929549902152642,0.929549902152642,0.809960990622264
8,infgain,minmax,noAug,RandomOverSampler,BalancedRandomForest,last,0.5,0.1,42,2026-06-03 06:41:29,20260603-054739,log/stroke_prediction_v7/8/infgain/noAug__RandomOverSampler__minmax/BalancedRandomForest,1780436867126_ba5f39ad17804400891728933,0.949119373776908,0.6924603174603174,0.5558847736625514,0.5806186868686869,0.9305283757338552,0.949119373776908,0.935271748799146,0.949119373776908,0.949119373776908,0.949119373776908,0.8249186615466103
8,infgain,minmax,noAug,RandomOverSampler,GradientBoosting,first,0.1,0.1,42,2026-06-03 06:40:31,20260603-054739,log/stroke_prediction_v7/8/infgain/minmax__noAug__RandomOverSampler/GradientBoosting,1780436867126_ba5f39ad17804400310710056,0.5499021526418787,0.5314178302900107,0.6685185185185185,0.4211485421591804,0.9371927162048256,0.5499021526418787,0.6674365688501509,0.5499021526418787,0.5499021526418787,0.5499021526418787,0.5969615342094866
8,infgain,minmax,noAug,RandomOverSampler,GradientBoosting,first,0.2,0.1,42,2026-06-03 06:40:34,20260603-054739,log/stroke_prediction_v7/8/infgain/minmax__noAug__RandomOverSampler/GradientBoosting,1780436867126_ba5f39ad17804400348703057,0.6477495107632094,0.5361829188481675,0.6820164609053498,0.4716708023159636,0.9348821349166504,0.6477495107632094,0.7468310890758969,0.6477495107632094,0.6477495107632094,0.6477495107632094,0.6571832394810795
8,infgain,minmax,noAug,RandomOverSampler,GradientBoosting,first,0.3,0.1,42,2026-06-03 06:40:38,20260603-054739,log/stroke_prediction_v7/8/infgain/minmax__noAug__RandomOverSampler/GradientBoosting,1780436867126_ba5f39ad17804400386521937,0.7455968688845401,0.5503983909646476,0.714485596707819,0.5279009608277901,0.9366065382653792,0.7455968688845401,0.8171165620213399,0.7455968688845401,0.7455968688845401,0.7455968688845401,0.72014042857497
8,infgain,minmax,noAug,RandomOverSampler,GradientBoosting,first,0.5,0.1,42,2026-06-03 06:40:42,20260603-054739,log/stroke_prediction_v7/8/infgain/minmax__noAug__RandomOverSampler/GradientBoosting,1780436867126_ba5f39ad17804400423826301,0.8649706457925636,0.5613464765100672,0.6444444444444444,0.5753820586003829,0.9268053330093646,0.8649706457925636,0.8917335720970543,0.8649706457925636,0.8649706457925636,0.8649706457925636,0.7793152283180286
8,infgain,minmax,noAug,RandomOverSampler,GradientBoosting,last,0.1,0.1,42,2026-06-03 06:41:15,20260603-054739,log/stroke_prediction_v7/8/infgain/noAug__RandomOverSampler__minmax/GradientBoosting,1780436867126_ba5f39ad17804400756108624,0.5499021526418787,0.5314178302900107,0.6685185185185185,0.4211485421591804,0.9371927162048256,0.5499021526418787,0.6674365688501509,0.5499021526418787,0.5499021526418787,0.5499021526418787,0.5969615342094866
8,infgain,minmax,noAug,RandomOverSampler,GradientBoosting,last,0.2,0.1,42,2026-06-03 06:41:19,20260603-054739,log/stroke_prediction_v7/8/infgain/noAug__RandomOverSampler__minmax/GradientBoosting,1780436867126_ba5f39ad17804400794661991,0.6477495107632094,0.5361829188481675,0.6820164609053498,0.4716708023159636,0.9348821349166504,0.6477495107632094,0.7468310890758969,0.6477495107632094,0.6477495107632094,0.6477495107632094,0.6571832394810795
8,infgain,minmax,noAug,RandomOverSampler,GradientBoosting,last,0.3,0.1,42,2026-06-03 06:41:23,20260603-054739,log/stroke_prediction_v7/8/infgain/noAug__RandomOverSampler__minmax/GradientBoosting,1780436867126_ba5f39ad17804400832793441,0.7455968688845401,0.5503983909646476,0.714485596707819,0.5279009608277901,0.9366065382653792,0.7455968688845401,0.8171165620213399,0.7455968688845401,0.7455968688845401,0.7455968688845401,0.72014042857497
8,infgain,minmax,noAug,RandomOverSampler,GradientBoosting,last,0.5,0.1,42,2026-06-03 06:41:27,20260603-054739,log/stroke_prediction_v7/8/infgain/noAug__RandomOverSampler__minmax/GradientBoosting,1780436867126_ba5f39ad17804400871410969,0.8649706457925636,0.5613464765100672,0.6444444444444444,0.5753820586003829,0.9268053330093646,0.8649706457925636,0.8917335720970543,0.8649706457925636,0.8649706457925636,0.8649706457925636,0.7793152283180286
8,infgain,minmax,noAug,RandomOverSampler,LogisticRegression,first,0.1,0.1,42,2026-06-03 06:40:30,20260603-054739,log/stroke_prediction_v7/8/infgain/minmax__noAug__RandomOverSampler/LogisticRegression,1780436867126_ba5f39ad17804400301969392,0.3444227005870841,0.5347222222222222,0.6553497942386831,0.3019837305551591,0.9544737986518808,0.3444227005870841,0.4572564701164086,0.3444227005870841,0.3444227005870841,0.3444227005870841,0.4661096918468473
8,infgain,minmax,noAug,RandomOverSampler,LogisticRegression,first,0.2,0.1,42,2026-06-03 06:40:34,20260603-054739,log/stroke_prediction_v7/8/infgain/minmax__noAug__RandomOverSampler/LogisticRegression,1780436867126_ba5f39ad17804400340030214,0.5185909980430529,0.5318594382435914,0.6710288065843621,0.4053417347865576,0.9396428337401408,0.5185909980430529,0.6394579247472943,0.5185909980430529,0.5185909980430529,0.5185909980430529,0.5784094560041082
8,infgain,minmax,noAug,RandomOverSampler,LogisticRegression,first,0.3,0.1,42,2026-06-03 06:40:37,20260603-054739,log/stroke_prediction_v7/8/infgain/minmax__noAug__RandomOverSampler/LogisticRegression,1780436867126_ba5f39ad17804400377960568,0.5870841487279843,0.5354758577860581,0.6880658436213992,0.4428459960417732,0.9387203005695838,0.5870841487279843,0.6985913359969398,0.5870841487279843,0.5870841487279843,0.5870841487279843,0.6222754594947045
8,infgain,minmax,noAug,RandomOverSampler,LogisticRegression,first,0.5,0.1,42,2026-06-03 06:40:41,20260603-054739,log/stroke_prediction_v7/8/infgain/minmax__noAug__RandomOverSampler/LogisticRegression,1780436867126_ba5f39ad17804400415184615,0.7299412915851272,0.5545805739514348,0.7441975308641975,0.5263942617666022,0.9413810085405838,0.7299412915851272,0.806499278919856,0.7299412915851272,0.7299412915851272,0.7299412915851272,0.7159264590726411
8,infgain,minmax,noAug,RandomOverSampler,LogisticRegression,last,0.1,0.1,42,2026-06-03 06:41:14,20260603-054739,log/stroke_prediction_v7/8/infgain/noAug__RandomOverSampler__minmax/LogisticRegression,1780436867126_ba5f39ad17804400747410901,0.3444227005870841,0.5347222222222222,0.6553497942386831,0.3019837305551591,0.9544737986518808,0.3444227005870841,0.4572564701164086,0.3444227005870841,0.3444227005870841,0.3444227005870841,0.4661096918468473
8,infgain,minmax,noAug,RandomOverSampler,LogisticRegression,last,0.2,0.1,42,2026-06-03 06:41:18,20260603-054739,log/stroke_prediction_v7/8/infgain/noAug__RandomOverSampler__minmax/LogisticRegression,1780436867126_ba5f39ad17804400785964766,0.5185909980430529,0.5318594382435914,0.6710288065843621,0.4053417347865576,0.9396428337401408,0.5185909980430529,0.6394579247472943,0.5185909980430529,0.5185909980430529,0.5185909980430529,0.5784094560041082
8,infgain,minmax,noAug,RandomOverSampler,LogisticRegression,last,0.3,0.1,42,2026-06-03 06:41:22,20260603-054739,log/stroke_prediction_v7/8/infgain/noAug__RandomOverSampler__minmax/LogisticRegression,1780436867126_ba5f39ad17804400824151236,0.5870841487279843,0.5354758577860581,0.6880658436213992,0.4428459960417732,0.9387203005695838,0.5870841487279843,0.6985913359969398,0.5870841487279843,0.5870841487279843,0.5870841487279843,0.6222754594947045
8,infgain,minmax,noAug,RandomOverSampler,LogisticRegression,last,0.5,0.1,42,2026-06-03 06:41:26,20260603-054739,log/stroke_prediction_v7/8/infgain/noAug__RandomOverSampler__minmax/LogisticRegression,1780436867126_ba5f39ad17804400862662812,0.7299412915851272,0.5545805739514348,0.7441975308641975,0.5263942617666022,0.9413810085405838,0.7299412915851272,0.806499278919856,0.7299412915851272,0.7299412915851272,0.7299412915851272,0.7159264590726411
8,infgain,minmax,noAug,RandomOverSampler,XGBmodel,first,0.1,0.1,42,2026-06-03 06:40:30,20260603-054739,log/stroke_prediction_v7/8/infgain/minmax__noAug__RandomOverSampler/XGBmodel,1780436867126_ba5f39ad17804400300260665,0.6125244618395304,0.5314727969834279,0.6634979423868312,0.4512885591565794,0.9332450281518496,0.6125244618395304,0.7196270109141258,0.6125244618395304,0.6125244618395304,0.6125244618395304,0.6334686969986286
8,infgain,minmax,noAug,RandomOverSampler,XGBmodel,first,0.2,0.1,42,2026-06-03 06:40:33,20260603-054739,log/stroke_prediction_v7/8/infgain/minmax__noAug__RandomOverSampler/XGBmodel,1780436867126_ba5f39ad17804400338198322,0.7084148727984344,0.54627849002849,0.7139094650205762,0.5082889340953858,0.9376129007978324,0.7084148727984344,0.7912891112184086,0.7084148727984344,0.7084148727984344,0.7084148727984344,0.6980827415011327
8,infgain,minmax,noAug,RandomOverSampler,XGBmodel,first,0.3,0.1,42,2026-06-03 06:40:37,20260603-054739,log/stroke_prediction_v7/8/infgain/minmax__noAug__RandomOverSampler/XGBmodel,1780436867126_ba5f39ad17804400376272759,0.7710371819960861,0.557070707070707,0.7278600823045267,0.545418602352476,0.9379145099301656,0.7710371819960861,0.8343357279516544,0.7710371819960861,0.7710371819960861,0.7710371819960861,0.7376625522745939
8,infgain,minmax,noAug,RandomOverSampler,XGBmodel,first,0.5,0.1,42,2026-06-03 06:40:41,20260603-054739,log/stroke_prediction_v7/8/infgain/minmax__noAug__RandomOverSampler/XGBmodel,1780436867126_ba5f39ad17804400413464000,0.8512720156555773,0.5336667816488444,0.5803292181069959,0.5370052455889366,0.9179607787016104,0.8512720156555773,0.8811310911963508,0.8512720156555773,0.8512720156555773,0.8512720156555773,0.756424934625769
8,infgain,minmax,noAug,RandomOverSampler,XGBmodel,last,0.1,0.1,42,2026-06-03 06:41:14,20260603-054739,log/stroke_prediction_v7/8/infgain/noAug__RandomOverSampler__minmax/XGBmodel,1780436867126_ba5f39ad17804400745716043,0.6125244618395304,0.5314727969834279,0.6634979423868312,0.4512885591565794,0.9332450281518496,0.6125244618395304,0.7196270109141258,0.6125244618395304,0.6125244618395304,0.6125244618395304,0.6334686969986286
8,infgain,minmax,noAug,RandomOverSampler,XGBmodel,last,0.2,0.1,42,2026-06-03 06:41:18,20260603-054739,log/stroke_prediction_v7/8/infgain/noAug__RandomOverSampler__minmax/XGBmodel,1780436867126_ba5f39ad17804400784215063,0.7084148727984344,0.54627849002849,0.7139094650205762,0.5082889340953858,0.9376129007978324,0.7084148727984344,0.7912891112184086,0.7084148727984344,0.7084148727984344,0.7084148727984344,0.6980827415011327
8,infgain,minmax,noAug,RandomOverSampler,XGBmodel,last,0.3,0.1,42,2026-06-03 06:41:22,20260603-054739,log/stroke_prediction_v7/8/infgain/noAug__RandomOverSampler__minmax/XGBmodel,1780436867126_ba5f39ad17804400822293634,0.7710371819960861,0.557070707070707,0.7278600823045267,0.545418602352476,0.9379145099301656,0.7710371819960861,0.8343357279516544,0.7710371819960861,0.7710371819960861,0.7710371819960861,0.7376625522745939
8,infgain,minmax,noAug,RandomOverSampler,XGBmodel,last,0.5,0.1,42,2026-06-03 06:41:26,20260603-054739,log/stroke_prediction_v7/8/infgain/noAug__RandomOverSampler__minmax/XGBmodel,1780436867126_ba5f39ad17804400860776369,0.8512720156555773,0.5336667816488444,0.5803292181069959,0.5370052455889366,0.9179607787016104,0.8512720156555773,0.8811310911963508,0.8512720156555773,0.8512720156555773,0.8512720156555773,0.756424934625769
8,infgain,minmax,noAug,RandomOverSampler,random_forest,first,0.1,0.1,42,2026-06-03 06:40:29,20260603-054739,log/stroke_prediction_v7/8/infgain/minmax__noAug__RandomOverSampler/random_forest,1780436867126_ba5f39ad17804400298470984,0.8356164383561644,0.5459300281293952,0.6290123456790124,0.5504022121669181,0.9242457083405584,0.8356164383561644,0.8734581293001922,0.8356164383561644,0.8356164383561644,0.8356164383561644,0.7577444347774287
8,infgain,minmax,noAug,RandomOverSampler,random_forest,first,0.2,0.1,42,2026-06-03 06:40:33,20260603-054739,log/stroke_prediction_v7/8/infgain/minmax__noAug__RandomOverSampler/random_forest,1780436867126_ba5f39ad17804400336337291,0.8962818003913894,0.572707806112517,0.622962962962963,0.5881351034870812,0.925349913352612,0.8962818003913895,0.9095279253714388,0.8962818003913894,0.8962818003913894,0.8962818003913894,0.7952642427281429
8,infgain,minmax,noAug,RandomOverSampler,random_forest,first,0.3,0.1,42,2026-06-03 06:40:37,20260603-054739,log/stroke_prediction_v7/8/infgain/minmax__noAug__RandomOverSampler/random_forest,1780436867126_ba5f39ad17804400374568207,0.923679060665362,0.5836327857631759,0.5804526748971194,0.5819997063573631,0.9222101782683764,0.923679060665362,0.9229394949633966,0.923679060665362,0.923679060665362,0.923679060665362,0.8038420683571258
8,infgain,minmax,noAug,RandomOverSampler,random_forest,first,0.5,0.1,42,2026-06-03 06:40:41,20260603-054739,log/stroke_prediction_v7/8/infgain/minmax__noAug__RandomOverSampler/random_forest,1780436867126_ba5f39ad17804400411742471,0.9452054794520548,0.6200396825396826,0.5348559670781893,0.5483585858585859,0.9216522225328488,0.9452054794520548,0.9302926525529264,0.9452054794520548,0.9452054794520548,0.9452054794520548,0.8075346647576206
8,infgain,minmax,noAug,RandomOverSampler,random_forest,last,0.1,0.1,42,2026-06-03 06:41:14,20260603-054739,log/stroke_prediction_v7/8/infgain/noAug__RandomOverSampler__minmax/random_forest,1780436867126_ba5f39ad17804400743909838,0.8356164383561644,0.5459300281293952,0.6290123456790124,0.5504022121669181,0.9242457083405584,0.8356164383561644,0.8734581293001922,0.8356164383561644,0.8356164383561644,0.8356164383561644,0.7577444347774287
8,infgain,minmax,noAug,RandomOverSampler,random_forest,last,0.2,0.1,42,2026-06-03 06:41:18,20260603-054739,log/stroke_prediction_v7/8/infgain/noAug__RandomOverSampler__minmax/random_forest,1780436867126_ba5f39ad17804400782395422,0.8962818003913894,0.572707806112517,0.622962962962963,0.5881351034870812,0.925349913352612,0.8962818003913895,0.9095279253714388,0.8962818003913894,0.8962818003913894,0.8962818003913894,0.7952642427281429
8,infgain,minmax,noAug,RandomOverSampler,random_forest,last,0.3,0.1,42,2026-06-03 06:41:22,20260603-054739,log/stroke_prediction_v7/8/infgain/noAug__RandomOverSampler__minmax/random_forest,1780436867126_ba5f39ad17804400820545369,0.923679060665362,0.5836327857631759,0.5804526748971194,0.5819997063573631,0.9222101782683764,0.923679060665362,0.9229394949633966,0.923679060665362,0.923679060665362,0.923679060665362,0.8038420683571258
8,infgain,minmax,noAug,RandomOverSampler,random_forest,last,0.5,0.1,42,2026-06-03 06:41:25,20260603-054739,log/stroke_prediction_v7/8/infgain/noAug__RandomOverSampler__minmax/random_forest,1780436867126_ba5f39ad17804400858955894,0.9452054794520548,0.6200396825396826,0.5348559670781893,0.5483585858585859,0.9216522225328488,0.9452054794520548,0.9302926525529264,0.9452054794520548,0.9452054794520548,0.9452054794520548,0.8075346647576206
8,infgain,minmax,noAug,noImbl,BalancedRandomForest,first,0.1,0.1,42,2026-06-03 06:42:00,20260603-054739,log/stroke_prediction_v7/8/infgain/minmax__noAug__noImbl/BalancedRandomForest,1780436867126_ba5f39ad17804401209874264,0.4305283757338551,0.5242386923421406,0.6247325102880659,0.3518874462270688,0.9356716062128034,0.4305283757338551,0.5555586175901502,0.4305283757338551,0.4305283757338551,0.4305283757338551,0.5167925407504258
8,infgain,minmax,noAug,noImbl,BalancedRandomForest,first,0.2,0.1,42,2026-06-03 06:42:03,20260603-054739,log/stroke_prediction_v7/8/infgain/minmax__noAug__noImbl/BalancedRandomForest,1780436867126_ba5f39ad17804401233094567,0.5733855185909981,0.5339256491802267,0.6808641975308642,0.4348492227768983,0.9381700891439072,0.5733855185909981,0.6872809712761075,0.5733855185909981,0.5733855185909981,0.5733855185909981,0.6129697301298498
8,infgain,minmax,noAug,noImbl,BalancedRandomForest,first,0.3,0.1,42,2026-06-03 06:42:05,20260603-054739,log/stroke_prediction_v7/8/infgain/minmax__noAug__noImbl/BalancedRandomForest,1780436867126_ba5f39ad17804401253893120,0.6614481409001957,0.5418444995864351,0.7081893004115226,0.4833889470024134,0.9385155689795548,0.6614481409001957,0.7570065749586721,0.6614481409001957,0.6614481409001957,0.6614481409001957,0.6694935215519924
8,infgain,minmax,noAug,noImbl,BalancedRandomForest,first,0.5,0.1,42,2026-06-03 06:42:07,20260603-054739,log/stroke_prediction_v7/8/infgain/minmax__noAug__noImbl/BalancedRandomForest,1780436867126_ba5f39ad17804401275270640,0.837573385518591,0.5734069417580054,0.7248971193415638,0.5870887973753127,0.9369315106345124,0.837573385518591,0.8772229560035824,0.837573385518591,0.837573385518591,0.837573385518591,0.7781996743876786
8,infgain,minmax,noAug,noImbl,BalancedRandomForest,last,0.1,0.1,42,2026-06-03 06:42:26,20260603-054739,log/stroke_prediction_v7/8/infgain/noAug__noImbl__minmax/BalancedRandomForest,1780436867126_ba5f39ad17804401469853435,0.4305283757338551,0.5242386923421406,0.6247325102880659,0.3518874462270688,0.9356716062128034,0.4305283757338551,0.5555586175901502,0.4305283757338551,0.4305283757338551,0.4305283757338551,0.5167925407504258
8,infgain,minmax,noAug,noImbl,BalancedRandomForest,last,0.2,0.1,42,2026-06-03 06:42:29,20260603-054739,log/stroke_prediction_v7/8/infgain/noAug__noImbl__minmax/BalancedRandomForest,1780436867126_ba5f39ad17804401491120717,0.5733855185909981,0.5339256491802267,0.6808641975308642,0.4348492227768983,0.9381700891439072,0.5733855185909981,0.6872809712761075,0.5733855185909981,0.5733855185909981,0.5733855185909981,0.6129697301298498
8,infgain,minmax,noAug,noImbl,BalancedRandomForest,last,0.3,0.1,42,2026-06-03 06:42:31,20260603-054739,log/stroke_prediction_v7/8/infgain/noAug__noImbl__minmax/BalancedRandomForest,1780436867126_ba5f39ad17804401512506726,0.6614481409001957,0.5418444995864351,0.7081893004115226,0.4833889470024134,0.9385155689795548,0.6614481409001957,0.7570065749586721,0.6614481409001957,0.6614481409001957,0.6614481409001957,0.6694935215519924
8,infgain,minmax,noAug,noImbl,BalancedRandomForest,last,0.5,0.1,42,2026-06-03 06:42:33,20260603-054739,log/stroke_prediction_v7/8/infgain/noAug__noImbl__minmax/BalancedRandomForest,1780436867126_ba5f39ad17804401535188801,0.837573385518591,0.5734069417580054,0.7248971193415638,0.5870887973753127,0.9369315106345124,0.837573385518591,0.8772229560035824,0.837573385518591,0.837573385518591,0.837573385518591,0.7781996743876786
8,infgain,minmax,noAug,noImbl,GradientBoosting,first,0.1,0.1,42,2026-06-03 06:42:00,20260603-054739,log/stroke_prediction_v7/8/infgain/minmax__noAug__noImbl/GradientBoosting,1780436867126_ba5f39ad17804401203361353,0.8708414872798435,0.5585720713964302,0.628559670781893,0.5719616204690832,0.924872836593004,0.8708414872798435,0.8946398841687564,0.8708414872798435,0.8708414872798435,0.8708414872798435,0.7795272784847458
8,infgain,minmax,noAug,noImbl,GradientBoosting,first,0.2,0.1,42,2026-06-03 06:42:02,20260603-054739,log/stroke_prediction_v7/8/infgain/minmax__noAug__noImbl/GradientBoosting,1780436867126_ba5f39ad17804401225274441,0.9256360078277888,0.5882038488952244,0.5814814814814814,0.5846594798083504,0.9227333656004116,0.9256360078277884,0.9241631070588062,0.9256360078277888,0.9256360078277888,0.9256360078277884,0.8058196607589005
8,infgain,minmax,noAug,noImbl,GradientBoosting,first,0.3,0.1,42,2026-06-03 06:42:04,20260603-054739,log/stroke_prediction_v7/8/infgain/minmax__noAug__noImbl/GradientBoosting,1780436867126_ba5f39ad17804401247643199,0.9393346379647748,0.6217303822937625,0.5697119341563786,0.5867960455956387,0.9248681915366956,0.9393346379647748,0.9311186961934604,0.9393346379647748,0.9393346379647748,0.9393346379647748,0.8150521172529583
8,infgain,minmax,noAug,noImbl,GradientBoosting,first,0.5,0.1,42,2026-06-03 06:42:06,20260603-054739,log/stroke_prediction_v7/8/infgain/minmax__noAug__noImbl/GradientBoosting,1780436867126_ba5f39ad17804401268849621,0.949119373776908,0.6430446194225722,0.5179423868312758,0.5226358148893361,0.9224514743876192,0.949119373776908,0.9296936216122568,0.949119373776908,0.949119373776908,0.949119373776908,0.8058410130501487
8,infgain,minmax,noAug,noImbl,GradientBoosting,last,0.1,0.1,42,2026-06-03 06:42:26,20260603-054739,log/stroke_prediction_v7/8/infgain/noAug__noImbl__minmax/GradientBoosting,1780436867126_ba5f39ad17804401463679793,0.8708414872798435,0.5585720713964302,0.628559670781893,0.5719616204690832,0.924872836593004,0.8708414872798435,0.8946398841687564,0.8708414872798435,0.8708414872798435,0.8708414872798435,0.7795272784847458
8,infgain,minmax,noAug,noImbl,GradientBoosting,last,0.2,0.1,42,2026-06-03 06:42:28,20260603-054739,log/stroke_prediction_v7/8/infgain/noAug__noImbl__minmax/GradientBoosting,1780436867126_ba5f39ad17804401484663169,0.9256360078277888,0.5882038488952244,0.5814814814814814,0.5846594798083504,0.9227333656004116,0.9256360078277884,0.9241631070588062,0.9256360078277888,0.9256360078277888,0.9256360078277884,0.8058196607589005
8,infgain,minmax,noAug,noImbl,GradientBoosting,last,0.3,0.1,42,2026-06-03 06:42:30,20260603-054739,log/stroke_prediction_v7/8/infgain/noAug__noImbl__minmax/GradientBoosting,1780436867126_ba5f39ad17804401506021717,0.9393346379647748,0.6217303822937625,0.5697119341563786,0.5867960455956387,0.9248681915366956,0.9393346379647748,0.9311186961934604,0.9393346379647748,0.9393346379647748,0.9393346379647748,0.8150521172529583
8,infgain,minmax,noAug,noImbl,GradientBoosting,last,0.5,0.1,42,2026-06-03 06:42:32,20260603-054739,log/stroke_prediction_v7/8/infgain/noAug__noImbl__minmax/GradientBoosting,1780436867126_ba5f39ad17804401527575090,0.949119373776908,0.6430446194225722,0.5179423868312758,0.5226358148893361,0.9224514743876192,0.949119373776908,0.9296936216122568,0.949119373776908,0.949119373776908,0.949119373776908,0.8058410130501487
8,infgain,minmax,noAug,noImbl,LogisticRegression,first,0.1,0.1,42,2026-06-03 06:41:59,20260603-054739,log/stroke_prediction_v7/8/infgain/minmax__noAug__noImbl/LogisticRegression,1780436867126_ba5f39ad17804401197069283,0.8571428571428571,0.5846065020429916,0.7351851851851852,0.6059139841744403,0.9385199096515494,0.8571428571428571,0.8897779803470875,0.8571428571428571,0.8571428571428571,0.8571428571428571,0.7930420972233443
8,infgain,minmax,noAug,noImbl,LogisticRegression,first,0.2,0.1,42,2026-06-03 06:42:01,20260603-054739,log/stroke_prediction_v7/8/infgain/minmax__noAug__noImbl/LogisticRegression,1780436867126_ba5f39ad17804401218663364,0.9256360078277888,0.5882038488952244,0.5814814814814814,0.5846594798083504,0.9227333656004116,0.9256360078277884,0.9241631070588062,0.9256360078277888,0.9256360078277888,0.9256360078277884,0.8058196607589005
8,infgain,minmax,noAug,noImbl,LogisticRegression,first,0.3,0.1,42,2026-06-03 06:42:04,20260603-054739,log/stroke_prediction_v7/8/infgain/minmax__noAug__noImbl/LogisticRegression,1780436867126_ba5f39ad17804401241351881,0.949119373776908,0.6772727272727272,0.5369135802469136,0.5535618279569893,0.927415050702722,0.949119373776908,0.9326720745744168,0.949119373776908,0.949119373776908,0.949119373776908,0.8167429707127102
8,infgain,minmax,noAug,noImbl,LogisticRegression,first,0.5,0.1,42,2026-06-03 06:42:06,20260603-054739,log/stroke_prediction_v7/8/infgain/minmax__noAug__noImbl/LogisticRegression,1780436867126_ba5f39ad17804401262561725,0.9510763209393346,0.4755381604696673,0.5,0.4874623871614844,0.9045461682515002,0.9510763209393346,0.9272278675557002,0.9510763209393346,0.9510763209393346,0.9510763209393346,0.7806424994554282
8,infgain,minmax,noAug,noImbl,LogisticRegression,last,0.1,0.1,42,2026-06-03 06:42:25,20260603-054739,log/stroke_prediction_v7/8/infgain/noAug__noImbl__minmax/LogisticRegression,1780436867126_ba5f39ad17804401457332255,0.8571428571428571,0.5846065020429916,0.7351851851851852,0.6059139841744403,0.9385199096515494,0.8571428571428571,0.8897779803470875,0.8571428571428571,0.8571428571428571,0.8571428571428571,0.7930420972233443
8,infgain,minmax,noAug,noImbl,LogisticRegression,last,0.2,0.1,42,2026-06-03 06:42:27,20260603-054739,log/stroke_prediction_v7/8/infgain/noAug__noImbl__minmax/LogisticRegression,1780436867126_ba5f39ad17804401478404210,0.9256360078277888,0.5882038488952244,0.5814814814814814,0.5846594798083504,0.9227333656004116,0.9256360078277884,0.9241631070588062,0.9256360078277888,0.9256360078277888,0.9256360078277884,0.8058196607589005
8,infgain,minmax,noAug,noImbl,LogisticRegression,last,0.3,0.1,42,2026-06-03 06:42:29,20260603-054739,log/stroke_prediction_v7/8/infgain/noAug__noImbl__minmax/LogisticRegression,1780436867126_ba5f39ad17804401499731222,0.949119373776908,0.6772727272727272,0.5369135802469136,0.5535618279569893,0.927415050702722,0.949119373776908,0.9326720745744168,0.949119373776908,0.949119373776908,0.949119373776908,0.8167429707127102
8,infgain,minmax,noAug,noImbl,LogisticRegression,last,0.5,0.1,42,2026-06-03 06:42:32,20260603-054739,log/stroke_prediction_v7/8/infgain/noAug__noImbl__minmax/LogisticRegression,1780436867126_ba5f39ad17804401521289792,0.9510763209393346,0.4755381604696673,0.5,0.4874623871614844,0.9045461682515002,0.9510763209393346,0.9272278675557002,0.9510763209393346,0.9510763209393346,0.9510763209393346,0.7806424994554282
8,infgain,minmax,noAug,noImbl,XGBmodel,first,0.1,0.1,42,2026-06-03 06:41:59,20260603-054739,log/stroke_prediction_v7/8/infgain/minmax__noAug__noImbl/XGBmodel,1780436867126_ba5f39ad17804401195298212,0.8825831702544031,0.5744617224880383,0.6537037037037037,0.5931528662420382,0.9286861300199442,0.8825831702544031,0.9027291310905308,0.8825831702544031,0.8825831702544031,0.8825831702544031,0.7931007233228151
8,infgain,minmax,noAug,noImbl,XGBmodel,first,0.2,0.1,42,2026-06-03 06:42:01,20260603-054739,log/stroke_prediction_v7/8/infgain/minmax__noAug__noImbl/XGBmodel,1780436867126_ba5f39ad17804401216872933,0.9256360078277888,0.5882038488952244,0.5814814814814814,0.5846594798083504,0.9227333656004116,0.9256360078277884,0.9241631070588062,0.9256360078277888,0.9256360078277888,0.9256360078277884,0.8058196607589005
8,infgain,minmax,noAug,noImbl,XGBmodel,first,0.3,0.1,42,2026-06-03 06:42:03,20260603-054739,log/stroke_prediction_v7/8/infgain/minmax__noAug__noImbl/XGBmodel,1780436867126_ba5f39ad17804401239570146,0.9412915851272016,0.6143636363636363,0.5517695473251027,0.5681203515889113,0.9225717843800036,0.9412915851272016,0.9302928540334412,0.9412915851272016,0.9412915851272016,0.9412915851272016,0.8101491117011077
8,infgain,minmax,noAug,noImbl,XGBmodel,first,0.5,0.1,42,2026-06-03 06:42:06,20260603-054739,log/stroke_prediction_v7/8/infgain/minmax__noAug__noImbl/XGBmodel,1780436867126_ba5f39ad17804401260787461,0.949119373776908,0.6430446194225722,0.5179423868312758,0.5226358148893361,0.9224514743876192,0.949119373776908,0.9296936216122568,0.949119373776908,0.949119373776908,0.949119373776908,0.8058410130501487
8,infgain,minmax,noAug,noImbl,XGBmodel,last,0.1,0.1,42,2026-06-03 06:42:25,20260603-054739,log/stroke_prediction_v7/8/infgain/noAug__noImbl__minmax/XGBmodel,1780436867126_ba5f39ad17804401455609042,0.8825831702544031,0.5744617224880383,0.6537037037037037,0.5931528662420382,0.9286861300199442,0.8825831702544031,0.9027291310905308,0.8825831702544031,0.8825831702544031,0.8825831702544031,0.7931007233228151
8,infgain,minmax,noAug,noImbl,XGBmodel,last,0.2,0.1,42,2026-06-03 06:42:27,20260603-054739,log/stroke_prediction_v7/8/infgain/noAug__noImbl__minmax/XGBmodel,1780436867126_ba5f39ad17804401476626510,0.9256360078277888,0.5882038488952244,0.5814814814814814,0.5846594798083504,0.9227333656004116,0.9256360078277884,0.9241631070588062,0.9256360078277888,0.9256360078277888,0.9256360078277884,0.8058196607589005
8,infgain,minmax,noAug,noImbl,XGBmodel,last,0.3,0.1,42,2026-06-03 06:42:29,20260603-054739,log/stroke_prediction_v7/8/infgain/noAug__noImbl__minmax/XGBmodel,1780436867126_ba5f39ad17804401497928415,0.9412915851272016,0.6143636363636363,0.5517695473251027,0.5681203515889113,0.9225717843800036,0.9412915851272016,0.9302928540334412,0.9412915851272016,0.9412915851272016,0.9412915851272016,0.8101491117011077
8,infgain,minmax,noAug,noImbl,XGBmodel,last,0.5,0.1,42,2026-06-03 06:42:31,20260603-054739,log/stroke_prediction_v7/8/infgain/noAug__noImbl__minmax/XGBmodel,1780436867126_ba5f39ad17804401519482358,0.949119373776908,0.6430446194225722,0.5179423868312758,0.5226358148893361,0.9224514743876192,0.949119373776908,0.9296936216122568,0.949119373776908,0.949119373776908,0.949119373776908,0.8058410130501487
8,infgain,minmax,noAug,noImbl,random_forest,first,0.1,0.1,42,2026-06-03 06:41:59,20260603-054739,log/stroke_prediction_v7/8/infgain/minmax__noAug__noImbl/random_forest,1780436867126_ba5f39ad17804401193315312,0.8199608610567515,0.5504578754578754,0.658724279835391,0.5526756489305016,0.9280897185006776,0.8199608610567515,0.8646211749816439,0.8199608610567515,0.8199608610567515,0.8199608610567515,0.7543060553889166
8,infgain,minmax,noAug,noImbl,random_forest,first,0.2,0.1,42,2026-06-03 06:42:01,20260603-054739,log/stroke_prediction_v7/8/infgain/minmax__noAug__noImbl/random_forest,1780436867126_ba5f39ad17804401214689404,0.8962818003913894,0.564143567874911,0.6039917695473251,0.5767289208408221,0.9227284043856756,0.8962818003913895,0.9085169331669742,0.8962818003913894,0.8962818003913894,0.8962818003913894,0.7903859724385163
8,infgain,minmax,noAug,noImbl,random_forest,first,0.3,0.1,42,2026-06-03 06:42:03,20260603-054739,log/stroke_prediction_v7/8/infgain/minmax__noAug__noImbl/random_forest,1780436867126_ba5f39ad17804401237711613,0.9334637964774952,0.6112537441163886,0.58559670781893,0.596253950548429,0.9252893342611456,0.933463796477495,0.9291313359302266,0.9334637964774952,0.9334637964774952,0.9334637964774952,0.8144072901824425
8,infgain,minmax,noAug,noImbl,random_forest,first,0.5,0.1,42,2026-06-03 06:42:05,20260603-054739,log/stroke_prediction_v7/8/infgain/minmax__noAug__noImbl/random_forest,1780436867126_ba5f39ad17804401258790235,0.9530332681017613,0.7782608695652173,0.5579423868312758,0.5879032258064516,0.9390793839870673,0.9530332681017614,0.937851145761,0.9530332681017613,0.9530332681017613,0.9530332681017613,0.8376047270141781
8,infgain,minmax,noAug,noImbl,random_forest,last,0.1,0.1,42,2026-06-03 06:42:25,20260603-054739,log/stroke_prediction_v7/8/infgain/noAug__noImbl__minmax/random_forest,1780436867126_ba5f39ad17804401453790090,0.8199608610567515,0.5504578754578754,0.658724279835391,0.5526756489305016,0.9280897185006776,0.8199608610567515,0.8646211749816439,0.8199608610567515,0.8199608610567515,0.8199608610567515,0.7543060553889166
8,infgain,minmax,noAug,noImbl,random_forest,last,0.2,0.1,42,2026-06-03 06:42:27,20260603-054739,log/stroke_prediction_v7/8/infgain/noAug__noImbl__minmax/random_forest,1780436867126_ba5f39ad17804401474672763,0.8962818003913894,0.564143567874911,0.6039917695473251,0.5767289208408221,0.9227284043856756,0.8962818003913895,0.9085169331669742,0.8962818003913894,0.8962818003913894,0.8962818003913894,0.7903859724385163
8,infgain,minmax,noAug,noImbl,random_forest,last,0.3,0.1,42,2026-06-03 06:42:29,20260603-054739,log/stroke_prediction_v7/8/infgain/noAug__noImbl__minmax/random_forest,1780436867126_ba5f39ad17804401495956346,0.9334637964774952,0.6112537441163886,0.58559670781893,0.596253950548429,0.9252893342611456,0.933463796477495,0.9291313359302266,0.9334637964774952,0.9334637964774952,0.9334637964774952,0.8144072901824425
8,infgain,minmax,noAug,noImbl,random_forest,last,0.5,0.1,42,2026-06-03 06:42:31,20260603-054739,log/stroke_prediction_v7/8/infgain/noAug__noImbl__minmax/random_forest,1780436867126_ba5f39ad17804401517518390,0.9530332681017613,0.7782608695652173,0.5579423868312758,0.5879032258064516,0.9390793839870673,0.9530332681017614,0.937851145761,0.9530332681017613,0.9530332681017613,0.9530332681017613,0.8376047270141781
8,infgain,standard,gaussian_noise,ADASYN,BalancedRandomForest,first,0.1,0.1,42,2026-06-03 06:43:11,20260603-054739,log/stroke_prediction_v7/8/infgain/standard__gaussian_noise__ADASYN/BalancedRandomForest,1780436867126_ba5f39ad17804401910996232,0.7671232876712328,0.564054129687375,0.7637448559670782,0.5522329811126248,0.9430617484345752,0.7671232876712328,0.8320760074502472,0.7671232876712328,0.7671232876712328,0.7671232876712328,0.7415817367618266
8,infgain,standard,gaussian_noise,ADASYN,BalancedRandomForest,first,0.2,0.1,42,2026-06-03 06:43:29,20260603-054739,log/stroke_prediction_v7/8/infgain/standard__gaussian_noise__ADASYN/BalancedRandomForest,1780436867126_ba5f39ad17804402098132525,0.837573385518591,0.5633294301327088,0.686954732510288,0.5738115095913261,0.9319197025318098,0.837573385518591,0.8762847056173688,0.837573385518591,0.837573385518591,0.837573385518591,0.7707641730062211
8,infgain,standard,gaussian_noise,ADASYN,BalancedRandomForest,first,0.3,0.1,42,2026-06-03 06:43:49,20260603-054739,log/stroke_prediction_v7/8/infgain/standard__gaussian_noise__ADASYN/BalancedRandomForest,1780436867126_ba5f39ad17804402293198003,0.8825831702544031,0.5599531116794544,0.615761316872428,0.5735506843217981,0.9236021508067194,0.8825831702544031,0.9010540774595702,0.8825831702544031,0.8825831702544031,0.8825831702544031,0.7841556403048265
8,infgain,standard,gaussian_noise,ADASYN,BalancedRandomForest,first,0.5,0.1,42,2026-06-03 06:44:09,20260603-054739,log/stroke_prediction_v7/8/infgain/standard__gaussian_noise__ADASYN/BalancedRandomForest,1780436867126_ba5f39ad17804402493261321,0.9197651663405088,0.5755352894528152,0.578395061728395,0.5769269602794773,0.9212650786581024,0.9197651663405088,0.9205104667884676,0.9197651663405088,0.9197651663405088,0.9197651663405088,0.8000412235803264
8,infgain,standard,gaussian_noise,ADASYN,BalancedRandomForest,last,0.1,0.1,42,2026-06-03 06:47:03,20260603-054739,log/stroke_prediction_v7/8/infgain/gaussian_noise__ADASYN__standard/BalancedRandomForest,1780436867126_ba5f39ad17804404230776167,0.7181996086105675,0.5284341435839458,0.6241975308641976,0.4919635459817729,0.9242797516259036,0.7181996086105675,0.7978134722922547,0.7181996086105675,0.7181996086105675,0.7181996086105675,0.6884375387927357
8,infgain,standard,gaussian_noise,ADASYN,BalancedRandomForest,last,0.2,0.1,42,2026-06-03 06:47:19,20260603-054739,log/stroke_prediction_v7/8/infgain/gaussian_noise__ADASYN__standard/BalancedRandomForest,1780436867126_ba5f39ad17804404396815495,0.8238747553816047,0.5234704641350211,0.5659259259259259,0.5182880844645551,0.9157831504372168,0.8238747553816047,0.8644194242502061,0.8238747553816047,0.8238747553816047,0.8238747553816048,0.7374739825096722
8,infgain,standard,gaussian_noise,ADASYN,BalancedRandomForest,last,0.3,0.1,42,2026-06-03 06:47:37,20260603-054739,log/stroke_prediction_v7/8/infgain/gaussian_noise__ADASYN__standard/BalancedRandomForest,1780436867126_ba5f39ad17804404573144101,0.8806262230919765,0.5419816414686824,0.57679012345679,0.5500526870389884,0.9181627309345584,0.8806262230919765,0.8979851074052613,0.8806262230919765,0.8806262230919765,0.8806262230919764,0.7731496079894309
8,infgain,standard,gaussian_noise,ADASYN,BalancedRandomForest,last,0.5,0.1,42,2026-06-03 06:47:54,20260603-054739,log/stroke_prediction_v7/8/infgain/gaussian_noise__ADASYN__standard/BalancedRandomForest,1780436867126_ba5f39ad17804404749051085,0.9315068493150684,0.5715277777777779,0.5466255144032922,0.5553317918500287,0.9179794520547946,0.9315068493150686,0.9243034971508444,0.9315068493150684,0.9315068493150684,0.9315068493150684,0.7981613074997448
8,infgain,standard,gaussian_noise,ADASYN,GradientBoosting,first,0.1,0.1,42,2026-06-03 06:42:58,20260603-054739,log/stroke_prediction_v7/8/infgain/standard__gaussian_noise__ADASYN/GradientBoosting,1780436867126_ba5f39ad17804401788380588,0.5166340508806262,0.5316755612808245,0.6699999999999999,0.404178684554634,0.9395659315450232,0.5166340508806262,0.6377008641775278,0.5166340508806262,0.5166340508806262,0.5166340508806262,0.5770597019446595
8,infgain,standard,gaussian_noise,ADASYN,GradientBoosting,first,0.2,0.1,42,2026-06-03 06:43:18,20260603-054739,log/stroke_prediction_v7/8/infgain/standard__gaussian_noise__ADASYN/GradientBoosting,1780436867126_ba5f39ad17804401986485977,0.589041095890411,0.5392132530868027,0.7080658436213991,0.4469696969696969,0.9422068589194936,0.589041095890411,0.6998458162841724,0.589041095890411,0.589041095890411,0.589041095890411,0.6265873609070142
8,infgain,standard,gaussian_noise,ADASYN,GradientBoosting,first,0.3,0.1,42,2026-06-03 06:43:37,20260603-054739,log/stroke_prediction_v7/8/infgain/standard__gaussian_noise__ADASYN/GradientBoosting,1780436867126_ba5f39ad17804402176093651,0.6360078277886497,0.538123308851952,0.6948148148148148,0.4682800751879699,0.9374574967264444,0.6360078277886497,0.7376964304106646,0.6360078277886497,0.6360078277886497,0.6360078277886497,0.652339168994576
8,infgain,standard,gaussian_noise,ADASYN,GradientBoosting,first,0.5,0.1,42,2026-06-03 06:43:57,20260603-054739,log/stroke_prediction_v7/8/infgain/standard__gaussian_noise__ADASYN/GradientBoosting,1780436867126_ba5f39ad17804402374294552,0.761252446183953,0.550235399163927,0.7037448559670783,0.5336196062002514,0.9347368168565436,0.761252446183953,0.8275656544705216,0.761252446183953,0.761252446183953,0.761252446183953,0.7275504747729519
8,infgain,standard,gaussian_noise,ADASYN,GradientBoosting,last,0.1,0.1,42,2026-06-03 06:46:53,20260603-054739,log/stroke_prediction_v7/8/infgain/gaussian_noise__ADASYN__standard/GradientBoosting,1780436867126_ba5f39ad17804404133997545,0.4324853228962818,0.5358134056217122,0.6826748971193415,0.359017613066196,0.950024241590612,0.4324853228962818,0.5547899496654419,0.4324853228962818,0.4324853228962818,0.4324853228962818,0.5269165180014249
8,infgain,standard,gaussian_noise,ADASYN,GradientBoosting,last,0.2,0.1,42,2026-06-03 06:47:10,20260603-054739,log/stroke_prediction_v7/8/infgain/gaussian_noise__ADASYN__standard/GradientBoosting,1780436867126_ba5f39ad17804404302901124,0.5342465753424658,0.5404332904332904,0.717201646090535,0.4197393030268331,0.9478726699861728,0.5342465753424658,0.6522849089189329,0.5342465753424658,0.5342465753424658,0.5342465753424658,0.5950530225798508
8,infgain,standard,gaussian_noise,ADASYN,GradientBoosting,last,0.3,0.1,42,2026-06-03 06:47:27,20260603-054739,log/stroke_prediction_v7/8/infgain/gaussian_noise__ADASYN__standard/GradientBoosting,1780436867126_ba5f39ad17804404473627757,0.6262230919765166,0.5367966404802964,0.6896707818930041,0.4625406807381179,0.9370451272740592,0.6262230919765166,0.7301207927271314,0.6262230919765166,0.6262230919765166,0.6262230919765166,0.6457397127751299
8,infgain,standard,gaussian_noise,ADASYN,GradientBoosting,last,0.5,0.1,42,2026-06-03 06:47:44,20260603-054739,log/stroke_prediction_v7/8/infgain/gaussian_noise__ADASYN__standard/GradientBoosting,1780436867126_ba5f39ad17804404649647060,0.8317025440313112,0.549909920054048,0.6459259259259259,0.5548058999918957,0.926450208904826,0.8317025440313112,0.8715536739426911,0.8317025440313112,0.8317025440313112,0.8317025440313112,0.7588635591911924
8,infgain,standard,gaussian_noise,ADASYN,LogisticRegression,first,0.1,0.1,42,2026-06-03 06:42:54,20260603-054739,log/stroke_prediction_v7/8/infgain/standard__gaussian_noise__ADASYN/LogisticRegression,1780436867126_ba5f39ad17804401748339950,0.0743639921722113,0.5251004016064257,0.5133744855967078,0.0738532514359502,0.9535323289243078,0.0743639921722113,0.0542322948179213,0.0743639921722113,0.0743639921722113,0.0743639921722113,0.2481591504197093
8,infgain,standard,gaussian_noise,ADASYN,LogisticRegression,first,0.2,0.1,42,2026-06-03 06:43:14,20260603-054739,log/stroke_prediction_v7/8/infgain/standard__gaussian_noise__ADASYN/LogisticRegression,1780436867126_ba5f39ad17804401949487790,0.3150684931506849,0.5333333333333333,0.6399176954732511,0.2811495176848874,0.954337899543379,0.3150684931506848,0.4220202175923886,0.3150684931506849,0.3150684931506849,0.3150684931506849,0.4442617503868616
8,infgain,standard,gaussian_noise,ADASYN,LogisticRegression,first,0.3,0.1,42,2026-06-03 06:43:33,20260603-054739,log/stroke_prediction_v7/8/infgain/standard__gaussian_noise__ADASYN/LogisticRegression,1780436867126_ba5f39ad17804402137595739,0.5068493150684932,0.5307689944391533,0.6648559670781893,0.3983516483516483,0.9391753718419056,0.5068493150684932,0.6288466914690006,0.5068493150684932,0.5068493150684932,0.5068493150684932,0.5702995103364193
8,infgain,standard,gaussian_noise,ADASYN,LogisticRegression,first,0.5,0.1,42,2026-06-03 06:43:53,20260603-054739,log/stroke_prediction_v7/8/infgain/standard__gaussian_noise__ADASYN/LogisticRegression,1780436867126_ba5f39ad17804402334178960,0.700587084148728,0.5485332634887377,0.7287654320987654,0.5074186780577239,0.9401355613896069,0.700587084148728,0.7857019130825766,0.700587084148728,0.700587084148728,0.700587084148728,0.6959463480282471
8,infgain,standard,gaussian_noise,ADASYN,LogisticRegression,last,0.1,0.1,42,2026-06-03 06:46:49,20260603-054739,log/stroke_prediction_v7/8/infgain/gaussian_noise__ADASYN__standard/LogisticRegression,1780436867126_ba5f39ad17804404094267062,0.0567514677103718,0.52465483234714,0.5041152263374485,0.0551557465091299,0.9534887311494268,0.0567514677103717,0.0201258668056778,0.0567514677103718,0.0567514677103718,0.0567514677103718,0.2322187080647713
8,infgain,standard,gaussian_noise,ADASYN,LogisticRegression,last,0.2,0.1,42,2026-06-03 06:47:06,20260603-054739,log/stroke_prediction_v7/8/infgain/gaussian_noise__ADASYN__standard/LogisticRegression,1780436867126_ba5f39ad17804404264179436,0.0919765166340508,0.5255623721881391,0.522633744855967,0.091945218909893,0.953577531525258,0.0919765166340508,0.0871358019643098,0.0919765166340508,0.0919765166340508,0.0919765166340508,0.2638301246416871
8,infgain,standard,gaussian_noise,ADASYN,LogisticRegression,last,0.3,0.1,42,2026-06-03 06:47:23,20260603-054739,log/stroke_prediction_v7/8/infgain/gaussian_noise__ADASYN__standard/LogisticRegression,1780436867126_ba5f39ad17804404432886315,0.2544031311154598,0.5307881773399015,0.6080246913580246,0.235669614990519,0.954088862753415,0.2544031311154597,0.3436215016604907,0.2544031311154598,0.2544031311154598,0.2544031311154598,0.3979450930889693
8,infgain,standard,gaussian_noise,ADASYN,LogisticRegression,last,0.5,0.1,42,2026-06-03 06:47:40,20260603-054739,log/stroke_prediction_v7/8/infgain/gaussian_noise__ADASYN__standard/LogisticRegression,1780436867126_ba5f39ad17804404609427922,0.5420743639921722,0.5306186578374567,0.66440329218107,0.4165755884304617,0.9368556222469838,0.5420743639921722,0.6606892404724386,0.5420743639921722,0.5420743639921722,0.5420743639921722,0.5916072271588549
8,infgain,standard,gaussian_noise,ADASYN,XGBmodel,first,0.1,0.1,42,2026-06-03 06:42:54,20260603-054739,log/stroke_prediction_v7/8/infgain/standard__gaussian_noise__ADASYN/XGBmodel,1780436867126_ba5f39ad17804401742777939,0.5166340508806262,0.5316755612808245,0.6699999999999999,0.404178684554634,0.9395659315450232,0.5166340508806262,0.6377008641775278,0.5166340508806262,0.5166340508806262,0.5166340508806262,0.5770597019446595
8,infgain,standard,gaussian_noise,ADASYN,XGBmodel,first,0.2,0.1,42,2026-06-03 06:43:14,20260603-054739,log/stroke_prediction_v7/8/infgain/standard__gaussian_noise__ADASYN/XGBmodel,1780436867126_ba5f39ad17804401943140721,0.6105675146771037,0.5418314500941619,0.7193827160493826,0.4597361612147422,0.9429368396224675,0.6105675146771037,0.7172667313856632,0.6105675146771037,0.6105675146771037,0.6105675146771037,0.6411925403375033
8,infgain,standard,gaussian_noise,ADASYN,XGBmodel,first,0.3,0.1,42,2026-06-03 06:43:33,20260603-054739,log/stroke_prediction_v7/8/infgain/standard__gaussian_noise__ADASYN/XGBmodel,1780436867126_ba5f39ad17804402131996307,0.6516634050880626,0.5367494824016563,0.6840740740740741,0.4739636346812251,0.9350601467507792,0.6516634050880626,0.7497871840332524,0.6516634050880626,0.6516634050880626,0.6516634050880626,0.6598163551650476
8,infgain,standard,gaussian_noise,ADASYN,XGBmodel,first,0.5,0.1,42,2026-06-03 06:43:52,20260603-054739,log/stroke_prediction_v7/8/infgain/standard__gaussian_noise__ADASYN/XGBmodel,1780436867126_ba5f39ad17804402327700805,0.7788649706457925,0.5508366757234657,0.6940329218106995,0.5406175167267318,0.9330950173932572,0.7788649706457925,0.8390742456851205,0.7788649706457925,0.7788649706457925,0.7788649706457925,0.7362962141128369
8,infgain,standard,gaussian_noise,ADASYN,XGBmodel,last,0.1,0.1,42,2026-06-03 06:46:48,20260603-054739,log/stroke_prediction_v7/8/infgain/gaussian_noise__ADASYN__standard/XGBmodel,1780436867126_ba5f39ad17804404089877156,0.4559686888454011,0.537486157253599,0.6950205761316872,0.3739069882236795,0.9504482774313932,0.4559686888454011,0.5783958746378074,0.4559686888454011,0.4559686888454011,0.4559686888454011,0.5435284060490513
8,infgain,standard,gaussian_noise,ADASYN,XGBmodel,last,0.2,0.1,42,2026-06-03 06:47:05,20260603-054739,log/stroke_prediction_v7/8/infgain/gaussian_noise__ADASYN__standard/XGBmodel,1780436867126_ba5f39ad17804404258438187,0.5655577299412916,0.5435937595970763,0.7336625514403292,0.4386060414109822,0.9486093727444054,0.5655577299412916,0.6794485451660135,0.5655577299412916,0.5655577299412916,0.5655577299412916,0.6165178483412469
8,infgain,standard,gaussian_noise,ADASYN,XGBmodel,last,0.3,0.1,42,2026-06-03 06:47:22,20260603-054739,log/stroke_prediction_v7/8/infgain/gaussian_noise__ADASYN__standard/XGBmodel,1780436867126_ba5f39ad17804404425994878,0.6634050880626223,0.545759886446161,0.7281893004115226,0.4881667831353365,0.9416316962650566,0.6634050880626223,0.758350256618543,0.6634050880626223,0.6634050880626223,0.6634050880626223,0.6738976795004048
8,infgain,standard,gaussian_noise,ADASYN,XGBmodel,last,0.5,0.1,42,2026-06-03 06:47:40,20260603-054739,log/stroke_prediction_v7/8/infgain/gaussian_noise__ADASYN__standard/XGBmodel,1780436867126_ba5f39ad17804404601895699,0.8395303326810176,0.5534165494608532,0.6500411522633744,0.561106921401039,0.9270665609750056,0.8395303326810176,0.876471030983521,0.8395303326810176,0.8395303326810176,0.8395303326810175,0.7645012522000143
8,infgain,standard,gaussian_noise,ADASYN,random_forest,first,0.1,0.1,42,2026-06-03 06:42:54,20260603-054739,log/stroke_prediction_v7/8/infgain/standard__gaussian_noise__ADASYN/random_forest,1780436867126_ba5f39ad17804401740967672,0.7495107632093934,0.5513486084546626,0.7165432098765432,0.5305196669537755,0.9368032639058478,0.7495107632093934,0.8197887081395631,0.7495107632093934,0.7495107632093934,0.7495107632093934,0.7228200697714634
8,infgain,standard,gaussian_noise,ADASYN,random_forest,first,0.2,0.1,42,2026-06-03 06:43:14,20260603-054739,log/stroke_prediction_v7/8/infgain/standard__gaussian_noise__ADASYN/random_forest,1780436867126_ba5f39ad17804401941288997,0.8395303326810176,0.5694421430544048,0.7069547325102881,0.5823165869218501,0.934576029910324,0.8395303326810176,0.8780161799267783,0.8395303326810176,0.8395303326810176,0.8395303326810175,0.7759593386472029
8,infgain,standard,gaussian_noise,ADASYN,random_forest,first,0.3,0.1,42,2026-06-03 06:43:33,20260603-054739,log/stroke_prediction_v7/8/infgain/standard__gaussian_noise__ADASYN/random_forest,1780436867126_ba5f39ad17804402130085453,0.8767123287671232,0.5554745117108355,0.6126748971193416,0.5678617930923393,0.9229450667057452,0.8767123287671234,0.8974453508378842,0.8767123287671232,0.8767123287671232,0.8767123287671232,0.779590450649975
8,infgain,standard,gaussian_noise,ADASYN,random_forest,first,0.5,0.1,42,2026-06-03 06:43:52,20260603-054739,log/stroke_prediction_v7/8/infgain/standard__gaussian_noise__ADASYN/random_forest,1780436867126_ba5f39ad17804402325933157,0.9158512720156556,0.5552735923869945,0.5573662551440329,0.5562892510248179,0.9174224165892012,0.9158512720156556,0.916632928583027,0.9158512720156556,0.9158512720156556,0.9158512720156556,0.7902850621594616
8,infgain,standard,gaussian_noise,ADASYN,random_forest,last,0.1,0.1,42,2026-06-03 06:46:48,20260603-054739,log/stroke_prediction_v7/8/infgain/gaussian_noise__ADASYN__standard/random_forest,1780436867126_ba5f39ad17804404088041898,0.7162426614481409,0.5321457821457821,0.6421399176954733,0.4955302736303165,0.926883741952235,0.7162426614481409,0.7965610747664617,0.7162426614481409,0.7162426614481409,0.7162426614481409,0.690427711018122
8,infgain,standard,gaussian_noise,ADASYN,random_forest,last,0.2,0.1,42,2026-06-03 06:47:05,20260603-054739,log/stroke_prediction_v7/8/infgain/gaussian_noise__ADASYN__standard/random_forest,1780436867126_ba5f39ad17804404256539883,0.8140900195694716,0.5322238340855362,0.5987242798353909,0.5273907921765628,0.9201053609753698,0.8140900195694716,0.8594720580763894,0.8140900195694716,0.8140900195694716,0.8140900195694716,0.7387707828553609
8,infgain,standard,gaussian_noise,ADASYN,random_forest,last,0.3,0.1,42,2026-06-03 06:47:22,20260603-054739,log/stroke_prediction_v7/8/infgain/gaussian_noise__ADASYN__standard/random_forest,1780436867126_ba5f39ad17804404424076435,0.8806262230919765,0.5419816414686824,0.57679012345679,0.5500526870389884,0.9181627309345584,0.8806262230919765,0.8979851074052613,0.8806262230919765,0.8806262230919765,0.8806262230919764,0.7731496079894309
8,infgain,standard,gaussian_noise,ADASYN,random_forest,last,0.5,0.1,42,2026-06-03 06:47:40,20260603-054739,log/stroke_prediction_v7/8/infgain/gaussian_noise__ADASYN__standard/random_forest,1780436867126_ba5f39ad17804404600084821,0.929549902152642,0.5659680876399142,0.54559670781893,0.5530612244897959,0.9173542857329278,0.9295499021526418,0.9231279204441072,0.929549902152642,0.929549902152642,0.929549902152642,0.7961402407203193
8,infgain,standard,gaussian_noise,RandomOverSampler,BalancedRandomForest,first,0.1,0.1,42,2026-06-03 06:50:33,20260603-054739,log/stroke_prediction_v7/8/infgain/standard__gaussian_noise__RandomOverSampler/BalancedRandomForest,1780436867126_ba5f39ad17804406336918650,0.8512720156555773,0.5705906996229577,0.6941563786008231,0.5861466325660698,0.9330391217267046,0.8512720156555773,0.8849798883222139,0.8512720156555773,0.8512720156555773,0.8512720156555773,0.7809564043905219
8,infgain,standard,gaussian_noise,RandomOverSampler,BalancedRandomForest,first,0.2,0.1,42,2026-06-03 06:50:47,20260603-054739,log/stroke_prediction_v7/8/infgain/standard__gaussian_noise__RandomOverSampler/BalancedRandomForest,1780436867126_ba5f39ad17804406471854603,0.9119373776908024,0.5840732519422863,0.6122222222222222,0.5952795818153017,0.9252591706106066,0.9119373776908024,0.918242510794518,0.9119373776908024,0.9119373776908024,0.9119373776908022,0.8039587294453052
8,infgain,standard,gaussian_noise,RandomOverSampler,BalancedRandomForest,first,0.3,0.1,42,2026-06-03 06:50:58,20260603-054739,log/stroke_prediction_v7/8/infgain/standard__gaussian_noise__RandomOverSampler/BalancedRandomForest,1780436867126_ba5f39ad17804406582784020,0.9315068493150684,0.5715277777777779,0.5466255144032922,0.5553317918500287,0.9179794520547946,0.9315068493150686,0.9243034971508444,0.9315068493150684,0.9315068493150684,0.9315068493150684,0.7981613074997448
8,infgain,standard,gaussian_noise,RandomOverSampler,BalancedRandomForest,first,0.5,0.1,42,2026-06-03 06:51:09,20260603-054739,log/stroke_prediction_v7/8/infgain/standard__gaussian_noise__RandomOverSampler/BalancedRandomForest,1780436867126_ba5f39ad17804406694167380,0.9393346379647748,0.5386431411530814,0.512798353909465,0.5146306339430707,0.9118123937393252,0.9393346379647748,0.92423010225689,0.9393346379647748,0.9393346379647748,0.9393346379647748,0.7878883544960911
8,infgain,standard,gaussian_noise,RandomOverSampler,BalancedRandomForest,last,0.1,0.1,42,2026-06-03 06:52:46,20260603-054739,log/stroke_prediction_v7/8/infgain/gaussian_noise__RandomOverSampler__standard/BalancedRandomForest,1780436867126_ba5f39ad17804407668417991,0.7690802348336595,0.5301493192797541,0.6130041152263375,0.5116780045351473,0.9221320668610722,0.7690802348336595,0.8315228243939455,0.7690802348336595,0.7690802348336595,0.7690802348336595,0.7156407684095439
8,infgain,standard,gaussian_noise,RandomOverSampler,BalancedRandomForest,last,0.2,0.1,42,2026-06-03 06:52:57,20260603-054739,log/stroke_prediction_v7/8/infgain/gaussian_noise__RandomOverSampler__standard/BalancedRandomForest,1780436867126_ba5f39ad17804407778153414,0.87279843444227,0.5369951399363163,0.5726748971193416,0.5435305435305435,0.917352188504485,0.8727984344422701,0.8932828424022162,0.87279843444227,0.87279843444227,0.87279843444227,0.7673436042228362
8,infgain,standard,gaussian_noise,RandomOverSampler,BalancedRandomForest,last,0.3,0.1,42,2026-06-03 06:53:08,20260603-054739,log/stroke_prediction_v7/8/infgain/gaussian_noise__RandomOverSampler__standard/BalancedRandomForest,1780436867126_ba5f39ad17804407885207554,0.9197651663405088,0.5755352894528152,0.578395061728395,0.5769269602794773,0.9212650786581024,0.9197651663405088,0.9205104667884676,0.9197651663405088,0.9197651663405088,0.9197651663405088,0.8000412235803264
8,infgain,standard,gaussian_noise,RandomOverSampler,BalancedRandomForest,last,0.5,0.1,42,2026-06-03 06:53:19,20260603-054739,log/stroke_prediction_v7/8/infgain/gaussian_noise__RandomOverSampler__standard/BalancedRandomForest,1780436867126_ba5f39ad17804407993951100,0.9452054794520548,0.4753937007874016,0.4969135802469136,0.4859154929577465,0.9042713838852336,0.9452054794520548,0.9242854386593534,0.9452054794520548,0.9452054794520548,0.9452054794520548,0.7772701980153415
8,infgain,standard,gaussian_noise,RandomOverSampler,GradientBoosting,first,0.1,0.1,42,2026-06-03 06:50:25,20260603-054739,log/stroke_prediction_v7/8/infgain/standard__gaussian_noise__RandomOverSampler/GradientBoosting,1780436867126_ba5f39ad17804406254313624,0.4696673189823874,0.5311437041660166,0.6642798353909465,0.3781863900675781,0.9418772341609876,0.4696673189823874,0.5933532687906755,0.4696673189823874,0.4696673189823874,0.4696673189823874,0.547327953793488
8,infgain,standard,gaussian_noise,RandomOverSampler,GradientBoosting,first,0.2,0.1,42,2026-06-03 06:50:40,20260603-054739,log/stroke_prediction_v7/8/infgain/standard__gaussian_noise__RandomOverSampler/GradientBoosting,1780436867126_ba5f39ad17804406400703200,0.5577299412915852,0.5357471899760456,0.691604938271605,0.4284908349499188,0.9411091242345928,0.5577299412915852,0.673672843277113,0.5577299412915852,0.5577299412915852,0.5577299412915852,0.6052626534989131
8,infgain,standard,gaussian_noise,RandomOverSampler,GradientBoosting,first,0.3,0.1,42,2026-06-03 06:50:52,20260603-054739,log/stroke_prediction_v7/8/infgain/standard__gaussian_noise__RandomOverSampler/GradientBoosting,1780436867126_ba5f39ad17804406521445903,0.6007827788649707,0.5335747202106649,0.6762962962962963,0.4477431659249841,0.935950240205924,0.6007827788649707,0.7100155137515038,0.6007827788649707,0.6007827788649707,0.6007827788649707,0.6285590391687497
8,infgain,standard,gaussian_noise,RandomOverSampler,GradientBoosting,first,0.5,0.1,42,2026-06-03 06:51:03,20260603-054739,log/stroke_prediction_v7/8/infgain/standard__gaussian_noise__RandomOverSampler/GradientBoosting,1780436867126_ba5f39ad17804406632511237,0.786692759295499,0.5618557812567387,0.7360905349794239,0.5568788435682633,0.9387643153508062,0.786692759295499,0.8447707325635232,0.786692759295499,0.786692759295499,0.7866927592954989,0.7485956032966644
8,infgain,standard,gaussian_noise,RandomOverSampler,GradientBoosting,last,0.1,0.1,42,2026-06-03 06:52:40,20260603-054739,log/stroke_prediction_v7/8/infgain/gaussian_noise__RandomOverSampler__standard/GradientBoosting,1780436867126_ba5f39ad17804407609277413,0.3385518590998043,0.5344352617079889,0.6522633744855967,0.297871475495138,0.954445720323678,0.3385518590998043,0.4503402303061229,0.3385518590998043,0.3385518590998043,0.3385518590998043,0.4617669351618371
8,infgain,standard,gaussian_noise,RandomOverSampler,GradientBoosting,last,0.2,0.1,42,2026-06-03 06:52:51,20260603-054739,log/stroke_prediction_v7/8/infgain/gaussian_noise__RandomOverSampler__standard/GradientBoosting,1780436867126_ba5f39ad17804407718154370,0.4461839530332681,0.5367766618842659,0.6898765432098765,0.3677318654605392,0.9502740755507012,0.446183953033268,0.568656378632917,0.4461839530332681,0.4461839530332681,0.4461839530332681,0.5366245458918099
8,infgain,standard,gaussian_noise,RandomOverSampler,GradientBoosting,last,0.3,0.1,42,2026-06-03 06:53:02,20260603-054739,log/stroke_prediction_v7/8/infgain/gaussian_noise__RandomOverSampler__standard/GradientBoosting,1780436867126_ba5f39ad17804407825961836,0.4911937377690802,0.536577440816958,0.6945679012345679,0.3935991528827546,0.9468105213085596,0.4911937377690802,0.6130679510905406,0.4911937377690802,0.4911937377690802,0.4911937377690802,0.5652731470396348
8,infgain,standard,gaussian_noise,RandomOverSampler,GradientBoosting,last,0.5,0.1,42,2026-06-03 06:53:13,20260603-054739,log/stroke_prediction_v7/8/infgain/gaussian_noise__RandomOverSampler__standard/GradientBoosting,1780436867126_ba5f39ad17804407934441492,0.6536203522504892,0.5406542056074766,0.7040740740740741,0.4787066655139621,0.938191561351208,0.6536203522504892,0.751122914113756,0.6536203522504892,0.6536203522504892,0.6536203522504892,0.6642145619476293
8,infgain,standard,gaussian_noise,RandomOverSampler,LogisticRegression,first,0.1,0.1,42,2026-06-03 06:50:22,20260603-054739,log/stroke_prediction_v7/8/infgain/standard__gaussian_noise__RandomOverSampler/LogisticRegression,1780436867126_ba5f39ad17804406222399415,0.0684931506849315,0.5249500998003992,0.5102880658436214,0.0676898074328467,0.9535176222896672,0.0684931506849315,0.0430003914854435,0.0684931506849315,0.0684931506849315,0.0684931506849315,0.2428763689050848
8,infgain,standard,gaussian_noise,RandomOverSampler,LogisticRegression,first,0.2,0.1,42,2026-06-03 06:50:36,20260603-054739,log/stroke_prediction_v7/8/infgain/standard__gaussian_noise__RandomOverSampler/LogisticRegression,1780436867126_ba5f39ad17804406368624242,0.3072407045009784,0.5280988954432083,0.6168312757201646,0.2742176215695714,0.9470932412225004,0.3072407045009784,0.4138840548849716,0.3072407045009784,0.3072407045009784,0.3072407045009784,0.4353138745071601
8,infgain,standard,gaussian_noise,RandomOverSampler,LogisticRegression,first,0.3,0.1,42,2026-06-03 06:50:49,20260603-054739,log/stroke_prediction_v7/8/infgain/standard__gaussian_noise__RandomOverSampler/LogisticRegression,1780436867126_ba5f39ad17804406495657048,0.5303326810176126,0.5294500612745098,0.6582304526748972,0.4097035040431266,0.936337762844864,0.5303326810176126,0.6504396537627716,0.5303326810176126,0.5303326810176126,0.5303326810176126,0.5835563737573568
8,infgain,standard,gaussian_noise,RandomOverSampler,LogisticRegression,first,0.5,0.1,42,2026-06-03 06:51:00,20260603-054739,log/stroke_prediction_v7/8/infgain/standard__gaussian_noise__RandomOverSampler/LogisticRegression,1780436867126_ba5f39ad17804406606615679,0.7123287671232876,0.5508279914529913,0.7349382716049383,0.5148890826310181,0.9406282929399368,0.7123287671232876,0.79409059965843,0.7123287671232876,0.7123287671232876,0.7123287671232877,0.7039179147925188
8,infgain,standard,gaussian_noise,RandomOverSampler,LogisticRegression,last,0.1,0.1,42,2026-06-03 06:52:38,20260603-054739,log/stroke_prediction_v7/8/infgain/gaussian_noise__RandomOverSampler__standard/LogisticRegression,1780436867126_ba5f39ad17804407585254159,0.060665362035225,0.5247524752475248,0.5061728395061728,0.0593649332719742,0.9534982852492686,0.0606653620352249,0.0278124248583622,0.060665362035225,0.060665362035225,0.060665362035225,0.235785108533937
8,infgain,standard,gaussian_noise,RandomOverSampler,LogisticRegression,last,0.2,0.1,42,2026-06-03 06:52:49,20260603-054739,log/stroke_prediction_v7/8/infgain/gaussian_noise__RandomOverSampler__standard/LogisticRegression,1780436867126_ba5f39ad17804407693793100,0.0626223091976516,0.5248015873015873,0.507201646090535,0.0614577621675095,0.9535030907340104,0.0626223091976516,0.0316324187844265,0.0626223091976516,0.0626223091976516,0.0626223091976516,0.2375630832344643
8,infgain,standard,gaussian_noise,RandomOverSampler,LogisticRegression,last,0.3,0.1,42,2026-06-03 06:53:00,20260603-054739,log/stroke_prediction_v7/8/infgain/gaussian_noise__RandomOverSampler__standard/LogisticRegression,1780436867126_ba5f39ad17804407801605208,0.2935420743639921,0.5323834196891192,0.6286008230452675,0.2654099019994345,0.9542449530028492,0.2935420743639921,0.3950992166000452,0.2935420743639921,0.2935420743639921,0.2935420743639921,0.4280161171092422
8,infgain,standard,gaussian_noise,RandomOverSampler,LogisticRegression,last,0.5,0.1,42,2026-06-03 06:53:11,20260603-054739,log/stroke_prediction_v7/8/infgain/gaussian_noise__RandomOverSampler__standard/LogisticRegression,1780436867126_ba5f39ad17804407910155962,0.5792563600782779,0.5310659599528856,0.6649794238683128,0.4353068766479746,0.9349891319129904,0.5792563600782779,0.6925189381261522,0.5792563600782779,0.5792563600782779,0.5792563600782779,0.6139798678208489
8,infgain,standard,gaussian_noise,RandomOverSampler,XGBmodel,first,0.1,0.1,42,2026-06-03 06:50:21,20260603-054739,log/stroke_prediction_v7/8/infgain/standard__gaussian_noise__RandomOverSampler/XGBmodel,1780436867126_ba5f39ad17804406214687026,0.512720156555773,0.5348719366132302,0.6869135802469135,0.4043034312279667,0.94335076087274,0.512720156555773,0.6335699925863094,0.512720156555773,0.512720156555773,0.512720156555773,0.5772827039677388
8,infgain,standard,gaussian_noise,RandomOverSampler,XGBmodel,first,0.2,0.1,42,2026-06-03 06:50:36,20260603-054739,log/stroke_prediction_v7/8/infgain/standard__gaussian_noise__RandomOverSampler/XGBmodel,1780436867126_ba5f39ad17804406360644339,0.5870841487279843,0.5354758577860581,0.6880658436213992,0.4428459960417732,0.9387203005695838,0.5870841487279843,0.6985913359969398,0.5870841487279843,0.5870841487279843,0.5870841487279843,0.6222754594947045
8,infgain,standard,gaussian_noise,RandomOverSampler,XGBmodel,first,0.3,0.1,42,2026-06-03 06:50:48,20260603-054739,log/stroke_prediction_v7/8/infgain/standard__gaussian_noise__RandomOverSampler/XGBmodel,1780436867126_ba5f39ad17804406489589245,0.6360078277886497,0.5345387823725306,0.675843621399177,0.464831081081081,0.9343441664480084,0.6360078277886497,0.7378846458983446,0.6360078277886497,0.6360078277886497,0.6360078277886497,0.6492831471843451
8,infgain,standard,gaussian_noise,RandomOverSampler,XGBmodel,first,0.5,0.1,42,2026-06-03 06:51:00,20260603-054739,log/stroke_prediction_v7/8/infgain/standard__gaussian_noise__RandomOverSampler/XGBmodel,1780436867126_ba5f39ad17804406601520418,0.7827788649706457,0.5563462284901021,0.7150617283950618,0.5487481801474975,0.9359296663720316,0.7827788649706457,0.8419224891243219,0.7827788649706457,0.7827788649706457,0.7827788649706457,0.7424459087047507
8,infgain,standard,gaussian_noise,RandomOverSampler,XGBmodel,last,0.1,0.1,42,2026-06-03 06:52:37,20260603-054739,log/stroke_prediction_v7/8/infgain/gaussian_noise__RandomOverSampler__standard/XGBmodel,1780436867126_ba5f39ad17804407578935020,0.3561643835616438,0.5353107344632768,0.661522633744856,0.3101310233609769,0.9545313830198902,0.3561643835616438,0.4708990464860332,0.3561643835616438,0.3561643835616438,0.3561643835616438,0.4747567390245112
8,infgain,standard,gaussian_noise,RandomOverSampler,XGBmodel,last,0.2,0.1,42,2026-06-03 06:52:48,20260603-054739,log/stroke_prediction_v7/8/infgain/gaussian_noise__RandomOverSampler__standard/XGBmodel,1780436867126_ba5f39ad17804407687094120,0.4696673189823874,0.5385121790651745,0.7022222222222222,0.382489732761965,0.950687250469912,0.4696673189823874,0.591806749676625,0.4696673189823874,0.4696673189823874,0.4696673189823874,0.5531535651344742
8,infgain,standard,gaussian_noise,RandomOverSampler,XGBmodel,last,0.3,0.1,42,2026-06-03 06:52:59,20260603-054739,log/stroke_prediction_v7/8/infgain/gaussian_noise__RandomOverSampler__standard/XGBmodel,1780436867126_ba5f39ad17804407796331817,0.5205479452054794,0.5391514500537057,0.71,0.4114591413165602,0.947542675531434,0.5205479452054794,0.6400497712837956,0.5205479452054794,0.5205479452054794,0.5205479452054794,0.5856149275307589
8,infgain,standard,gaussian_noise,RandomOverSampler,XGBmodel,last,0.5,0.1,42,2026-06-03 06:53:10,20260603-054739,log/stroke_prediction_v7/8/infgain/gaussian_noise__RandomOverSampler__standard/XGBmodel,1780436867126_ba5f39ad17804407903676565,0.6888454011741683,0.538933430515063,0.6846502057613169,0.4921842284542834,0.9338443932227628,0.6888454011741683,0.777281085762041,0.6888454011741683,0.6888454011741683,0.6888454011741683,0.68170076055203
8,infgain,standard,gaussian_noise,RandomOverSampler,random_forest,first,0.1,0.1,42,2026-06-03 06:50:21,20260603-054739,log/stroke_prediction_v7/8/infgain/standard__gaussian_noise__RandomOverSampler/random_forest,1780436867126_ba5f39ad17804406212231384,0.8590998043052838,0.5858818600754084,0.7362139917695474,0.607928388746803,0.9386927068260316,0.8590998043052838,0.8910335784105186,0.8590998043052838,0.8590998043052838,0.8590998043052838,0.7945630726628102
8,infgain,standard,gaussian_noise,RandomOverSampler,random_forest,first,0.2,0.1,42,2026-06-03 06:50:35,20260603-054739,log/stroke_prediction_v7/8/infgain/standard__gaussian_noise__RandomOverSampler/random_forest,1780436867126_ba5f39ad17804406358131530,0.9158512720156556,0.6081578947368421,0.6522222222222223,0.6251684549905323,0.9312709856833866,0.9158512720156556,0.9229568519873808,0.9158512720156556,0.9158512720156556,0.9158512720156556,0.8177244151171941
8,infgain,standard,gaussian_noise,RandomOverSampler,random_forest,first,0.3,0.1,42,2026-06-03 06:50:48,20260603-054739,log/stroke_prediction_v7/8/infgain/standard__gaussian_noise__RandomOverSampler/random_forest,1780436867126_ba5f39ad17804406487814051,0.9275929549902152,0.5786150712830957,0.5635390946502058,0.5699533720004548,0.9201836580962212,0.9275929549902152,0.92375562040878,0.9275929549902152,0.9275929549902152,0.9275929549902152,0.8013273132604234
8,infgain,standard,gaussian_noise,RandomOverSampler,random_forest,first,0.5,0.1,42,2026-06-03 06:50:59,20260603-054739,log/stroke_prediction_v7/8/infgain/standard__gaussian_noise__RandomOverSampler/random_forest,1780436867126_ba5f39ad17804406599645767,0.9412915851272016,0.5882027445772466,0.5327983539094651,0.5436413431769469,0.9183730396959672,0.9412915851272016,0.9279532122315955,0.9412915851272016,0.9412915851272016,0.9412915851272016,0.8011932311804297
8,infgain,standard,gaussian_noise,RandomOverSampler,random_forest,last,0.1,0.1,42,2026-06-03 06:52:37,20260603-054739,log/stroke_prediction_v7/8/infgain/gaussian_noise__RandomOverSampler__standard/random_forest,1780436867126_ba5f39ad17804407576945386,0.7710371819960861,0.5528882220555138,0.7088888888888889,0.5403722410572199,0.9352709997460226,0.7710371819960861,0.8341195829710799,0.7710371819960861,0.7710371819960861,0.7710371819960861,0.7342934574717218
8,infgain,standard,gaussian_noise,RandomOverSampler,random_forest,last,0.2,0.1,42,2026-06-03 06:52:48,20260603-054739,log/stroke_prediction_v7/8/infgain/gaussian_noise__RandomOverSampler__standard/random_forest,1780436867126_ba5f39ad17804407685052320,0.8669275929549902,0.5337121212121212,0.5695884773662552,0.5389065817409766,0.9167852695249956,0.8669275929549902,0.8897596819026012,0.8669275929549902,0.8669275929549902,0.8669275929549902,0.7630795635388697
8,infgain,standard,gaussian_noise,RandomOverSampler,random_forest,last,0.3,0.1,42,2026-06-03 06:52:59,20260603-054739,log/stroke_prediction_v7/8/infgain/gaussian_noise__RandomOverSampler__standard/random_forest,1780436867126_ba5f39ad17804407794505441,0.9060665362035224,0.542641129032258,0.5522222222222222,0.5465838509316769,0.9157794646802602,0.9060665362035224,0.9108069672180964,0.9060665362035224,0.9060665362035224,0.9060665362035226,0.782099518797349
8,infgain,standard,gaussian_noise,RandomOverSampler,random_forest,last,0.5,0.1,42,2026-06-03 06:53:10,20260603-054739,log/stroke_prediction_v7/8/infgain/gaussian_noise__RandomOverSampler__standard/random_forest,1780436867126_ba5f39ad17804407901764709,0.9412915851272016,0.5476190476190477,0.5138271604938272,0.5160984848484849,0.9127760693318424,0.9412915851272016,0.925313556306707,0.9412915851272016,0.9412915851272016,0.9412915851272016,0.790150667968631
8,infgain,standard,gaussian_noise,noImbl,BalancedRandomForest,first,0.1,0.1,42,2026-06-03 06:54:49,20260603-054739,log/stroke_prediction_v7/8/infgain/standard__gaussian_noise__noImbl/BalancedRandomForest,1780436867126_ba5f39ad17804408892635510,0.512720156555773,0.5277573303889094,0.6489711934156379,0.3993542204619589,0.9355301031580772,0.512720156555773,0.6347672679360503,0.512720156555773,0.512720156555773,0.512720156555773,0.5714321485782728
8,infgain,standard,gaussian_noise,noImbl,BalancedRandomForest,first,0.2,0.1,42,2026-06-03 06:54:54,20260603-054739,log/stroke_prediction_v7/8/infgain/standard__gaussian_noise__noImbl/BalancedRandomForest,1780436867126_ba5f39ad17804408941852465,0.6262230919765166,0.5367966404802964,0.6896707818930041,0.4625406807381179,0.9370451272740592,0.6262230919765166,0.7301207927271314,0.6262230919765166,0.6262230919765166,0.6262230919765166,0.6457397127751299
8,infgain,standard,gaussian_noise,noImbl,BalancedRandomForest,first,0.3,0.1,42,2026-06-03 06:54:59,20260603-054739,log/stroke_prediction_v7/8/infgain/standard__gaussian_noise__noImbl/BalancedRandomForest,1780436867126_ba5f39ad17804408990958491,0.7279843444227005,0.5541434540389971,0.7431687242798354,0.5250961120583024,0.9412963548452158,0.7279843444227005,0.8051304687049718,0.7279843444227005,0.7279843444227005,0.7279843444227005,0.7145885781999761
8,infgain,standard,gaussian_noise,noImbl,BalancedRandomForest,first,0.5,0.1,42,2026-06-03 06:55:03,20260603-054739,log/stroke_prediction_v7/8/infgain/standard__gaussian_noise__noImbl/BalancedRandomForest,1780436867126_ba5f39ad17804409039561811,0.8493150684931506,0.5894254445964432,0.7690123456790123,0.6108919017810346,0.9428446676536176,0.8493150684931506,0.8856746014167481,0.8493150684931506,0.8493150684931506,0.8493150684931505,0.7943392486698349
8,infgain,standard,gaussian_noise,noImbl,BalancedRandomForest,last,0.1,0.1,42,2026-06-03 06:55:47,20260603-054739,log/stroke_prediction_v7/8/infgain/gaussian_noise__noImbl__standard/BalancedRandomForest,1780436867126_ba5f39ad17804409475857977,0.5048923679060665,0.5305901337021668,0.6638271604938272,0.3971836896463292,0.9390959968746588,0.5048923679060665,0.62706193352475,0.5048923679060665,0.5048923679060665,0.5048923679060665,0.5689451197451537
8,infgain,standard,gaussian_noise,noImbl,BalancedRandomForest,last,0.2,0.1,42,2026-06-03 06:55:52,20260603-054739,log/stroke_prediction_v7/8/infgain/gaussian_noise__noImbl__standard/BalancedRandomForest,1780436867126_ba5f39ad17804409524792445,0.6301369863013698,0.5373209651062194,0.6917283950617283,0.4648325160003325,0.9372105517507464,0.6301369863013698,0.7331612512425094,0.6301369863013698,0.6301369863013698,0.6301369863013698,0.6483798507988435
8,infgain,standard,gaussian_noise,noImbl,BalancedRandomForest,last,0.3,0.1,42,2026-06-03 06:55:57,20260603-054739,log/stroke_prediction_v7/8/infgain/gaussian_noise__noImbl__standard/BalancedRandomForest,1780436867126_ba5f39ad17804409578573681,0.7123287671232876,0.5508279914529913,0.7349382716049383,0.5148890826310181,0.9406282929399368,0.7123287671232876,0.79409059965843,0.7123287671232876,0.7123287671232876,0.7123287671232877,0.7039179147925188
8,infgain,standard,gaussian_noise,noImbl,BalancedRandomForest,last,0.5,0.1,42,2026-06-03 06:56:02,20260603-054739,log/stroke_prediction_v7/8/infgain/gaussian_noise__noImbl__standard/BalancedRandomForest,1780436867126_ba5f39ad17804409629497573,0.8551859099804305,0.5930638441616934,0.7720987654320988,0.6169260069697706,0.943319706023832,0.8551859099804305,0.8894764171134782,0.8551859099804305,0.8551859099804305,0.8551859099804305,0.7988829591664217
8,infgain,standard,gaussian_noise,noImbl,GradientBoosting,first,0.1,0.1,42,2026-06-03 06:54:48,20260603-054739,log/stroke_prediction_v7/8/infgain/standard__gaussian_noise__noImbl/GradientBoosting,1780436867126_ba5f39ad17804408881732253,0.8864970645792564,0.6078869047619047,0.7506172839506173,0.6394052949192135,0.9414954337899544,0.8864970645792564,0.9086944339577,0.8864970645792564,0.8864970645792564,0.8864970645792564,0.816813747413487
8,infgain,standard,gaussian_noise,noImbl,GradientBoosting,first,0.2,0.1,42,2026-06-03 06:54:53,20260603-054739,log/stroke_prediction_v7/8/infgain/standard__gaussian_noise__noImbl/GradientBoosting,1780436867126_ba5f39ad17804408932299216,0.9373776908023485,0.6268159085496546,0.5876543209876544,0.6027210884353742,0.9269605241020484,0.9373776908023485,0.9316692626169844,0.9373776908023485,0.9373776908023485,0.9373776908023485,0.8192527043427286
8,infgain,standard,gaussian_noise,noImbl,GradientBoosting,first,0.3,0.1,42,2026-06-03 06:54:58,20260603-054739,log/stroke_prediction_v7/8/infgain/standard__gaussian_noise__noImbl/GradientBoosting,1780436867126_ba5f39ad17804408981180985,0.9471624266144814,0.6438943894389438,0.5358847736625514,0.5508935256013802,0.92406786666925,0.9471624266144812,0.9314767826160464,0.9471624266144814,0.9471624266144814,0.9471624266144814,0.8116052198554807
8,infgain,standard,gaussian_noise,noImbl,GradientBoosting,first,0.5,0.1,42,2026-06-03 06:55:02,20260603-054739,log/stroke_prediction_v7/8/infgain/standard__gaussian_noise__noImbl/GradientBoosting,1780436867126_ba5f39ad17804409029928172,0.9393346379647748,0.5770459081836328,0.5317695473251028,0.5414387031408306,0.9171988703610392,0.9393346379647748,0.9267959005228438,0.9393346379647748,0.9393346379647748,0.9393346379647748,0.7985704783224385
8,infgain,standard,gaussian_noise,noImbl,GradientBoosting,last,0.1,0.1,42,2026-06-03 06:55:46,20260603-054739,log/stroke_prediction_v7/8/infgain/gaussian_noise__noImbl__standard/GradientBoosting,1780436867126_ba5f39ad17804409466128833,0.8806262230919765,0.6024004085801838,0.7475308641975309,0.6320746922250682,0.9408228373135252,0.8806262230919765,0.9048895868194604,0.8806262230919765,0.8806262230919765,0.8806262230919764,0.8118705421025937
8,infgain,standard,gaussian_noise,noImbl,GradientBoosting,last,0.2,0.1,42,2026-06-03 06:55:51,20260603-054739,log/stroke_prediction_v7/8/infgain/gaussian_noise__noImbl__standard/GradientBoosting,1780436867126_ba5f39ad17804409513522609,0.929549902152642,0.6305861646770737,0.6404526748971194,0.635289452815226,0.9321666525900648,0.929549902152642,0.9308320827597766,0.929549902152642,0.929549902152642,0.929549902152642,0.8270587404137328
8,infgain,standard,gaussian_noise,noImbl,GradientBoosting,last,0.3,0.1,42,2026-06-03 06:55:56,20260603-054739,log/stroke_prediction_v7/8/infgain/gaussian_noise__noImbl__standard/GradientBoosting,1780436867126_ba5f39ad17804409565995151,0.9452054794520548,0.6608181818181817,0.572798353909465,0.5969123281496507,0.9289215442092154,0.9452054794520548,0.9349399970978788,0.9452054794520548,0.9452054794520548,0.9452054794520548,0.8241138485616374
8,infgain,standard,gaussian_noise,noImbl,GradientBoosting,last,0.5,0.1,42,2026-06-03 06:56:02,20260603-054739,log/stroke_prediction_v7/8/infgain/gaussian_noise__noImbl__standard/GradientBoosting,1780436867126_ba5f39ad17804409620320254,0.949119373776908,0.4754901960784314,0.4989711934156378,0.4869477911646586,0.9044549326579948,0.949119373776908,0.926249027420838,0.949119373776908,0.949119373776908,0.949119373776908,0.7795189045137939
8,infgain,standard,gaussian_noise,noImbl,LogisticRegression,first,0.1,0.1,42,2026-06-03 06:54:46,20260603-054739,log/stroke_prediction_v7/8/infgain/standard__gaussian_noise__noImbl/LogisticRegression,1780436867126_ba5f39ad17804408862790367,0.8551859099804305,0.5833626347866855,0.7341563786008231,0.603925758337523,0.9383499715127946,0.8551859099804305,0.8885226377168359,0.8551859099804305,0.8551859099804305,0.8551859099804305,0.7915285218903562
8,infgain,standard,gaussian_noise,noImbl,LogisticRegression,first,0.2,0.1,42,2026-06-03 06:54:51,20260603-054739,log/stroke_prediction_v7/8/infgain/standard__gaussian_noise__noImbl/LogisticRegression,1780436867126_ba5f39ad17804408913207903,0.9275929549902152,0.6054928131416838,0.6014814814814814,0.6034356188518573,0.926201593686334,0.9275929549902152,0.9268913157345046,0.9275929549902152,0.9275929549902152,0.9275929549902152,0.8139038110149901
8,infgain,standard,gaussian_noise,noImbl,LogisticRegression,first,0.3,0.1,42,2026-06-03 06:54:56,20260603-054739,log/stroke_prediction_v7/8/infgain/standard__gaussian_noise__noImbl/LogisticRegression,1780436867126_ba5f39ad17804408961909280,0.9510763209393346,0.7264243614931238,0.5189711934156378,0.5244742229666852,0.9306936973998362,0.9510763209393344,0.9308039071927005,0.9510763209393346,0.9510763209393346,0.9510763209393346,0.8163311731305013
8,infgain,standard,gaussian_noise,noImbl,LogisticRegression,first,0.5,0.1,42,2026-06-03 06:55:01,20260603-054739,log/stroke_prediction_v7/8/infgain/standard__gaussian_noise__noImbl/LogisticRegression,1780436867126_ba5f39ad17804409011182553,0.9510763209393346,0.4755381604696673,0.5,0.4874623871614844,0.9045461682515002,0.9510763209393346,0.9272278675557002,0.9510763209393346,0.9510763209393346,0.9510763209393346,0.7806424994554282
8,infgain,standard,gaussian_noise,noImbl,LogisticRegression,last,0.1,0.1,42,2026-06-03 06:55:44,20260603-054739,log/stroke_prediction_v7/8/infgain/gaussian_noise__noImbl__standard/LogisticRegression,1780436867126_ba5f39ad17804409448360590,0.8532289628180039,0.582149071925754,0.733127572016461,0.6019629225736096,0.9381827747785378,0.8532289628180039,0.8872674658067767,0.8532289628180039,0.8532289628180039,0.8532289628180039,0.7900220852563347
8,infgain,standard,gaussian_noise,noImbl,LogisticRegression,last,0.2,0.1,42,2026-06-03 06:55:49,20260603-054739,log/stroke_prediction_v7/8/infgain/gaussian_noise__noImbl__standard/LogisticRegression,1780436867126_ba5f39ad17804409495615016,0.9275929549902152,0.6160586835844568,0.6204526748971194,0.6182023787887967,0.9289504027959048,0.9275929549902152,0.928265543199349,0.9275929549902152,0.9275929549902152,0.9275929549902152,0.819553546422056
8,infgain,standard,gaussian_noise,noImbl,LogisticRegression,last,0.3,0.1,42,2026-06-03 06:55:54,20260603-054739,log/stroke_prediction_v7/8/infgain/gaussian_noise__noImbl__standard/LogisticRegression,1780436867126_ba5f39ad17804409543975642,0.949119373776908,0.6772727272727272,0.5369135802469136,0.5535618279569893,0.927415050702722,0.949119373776908,0.9326720745744168,0.949119373776908,0.949119373776908,0.949119373776908,0.8167429707127102
8,infgain,standard,gaussian_noise,noImbl,LogisticRegression,last,0.5,0.1,42,2026-06-03 06:56:00,20260603-054739,log/stroke_prediction_v7/8/infgain/gaussian_noise__noImbl__standard/LogisticRegression,1780436867126_ba5f39ad17804409602682930,0.9510763209393346,0.4755381604696673,0.5,0.4874623871614844,0.9045461682515002,0.9510763209393346,0.9272278675557002,0.9510763209393346,0.9510763209393346,0.9510763209393346,0.7806424994554282
8,infgain,standard,gaussian_noise,noImbl,XGBmodel,first,0.1,0.1,42,2026-06-03 06:54:45,20260603-054739,log/stroke_prediction_v7/8/infgain/standard__gaussian_noise__noImbl/XGBmodel,1780436867126_ba5f39ad17804408858567125,0.8688845401174168,0.5763023493360572,0.6844444444444444,0.5958853176898289,0.932187283241616,0.8688845401174168,0.8955344642115385,0.8688845401174168,0.8688845401174168,0.8688845401174168,0.7905601910343834
8,infgain,standard,gaussian_noise,noImbl,XGBmodel,first,0.2,0.1,42,2026-06-03 06:54:50,20260603-054739,log/stroke_prediction_v7/8/infgain/standard__gaussian_noise__noImbl/XGBmodel,1780436867126_ba5f39ad17804408909100456,0.9256360078277888,0.5882038488952244,0.5814814814814814,0.5846594798083504,0.9227333656004116,0.9256360078277884,0.9241631070588062,0.9256360078277888,0.9256360078277888,0.9256360078277884,0.8058196607589005
8,infgain,standard,gaussian_noise,noImbl,XGBmodel,first,0.3,0.1,42,2026-06-03 06:54:55,20260603-054739,log/stroke_prediction_v7/8/infgain/standard__gaussian_noise__noImbl/XGBmodel,1780436867126_ba5f39ad17804408958002204,0.943248532289628,0.6021371769383699,0.5338271604938272,0.5459447865919048,0.9198186614170166,0.943248532289628,0.9291184827564454,0.943248532289628,0.943248532289628,0.943248532289628,0.8041372032030251
8,infgain,standard,gaussian_noise,noImbl,XGBmodel,first,0.5,0.1,42,2026-06-03 06:55:00,20260603-054739,log/stroke_prediction_v7/8/infgain/standard__gaussian_noise__noImbl/XGBmodel,1780436867126_ba5f39ad17804409007167178,0.9510763209393346,0.4755381604696673,0.5,0.4874623871614844,0.9045461682515002,0.9510763209393346,0.9272278675557002,0.9510763209393346,0.9510763209393346,0.9510763209393346,0.7806424994554282
8,infgain,standard,gaussian_noise,noImbl,XGBmodel,last,0.1,0.1,42,2026-06-03 06:55:44,20260603-054739,log/stroke_prediction_v7/8/infgain/gaussian_noise__noImbl__standard/XGBmodel,1780436867126_ba5f39ad17804409444215925,0.8669275929549902,0.591324200913242,0.7403292181069958,0.616264687693259,0.939415060450902,0.8669275929549902,0.896060327706959,0.8669275929549902,0.8669275929549902,0.8669275929549902,0.8007266374391425
8,infgain,standard,gaussian_noise,noImbl,XGBmodel,last,0.2,0.1,42,2026-06-03 06:55:49,20260603-054739,log/stroke_prediction_v7/8/infgain/gaussian_noise__noImbl__standard/XGBmodel,1780436867126_ba5f39ad17804409491635967,0.9334637964774952,0.6337312900926586,0.6235390946502057,0.6283795345653661,0.9308854523365504,0.9334637964774952,0.9321459378947212,0.9334637964774952,0.9334637964774952,0.9334637964774952,0.8262799231679524
8,infgain,standard,gaussian_noise,noImbl,XGBmodel,last,0.3,0.1,42,2026-06-03 06:55:53,20260603-054739,log/stroke_prediction_v7/8/infgain/gaussian_noise__noImbl__standard/XGBmodel,1780436867126_ba5f39ad17804409539899217,0.9510763209393346,0.7291252485089463,0.5758847736625514,0.6085730918895732,0.935831196772399,0.9510763209393344,0.9388952437555566,0.9510763209393346,0.9510763209393346,0.9510763209393346,0.8366349006168928
8,infgain,standard,gaussian_noise,noImbl,XGBmodel,last,0.5,0.1,42,2026-06-03 06:55:59,20260603-054739,log/stroke_prediction_v7/8/infgain/gaussian_noise__noImbl__standard/XGBmodel,1780436867126_ba5f39ad17804409598419333,0.9530332681017613,0.976470588235294,0.52,0.5264133456904542,0.9552434672499136,0.9530332681017613,0.9319221791576966,0.9530332681017613,0.9530332681017613,0.9530332681017613,0.8451350415164477
8,infgain,standard,gaussian_noise,noImbl,random_forest,first,0.1,0.1,42,2026-06-03 06:54:45,20260603-054739,log/stroke_prediction_v7/8/infgain/standard__gaussian_noise__noImbl/random_forest,1780436867126_ba5f39ad17804408856562224,0.8395303326810176,0.5534165494608532,0.6500411522633744,0.561106921401039,0.9270665609750056,0.8395303326810176,0.876471030983521,0.8395303326810176,0.8395303326810176,0.8395303326810175,0.7645012522000143
8,infgain,standard,gaussian_noise,noImbl,random_forest,first,0.2,0.1,42,2026-06-03 06:54:50,20260603-054739,log/stroke_prediction_v7/8/infgain/standard__gaussian_noise__noImbl/random_forest,1780436867126_ba5f39ad17804408907087884,0.9060665362035224,0.5756072528224427,0.6091358024691358,0.5879032258064516,0.924215329798822,0.9060665362035224,0.9145697872609052,0.9060665362035224,0.9060665362035224,0.9060665362035226,0.7986934049505525
8,infgain,standard,gaussian_noise,noImbl,random_forest,first,0.3,0.1,42,2026-06-03 06:54:55,20260603-054739,log/stroke_prediction_v7/8/infgain/standard__gaussian_noise__noImbl/random_forest,1780436867126_ba5f39ad17804408956199748,0.929549902152642,0.5839216944801026,0.5645679012345679,0.5725041829336307,0.9207813218311396,0.929549902152642,0.9249625909849456,0.929549902152642,0.929549902152642,0.929549902152642,0.8033670687034241
8,infgain,standard,gaussian_noise,noImbl,random_forest,first,0.5,0.1,42,2026-06-03 06:55:00,20260603-054739,log/stroke_prediction_v7/8/infgain/standard__gaussian_noise__noImbl/random_forest,1780436867126_ba5f39ad17804409005388371,0.9452054794520548,0.6200396825396826,0.5348559670781893,0.5483585858585859,0.9216522225328488,0.9452054794520548,0.9302926525529264,0.9452054794520548,0.9452054794520548,0.9452054794520548,0.8075346647576206
8,infgain,standard,gaussian_noise,noImbl,random_forest,last,0.1,0.1,42,2026-06-03 06:55:44,20260603-054739,log/stroke_prediction_v7/8/infgain/gaussian_noise__noImbl__standard/random_forest,1780436867126_ba5f39ad17804409442314822,0.8493150684931506,0.5640048396854205,0.6741563786008231,0.5770094924801926,0.9303781418591353,0.8493150684931506,0.8831872255093967,0.8493150684931506,0.8493150684931506,0.8493150684931505,0.7756094711102364
8,infgain,standard,gaussian_noise,noImbl,random_forest,last,0.2,0.1,42,2026-06-03 06:55:48,20260603-054739,log/stroke_prediction_v7/8/infgain/gaussian_noise__noImbl__standard/random_forest,1780436867126_ba5f39ad17804409489788090,0.9021526418786692,0.5504201680672269,0.5691358024691358,0.5573458073458073,0.9181042279925667,0.9021526418786692,0.9097980262363824,0.9021526418786692,0.9021526418786692,0.9021526418786692,0.7846986516416887
8,infgain,standard,gaussian_noise,noImbl,random_forest,last,0.3,0.1,42,2026-06-03 06:55:53,20260603-054739,log/stroke_prediction_v7/8/infgain/gaussian_noise__noImbl__standard/random_forest,1780436867126_ba5f39ad17804409537979616,0.9275929549902152,0.5786150712830957,0.5635390946502058,0.5699533720004548,0.9201836580962212,0.9275929549902152,0.92375562040878,0.9275929549902152,0.9275929549902152,0.9275929549902152,0.8013273132604234
8,infgain,standard,gaussian_noise,noImbl,random_forest,last,0.5,0.1,42,2026-06-03 06:55:59,20260603-054739,log/stroke_prediction_v7/8/infgain/gaussian_noise__noImbl__standard/random_forest,1780436867126_ba5f39ad17804409596015614,0.943248532289628,0.6021371769383699,0.5338271604938272,0.5459447865919048,0.9198186614170166,0.943248532289628,0.9291184827564454,0.943248532289628,0.943248532289628,0.943248532289628,0.8041372032030251
8,infgain,standard,noAug,ADASYN,BalancedRandomForest,first,0.1,0.1,42,2026-06-03 06:56:46,20260603-054739,log/stroke_prediction_v7/8/infgain/standard__noAug__ADASYN/BalancedRandomForest,1780436867126_ba5f39ad17804410065561915,0.6203522504892368,0.5395687442567889,0.7055555555555556,0.4623736387695778,0.9400117160111812,0.6203522504892368,0.7252911117037394,0.6203522504892368,0.6203522504892368,0.6203522504892368,0.6448042143490448
8,infgain,standard,noAug,ADASYN,BalancedRandomForest,first,0.2,0.1,42,2026-06-03 06:56:52,20260603-054739,log/stroke_prediction_v7/8/infgain/standard__noAug__ADASYN/BalancedRandomForest,1780436867126_ba5f39ad17804410120767628,0.7573385518590998,0.5533277638540797,0.7206584362139918,0.5358356774496015,0.9372011241410768,0.7573385518590998,0.825107136664272,0.7573385518590998,0.7573385518590998,0.7573385518590998,0.7281955752816356
8,infgain,standard,noAug,ADASYN,BalancedRandomForest,first,0.3,0.1,42,2026-06-03 06:56:57,20260603-054739,log/stroke_prediction_v7/8/infgain/standard__noAug__ADASYN/BalancedRandomForest,1780436867126_ba5f39ad17804410177069486,0.8160469667318982,0.5437728937728938,0.6376954732510288,0.5429512065159473,0.9252876282230492,0.8160469667318982,0.8616781570464622,0.8160469667318982,0.8160469667318982,0.8160469667318982,0.7477887907518177
8,infgain,standard,noAug,ADASYN,BalancedRandomForest,first,0.5,0.1,42,2026-06-03 06:57:03,20260603-054739,log/stroke_prediction_v7/8/infgain/standard__noAug__ADASYN/BalancedRandomForest,1780436867126_ba5f39ad17804410232807352,0.8923679060665362,0.5686769518466573,0.6209053497942387,0.5837591267901837,0.924814254699555,0.8923679060665362,0.9070969614410892,0.8923679060665362,0.8923679060665362,0.8923679060665362,0.7920152312953502
8,infgain,standard,noAug,ADASYN,BalancedRandomForest,last,0.1,0.1,42,2026-06-03 06:57:50,20260603-054739,log/stroke_prediction_v7/8/infgain/noAug__ADASYN__standard/BalancedRandomForest,1780436867126_ba5f39ad17804410703743946,0.6281800391389433,0.5406105531643551,0.7096707818930041,0.4670070267896354,0.940308900038465,0.6281800391389433,0.7314225381527346,0.6281800391389433,0.6281800391389433,0.6281800391389433,0.6500954739065152
8,infgain,standard,noAug,ADASYN,BalancedRandomForest,last,0.2,0.1,42,2026-06-03 06:57:56,20260603-054739,log/stroke_prediction_v7/8/infgain/noAug__ADASYN__standard/BalancedRandomForest,1780436867126_ba5f39ad17804410762557781,0.7749510763209393,0.5267513035592837,0.5971193415637861,0.5092488204100379,0.9199475071438996,0.7749510763209393,0.8350167458752654,0.7749510763209393,0.7749510763209393,0.7749510763209393,0.7160020806978681
8,infgain,standard,noAug,ADASYN,BalancedRandomForest,last,0.3,0.1,42,2026-06-03 06:58:01,20260603-054739,log/stroke_prediction_v7/8/infgain/noAug__ADASYN__standard/BalancedRandomForest,1780436867126_ba5f39ad17804410810129376,0.8532289628180039,0.5272289675982469,0.5623868312757201,0.5288585653697215,0.9155648792166136,0.8532289628180039,0.8815348701425001,0.8532289628180039,0.8532289628180039,0.8532289628180039,0.7533686682630927
8,infgain,standard,noAug,ADASYN,BalancedRandomForest,last,0.5,0.1,42,2026-06-03 06:58:05,20260603-054739,log/stroke_prediction_v7/8/infgain/noAug__ADASYN__standard/BalancedRandomForest,1780436867126_ba5f39ad17804410859512457,0.9119373776908024,0.5180527036276522,0.5173662551440329,0.5176919688738804,0.9102359320145036,0.9119373776908024,0.911084032650073,0.9119373776908024,0.9119373776908024,0.9119373776908022,0.7736568403835327
8,infgain,standard,noAug,ADASYN,GradientBoosting,first,0.1,0.1,42,2026-06-03 06:56:43,20260603-054739,log/stroke_prediction_v7/8/infgain/standard__noAug__ADASYN/GradientBoosting,1780436867126_ba5f39ad17804410036120487,0.50293542074364,0.530412054120541,0.662798353909465,0.3960148164693619,0.939016182725428,0.50293542074364,0.6252724842388603,0.50293542074364,0.50293542074364,0.50293542074364,0.5675899224792326
8,infgain,standard,noAug,ADASYN,GradientBoosting,first,0.2,0.1,42,2026-06-03 06:56:49,20260603-054739,log/stroke_prediction_v7/8/infgain/standard__noAug__ADASYN/GradientBoosting,1780436867126_ba5f39ad17804410090812030,0.5733855185909981,0.5374344742522356,0.699835390946502,0.4377246113466586,0.9416645093783208,0.5733855185909981,0.6868866760464215,0.5733855185909981,0.5733855185909981,0.5733855185909981,0.615939338003067
8,infgain,standard,noAug,ADASYN,GradientBoosting,first,0.3,0.1,42,2026-06-03 06:56:54,20260603-054739,log/stroke_prediction_v7/8/infgain/standard__noAug__ADASYN/GradientBoosting,1780436867126_ba5f39ad17804410147154028,0.6360078277886497,0.5345387823725306,0.675843621399177,0.464831081081081,0.9343441664480084,0.6360078277886497,0.7378846458983446,0.6360078277886497,0.6360078277886497,0.6360078277886497,0.6492831471843451
8,infgain,standard,noAug,ADASYN,GradientBoosting,first,0.5,0.1,42,2026-06-03 06:57:00,20260603-054739,log/stroke_prediction_v7/8/infgain/standard__noAug__ADASYN/GradientBoosting,1780436867126_ba5f39ad17804410202702390,0.7495107632093934,0.5346807906165022,0.6406584362139918,0.5106828655215752,0.9261298711118492,0.7495107632093934,0.8190852768215308,0.7495107632093934,0.7495107632093934,0.7495107632093934,0.7094164364294574
8,infgain,standard,noAug,ADASYN,GradientBoosting,last,0.1,0.1,42,2026-06-03 06:57:47,20260603-054739,log/stroke_prediction_v7/8/infgain/noAug__ADASYN__standard/GradientBoosting,1780436867126_ba5f39ad17804410679755574,0.4422700587084148,0.5327036505659174,0.6688477366255144,0.3632635394213911,0.9454747975590726,0.4422700587084148,0.565608013817602,0.4422700587084148,0.4422700587084148,0.4422700587084148,0.5309413749442653
8,infgain,standard,noAug,ADASYN,GradientBoosting,last,0.2,0.1,42,2026-06-03 06:57:53,20260603-054739,log/stroke_prediction_v7/8/infgain/noAug__ADASYN__standard/GradientBoosting,1780436867126_ba5f39ad17804410732311347,0.62426614481409,0.5329713390058217,0.6696707818930041,0.4580405674134959,0.9337990102211708,0.62426614481409,0.7288179214123435,0.62426614481409,0.62426614481409,0.62426614481409,0.6413793443615114
8,infgain,standard,noAug,ADASYN,GradientBoosting,last,0.3,0.1,42,2026-06-03 06:57:58,20260603-054739,log/stroke_prediction_v7/8/infgain/noAug__ADASYN__standard/GradientBoosting,1780436867126_ba5f39ad17804410786359992,0.7592954990215264,0.532470816300729,0.6268312757201646,0.5113469387755102,0.9241044445190346,0.7592954990215264,0.8253697032629099,0.7592954990215264,0.7592954990215264,0.7592954990215265,0.7125663495683663
8,infgain,standard,noAug,ADASYN,GradientBoosting,last,0.5,0.1,42,2026-06-03 06:58:03,20260603-054739,log/stroke_prediction_v7/8/infgain/noAug__ADASYN__standard/GradientBoosting,1780436867126_ba5f39ad17804410834446051,0.8923679060665362,0.5304328474463114,0.5450205761316872,0.5348163596338779,0.914000806121998,0.892367906066536,0.9027432857621268,0.8923679060665362,0.8923679060665362,0.8923679060665362,0.7715265322060146
8,infgain,standard,noAug,ADASYN,LogisticRegression,first,0.1,0.1,42,2026-06-03 06:56:42,20260603-054739,log/stroke_prediction_v7/8/infgain/standard__noAug__ADASYN/LogisticRegression,1780436867126_ba5f39ad17804410024525189,0.4696673189823874,0.5422297297297297,0.7211934156378601,0.3845863274983224,0.9552083884275666,0.4696673189823874,0.5910196805201855,0.4696673189823874,0.4696673189823874,0.4696673189823874,0.5560709821752466
8,infgain,standard,noAug,ADASYN,LogisticRegression,first,0.2,0.1,42,2026-06-03 06:56:47,20260603-054739,log/stroke_prediction_v7/8/infgain/standard__noAug__ADASYN/LogisticRegression,1780436867126_ba5f39ad17804410079029032,0.5949119373776908,0.5363945260139031,0.6921810699588478,0.4474232728222541,0.9390292519647404,0.5949119373776908,0.7049697666103462,0.5949119373776908,0.5949119373776908,0.5949119373776908,0.6275842156597156
8,infgain,standard,noAug,ADASYN,LogisticRegression,first,0.3,0.1,42,2026-06-03 06:56:53,20260603-054739,log/stroke_prediction_v7/8/infgain/standard__noAug__ADASYN/LogisticRegression,1780436867126_ba5f39ad17804410134263269,0.6516634050880626,0.5367494824016563,0.6840740740740741,0.4739636346812251,0.9350601467507792,0.6516634050880626,0.7497871840332524,0.6516634050880626,0.6516634050880626,0.6516634050880626,0.6598163551650476
8,infgain,standard,noAug,ADASYN,LogisticRegression,first,0.5,0.1,42,2026-06-03 06:56:59,20260603-054739,log/stroke_prediction_v7/8/infgain/standard__noAug__ADASYN/LogisticRegression,1780436867126_ba5f39ad17804410190842646,0.7710371819960861,0.5486219393990476,0.689917695473251,0.5351836734693878,0.9326422646321364,0.7710371819960861,0.8338882543232558,0.7710371819960861,0.7710371819960861,0.7710371819960861,0.7308938519177743
8,infgain,standard,noAug,ADASYN,LogisticRegression,last,0.1,0.1,42,2026-06-03 06:57:46,20260603-054739,log/stroke_prediction_v7/8/infgain/noAug__ADASYN__standard/LogisticRegression,1780436867126_ba5f39ad17804410667922330,0.4540117416829745,0.5335939968404423,0.6750205761316872,0.3706257587462752,0.9458121949032812,0.4540117416829745,0.5772974691431484,0.4540117416829745,0.4540117416829745,0.4540117416829745,0.5392358576441443
8,infgain,standard,noAug,ADASYN,LogisticRegression,last,0.2,0.1,42,2026-06-03 06:57:51,20260603-054739,log/stroke_prediction_v7/8/infgain/noAug__ADASYN__standard/LogisticRegression,1780436867126_ba5f39ad17804410718376963,0.639921722113503,0.5422384357685864,0.715843621399177,0.4739974937343358,0.9407516659013868,0.639921722113503,0.7405168989008726,0.639921722113503,0.639921722113503,0.639921722113503,0.6580292200475975
8,infgain,standard,noAug,ADASYN,LogisticRegression,last,0.3,0.1,42,2026-06-03 06:57:57,20260603-054739,log/stroke_prediction_v7/8/infgain/noAug__ADASYN__standard/LogisticRegression,1780436867126_ba5f39ad17804410775192939,0.6986301369863014,0.536832298136646,0.6708230452674897,0.4939162422184493,0.9314820532143768,0.6986301369863014,0.7842950283353102,0.6986301369863014,0.6986301369863014,0.6986301369863014,0.6850974850394355
8,infgain,standard,noAug,ADASYN,LogisticRegression,last,0.5,0.1,42,2026-06-03 06:58:02,20260603-054739,log/stroke_prediction_v7/8/infgain/noAug__ADASYN__standard/LogisticRegression,1780436867126_ba5f39ad17804410822653723,0.8512720156555773,0.5705906996229577,0.6941563786008231,0.5861466325660698,0.9330391217267046,0.8512720156555773,0.8849798883222139,0.8512720156555773,0.8512720156555773,0.8512720156555773,0.7809564043905219
8,infgain,standard,noAug,ADASYN,XGBmodel,first,0.1,0.1,42,2026-06-03 06:56:42,20260603-054739,log/stroke_prediction_v7/8/infgain/standard__noAug__ADASYN/XGBmodel,1780436867126_ba5f39ad17804410022047657,0.5636007827788649,0.5328592975651799,0.6757201646090536,0.4291418065595615,0.9377685742368602,0.5636007827788649,0.6790836938059279,0.5636007827788649,0.5636007827788649,0.5636007827788649,0.6063089418074787
8,infgain,standard,noAug,ADASYN,XGBmodel,first,0.2,0.1,42,2026-06-03 06:56:47,20260603-054739,log/stroke_prediction_v7/8/infgain/standard__noAug__ADASYN/XGBmodel,1780436867126_ba5f39ad17804410076558842,0.6320939334637965,0.5340081819353175,0.6737860082304526,0.462562656641604,0.9341633275515012,0.6320939334637965,0.7348759619204568,0.6320939334637965,0.6320939334637965,0.6320939334637965,0.6466491179415547
8,infgain,standard,noAug,ADASYN,XGBmodel,first,0.3,0.1,42,2026-06-03 06:56:53,20260603-054739,log/stroke_prediction_v7/8/infgain/standard__noAug__ADASYN/XGBmodel,1780436867126_ba5f39ad17804410131770593,0.6790606653620352,0.5335483316133471,0.6605349794238683,0.4823590453130404,0.930478425448526,0.6790606653620352,0.7702303051307756,0.6790606653620352,0.6790606653620352,0.6790606653620352,0.6719688423599606
8,infgain,standard,noAug,ADASYN,XGBmodel,first,0.5,0.1,42,2026-06-03 06:56:58,20260603-054739,log/stroke_prediction_v7/8/infgain/standard__noAug__ADASYN/XGBmodel,1780436867126_ba5f39ad17804410188373822,0.7749510763209393,0.5408446093408991,0.6540329218106996,0.5269318392220317,0.9276656891896392,0.7749510763209393,0.8359504022020221,0.7749510763209393,0.7749510763209393,0.7749510763209393,0.7266670887761075
8,infgain,standard,noAug,ADASYN,XGBmodel,last,0.1,0.1,42,2026-06-03 06:57:46,20260603-054739,log/stroke_prediction_v7/8/infgain/noAug__ADASYN__standard/XGBmodel,1780436867126_ba5f39ad17804410665180343,0.50293542074364,0.5232854423773561,0.6248559670781892,0.3910958904109589,0.9311706586009731,0.50293542074364,0.626520655175187,0.50293542074364,0.50293542074364,0.50293542074364,0.5617478569410296
8,infgain,standard,noAug,ADASYN,XGBmodel,last,0.2,0.1,42,2026-06-03 06:57:51,20260603-054739,log/stroke_prediction_v7/8/infgain/noAug__ADASYN__standard/XGBmodel,1780436867126_ba5f39ad17804410715057003,0.6947162426614482,0.5284001572327044,0.6308230452674897,0.4830081975718584,0.9256629312360768,0.6947162426614482,0.781471221383176,0.6947162426614482,0.6947162426614482,0.6947162426614482,0.6760470232814614
8,infgain,standard,noAug,ADASYN,XGBmodel,last,0.3,0.1,42,2026-06-03 06:57:57,20260603-054739,log/stroke_prediction_v7/8/infgain/noAug__ADASYN__standard/XGBmodel,1780436867126_ba5f39ad17804410772642585,0.7788649706457925,0.5226997437689261,0.5802057613168724,0.5052903933311058,0.9176568326994794,0.7788649706457925,0.8371795515997127,0.7788649706457925,0.7788649706457925,0.7788649706457925,0.7149727137764674
8,infgain,standard,noAug,ADASYN,XGBmodel,last,0.5,0.1,42,2026-06-03 06:58:02,20260603-054739,log/stroke_prediction_v7/8/infgain/noAug__ADASYN__standard/XGBmodel,1780436867126_ba5f39ad17804410820010713,0.8962818003913894,0.5210568504131212,0.5281069958847736,0.5233292852491331,0.9115279608871204,0.8962818003913893,0.9037078460468768,0.8962818003913894,0.8962818003913894,0.8962818003913894,0.7686374705694587
8,infgain,standard,noAug,ADASYN,random_forest,first,0.1,0.1,42,2026-06-03 06:56:41,20260603-054739,log/stroke_prediction_v7/8/infgain/standard__noAug__ADASYN/random_forest,1780436867126_ba5f39ad17804410019846681,0.6066536203522505,0.5378217200251099,0.6983539094650206,0.4543063738902673,0.93948635357969,0.6066536203522505,0.7144251909975794,0.6066536203522505,0.6066536203522505,0.6066536203522505,0.6355373811810591
8,infgain,standard,noAug,ADASYN,random_forest,first,0.2,0.1,42,2026-06-03 06:56:47,20260603-054739,log/stroke_prediction_v7/8/infgain/standard__noAug__ADASYN/random_forest,1780436867126_ba5f39ad17804410074524331,0.7455968688845401,0.5503983909646476,0.714485596707819,0.5279009608277901,0.9366065382653792,0.7455968688845401,0.8171165620213399,0.7455968688845401,0.7455968688845401,0.7455968688845401,0.72014042857497
8,infgain,standard,noAug,ADASYN,random_forest,first,0.3,0.1,42,2026-06-03 06:56:52,20260603-054739,log/stroke_prediction_v7/8/infgain/standard__noAug__ADASYN/random_forest,1780436867126_ba5f39ad17804410129799864,0.812133072407045,0.552517555655162,0.6735802469135803,0.553224043715847,0.93006567307667,0.812133072407045,0.8600545378717397,0.812133072407045,0.812133072407045,0.812133072407045,0.752461363765497
8,infgain,standard,noAug,ADASYN,random_forest,first,0.5,0.1,42,2026-06-03 06:56:58,20260603-054739,log/stroke_prediction_v7/8/infgain/standard__noAug__ADASYN/random_forest,1780436867126_ba5f39ad17804410186267158,0.8864970645792564,0.5632343846629561,0.6178189300411522,0.57751739080853,0.9240675455380516,0.8864970645792563,0.9034661999808524,0.8864970645792564,0.8864970645792564,0.8864970645792564,0.7872584504743257
8,infgain,standard,noAug,ADASYN,random_forest,last,0.1,0.1,42,2026-06-03 06:57:46,20260603-054739,log/stroke_prediction_v7/8/infgain/noAug__ADASYN__standard/random_forest,1780436867126_ba5f39ad17804410663069494,0.6183953033268101,0.54283933867609,0.7234979423868313,0.4644037732806579,0.9431991053885262,0.6183953033268101,0.7234917125188922,0.6183953033268101,0.6183953033268101,0.6183953033268101,0.6464960828458012
8,infgain,standard,noAug,ADASYN,random_forest,last,0.2,0.1,42,2026-06-03 06:57:51,20260603-054739,log/stroke_prediction_v7/8/infgain/noAug__ADASYN__standard/random_forest,1780436867126_ba5f39ad17804410712476217,0.7671232876712328,0.5249679614653763,0.5930041152263374,0.5045585275833693,0.9194329981470012,0.7671232876712328,0.8299412007030067,0.7671232876712328,0.7671232876712328,0.7671232876712328,0.7107647817953209
8,infgain,standard,noAug,ADASYN,random_forest,last,0.3,0.1,42,2026-06-03 06:57:57,20260603-054739,log/stroke_prediction_v7/8/infgain/noAug__ADASYN__standard/random_forest,1780436867126_ba5f39ad17804410770552743,0.8454011741682974,0.5166911353467563,0.5393004115226337,0.5138432265134818,0.9123447329883504,0.8454011741682974,0.8760427854444532,0.8454011741682974,0.8454011741682974,0.8454011741682974,0.743476999446783
8,infgain,standard,noAug,ADASYN,random_forest,last,0.5,0.1,42,2026-06-03 06:58:01,20260603-054739,log/stroke_prediction_v7/8/infgain/noAug__ADASYN__standard/random_forest,1780436867126_ba5f39ad17804410817871821,0.9197651663405088,0.5265784114052954,0.5214814814814814,0.5234618446491527,0.9114172522229884,0.9197651663405086,0.9155129847772968,0.9197651663405088,0.9197651663405088,0.9197651663405088,0.7797000054611473
8,infgain,standard,noAug,RandomOverSampler,BalancedRandomForest,first,0.1,0.1,42,2026-06-03 06:58:47,20260603-054739,log/stroke_prediction_v7/8/infgain/standard__noAug__RandomOverSampler/BalancedRandomForest,1780436867126_ba5f39ad17804411273967184,0.8258317025440313,0.577049463853338,0.7566666666666667,0.5887119382873474,0.941140295714956,0.8258317025440313,0.8704444416954179,0.8258317025440313,0.8258317025440313,0.8258317025440313,0.7766917806385232
8,infgain,standard,noAug,RandomOverSampler,BalancedRandomForest,first,0.2,0.1,42,2026-06-03 06:58:51,20260603-054739,log/stroke_prediction_v7/8/infgain/standard__noAug__RandomOverSampler/BalancedRandomForest,1780436867126_ba5f39ad17804411314019328,0.8904109589041096,0.5745207173778601,0.6388477366255144,0.5920857566427187,0.9271245947231408,0.8904109589041096,0.9067949517056504,0.8904109589041096,0.8904109589041096,0.8904109589041096,0.7950457946865505
8,infgain,standard,noAug,RandomOverSampler,BalancedRandomForest,first,0.3,0.1,42,2026-06-03 06:58:55,20260603-054739,log/stroke_prediction_v7/8/infgain/standard__noAug__RandomOverSampler/BalancedRandomForest,1780436867126_ba5f39ad17804411354326844,0.913894324853229,0.552379859198041,0.5563374485596708,0.5542426645519429,0.9170585652528368,0.913894324853229,0.9154614344841714,0.913894324853229,0.913894324853229,0.913894324853229,0.7885909320977633
8,infgain,standard,noAug,RandomOverSampler,BalancedRandomForest,first,0.5,0.1,42,2026-06-03 06:58:59,20260603-054739,log/stroke_prediction_v7/8/infgain/standard__noAug__RandomOverSampler/BalancedRandomForest,1780436867126_ba5f39ad17804411395025399,0.9354207436399216,0.5260479041916168,0.5107407407407408,0.5118541033434649,0.910408146524954,0.9354207436399218,0.9220730553952854,0.9354207436399216,0.9354207436399216,0.9354207436399216,0.7839770504125121
8,infgain,standard,noAug,RandomOverSampler,BalancedRandomForest,last,0.1,0.1,42,2026-06-03 06:59:35,20260603-054739,log/stroke_prediction_v7/8/infgain/noAug__RandomOverSampler__standard/BalancedRandomForest,1780436867126_ba5f39ad17804411750556027,0.6927592954990215,0.5433673469387755,0.705679012345679,0.4985718482221541,0.936908422860338,0.6927592954990215,0.7800825815386192,0.6927592954990215,0.6927592954990215,0.6927592954990215,0.6874973608782037
8,infgain,standard,noAug,RandomOverSampler,BalancedRandomForest,last,0.2,0.1,42,2026-06-03 06:59:39,20260603-054739,log/stroke_prediction_v7/8/infgain/noAug__RandomOverSampler__standard/BalancedRandomForest,1780436867126_ba5f39ad17804411790527729,0.8277886497064579,0.5247172182656054,0.5679835390946502,0.5208013640238703,0.9160783664287232,0.8277886497064579,0.8668188180573003,0.8277886497064579,0.8277886497064579,0.8277886497064578,0.7401363995736565
8,infgain,standard,noAug,RandomOverSampler,BalancedRandomForest,last,0.3,0.1,42,2026-06-03 06:59:43,20260603-054739,log/stroke_prediction_v7/8/infgain/noAug__RandomOverSampler__standard/BalancedRandomForest,1780436867126_ba5f39ad17804411830645533,0.8806262230919765,0.5328424497428705,0.5578189300411522,0.5383510315309311,0.9154876037140828,0.8806262230919764,0.89696208450739,0.8806262230919765,0.8806262230919765,0.8806262230919764,0.768162354992349
8,infgain,standard,noAug,RandomOverSampler,BalancedRandomForest,last,0.5,0.1,42,2026-06-03 06:59:47,20260603-054739,log/stroke_prediction_v7/8/infgain/noAug__RandomOverSampler__standard/BalancedRandomForest,1780436867126_ba5f39ad17804411871006844,0.9256360078277888,0.4748995983935743,0.4866255144032922,0.4806910569105692,0.9033315257114564,0.9256360078277888,0.9143477638298888,0.9256360078277888,0.9256360078277888,0.9256360078277884,0.7659958900930164
8,infgain,standard,noAug,RandomOverSampler,GradientBoosting,first,0.1,0.1,42,2026-06-03 06:58:45,20260603-054739,log/stroke_prediction_v7/8/infgain/standard__noAug__RandomOverSampler/GradientBoosting,1780436867126_ba5f39ad17804411253647684,0.5283757338551859,0.5363315966901624,0.6951440329218107,0.4136923040300888,0.9438485707928486,0.5283757338551859,0.6476262029211055,0.5283757338551859,0.5283757338551859,0.5283757338551859,0.5880804896252356
8,infgain,standard,noAug,RandomOverSampler,GradientBoosting,first,0.2,0.1,42,2026-06-03 06:58:49,20260603-054739,log/stroke_prediction_v7/8/infgain/standard__noAug__RandomOverSampler/GradientBoosting,1780436867126_ba5f39ad17804411293873511,0.5968688845401174,0.5401407573492776,0.7121810699588478,0.4516024839543219,0.9424740901950804,0.5968688845401174,0.7062329427758114,0.5968688845401174,0.5968688845401174,0.5968688845401174,0.6319024595758875
8,infgain,standard,noAug,RandomOverSampler,GradientBoosting,first,0.3,0.1,42,2026-06-03 06:58:53,20260603-054739,log/stroke_prediction_v7/8/infgain/standard__noAug__RandomOverSampler/GradientBoosting,1780436867126_ba5f39ad17804411333993329,0.675146771037182,0.5440364811200108,0.7153909465020576,0.491670262236924,0.9390812108704416,0.675146771037182,0.7671838471128813,0.675146771037182,0.675146771037182,0.675146771037182,0.6787376886665946
8,infgain,standard,noAug,RandomOverSampler,GradientBoosting,first,0.5,0.1,42,2026-06-03 06:58:57,20260603-054739,log/stroke_prediction_v7/8/infgain/standard__noAug__RandomOverSampler/GradientBoosting,1780436867126_ba5f39ad17804411374356978,0.8160469667318982,0.5636216534274787,0.7135802469135802,0.5686292118686687,0.9354046228630616,0.8160469667318982,0.863356821666986,0.8160469667318982,0.8160469667318982,0.8160469667318982,0.7624773440435194
8,infgain,standard,noAug,RandomOverSampler,GradientBoosting,last,0.1,0.1,42,2026-06-03 06:59:32,20260603-054739,log/stroke_prediction_v7/8/infgain/noAug__RandomOverSampler__standard/GradientBoosting,1780436867126_ba5f39ad17804411729753026,0.3816046966731898,0.5366568914956011,0.6748971193415638,0.3274523523923764,0.9546631009291194,0.3816046966731898,0.4996194607610316,0.3816046966731898,0.3816046966731898,0.3816046966731898,0.4933243618189155
8,infgain,standard,noAug,RandomOverSampler,GradientBoosting,last,0.2,0.1,42,2026-06-03 06:59:37,20260603-054739,log/stroke_prediction_v7/8/infgain/noAug__RandomOverSampler__standard/GradientBoosting,1780436867126_ba5f39ad17804411770218698,0.436399217221135,0.5360852090032154,0.6847325102880658,0.3615160349854227,0.950096400098162,0.436399217221135,0.5587797321892134,0.436399217221135,0.436399217221135,0.436399217221135,0.5296954639035937
8,infgain,standard,noAug,RandomOverSampler,GradientBoosting,last,0.3,0.1,42,2026-06-03 06:59:41,20260603-054739,log/stroke_prediction_v7/8/infgain/noAug__RandomOverSampler__standard/GradientBoosting,1780436867126_ba5f39ad17804411810325136,0.50293542074364,0.541184547502237,0.7197119341563786,0.4030813097866078,0.9512507669374292,0.50293542074364,0.6233336789310663,0.50293542074364,0.50293542074364,0.50293542074364,0.5763511414647114
8,infgain,standard,noAug,RandomOverSampler,GradientBoosting,last,0.5,0.1,42,2026-06-03 06:59:45,20260603-054739,log/stroke_prediction_v7/8/infgain/noAug__RandomOverSampler__standard/GradientBoosting,1780436867126_ba5f39ad17804411850402576,0.675146771037182,0.5512794882047181,0.7533333333333333,0.4989959364959365,0.9450920218996548,0.675146771037182,0.7670010015900426,0.675146771037182,0.675146771037182,0.675146771037182,0.6849287334715403
8,infgain,standard,noAug,RandomOverSampler,LogisticRegression,first,0.1,0.1,42,2026-06-03 06:58:44,20260603-054739,log/stroke_prediction_v7/8/infgain/standard__noAug__RandomOverSampler/LogisticRegression,1780436867126_ba5f39ad17804411244620509,0.3483365949119373,0.5349162011173184,0.6574074074074074,0.3047107711543411,0.9544927789742972,0.3483365949119373,0.4618319020313087,0.3483365949119373,0.3483365949119373,0.3483365949119373,0.4689976776925246
8,infgain,standard,noAug,RandomOverSampler,LogisticRegression,first,0.2,0.1,42,2026-06-03 06:58:48,20260603-054739,log/stroke_prediction_v7/8/infgain/standard__noAug__RandomOverSampler/LogisticRegression,1780436867126_ba5f39ad17804411284990375,0.5244618395303327,0.5288782669975794,0.6551440329218108,0.4062600113801001,0.93607287947773,0.5244618395303327,0.6452558130347371,0.5244618395303327,0.5244618395303327,0.5244618395303327,0.5795216274140705
8,infgain,standard,noAug,RandomOverSampler,LogisticRegression,first,0.3,0.1,42,2026-06-03 06:58:52,20260603-054739,log/stroke_prediction_v7/8/infgain/standard__noAug__RandomOverSampler/LogisticRegression,1780436867126_ba5f39ad17804411324857504,0.598825831702544,0.5368634801624492,0.694238683127572,0.4497150211435926,0.9391824105847548,0.598825831702544,0.7081363883153092,0.598825831702544,0.598825831702544,0.598825831702544,0.6302365014873302
8,infgain,standard,noAug,RandomOverSampler,LogisticRegression,first,0.5,0.1,42,2026-06-03 06:58:56,20260603-054739,log/stroke_prediction_v7/8/infgain/standard__noAug__RandomOverSampler/LogisticRegression,1780436867126_ba5f39ad17804411365182995,0.7436399217221135,0.5577978353012412,0.7513991769547326,0.5356382277655611,0.94198259691569,0.7436399217221135,0.8160147801455921,0.7436399217221135,0.7436399217221135,0.7436399217221134,0.7253218807926846
8,infgain,standard,noAug,RandomOverSampler,LogisticRegression,last,0.1,0.1,42,2026-06-03 06:59:32,20260603-054739,log/stroke_prediction_v7/8/infgain/noAug__RandomOverSampler__standard/LogisticRegression,1780436867126_ba5f39ad17804411720633640,0.1330724070450097,0.5267094017094017,0.544238683127572,0.1319953833824775,0.953689765333601,0.1330724070450097,0.1595791560728861,0.1330724070450097,0.1330724070450097,0.1330724070450097,0.2994289287533658
8,infgain,standard,noAug,RandomOverSampler,LogisticRegression,last,0.2,0.1,42,2026-06-03 06:59:36,20260603-054739,log/stroke_prediction_v7/8/infgain/noAug__RandomOverSampler__standard/LogisticRegression,1780436867126_ba5f39ad17804411760994439,0.299412915851272,0.5326370757180157,0.6316872427983539,0.2697435651785144,0.9542697725751484,0.299412915851272,0.4025355133352257,0.299412915851272,0.299412915851272,0.299412915851272,0.4324664372267215
8,infgain,standard,noAug,RandomOverSampler,LogisticRegression,last,0.3,0.1,42,2026-06-03 06:59:40,20260603-054739,log/stroke_prediction_v7/8/infgain/noAug__RandomOverSampler__standard/LogisticRegression,1780436867126_ba5f39ad17804411801265213,0.4168297455968688,0.5308418234064786,0.6554732510288066,0.347096453316869,0.9446966885264004,0.4168297455968688,0.5395937451796231,0.4168297455968688,0.4168297455968688,0.4168297455968688,0.5128366043093897
8,infgain,standard,noAug,RandomOverSampler,LogisticRegression,last,0.5,0.1,42,2026-06-03 06:59:44,20260603-054739,log/stroke_prediction_v7/8/infgain/noAug__RandomOverSampler__standard/LogisticRegression,1780436867126_ba5f39ad17804411841333080,0.5694716242661448,0.5334952204748689,0.6788065843621399,0.4325661215424995,0.938010394810922,0.5694716242661448,0.6840140767440952,0.5694716242661448,0.5694716242661448,0.5694716242661448,0.6103068994142401
8,infgain,standard,noAug,RandomOverSampler,XGBmodel,first,0.1,0.1,42,2026-06-03 06:58:44,20260603-054739,log/stroke_prediction_v7/8/infgain/standard__noAug__RandomOverSampler/XGBmodel,1780436867126_ba5f39ad17804411241482202,0.5577299412915852,0.5392588614393126,0.7105761316872428,0.4312155240346729,0.9447430429582484,0.5577299412915852,0.6732202806962353,0.5577299412915852,0.5577299412915852,0.5577299412915852,0.6082151508347504
8,infgain,standard,noAug,RandomOverSampler,XGBmodel,first,0.2,0.1,42,2026-06-03 06:58:48,20260603-054739,log/stroke_prediction_v7/8/infgain/standard__noAug__RandomOverSampler/XGBmodel,1780436867126_ba5f39ad17804411281942341,0.6516634050880626,0.5475170399221032,0.7409876543209877,0.4844819768759918,0.9443060840667916,0.6516634050880626,0.7493295315349767,0.6516634050880626,0.6516634050880626,0.6516634050880626,0.6690181661278585
8,infgain,standard,noAug,RandomOverSampler,XGBmodel,first,0.3,0.1,42,2026-06-03 06:58:52,20260603-054739,log/stroke_prediction_v7/8/infgain/standard__noAug__RandomOverSampler/XGBmodel,1780436867126_ba5f39ad17804411321654690,0.7181996086105675,0.552034977868941,0.7380246913580246,0.5186813186813187,0.9408770833100062,0.7181996086105675,0.7982495000107525,0.7181996086105675,0.7181996086105675,0.7181996086105675,0.7079131415017348
8,infgain,standard,noAug,RandomOverSampler,XGBmodel,first,0.5,0.1,42,2026-06-03 06:58:56,20260603-054739,log/stroke_prediction_v7/8/infgain/standard__noAug__RandomOverSampler/XGBmodel,1780436867126_ba5f39ad17804411361878431,0.8473581213307241,0.5736290554120012,0.7110699588477367,0.5894990524841394,0.935202406095472,0.8473581213307241,0.8830127086280295,0.8473581213307241,0.8473581213307241,0.8473581213307241,0.7818101547346357
8,infgain,standard,noAug,RandomOverSampler,XGBmodel,last,0.1,0.1,42,2026-06-03 06:59:31,20260603-054739,log/stroke_prediction_v7/8/infgain/noAug__RandomOverSampler__standard/XGBmodel,1780436867126_ba5f39ad17804411718171831,0.4050880626223092,0.5379939209726443,0.6872427983539094,0.3430765587469129,0.9547939257311784,0.4050880626223091,0.5251612930561975,0.4050880626223092,0.4050880626223092,0.4050880626223092,0.5102739673251633
8,infgain,standard,noAug,RandomOverSampler,XGBmodel,last,0.2,0.1,42,2026-06-03 06:59:35,20260603-054739,log/stroke_prediction_v7/8/infgain/noAug__RandomOverSampler__standard/XGBmodel,1780436867126_ba5f39ad17804411758374594,0.4833659491193737,0.5432525951557093,0.7283950617283951,0.3931771564288027,0.9553084731072122,0.4833659491193737,0.6042280875473471,0.4833659491193737,0.4833659491193737,0.4833659491193737,0.5656527792433035
8,infgain,standard,noAug,RandomOverSampler,XGBmodel,last,0.3,0.1,42,2026-06-03 06:59:39,20260603-054739,log/stroke_prediction_v7/8/infgain/noAug__RandomOverSampler__standard/XGBmodel,1780436867126_ba5f39ad17804411798585468,0.5694716242661448,0.5510204081632653,0.7736625514403292,0.4463159968479117,0.956068533088382,0.5694716242661448,0.6818958484653618,0.5694716242661448,0.5694716242661448,0.5694716242661448,0.6250955757726464
8,infgain,standard,noAug,RandomOverSampler,XGBmodel,last,0.5,0.1,42,2026-06-03 06:59:43,20260603-054739,log/stroke_prediction_v7/8/infgain/noAug__RandomOverSampler__standard/XGBmodel,1780436867126_ba5f39ad17804411838777994,0.6947162426614482,0.5437177969642111,0.7067078189300411,0.4997740963855421,0.9369962346276364,0.6947162426614482,0.7814929974300332,0.6947162426614482,0.6947162426614482,0.6947162426614482,0.6888187461891043
8,infgain,standard,noAug,RandomOverSampler,random_forest,first,0.1,0.1,42,2026-06-03 06:58:43,20260603-054739,log/stroke_prediction_v7/8/infgain/standard__noAug__RandomOverSampler/random_forest,1780436867126_ba5f39ad17804411239574562,0.8101761252446184,0.5613044728894002,0.7104938271604938,0.5639202920863942,0.9350172798462588,0.8101761252446184,0.8595555501226998,0.8101761252446184,0.8101761252446184,0.8101761252446184,0.7582733844188266
8,infgain,standard,noAug,RandomOverSampler,random_forest,first,0.2,0.1,42,2026-06-03 06:58:47,20260603-054739,log/stroke_prediction_v7/8/infgain/standard__noAug__RandomOverSampler/random_forest,1780436867126_ba5f39ad17804411279990815,0.8845401174168297,0.5691092676386793,0.635761316872428,0.5856661856661857,0.9263908935544712,0.8845401174168297,0.903133656949704,0.8845401174168297,0.8845401174168297,0.8845401174168297,0.7902621711656732
8,infgain,standard,noAug,RandomOverSampler,random_forest,first,0.3,0.1,42,2026-06-03 06:58:51,20260603-054739,log/stroke_prediction_v7/8/infgain/standard__noAug__RandomOverSampler/random_forest,1780436867126_ba5f39ad17804411319733665,0.9158512720156556,0.5685817805383022,0.5763374485596708,0.5721518001440894,0.9204306499252471,0.9158512720156556,0.9181025785999672,0.9158512720156556,0.9158512720156556,0.9158512720156556,0.7964136535201926
8,infgain,standard,noAug,RandomOverSampler,random_forest,first,0.5,0.1,42,2026-06-03 06:58:55,20260603-054739,log/stroke_prediction_v7/8/infgain/standard__noAug__RandomOverSampler/random_forest,1780436867126_ba5f39ad17804411359874645,0.9354207436399216,0.5260479041916168,0.5107407407407408,0.5118541033434649,0.910408146524954,0.9354207436399218,0.9220730553952854,0.9354207436399216,0.9354207436399216,0.9354207436399216,0.7839770504125121
8,infgain,standard,noAug,RandomOverSampler,random_forest,last,0.1,0.1,42,2026-06-03 06:59:31,20260603-054739,log/stroke_prediction_v7/8/infgain/noAug__RandomOverSampler__standard/random_forest,1780436867126_ba5f39ad17804411715038176,0.6810176125244618,0.5376191946216642,0.6805349794238683,0.487506537455776,0.9334675218862732,0.6810176125244618,0.7716103769674452,0.6810176125244618,0.6810176125244618,0.6810176125244618,0.6764367517664482
8,infgain,standard,noAug,RandomOverSampler,random_forest,last,0.2,0.1,42,2026-06-03 06:59:35,20260603-054739,log/stroke_prediction_v7/8/infgain/noAug__RandomOverSampler__standard/random_forest,1780436867126_ba5f39ad17804411756362735,0.8062622309197651,0.5298199647193109,0.5946090534979424,0.5222269443263918,0.9195443828184222,0.8062622309197651,0.8545626476754911,0.8062622309197651,0.8062622309197651,0.8062622309197651,0.7334206712717559
8,infgain,standard,noAug,RandomOverSampler,random_forest,last,0.3,0.1,42,2026-06-03 06:59:39,20260603-054739,log/stroke_prediction_v7/8/infgain/noAug__RandomOverSampler__standard/random_forest,1780436867126_ba5f39ad17804411796540964,0.8649706457925636,0.5061388286334056,0.5116460905349793,0.5035691657866949,0.9086241515296876,0.8649706457925634,0.8856932077195055,0.8649706457925636,0.8649706457925636,0.8649706457925636,0.7470185214127626
8,infgain,standard,noAug,RandomOverSampler,random_forest,last,0.5,0.1,42,2026-06-03 06:59:43,20260603-054739,log/stroke_prediction_v7/8/infgain/noAug__RandomOverSampler__standard/random_forest,1780436867126_ba5f39ad17804411836814042,0.929549902152642,0.5143651529193698,0.5076543209876543,0.5080231065468549,0.9090046774483148,0.929549902152642,0.9188557762598946,0.929549902152642,0.929549902152642,0.929549902152642,0.778954208417603
8,infgain,standard,noAug,noImbl,BalancedRandomForest,first,0.1,0.1,42,2026-06-03 07:00:20,20260603-054739,log/stroke_prediction_v7/8/infgain/standard__noAug__noImbl/BalancedRandomForest,1780436867126_ba5f39ad17804412205239898,0.4637964774951076,0.5306619281710867,0.66119341563786,0.3745801172098342,0.9416615649927722,0.4637964774951075,0.5876824078394253,0.4637964774951076,0.4637964774951076,0.4637964774951076,0.5432096606356037
8,infgain,standard,noAug,noImbl,BalancedRandomForest,first,0.2,0.1,42,2026-06-03 07:00:22,20260603-054739,log/stroke_prediction_v7/8/infgain/standard__noAug__noImbl/BalancedRandomForest,1780436867126_ba5f39ad17804412228681937,0.5518590998043053,0.5316203106772273,0.6695473251028807,0.4222910094442552,0.9372760405721394,0.5518590998043053,0.6691128675268301,0.5518590998043053,0.5518590998043053,0.5518590998043053,0.5982985891026096
8,infgain,standard,noAug,noImbl,BalancedRandomForest,first,0.3,0.1,42,2026-06-03 07:00:25,20260603-054739,log/stroke_prediction_v7/8/infgain/standard__noAug__noImbl/BalancedRandomForest,1780436867126_ba5f39ad17804412252360744,0.6457925636007827,0.5430839002267572,0.7189300411522634,0.4775139672694199,0.9409720835496624,0.6457925636007827,0.7450189083341036,0.6457925636007827,0.6457925636007827,0.6457925636007827,0.6619955592737097
8,infgain,standard,noAug,noImbl,BalancedRandomForest,first,0.5,0.1,42,2026-06-03 07:00:27,20260603-054739,log/stroke_prediction_v7/8/infgain/standard__noAug__noImbl/BalancedRandomForest,1780436867126_ba5f39ad17804412275660064,0.7964774951076321,0.5694224857268336,0.7602057613168725,0.5696145124716554,0.9419219851024496,0.7964774951076321,0.8515116418387316,0.7964774951076321,0.7964774951076321,0.796477495107632,0.7589149444042264
8,infgain,standard,noAug,noImbl,BalancedRandomForest,last,0.1,0.1,42,2026-06-03 07:00:49,20260603-054739,log/stroke_prediction_v7/8/infgain/noAug__noImbl__standard/BalancedRandomForest,1780436867126_ba5f39ad17804412499006086,0.4637964774951076,0.5306619281710867,0.66119341563786,0.3745801172098342,0.9416615649927722,0.4637964774951075,0.5876824078394253,0.4637964774951076,0.4637964774951076,0.4637964774951076,0.5432096606356037
8,infgain,standard,noAug,noImbl,BalancedRandomForest,last,0.2,0.1,42,2026-06-03 07:00:52,20260603-054739,log/stroke_prediction_v7/8/infgain/noAug__noImbl__standard/BalancedRandomForest,1780436867126_ba5f39ad17804412522583467,0.5518590998043053,0.5316203106772273,0.6695473251028807,0.4222910094442552,0.9372760405721394,0.5518590998043053,0.6691128675268301,0.5518590998043053,0.5518590998043053,0.5518590998043053,0.5982985891026096
8,infgain,standard,noAug,noImbl,BalancedRandomForest,last,0.3,0.1,42,2026-06-03 07:00:54,20260603-054739,log/stroke_prediction_v7/8/infgain/noAug__noImbl__standard/BalancedRandomForest,1780436867126_ba5f39ad17804412547447024,0.6457925636007827,0.5430839002267572,0.7189300411522634,0.4775139672694199,0.9409720835496624,0.6457925636007827,0.7450189083341036,0.6457925636007827,0.6457925636007827,0.6457925636007827,0.6619955592737097
8,infgain,standard,noAug,noImbl,BalancedRandomForest,last,0.5,0.1,42,2026-06-03 07:00:57,20260603-054739,log/stroke_prediction_v7/8/infgain/noAug__noImbl__standard/BalancedRandomForest,1780436867126_ba5f39ad17804412570331772,0.7964774951076321,0.5694224857268336,0.7602057613168725,0.5696145124716554,0.9419219851024496,0.7964774951076321,0.8515116418387316,0.7964774951076321,0.7964774951076321,0.796477495107632,0.7589149444042264
8,infgain,standard,noAug,noImbl,GradientBoosting,first,0.1,0.1,42,2026-06-03 07:00:19,20260603-054739,log/stroke_prediction_v7/8/infgain/standard__noAug__noImbl/GradientBoosting,1780436867126_ba5f39ad17804412197085522,0.8786692759295499,0.5953604691272854,0.7275308641975309,0.6222937529804482,0.9381566894313376,0.8786692759295499,0.9030279954496544,0.8786692759295499,0.8786692759295499,0.87866927592955,0.8063707749119505
8,infgain,standard,noAug,noImbl,GradientBoosting,first,0.2,0.1,42,2026-06-03 07:00:22,20260603-054739,log/stroke_prediction_v7/8/infgain/standard__noAug__noImbl/GradientBoosting,1780436867126_ba5f39ad17804412221940683,0.923679060665362,0.5694366982710541,0.5614814814814814,0.5651063829787234,0.9191277669301032,0.923679060665362,0.9213607028354917,0.923679060665362,0.923679060665362,0.923679060665362,0.7974462818065408
8,infgain,standard,noAug,noImbl,GradientBoosting,first,0.3,0.1,42,2026-06-03 07:00:24,20260603-054739,log/stroke_prediction_v7/8/infgain/standard__noAug__noImbl/GradientBoosting,1780436867126_ba5f39ad17804412245576019,0.949119373776908,0.6924603174603174,0.5558847736625514,0.5806186868686869,0.9305283757338552,0.949119373776908,0.935271748799146,0.949119373776908,0.949119373776908,0.949119373776908,0.8249186615466103
8,infgain,standard,noAug,noImbl,GradientBoosting,first,0.5,0.1,42,2026-06-03 07:00:26,20260603-054739,log/stroke_prediction_v7/8/infgain/standard__noAug__noImbl/GradientBoosting,1780436867126_ba5f39ad17804412269199556,0.949119373776908,0.4754901960784314,0.4989711934156378,0.4869477911646586,0.9044549326579948,0.949119373776908,0.926249027420838,0.949119373776908,0.949119373776908,0.949119373776908,0.7795189045137939
8,infgain,standard,noAug,noImbl,GradientBoosting,last,0.1,0.1,42,2026-06-03 07:00:49,20260603-054739,log/stroke_prediction_v7/8/infgain/noAug__noImbl__standard/GradientBoosting,1780436867126_ba5f39ad17804412492381219,0.8786692759295499,0.5953604691272854,0.7275308641975309,0.6222937529804482,0.9381566894313376,0.8786692759295499,0.9030279954496544,0.8786692759295499,0.8786692759295499,0.87866927592955,0.8063707749119505
8,infgain,standard,noAug,noImbl,GradientBoosting,last,0.2,0.1,42,2026-06-03 07:00:51,20260603-054739,log/stroke_prediction_v7/8/infgain/noAug__noImbl__standard/GradientBoosting,1780436867126_ba5f39ad17804412515883881,0.923679060665362,0.5694366982710541,0.5614814814814814,0.5651063829787234,0.9191277669301032,0.923679060665362,0.9213607028354917,0.923679060665362,0.923679060665362,0.923679060665362,0.7974462818065408
8,infgain,standard,noAug,noImbl,GradientBoosting,last,0.3,0.1,42,2026-06-03 07:00:53,20260603-054739,log/stroke_prediction_v7/8/infgain/noAug__noImbl__standard/GradientBoosting,1780436867126_ba5f39ad17804412539178719,0.949119373776908,0.6924603174603174,0.5558847736625514,0.5806186868686869,0.9305283757338552,0.949119373776908,0.935271748799146,0.949119373776908,0.949119373776908,0.949119373776908,0.8249186615466103
8,infgain,standard,noAug,noImbl,GradientBoosting,last,0.5,0.1,42,2026-06-03 07:00:56,20260603-054739,log/stroke_prediction_v7/8/infgain/noAug__noImbl__standard/GradientBoosting,1780436867126_ba5f39ad17804412563879687,0.949119373776908,0.4754901960784314,0.4989711934156378,0.4869477911646586,0.9044549326579948,0.949119373776908,0.926249027420838,0.949119373776908,0.949119373776908,0.949119373776908,0.7795189045137939
8,infgain,standard,noAug,noImbl,LogisticRegression,first,0.1,0.1,42,2026-06-03 07:00:19,20260603-054739,log/stroke_prediction_v7/8/infgain/standard__noAug__noImbl/LogisticRegression,1780436867126_ba5f39ad17804412190415859,0.8493150684931506,0.5798084029791347,0.7310699588477366,0.5981104131556101,0.9378561632153348,0.8493150684931506,0.8847573094689918,0.8493150684931506,0.8493150684931506,0.8493150684931505,0.787029638295171
8,infgain,standard,noAug,noImbl,LogisticRegression,first,0.2,0.1,42,2026-06-03 07:00:21,20260603-054739,log/stroke_prediction_v7/8/infgain/standard__noAug__noImbl/LogisticRegression,1780436867126_ba5f39ad17804412215297661,0.9178082191780822,0.611764705882353,0.6532510288065844,0.6281704781704782,0.931687743590587,0.9178082191780822,0.9242303420385614,0.9178082191780822,0.9178082191780822,0.9178082191780822,0.8196537585305411
8,infgain,standard,noAug,noImbl,LogisticRegression,first,0.3,0.1,42,2026-06-03 07:00:23,20260603-054739,log/stroke_prediction_v7/8/infgain/standard__noAug__noImbl/LogisticRegression,1780436867126_ba5f39ad17804412238837209,0.9412915851272016,0.6327618164967563,0.5707407407407408,0.5900192554557124,0.9260241326588908,0.9412915851272016,0.9323798135499122,0.9412915851272016,0.9412915851272016,0.9412915851272016,0.817829163391363
8,infgain,standard,noAug,noImbl,LogisticRegression,first,0.5,0.1,42,2026-06-03 07:00:26,20260603-054739,log/stroke_prediction_v7/8/infgain/standard__noAug__noImbl/LogisticRegression,1780436867126_ba5f39ad17804412262454123,0.9510763209393346,0.7264243614931238,0.5189711934156378,0.5244742229666852,0.9306936973998362,0.9510763209393344,0.9308039071927005,0.9510763209393346,0.9510763209393346,0.9510763209393346,0.8163311731305013
8,infgain,standard,noAug,noImbl,LogisticRegression,last,0.1,0.1,42,2026-06-03 07:00:48,20260603-054739,log/stroke_prediction_v7/8/infgain/noAug__noImbl__standard/LogisticRegression,1780436867126_ba5f39ad17804412485846450,0.8493150684931506,0.5798084029791347,0.7310699588477366,0.5981104131556101,0.9378561632153348,0.8493150684931506,0.8847573094689918,0.8493150684931506,0.8493150684931506,0.8493150684931505,0.787029638295171
8,infgain,standard,noAug,noImbl,LogisticRegression,last,0.2,0.1,42,2026-06-03 07:00:50,20260603-054739,log/stroke_prediction_v7/8/infgain/noAug__noImbl__standard/LogisticRegression,1780436867126_ba5f39ad17804412509160227,0.9178082191780822,0.611764705882353,0.6532510288065844,0.6281704781704782,0.931687743590587,0.9178082191780822,0.9242303420385614,0.9178082191780822,0.9178082191780822,0.9178082191780822,0.8196537585305411
8,infgain,standard,noAug,noImbl,LogisticRegression,last,0.3,0.1,42,2026-06-03 07:00:53,20260603-054739,log/stroke_prediction_v7/8/infgain/noAug__noImbl__standard/LogisticRegression,1780436867126_ba5f39ad17804412532579600,0.9412915851272016,0.6327618164967563,0.5707407407407408,0.5900192554557124,0.9260241326588908,0.9412915851272016,0.9323798135499122,0.9412915851272016,0.9412915851272016,0.9412915851272016,0.817829163391363
8,infgain,standard,noAug,noImbl,LogisticRegression,last,0.5,0.1,42,2026-06-03 07:00:55,20260603-054739,log/stroke_prediction_v7/8/infgain/noAug__noImbl__standard/LogisticRegression,1780436867126_ba5f39ad17804412557282510,0.9510763209393346,0.7264243614931238,0.5189711934156378,0.5244742229666852,0.9306936973998362,0.9510763209393344,0.9308039071927005,0.9510763209393346,0.9510763209393346,0.9510763209393346,0.8163311731305013
8,infgain,standard,noAug,noImbl,XGBmodel,first,0.1,0.1,42,2026-06-03 07:00:18,20260603-054739,log/stroke_prediction_v7/8/infgain/standard__noAug__noImbl/XGBmodel,1780436867126_ba5f39ad17804412187640125,0.87279843444227,0.5850017024174327,0.7054732510288066,0.6079484425349087,0.9350658012655856,0.87279843444227,0.8986528384141791,0.87279843444227,0.87279843444227,0.87279843444227,0.7976636413904536
8,infgain,standard,noAug,noImbl,XGBmodel,first,0.2,0.1,42,2026-06-03 07:00:21,20260603-054739,log/stroke_prediction_v7/8/infgain/standard__noAug__noImbl/XGBmodel,1780436867126_ba5f39ad17804412212449332,0.9158512720156556,0.5685817805383022,0.5763374485596708,0.5721518001440894,0.9204306499252471,0.9158512720156556,0.9181025785999672,0.9158512720156556,0.9158512720156556,0.9158512720156556,0.7964136535201926
8,infgain,standard,noAug,noImbl,XGBmodel,first,0.3,0.1,42,2026-06-03 07:00:23,20260603-054739,log/stroke_prediction_v7/8/infgain/standard__noAug__noImbl/XGBmodel,1780436867126_ba5f39ad17804412235927236,0.9412915851272016,0.5882027445772466,0.5327983539094651,0.5436413431769469,0.9183730396959672,0.9412915851272016,0.9279532122315955,0.9412915851272016,0.9412915851272016,0.9412915851272016,0.8011932311804297
8,infgain,standard,noAug,noImbl,XGBmodel,first,0.5,0.1,42,2026-06-03 07:00:25,20260603-054739,log/stroke_prediction_v7/8/infgain/standard__noAug__noImbl/XGBmodel,1780436867126_ba5f39ad17804412259558819,0.9471624266144814,0.475442043222004,0.4979423868312758,0.4864321608040201,0.9043633385749272,0.9471624266144816,0.9252682197681164,0.9471624266144814,0.9471624266144814,0.9471624266144814,0.7783948045944336
8,infgain,standard,noAug,noImbl,XGBmodel,last,0.1,0.1,42,2026-06-03 07:00:48,20260603-054739,log/stroke_prediction_v7/8/infgain/noAug__noImbl__standard/XGBmodel,1780436867126_ba5f39ad17804412482990764,0.87279843444227,0.5850017024174327,0.7054732510288066,0.6079484425349087,0.9350658012655856,0.87279843444227,0.8986528384141791,0.87279843444227,0.87279843444227,0.87279843444227,0.7976636413904536
8,infgain,standard,noAug,noImbl,XGBmodel,last,0.2,0.1,42,2026-06-03 07:00:50,20260603-054739,log/stroke_prediction_v7/8/infgain/noAug__noImbl__standard/XGBmodel,1780436867126_ba5f39ad17804412506314367,0.9158512720156556,0.5685817805383022,0.5763374485596708,0.5721518001440894,0.9204306499252471,0.9158512720156556,0.9181025785999672,0.9158512720156556,0.9158512720156556,0.9158512720156556,0.7964136535201926
8,infgain,standard,noAug,noImbl,XGBmodel,last,0.3,0.1,42,2026-06-03 07:00:52,20260603-054739,log/stroke_prediction_v7/8/infgain/noAug__noImbl__standard/XGBmodel,1780436867126_ba5f39ad17804412529689178,0.9412915851272016,0.5882027445772466,0.5327983539094651,0.5436413431769469,0.9183730396959672,0.9412915851272016,0.9279532122315955,0.9412915851272016,0.9412915851272016,0.9412915851272016,0.8011932311804297
8,infgain,standard,noAug,noImbl,XGBmodel,last,0.5,0.1,42,2026-06-03 07:00:55,20260603-054739,log/stroke_prediction_v7/8/infgain/noAug__noImbl__standard/XGBmodel,1780436867126_ba5f39ad17804412554368525,0.9471624266144814,0.475442043222004,0.4979423868312758,0.4864321608040201,0.9043633385749272,0.9471624266144816,0.9252682197681164,0.9471624266144814,0.9471624266144814,0.9471624266144814,0.7783948045944336
8,infgain,standard,noAug,noImbl,random_forest,first,0.1,0.1,42,2026-06-03 07:00:18,20260603-054739,log/stroke_prediction_v7/8/infgain/standard__noAug__noImbl/random_forest,1780436867126_ba5f39ad17804412185694435,0.8395303326810176,0.5694421430544048,0.7069547325102881,0.5823165869218501,0.934576029910324,0.8395303326810176,0.8780161799267783,0.8395303326810176,0.8395303326810176,0.8395303326810175,0.7759593386472029
8,infgain,standard,noAug,noImbl,random_forest,first,0.2,0.1,42,2026-06-03 07:00:21,20260603-054739,log/stroke_prediction_v7/8/infgain/standard__noAug__noImbl/random_forest,1780436867126_ba5f39ad17804412210213066,0.9060665362035224,0.5548370736655255,0.5711934156378601,0.5613106309915581,0.9186950112610686,0.9060665362035224,0.9121549407105772,0.9060665362035224,0.9060665362035224,0.9060665362035226,0.7879190002931745
8,infgain,standard,noAug,noImbl,random_forest,first,0.3,0.1,42,2026-06-03 07:00:23,20260603-054739,log/stroke_prediction_v7/8/infgain/standard__noAug__noImbl/random_forest,1780436867126_ba5f39ad17804412233830720,0.9275929549902152,0.5786150712830957,0.5635390946502058,0.5699533720004548,0.9201836580962212,0.9275929549902152,0.92375562040878,0.9275929549902152,0.9275929549902152,0.9275929549902152,0.8013273132604234
8,infgain,standard,noAug,noImbl,random_forest,first,0.5,0.1,42,2026-06-03 07:00:25,20260603-054739,log/stroke_prediction_v7/8/infgain/standard__noAug__noImbl/random_forest,1780436867126_ba5f39ad17804412257368788,0.9471624266144814,0.6438943894389438,0.5358847736625514,0.5508935256013802,0.92406786666925,0.9471624266144812,0.9314767826160464,0.9471624266144814,0.9471624266144814,0.9471624266144814,0.8116052198554807
8,infgain,standard,noAug,noImbl,random_forest,last,0.1,0.1,42,2026-06-03 07:00:48,20260603-054739,log/stroke_prediction_v7/8/infgain/noAug__noImbl__standard/random_forest,1780436867126_ba5f39ad17804412480999730,0.8395303326810176,0.5694421430544048,0.7069547325102881,0.5823165869218501,0.934576029910324,0.8395303326810176,0.8780161799267783,0.8395303326810176,0.8395303326810176,0.8395303326810175,0.7759593386472029
8,infgain,standard,noAug,noImbl,random_forest,last,0.2,0.1,42,2026-06-03 07:00:50,20260603-054739,log/stroke_prediction_v7/8/infgain/noAug__noImbl__standard/random_forest,1780436867126_ba5f39ad17804412504077991,0.9060665362035224,0.5548370736655255,0.5711934156378601,0.5613106309915581,0.9186950112610686,0.9060665362035224,0.9121549407105772,0.9060665362035224,0.9060665362035224,0.9060665362035226,0.7879190002931745
8,infgain,standard,noAug,noImbl,random_forest,last,0.3,0.1,42,2026-06-03 07:00:52,20260603-054739,log/stroke_prediction_v7/8/infgain/noAug__noImbl__standard/random_forest,1780436867126_ba5f39ad17804412527622776,0.9275929549902152,0.5786150712830957,0.5635390946502058,0.5699533720004548,0.9201836580962212,0.9275929549902152,0.92375562040878,0.9275929549902152,0.9275929549902152,0.9275929549902152,0.8013273132604234
8,infgain,standard,noAug,noImbl,random_forest,last,0.5,0.1,42,2026-06-03 07:00:55,20260603-054739,log/stroke_prediction_v7/8/infgain/noAug__noImbl__standard/random_forest,1780436867126_ba5f39ad17804412552214693,0.9471624266144814,0.6438943894389438,0.5358847736625514,0.5508935256013802,0.92406786666925,0.9471624266144812,0.9314767826160464,0.9471624266144814,0.9471624266144814,0.9471624266144814,0.8116052198554807
