FeatureNum,FS_Method,Scaler,AugName,ImblName,Model,Norm_Order,Prob_Threshold,Split_Ratio,Random_State,Timestamp,RunID,LogDir,Model_RunID,Accuracy,Macro_Precision,Macro_Recall,Macro_F1,Weighted_Precision,Weighted_Recall,Weighted_F1,Micro_Precision,Micro_Recall,Micro_F1,Integrated_Score
7,infgain,minmax,gaussian_noise,ADASYN,GradientBoosting,first,0.1,0.1,42,2026-06-03 05:47:52,20260603-054739,log/stroke_prediction_v7/7/infgain/minmax__gaussian_noise__ADASYN/GradientBoosting,1780436867126_ba5f39ad17804368722588630,0.5831702544031311,0.5315090824406149,0.6670370370370371,0.4375649154355341,0.9351667142155304,0.5831702544031311,0.6957343818357734,0.5831702544031311,0.5831702544031311,0.5831702544031311,0.6166342797212668
7,infgain,minmax,gaussian_noise,ADASYN,GradientBoosting,first,0.1,0.15,42,2026-06-03 05:48:40,20260603-054739,log/stroke_prediction_v7/7/infgain/minmax__gaussian_noise__ADASYN/GradientBoosting,1780436867126_ba5f39ad17804369207313965,0.5541069100391134,0.5370790265691601,0.7016105146242133,0.4272219893092966,0.9439867246614916,0.5541069100391134,0.6707988592975598,0.5541069100391134,0.5541069100391134,0.5541069100391134,0.6046135178921601
7,infgain,minmax,gaussian_noise,ADASYN,GradientBoosting,first,0.1,0.2,42,2026-06-03 05:49:25,20260603-054739,log/stroke_prediction_v7/7/infgain/minmax__gaussian_noise__ADASYN/GradientBoosting,1780436867126_ba5f39ad17804369659784556,0.5440313111545988,0.5360979160281949,0.6938888888888889,0.4217323308854955,0.942464044169551,0.5440313111545988,0.6616465006899918,0.5440313111545988,0.5440313111545988,0.5440313111545988,0.5973644341068259
7,infgain,minmax,gaussian_noise,ADASYN,GradientBoosting,first,0.2,0.1,42,2026-06-03 05:48:04,20260603-054739,log/stroke_prediction_v7/7/infgain/minmax__gaussian_noise__ADASYN/GradientBoosting,1780436867126_ba5f39ad17804368845675480,0.62426614481409,0.5365375418460067,0.6886419753086419,0.4613965744400526,0.936962155393397,0.62426614481409,0.728595406975395,0.62426614481409,0.62426614481409,0.62426614481409,0.6444194223927575
7,infgain,minmax,gaussian_noise,ADASYN,GradientBoosting,first,0.2,0.15,42,2026-06-03 05:48:52,20260603-054739,log/stroke_prediction_v7/7/infgain/minmax__gaussian_noise__ADASYN/GradientBoosting,1780436867126_ba5f39ad17804369320946731,0.621903520208605,0.5402140715823844,0.7115697889670493,0.4632480694980694,0.941709021213383,0.621903520208605,0.7269128832688154,0.621903520208605,0.621903520208605,0.621903520208605,0.6466348391747563
7,infgain,minmax,gaussian_noise,ADASYN,GradientBoosting,first,0.2,0.2,42,2026-06-03 05:49:37,20260603-054739,log/stroke_prediction_v7/7/infgain/minmax__gaussian_noise__ADASYN/GradientBoosting,1780436867126_ba5f39ad17804369773667289,0.6144814090019569,0.5423314138267409,0.721440329218107,0.4620678967815023,0.943068134016796,0.6144814090019569,0.7203863862433758,0.6144814090019569,0.6144814090019569,0.6144814090019569,0.6438446937606787
7,infgain,minmax,gaussian_noise,ADASYN,GradientBoosting,first,0.3,0.1,42,2026-06-03 05:48:16,20260603-054739,log/stroke_prediction_v7/7/infgain/minmax__gaussian_noise__ADASYN/GradientBoosting,1780436867126_ba5f39ad17804368969920176,0.7064579256360078,0.542095483133219,0.6939094650205762,0.5028924976652485,0.9346917836191548,0.7064579256360078,0.7898761744069001,0.7064579256360078,0.7064579256360078,0.7064579256360078,0.6935681442425203
7,infgain,minmax,gaussian_noise,ADASYN,GradientBoosting,first,0.3,0.15,42,2026-06-03 05:49:03,20260603-054739,log/stroke_prediction_v7/7/infgain/minmax__gaussian_noise__ADASYN/GradientBoosting,1780436867126_ba5f39ad17804369435339131,0.7066492829204694,0.5487728426793719,0.7304331728989264,0.5098596109550602,0.9409175490846786,0.7066492829204694,0.7904671061649955,0.7066492829204694,0.7066492829204694,0.7066492829204694,0.6997210772024935
7,infgain,minmax,gaussian_noise,ADASYN,GradientBoosting,first,0.3,0.2,42,2026-06-03 05:49:48,20260603-054739,log/stroke_prediction_v7/7/infgain/minmax__gaussian_noise__ADASYN/GradientBoosting,1780436867126_ba5f39ad17804369886672594,0.6986301369863014,0.5536958771778506,0.75619341563786,0.5120205872321955,0.9444250805211007,0.6986301369863014,0.7842579367152424,0.6986301369863014,0.6986301369863014,0.6986301369863014,0.6993252707203171
7,infgain,minmax,gaussian_noise,ADASYN,GradientBoosting,first,0.5,0.1,42,2026-06-03 05:48:28,20260603-054739,log/stroke_prediction_v7/7/infgain/minmax__gaussian_noise__ADASYN/GradientBoosting,1780436867126_ba5f39ad17804369089305902,0.8512720156555773,0.5705906996229577,0.6941563786008231,0.5861466325660698,0.9330391217267046,0.8512720156555773,0.8849798883222139,0.8512720156555773,0.8512720156555773,0.8512720156555773,0.7809564043905219
7,infgain,minmax,gaussian_noise,ADASYN,GradientBoosting,first,0.5,0.15,42,2026-06-03 05:49:14,20260603-054739,log/stroke_prediction_v7/7/infgain/minmax__gaussian_noise__ADASYN/GradientBoosting,1780436867126_ba5f39ad17804369547548297,0.8604954367666232,0.5815362595419848,0.721455016660496,0.6023114384706708,0.9375559829612748,0.8604954367666232,0.8918284462685591,0.8604954367666232,0.8604954367666232,0.8604954367666232,0.7923738833339092
7,infgain,minmax,gaussian_noise,ADASYN,GradientBoosting,first,0.5,0.2,42,2026-06-03 05:49:59,20260603-054739,log/stroke_prediction_v7/7/infgain/minmax__gaussian_noise__ADASYN/GradientBoosting,1780436867126_ba5f39ad17804369995153578,0.8414872798434442,0.5678907217655669,0.6984979423868313,0.5806892778993435,0.9334791660377448,0.8414872798434442,0.8790214835971858,0.8414872798434442,0.8414872798434442,0.8414872798434442,0.7755383091808712
7,infgain,minmax,gaussian_noise,ADASYN,GradientBoosting,last,0.1,0.1,42,2026-06-03 05:50:10,20260603-054739,log/stroke_prediction_v7/7/infgain/gaussian_noise__ADASYN__minmax/GradientBoosting,1780436867126_ba5f39ad17804370108393217,0.5733855185909981,0.5339256491802267,0.6808641975308642,0.4348492227768983,0.9381700891439072,0.5733855185909981,0.6872809712761075,0.5733855185909981,0.5733855185909981,0.5733855185909981,0.6129697301298498
7,infgain,minmax,gaussian_noise,ADASYN,GradientBoosting,last,0.1,0.15,42,2026-06-03 05:50:52,20260603-054739,log/stroke_prediction_v7/7/infgain/gaussian_noise__ADASYN__minmax/GradientBoosting,1780436867126_ba5f39ad17804370526081048,0.5215123859191656,0.5339067241872049,0.6844872269529805,0.4078814791130706,0.9429198870325012,0.5215123859191656,0.6422452244006415,0.5215123859191656,0.5215123859191656,0.5215123859191656,0.5822553437119915
7,infgain,minmax,gaussian_noise,ADASYN,GradientBoosting,last,0.1,0.2,42,2026-06-03 05:51:32,20260603-054739,log/stroke_prediction_v7/7/infgain/gaussian_noise__ADASYN__minmax/GradientBoosting,1780436867126_ba5f39ad17804370923510695,0.5489236790606654,0.5401117151493557,0.7154320987654321,0.4272825514834503,0.9463432514607266,0.5489236790606654,0.6653995782906527,0.5489236790606654,0.5489236790606654,0.5489236790606654,0.603660497627933
7,infgain,minmax,gaussian_noise,ADASYN,GradientBoosting,last,0.2,0.1,42,2026-06-03 05:50:21,20260603-054739,log/stroke_prediction_v7/7/infgain/gaussian_noise__ADASYN__minmax/GradientBoosting,1780436867126_ba5f39ad17804370213535623,0.6360078277886497,0.5345387823725306,0.675843621399177,0.464831081081081,0.9343441664480084,0.6360078277886497,0.7378846458983446,0.6360078277886497,0.6360078277886497,0.6360078277886497,0.6492831471843451
7,infgain,minmax,gaussian_noise,ADASYN,GradientBoosting,last,0.2,0.15,42,2026-06-03 05:51:02,20260603-054739,log/stroke_prediction_v7/7/infgain/gaussian_noise__ADASYN__minmax/GradientBoosting,1780436867126_ba5f39ad17804370625140327,0.6297262059973925,0.5412512392012462,0.7156793780081452,0.4678815712331444,0.941990794689673,0.6297262059973924,0.7330312920171251,0.6297262059973925,0.6297262059973925,0.6297262059973925,0.6519195530764037
7,infgain,minmax,gaussian_noise,ADASYN,GradientBoosting,last,0.2,0.2,42,2026-06-03 05:51:42,20260603-054739,log/stroke_prediction_v7/7/infgain/gaussian_noise__ADASYN__minmax/GradientBoosting,1780436867126_ba5f39ad17804371021251428,0.6311154598825832,0.5427813032223583,0.7206995884773661,0.4703971739414307,0.9420170504808256,0.6311154598825832,0.733598345589286,0.6311154598825832,0.6311154598825832,0.6311154598825832,0.6535953061006957
7,infgain,minmax,gaussian_noise,ADASYN,GradientBoosting,last,0.3,0.1,42,2026-06-03 05:50:31,20260603-054739,log/stroke_prediction_v7/7/infgain/gaussian_noise__ADASYN__minmax/GradientBoosting,1780436867126_ba5f39ad17804370318501500,0.7142857142857143,0.5436027546212395,0.6980246913580247,0.5077461071522829,0.9350696422099104,0.7142857142857143,0.7954039889906873,0.7142857142857143,0.7142857142857143,0.7142857142857143,0.6988565089546485
7,infgain,minmax,gaussian_noise,ADASYN,GradientBoosting,last,0.3,0.15,42,2026-06-03 05:51:12,20260603-054739,log/stroke_prediction_v7/7/infgain/gaussian_noise__ADASYN__minmax/GradientBoosting,1780436867126_ba5f39ad17804370725771157,0.7288135593220338,0.5507749077490776,0.7292484265087005,0.5212924288251957,0.939988742260304,0.7288135593220338,0.8060689504772927,0.7288135593220338,0.7288135593220338,0.7288135593220338,0.7126308382759948
7,infgain,minmax,gaussian_noise,ADASYN,GradientBoosting,last,0.3,0.2,42,2026-06-03 05:51:51,20260603-054739,log/stroke_prediction_v7/7/infgain/gaussian_noise__ADASYN__minmax/GradientBoosting,1780436867126_ba5f39ad17804371118566564,0.7074363992172211,0.549853217084207,0.7323662551440329,0.511758737767126,0.9404222867794731,0.7074363992172211,0.790606966294155,0.7074363992172211,0.7074363992172211,0.7074363992172211,0.7005935911968517
7,infgain,minmax,gaussian_noise,ADASYN,GradientBoosting,last,0.5,0.1,42,2026-06-03 05:50:42,20260603-054739,log/stroke_prediction_v7/7/infgain/gaussian_noise__ADASYN__minmax/GradientBoosting,1780436867126_ba5f39ad17804370423390178,0.8512720156555773,0.553377080665813,0.6372427983539095,0.5631299496040316,0.9255439235663044,0.8512720156555773,0.8832106543022546,0.8512720156555773,0.8512720156555773,0.8512720156555773,0.7690762771067765
7,infgain,minmax,gaussian_noise,ADASYN,GradientBoosting,last,0.5,0.15,42,2026-06-03 05:51:22,20260603-054739,log/stroke_prediction_v7/7/infgain/gaussian_noise__ADASYN__minmax/GradientBoosting,1780436867126_ba5f39ad17804370825236436,0.8852672750977836,0.593467236750522,0.7088115512773047,0.6195436507936507,0.936790541631086,0.8852672750977836,0.9068236377558412,0.8852672750977836,0.8852672750977836,0.8852672750977836,0.8069689362874283
7,infgain,minmax,gaussian_noise,ADASYN,GradientBoosting,last,0.5,0.2,42,2026-06-03 05:52:01,20260603-054739,log/stroke_prediction_v7/7/infgain/gaussian_noise__ADASYN__minmax/GradientBoosting,1780436867126_ba5f39ad17804371216043854,0.8688845401174168,0.5953196347031963,0.7508436213991769,0.6219078540507113,0.9408358577058143,0.8688845401174168,0.8975888522995038,0.8688845401174168,0.8688845401174168,0.8688845401174168,0.8041782333803175
7,infgain,minmax,gaussian_noise,RandomOverSampler,GradientBoosting,first,0.1,0.1,42,2026-06-03 05:52:10,20260603-054739,log/stroke_prediction_v7/7/infgain/minmax__gaussian_noise__RandomOverSampler/GradientBoosting,1780436867126_ba5f39ad17804371305626982,0.5303326810176126,0.5329820153803732,0.677201646090535,0.4123059229442207,0.9400963957912596,0.5303326810176126,0.6499056411618347,0.5303326810176126,0.5303326810176126,0.5303326810176126,0.5864928127491701
7,infgain,minmax,gaussian_noise,RandomOverSampler,GradientBoosting,first,0.1,0.15,42,2026-06-03 05:52:38,20260603-054739,log/stroke_prediction_v7/7/infgain/minmax__gaussian_noise__RandomOverSampler/GradientBoosting,1780436867126_ba5f39ad17804371583803928,0.499348109517601,0.5367024917853231,0.6985005553498704,0.397772070731029,0.9476006967302658,0.499348109517601,0.6212393560614874,0.499348109517601,0.499348109517601,0.499348109517601,0.5708713322124637
7,infgain,minmax,gaussian_noise,RandomOverSampler,GradientBoosting,first,0.1,0.2,42,2026-06-03 05:53:05,20260603-054739,log/stroke_prediction_v7/7/infgain/minmax__gaussian_noise__RandomOverSampler/GradientBoosting,1780436867126_ba5f39ad17804371852765078,0.4882583170254403,0.5363315969868903,0.6930246913580247,0.3918016464979205,0.946734968509639,0.4882583170254403,0.6103103694128426,0.4882583170254403,0.4882583170254403,0.4882583170254403,0.563229254882246
7,infgain,minmax,gaussian_noise,RandomOverSampler,GradientBoosting,first,0.2,0.1,42,2026-06-03 05:52:17,20260603-054739,log/stroke_prediction_v7/7/infgain/minmax__gaussian_noise__RandomOverSampler/GradientBoosting,1780436867126_ba5f39ad17804371373728837,0.589041095890411,0.5357031857031855,0.6890946502057613,0.4439896373056995,0.9387978840033632,0.589041095890411,0.7001916388672014,0.589041095890411,0.589041095890411,0.589041095890411,0.6236032017733304
7,infgain,minmax,gaussian_noise,RandomOverSampler,GradientBoosting,first,0.2,0.15,42,2026-06-03 05:52:45,20260603-054739,log/stroke_prediction_v7/7/infgain/minmax__gaussian_noise__RandomOverSampler/GradientBoosting,1780436867126_ba5f39ad17804371651588963,0.5919165580182529,0.536522207490885,0.695816364309515,0.445631366137632,0.9406094171273692,0.5919165580182528,0.7029299396738511,0.5919165580182529,0.5919165580182529,0.5919165580182529,0.6263456179718004
7,infgain,minmax,gaussian_noise,RandomOverSampler,GradientBoosting,first,0.2,0.2,42,2026-06-03 05:53:11,20260603-054739,log/stroke_prediction_v7/7/infgain/minmax__gaussian_noise__RandomOverSampler/GradientBoosting,1780436867126_ba5f39ad17804371918931186,0.5968688845401174,0.5401407573492776,0.7121810699588478,0.4516024839543219,0.9424740901950804,0.5968688845401174,0.7062329427758114,0.5968688845401174,0.5968688845401174,0.5968688845401174,0.6319024595758875
7,infgain,minmax,gaussian_noise,RandomOverSampler,GradientBoosting,first,0.3,0.1,42,2026-06-03 05:52:24,20260603-054739,log/stroke_prediction_v7/7/infgain/minmax__gaussian_noise__RandomOverSampler/GradientBoosting,1780436867126_ba5f39ad17804371443282242,0.6712328767123288,0.5397371609342397,0.6943621399176955,0.4855458075650798,0.935943206513972,0.6712328767123288,0.7643788332226753,0.6712328767123288,0.6712328767123288,0.6712328767123288,0.6729860975396854
7,infgain,minmax,gaussian_noise,RandomOverSampler,GradientBoosting,first,0.3,0.15,42,2026-06-03 05:52:51,20260603-054739,log/stroke_prediction_v7/7/infgain/minmax__gaussian_noise__RandomOverSampler/GradientBoosting,1780436867126_ba5f39ad17804371719072137,0.6179921773142112,0.5397078222796038,0.7095149944465013,0.4609384182512059,0.9415675114572556,0.6179921773142113,0.7238327540740627,0.6179921773142112,0.6179921773142112,0.6179921773142112,0.6439915795928106
7,infgain,minmax,gaussian_noise,RandomOverSampler,GradientBoosting,first,0.3,0.2,42,2026-06-03 05:53:18,20260603-054739,log/stroke_prediction_v7/7/infgain/minmax__gaussian_noise__RandomOverSampler/GradientBoosting,1780436867126_ba5f39ad17804371983758897,0.675146771037182,0.5476728612087727,0.7343621399176955,0.4953716923662669,0.9420720050402938,0.675146771037182,0.7670973030786992,0.675146771037182,0.675146771037182,0.675146771037182,0.6818397583482938
7,infgain,minmax,gaussian_noise,RandomOverSampler,GradientBoosting,first,0.5,0.1,42,2026-06-03 05:52:31,20260603-054739,log/stroke_prediction_v7/7/infgain/minmax__gaussian_noise__RandomOverSampler/GradientBoosting,1780436867126_ba5f39ad17804371514516789,0.812133072407045,0.5666404911479155,0.7304938271604938,0.5713087248322148,0.9376964910182718,0.812133072407045,0.8611782397982638,0.812133072407045,0.812133072407045,0.812133072407045,0.7632093545900577
7,infgain,minmax,gaussian_noise,RandomOverSampler,GradientBoosting,first,0.5,0.15,42,2026-06-03 05:52:58,20260603-054739,log/stroke_prediction_v7/7/infgain/minmax__gaussian_noise__RandomOverSampler/GradientBoosting,1780436867126_ba5f39ad17804371786440875,0.8279009126466753,0.5639439230680107,0.7043317289892632,0.5721602434077079,0.9349828556806165,0.8279009126466753,0.871027501051223,0.8279009126466753,0.8279009126466753,0.8279009126466753,0.7679643775012986
7,infgain,minmax,gaussian_noise,RandomOverSampler,GradientBoosting,first,0.5,0.2,42,2026-06-03 05:53:24,20260603-054739,log/stroke_prediction_v7/7/infgain/minmax__gaussian_noise__RandomOverSampler/GradientBoosting,1780436867126_ba5f39ad17804372047539173,0.8297455968688845,0.5743150160722486,0.739753086419753,0.586281024037522,0.9388769286024318,0.8297455968688845,0.872600330351956,0.8297455968688845,0.8297455968688845,0.8297455968688845,0.7760249450154187
7,infgain,minmax,gaussian_noise,RandomOverSampler,GradientBoosting,last,0.1,0.1,42,2026-06-03 05:53:31,20260603-054739,log/stroke_prediction_v7/7/infgain/gaussian_noise__RandomOverSampler__minmax/GradientBoosting,1780436867126_ba5f39ad17804372116501504,0.4598825831702544,0.5303436911487759,0.6591358024691358,0.3721688034188034,0.9415154731500216,0.4598825831702544,0.5838758843895829,0.4598825831702544,0.4598825831702544,0.4598825831702544,0.540459233116153
7,infgain,minmax,gaussian_noise,RandomOverSampler,GradientBoosting,last,0.1,0.15,42,2026-06-03 05:53:57,20260603-054739,log/stroke_prediction_v7/7/infgain/gaussian_noise__RandomOverSampler__minmax/GradientBoosting,1780436867126_ba5f39ad17804372376744809,0.4797913950456323,0.5302273071468891,0.6625694187338023,0.382839961038411,0.9414283316900772,0.4797913950456323,0.603850960271978,0.4797913950456323,0.4797913950456323,0.4797913950456323,0.5533427019718881
7,infgain,minmax,gaussian_noise,RandomOverSampler,GradientBoosting,last,0.1,0.2,42,2026-06-03 05:54:22,20260603-054739,log/stroke_prediction_v7/7/infgain/gaussian_noise__RandomOverSampler__minmax/GradientBoosting,1780436867126_ba5f39ad17804372629065483,0.4403131115459882,0.530667144906743,0.6583333333333333,0.361029376401817,0.943075158563258,0.4403131115459882,0.5640838314099444,0.4403131115459882,0.4403131115459882,0.4403131115459882,0.5280997894704929
7,infgain,minmax,gaussian_noise,RandomOverSampler,GradientBoosting,last,0.2,0.1,42,2026-06-03 05:53:38,20260603-054739,log/stroke_prediction_v7/7/infgain/gaussian_noise__RandomOverSampler__minmax/GradientBoosting,1780436867126_ba5f39ad17804372181001818,0.5714285714285714,0.530195587690026,0.6608641975308642,0.4307927061875334,0.9346297473383124,0.5714285714285714,0.6860412647549292,0.5714285714285714,0.5714285714285714,0.5714285714285714,0.6086654774687181
7,infgain,minmax,gaussian_noise,RandomOverSampler,GradientBoosting,last,0.2,0.15,42,2026-06-03 05:54:03,20260603-054739,log/stroke_prediction_v7/7/infgain/gaussian_noise__RandomOverSampler__minmax/GradientBoosting,1780436867126_ba5f39ad17804372439421283,0.5345501955671447,0.5351392515230635,0.6913365420214735,0.4156321426970824,0.9433550289748016,0.5345501955671447,0.6538119422316291,0.5345501955671447,0.5345501955671447,0.5345501955671447,0.5912197732180984
7,infgain,minmax,gaussian_noise,RandomOverSampler,GradientBoosting,last,0.2,0.2,42,2026-06-03 05:54:28,20260603-054739,log/stroke_prediction_v7/7/infgain/gaussian_noise__RandomOverSampler__minmax/GradientBoosting,1780436867126_ba5f39ad17804372689842320,0.5821917808219178,0.538423020559042,0.7044650205761317,0.4429223744292237,0.941970990182757,0.5821917808219178,0.6942069002493096,0.5821917808219178,0.5821917808219178,0.5821917808219178,0.62193200666234
7,infgain,minmax,gaussian_noise,RandomOverSampler,GradientBoosting,last,0.3,0.1,42,2026-06-03 05:53:44,20260603-054739,log/stroke_prediction_v7/7/infgain/gaussian_noise__RandomOverSampler__minmax/GradientBoosting,1780436867126_ba5f39ad17804372246076584,0.6575342465753424,0.5376178660049628,0.6871604938271605,0.4774165648868345,0.9353261497671572,0.6575342465753424,0.7541974024148418,0.6575342465753424,0.6575342465753424,0.6575342465753424,0.6637662446853163
7,infgain,minmax,gaussian_noise,RandomOverSampler,GradientBoosting,last,0.3,0.15,42,2026-06-03 05:54:10,20260603-054739,log/stroke_prediction_v7/7/infgain/gaussian_noise__RandomOverSampler__minmax/GradientBoosting,1780436867126_ba5f39ad17804372503398053,0.6479791395045632,0.5390286806329718,0.6996112550907072,0.47413460366473,0.9385136964954734,0.6479791395045632,0.7473188742701823,0.6479791395045632,0.6479791395045632,0.6479791395045632,0.6601250407139773
7,infgain,minmax,gaussian_noise,RandomOverSampler,GradientBoosting,last,0.3,0.2,42,2026-06-03 05:54:35,20260603-054739,log/stroke_prediction_v7/7/infgain/gaussian_noise__RandomOverSampler__minmax/GradientBoosting,1780436867126_ba5f39ad17804372751061903,0.6585127201565558,0.5449943987820941,0.7256172839506173,0.4851905576363781,0.9414485363095698,0.6585127201565558,0.7546729081314942,0.6585127201565558,0.6585127201565558,0.6585127201565558,0.6705906298320312
7,infgain,minmax,gaussian_noise,RandomOverSampler,GradientBoosting,last,0.5,0.1,42,2026-06-03 05:53:51,20260603-054739,log/stroke_prediction_v7/7/infgain/gaussian_noise__RandomOverSampler__minmax/GradientBoosting,1780436867126_ba5f39ad17804372311435068,0.8317025440313112,0.5705128205128205,0.7218106995884774,0.5818489761741645,0.9364959893335626,0.8317025440313112,0.8734502287871889,0.8317025440313112,0.8317025440313112,0.8317025440313112,0.7738578493002134
7,infgain,minmax,gaussian_noise,RandomOverSampler,GradientBoosting,last,0.5,0.15,42,2026-06-03 05:54:16,20260603-054739,log/stroke_prediction_v7/7/infgain/gaussian_noise__RandomOverSampler__minmax/GradientBoosting,1780436867126_ba5f39ad17804372567147684,0.7900912646675359,0.5437659422507908,0.6588115512773047,0.5351777614665085,0.9291010402977532,0.7900912646675359,0.8461901870269168,0.7900912646675359,0.7900912646675359,0.7900912646675359,0.7364095515236129
7,infgain,minmax,gaussian_noise,RandomOverSampler,GradientBoosting,last,0.5,0.2,42,2026-06-03 05:54:41,20260603-054739,log/stroke_prediction_v7/7/infgain/gaussian_noise__RandomOverSampler__minmax/GradientBoosting,1780436867126_ba5f39ad17804372812778496,0.8072407045009785,0.5691565084579695,0.7468930041152264,0.5729337024192094,0.9399565570249532,0.8072407045009785,0.858311583422368,0.8072407045009785,0.8072407045009785,0.8072407045009784,0.7631836816364428
7,infgain,minmax,gaussian_noise,noImbl,GradientBoosting,first,0.1,0.1,42,2026-06-03 05:54:47,20260603-054739,log/stroke_prediction_v7/7/infgain/minmax__gaussian_noise__noImbl/GradientBoosting,1780436867126_ba5f39ad17804372874368897,0.863013698630137,0.5722506393861893,0.681358024691358,0.5899440572267057,0.9316119538941244,0.863013698630137,0.8918268022794198,0.863013698630137,0.863013698630137,0.863013698630137,0.7859931701751408
7,infgain,minmax,gaussian_noise,noImbl,GradientBoosting,first,0.1,0.15,42,2026-06-03 05:54:57,20260603-054739,log/stroke_prediction_v7/7/infgain/minmax__gaussian_noise__noImbl/GradientBoosting,1780436867126_ba5f39ad17804372979073331,0.8735332464146024,0.5795920268256334,0.6898185857089967,0.6007202159574525,0.9338550966954692,0.8735332464146024,0.8989212098167659,0.8735332464146024,0.8735332464146024,0.8735332464146023,0.7946860833549834
7,infgain,minmax,gaussian_noise,noImbl,GradientBoosting,first,0.1,0.2,42,2026-06-03 05:55:08,20260603-054739,log/stroke_prediction_v7/7/infgain/minmax__gaussian_noise__noImbl/GradientBoosting,1780436867126_ba5f39ad17804373083536550,0.8786692759295499,0.5953604691272854,0.7275308641975309,0.6222937529804482,0.9381566894313376,0.8786692759295499,0.9030279954496544,0.8786692759295499,0.8786692759295499,0.87866927592955,0.8063707749119505
7,infgain,minmax,gaussian_noise,noImbl,GradientBoosting,first,0.2,0.1,42,2026-06-03 05:54:50,20260603-054739,log/stroke_prediction_v7/7/infgain/minmax__gaussian_noise__noImbl/GradientBoosting,1780436867126_ba5f39ad17804372900728988,0.929549902152642,0.5986394557823128,0.5835390946502058,0.5902530292230934,0.9239053742827854,0.929549902152642,0.9266312193747532,0.929549902152642,0.929549902152642,0.929549902152642,0.809960990622264
7,infgain,minmax,gaussian_noise,noImbl,GradientBoosting,first,0.2,0.15,42,2026-06-03 05:55:00,20260603-054739,log/stroke_prediction_v7/7/infgain/minmax__gaussian_noise__noImbl/GradientBoosting,1780436867126_ba5f39ad17804373004798231,0.9282920469361148,0.5978653398603644,0.5902998889300259,0.5938790638568252,0.9254557661886836,0.9282920469361148,0.9268506116642214,0.9282920469361148,0.9282920469361148,0.9282920469361148,0.8107883696005102
7,infgain,minmax,gaussian_noise,noImbl,GradientBoosting,first,0.2,0.2,42,2026-06-03 05:55:10,20260603-054739,log/stroke_prediction_v7/7/infgain/minmax__gaussian_noise__noImbl/GradientBoosting,1780436867126_ba5f39ad17804373108641643,0.9393346379647748,0.6293346774193548,0.5791975308641976,0.5967158859470468,0.9264448267154852,0.939334637964775,0.9320603544824452,0.9393346379647748,0.9393346379647748,0.9393346379647748,0.8185479947502374
7,infgain,minmax,gaussian_noise,noImbl,GradientBoosting,first,0.3,0.1,42,2026-06-03 05:54:52,20260603-054739,log/stroke_prediction_v7/7/infgain/minmax__gaussian_noise__noImbl/GradientBoosting,1780436867126_ba5f39ad17804372926940481,0.943248532289628,0.6280439121756487,0.552798353909465,0.5710233029381965,0.9239895941971242,0.943248532289628,0.9315187456504024,0.943248532289628,0.943248532289628,0.943248532289628,0.8131639062323648
7,infgain,minmax,gaussian_noise,noImbl,GradientBoosting,first,0.3,0.15,42,2026-06-03 05:55:03,20260603-054739,log/stroke_prediction_v7/7/infgain/minmax__gaussian_noise__noImbl/GradientBoosting,1780436867126_ba5f39ad17804373031687398,0.9452411994784876,0.6319628647214854,0.5478896704924102,0.5658490566037736,0.9249478660529328,0.9452411994784876,0.932541880888539,0.9452411994784876,0.9452411994784876,0.9452411994784876,0.8133351605419246
7,infgain,minmax,gaussian_noise,noImbl,GradientBoosting,first,0.3,0.2,42,2026-06-03 05:55:13,20260603-054739,log/stroke_prediction_v7/7/infgain/minmax__gaussian_noise__noImbl/GradientBoosting,1780436867126_ba5f39ad17804373133841025,0.9354207436399216,0.6116039533222196,0.5771399176954732,0.5903061224489795,0.9245589645097682,0.9354207436399216,0.9295339270737648,0.9354207436399216,0.9354207436399216,0.9354207436399216,0.8134745884371262
7,infgain,minmax,gaussian_noise,noImbl,GradientBoosting,first,0.5,0.1,42,2026-06-03 05:54:55,20260603-054739,log/stroke_prediction_v7/7/infgain/minmax__gaussian_noise__noImbl/GradientBoosting,1780436867126_ba5f39ad17804372952932113,0.9471624266144814,0.475442043222004,0.4979423868312758,0.4864321608040201,0.9043633385749272,0.9471624266144816,0.9252682197681164,0.9471624266144814,0.9471624266144814,0.9471624266144814,0.7783948045944336
7,infgain,minmax,gaussian_noise,noImbl,GradientBoosting,first,0.5,0.15,42,2026-06-03 05:55:05,20260603-054739,log/stroke_prediction_v7/7/infgain/minmax__gaussian_noise__noImbl/GradientBoosting,1780436867126_ba5f39ad17804373057889491,0.9504563233376792,0.6431064572425829,0.5121436504998149,0.5122824631860776,0.9229927347772764,0.9504563233376792,0.9299640107583744,0.9504563233376792,0.9504563233376792,0.9504563233376792,0.8043437846787066
7,infgain,minmax,gaussian_noise,noImbl,GradientBoosting,first,0.5,0.2,42,2026-06-03 05:55:15,20260603-054739,log/stroke_prediction_v7/7/infgain/minmax__gaussian_noise__noImbl/GradientBoosting,1780436867126_ba5f39ad17804373159061712,0.949119373776908,0.6009332023575638,0.5084567901234568,0.5054531918853528,0.9175285179873816,0.949119373776908,0.9280360634804086,0.949119373776908,0.949119373776908,0.949119373776908,0.7973629888624674
7,infgain,minmax,gaussian_noise,noImbl,GradientBoosting,last,0.1,0.1,42,2026-06-03 05:55:18,20260603-054739,log/stroke_prediction_v7/7/infgain/gaussian_noise__noImbl__minmax/GradientBoosting,1780436867126_ba5f39ad17804373189791518,0.8571428571428571,0.5565993891913424,0.640329218106996,0.5682373230551987,0.926067492459738,0.8571428571428571,0.8868628044293866,0.8571428571428571,0.8571428571428571,0.8571428571428571,0.773421771955638
7,infgain,minmax,gaussian_noise,noImbl,GradientBoosting,last,0.1,0.15,42,2026-06-03 05:55:29,20260603-054739,log/stroke_prediction_v7/7/infgain/gaussian_noise__noImbl__minmax/GradientBoosting,1780436867126_ba5f39ad17804373291056607,0.8670143415906127,0.5668025850130789,0.6607367641614217,0.5829744136460554,0.929885913648735,0.8670143415906127,0.8939375575095281,0.8670143415906127,0.8670143415906127,0.8670143415906127,0.784085058591906
7,infgain,minmax,gaussian_noise,noImbl,GradientBoosting,last,0.1,0.2,42,2026-06-03 05:55:39,20260603-054739,log/stroke_prediction_v7/7/infgain/gaussian_noise__noImbl__minmax/GradientBoosting,1780436867126_ba5f39ad17804373390787110,0.8874755381604696,0.5918932601224723,0.6942181069958848,0.616670417445361,0.9342636876991476,0.8874755381604696,0.907336682054593,0.8874755381604696,0.8874755381604696,0.8874755381604696,0.8056287856709312
7,infgain,minmax,gaussian_noise,noImbl,GradientBoosting,last,0.2,0.1,42,2026-06-03 05:55:21,20260603-054739,log/stroke_prediction_v7/7/infgain/gaussian_noise__noImbl__minmax/GradientBoosting,1780436867126_ba5f39ad17804373214680743,0.929549902152642,0.6109675694939416,0.6025102880658436,0.6065195071868583,0.9268094089684812,0.929549902152642,0.9281545224767638,0.929549902152642,0.929549902152642,0.929549902152642,0.8160497919634266
7,infgain,minmax,gaussian_noise,noImbl,GradientBoosting,last,0.2,0.15,42,2026-06-03 05:55:31,20260603-054739,log/stroke_prediction_v7/7/infgain/gaussian_noise__noImbl__minmax/GradientBoosting,1780436867126_ba5f39ad17804373315885215,0.9256844850065188,0.5912752697978416,0.5889300259163273,0.5900818542375742,0.9247221563296594,0.9256844850065188,0.925200907728754,0.9256844850065188,0.9256844850065188,0.925684485006519,0.8080589535019396
7,infgain,minmax,gaussian_noise,noImbl,GradientBoosting,last,0.2,0.2,42,2026-06-03 05:55:41,20260603-054739,log/stroke_prediction_v7/7/infgain/gaussian_noise__noImbl__minmax/GradientBoosting,1780436867126_ba5f39ad17804373414733227,0.9334637964774952,0.6288111173080497,0.6140534979423868,0.6208619749045281,0.9295496292933052,0.933463796477495,0.9314426640104284,0.9334637964774952,0.9334637964774952,0.9334637964774952,0.8234726388826155
7,infgain,minmax,gaussian_noise,noImbl,GradientBoosting,last,0.3,0.1,42,2026-06-03 05:55:23,20260603-054739,log/stroke_prediction_v7/7/infgain/gaussian_noise__noImbl__minmax/GradientBoosting,1780436867126_ba5f39ad17804373239932114,0.9393346379647748,0.6029559118236472,0.5507407407407408,0.565345040471944,0.9213760201420452,0.939334637964775,0.9290775392993598,0.9393346379647748,0.9393346379647748,0.9393346379647748,0.8074045094222487
7,infgain,minmax,gaussian_noise,noImbl,GradientBoosting,last,0.3,0.15,42,2026-06-03 05:55:34,20260603-054739,log/stroke_prediction_v7/7/infgain/gaussian_noise__noImbl__minmax/GradientBoosting,1780436867126_ba5f39ad17804373341662853,0.9322033898305084,0.5647791023842917,0.541040355423917,0.5490275893260969,0.9179344854636652,0.9322033898305084,0.9246157502165598,0.9322033898305084,0.9322033898305084,0.9322033898305084,0.796303251190789
7,infgain,minmax,gaussian_noise,noImbl,GradientBoosting,last,0.3,0.2,42,2026-06-03 05:55:43,20260603-054739,log/stroke_prediction_v7/7/infgain/gaussian_noise__noImbl__minmax/GradientBoosting,1780436867126_ba5f39ad17804373438448903,0.946183953033268,0.6545800409716125,0.5543415637860082,0.5756422742131527,0.9267043394744936,0.946183953033268,0.933379895021683,0.946183953033268,0.946183953033268,0.946183953033268,0.8183895010217439
7,infgain,minmax,gaussian_noise,noImbl,GradientBoosting,last,0.5,0.1,42,2026-06-03 05:55:26,20260603-054739,log/stroke_prediction_v7/7/infgain/gaussian_noise__noImbl__minmax/GradientBoosting,1780436867126_ba5f39ad17804373265724085,0.943248532289628,0.5595709570957095,0.5148559670781893,0.5176263793496305,0.9140306007117346,0.943248532289628,0.9264009887357532,0.943248532289628,0.943248532289628,0.943248532289628,0.792749270617222
7,infgain,minmax,gaussian_noise,noImbl,GradientBoosting,last,0.5,0.15,42,2026-06-03 05:55:36,20260603-054739,log/stroke_prediction_v7/7/infgain/gaussian_noise__noImbl__minmax/GradientBoosting,1780436867126_ba5f39ad17804373366281713,0.9504563233376792,0.4758485639686684,0.4993150684931506,0.4872994652406417,0.9057873577500076,0.9504563233376792,0.927584379727949,0.9504563233376792,0.9504563233376792,0.9504563233376792,0.7805102051015428
7,infgain,minmax,gaussian_noise,noImbl,GradientBoosting,last,0.5,0.2,42,2026-06-03 05:55:46,20260603-054739,log/stroke_prediction_v7/7/infgain/gaussian_noise__noImbl__minmax/GradientBoosting,1780436867126_ba5f39ad17804373462593937,0.946183953033268,0.5472906403940886,0.5069135802469136,0.5037038999108238,0.9121513886612744,0.9461839530332682,0.926467225277553,0.946183953033268,0.946183953033268,0.946183953033268,0.7896348109217913
7,infgain,minmax,noAug,ADASYN,GradientBoosting,first,0.1,0.1,42,2026-06-03 05:55:48,20260603-054739,log/stroke_prediction_v7/7/infgain/minmax__noAug__ADASYN/GradientBoosting,1780436867126_ba5f39ad17804373486789737,0.5459882583170255,0.5345350869125356,0.6854320987654321,0.42156212186268,0.9406821651794433,0.5459882583170255,0.6635893324342126,0.5459882583170255,0.5459882583170255,0.5459882583170255,0.597232956557085
7,infgain,minmax,noAug,ADASYN,GradientBoosting,first,0.1,0.15,42,2026-06-03 05:56:02,20260603-054739,log/stroke_prediction_v7/7/infgain/minmax__noAug__ADASYN/GradientBoosting,1780436867126_ba5f39ad17804373628960463,0.5671447196870926,0.536100293776047,0.6956312476860422,0.4330661679579659,0.9420208061600956,0.5671447196870925,0.6821718954332602,0.5671447196870926,0.5671447196870926,0.5671447196870926,0.6115188321457392
7,infgain,minmax,noAug,ADASYN,GradientBoosting,first,0.1,0.2,42,2026-06-03 05:56:16,20260603-054739,log/stroke_prediction_v7/7/infgain/minmax__noAug__ADASYN/GradientBoosting,1780436867126_ba5f39ad17804373765092127,0.5743639921722113,0.5375428463469273,0.7003497942386832,0.4383019046716573,0.941698756476832,0.5743639921722113,0.6877039815613408,0.5743639921722113,0.5743639921722113,0.5743639921722113,0.6166056195100783
7,infgain,minmax,noAug,ADASYN,GradientBoosting,first,0.2,0.1,42,2026-06-03 05:55:52,20260603-054739,log/stroke_prediction_v7/7/infgain/minmax__noAug__ADASYN/GradientBoosting,1780436867126_ba5f39ad17804373523342290,0.6575342465753424,0.5339632362717723,0.6681893004115227,0.4737136366578977,0.9323285212364284,0.6575342465753424,0.7543139716643283,0.6575342465753424,0.6575342465753424,0.6575342465753424,0.660665945670443
7,infgain,minmax,noAug,ADASYN,GradientBoosting,first,0.2,0.15,42,2026-06-03 05:56:06,20260603-054739,log/stroke_prediction_v7/7/infgain/minmax__noAug__ADASYN/GradientBoosting,1780436867126_ba5f39ad17804373662947757,0.6805736636245111,0.5465272462593609,0.7295631247686042,0.4961969795679811,0.9418215749148886,0.6805736636245111,0.7715699150231001,0.6805736636245111,0.6805736636245111,0.6805736636245111,0.6841856942327518
7,infgain,minmax,noAug,ADASYN,GradientBoosting,first,0.2,0.2,42,2026-06-03 05:56:19,20260603-054739,log/stroke_prediction_v7/7/infgain/minmax__noAug__ADASYN/GradientBoosting,1780436867126_ba5f39ad17804373797095757,0.6585127201565558,0.5413930963420917,0.7066460905349794,0.48162918286524,0.9383941741249442,0.6585127201565558,0.7548061031040896,0.6585127201565558,0.6585127201565558,0.6585127201565558,0.6675137170582232
7,infgain,minmax,noAug,ADASYN,GradientBoosting,first,0.3,0.1,42,2026-06-03 05:55:55,20260603-054739,log/stroke_prediction_v7/7/infgain/minmax__noAug__ADASYN/GradientBoosting,1780436867126_ba5f39ad17804373558730711,0.7690802348336595,0.5393157262905162,0.6509465020576132,0.5230796001012402,0.9273063432809524,0.7690802348336595,0.8320885717950967,0.7690802348336595,0.7690802348336595,0.7690802348336595,0.7226641768808223
7,infgain,minmax,noAug,ADASYN,GradientBoosting,first,0.3,0.15,42,2026-06-03 05:56:09,20260603-054739,log/stroke_prediction_v7/7/infgain/minmax__noAug__ADASYN/GradientBoosting,1780436867126_ba5f39ad17804373696861506,0.788787483702738,0.5525469513763828,0.6966123657904479,0.5458021406012399,0.9341662728266488,0.788787483702738,0.8459605056089727,0.788787483702738,0.788787483702738,0.788787483702738,0.7426119494119747
7,infgain,minmax,noAug,ADASYN,GradientBoosting,first,0.3,0.2,42,2026-06-03 05:56:22,20260603-054739,log/stroke_prediction_v7/7/infgain/minmax__noAug__ADASYN/GradientBoosting,1780436867126_ba5f39ad17804373828974593,0.7524461839530333,0.5374965031408153,0.651687242798354,0.5151211700130706,0.927621711229132,0.7524461839530333,0.8211542649118756,0.7524461839530333,0.7524461839530333,0.7524461839530332,0.7131003345367852
7,infgain,minmax,noAug,ADASYN,GradientBoosting,first,0.5,0.1,42,2026-06-03 05:55:59,20260603-054739,log/stroke_prediction_v7/7/infgain/minmax__noAug__ADASYN/GradientBoosting,1780436867126_ba5f39ad17804373594123210,0.8923679060665362,0.5764713822894167,0.6398765432098765,0.5943097997892519,0.927382942437012,0.8923679060665363,0.9080193591358916,0.8923679060665362,0.8923679060665362,0.8923679060665362,0.7966696230590162
7,infgain,minmax,noAug,ADASYN,GradientBoosting,first,0.5,0.15,42,2026-06-03 05:56:13,20260603-054739,log/stroke_prediction_v7/7/infgain/minmax__noAug__ADASYN/GradientBoosting,1780436867126_ba5f39ad17804373731858537,0.8917861799217731,0.5622843558024068,0.6096075527582376,0.5757206171481889,0.9241619534485572,0.8917861799217731,0.9065868331634364,0.8917861799217731,0.8917861799217731,0.8917861799217731,0.788665975716373
7,infgain,minmax,noAug,ADASYN,GradientBoosting,first,0.5,0.2,42,2026-06-03 05:56:26,20260603-054739,log/stroke_prediction_v7/7/infgain/minmax__noAug__ADASYN/GradientBoosting,1780436867126_ba5f39ad17804373860867246,0.8806262230919765,0.5463048855905999,0.5862757201646089,0.555664842057247,0.9194819717604176,0.8806262230919764,0.8984730723936548,0.8806262230919765,0.8806262230919765,0.8806262230919764,0.7755774341559882
7,infgain,minmax,noAug,ADASYN,GradientBoosting,last,0.1,0.1,42,2026-06-03 05:56:29,20260603-054739,log/stroke_prediction_v7/7/infgain/noAug__ADASYN__minmax/GradientBoosting,1780436867126_ba5f39ad17804373897568123,0.5929549902152642,0.529109589041096,0.6532098765432099,0.4400943992582915,0.932297670428652,0.5929549902152642,0.704022236079132,0.5929549902152642,0.5929549902152642,0.5929549902152642,0.6202612049880148
7,infgain,minmax,noAug,ADASYN,GradientBoosting,last,0.1,0.15,42,2026-06-03 05:56:42,20260603-054739,log/stroke_prediction_v7/7/infgain/noAug__ADASYN__minmax/GradientBoosting,1780436867126_ba5f39ad17804374024330244,0.6088657105606258,0.5338425044782804,0.6790633098852277,0.4513172201980122,0.9368741464555318,0.6088657105606258,0.7169646747510322,0.6088657105606258,0.6088657105606258,0.6088657105606258,0.6337665645485109
7,infgain,minmax,noAug,ADASYN,GradientBoosting,last,0.1,0.2,42,2026-06-03 05:56:54,20260603-054739,log/stroke_prediction_v7/7/infgain/noAug__ADASYN__minmax/GradientBoosting,1780436867126_ba5f39ad17804374143967236,0.601761252446184,0.535457909886624,0.6862962962962963,0.4498799785746877,0.9376400272544811,0.601761252446184,0.7106519236575918,0.601761252446184,0.601761252446184,0.601761252446184,0.6307237096570556
7,infgain,minmax,noAug,ADASYN,GradientBoosting,last,0.2,0.1,42,2026-06-03 05:56:32,20260603-054739,log/stroke_prediction_v7/7/infgain/noAug__ADASYN__minmax/GradientBoosting,1780436867126_ba5f39ad17804373929112270,0.7240704500978473,0.5376712328767123,0.6652263374485596,0.5048755849671182,0.9300458408170924,0.7240704500978473,0.8020780344531951,0.7240704500978473,0.7240704500978473,0.7240704500978472,0.6989655640664222
7,infgain,minmax,noAug,ADASYN,GradientBoosting,last,0.2,0.15,42,2026-06-03 05:56:45,20260603-054739,log/stroke_prediction_v7/7/infgain/noAug__ADASYN__minmax/GradientBoosting,1780436867126_ba5f39ad17804374054516865,0.7314211212516297,0.5408072126727335,0.6793039614957423,0.5109266275412921,0.93278180805901,0.7314211212516297,0.80763086859229,0.7314211212516297,0.7314211212516297,0.7314211212516297,0.7056413711434377
7,infgain,minmax,noAug,ADASYN,GradientBoosting,last,0.2,0.2,42,2026-06-03 05:56:57,20260603-054739,log/stroke_prediction_v7/7/infgain/noAug__ADASYN__minmax/GradientBoosting,1780436867126_ba5f39ad17804374173501360,0.726027397260274,0.5400684931506848,0.6757407407407408,0.5083871056411102,0.93151623193845,0.726027397260274,0.8034817363365057,0.726027397260274,0.726027397260274,0.726027397260274,0.7019238317837393
7,infgain,minmax,noAug,ADASYN,GradientBoosting,last,0.3,0.1,42,2026-06-03 05:56:36,20260603-054739,log/stroke_prediction_v7/7/infgain/noAug__ADASYN__minmax/GradientBoosting,1780436867126_ba5f39ad17804373961804114,0.7827788649706457,0.5383359782362276,0.6391769547325103,0.5263184266566454,0.9255805513790688,0.7827788649706457,0.8407552938448215,0.7827788649706457,0.7827788649706457,0.7827788649706457,0.7284819524982589
7,infgain,minmax,noAug,ADASYN,GradientBoosting,last,0.3,0.15,42,2026-06-03 05:56:48,20260603-054739,log/stroke_prediction_v7/7/infgain/noAug__ADASYN__minmax/GradientBoosting,1780436867126_ba5f39ad17804374084418252,0.7953063885267275,0.5484967051070839,0.6743798593113661,0.5428093048684645,0.9311345364489474,0.7953063885267275,0.8497926013161421,0.7953063885267275,0.7953063885267275,0.7953063885267275,0.7424139514251215
7,infgain,minmax,noAug,ADASYN,GradientBoosting,last,0.3,0.2,42,2026-06-03 05:57:00,20260603-054739,log/stroke_prediction_v7/7/infgain/noAug__ADASYN__minmax/GradientBoosting,1780436867126_ba5f39ad17804374202161455,0.8043052837573386,0.5497222893021009,0.6694650205761317,0.5473710317460317,0.9295370480201092,0.8043052837573386,0.855024772466064,0.8043052837573386,0.8043052837573386,0.8043052837573386,0.7469539199245838
7,infgain,minmax,noAug,ADASYN,GradientBoosting,last,0.5,0.1,42,2026-06-03 05:56:39,20260603-054739,log/stroke_prediction_v7/7/infgain/noAug__ADASYN__minmax/GradientBoosting,1780436867126_ba5f39ad17804373993452578,0.9197651663405088,0.5979556479556479,0.6163374485596709,0.6060731409231926,0.9269006323800844,0.9197651663405088,0.9232047718823654,0.9197651663405088,0.9197651663405088,0.9197651663405088,0.8114171263465774
7,infgain,minmax,noAug,ADASYN,GradientBoosting,last,0.5,0.15,42,2026-06-03 05:56:51,20260603-054739,log/stroke_prediction_v7/7/infgain/noAug__ADASYN__minmax/GradientBoosting,1780436867126_ba5f39ad17804374114511836,0.9126466753585396,0.5991937914406269,0.646223620881155,0.6165372016147687,0.9308317281659912,0.9126466753585396,0.9209939750634828,0.9126466753585396,0.9126466753585396,0.9126466753585396,0.8133132606939307
7,infgain,minmax,noAug,ADASYN,GradientBoosting,last,0.5,0.2,42,2026-06-03 05:57:03,20260603-054739,log/stroke_prediction_v7/7/infgain/noAug__ADASYN__minmax/GradientBoosting,1780436867126_ba5f39ad17804374230859097,0.9187866927592956,0.6053130777268708,0.6347942386831276,0.6176166970946875,0.9293295273455878,0.9187866927592956,0.923767453437321,0.9187866927592956,0.9187866927592956,0.9187866927592956,0.8156659840590779
7,infgain,minmax,noAug,RandomOverSampler,GradientBoosting,first,0.1,0.1,42,2026-06-03 05:57:06,20260603-054739,log/stroke_prediction_v7/7/infgain/minmax__noAug__RandomOverSampler/GradientBoosting,1780436867126_ba5f39ad17804374262165712,0.6007827788649707,0.5335747202106649,0.6762962962962963,0.4477431659249841,0.935950240205924,0.6007827788649707,0.7100155137515038,0.6007827788649707,0.6007827788649707,0.6007827788649707,0.6285590391687497
7,infgain,minmax,noAug,RandomOverSampler,GradientBoosting,first,0.1,0.15,42,2026-06-03 05:57:15,20260603-054739,log/stroke_prediction_v7/7/infgain/minmax__noAug__RandomOverSampler/GradientBoosting,1780436867126_ba5f39ad17804374357503512,0.5971316818774446,0.537134745880072,0.6985560903369123,0.4486827872570571,0.9408034511827827,0.5971316818774446,0.7071628977392895,0.5971316818774446,0.5971316818774446,0.5971316818774446,0.6298789542404064
7,infgain,minmax,noAug,RandomOverSampler,GradientBoosting,first,0.1,0.2,42,2026-06-03 05:57:24,20260603-054739,log/stroke_prediction_v7/7/infgain/minmax__noAug__RandomOverSampler/GradientBoosting,1780436867126_ba5f39ad17804374448555030,0.5459882583170255,0.5398166023166023,0.7138888888888889,0.4255227388365275,0.9462642332016108,0.5459882583170255,0.6628501084113546,0.5459882583170255,0.5459882583170255,0.5459882583170255,0.6016482028547026
7,infgain,minmax,noAug,RandomOverSampler,GradientBoosting,first,0.2,0.1,42,2026-06-03 05:57:08,20260603-054739,log/stroke_prediction_v7/7/infgain/minmax__noAug__RandomOverSampler/GradientBoosting,1780436867126_ba5f39ad17804374285839439,0.6908023483365949,0.5392702966160702,0.6856790123456791,0.4933609437751003,0.9339385217186796,0.6908023483365949,0.7786916256022132,0.6908023483365949,0.6908023483365949,0.6908023483365949,0.6830176078092777
7,infgain,minmax,noAug,RandomOverSampler,GradientBoosting,first,0.2,0.15,42,2026-06-03 05:57:18,20260603-054739,log/stroke_prediction_v7/7/infgain/minmax__noAug__RandomOverSampler/GradientBoosting,1780436867126_ba5f39ad17804374380898473,0.6897001303780965,0.5431755514705882,0.7087004813032209,0.4966525489158008,0.93827879342741,0.6897001303780965,0.7782988098702659,0.6897001303780965,0.6897001303780965,0.6897001303780965,0.6861382385892705
7,infgain,minmax,noAug,RandomOverSampler,GradientBoosting,first,0.2,0.2,42,2026-06-03 05:57:27,20260603-054739,log/stroke_prediction_v7/7/infgain/minmax__noAug__RandomOverSampler/GradientBoosting,1780436867126_ba5f39ad17804374471106614,0.6428571428571429,0.5408742824548841,0.7079012345679012,0.4740448619161556,0.9392988472467592,0.6428571428571429,0.7428616547099212,0.6428571428571429,0.6428571428571429,0.6428571428571429,0.658486271063723
7,infgain,minmax,noAug,RandomOverSampler,GradientBoosting,first,0.3,0.1,42,2026-06-03 05:57:10,20260603-054739,log/stroke_prediction_v7/7/infgain/minmax__noAug__RandomOverSampler/GradientBoosting,1780436867126_ba5f39ad17804374309402542,0.7671232876712328,0.5518037518037517,0.7068312757201647,0.5376479801704671,0.9350558986566816,0.7671232876712328,0.8315038600533922,0.7671232876712328,0.7671232876712328,0.7671232876712328,0.7315911837201315
7,infgain,minmax,noAug,RandomOverSampler,GradientBoosting,first,0.3,0.15,42,2026-06-03 05:57:20,20260603-054739,log/stroke_prediction_v7/7/infgain/minmax__noAug__RandomOverSampler/GradientBoosting,1780436867126_ba5f39ad17804374403705842,0.7692307692307693,0.549779764218163,0.6991669751943724,0.5356332926291162,0.9347912742782546,0.7692307692307693,0.8332124310205602,0.7692307692307693,0.7692307692307693,0.7692307692307693,0.731392967608838
7,infgain,minmax,noAug,RandomOverSampler,GradientBoosting,first,0.3,0.2,42,2026-06-03 05:57:29,20260603-054739,log/stroke_prediction_v7/7/infgain/minmax__noAug__RandomOverSampler/GradientBoosting,1780436867126_ba5f39ad17804374492129501,0.7201565557729941,0.53690157099248,0.6631687242798354,0.502488476752657,0.9298343523125592,0.7201565557729941,0.7993671289076139,0.7201565557729941,0.7201565557729941,0.7201565557729941,0.6963314279167255
7,infgain,minmax,noAug,RandomOverSampler,GradientBoosting,first,0.5,0.1,42,2026-06-03 05:57:13,20260603-054739,log/stroke_prediction_v7/7/infgain/minmax__noAug__RandomOverSampler/GradientBoosting,1780436867126_ba5f39ad17804374334093819,0.8884540117416829,0.586534565199773,0.675761316872428,0.6090178127978307,0.931906438291139,0.8884540117416829,0.9072124602818952,0.8884540117416829,0.8884540117416829,0.8884540117416829,0.8022363776949658
7,infgain,minmax,noAug,RandomOverSampler,GradientBoosting,first,0.5,0.15,42,2026-06-03 05:57:22,20260603-054739,log/stroke_prediction_v7/7/infgain/minmax__noAug__RandomOverSampler/GradientBoosting,1780436867126_ba5f39ad17804374426282723,0.8761408083441982,0.5598114062608938,0.6270455386893743,0.5738215975621882,0.925781816350593,0.876140808344198,0.8981361688809698,0.8761408083441982,0.8761408083441982,0.8761408083441982,0.782513864434239
7,infgain,minmax,noAug,RandomOverSampler,GradientBoosting,first,0.5,0.2,42,2026-06-03 05:57:31,20260603-054739,log/stroke_prediction_v7/7/infgain/minmax__noAug__RandomOverSampler/GradientBoosting,1780436867126_ba5f39ad17804374513702368,0.8639921722113503,0.56072206741495,0.6439300411522634,0.5744664280258212,0.9267103352451608,0.8639921722113503,0.8911244780128413,0.8639921722113503,0.8639921722113503,0.8639921722113503,0.7785717491715767
7,infgain,minmax,noAug,RandomOverSampler,GradientBoosting,last,0.1,0.1,42,2026-06-03 05:57:34,20260603-054739,log/stroke_prediction_v7/7/infgain/noAug__RandomOverSampler__minmax/GradientBoosting,1780436867126_ba5f39ad17804374540624412,0.6007827788649707,0.5335747202106649,0.6762962962962963,0.4477431659249841,0.935950240205924,0.6007827788649707,0.7100155137515038,0.6007827788649707,0.6007827788649707,0.6007827788649707,0.6285590391687497
7,infgain,minmax,noAug,RandomOverSampler,GradientBoosting,last,0.1,0.15,42,2026-06-03 05:57:43,20260603-054739,log/stroke_prediction_v7/7/infgain/noAug__RandomOverSampler__minmax/GradientBoosting,1780436867126_ba5f39ad17804374636109397,0.5971316818774446,0.537134745880072,0.6985560903369123,0.4486827872570571,0.9408034511827827,0.5971316818774446,0.7071628977392895,0.5971316818774446,0.5971316818774446,0.5971316818774446,0.6298789542404064
7,infgain,minmax,noAug,RandomOverSampler,GradientBoosting,last,0.1,0.2,42,2026-06-03 05:57:52,20260603-054739,log/stroke_prediction_v7/7/infgain/noAug__RandomOverSampler__minmax/GradientBoosting,1780436867126_ba5f39ad17804374727413803,0.5459882583170255,0.5398166023166023,0.7138888888888889,0.4255227388365275,0.9462642332016108,0.5459882583170255,0.6628501084113546,0.5459882583170255,0.5459882583170255,0.5459882583170255,0.6016482028547026
7,infgain,minmax,noAug,RandomOverSampler,GradientBoosting,last,0.2,0.1,42,2026-06-03 05:57:36,20260603-054739,log/stroke_prediction_v7/7/infgain/noAug__RandomOverSampler__minmax/GradientBoosting,1780436867126_ba5f39ad17804374563883293,0.6908023483365949,0.5392702966160702,0.6856790123456791,0.4933609437751003,0.9339385217186796,0.6908023483365949,0.7786916256022132,0.6908023483365949,0.6908023483365949,0.6908023483365949,0.6830176078092777
7,infgain,minmax,noAug,RandomOverSampler,GradientBoosting,last,0.2,0.15,42,2026-06-03 05:57:45,20260603-054739,log/stroke_prediction_v7/7/infgain/noAug__RandomOverSampler__minmax/GradientBoosting,1780436867126_ba5f39ad17804374659037118,0.6897001303780965,0.5431755514705882,0.7087004813032209,0.4966525489158008,0.93827879342741,0.6897001303780965,0.7782988098702659,0.6897001303780965,0.6897001303780965,0.6897001303780965,0.6861382385892705
7,infgain,minmax,noAug,RandomOverSampler,GradientBoosting,last,0.2,0.2,42,2026-06-03 05:57:54,20260603-054739,log/stroke_prediction_v7/7/infgain/noAug__RandomOverSampler__minmax/GradientBoosting,1780436867126_ba5f39ad17804374749073350,0.6428571428571429,0.5408742824548841,0.7079012345679012,0.4740448619161556,0.9392988472467592,0.6428571428571429,0.7428616547099212,0.6428571428571429,0.6428571428571429,0.6428571428571429,0.658486271063723
7,infgain,minmax,noAug,RandomOverSampler,GradientBoosting,last,0.3,0.1,42,2026-06-03 05:57:38,20260603-054739,log/stroke_prediction_v7/7/infgain/noAug__RandomOverSampler__minmax/GradientBoosting,1780436867126_ba5f39ad17804374587576046,0.7671232876712328,0.5518037518037517,0.7068312757201647,0.5376479801704671,0.9350558986566816,0.7671232876712328,0.8315038600533922,0.7671232876712328,0.7671232876712328,0.7671232876712328,0.7315911837201315
7,infgain,minmax,noAug,RandomOverSampler,GradientBoosting,last,0.3,0.15,42,2026-06-03 05:57:48,20260603-054739,log/stroke_prediction_v7/7/infgain/noAug__RandomOverSampler__minmax/GradientBoosting,1780436867126_ba5f39ad17804374681980171,0.7692307692307693,0.549779764218163,0.6991669751943724,0.5356332926291162,0.9347912742782546,0.7692307692307693,0.8332124310205602,0.7692307692307693,0.7692307692307693,0.7692307692307693,0.731392967608838
7,infgain,minmax,noAug,RandomOverSampler,GradientBoosting,last,0.3,0.2,42,2026-06-03 05:57:57,20260603-054739,log/stroke_prediction_v7/7/infgain/noAug__RandomOverSampler__minmax/GradientBoosting,1780436867126_ba5f39ad17804374771521082,0.7201565557729941,0.53690157099248,0.6631687242798354,0.502488476752657,0.9298343523125592,0.7201565557729941,0.7993671289076139,0.7201565557729941,0.7201565557729941,0.7201565557729941,0.6963314279167255
7,infgain,minmax,noAug,RandomOverSampler,GradientBoosting,last,0.5,0.1,42,2026-06-03 05:57:41,20260603-054739,log/stroke_prediction_v7/7/infgain/noAug__RandomOverSampler__minmax/GradientBoosting,1780436867126_ba5f39ad17804374611674039,0.8884540117416829,0.586534565199773,0.675761316872428,0.6090178127978307,0.931906438291139,0.8884540117416829,0.9072124602818952,0.8884540117416829,0.8884540117416829,0.8884540117416829,0.8022363776949658
7,infgain,minmax,noAug,RandomOverSampler,GradientBoosting,last,0.5,0.15,42,2026-06-03 05:57:50,20260603-054739,log/stroke_prediction_v7/7/infgain/noAug__RandomOverSampler__minmax/GradientBoosting,1780436867126_ba5f39ad17804374704925789,0.8761408083441982,0.5598114062608938,0.6270455386893743,0.5738215975621882,0.925781816350593,0.876140808344198,0.8981361688809698,0.8761408083441982,0.8761408083441982,0.8761408083441982,0.782513864434239
7,infgain,minmax,noAug,RandomOverSampler,GradientBoosting,last,0.5,0.2,42,2026-06-03 05:57:59,20260603-054739,log/stroke_prediction_v7/7/infgain/noAug__RandomOverSampler__minmax/GradientBoosting,1780436867126_ba5f39ad17804374793089091,0.8639921722113503,0.56072206741495,0.6439300411522634,0.5744664280258212,0.9267103352451608,0.8639921722113503,0.8911244780128413,0.8639921722113503,0.8639921722113503,0.8639921722113503,0.7785717491715767
7,infgain,minmax,noAug,noImbl,GradientBoosting,first,0.1,0.1,42,2026-06-03 05:58:01,20260603-054739,log/stroke_prediction_v7/7/infgain/minmax__noAug__noImbl/GradientBoosting,1780436867126_ba5f39ad17804374817559941,0.8708414872798435,0.5585720713964302,0.628559670781893,0.5719616204690832,0.924872836593004,0.8708414872798435,0.8946398841687564,0.8708414872798435,0.8708414872798435,0.8708414872798435,0.7795272784847458
7,infgain,minmax,noAug,noImbl,GradientBoosting,first,0.1,0.15,42,2026-06-03 05:58:06,20260603-054739,log/stroke_prediction_v7/7/infgain/minmax__noAug__noImbl/GradientBoosting,1780436867126_ba5f39ad17804374865981700,0.8826597131681877,0.5829952670723462,0.6817845242502777,0.6051818805765271,0.9331933465738944,0.8826597131681877,0.9042365275221272,0.8826597131681877,0.8826597131681877,0.8826597131681877,0.799273960271725
7,infgain,minmax,noAug,noImbl,GradientBoosting,first,0.1,0.2,42,2026-06-03 05:58:11,20260603-054739,log/stroke_prediction_v7/7/infgain/minmax__noAug__noImbl/GradientBoosting,1780436867126_ba5f39ad17804374913593406,0.8747553816046967,0.5807291666666666,0.6875308641975308,0.602102394393615,0.9327969201379182,0.8747553816046967,0.8992490305740137,0.8747553816046967,0.8747553816046967,0.8747553816046967,0.7952105614872345
7,infgain,minmax,noAug,noImbl,GradientBoosting,first,0.2,0.1,42,2026-06-03 05:58:02,20260603-054739,log/stroke_prediction_v7/7/infgain/minmax__noAug__noImbl/GradientBoosting,1780436867126_ba5f39ad17804374829370187,0.9275929549902152,0.5931864658858524,0.5825102880658436,0.5874086197490452,0.923296511875384,0.9275929549902152,0.9253934873054664,0.9275929549902152,0.9275929549902152,0.9275929549902152,0.8078568246369706
7,infgain,minmax,noAug,noImbl,GradientBoosting,first,0.2,0.15,42,2026-06-03 05:58:07,20260603-054739,log/stroke_prediction_v7/7/infgain/minmax__noAug__noImbl/GradientBoosting,1780436867126_ba5f39ad17804374877875888,0.938722294654498,0.641769766093176,0.6086079229914846,0.6224642614023145,0.9312045091213,0.938722294654498,0.9346677044845982,0.938722294654498,0.938722294654498,0.938722294654498,0.827216932565432
7,infgain,minmax,noAug,noImbl,GradientBoosting,first,0.2,0.2,42,2026-06-03 05:58:12,20260603-054739,log/stroke_prediction_v7/7/infgain/minmax__noAug__noImbl/GradientBoosting,1780436867126_ba5f39ad17804374925262807,0.9334637964774952,0.6234693877551021,0.6045679012345679,0.6130167498218104,0.928176045369224,0.9334637964774952,0.9307072627428228,0.9334637964774952,0.9334637964774952,0.9334637964774952,0.8205654539115822
7,infgain,minmax,noAug,noImbl,GradientBoosting,first,0.3,0.1,42,2026-06-03 05:58:04,20260603-054739,log/stroke_prediction_v7/7/infgain/minmax__noAug__noImbl/GradientBoosting,1780436867126_ba5f39ad17804374841303749,0.9452054794520548,0.6608181818181817,0.572798353909465,0.5969123281496507,0.9289215442092154,0.9452054794520548,0.9349399970978788,0.9452054794520548,0.9452054794520548,0.9452054794520548,0.8241138485616374
7,infgain,minmax,noAug,noImbl,GradientBoosting,first,0.3,0.15,42,2026-06-03 05:58:09,20260603-054739,log/stroke_prediction_v7/7/infgain/minmax__noAug__noImbl/GradientBoosting,1780436867126_ba5f39ad17804374890018880,0.9478487614080836,0.6710875331564987,0.562088115512773,0.586522911051213,0.9299209085658756,0.9478487614080836,0.9357541722747992,0.9478487614080836,0.9478487614080836,0.9478487614080836,0.8237907227856498
7,infgain,minmax,noAug,noImbl,GradientBoosting,first,0.3,0.2,42,2026-06-03 05:58:13,20260603-054739,log/stroke_prediction_v7/7/infgain/minmax__noAug__noImbl/GradientBoosting,1780436867126_ba5f39ad17804374936859348,0.9452054794520548,0.6447543160690571,0.5538271604938272,0.574065253631817,0.9257035783805416,0.9452054794520548,0.932756331416156,0.9452054794520548,0.9452054794520548,0.9452054794520548,0.8165339350323603
7,infgain,minmax,noAug,noImbl,GradientBoosting,first,0.5,0.1,42,2026-06-03 05:58:05,20260603-054739,log/stroke_prediction_v7/7/infgain/minmax__noAug__noImbl/GradientBoosting,1780436867126_ba5f39ad17804374853182979,0.949119373776908,0.6430446194225722,0.5179423868312758,0.5226358148893361,0.9224514743876192,0.949119373776908,0.9296936216122568,0.949119373776908,0.949119373776908,0.949119373776908,0.8058410130501487
7,infgain,minmax,noAug,noImbl,GradientBoosting,first,0.5,0.15,42,2026-06-03 05:58:10,20260603-054739,log/stroke_prediction_v7/7/infgain/minmax__noAug__noImbl/GradientBoosting,1780436867126_ba5f39ad17804374901913455,0.9491525423728814,0.6014089121887287,0.5114587189929655,0.5113292927972816,0.9189139658351289,0.9491525423728812,0.9292514855739904,0.9491525423728814,0.9491525423728814,0.9491525423728814,0.7989262934065254
7,infgain,minmax,noAug,noImbl,GradientBoosting,first,0.5,0.2,42,2026-06-03 05:58:14,20260603-054739,log/stroke_prediction_v7/7/infgain/minmax__noAug__noImbl/GradientBoosting,1780436867126_ba5f39ad17804374949380621,0.949119373776908,0.4754901960784314,0.4989711934156378,0.4869477911646586,0.9044549326579948,0.949119373776908,0.926249027420838,0.949119373776908,0.949119373776908,0.949119373776908,0.7795189045137939
7,infgain,minmax,noAug,noImbl,GradientBoosting,last,0.1,0.1,42,2026-06-03 05:58:16,20260603-054739,log/stroke_prediction_v7/7/infgain/noAug__noImbl__minmax/GradientBoosting,1780436867126_ba5f39ad17804374966830655,0.8708414872798435,0.5585720713964302,0.628559670781893,0.5719616204690832,0.924872836593004,0.8708414872798435,0.8946398841687564,0.8708414872798435,0.8708414872798435,0.8708414872798435,0.7795272784847458
7,infgain,minmax,noAug,noImbl,GradientBoosting,last,0.1,0.15,42,2026-06-03 05:58:21,20260603-054739,log/stroke_prediction_v7/7/infgain/noAug__noImbl__minmax/GradientBoosting,1780436867126_ba5f39ad17804375016139779,0.8826597131681877,0.5829952670723462,0.6817845242502777,0.6051818805765271,0.9331933465738944,0.8826597131681877,0.9042365275221272,0.8826597131681877,0.8826597131681877,0.8826597131681877,0.799273960271725
7,infgain,minmax,noAug,noImbl,GradientBoosting,last,0.1,0.2,42,2026-06-03 05:58:26,20260603-054739,log/stroke_prediction_v7/7/infgain/noAug__noImbl__minmax/GradientBoosting,1780436867126_ba5f39ad17804375065726569,0.8747553816046967,0.5807291666666666,0.6875308641975308,0.602102394393615,0.9327969201379182,0.8747553816046967,0.8992490305740137,0.8747553816046967,0.8747553816046967,0.8747553816046967,0.7952105614872345
7,infgain,minmax,noAug,noImbl,GradientBoosting,last,0.2,0.1,42,2026-06-03 05:58:17,20260603-054739,log/stroke_prediction_v7/7/infgain/noAug__noImbl__minmax/GradientBoosting,1780436867126_ba5f39ad17804374979328339,0.9275929549902152,0.5931864658858524,0.5825102880658436,0.5874086197490452,0.923296511875384,0.9275929549902152,0.9253934873054664,0.9275929549902152,0.9275929549902152,0.9275929549902152,0.8078568246369706
7,infgain,minmax,noAug,noImbl,GradientBoosting,last,0.2,0.15,42,2026-06-03 05:58:22,20260603-054739,log/stroke_prediction_v7/7/infgain/noAug__noImbl__minmax/GradientBoosting,1780436867126_ba5f39ad17804375028417025,0.938722294654498,0.641769766093176,0.6086079229914846,0.6224642614023145,0.9312045091213,0.938722294654498,0.9346677044845982,0.938722294654498,0.938722294654498,0.938722294654498,0.827216932565432
7,infgain,minmax,noAug,noImbl,GradientBoosting,last,0.2,0.2,42,2026-06-03 05:58:27,20260603-054739,log/stroke_prediction_v7/7/infgain/noAug__noImbl__minmax/GradientBoosting,1780436867126_ba5f39ad17804375077385813,0.9334637964774952,0.6234693877551021,0.6045679012345679,0.6130167498218104,0.928176045369224,0.9334637964774952,0.9307072627428228,0.9334637964774952,0.9334637964774952,0.9334637964774952,0.8205654539115822
7,infgain,minmax,noAug,noImbl,GradientBoosting,last,0.3,0.1,42,2026-06-03 05:58:19,20260603-054739,log/stroke_prediction_v7/7/infgain/noAug__noImbl__minmax/GradientBoosting,1780436867126_ba5f39ad17804374991749213,0.9452054794520548,0.6608181818181817,0.572798353909465,0.5969123281496507,0.9289215442092154,0.9452054794520548,0.9349399970978788,0.9452054794520548,0.9452054794520548,0.9452054794520548,0.8241138485616374
7,infgain,minmax,noAug,noImbl,GradientBoosting,last,0.3,0.15,42,2026-06-03 05:58:24,20260603-054739,log/stroke_prediction_v7/7/infgain/noAug__noImbl__minmax/GradientBoosting,1780436867126_ba5f39ad17804375041583749,0.9478487614080836,0.6710875331564987,0.562088115512773,0.586522911051213,0.9299209085658756,0.9478487614080836,0.9357541722747992,0.9478487614080836,0.9478487614080836,0.9478487614080836,0.8237907227856498
7,infgain,minmax,noAug,noImbl,GradientBoosting,last,0.3,0.2,42,2026-06-03 05:58:28,20260603-054739,log/stroke_prediction_v7/7/infgain/noAug__noImbl__minmax/GradientBoosting,1780436867126_ba5f39ad17804375089025998,0.9452054794520548,0.6447543160690571,0.5538271604938272,0.574065253631817,0.9257035783805416,0.9452054794520548,0.932756331416156,0.9452054794520548,0.9452054794520548,0.9452054794520548,0.8165339350323603
7,infgain,minmax,noAug,noImbl,GradientBoosting,last,0.5,0.1,42,2026-06-03 05:58:20,20260603-054739,log/stroke_prediction_v7/7/infgain/noAug__noImbl__minmax/GradientBoosting,1780436867126_ba5f39ad17804375003975678,0.949119373776908,0.6430446194225722,0.5179423868312758,0.5226358148893361,0.9224514743876192,0.949119373776908,0.9296936216122568,0.949119373776908,0.949119373776908,0.949119373776908,0.8058410130501487
7,infgain,minmax,noAug,noImbl,GradientBoosting,last,0.5,0.15,42,2026-06-03 05:58:25,20260603-054739,log/stroke_prediction_v7/7/infgain/noAug__noImbl__minmax/GradientBoosting,1780436867126_ba5f39ad17804375053766638,0.9491525423728814,0.6014089121887287,0.5114587189929655,0.5113292927972816,0.9189139658351289,0.9491525423728812,0.9292514855739904,0.9491525423728814,0.9491525423728814,0.9491525423728814,0.7989262934065254
7,infgain,minmax,noAug,noImbl,GradientBoosting,last,0.5,0.2,42,2026-06-03 05:58:30,20260603-054739,log/stroke_prediction_v7/7/infgain/noAug__noImbl__minmax/GradientBoosting,1780436867126_ba5f39ad17804375100802022,0.949119373776908,0.4754901960784314,0.4989711934156378,0.4869477911646586,0.9044549326579948,0.949119373776908,0.926249027420838,0.949119373776908,0.949119373776908,0.949119373776908,0.7795189045137939
7,infgain,standard,gaussian_noise,ADASYN,GradientBoosting,first,0.1,0.1,42,2026-06-03 05:58:36,20260603-054739,log/stroke_prediction_v7/7/infgain/standard__gaussian_noise__ADASYN/GradientBoosting,1780436867126_ba5f39ad17804375160756315,0.512720156555773,0.5313104189044039,0.6679423868312757,0.401850310970708,0.9394109399862532,0.512720156555773,0.6341730328557758,0.512720156555773,0.512720156555773,0.512720156555773,0.5743579387684749
7,infgain,standard,gaussian_noise,ADASYN,GradientBoosting,first,0.1,0.15,42,2026-06-03 05:59:24,20260603-054739,log/stroke_prediction_v7/7/infgain/standard__gaussian_noise__ADASYN/GradientBoosting,1780436867126_ba5f39ad17804375648697675,0.516297262059974,0.5334259372744481,0.6817475009255831,0.4047734094736071,0.9427422105030904,0.516297262059974,0.6375626559867161,0.516297262059974,0.516297262059974,0.516297262059974,0.5786608795133501
7,infgain,standard,gaussian_noise,ADASYN,GradientBoosting,first,0.1,0.2,42,2026-06-03 06:00:12,20260603-054739,log/stroke_prediction_v7/7/infgain/standard__gaussian_noise__ADASYN/GradientBoosting,1780436867126_ba5f39ad17804376124088449,0.5313111545988258,0.5366125974299557,0.6966872427983539,0.4154483980708309,0.943940121621772,0.5313111545988258,0.6502296321781085,0.5313111545988258,0.5313111545988258,0.5313111545988258,0.5901001625618792
7,infgain,standard,gaussian_noise,ADASYN,GradientBoosting,first,0.2,0.1,42,2026-06-03 05:58:48,20260603-054739,log/stroke_prediction_v7/7/infgain/standard__gaussian_noise__ADASYN/GradientBoosting,1780436867126_ba5f39ad17804375285209054,0.5792563600782779,0.5380901619082932,0.7029218106995885,0.4411891864398158,0.9418692545968664,0.5792563600782779,0.691775670878127,0.5792563600782779,0.5792563600782779,0.5792563600782779,0.6199353953494773
7,infgain,standard,gaussian_noise,ADASYN,GradientBoosting,first,0.2,0.15,42,2026-06-03 05:59:36,20260603-054739,log/stroke_prediction_v7/7/infgain/standard__gaussian_noise__ADASYN/GradientBoosting,1780436867126_ba5f39ad17804375767494754,0.5775749674054759,0.5372355739570337,0.7011106997408367,0.4391958982506183,0.9423833951131262,0.5775749674054759,0.6908932602566978,0.5775749674054759,0.5775749674054759,0.5775749674054759,0.6186163276193873
7,infgain,standard,gaussian_noise,ADASYN,GradientBoosting,first,0.2,0.2,42,2026-06-03 06:00:23,20260603-054739,log/stroke_prediction_v7/7/infgain/standard__gaussian_noise__ADASYN/GradientBoosting,1780436867126_ba5f39ad17804376237016292,0.5812133072407045,0.5400638054628599,0.7134362139917696,0.4437883065028865,0.9436791314115052,0.5812133072407045,0.6932092724089263,0.5812133072407045,0.5812133072407045,0.5812133072407045,0.622752874819667
7,infgain,standard,gaussian_noise,ADASYN,GradientBoosting,first,0.3,0.1,42,2026-06-03 05:59:00,20260603-054739,log/stroke_prediction_v7/7/infgain/standard__gaussian_noise__ADASYN/GradientBoosting,1780436867126_ba5f39ad17804375408623223,0.6301369863013698,0.5373209651062194,0.6917283950617283,0.4648325160003325,0.9372105517507464,0.6301369863013698,0.7331612512425094,0.6301369863013698,0.6301369863013698,0.6301369863013698,0.6483798507988435
7,infgain,standard,gaussian_noise,ADASYN,GradientBoosting,first,0.3,0.15,42,2026-06-03 05:59:48,20260603-054739,log/stroke_prediction_v7/7/infgain/standard__gaussian_noise__ADASYN/GradientBoosting,1780436867126_ba5f39ad17804375887469835,0.6336375488917861,0.5417827100147777,0.7177341725286931,0.4702062126824855,0.9421311587051352,0.6336375488917861,0.7360698652483196,0.6336375488917861,0.6336375488917861,0.6336375488917861,0.6545612353711956
7,infgain,standard,gaussian_noise,ADASYN,GradientBoosting,first,0.3,0.2,42,2026-06-03 06:00:35,20260603-054739,log/stroke_prediction_v7/7/infgain/standard__gaussian_noise__ADASYN/GradientBoosting,1780436867126_ba5f39ad17804376350452651,0.6144814090019569,0.5423314138267409,0.721440329218107,0.4620678967815023,0.943068134016796,0.6144814090019569,0.7203863862433758,0.6144814090019569,0.6144814090019569,0.6144814090019569,0.6438446937606787
7,infgain,standard,gaussian_noise,ADASYN,GradientBoosting,first,0.5,0.1,42,2026-06-03 05:59:12,20260603-054739,log/stroke_prediction_v7/7/infgain/standard__gaussian_noise__ADASYN/GradientBoosting,1780436867126_ba5f39ad17804375529592940,0.7514677103718199,0.5518333333333334,0.7175720164609054,0.531838610311569,0.9369021526418788,0.7514677103718199,0.8211215106766423,0.7514677103718199,0.7514677103718199,0.7514677103718198,0.7241618525405713
7,infgain,standard,gaussian_noise,ADASYN,GradientBoosting,first,0.5,0.15,42,2026-06-03 06:00:00,20260603-054739,log/stroke_prediction_v7/7/infgain/standard__gaussian_noise__ADASYN/GradientBoosting,1780436867126_ba5f39ad17804376007728731,0.7470664928292047,0.5549882368986327,0.7388374676045909,0.5334432850047659,0.9408149944635208,0.7470664928292047,0.8186858341807506,0.7470664928292047,0.7470664928292047,0.7470664928292047,0.7251100349061836
7,infgain,standard,gaussian_noise,ADASYN,GradientBoosting,first,0.5,0.2,42,2026-06-03 06:00:46,20260603-054739,log/stroke_prediction_v7/7/infgain/standard__gaussian_noise__ADASYN/GradientBoosting,1780436867126_ba5f39ad17804376464678289,0.7377690802348337,0.5602080166116652,0.7672839506172839,0.535933094773368,0.9445068444533584,0.7377690802348337,0.8120351401672424,0.7377690802348337,0.7377690802348337,0.7377690802348336,0.7245027485032557
7,infgain,standard,gaussian_noise,ADASYN,GradientBoosting,last,0.1,0.1,42,2026-06-03 06:00:58,20260603-054739,log/stroke_prediction_v7/7/infgain/gaussian_noise__ADASYN__standard/GradientBoosting,1780436867126_ba5f39ad17804376580678307,0.4168297455968688,0.5386996904024768,0.6934156378600823,0.3507708312016099,0.9548629834053304,0.4168297455968688,0.5376000308102872,0.4168297455968688,0.4168297455968688,0.4168297455968688,0.5186853587073209
7,infgain,standard,gaussian_noise,ADASYN,GradientBoosting,last,0.1,0.15,42,2026-06-03 06:01:40,20260603-054739,log/stroke_prediction_v7/7/infgain/gaussian_noise__ADASYN__standard/GradientBoosting,1780436867126_ba5f39ad17804377005116076,0.4367666232073012,0.5343231503240048,0.6784524250277675,0.3604187899564532,0.9490880171453278,0.4367666232073012,0.560075576533199,0.4367666232073012,0.4367666232073012,0.4367666232073011,0.5289671635060781
7,infgain,standard,gaussian_noise,ADASYN,GradientBoosting,last,0.1,0.2,42,2026-06-03 06:02:20,20260603-054739,log/stroke_prediction_v7/7/infgain/gaussian_noise__ADASYN__standard/GradientBoosting,1780436867126_ba5f39ad17804377409932723,0.4315068493150685,0.5357458663921022,0.6821604938271605,0.3583918898622197,0.9500060980516932,0.4315068493150685,0.5537889699072243,0.4315068493150685,0.4315068493150685,0.4315068493150685,0.5262211145185395
7,infgain,standard,gaussian_noise,ADASYN,GradientBoosting,last,0.2,0.1,42,2026-06-03 06:01:08,20260603-054739,log/stroke_prediction_v7/7/infgain/gaussian_noise__ADASYN__standard/GradientBoosting,1780436867126_ba5f39ad17804376687856865,0.471624266144814,0.5386620534176659,0.7032510288065843,0.3837103344768439,0.950720985854796,0.471624266144814,0.5937016427614773,0.471624266144814,0.471624266144814,0.471624266144814,0.5545249098515783
7,infgain,standard,gaussian_noise,ADASYN,GradientBoosting,last,0.2,0.15,42,2026-06-03 06:01:50,20260603-054739,log/stroke_prediction_v7/7/infgain/gaussian_noise__ADASYN__standard/GradientBoosting,1780436867126_ba5f39ad17804377106140612,0.4941329856584094,0.5362624475351823,0.6957608293224732,0.3945985092601634,0.9474697303605856,0.4941329856584094,0.6163907669578627,0.4941329856584094,0.4941329856584094,0.4941329856584094,0.5672508864178917
7,infgain,standard,gaussian_noise,ADASYN,GradientBoosting,last,0.2,0.2,42,2026-06-03 06:02:30,20260603-054739,log/stroke_prediction_v7/7/infgain/gaussian_noise__ADASYN__standard/GradientBoosting,1780436867126_ba5f39ad17804377509461500,0.471624266144814,0.5386620534176659,0.7032510288065843,0.3837103344768439,0.950720985854796,0.471624266144814,0.5937016427614773,0.471624266144814,0.471624266144814,0.471624266144814,0.5545249098515783
7,infgain,standard,gaussian_noise,ADASYN,GradientBoosting,last,0.3,0.1,42,2026-06-03 06:01:19,20260603-054739,log/stroke_prediction_v7/7/infgain/gaussian_noise__ADASYN__standard/GradientBoosting,1780436867126_ba5f39ad17804376795769240,0.5772994129158513,0.5413737280296022,0.7208641975308643,0.4428831011508176,0.9453186239457196,0.5772994129158513,0.6897592753487479,0.5772994129158513,0.5772994129158513,0.5772994129158513,0.6215717765918938
7,infgain,standard,gaussian_noise,ADASYN,GradientBoosting,last,0.3,0.15,42,2026-06-03 06:02:00,20260603-054739,log/stroke_prediction_v7/7/infgain/gaussian_noise__ADASYN__standard/GradientBoosting,1780436867126_ba5f39ad17804377207841518,0.5645371577574967,0.5381636941719089,0.7070899666790078,0.4333949677967301,0.9443150333899616,0.5645371577574967,0.679686397723048,0.5645371577574967,0.5645371577574967,0.5645371577574967,0.6117339373550531
7,infgain,standard,gaussian_noise,ADASYN,GradientBoosting,last,0.3,0.2,42,2026-06-03 06:02:40,20260603-054739,log/stroke_prediction_v7/7/infgain/gaussian_noise__ADASYN__standard/GradientBoosting,1780436867126_ba5f39ad17804377608121301,0.5684931506849316,0.5421564746888221,0.7257201646090535,0.4390088162478855,0.9468633958290352,0.5684931506849316,0.6821545521968803,0.5684931506849316,0.5684931506849316,0.5684931506849316,0.6170457690533785
7,infgain,standard,gaussian_noise,ADASYN,GradientBoosting,last,0.5,0.1,42,2026-06-03 06:01:30,20260603-054739,log/stroke_prediction_v7/7/infgain/gaussian_noise__ADASYN__standard/GradientBoosting,1780436867126_ba5f39ad17804376902084109,0.7710371819960861,0.5352684417285029,0.6330041152263375,0.5187045668606757,0.9248361451813916,0.7710371819960861,0.8330973657185788,0.7710371819960861,0.7710371819960861,0.7710371819960861,0.7204960328989457
7,infgain,standard,gaussian_noise,ADASYN,GradientBoosting,last,0.5,0.15,42,2026-06-03 06:02:10,20260603-054739,log/stroke_prediction_v7/7/infgain/gaussian_noise__ADASYN__standard/GradientBoosting,1780436867126_ba5f39ad17804377308691735,0.771838331160365,0.5504931389365352,0.700536838208071,0.5374311186774786,0.9349347885884504,0.771838331160365,0.8349479652903729,0.771838331160365,0.771838331160365,0.7718383311603652,0.7331886716326291
7,infgain,standard,gaussian_noise,ADASYN,GradientBoosting,last,0.5,0.2,42,2026-06-03 06:02:50,20260603-054739,log/stroke_prediction_v7/7/infgain/gaussian_noise__ADASYN__standard/GradientBoosting,1780436867126_ba5f39ad17804377708278558,0.7661448140900196,0.553623744152159,0.7158024691358025,0.5394790674874386,0.9363277021261972,0.7661448140900196,0.8309516175119569,0.7661448140900196,0.7661448140900196,0.7661448140900197,0.7325979199273329
7,infgain,standard,gaussian_noise,RandomOverSampler,GradientBoosting,first,0.1,0.1,42,2026-06-03 06:03:00,20260603-054739,log/stroke_prediction_v7/7/infgain/standard__gaussian_noise__RandomOverSampler/GradientBoosting,1780436867126_ba5f39ad17804377802290420,0.4598825831702544,0.534047641524277,0.6781069958847736,0.3742857142857143,0.9459764596110776,0.4598825831702543,0.5830696114062063,0.4598825831702544,0.4598825831702544,0.4598825831702544,0.5433694418239026
7,infgain,standard,gaussian_noise,RandomOverSampler,GradientBoosting,first,0.1,0.15,42,2026-06-03 06:03:28,20260603-054739,log/stroke_prediction_v7/7/infgain/standard__gaussian_noise__RandomOverSampler/GradientBoosting,1780436867126_ba5f39ad17804378086826769,0.4706649282920469,0.536814545252514,0.6962606442058498,0.3816579561881463,0.9498026943840788,0.4706649282920469,0.5936230134665075,0.4706649282920469,0.4706649282920469,0.4706649282920469,0.5528459051492609
7,infgain,standard,gaussian_noise,RandomOverSampler,GradientBoosting,first,0.1,0.2,42,2026-06-03 06:03:56,20260603-054739,log/stroke_prediction_v7/7/infgain/standard__gaussian_noise__RandomOverSampler/GradientBoosting,1780436867126_ba5f39ad17804378365547116,0.4706457925636008,0.5348953062667766,0.6837654320987654,0.3809618177197219,0.9462706648384996,0.4706457925636007,0.5935289766041854,0.4706457925636008,0.4706457925636008,0.4706457925636008,0.5509250764944305
7,infgain,standard,gaussian_noise,RandomOverSampler,GradientBoosting,first,0.2,0.1,42,2026-06-03 06:03:07,20260603-054739,log/stroke_prediction_v7/7/infgain/standard__gaussian_noise__RandomOverSampler/GradientBoosting,1780436867126_ba5f39ad17804377874304373,0.5499021526418787,0.5279006203550151,0.6495473251028807,0.4183756284888554,0.9336088757247804,0.5499021526418787,0.6678971413882122,0.5499021526418787,0.5499021526418787,0.5499021526418787,0.5940074586565792
7,infgain,standard,gaussian_noise,RandomOverSampler,GradientBoosting,first,0.2,0.15,42,2026-06-03 06:03:35,20260603-054739,log/stroke_prediction_v7/7/infgain/standard__gaussian_noise__RandomOverSampler/GradientBoosting,1780436867126_ba5f39ad17804378155235431,0.5658409387222947,0.5383019383019382,0.7077748981858571,0.4341665392820826,0.9443557104574052,0.5658409387222946,0.6807891306660473,0.5658409387222947,0.5658409387222947,0.5658409387222947,0.6126229806756573
7,infgain,standard,gaussian_noise,RandomOverSampler,GradientBoosting,first,0.2,0.2,42,2026-06-03 06:04:03,20260603-054739,log/stroke_prediction_v7/7/infgain/standard__gaussian_noise__RandomOverSampler/GradientBoosting,1780436867126_ba5f39ad17804378432416244,0.576320939334638,0.5377606728784459,0.7013786008230453,0.4394566405601811,0.9417671009762764,0.576320939334638,0.6893356177285954,0.576320939334638,0.576320939334638,0.576320939334638,0.6179378519449483
7,infgain,standard,gaussian_noise,RandomOverSampler,GradientBoosting,first,0.3,0.1,42,2026-06-03 06:03:14,20260603-054739,log/stroke_prediction_v7/7/infgain/standard__gaussian_noise__RandomOverSampler/GradientBoosting,1780436867126_ba5f39ad17804377945363139,0.6203522504892368,0.5360252987541316,0.6865843621399177,0.4591117415975556,0.9367956570003528,0.6203522504892368,0.7255342311999393,0.6203522504892368,0.6203522504892368,0.6203522504892368,0.6417783279047592
7,infgain,standard,gaussian_noise,RandomOverSampler,GradientBoosting,first,0.3,0.15,42,2026-06-03 06:03:42,20260603-054739,log/stroke_prediction_v7/7/infgain/standard__gaussian_noise__RandomOverSampler/GradientBoosting,1780436867126_ba5f39ad17804378227937620,0.6023468057366362,0.5377590421690094,0.7012958163643095,0.4517384018655448,0.9409961606587878,0.6023468057366362,0.711369307046307,0.6023468057366362,0.6023468057366362,0.6023468057366362,0.6334099805506428
7,infgain,standard,gaussian_noise,RandomOverSampler,GradientBoosting,first,0.3,0.2,42,2026-06-03 06:04:09,20260603-054739,log/stroke_prediction_v7/7/infgain/standard__gaussian_noise__RandomOverSampler/GradientBoosting,1780436867126_ba5f39ad17804378498609440,0.6007827788649707,0.5406147604930566,0.714238683127572,0.4539225546894644,0.9426068832387428,0.6007827788649707,0.7094039258023263,0.6007827788649707,0.6007827788649707,0.6007827788649707,0.6345581163056937
7,infgain,standard,gaussian_noise,RandomOverSampler,GradientBoosting,first,0.5,0.1,42,2026-06-03 06:03:21,20260603-054739,log/stroke_prediction_v7/7/infgain/standard__gaussian_noise__RandomOverSampler/GradientBoosting,1780436867126_ba5f39ad17804378016424719,0.7573385518590998,0.5533277638540797,0.7206584362139918,0.5358356774496015,0.9372011241410768,0.7573385518590998,0.825107136664272,0.7573385518590998,0.7573385518590998,0.7573385518590998,0.7281955752816356
7,infgain,standard,gaussian_noise,RandomOverSampler,GradientBoosting,first,0.5,0.15,42,2026-06-03 06:03:49,20260603-054739,log/stroke_prediction_v7/7/infgain/standard__gaussian_noise__RandomOverSampler/GradientBoosting,1780436867126_ba5f39ad17804378297235579,0.7327249022164276,0.5567655766934388,0.7569603850425768,0.5296209984054949,0.943876092844014,0.7327249022164276,0.8088888661455275,0.7327249022164276,0.7327249022164276,0.7327249022164276,0.7196266460272273
7,infgain,standard,gaussian_noise,RandomOverSampler,GradientBoosting,first,0.5,0.2,42,2026-06-03 06:04:16,20260603-054739,log/stroke_prediction_v7/7/infgain/standard__gaussian_noise__RandomOverSampler/GradientBoosting,1780436867126_ba5f39ad17804378565428973,0.7416829745596869,0.557320520067835,0.7503703703703704,0.5342999171499586,0.9418955948223316,0.7416829745596869,0.8146623496012334,0.7416829745596869,0.7416829745596869,0.7416829745596869,0.7239761783626071
7,infgain,standard,gaussian_noise,RandomOverSampler,GradientBoosting,last,0.1,0.1,42,2026-06-03 06:04:23,20260603-054739,log/stroke_prediction_v7/7/infgain/gaussian_noise__RandomOverSampler__standard/GradientBoosting,1780436867126_ba5f39ad17804378635775772,0.3639921722113503,0.5357142857142857,0.6656378600823045,0.3155074703760947,0.954570869443668,0.3639921722113502,0.4798563493911887,0.3639921722113503,0.3639921722113503,0.3639921722113503,0.4804937433736583
7,infgain,standard,gaussian_noise,RandomOverSampler,GradientBoosting,last,0.1,0.15,42,2026-06-03 06:04:50,20260603-054739,log/stroke_prediction_v7/7/infgain/gaussian_noise__RandomOverSampler__standard/GradientBoosting,1780436867126_ba5f39ad17804378905667240,0.3807040417209908,0.53334859235523,0.6618289522399112,0.3251853621762992,0.9514619267011896,0.3807040417209908,0.500069202742078,0.3807040417209908,0.3807040417209908,0.3807040417209908,0.4907337485557859
7,infgain,standard,gaussian_noise,RandomOverSampler,GradientBoosting,last,0.1,0.2,42,2026-06-03 06:05:16,20260603-054739,log/stroke_prediction_v7/7/infgain/gaussian_noise__RandomOverSampler__standard/GradientBoosting,1780436867126_ba5f39ad17804379169437485,0.3649706457925636,0.5314742701251842,0.6471810699588477,0.3146219859365231,0.9486382419585436,0.3649706457925636,0.4822084999699862,0.3649706457925636,0.3649706457925636,0.3649706457925636,0.4782421894072592
7,infgain,standard,gaussian_noise,RandomOverSampler,GradientBoosting,last,0.2,0.1,42,2026-06-03 06:04:30,20260603-054739,log/stroke_prediction_v7/7/infgain/gaussian_noise__RandomOverSampler__standard/GradientBoosting,1780436867126_ba5f39ad17804378703046824,0.4227005870841487,0.5351451754814741,0.6775308641975308,0.3527396230951879,0.9498408174908108,0.4227005870841487,0.5447158397553719,0.4227005870841487,0.4227005870841487,0.4227005870841487,0.5199502399782249
7,infgain,standard,gaussian_noise,RandomOverSampler,GradientBoosting,last,0.2,0.15,42,2026-06-03 06:04:57,20260603-054739,log/stroke_prediction_v7/7/infgain/gaussian_noise__RandomOverSampler__standard/GradientBoosting,1780436867126_ba5f39ad17804378972493230,0.4419817470664928,0.5346929805906454,0.6811921510551648,0.3637174179342854,0.9492019149921798,0.4419817470664927,0.5653426227246934,0.4419817470664928,0.4419817470664928,0.4419817470664928,0.5326604095892429
7,infgain,standard,gaussian_noise,RandomOverSampler,GradientBoosting,last,0.2,0.2,42,2026-06-03 06:05:23,20260603-054739,log/stroke_prediction_v7/7/infgain/gaussian_noise__RandomOverSampler__standard/GradientBoosting,1780436867126_ba5f39ad17804379234054201,0.4295499021526419,0.5356112735995986,0.6811316872427984,0.357139080850421,0.9499696823881332,0.4295499021526419,0.5517827462750495,0.4295499021526419,0.4295499021526419,0.4295499021526419,0.5248294992529302
7,infgain,standard,gaussian_noise,RandomOverSampler,GradientBoosting,last,0.3,0.1,42,2026-06-03 06:04:36,20260603-054739,log/stroke_prediction_v7/7/infgain/gaussian_noise__RandomOverSampler__standard/GradientBoosting,1780436867126_ba5f39ad17804378769831303,0.4911937377690802,0.536577440816958,0.6945679012345679,0.3935991528827546,0.9468105213085596,0.4911937377690802,0.6130679510905406,0.4911937377690802,0.4911937377690802,0.4911937377690802,0.5652731470396348
7,infgain,standard,gaussian_noise,RandomOverSampler,GradientBoosting,last,0.3,0.15,42,2026-06-03 06:05:03,20260603-054739,log/stroke_prediction_v7/7/infgain/gaussian_noise__RandomOverSampler__standard/GradientBoosting,1780436867126_ba5f39ad17804379039159432,0.4654498044328553,0.5364169662514283,0.6935209181784525,0.3784195129664768,0.9496963203713532,0.4654498044328553,0.5885658265072441,0.4654498044328553,0.4654498044328553,0.4654498044328553,0.5491911431743235
7,infgain,standard,gaussian_noise,RandomOverSampler,GradientBoosting,last,0.3,0.2,42,2026-06-03 06:05:29,20260603-054739,log/stroke_prediction_v7/7/infgain/gaussian_noise__RandomOverSampler__standard/GradientBoosting,1780436867126_ba5f39ad17804379299080134,0.4863013698630137,0.5398142287425103,0.7109670781893004,0.392825255210296,0.9509713611333096,0.4863013698630137,0.6077503866561955,0.4863013698630137,0.4863013698630137,0.4863013698630137,0.5647821610316911
7,infgain,standard,gaussian_noise,RandomOverSampler,GradientBoosting,last,0.5,0.1,42,2026-06-03 06:04:43,20260603-054739,log/stroke_prediction_v7/7/infgain/gaussian_noise__RandomOverSampler__standard/GradientBoosting,1780436867126_ba5f39ad17804378838417058,0.6320939334637965,0.537586262237201,0.6927572016460906,0.4659803441988704,0.9372930185258292,0.6320939334637965,0.734676360518628,0.6320939334637965,0.6320939334637965,0.6320939334637965,0.6496997273340552
7,infgain,standard,gaussian_noise,RandomOverSampler,GradientBoosting,last,0.5,0.15,42,2026-06-03 06:05:10,20260603-054739,log/stroke_prediction_v7/7/infgain/gaussian_noise__RandomOverSampler__standard/GradientBoosting,1780436867126_ba5f39ad17804379104904614,0.621903520208605,0.5425691810647562,0.7243983709737134,0.4653947469620058,0.9438735389237864,0.6219035202086051,0.726745541805122,0.621903520208605,0.621903520208605,0.621903520208605,0.6486665604947366
7,infgain,standard,gaussian_noise,RandomOverSampler,GradientBoosting,last,0.5,0.2,42,2026-06-03 06:05:36,20260603-054739,log/stroke_prediction_v7/7/infgain/gaussian_noise__RandomOverSampler__standard/GradientBoosting,1780436867126_ba5f39ad17804379363898790,0.6193737769080235,0.54296759374371,0.7240123456790124,0.4649884333244065,0.9432318032749434,0.6193737769080235,0.7242658227307724,0.6193737769080235,0.6193737769080235,0.6193737769080235,0.6471588234412526
7,infgain,standard,gaussian_noise,noImbl,GradientBoosting,first,0.1,0.1,42,2026-06-03 06:05:42,20260603-054739,log/stroke_prediction_v7/7/infgain/standard__gaussian_noise__noImbl/GradientBoosting,1780436867126_ba5f39ad17804379427841856,0.863013698630137,0.5722506393861893,0.681358024691358,0.5899440572267057,0.9316119538941244,0.863013698630137,0.8918268022794198,0.863013698630137,0.863013698630137,0.863013698630137,0.7859931701751408
7,infgain,standard,gaussian_noise,noImbl,GradientBoosting,first,0.1,0.15,42,2026-06-03 06:05:54,20260603-054739,log/stroke_prediction_v7/7/infgain/standard__gaussian_noise__noImbl/GradientBoosting,1780436867126_ba5f39ad17804379542750341,0.8709256844850065,0.6024468375136314,0.7782487967419474,0.6320451626971628,0.9450911118251653,0.8709256844850065,0.8999160390709099,0.8709256844850065,0.8709256844850065,0.8709256844850065,0.8107431286672879
7,infgain,standard,gaussian_noise,noImbl,GradientBoosting,first,0.1,0.2,42,2026-06-03 06:06:05,20260603-054739,log/stroke_prediction_v7/7/infgain/standard__gaussian_noise__noImbl/GradientBoosting,1780436867126_ba5f39ad17804379656068220,0.8610567514677103,0.5921714928643336,0.7562139917695474,0.616710861320346,0.9413436174168878,0.8610567514677103,0.8927977617074414,0.8610567514677103,0.8610567514677103,0.8610567514677103,0.799821904246329
7,infgain,standard,gaussian_noise,noImbl,GradientBoosting,first,0.2,0.1,42,2026-06-03 06:05:45,20260603-054739,log/stroke_prediction_v7/7/infgain/standard__gaussian_noise__noImbl/GradientBoosting,1780436867126_ba5f39ad17804379456596135,0.9217221135029354,0.5914830119375574,0.5983950617283951,0.5947660586835845,0.9246126089214506,0.9217221135029354,0.923146758621974,0.9217221135029354,0.9217221135029354,0.9217221135029354,0.807824836255748
7,infgain,standard,gaussian_noise,noImbl,GradientBoosting,first,0.2,0.15,42,2026-06-03 06:05:57,20260603-054739,log/stroke_prediction_v7/7/infgain/standard__gaussian_noise__noImbl/GradientBoosting,1780436867126_ba5f39ad17804379570919708,0.9478487614080836,0.6992461430575034,0.6262310255460941,0.6530981456354591,0.9381942907925268,0.9478487614080836,0.9420121155511998,0.9478487614080836,0.9478487614080836,0.9478487614080836,0.8447731896808446
7,infgain,standard,gaussian_noise,noImbl,GradientBoosting,first,0.2,0.2,42,2026-06-03 06:06:08,20260603-054739,log/stroke_prediction_v7/7/infgain/standard__gaussian_noise__noImbl/GradientBoosting,1780436867126_ba5f39ad17804379684849192,0.9373776908023485,0.6330009015100293,0.5971399176954733,0.6115637693897427,0.9284065854337328,0.9373776908023482,0.9325044056530144,0.9373776908023485,0.9373776908023485,0.9373776908023485,0.8224160430412761
7,infgain,standard,gaussian_noise,noImbl,GradientBoosting,first,0.3,0.1,42,2026-06-03 06:05:48,20260603-054739,log/stroke_prediction_v7/7/infgain/standard__gaussian_noise__noImbl/GradientBoosting,1780436867126_ba5f39ad17804379484779783,0.9530332681017613,0.7782608695652173,0.5579423868312758,0.5879032258064516,0.9390793839870673,0.9530332681017614,0.937851145761,0.9530332681017613,0.9530332681017613,0.9530332681017613,0.8376047270141781
7,infgain,standard,gaussian_noise,noImbl,GradientBoosting,first,0.3,0.15,42,2026-06-03 06:05:59,20260603-054739,log/stroke_prediction_v7/7/infgain/standard__gaussian_noise__noImbl/GradientBoosting,1780436867126_ba5f39ad17804379599202948,0.9504563233376792,0.6919172932330826,0.5378008145131433,0.5554301403294691,0.9298556038074326,0.9504563233376794,0.9340651954120274,0.9504563233376792,0.9504563233376792,0.9504563233376792,0.8195642008516618
7,infgain,standard,gaussian_noise,noImbl,GradientBoosting,first,0.3,0.2,42,2026-06-03 06:06:11,20260603-054739,log/stroke_prediction_v7/7/infgain/standard__gaussian_noise__noImbl/GradientBoosting,1780436867126_ba5f39ad17804379714067363,0.949119373776908,0.6772727272727272,0.5369135802469136,0.5535618279569893,0.927415050702722,0.949119373776908,0.9326720745744168,0.949119373776908,0.949119373776908,0.949119373776908,0.8167429707127102
7,infgain,standard,gaussian_noise,noImbl,GradientBoosting,first,0.5,0.1,42,2026-06-03 06:05:51,20260603-054739,log/stroke_prediction_v7/7/infgain/standard__gaussian_noise__noImbl/GradientBoosting,1780436867126_ba5f39ad17804379513632490,0.949119373776908,0.4754901960784314,0.4989711934156378,0.4869477911646586,0.9044549326579948,0.949119373776908,0.926249027420838,0.949119373776908,0.949119373776908,0.949119373776908,0.7795189045137939
7,infgain,standard,gaussian_noise,noImbl,GradientBoosting,first,0.5,0.15,42,2026-06-03 06:06:02,20260603-054739,log/stroke_prediction_v7/7/infgain/standard__gaussian_noise__noImbl/GradientBoosting,1780436867126_ba5f39ad17804379627798829,0.9504563233376792,0.6431064572425829,0.5121436504998149,0.5122824631860776,0.9229927347772764,0.9504563233376792,0.9299640107583744,0.9504563233376792,0.9504563233376792,0.9504563233376792,0.8043437846787066
7,infgain,standard,gaussian_noise,noImbl,GradientBoosting,first,0.5,0.2,42,2026-06-03 06:06:14,20260603-054739,log/stroke_prediction_v7/7/infgain/standard__gaussian_noise__noImbl/GradientBoosting,1780436867126_ba5f39ad17804379741545211,0.9481409001956947,0.4754661432777232,0.4984567901234568,0.4866901054746358,0.9044091805595832,0.9481409001956947,0.9257588699047868,0.9481409001956947,0.9481409001956947,0.9481409001956947,0.7789569177812675
7,infgain,standard,gaussian_noise,noImbl,GradientBoosting,last,0.1,0.1,42,2026-06-03 06:06:17,20260603-054739,log/stroke_prediction_v7/7/infgain/gaussian_noise__noImbl__standard/GradientBoosting,1780436867126_ba5f39ad17804379775536103,0.8669275929549902,0.591324200913242,0.7403292181069958,0.616264687693259,0.939415060450902,0.8669275929549902,0.896060327706959,0.8669275929549902,0.8669275929549902,0.8669275929549902,0.8007266374391425
7,infgain,standard,gaussian_noise,noImbl,GradientBoosting,last,0.1,0.15,42,2026-06-03 06:06:28,20260603-054739,log/stroke_prediction_v7/7/infgain/gaussian_noise__noImbl__standard/GradientBoosting,1780436867126_ba5f39ad17804379888779917,0.8696219035202086,0.5981995715227423,0.764735283228434,0.626087126087126,0.9433292523929152,0.8696219035202086,0.8987359156850683,0.8696219035202086,0.8696219035202086,0.8696219035202086,0.8071986283883215
7,infgain,standard,gaussian_noise,noImbl,GradientBoosting,last,0.1,0.2,42,2026-06-03 06:06:40,20260603-054739,log/stroke_prediction_v7/7/infgain/gaussian_noise__noImbl__standard/GradientBoosting,1780436867126_ba5f39ad17804380000330043,0.8747553816046967,0.5973834349793428,0.7444444444444445,0.6250917094644168,0.94019433952167,0.8747553816046967,0.9010987906554696,0.8747553816046967,0.8747553816046967,0.8747553816046967,0.8070329495544072
7,infgain,standard,gaussian_noise,noImbl,GradientBoosting,last,0.2,0.1,42,2026-06-03 06:06:20,20260603-054739,log/stroke_prediction_v7/7/infgain/gaussian_noise__noImbl__standard/GradientBoosting,1780436867126_ba5f39ad17804379804355671,0.929549902152642,0.5986394557823128,0.5835390946502058,0.5902530292230934,0.9239053742827854,0.929549902152642,0.9266312193747532,0.929549902152642,0.929549902152642,0.929549902152642,0.809960990622264
7,infgain,standard,gaussian_noise,noImbl,GradientBoosting,last,0.2,0.15,42,2026-06-03 06:06:31,20260603-054739,log/stroke_prediction_v7/7/infgain/gaussian_noise__noImbl__standard/GradientBoosting,1780436867126_ba5f39ad17804379917918389,0.9439374185136896,0.6623550945698596,0.5985190670122177,0.6210169491525425,0.9322535046570992,0.9439374185136896,0.937095883145869,0.9439374185136896,0.9439374185136896,0.9439374185136896,0.830604658874155
7,infgain,standard,gaussian_noise,noImbl,GradientBoosting,last,0.2,0.2,42,2026-06-03 06:06:42,20260603-054739,log/stroke_prediction_v7/7/infgain/gaussian_noise__noImbl__standard/GradientBoosting,1780436867126_ba5f39ad17804380027679170,0.929549902152642,0.5839216944801026,0.5645679012345679,0.5725041829336307,0.9207813218311396,0.929549902152642,0.9249625909849456,0.929549902152642,0.929549902152642,0.929549902152642,0.8033670687034241
7,infgain,standard,gaussian_noise,noImbl,GradientBoosting,last,0.3,0.1,42,2026-06-03 06:06:23,20260603-054739,log/stroke_prediction_v7/7/infgain/gaussian_noise__noImbl__standard/GradientBoosting,1780436867126_ba5f39ad17804379833340523,0.9530332681017613,0.7648809523809523,0.5769135802469136,0.6128787878787878,0.9394045289348616,0.9530332681017614,0.9402508450453654,0.9530332681017613,0.9530332681017613,0.9530332681017613,0.8423026583356
7,infgain,standard,gaussian_noise,noImbl,GradientBoosting,last,0.3,0.15,42,2026-06-03 06:06:34,20260603-054739,log/stroke_prediction_v7/7/infgain/gaussian_noise__noImbl__standard/GradientBoosting,1780436867126_ba5f39ad17804379945551708,0.9478487614080836,0.6198308270676692,0.5236023694927804,0.5320317266625991,0.9217118742096442,0.9478487614080836,0.9305949425389762,0.9478487614080836,0.9478487614080836,0.9478487614080836,0.8050480120204789
7,infgain,standard,gaussian_noise,noImbl,GradientBoosting,last,0.3,0.2,42,2026-06-03 06:06:45,20260603-054739,log/stroke_prediction_v7/7/infgain/gaussian_noise__noImbl__standard/GradientBoosting,1780436867126_ba5f39ad17804380054453075,0.9500978473581212,0.705017534394389,0.5469135802469136,0.5691079090300338,0.9309815829469504,0.9500978473581214,0.9346362369577096,0.9500978473581212,0.9500978473581212,0.9500978473581212,0.8238920306002351
7,infgain,standard,gaussian_noise,noImbl,GradientBoosting,last,0.5,0.1,42,2026-06-03 06:06:26,20260603-054739,log/stroke_prediction_v7/7/infgain/gaussian_noise__noImbl__standard/GradientBoosting,1780436867126_ba5f39ad17804379860840095,0.949119373776908,0.6430446194225722,0.5179423868312758,0.5226358148893361,0.9224514743876192,0.949119373776908,0.9296936216122568,0.949119373776908,0.949119373776908,0.949119373776908,0.8058410130501487
7,infgain,standard,gaussian_noise,noImbl,GradientBoosting,last,0.5,0.15,42,2026-06-03 06:06:37,20260603-054739,log/stroke_prediction_v7/7/infgain/gaussian_noise__noImbl__standard/GradientBoosting,1780436867126_ba5f39ad17804379973100641,0.9491525423728814,0.4758169934640522,0.4986301369863014,0.4869565217391304,0.9057272626564749,0.9491525423728814,0.9269315798424124,0.9491525423728814,0.9491525423728814,0.9491525423728814,0.7797616714970667
7,infgain,standard,gaussian_noise,noImbl,GradientBoosting,last,0.5,0.2,42,2026-06-03 06:06:48,20260603-054739,log/stroke_prediction_v7/7/infgain/gaussian_noise__noImbl__standard/GradientBoosting,1780436867126_ba5f39ad17804380081928807,0.949119373776908,0.4754901960784314,0.4989711934156378,0.4869477911646586,0.9044549326579948,0.949119373776908,0.926249027420838,0.949119373776908,0.949119373776908,0.949119373776908,0.7795189045137939
7,infgain,standard,noAug,ADASYN,GradientBoosting,first,0.1,0.1,42,2026-06-03 06:06:50,20260603-054739,log/stroke_prediction_v7/7/infgain/standard__noAug__ADASYN/GradientBoosting,1780436867126_ba5f39ad17804380109976207,0.50293542074364,0.5339905192846368,0.6817695473251029,0.3984111387148207,0.9430305314960546,0.50293542074364,0.6246350542795421,0.50293542074364,0.50293542074364,0.50293542074364,0.5705101570571898
7,infgain,standard,noAug,ADASYN,GradientBoosting,first,0.1,0.15,42,2026-06-03 06:07:05,20260603-054739,log/stroke_prediction_v7/7/infgain/standard__noAug__ADASYN/GradientBoosting,1780436867126_ba5f39ad17804380259531424,0.516297262059974,0.535800408719346,0.6945760829322473,0.4064173353998527,0.9453664885661608,0.5162972620599738,0.6371651813861072,0.516297262059974,0.516297262059974,0.516297262059974,0.5806305803636589
7,infgain,standard,noAug,ADASYN,GradientBoosting,first,0.1,0.2,42,2026-06-03 06:07:20,20260603-054739,log/stroke_prediction_v7/7/infgain/standard__noAug__ADASYN/GradientBoosting,1780436867126_ba5f39ad17804380403537523,0.5234833659491194,0.5376439921031951,0.7020576131687243,0.4120045979781655,0.9456470331675032,0.5234833659491194,0.6429785846505688,0.5234833659491194,0.5234833659491194,0.5234833659491194,0.5861756876179001
7,infgain,standard,noAug,ADASYN,GradientBoosting,first,0.2,0.1,42,2026-06-03 06:06:54,20260603-054739,log/stroke_prediction_v7/7/infgain/standard__noAug__ADASYN/GradientBoosting,1780436867126_ba5f39ad17804380147212666,0.5518590998043053,0.5386514166564454,0.7074897119341563,0.4277155865940912,0.94456754540067,0.5518590998043053,0.6681784420138754,0.5518590998043053,0.5518590998043053,0.5518590998043053,0.6041986116120441
7,infgain,standard,noAug,ADASYN,GradientBoosting,first,0.2,0.15,42,2026-06-03 06:07:09,20260603-054739,log/stroke_prediction_v7/7/infgain/standard__noAug__ADASYN/GradientBoosting,1780436867126_ba5f39ad17804380295559199,0.5684485006518905,0.5385802679925148,0.7091447611995557,0.4357097609495338,0.944436841187561,0.5684485006518905,0.682989187330537,0.5684485006518905,0.5684485006518905,0.5684485006518905,0.6144004295407298
7,infgain,standard,noAug,ADASYN,GradientBoosting,first,0.2,0.2,42,2026-06-03 06:07:23,20260603-054739,log/stroke_prediction_v7/7/infgain/standard__noAug__ADASYN/GradientBoosting,1780436867126_ba5f39ad17804380437377501,0.5616438356164384,0.539670474786561,0.7126337448559671,0.4335484381804504,0.9448592484894992,0.5616438356164384,0.6765606942215632,0.5616438356164384,0.5616438356164384,0.5616438356164384,0.61089025092008
7,infgain,standard,noAug,ADASYN,GradientBoosting,first,0.3,0.1,42,2026-06-03 06:06:58,20260603-054739,log/stroke_prediction_v7/7/infgain/standard__noAug__ADASYN/GradientBoosting,1780436867126_ba5f39ad17804380184776601,0.6066536203522505,0.5448453608247423,0.7362962962962962,0.4604522890237175,0.9461637783202532,0.6066536203522505,0.7138312880554982,0.6066536203522505,0.6066536203522505,0.6066536203522505,0.6415345282469117
7,infgain,standard,noAug,ADASYN,GradientBoosting,first,0.3,0.15,42,2026-06-03 06:07:13,20260603-054739,log/stroke_prediction_v7/7/infgain/standard__noAug__ADASYN/GradientBoosting,1780436867126_ba5f39ad17804380331728330,0.6114732724902217,0.5412308593423144,0.7189189189189189,0.4591945864092371,0.9435283164621464,0.6114732724902217,0.718479916763346,0.6114732724902217,0.6114732724902217,0.6114732724902217,0.641608293944314
7,infgain,standard,noAug,ADASYN,GradientBoosting,first,0.3,0.2,42,2026-06-03 06:07:27,20260603-054739,log/stroke_prediction_v7/7/infgain/standard__noAug__ADASYN/GradientBoosting,1780436867126_ba5f39ad17804380470998794,0.6076320939334638,0.5432161786852862,0.7273251028806584,0.4595224059325375,0.9445099209746086,0.6076320939334638,0.7147693822631057,0.6076320939334638,0.6076320939334638,0.6076320939334638,0.6407017260567871
7,infgain,standard,noAug,ADASYN,GradientBoosting,first,0.5,0.1,42,2026-06-03 06:07:02,20260603-054739,log/stroke_prediction_v7/7/infgain/standard__noAug__ADASYN/GradientBoosting,1780436867126_ba5f39ad17804380222665348,0.7084148727984344,0.5346956964604023,0.6569958847736626,0.4954240309615167,0.9292008210507116,0.7084148727984344,0.791173362548321,0.7084148727984344,0.7084148727984344,0.7084148727984344,0.688444798374327
7,infgain,standard,noAug,ADASYN,GradientBoosting,first,0.5,0.15,42,2026-06-03 06:07:16,20260603-054739,log/stroke_prediction_v7/7/infgain/standard__noAug__ADASYN/GradientBoosting,1780436867126_ba5f39ad17804380368367570,0.7105606258148631,0.5520371941067445,0.7453165494261385,0.5150546821599453,0.9429864402765884,0.7105606258148631,0.7932592385313171,0.7105606258148631,0.7105606258148631,0.710560625814863,0.7045053568105815
7,infgain,standard,noAug,ADASYN,GradientBoosting,first,0.5,0.2,42,2026-06-03 06:07:30,20260603-054739,log/stroke_prediction_v7/7/infgain/standard__noAug__ADASYN/GradientBoosting,1780436867126_ba5f39ad17804380505047707,0.7025440313111546,0.5489052373445437,0.7297942386831275,0.5086538461538461,0.9402173037456908,0.7025440313111546,0.7871067288875507,0.7025440313111546,0.7025440313111546,0.7025440313111546,0.6972733767580074
7,infgain,standard,noAug,ADASYN,GradientBoosting,last,0.1,0.1,42,2026-06-03 06:07:34,20260603-054739,log/stroke_prediction_v7/7/infgain/noAug__ADASYN__standard/GradientBoosting,1780436867126_ba5f39ad17804380544837404,0.3933463796477495,0.5373134328358209,0.6810699588477366,0.3353054716347767,0.9547273417647574,0.3933463796477494,0.5125032106677598,0.3933463796477495,0.3933463796477495,0.3933463796477494,0.5018209275493117
7,infgain,standard,noAug,ADASYN,GradientBoosting,last,0.1,0.15,42,2026-06-03 06:07:48,20260603-054739,log/stroke_prediction_v7/7/infgain/noAug__ADASYN__standard/GradientBoosting,1780436867126_ba5f39ad17804380681250156,0.4198174706649283,0.5357578397212545,0.6823768974453907,0.3508517675341249,0.9520618591825704,0.4198174706649283,0.5420246966127119,0.4198174706649283,0.4198174706649283,0.4198174706649283,0.5188781175229182
7,infgain,standard,noAug,ADASYN,GradientBoosting,last,0.1,0.2,42,2026-06-03 06:08:01,20260603-054739,log/stroke_prediction_v7/7/infgain/noAug__ADASYN__standard/GradientBoosting,1780436867126_ba5f39ad17804380813680010,0.4295499021526419,0.5356112735995986,0.6811316872427984,0.357139080850421,0.9499696823881332,0.4295499021526419,0.5517827462750495,0.4295499021526419,0.4295499021526419,0.4295499021526419,0.5248294992529302
7,infgain,standard,noAug,ADASYN,GradientBoosting,last,0.2,0.1,42,2026-06-03 06:07:37,20260603-054739,log/stroke_prediction_v7/7/infgain/noAug__ADASYN__standard/GradientBoosting,1780436867126_ba5f39ad17804380579048665,0.5596868884540117,0.5394639896850248,0.711604938271605,0.4323819961788533,0.9448012215329792,0.5596868884540117,0.6748925554302915,0.5596868884540117,0.5596868884540117,0.5596868884540117,0.6095529530719372
7,infgain,standard,noAug,ADASYN,GradientBoosting,last,0.2,0.15,42,2026-06-03 06:07:51,20260603-054739,log/stroke_prediction_v7/7/infgain/noAug__ADASYN__standard/GradientBoosting,1780436867126_ba5f39ad17804380714355104,0.560625814863103,0.5400944360410449,0.717863754165124,0.4329026553720658,0.9466157367177948,0.560625814863103,0.6760679013261559,0.560625814863103,0.560625814863103,0.560625814863103,0.6110533021423707
7,infgain,standard,noAug,ADASYN,GradientBoosting,last,0.2,0.2,42,2026-06-03 06:08:04,20260603-054739,log/stroke_prediction_v7/7/infgain/noAug__ADASYN__standard/GradientBoosting,1780436867126_ba5f39ad17804380844687767,0.5352250489236791,0.5316960609716397,0.6702880658436214,0.4138910654758958,0.9384119224441688,0.5352250489236791,0.654471565989565,0.5352250489236791,0.5352250489236791,0.5352250489236791,0.5883840192152336
7,infgain,standard,noAug,ADASYN,GradientBoosting,last,0.3,0.1,42,2026-06-03 06:07:41,20260603-054739,log/stroke_prediction_v7/7/infgain/noAug__ADASYN__standard/GradientBoosting,1780436867126_ba5f39ad17804380613681597,0.6575342465753424,0.5339632362717723,0.6681893004115227,0.4737136366578977,0.9323285212364284,0.6575342465753424,0.7543139716643283,0.6575342465753424,0.6575342465753424,0.6575342465753424,0.660665945670443
7,infgain,standard,noAug,ADASYN,GradientBoosting,last,0.3,0.15,42,2026-06-03 06:07:54,20260603-054739,log/stroke_prediction_v7/7/infgain/noAug__ADASYN__standard/GradientBoosting,1780436867126_ba5f39ad17804380747511554,0.6440677966101694,0.5336566341916029,0.6718992965568309,0.4670967741935484,0.9342583910296484,0.6440677966101694,0.7445649156748116,0.6440677966101694,0.6440677966101694,0.6440677966101694,0.6533578043021299
7,infgain,standard,noAug,ADASYN,GradientBoosting,last,0.3,0.2,42,2026-06-03 06:08:07,20260603-054739,log/stroke_prediction_v7/7/infgain/noAug__ADASYN__standard/GradientBoosting,1780436867126_ba5f39ad17804380876370487,0.6418786692759295,0.5371510873093152,0.6884156378600823,0.4700011335298117,0.9361545194300526,0.6418786692759295,0.7422882262410153,0.6418786692759295,0.6418786692759295,0.6418786692759295,0.6547669961359408
7,infgain,standard,noAug,ADASYN,GradientBoosting,last,0.5,0.1,42,2026-06-03 06:07:44,20260603-054739,log/stroke_prediction_v7/7/infgain/noAug__ADASYN__standard/GradientBoosting,1780436867126_ba5f39ad17804380647646030,0.8140900195694716,0.5265116279069767,0.5797530864197531,0.5199315671324453,0.9175843080143812,0.8140900195694716,0.858949183566118,0.8140900195694716,0.8140900195694716,0.8140900195694716,0.7348530226666841
7,infgain,standard,noAug,ADASYN,GradientBoosting,last,0.5,0.15,42,2026-06-03 06:07:57,20260603-054739,log/stroke_prediction_v7/7/infgain/noAug__ADASYN__standard/GradientBoosting,1780436867126_ba5f39ad17804380779902211,0.7940026075619296,0.5318117313150426,0.6095520177711958,0.5210948120514685,0.9225607146249196,0.7940026075619296,0.8477357486468907,0.7940026075619296,0.7940026075619296,0.7940026075619296,0.7293180735006415
7,infgain,standard,noAug,ADASYN,GradientBoosting,last,0.5,0.2,42,2026-06-03 06:08:10,20260603-054739,log/stroke_prediction_v7/7/infgain/noAug__ADASYN__standard/GradientBoosting,1780436867126_ba5f39ad17804380907489679,0.7778864970645792,0.5274494089360849,0.5986625514403292,0.5110346731751321,0.920141577736207,0.7778864970645792,0.8369119998321789,0.7778864970645792,0.7778864970645792,0.7778864970645792,0.7179719535881903
7,infgain,standard,noAug,RandomOverSampler,GradientBoosting,first,0.1,0.1,42,2026-06-03 06:08:14,20260603-054739,log/stroke_prediction_v7/7/infgain/standard__noAug__RandomOverSampler/GradientBoosting,1780436867126_ba5f39ad17804380942755667,0.5342465753424658,0.5333639705882353,0.6792592592592592,0.4146226415094339,0.9402447622884772,0.5342465753424658,0.6533526566480818,0.5342465753424658,0.5342465753424658,0.5342465753424658,0.5891817240742107
7,infgain,standard,noAug,RandomOverSampler,GradientBoosting,first,0.1,0.15,42,2026-06-03 06:08:25,20260603-054739,log/stroke_prediction_v7/7/infgain/standard__noAug__RandomOverSampler/GradientBoosting,1780436867126_ba5f39ad17804381051857888,0.5254237288135594,0.5342717799423191,0.6865420214735283,0.4102093931148705,0.9430517420910256,0.5254237288135594,0.6457360439679424,0.5254237288135594,0.5254237288135594,0.5254237288135594,0.5849478614385328
7,infgain,standard,noAug,RandomOverSampler,GradientBoosting,first,0.1,0.2,42,2026-06-03 06:08:35,20260603-054739,log/stroke_prediction_v7/7/infgain/standard__noAug__RandomOverSampler/GradientBoosting,1780436867126_ba5f39ad17804381154234993,0.5362035225048923,0.5388530592236281,0.7087448559670781,0.419652098907418,0.9459985350026971,0.5362035225048923,0.6542818206473119,0.5362035225048923,0.5362035225048923,0.5362035225048923,0.5949311419545067
7,infgain,standard,noAug,RandomOverSampler,GradientBoosting,first,0.2,0.1,42,2026-06-03 06:08:16,20260603-054739,log/stroke_prediction_v7/7/infgain/standard__noAug__RandomOverSampler/GradientBoosting,1780436867126_ba5f39ad17804380969220598,0.6007827788649707,0.5371004566210046,0.6952674897119342,0.4508618146571704,0.9392586833945438,0.6007827788649707,0.7097141161545332,0.6007827788649707,0.6007827788649707,0.6007827788649707,0.6315621641404918
7,infgain,standard,noAug,RandomOverSampler,GradientBoosting,first,0.2,0.15,42,2026-06-03 06:08:27,20260603-054739,log/stroke_prediction_v7/7/infgain/standard__noAug__RandomOverSampler/GradientBoosting,1780436867126_ba5f39ad17804381077553734,0.5932203389830508,0.5390173210958527,0.7093298778230285,0.4484049419140697,0.9429172285778784,0.5932203389830508,0.7037664436158609,0.5932203389830508,0.5932203389830508,0.5932203389830508,0.6292402861723858
7,infgain,standard,noAug,RandomOverSampler,GradientBoosting,first,0.2,0.2,42,2026-06-03 06:08:37,20260603-054739,log/stroke_prediction_v7/7/infgain/standard__noAug__RandomOverSampler/GradientBoosting,1780436867126_ba5f39ad17804381179858216,0.576320939334638,0.5377606728784459,0.7013786008230453,0.4394566405601811,0.9417671009762764,0.576320939334638,0.6893356177285954,0.576320939334638,0.576320939334638,0.576320939334638,0.6179378519449483
7,infgain,standard,noAug,RandomOverSampler,GradientBoosting,first,0.3,0.1,42,2026-06-03 06:08:19,20260603-054739,log/stroke_prediction_v7/7/infgain/standard__noAug__RandomOverSampler/GradientBoosting,1780436867126_ba5f39ad17804380996026669,0.6673189823874756,0.5391176963000167,0.6923045267489711,0.4832119741100323,0.935767312986718,0.6673189823874756,0.7614851898998727,0.6673189823874756,0.6673189823874756,0.6673189823874756,0.6703511211600464
7,infgain,standard,noAug,RandomOverSampler,GradientBoosting,first,0.3,0.15,42,2026-06-03 06:08:30,20260603-054739,log/stroke_prediction_v7/7/infgain/standard__noAug__RandomOverSampler/GradientBoosting,1780436867126_ba5f39ad17804381103418386,0.6544980443285529,0.5423832923832923,0.7158644946316179,0.4803695740541425,0.9408218723733718,0.6544980443285527,0.7521511729283911,0.6544980443285529,0.6544980443285529,0.6544980443285529,0.6665842957176292
7,infgain,standard,noAug,RandomOverSampler,GradientBoosting,first,0.3,0.2,42,2026-06-03 06:08:40,20260603-054739,log/stroke_prediction_v7/7/infgain/standard__noAug__RandomOverSampler/GradientBoosting,1780436867126_ba5f39ad17804381203806102,0.636986301369863,0.5435986963685124,0.7237860082304526,0.4739143887457455,0.94222541771687,0.636986301369863,0.7381539378484455,0.636986301369863,0.636986301369863,0.636986301369863,0.6575657817686572
7,infgain,standard,noAug,RandomOverSampler,GradientBoosting,first,0.5,0.1,42,2026-06-03 06:08:22,20260603-054739,log/stroke_prediction_v7/7/infgain/standard__noAug__RandomOverSampler/GradientBoosting,1780436867126_ba5f39ad17804381024241653,0.812133072407045,0.5666404911479155,0.7304938271604938,0.5713087248322148,0.9376964910182718,0.812133072407045,0.8611782397982638,0.812133072407045,0.812133072407045,0.812133072407045,0.7632093545900577
7,infgain,standard,noAug,RandomOverSampler,GradientBoosting,first,0.5,0.15,42,2026-06-03 06:08:32,20260603-054739,log/stroke_prediction_v7/7/infgain/standard__noAug__RandomOverSampler/GradientBoosting,1780436867126_ba5f39ad17804381128694509,0.7966101694915254,0.5639310522253665,0.7392077008515365,0.5626242835419347,0.9397973185783924,0.7966101694915254,0.8516656720678998,0.7966101694915254,0.7966101694915254,0.7966101694915254,0.7550811683036147
7,infgain,standard,noAug,RandomOverSampler,GradientBoosting,first,0.5,0.2,42,2026-06-03 06:08:42,20260603-054739,log/stroke_prediction_v7/7/infgain/standard__noAug__RandomOverSampler/GradientBoosting,1780436867126_ba5f39ad17804381228757197,0.7827788649706457,0.5584858943577431,0.7245473251028807,0.5513714882308276,0.9372370278835608,0.7827788649706457,0.8420494192309808,0.7827788649706457,0.7827788649706457,0.7827788649706457,0.7441517068419479
7,infgain,standard,noAug,RandomOverSampler,GradientBoosting,last,0.1,0.1,42,2026-06-03 06:08:45,20260603-054739,log/stroke_prediction_v7/7/infgain/noAug__RandomOverSampler__standard/GradientBoosting,1780436867126_ba5f39ad17804381259134714,0.3894324853228962,0.5370919881305638,0.6790123456790123,0.3326971371170265,0.954705673985378,0.3894324853228962,0.5082340198210932,0.3894324853228962,0.3894324853228962,0.3894324853228962,0.4989936684493716
7,infgain,standard,noAug,RandomOverSampler,GradientBoosting,last,0.1,0.15,42,2026-06-03 06:23:54,20260603-054739,log/stroke_prediction_v7/7/infgain/noAug__RandomOverSampler__standard/GradientBoosting,1780436867126_ba5f39ad17804390343497307,0.3807040417209908,0.53334859235523,0.6618289522399112,0.3251853621762992,0.9514619267011896,0.3807040417209908,0.500069202742078,0.3807040417209908,0.3807040417209908,0.3807040417209908,0.4907337485557859
7,infgain,standard,noAug,RandomOverSampler,GradientBoosting,last,0.1,0.2,42,2026-06-03 06:24:10,20260603-054739,log/stroke_prediction_v7/7/infgain/noAug__RandomOverSampler__standard/GradientBoosting,1780436867126_ba5f39ad17804390507499908,0.3953033268101761,0.5333512822238675,0.6631275720164609,0.3348960636886333,0.949299696901722,0.3953033268101761,0.515725598097927,0.3953033268101761,0.3953033268101761,0.3953033268101761,0.5002924351062594
7,infgain,standard,noAug,RandomOverSampler,GradientBoosting,last,0.2,0.1,42,2026-06-03 06:08:48,20260603-054739,log/stroke_prediction_v7/7/infgain/noAug__RandomOverSampler__standard/GradientBoosting,1780436867126_ba5f39ad17804381285976187,0.4422700587084148,0.5403225806451613,0.7067901234567902,0.3672032848856156,0.955021778928098,0.4422700587084148,0.563827050410107,0.4422700587084148,0.4422700587084148,0.4422700587084148,0.5367760220807292
7,infgain,standard,noAug,RandomOverSampler,GradientBoosting,last,0.2,0.15,42,2026-06-03 06:23:57,20260603-054739,log/stroke_prediction_v7/7/infgain/noAug__RandomOverSampler__standard/GradientBoosting,1780436867126_ba5f39ad17804390377920884,0.4615384615384615,0.5386111733094492,0.7042947056645686,0.3773726573172289,0.9526529504977782,0.4615384615384614,0.5842056442864282,0.4615384615384615,0.4615384615384615,0.4615384615384615,0.5484080128031126
7,infgain,standard,noAug,RandomOverSampler,GradientBoosting,last,0.2,0.2,42,2026-06-03 06:24:14,20260603-054739,log/stroke_prediction_v7/7/infgain/noAug__RandomOverSampler__standard/GradientBoosting,1780436867126_ba5f39ad17804390548009432,0.4520547945205479,0.5353187680218005,0.683477366255144,0.3704265945042131,0.948057389355966,0.4520547945205479,0.574940726066878,0.4520547945205479,0.4520547945205479,0.4520547945205479,0.5393123682571738
7,infgain,standard,noAug,RandomOverSampler,GradientBoosting,last,0.3,0.1,42,2026-06-03 06:08:51,20260603-054739,log/stroke_prediction_v7/7/infgain/noAug__RandomOverSampler__standard/GradientBoosting,1780436867126_ba5f39ad17804381311478928,0.5107632093933464,0.5418552036199096,0.7238271604938271,0.4078849790500204,0.9513811847183552,0.5107632093933464,0.6305463132672658,0.5107632093933464,0.5107632093933464,0.5107632093933464,0.5817763324881405
7,infgain,standard,noAug,RandomOverSampler,GradientBoosting,last,0.3,0.15,42,2026-06-03 06:24:02,20260603-054739,log/stroke_prediction_v7/7/infgain/noAug__RandomOverSampler__standard/GradientBoosting,1780436867126_ba5f39ad17804390422501736,0.5136897001303781,0.5355653240646084,0.6932062199185487,0.404851208121405,0.9452898480219504,0.5136897001303781,0.6348057049574366,0.5136897001303781,0.5136897001303781,0.5136897001303781,0.578830556214488
7,infgain,standard,noAug,RandomOverSampler,GradientBoosting,last,0.3,0.2,42,2026-06-03 06:24:18,20260603-054739,log/stroke_prediction_v7/7/infgain/noAug__RandomOverSampler__standard/GradientBoosting,1780436867126_ba5f39ad17804390588723023,0.5039138943248532,0.5394650143918989,0.7107407407407407,0.4025273193326438,0.9491916731646004,0.5039138943248532,0.6245663267977677,0.5039138943248532,0.5039138943248532,0.5039138943248532,0.5755693474792268
7,infgain,standard,noAug,RandomOverSampler,GradientBoosting,last,0.5,0.1,42,2026-06-03 06:23:51,20260603-054739,log/stroke_prediction_v7/7/infgain/noAug__RandomOverSampler__standard/GradientBoosting,1780436867126_ba5f39ad17804390318377722,0.6731898238747553,0.5473462707505261,0.7333333333333334,0.4941643697578613,0.9419985019768508,0.6731898238747553,0.7656470485338093,0.6731898238747553,0.6731898238747553,0.6731898238747553,0.6805154528997237
7,infgain,standard,noAug,RandomOverSampler,GradientBoosting,last,0.5,0.15,42,2026-06-03 06:24:06,20260603-054739,log/stroke_prediction_v7/7/infgain/noAug__RandomOverSampler__standard/GradientBoosting,1780436867126_ba5f39ad17804390466415254,0.6779661016949152,0.5436495430192246,0.7153646797482414,0.4920843018501687,0.9397405011564738,0.6779661016949152,0.7697051796355338,0.6779661016949152,0.6779661016949152,0.6779661016949152,0.6803303352932153
7,infgain,standard,noAug,RandomOverSampler,GradientBoosting,last,0.5,0.2,42,2026-06-03 06:24:23,20260603-054739,log/stroke_prediction_v7/7/infgain/noAug__RandomOverSampler__standard/GradientBoosting,1780436867126_ba5f39ad17804390630955820,0.6663405088062623,0.5407914764079147,0.701275720164609,0.4844911875864415,0.937216845830094,0.6663405088062623,0.7607104201476848,0.6663405088062623,0.6663405088062623,0.6663405088062623,0.6712448489228856
7,infgain,standard,noAug,noImbl,GradientBoosting,first,0.1,0.1,42,2026-06-03 06:24:27,20260603-054739,log/stroke_prediction_v7/7/infgain/standard__noAug__noImbl/GradientBoosting,1780436867126_ba5f39ad17804390677791905,0.8767123287671232,0.5881396812080537,0.7075308641975309,0.6123053578525235,0.935481693021973,0.8767123287671232,0.9011480440886148,0.8767123287671232,0.8767123287671232,0.8767123287671232,0.8008181656407757
7,infgain,standard,noAug,noImbl,GradientBoosting,first,0.1,0.15,42,2026-06-03 06:24:37,20260603-054739,log/stroke_prediction_v7/7/infgain/standard__noAug__noImbl/GradientBoosting,1780436867126_ba5f39ad17804390772738431,0.8578878748370273,0.5726650062266501,0.6944279896334691,0.5899582616031271,0.934016830627,0.8578878748370273,0.8894344260726316,0.8578878748370273,0.8578878748370273,0.8578878748370273,0.7851750357348863
7,infgain,standard,noAug,noImbl,GradientBoosting,first,0.1,0.2,42,2026-06-03 06:24:46,20260603-054739,log/stroke_prediction_v7/7/infgain/standard__noAug__noImbl/GradientBoosting,1780436867126_ba5f39ad17804390868168569,0.8571428571428571,0.5846065020429916,0.7351851851851852,0.6059139841744403,0.9385199096515494,0.8571428571428571,0.8897779803470875,0.8571428571428571,0.8571428571428571,0.8571428571428571,0.7930420972233443
7,infgain,standard,noAug,noImbl,GradientBoosting,first,0.2,0.1,42,2026-06-03 06:24:30,20260603-054739,log/stroke_prediction_v7/7/infgain/standard__noAug__noImbl/GradientBoosting,1780436867126_ba5f39ad17804390701533533,0.9256360078277888,0.5738095238095238,0.5625102880658436,0.5674893086243763,0.919634703196347,0.9256360078277888,0.922555176006684,0.9256360078277888,0.9256360078277888,0.9256360078277884,0.7993565273329458
7,infgain,standard,noAug,noImbl,GradientBoosting,first,0.2,0.15,42,2026-06-03 06:24:39,20260603-054739,log/stroke_prediction_v7/7/infgain/standard__noAug__noImbl/GradientBoosting,1780436867126_ba5f39ad17804390796670583,0.9335071707953064,0.6407479604360695,0.64435394298408,0.6425222755311858,0.9343545201740596,0.9335071707953064,0.9339276691988676,0.9335071707953064,0.9335071707953064,0.9335071707953064,0.8318160023870513
7,infgain,standard,noAug,noImbl,GradientBoosting,first,0.2,0.2,42,2026-06-03 06:24:49,20260603-054739,log/stroke_prediction_v7/7/infgain/standard__noAug__noImbl/GradientBoosting,1780436867126_ba5f39ad17804390890865655,0.9354207436399216,0.6249197689345314,0.5961111111111111,0.6081288343558282,0.9275433404761488,0.9354207436399216,0.9312157084028668,0.9354207436399216,0.9354207436399216,0.9354207436399216,0.8199274009219517
7,infgain,standard,noAug,noImbl,GradientBoosting,first,0.3,0.1,42,2026-06-03 06:24:32,20260603-054739,log/stroke_prediction_v7/7/infgain/standard__noAug__noImbl/GradientBoosting,1780436867126_ba5f39ad17804390725394019,0.9471624266144814,0.665631212723658,0.5548559670781893,0.5772589392407391,0.9278249290947076,0.9471624266144814,0.9340068632560012,0.9471624266144814,0.9471624266144814,0.9471624266144814,0.8203860519099588
7,infgain,standard,noAug,noImbl,GradientBoosting,first,0.3,0.15,42,2026-06-03 06:24:42,20260603-054739,log/stroke_prediction_v7/7/infgain/standard__noAug__noImbl/GradientBoosting,1780436867126_ba5f39ad17804390821544775,0.9465449804432856,0.6668608521970706,0.5742317660125879,0.5993655485202503,0.9305630302577876,0.9465449804432856,0.9363338206808433,0.9465449804432856,0.9465449804432856,0.9465449804432856,0.8261384624042226
7,infgain,standard,noAug,noImbl,GradientBoosting,first,0.3,0.2,42,2026-06-03 06:24:51,20260603-054739,log/stroke_prediction_v7/7/infgain/standard__noAug__noImbl/GradientBoosting,1780436867126_ba5f39ad17804390913491746,0.946183953033268,0.6310513074635968,0.5353703703703704,0.5496101856525885,0.9227704833825092,0.9461839530332682,0.9308834010071106,0.946183953033268,0.946183953033268,0.946183953033268,0.8094668353339096
7,infgain,standard,noAug,noImbl,GradientBoosting,first,0.5,0.1,42,2026-06-03 06:24:34,20260603-054739,log/stroke_prediction_v7/7/infgain/standard__noAug__noImbl/GradientBoosting,1780436867126_ba5f39ad17804390749140216,0.949119373776908,0.4754901960784314,0.4989711934156378,0.4869477911646586,0.9044549326579948,0.949119373776908,0.926249027420838,0.949119373776908,0.949119373776908,0.949119373776908,0.7795189045137939
7,infgain,standard,noAug,noImbl,GradientBoosting,first,0.5,0.15,42,2026-06-03 06:24:44,20260603-054739,log/stroke_prediction_v7/7/infgain/standard__noAug__noImbl/GradientBoosting,1780436867126_ba5f39ad17804390845525360,0.9452411994784876,0.4757217847769029,0.4965753424657534,0.4859249329758713,0.9055460309964514,0.9452411994784876,0.924967929784579,0.9452411994784876,0.9452411994784876,0.9452411994784876,0.7775147250293731
7,infgain,standard,noAug,noImbl,GradientBoosting,first,0.5,0.2,42,2026-06-03 06:24:53,20260603-054739,log/stroke_prediction_v7/7/infgain/standard__noAug__noImbl/GradientBoosting,1780436867126_ba5f39ad17804390936083254,0.9481409001956947,0.4754661432777232,0.4984567901234568,0.4866901054746358,0.9044091805595832,0.9481409001956947,0.9257588699047868,0.9481409001956947,0.9481409001956947,0.9481409001956947,0.7789569177812675
7,infgain,standard,noAug,noImbl,GradientBoosting,last,0.1,0.1,42,2026-06-03 06:24:56,20260603-054739,log/stroke_prediction_v7/7/infgain/noAug__noImbl__standard/GradientBoosting,1780436867126_ba5f39ad17804390969152824,0.8767123287671232,0.5881396812080537,0.7075308641975309,0.6123053578525235,0.935481693021973,0.8767123287671232,0.9011480440886148,0.8767123287671232,0.8767123287671232,0.8767123287671232,0.8008181656407757
7,infgain,standard,noAug,noImbl,GradientBoosting,last,0.1,0.15,42,2026-06-03 06:25:05,20260603-054739,log/stroke_prediction_v7/7/infgain/noAug__noImbl__standard/GradientBoosting,1780436867126_ba5f39ad17804391053026869,0.8578878748370273,0.5726650062266501,0.6944279896334691,0.5899582616031271,0.934016830627,0.8578878748370273,0.8894344260726316,0.8578878748370273,0.8578878748370273,0.8578878748370273,0.7851750357348863
7,infgain,standard,noAug,noImbl,GradientBoosting,last,0.1,0.2,42,2026-06-03 06:25:13,20260603-054739,log/stroke_prediction_v7/7/infgain/noAug__noImbl__standard/GradientBoosting,1780436867126_ba5f39ad17804391135783767,0.8571428571428571,0.5846065020429916,0.7351851851851852,0.6059139841744403,0.9385199096515494,0.8571428571428571,0.8897779803470875,0.8571428571428571,0.8571428571428571,0.8571428571428571,0.7930420972233443
7,infgain,standard,noAug,noImbl,GradientBoosting,last,0.2,0.1,42,2026-06-03 06:24:59,20260603-054739,log/stroke_prediction_v7/7/infgain/noAug__noImbl__standard/GradientBoosting,1780436867126_ba5f39ad17804390990740968,0.9256360078277888,0.5738095238095238,0.5625102880658436,0.5674893086243763,0.919634703196347,0.9256360078277888,0.922555176006684,0.9256360078277888,0.9256360078277888,0.9256360078277884,0.7993565273329458
7,infgain,standard,noAug,noImbl,GradientBoosting,last,0.2,0.15,42,2026-06-03 06:25:07,20260603-054739,log/stroke_prediction_v7/7/infgain/noAug__noImbl__standard/GradientBoosting,1780436867126_ba5f39ad17804391073398258,0.9335071707953064,0.6407479604360695,0.64435394298408,0.6425222755311858,0.9343545201740596,0.9335071707953064,0.9339276691988676,0.9335071707953064,0.9335071707953064,0.9335071707953064,0.8318160023870513
7,infgain,standard,noAug,noImbl,GradientBoosting,last,0.2,0.2,42,2026-06-03 06:25:15,20260603-054739,log/stroke_prediction_v7/7/infgain/noAug__noImbl__standard/GradientBoosting,1780436867126_ba5f39ad17804391156046752,0.9354207436399216,0.6249197689345314,0.5961111111111111,0.6081288343558282,0.9275433404761488,0.9354207436399216,0.9312157084028668,0.9354207436399216,0.9354207436399216,0.9354207436399216,0.8199274009219517
7,infgain,standard,noAug,noImbl,GradientBoosting,last,0.3,0.1,42,2026-06-03 06:25:01,20260603-054739,log/stroke_prediction_v7/7/infgain/noAug__noImbl__standard/GradientBoosting,1780436867126_ba5f39ad17804391011493292,0.9471624266144814,0.665631212723658,0.5548559670781893,0.5772589392407391,0.9278249290947076,0.9471624266144814,0.9340068632560012,0.9471624266144814,0.9471624266144814,0.9471624266144814,0.8203860519099588
7,infgain,standard,noAug,noImbl,GradientBoosting,last,0.3,0.15,42,2026-06-03 06:25:09,20260603-054739,log/stroke_prediction_v7/7/infgain/noAug__noImbl__standard/GradientBoosting,1780436867126_ba5f39ad17804391093849760,0.9465449804432856,0.6668608521970706,0.5742317660125879,0.5993655485202503,0.9305630302577876,0.9465449804432856,0.9363338206808433,0.9465449804432856,0.9465449804432856,0.9465449804432856,0.8261384624042226
7,infgain,standard,noAug,noImbl,GradientBoosting,last,0.3,0.2,42,2026-06-03 06:25:17,20260603-054739,log/stroke_prediction_v7/7/infgain/noAug__noImbl__standard/GradientBoosting,1780436867126_ba5f39ad17804391176018468,0.946183953033268,0.6310513074635968,0.5353703703703704,0.5496101856525885,0.9227704833825092,0.9461839530332682,0.9308834010071106,0.946183953033268,0.946183953033268,0.946183953033268,0.8094668353339096
7,infgain,standard,noAug,noImbl,GradientBoosting,last,0.5,0.1,42,2026-06-03 06:25:03,20260603-054739,log/stroke_prediction_v7/7/infgain/noAug__noImbl__standard/GradientBoosting,1780436867126_ba5f39ad17804391032580246,0.949119373776908,0.4754901960784314,0.4989711934156378,0.4869477911646586,0.9044549326579948,0.949119373776908,0.926249027420838,0.949119373776908,0.949119373776908,0.949119373776908,0.7795189045137939
7,infgain,standard,noAug,noImbl,GradientBoosting,last,0.5,0.15,42,2026-06-03 06:25:11,20260603-054739,log/stroke_prediction_v7/7/infgain/noAug__noImbl__standard/GradientBoosting,1780436867126_ba5f39ad17804391115600121,0.9452411994784876,0.4757217847769029,0.4965753424657534,0.4859249329758713,0.9055460309964514,0.9452411994784876,0.924967929784579,0.9452411994784876,0.9452411994784876,0.9452411994784876,0.7775147250293731
7,infgain,standard,noAug,noImbl,GradientBoosting,last,0.5,0.2,42,2026-06-03 06:25:19,20260603-054739,log/stroke_prediction_v7/7/infgain/noAug__noImbl__standard/GradientBoosting,1780436867126_ba5f39ad17804391195707023,0.9481409001956947,0.4754661432777232,0.4984567901234568,0.4866901054746358,0.9044091805595832,0.9481409001956947,0.9257588699047868,0.9481409001956947,0.9481409001956947,0.9481409001956947,0.7789569177812675
8,infgain,minmax,gaussian_noise,ADASYN,GradientBoosting,first,0.1,0.1,42,2026-06-03 06:25:28,20260603-054739,log/stroke_prediction_v7/8/infgain/minmax__gaussian_noise__ADASYN/GradientBoosting,1780436867126_ba5f39ad17804391285180311,0.5538160469667319,0.5318239051655304,0.6705761316872428,0.423433231719387,0.9373589999796864,0.5538160469667319,0.6707849923326625,0.5538160469667319,0.5538160469667319,0.5538160469667319,0.599635056077746
8,infgain,minmax,gaussian_noise,ADASYN,GradientBoosting,first,0.1,0.15,42,2026-06-03 06:26:45,20260603-054739,log/stroke_prediction_v7/8/infgain/minmax__gaussian_noise__ADASYN/GradientBoosting,1780436867126_ba5f39ad17804392055740017,0.5554106910039114,0.5348684300178516,0.6894668641243984,0.4261715296198054,0.9416051975418356,0.5554106910039114,0.6722230099472378,0.5554106910039114,0.5554106910039114,0.5554106910039114,0.6035175065050294
8,infgain,minmax,gaussian_noise,ADASYN,GradientBoosting,first,0.1,0.2,42,2026-06-03 06:28:01,20260603-054739,log/stroke_prediction_v7/8/infgain/minmax__gaussian_noise__ADASYN/GradientBoosting,1780436867126_ba5f39ad17804392818941042,0.5499021526418787,0.5384515159876146,0.7064609053497942,0.4265486552948982,0.9445087081119028,0.5499021526418787,0.6664894243959867,0.5499021526418787,0.5499021526418787,0.5499021526418787,0.6028586859553153
8,infgain,minmax,gaussian_noise,ADASYN,GradientBoosting,first,0.2,0.1,42,2026-06-03 06:25:47,20260603-054739,log/stroke_prediction_v7/8/infgain/minmax__gaussian_noise__ADASYN/GradientBoosting,1780436867126_ba5f39ad17804391478539992,0.6105675146771037,0.5347778759386634,0.681440329218107,0.45341718401462,0.9363758467251112,0.6105675146771037,0.7178197476474848,0.6105675146771037,0.6105675146771037,0.6105675146771037,0.6351719508083452
8,infgain,minmax,gaussian_noise,ADASYN,GradientBoosting,first,0.2,0.15,42,2026-06-03 06:27:04,20260603-054739,log/stroke_prediction_v7/8/infgain/minmax__gaussian_noise__ADASYN/GradientBoosting,1780436867126_ba5f39ad17804392247671673,0.6010430247718384,0.5376018375872645,0.7006108848574601,0.4509740624298225,0.9409481010634994,0.6010430247718384,0.7103201744074209,0.6010430247718384,0.6010430247718384,0.6010430247718384,0.6325274277851441
8,infgain,minmax,gaussian_noise,ADASYN,GradientBoosting,first,0.2,0.2,42,2026-06-03 06:28:19,20260603-054739,log/stroke_prediction_v7/8/infgain/minmax__gaussian_noise__ADASYN/GradientBoosting,1780436867126_ba5f39ad17804392997833193,0.5968688845401174,0.5401407573492776,0.7121810699588478,0.4516024839543219,0.9424740901950804,0.5968688845401174,0.7062329427758114,0.5968688845401174,0.5968688845401174,0.5968688845401174,0.6319024595758875
8,infgain,minmax,gaussian_noise,ADASYN,GradientBoosting,first,0.3,0.1,42,2026-06-03 06:26:06,20260603-054739,log/stroke_prediction_v7/8/infgain/minmax__gaussian_noise__ADASYN/GradientBoosting,1780436867126_ba5f39ad17804391664912219,0.7025440313111546,0.5451572526620125,0.7108230452674897,0.5046175825297209,0.9373480902687936,0.7025440313111546,0.7871070341961014,0.7025440313111546,0.7025440313111546,0.7025440313111546,0.6941091438531646
8,infgain,minmax,gaussian_noise,ADASYN,GradientBoosting,first,0.3,0.15,42,2026-06-03 06:27:23,20260603-054739,log/stroke_prediction_v7/8/infgain/minmax__gaussian_noise__ADASYN/GradientBoosting,1780436867126_ba5f39ad17804392434715129,0.6571056062581486,0.5451710451710452,0.7300629396519808,0.4842913131178847,0.9429692545729054,0.6571056062581486,0.754021730113837,0.6571056062581486,0.6571056062581486,0.6571056062581486,0.6704095229276107
8,infgain,minmax,gaussian_noise,ADASYN,GradientBoosting,first,0.3,0.2,42,2026-06-03 06:28:39,20260603-054739,log/stroke_prediction_v7/8/infgain/minmax__gaussian_noise__ADASYN/GradientBoosting,1780436867126_ba5f39ad17804393198648649,0.6448140900195695,0.546496725440806,0.7373868312757201,0.4803091366782515,0.9440783488689636,0.6448140900195695,0.7440892531664169,0.6448140900195695,0.6448140900195695,0.6448140900195695,0.664381585043077
8,infgain,minmax,gaussian_noise,ADASYN,GradientBoosting,first,0.5,0.1,42,2026-06-03 06:26:25,20260603-054739,log/stroke_prediction_v7/8/infgain/minmax__gaussian_noise__ADASYN/GradientBoosting,1780436867126_ba5f39ad17804391857476665,0.8434442270058709,0.566293425208154,0.6900411522633745,0.5789733871632199,0.9323866046601528,0.8434442270058709,0.8800130344902867,0.8434442270058709,0.8434442270058709,0.843444227005871,0.7750977722635423
8,infgain,minmax,gaussian_noise,ADASYN,GradientBoosting,first,0.5,0.15,42,2026-06-03 06:27:42,20260603-054739,log/stroke_prediction_v7/8/infgain/minmax__gaussian_noise__ADASYN/GradientBoosting,1780436867126_ba5f39ad17804392621767245,0.8539765319426337,0.5774358974358974,0.7180303591262496,0.5957839262187088,0.9369906060909972,0.8539765319426337,0.8876721411725095,0.8539765319426337,0.8539765319426337,0.8539765319426337,0.7873547091510504
8,infgain,minmax,gaussian_noise,ADASYN,GradientBoosting,first,0.5,0.2,42,2026-06-03 06:29:00,20260603-054739,log/stroke_prediction_v7/8/infgain/minmax__gaussian_noise__ADASYN/GradientBoosting,1780436867126_ba5f39ad17804393406815373,0.8140900195694716,0.5740968801313628,0.7599794238683127,0.5813642635391514,0.9416611235897288,0.8140900195694716,0.8629563200482789,0.8140900195694716,0.8140900195694716,0.8140900195694716,0.7698578381248434
8,infgain,minmax,gaussian_noise,ADASYN,GradientBoosting,last,0.1,0.1,42,2026-06-03 06:29:22,20260603-054739,log/stroke_prediction_v7/8/infgain/gaussian_noise__ADASYN__minmax/GradientBoosting,1780436867126_ba5f39ad17804393622983894,0.5675146771037182,0.533281972265023,0.6777777777777778,0.4314246731211704,0.9379300986916496,0.5675146771037182,0.6823746404649885,0.5675146771037182,0.5675146771037182,0.5675146771037182,0.608974752752856
8,infgain,minmax,gaussian_noise,ADASYN,GradientBoosting,last,0.1,0.15,42,2026-06-03 06:30:29,20260603-054739,log/stroke_prediction_v7/8/infgain/gaussian_noise__ADASYN__minmax/GradientBoosting,1780436867126_ba5f39ad17804394299006866,0.5867014341590613,0.5359209257473481,0.6930766382821177,0.4425833755550918,0.9404139410268564,0.5867014341590613,0.6986700796898373,0.5867014341590613,0.5867014341590613,0.5867014341590613,0.622809742455996
8,infgain,minmax,gaussian_noise,ADASYN,GradientBoosting,last,0.1,0.2,42,2026-06-03 06:31:35,20260603-054739,log/stroke_prediction_v7/8/infgain/gaussian_noise__ADASYN__minmax/GradientBoosting,1780436867126_ba5f39ad17804394959648855,0.5694716242661448,0.5370045273953618,0.6977777777777778,0.435415829650462,0.9415270046232268,0.5694716242661448,0.6836074815292964,0.5694716242661448,0.5694716242661448,0.5694716242661448,0.6132730773630581
8,infgain,minmax,gaussian_noise,ADASYN,GradientBoosting,last,0.2,0.1,42,2026-06-03 06:29:39,20260603-054739,log/stroke_prediction_v7/8/infgain/gaussian_noise__ADASYN__minmax/GradientBoosting,1780436867126_ba5f39ad17804393793168632,0.6594911937377691,0.541542879778174,0.7071604938271605,0.4822152341020265,0.9384346515692206,0.6594911937377691,0.7555403758815493,0.6594911937377691,0.6594911937377691,0.6594911937377691,0.6681736215100994
8,infgain,minmax,gaussian_noise,ADASYN,GradientBoosting,last,0.2,0.15,42,2026-06-03 06:30:46,20260603-054739,log/stroke_prediction_v7/8/infgain/gaussian_noise__ADASYN__minmax/GradientBoosting,1780436867126_ba5f39ad17804394465644657,0.6766623207301173,0.5458712172108509,0.7275083302480563,0.4937940431329969,0.9416713689088932,0.6766623207301173,0.7686914756163037,0.6766623207301173,0.6766623207301173,0.6766623207301173,0.6815428477412219
8,infgain,minmax,gaussian_noise,ADASYN,GradientBoosting,last,0.2,0.2,42,2026-06-03 06:31:51,20260603-054739,log/stroke_prediction_v7/8/infgain/gaussian_noise__ADASYN__minmax/GradientBoosting,1780436867126_ba5f39ad17804395117929686,0.6555772994129159,0.5481148369016196,0.7430452674897119,0.4868775389109498,0.9444363986432804,0.6555772994129159,0.7523061723287189,0.6555772994129159,0.6555772994129159,0.6555772994129159,0.6716681267545777
8,infgain,minmax,gaussian_noise,ADASYN,GradientBoosting,last,0.3,0.1,42,2026-06-03 06:29:56,20260603-054739,log/stroke_prediction_v7/8/infgain/gaussian_noise__ADASYN__minmax/GradientBoosting,1780436867126_ba5f39ad17804393964057757,0.7592954990215264,0.5455389197127938,0.6837448559670782,0.5272682145355265,0.9319772846591692,0.7592954990215264,0.8260519523792302,0.7592954990215264,0.7592954990215264,0.7592954990215265,0.7228423306797279
8,infgain,minmax,gaussian_noise,ADASYN,GradientBoosting,last,0.3,0.15,42,2026-06-03 06:31:02,20260603-054739,log/stroke_prediction_v7/8/infgain/gaussian_noise__ADASYN__minmax/GradientBoosting,1780436867126_ba5f39ad17804394629925498,0.7913950456323338,0.5621533251591055,0.7364679748241392,0.5586246583225435,0.9395037106411654,0.7913950456323338,0.8482294669503436,0.7913950456323338,0.7913950456323338,0.7913950456323336,0.7513986381063074
8,infgain,minmax,gaussian_noise,ADASYN,GradientBoosting,last,0.3,0.2,42,2026-06-03 06:32:07,20260603-054739,log/stroke_prediction_v7/8/infgain/gaussian_noise__ADASYN__minmax/GradientBoosting,1780436867126_ba5f39ad17804395274313118,0.7328767123287672,0.5571557591200851,0.7552263374485597,0.5304850036096345,0.9429050897353348,0.7328767123287672,0.808585086231155,0.7328767123287672,0.7328767123287672,0.7328767123287672,0.7195399170380231
8,infgain,minmax,gaussian_noise,ADASYN,GradientBoosting,last,0.5,0.1,42,2026-06-03 06:30:13,20260603-054739,log/stroke_prediction_v7/8/infgain/gaussian_noise__ADASYN__minmax/GradientBoosting,1780436867126_ba5f39ad17804394135578388,0.8962818003913894,0.5806217858812529,0.6419341563786007,0.598895158543268,0.9279231383613792,0.8962818003913894,0.9104752537523226,0.8962818003913894,0.8962818003913894,0.8962818003913894,0.7999661900630175
8,infgain,minmax,gaussian_noise,ADASYN,GradientBoosting,last,0.5,0.15,42,2026-06-03 06:31:19,20260603-054739,log/stroke_prediction_v7/8/infgain/gaussian_noise__ADASYN__minmax/GradientBoosting,1780436867126_ba5f39ad17804394796475673,0.9048239895697524,0.6192779343438191,0.7319141058867087,0.6513050139189028,0.9410395868179192,0.9048239895697524,0.9199420936223258,0.9048239895697524,0.9048239895697524,0.9048239895697524,0.8268398246639297
8,infgain,minmax,gaussian_noise,ADASYN,GradientBoosting,last,0.5,0.2,42,2026-06-03 06:32:22,20260603-054739,log/stroke_prediction_v7/8/infgain/gaussian_noise__ADASYN__minmax/GradientBoosting,1780436867126_ba5f39ad17804395429743322,0.9070450097847358,0.6239042647493351,0.732962962962963,0.6561420906305891,0.9407195158690432,0.907045009784736,0.9211277624062172,0.9070450097847358,0.9070450097847358,0.9070450097847358,0.8291671562275491
8,infgain,minmax,gaussian_noise,RandomOverSampler,GradientBoosting,first,0.1,0.1,42,2026-06-03 06:32:37,20260603-054739,log/stroke_prediction_v7/8/infgain/minmax__gaussian_noise__RandomOverSampler/GradientBoosting,1780436867126_ba5f39ad17804395570666317,0.4598825831702544,0.5377752886981763,0.6970781893004114,0.3763663376843892,0.950517096150728,0.4598825831702543,0.5822539802992761,0.4598825831702544,0.4598825831702544,0.4598825831702544,0.5462831383805831
8,infgain,minmax,gaussian_noise,RandomOverSampler,GradientBoosting,first,0.1,0.15,42,2026-06-03 06:33:21,20260603-054739,log/stroke_prediction_v7/8/infgain/minmax__gaussian_noise__RandomOverSampler/GradientBoosting,1780436867126_ba5f39ad17804396014627878,0.5058670143415906,0.5324836592388412,0.6762680488707886,0.3985409041345877,0.9423799906565002,0.5058670143415906,0.6280995287440105,0.5058670143415906,0.5058670143415906,0.5058670143415906,0.5714560405450388
8,infgain,minmax,gaussian_noise,RandomOverSampler,GradientBoosting,first,0.1,0.2,42,2026-06-03 06:34:04,20260603-054739,log/stroke_prediction_v7/8/infgain/minmax__gaussian_noise__RandomOverSampler/GradientBoosting,1780436867126_ba5f39ad17804396445687580,0.5039138943248532,0.5358702973155008,0.6917695473251029,0.4001868360461603,0.9450897911679604,0.5039138943248532,0.6252135365942895,0.5039138943248532,0.5039138943248532,0.5039138943248532,0.5726485772068651
8,infgain,minmax,gaussian_noise,RandomOverSampler,GradientBoosting,first,0.2,0.1,42,2026-06-03 06:32:49,20260603-054739,log/stroke_prediction_v7/8/infgain/minmax__gaussian_noise__RandomOverSampler/GradientBoosting,1780436867126_ba5f39ad17804395693354452,0.589041095890411,0.5321842301943198,0.6701234567901235,0.4409539884971242,0.935430616131212,0.589041095890411,0.7005287280724289,0.589041095890411,0.589041095890411,0.589041095890411,0.6206126761531627
8,infgain,minmax,gaussian_noise,RandomOverSampler,GradientBoosting,first,0.2,0.15,42,2026-06-03 06:33:31,20260603-054739,log/stroke_prediction_v7/8/infgain/minmax__gaussian_noise__RandomOverSampler/GradientBoosting,1780436867126_ba5f39ad17804396118597081,0.5814863102998696,0.5353304194843037,0.6903369122547205,0.4395380759538622,0.9402169047398375,0.5814863102998696,0.6943829630051138,0.5814863102998696,0.5814863102998696,0.5814863102998696,0.6192711036116804
8,infgain,minmax,gaussian_noise,RandomOverSampler,GradientBoosting,first,0.2,0.2,42,2026-06-03 06:34:14,20260603-054739,log/stroke_prediction_v7/8/infgain/minmax__gaussian_noise__RandomOverSampler/GradientBoosting,1780436867126_ba5f39ad17804396547409856,0.5753424657534246,0.5394041011409189,0.7103497942386832,0.4403038562487381,0.9434915666620204,0.5753424657534246,0.6883229756975847,0.5753424657534246,0.5753424657534246,0.5753424657534246,0.6187555572974802
8,infgain,minmax,gaussian_noise,RandomOverSampler,GradientBoosting,first,0.3,0.1,42,2026-06-03 06:33:00,20260603-054739,log/stroke_prediction_v7/8/infgain/minmax__gaussian_noise__RandomOverSampler/GradientBoosting,1780436867126_ba5f39ad17804395801443864,0.639921722113503,0.5386692101264186,0.6968724279835391,0.4705855855855855,0.937621415477238,0.639921722113503,0.7407030905661043,0.639921722113503,0.639921722113503,0.639921722113503,0.6549782956268742
8,infgain,minmax,gaussian_noise,RandomOverSampler,GradientBoosting,first,0.3,0.15,42,2026-06-03 06:33:42,20260603-054739,log/stroke_prediction_v7/8/infgain/minmax__gaussian_noise__RandomOverSampler/GradientBoosting,1780436867126_ba5f39ad17804396223577157,0.6427640156453716,0.5430582419944122,0.7225286930766384,0.4756536926147704,0.9424576705499894,0.6427640156453716,0.7431073966799125,0.6427640156453716,0.6427640156453716,0.6427640156453716,0.6607242302144549
8,infgain,minmax,gaussian_noise,RandomOverSampler,GradientBoosting,first,0.3,0.2,42,2026-06-03 06:34:24,20260603-054739,log/stroke_prediction_v7/8/infgain/minmax__gaussian_noise__RandomOverSampler/GradientBoosting,1780436867126_ba5f39ad17804396648960069,0.6203522504892368,0.5430963665086889,0.7245267489711934,0.4655733816362616,0.9432644846551228,0.6203522504892368,0.7250390490588853,0.6203522504892368,0.6203522504892368,0.6203522504892368,0.6478215248134672
8,infgain,minmax,gaussian_noise,RandomOverSampler,GradientBoosting,first,0.5,0.1,42,2026-06-03 06:33:10,20260603-054739,log/stroke_prediction_v7/8/infgain/minmax__gaussian_noise__RandomOverSampler/GradientBoosting,1780436867126_ba5f39ad17804395908666857,0.8238747553816047,0.5669281376518218,0.7176954732510288,0.5751108647450112,0.9359387008089244,0.8238747553816047,0.8684104902781815,0.8238747553816047,0.8238747553816047,0.8238747553816048,0.7681343365772981
8,infgain,minmax,gaussian_noise,RandomOverSampler,GradientBoosting,first,0.5,0.15,42,2026-06-03 06:33:54,20260603-054739,log/stroke_prediction_v7/8/infgain/minmax__gaussian_noise__RandomOverSampler/GradientBoosting,1780436867126_ba5f39ad17804396342110773,0.7796610169491526,0.5612182116488924,0.7431321732691596,0.553290623179965,0.9406188734861862,0.7796610169491526,0.840606892194703,0.7796610169491526,0.7796610169491526,0.7796610169491526,0.7454459599262849
8,infgain,minmax,gaussian_noise,RandomOverSampler,GradientBoosting,first,0.5,0.2,42,2026-06-03 06:34:35,20260603-054739,log/stroke_prediction_v7/8/infgain/minmax__gaussian_noise__RandomOverSampler/GradientBoosting,1780436867126_ba5f39ad17804396752545495,0.8277886497064579,0.5733932186234817,0.738724279835391,0.5845528455284553,0.9387399280604038,0.8277886497064579,0.8713347016053333,0.8277886497064579,0.8277886497064579,0.8277886497064578,0.774584334604579
8,infgain,minmax,gaussian_noise,RandomOverSampler,GradientBoosting,last,0.1,0.1,42,2026-06-03 06:34:46,20260603-054739,log/stroke_prediction_v7/8/infgain/gaussian_noise__RandomOverSampler__minmax/GradientBoosting,1780436867126_ba5f39ad17804396860489110,0.4598825831702544,0.534047641524277,0.6781069958847736,0.3742857142857143,0.9459764596110776,0.4598825831702543,0.5830696114062063,0.4598825831702544,0.4598825831702544,0.4598825831702544,0.5433694418239026
8,infgain,minmax,gaussian_noise,RandomOverSampler,GradientBoosting,last,0.1,0.15,42,2026-06-03 06:35:27,20260603-054739,log/stroke_prediction_v7/8/infgain/gaussian_noise__RandomOverSampler__minmax/GradientBoosting,1780436867126_ba5f39ad17804397271449805,0.469361147327249,0.5367146232971921,0.6955757126990004,0.380849245025179,0.9497762060155156,0.469361147327249,0.5923621701815048,0.469361147327249,0.469361147327249,0.469361147327249,0.5519328254130729
8,infgain,minmax,gaussian_noise,RandomOverSampler,GradientBoosting,last,0.1,0.2,42,2026-06-03 06:36:07,20260603-054739,log/stroke_prediction_v7/8/infgain/gaussian_noise__RandomOverSampler__minmax/GradientBoosting,1780436867126_ba5f39ad17804397672090585,0.5088062622309197,0.536304581795818,0.6943415637860082,0.4031484997394088,0.9452312050028524,0.5088062622309197,0.6296983997793462,0.5088062622309197,0.5088062622309197,0.5088062622309197,0.5760372748786489
8,infgain,minmax,gaussian_noise,RandomOverSampler,GradientBoosting,last,0.2,0.1,42,2026-06-03 06:34:56,20260603-054739,log/stroke_prediction_v7/8/infgain/gaussian_noise__RandomOverSampler__minmax/GradientBoosting,1780436867126_ba5f39ad17804396963957628,0.5929549902152642,0.5361624937717987,0.6911522633744855,0.4462782362257231,0.9389523531631462,0.5929549902152642,0.7033808354241202,0.5929549902152642,0.5929549902152642,0.5929549902152642,0.6262575678645251
8,infgain,minmax,gaussian_noise,RandomOverSampler,GradientBoosting,last,0.2,0.15,42,2026-06-03 06:35:37,20260603-054739,log/stroke_prediction_v7/8/infgain/gaussian_noise__RandomOverSampler__minmax/GradientBoosting,1780436867126_ba5f39ad17804397370691245,0.5528031290743155,0.5346007682249101,0.6880970011106997,0.4246388697525396,0.941511609148715,0.5528031290743154,0.6699919960232321,0.5528031290743155,0.5528031290743155,0.5528031290743155,0.6017368193445243
8,infgain,minmax,gaussian_noise,RandomOverSampler,GradientBoosting,last,0.2,0.2,42,2026-06-03 06:36:16,20260603-054739,log/stroke_prediction_v7/8/infgain/gaussian_noise__RandomOverSampler__minmax/GradientBoosting,1780436867126_ba5f39ad17804397768389900,0.5900195694716243,0.5393277389168868,0.7085802469135802,0.4475483245884847,0.9422403921191964,0.5900195694716243,0.7006475303346402,0.5900195694716243,0.5900195694716243,0.5900195694716243,0.6272520438220847
8,infgain,minmax,gaussian_noise,RandomOverSampler,GradientBoosting,last,0.3,0.1,42,2026-06-03 06:35:06,20260603-054739,log/stroke_prediction_v7/8/infgain/gaussian_noise__RandomOverSampler__minmax/GradientBoosting,1780436867126_ba5f39ad17804397067143182,0.6634050880626223,0.5348401138456386,0.6712757201646091,0.4771321149819151,0.93261496695993,0.6634050880626223,0.7586791333104594,0.6634050880626223,0.6634050880626223,0.6634050880626223,0.6646068025659229
8,infgain,minmax,gaussian_noise,RandomOverSampler,GradientBoosting,last,0.3,0.15,42,2026-06-03 06:35:47,20260603-054739,log/stroke_prediction_v7/8/infgain/gaussian_noise__RandomOverSampler__minmax/GradientBoosting,1780436867126_ba5f39ad17804397472514607,0.6401564537157758,0.5403109105236764,0.7083302480562754,0.4718263473053892,0.9402702251602358,0.6401564537157757,0.7412322681885252,0.6401564537157758,0.6401564537157758,0.6401564537157758,0.6569125121844163
8,infgain,minmax,gaussian_noise,RandomOverSampler,GradientBoosting,last,0.3,0.2,42,2026-06-03 06:36:26,20260603-054739,log/stroke_prediction_v7/8/infgain/gaussian_noise__RandomOverSampler__minmax/GradientBoosting,1780436867126_ba5f39ad17804397864818986,0.6428571428571429,0.5444372795969773,0.726872427983539,0.4774458261365339,0.942433393306945,0.6428571428571429,0.7426792765998408,0.6428571428571429,0.6428571428571429,0.6428571428571429,0.6615359326420593
8,infgain,minmax,gaussian_noise,RandomOverSampler,GradientBoosting,last,0.5,0.1,42,2026-06-03 06:35:17,20260603-054739,log/stroke_prediction_v7/8/infgain/gaussian_noise__RandomOverSampler__minmax/GradientBoosting,1780436867126_ba5f39ad17804397170134874,0.8395303326810176,0.5744144437215355,0.7259259259259259,0.5888736263736264,0.9370803927135868,0.8395303326810176,0.8784794950646223,0.8395303326810176,0.8395303326810176,0.8395303326810175,0.779657177524249
8,infgain,minmax,gaussian_noise,RandomOverSampler,GradientBoosting,last,0.5,0.15,42,2026-06-03 06:35:57,20260603-054739,log/stroke_prediction_v7/8/infgain/gaussian_noise__RandomOverSampler__minmax/GradientBoosting,1780436867126_ba5f39ad17804397573265922,0.7979139504563233,0.5585133276705903,0.7142354683450574,0.5562883258127965,0.936428206008889,0.7979139504563233,0.852130300862203,0.7979139504563233,0.7979139504563233,0.7979139504563233,0.7513460743862328
8,infgain,minmax,gaussian_noise,RandomOverSampler,GradientBoosting,last,0.5,0.2,42,2026-06-03 06:36:36,20260603-054739,log/stroke_prediction_v7/8/infgain/gaussian_noise__RandomOverSampler__minmax/GradientBoosting,1780436867126_ba5f39ad17804397960017696,0.7954990215264188,0.569072520399954,0.7596913580246913,0.5688399141708871,0.9418675811831692,0.7954990215264188,0.8508637967374192,0.7954990215264188,0.7954990215264188,0.7954990215264188,0.7582183112075948
8,infgain,minmax,gaussian_noise,noImbl,GradientBoosting,first,0.1,0.1,42,2026-06-03 06:36:45,20260603-054739,log/stroke_prediction_v7/8/infgain/minmax__gaussian_noise__noImbl/GradientBoosting,1780436867126_ba5f39ad17804398056274778,0.8767123287671232,0.5881396812080537,0.7075308641975309,0.6123053578525235,0.935481693021973,0.8767123287671232,0.9011480440886148,0.8767123287671232,0.8767123287671232,0.8767123287671232,0.8008181656407757
8,infgain,minmax,gaussian_noise,noImbl,GradientBoosting,first,0.1,0.15,42,2026-06-03 06:37:03,20260603-054739,log/stroke_prediction_v7/8/infgain/minmax__gaussian_noise__noImbl/GradientBoosting,1780436867126_ba5f39ad17804398237735255,0.8657105606258149,0.5777714932126696,0.6985375786745649,0.5977812059283245,0.9347335213295024,0.8657105606258149,0.8943867056173992,0.8657105606258149,0.8657105606258149,0.8657105606258149,0.7912136703038579
8,infgain,minmax,gaussian_noise,noImbl,GradientBoosting,first,0.1,0.2,42,2026-06-03 06:37:21,20260603-054739,log/stroke_prediction_v7/8/infgain/minmax__gaussian_noise__noImbl/GradientBoosting,1780436867126_ba5f39ad17804398416009795,0.8590998043052838,0.5858818600754084,0.7362139917695474,0.607928388746803,0.9386927068260316,0.8590998043052838,0.8910335784105186,0.8590998043052838,0.8590998043052838,0.8590998043052838,0.7945630726628102
8,infgain,minmax,gaussian_noise,noImbl,GradientBoosting,first,0.2,0.1,42,2026-06-03 06:36:50,20260603-054739,log/stroke_prediction_v7/8/infgain/minmax__gaussian_noise__noImbl/GradientBoosting,1780436867126_ba5f39ad17804398101464270,0.9315068493150684,0.604633401221996,0.5845679012345679,0.5931991356761059,0.9245668610328376,0.9315068493150684,0.9278769382245216,0.9315068493150684,0.9315068493150684,0.9315068493150684,0.8121409671600616
8,infgain,minmax,gaussian_noise,noImbl,GradientBoosting,first,0.2,0.15,42,2026-06-03 06:37:08,20260603-054739,log/stroke_prediction_v7/8/infgain/minmax__gaussian_noise__noImbl/GradientBoosting,1780436867126_ba5f39ad17804398282486521,0.9230769230769232,0.5932427785419532,0.6003887449092928,0.5966360338357592,0.9259575706274468,0.9230769230769228,0.924496231291015,0.9230769230769232,0.9230769230769232,0.9230769230769232,0.8093595184076544
8,infgain,minmax,gaussian_noise,noImbl,GradientBoosting,first,0.2,0.2,42,2026-06-03 06:37:26,20260603-054739,log/stroke_prediction_v7/8/infgain/minmax__gaussian_noise__noImbl/GradientBoosting,1780436867126_ba5f39ad17804398460301474,0.9383561643835616,0.6428728220606393,0.6071399176954733,0.6218349690765246,0.9302521908599374,0.9383561643835616,0.9339553349300947,0.9383561643835616,0.9383561643835616,0.9383561643835616,0.8267375044160225
8,infgain,minmax,gaussian_noise,noImbl,GradientBoosting,first,0.3,0.1,42,2026-06-03 06:36:54,20260603-054739,log/stroke_prediction_v7/8/infgain/minmax__gaussian_noise__noImbl/GradientBoosting,1780436867126_ba5f39ad17804398147190521,0.943248532289628,0.6280439121756487,0.552798353909465,0.5710233029381965,0.9239895941971242,0.943248532289628,0.9315187456504024,0.943248532289628,0.943248532289628,0.943248532289628,0.8131639062323648
8,infgain,minmax,gaussian_noise,noImbl,GradientBoosting,first,0.3,0.15,42,2026-06-03 06:37:12,20260603-054739,log/stroke_prediction_v7/8/infgain/minmax__gaussian_noise__noImbl/GradientBoosting,1780436867126_ba5f39ad17804398327506656,0.9426336375488916,0.5928381962864722,0.5336912254720473,0.5451752021563342,0.9199748235399902,0.9426336375488916,0.929329589502279,0.9426336375488916,0.9426336375488916,0.9426336375488916,0.8028795982981994
8,infgain,minmax,gaussian_noise,noImbl,GradientBoosting,first,0.3,0.2,42,2026-06-03 06:37:30,20260603-054739,log/stroke_prediction_v7/8/infgain/minmax__gaussian_noise__noImbl/GradientBoosting,1780436867126_ba5f39ad17804398504503553,0.9354207436399216,0.5949932795698925,0.5581687242798354,0.5706975560081466,0.9212657555289018,0.9354207436399216,0.9276771515458287,0.9354207436399216,0.9354207436399216,0.9354207436399216,0.8063672795269277
8,infgain,minmax,gaussian_noise,noImbl,GradientBoosting,first,0.5,0.1,42,2026-06-03 06:36:59,20260603-054739,log/stroke_prediction_v7/8/infgain/minmax__gaussian_noise__noImbl/GradientBoosting,1780436867126_ba5f39ad17804398192436299,0.949119373776908,0.4754901960784314,0.4989711934156378,0.4869477911646586,0.9044549326579948,0.949119373776908,0.926249027420838,0.949119373776908,0.949119373776908,0.949119373776908,0.7795189045137939
8,infgain,minmax,gaussian_noise,noImbl,GradientBoosting,first,0.5,0.15,42,2026-06-03 06:37:17,20260603-054739,log/stroke_prediction_v7/8/infgain/minmax__gaussian_noise__noImbl/GradientBoosting,1780436867126_ba5f39ad17804398372686598,0.9374185136897,0.5145888594164456,0.5052943354313217,0.5038274932614555,0.9100287385141048,0.9374185136897,0.9229050067297588,0.9374185136897,0.9374185136897,0.9374185136897,0.7819684738107493
8,infgain,minmax,gaussian_noise,noImbl,GradientBoosting,first,0.5,0.2,42,2026-06-03 06:37:34,20260603-054739,log/stroke_prediction_v7/8/infgain/minmax__gaussian_noise__noImbl/GradientBoosting,1780436867126_ba5f39ad17804398548550750,0.949119373776908,0.4754901960784314,0.4989711934156378,0.4869477911646586,0.9044549326579948,0.949119373776908,0.926249027420838,0.949119373776908,0.949119373776908,0.949119373776908,0.7795189045137939
8,infgain,minmax,gaussian_noise,noImbl,GradientBoosting,last,0.1,0.1,42,2026-06-03 06:37:39,20260603-054739,log/stroke_prediction_v7/8/infgain/gaussian_noise__noImbl__minmax/GradientBoosting,1780436867126_ba5f39ad17804398598870467,0.8708414872798435,0.5653005464480875,0.6475308641975308,0.5810226595110317,0.9273940521638704,0.8708414872798435,0.8953908468084958,0.8708414872798435,0.8708414872798435,0.8708414872798435,0.7838211671408152
8,infgain,minmax,gaussian_noise,noImbl,GradientBoosting,last,0.1,0.15,42,2026-06-03 06:37:57,20260603-054739,log/stroke_prediction_v7/8/infgain/gaussian_noise__noImbl__minmax/GradientBoosting,1780436867126_ba5f39ad17804398775642761,0.8696219035202086,0.5842861738214996,0.7134209552017772,0.6069891371182619,0.936759722272846,0.8696219035202086,0.8972674578783081,0.8696219035202086,0.8696219035202086,0.8696219035202086,0.796933935787181
8,infgain,minmax,gaussian_noise,noImbl,GradientBoosting,last,0.1,0.2,42,2026-06-03 06:38:15,20260603-054739,log/stroke_prediction_v7/8/infgain/gaussian_noise__noImbl__minmax/GradientBoosting,1780436867126_ba5f39ad17804398959450079,0.8620352250489237,0.5826666666666666,0.7187860082304527,0.6039619742812463,0.936482340881558,0.8620352250489237,0.8923783830179717,0.8620352250489237,0.8620352250489237,0.8620352250489237,0.7930586451923197
8,infgain,minmax,gaussian_noise,noImbl,GradientBoosting,last,0.2,0.1,42,2026-06-03 06:37:44,20260603-054739,log/stroke_prediction_v7/8/infgain/gaussian_noise__noImbl__minmax/GradientBoosting,1780436867126_ba5f39ad17804398644560763,0.9354207436399216,0.6037878787878788,0.5676543209876543,0.5807414037443127,0.9229585483010142,0.9354207436399216,0.9286290115993676,0.9354207436399216,0.9354207436399216,0.9354207436399216,0.8100139345651751
8,infgain,minmax,gaussian_noise,noImbl,GradientBoosting,last,0.2,0.15,42,2026-06-03 06:38:02,20260603-054739,log/stroke_prediction_v7/8/infgain/gaussian_noise__noImbl__minmax/GradientBoosting,1780436867126_ba5f39ad17804398820037942,0.9322033898305084,0.6244145199063232,0.6180118474639023,0.6211050311597507,0.9304370261580598,0.9322033898305084,0.9313081427551968,0.9322033898305084,0.9322033898305084,0.9322033898305084,0.8230296713722739
8,infgain,minmax,gaussian_noise,noImbl,GradientBoosting,last,0.2,0.2,42,2026-06-03 06:38:20,20260603-054739,log/stroke_prediction_v7/8/infgain/gaussian_noise__noImbl__minmax/GradientBoosting,1780436867126_ba5f39ad17804399001248721,0.9344422700587084,0.6416257501363885,0.6335390946502057,0.637433217373808,0.93254905980059,0.9344422700587084,0.933478997455406,0.9344422700587084,0.9344422700587084,0.9344422700587084,0.8301851307065837
8,infgain,minmax,gaussian_noise,noImbl,GradientBoosting,last,0.3,0.1,42,2026-06-03 06:37:48,20260603-054739,log/stroke_prediction_v7/8/infgain/gaussian_noise__noImbl__minmax/GradientBoosting,1780436867126_ba5f39ad17804398688888626,0.9510763209393346,0.7282178217821782,0.5569135802469136,0.5841606718531298,0.9341051326267656,0.9510763209393348,0.936552576496339,0.9510763209393346,0.9510763209393346,0.9510763209393346,0.8304611690937398
8,infgain,minmax,gaussian_noise,noImbl,GradientBoosting,last,0.3,0.15,42,2026-06-03 06:38:07,20260603-054739,log/stroke_prediction_v7/8/infgain/gaussian_noise__noImbl__minmax/GradientBoosting,1780436867126_ba5f39ad17804398873567030,0.9374185136897,0.5975998978679943,0.5566086634579785,0.5699467339500981,0.9224196230603284,0.9374185136897004,0.929125779591204,0.9374185136897,0.9374185136897,0.9374185136897,0.8074911009457053
8,infgain,minmax,gaussian_noise,noImbl,GradientBoosting,last,0.3,0.2,42,2026-06-03 06:38:24,20260603-054739,log/stroke_prediction_v7/8/infgain/gaussian_noise__noImbl__minmax/GradientBoosting,1780436867126_ba5f39ad17804399042867850,0.9334637964774952,0.5876578282828283,0.5571399176954732,0.5680365977971705,0.9204690001779045,0.933463796477495,0.9264662543751058,0.9334637964774952,0.9334637964774952,0.9334637964774952,0.8040876210324598
8,infgain,minmax,gaussian_noise,noImbl,GradientBoosting,last,0.5,0.1,42,2026-06-03 06:37:53,20260603-054739,log/stroke_prediction_v7/8/infgain/gaussian_noise__noImbl__minmax/GradientBoosting,1780436867126_ba5f39ad17804398732426950,0.949119373776908,0.4754901960784314,0.4989711934156378,0.4869477911646586,0.9044549326579948,0.949119373776908,0.926249027420838,0.949119373776908,0.949119373776908,0.949119373776908,0.7795189045137939
8,infgain,minmax,gaussian_noise,noImbl,GradientBoosting,last,0.5,0.15,42,2026-06-03 06:38:11,20260603-054739,log/stroke_prediction_v7/8/infgain/gaussian_noise__noImbl__minmax/GradientBoosting,1780436867126_ba5f39ad17804398915413322,0.9491525423728814,0.6436706088480071,0.5242873009996298,0.5334331570820271,0.9240666087589184,0.9491525423728816,0.9313524029474444,0.9491525423728814,0.9491525423728814,0.9491525423728814,0.8085813028142287
8,infgain,minmax,gaussian_noise,noImbl,GradientBoosting,last,0.5,0.2,42,2026-06-03 06:38:28,20260603-054739,log/stroke_prediction_v7/8/infgain/gaussian_noise__noImbl__minmax/GradientBoosting,1780436867126_ba5f39ad17804399084554491,0.9393346379647748,0.5386431411530814,0.512798353909465,0.5146306339430707,0.9118123937393252,0.9393346379647748,0.92423010225689,0.9393346379647748,0.9393346379647748,0.9393346379647748,0.7878883544960911
8,infgain,minmax,noAug,ADASYN,GradientBoosting,first,0.1,0.1,42,2026-06-03 06:38:32,20260603-054739,log/stroke_prediction_v7/8/infgain/minmax__noAug__ADASYN/GradientBoosting,1780436867126_ba5f39ad17804399126262526,0.5812133072407045,0.5312868399826269,0.6660082304526749,0.4364357864357864,0.9350780927190078,0.5812133072407045,0.6941285937372044,0.5812133072407045,0.5812133072407045,0.5812133072407045,0.6153072962376612
8,infgain,minmax,noAug,ADASYN,GradientBoosting,first,0.1,0.15,42,2026-06-03 06:38:54,20260603-054739,log/stroke_prediction_v7/8/infgain/minmax__noAug__ADASYN/GradientBoosting,1780436867126_ba5f39ad17804399341914265,0.5919165580182529,0.536522207490885,0.695816364309515,0.445631366137632,0.9406094171273692,0.5919165580182528,0.7029299396738511,0.5919165580182529,0.5919165580182529,0.5919165580182529,0.6263456179718004
8,infgain,minmax,noAug,ADASYN,GradientBoosting,first,0.1,0.2,42,2026-06-03 06:39:14,20260603-054739,log/stroke_prediction_v7/8/infgain/minmax__noAug__ADASYN/GradientBoosting,1780436867126_ba5f39ad17804399548994253,0.5812133072407045,0.536558099953582,0.6944650205761317,0.4408875936293683,0.94020615013718,0.5812133072407045,0.6935835075935323,0.5812133072407045,0.5812133072407045,0.5812133072407045,0.6197789151464062
8,infgain,minmax,noAug,ADASYN,GradientBoosting,first,0.2,0.1,42,2026-06-03 06:38:37,20260603-054739,log/stroke_prediction_v7/8/infgain/minmax__noAug__ADASYN/GradientBoosting,1780436867126_ba5f39ad17804399179777930,0.6908023483365949,0.5430205197411675,0.7046502057613169,0.4973728771353155,0.936820652587942,0.6908023483365949,0.7786693636456935,0.6908023483365949,0.6908023483365949,0.6908023483365949,0.6861764132608318
8,infgain,minmax,noAug,ADASYN,GradientBoosting,first,0.2,0.15,42,2026-06-03 06:38:59,20260603-054739,log/stroke_prediction_v7/8/infgain/minmax__noAug__ADASYN/GradientBoosting,1780436867126_ba5f39ad17804399394254556,0.6844850065189049,0.5397993438620584,0.6931321732691595,0.4908547289883695,0.936112245922116,0.6844850065189049,0.7745456007191538,0.6844850065189049,0.6844850065189049,0.6844850065189049,0.6805084283690236
8,infgain,minmax,noAug,ADASYN,GradientBoosting,first,0.2,0.2,42,2026-06-03 06:39:19,20260603-054739,log/stroke_prediction_v7/8/infgain/minmax__noAug__ADASYN/GradientBoosting,1780436867126_ba5f39ad17804399598383243,0.6702544031311155,0.5468623250202799,0.7317901234567901,0.4923584181210655,0.9418883528612184,0.6702544031311155,0.763466018417373,0.6702544031311155,0.6702544031311155,0.6702544031311155,0.6785295068670408
8,infgain,minmax,noAug,ADASYN,GradientBoosting,first,0.3,0.1,42,2026-06-03 06:38:43,20260603-054739,log/stroke_prediction_v7/8/infgain/minmax__noAug__ADASYN/GradientBoosting,1780436867126_ba5f39ad17804399233939922,0.7729941291585127,0.5403271291596164,0.6530041152263375,0.525640204865557,0.9275454937787182,0.7729941291585127,0.8346650262722036,0.7729941291585127,0.7729941291585127,0.7729941291585127,0.7253311101505363
8,infgain,minmax,noAug,ADASYN,GradientBoosting,first,0.3,0.15,42,2026-06-03 06:39:04,20260603-054739,log/stroke_prediction_v7/8/infgain/minmax__noAug__ADASYN/GradientBoosting,1780436867126_ba5f39ad17804399445920859,0.7757496740547588,0.5515905191107424,0.702591632728619,0.540155043083015,0.935151739792726,0.7757496740547588,0.8375449870965276,0.7757496740547588,0.7757496740547588,0.7757496740547588,0.7358882633120437
8,infgain,minmax,noAug,ADASYN,GradientBoosting,first,0.3,0.2,42,2026-06-03 06:39:24,20260603-054739,log/stroke_prediction_v7/8/infgain/minmax__noAug__ADASYN/GradientBoosting,1780436867126_ba5f39ad17804399649810233,0.7720156555772995,0.5634877037715216,0.7568312757201646,0.5534515123045274,0.941957726537126,0.7720156555772995,0.8352922676856405,0.7720156555772995,0.7720156555772995,0.7720156555772995,0.743345499832326
8,infgain,minmax,noAug,ADASYN,GradientBoosting,first,0.5,0.1,42,2026-06-03 06:38:48,20260603-054739,log/stroke_prediction_v7/8/infgain/minmax__noAug__ADASYN/GradientBoosting,1780436867126_ba5f39ad17804399288407604,0.863013698630137,0.5466848816029144,0.6054732510288066,0.5556300934207911,0.9215629912418594,0.863013698630137,0.8890508981302228,0.863013698630137,0.863013698630137,0.863013698630137,0.7692797405720648
8,infgain,minmax,noAug,ADASYN,GradientBoosting,first,0.5,0.15,42,2026-06-03 06:39:09,20260603-054739,log/stroke_prediction_v7/8/infgain/minmax__noAug__ADASYN/GradientBoosting,1780436867126_ba5f39ad17804399497902146,0.8670143415906127,0.5536770921386306,0.6222510181414291,0.5652893847795164,0.9248612184125172,0.8670143415906127,0.89251222526479,0.8670143415906127,0.8670143415906127,0.8670143415906127,0.7755549110121487
8,infgain,minmax,noAug,ADASYN,GradientBoosting,first,0.5,0.2,42,2026-06-03 06:39:30,20260603-054739,log/stroke_prediction_v7/8/infgain/minmax__noAug__ADASYN/GradientBoosting,1780436867126_ba5f39ad17804399700056456,0.8737769080234834,0.5674223177643151,0.6490740740740741,0.5839431952662721,0.927701568043592,0.8737769080234834,0.8972218390671499,0.8737769080234834,0.8737769080234834,0.8737769080234834,0.7861053143476046
8,infgain,minmax,noAug,ADASYN,GradientBoosting,last,0.1,0.1,42,2026-06-03 06:39:35,20260603-054739,log/stroke_prediction_v7/8/infgain/noAug__ADASYN__minmax/GradientBoosting,1780436867126_ba5f39ad17804399757095778,0.6105675146771037,0.5204780609312128,0.6055555555555556,0.4400292956381437,0.9236939655608796,0.6105675146771037,0.7188169515848123,0.6105675146771037,0.6105675146771037,0.6105675146771037,0.6230267011590495
8,infgain,minmax,noAug,ADASYN,GradientBoosting,last,0.1,0.15,42,2026-06-03 06:39:54,20260603-054739,log/stroke_prediction_v7/8/infgain/noAug__ADASYN__minmax/GradientBoosting,1780436867126_ba5f39ad17804399942198526,0.6401564537157758,0.5355265621174811,0.6826730840429471,0.4672002416188462,0.9361260918280792,0.6401564537157758,0.7414763399785079,0.6401564537157758,0.6401564537157758,0.6401564537157758,0.6527966425247641
8,infgain,minmax,noAug,ADASYN,GradientBoosting,last,0.1,0.2,42,2026-06-03 06:40:12,20260603-054739,log/stroke_prediction_v7/8/infgain/noAug__ADASYN__minmax/GradientBoosting,1780436867126_ba5f39ad17804400129419045,0.6330724070450098,0.5377197103858711,0.6932716049382717,0.4665547579975029,0.9373341936573526,0.6330724070450098,0.7354326431495192,0.6330724070450098,0.6330724070450098,0.6330724070450098,0.6503596238882067
8,infgain,minmax,noAug,ADASYN,GradientBoosting,last,0.2,0.1,42,2026-06-03 06:39:40,20260603-054739,log/stroke_prediction_v7/8/infgain/noAug__ADASYN__minmax/GradientBoosting,1780436867126_ba5f39ad17804399803532814,0.7788649706457925,0.5372807017543859,0.637119341563786,0.5237494329663078,0.9253306946426734,0.7788649706457925,0.838210028876047,0.7788649706457925,0.7788649706457925,0.7788649706457925,0.7258129813307546
8,infgain,minmax,noAug,ADASYN,GradientBoosting,last,0.2,0.15,42,2026-06-03 06:39:58,20260603-054739,log/stroke_prediction_v7/8/infgain/noAug__ADASYN__minmax/GradientBoosting,1780436867126_ba5f39ad17804399988135647,0.788787483702738,0.555506495545351,0.7094409477971122,0.5494909502262443,0.9358917303525726,0.788787483702738,0.8461501589904842,0.788787483702738,0.788787483702738,0.788787483702738,0.7449450772331078
8,infgain,minmax,noAug,ADASYN,GradientBoosting,last,0.2,0.2,42,2026-06-03 06:40:17,20260603-054739,log/stroke_prediction_v7/8/infgain/noAug__ADASYN__minmax/GradientBoosting,1780436867126_ba5f39ad17804400176137840,0.7886497064579256,0.5582015810276679,0.7181481481481482,0.5530612244897959,0.93626772274777,0.7886497064579256,0.8458005511402212,0.7886497064579256,0.7886497064579256,0.7886497064579255,0.7465508941200313
8,infgain,minmax,noAug,ADASYN,GradientBoosting,last,0.3,0.1,42,2026-06-03 06:39:45,20260603-054739,log/stroke_prediction_v7/8/infgain/noAug__ADASYN__minmax/GradientBoosting,1780436867126_ba5f39ad17804399850130652,0.8806262230919765,0.5793750475755499,0.6716460905349794,0.600048757329638,0.930961862545354,0.8806262230919764,0.9022595323680448,0.8806262230919765,0.8806262230919765,0.8806262230919764,0.7957950327570311
8,infgain,minmax,noAug,ADASYN,GradientBoosting,last,0.3,0.15,42,2026-06-03 06:40:03,20260603-054739,log/stroke_prediction_v7/8/infgain/noAug__ADASYN__minmax/GradientBoosting,1780436867126_ba5f39ad17804400033315608,0.877444589308996,0.5786136939983094,0.6790447982228804,0.5993843349928876,0.9326133699817384,0.877444589308996,0.9009426389695124,0.877444589308996,0.877444589308996,0.877444589308996,0.795054068038251
8,infgain,minmax,noAug,ADASYN,GradientBoosting,last,0.3,0.2,42,2026-06-03 06:40:21,20260603-054739,log/stroke_prediction_v7/8/infgain/noAug__ADASYN__minmax/GradientBoosting,1780436867126_ba5f39ad17804400219752463,0.8776908023483366,0.5889543834953592,0.708045267489712,0.6134164903966907,0.935588469670418,0.8776908023483366,0.9017726035557646,0.8776908023483366,0.8776908023483366,0.8776908023483365,0.8016134970977518
8,infgain,minmax,noAug,ADASYN,GradientBoosting,last,0.5,0.1,42,2026-06-03 06:39:49,20260603-054739,log/stroke_prediction_v7/8/infgain/noAug__ADASYN__minmax/GradientBoosting,1780436867126_ba5f39ad17804399896960986,0.9197651663405088,0.5456869306562557,0.5404526748971195,0.5428041462084016,0.9149590219848224,0.9197651663405088,0.9173279183655167,0.9197651663405088,0.9197651663405088,0.9197651663405088,0.787035738976111
8,infgain,minmax,noAug,ADASYN,GradientBoosting,last,0.5,0.15,42,2026-06-03 06:40:07,20260603-054739,log/stroke_prediction_v7/8/infgain/noAug__ADASYN__minmax/GradientBoosting,1780436867126_ba5f39ad17804400078553049,0.9413298565840938,0.6292503346720214,0.5714920399851906,0.5900295763104443,0.9267346657381372,0.9413298565840938,0.932918441422612,0.9413298565840938,0.9413298565840938,0.9413298565840938,0.8177218493331307
8,infgain,minmax,noAug,ADASYN,GradientBoosting,last,0.5,0.2,42,2026-06-03 06:40:26,20260603-054739,log/stroke_prediction_v7/8/infgain/noAug__ADASYN__minmax/GradientBoosting,1780436867126_ba5f39ad17804400264501105,0.9305283757338552,0.5867883111537933,0.565082304526749,0.5738140127687817,0.9211009056082416,0.9305283757338552,0.925568710794234,0.9305283757338552,0.9305283757338552,0.9305283757338552,0.8044159109568725
8,infgain,minmax,noAug,RandomOverSampler,GradientBoosting,first,0.1,0.1,42,2026-06-03 06:40:31,20260603-054739,log/stroke_prediction_v7/8/infgain/minmax__noAug__RandomOverSampler/GradientBoosting,1780436867126_ba5f39ad17804400310710056,0.5499021526418787,0.5314178302900107,0.6685185185185185,0.4211485421591804,0.9371927162048256,0.5499021526418787,0.6674365688501509,0.5499021526418787,0.5499021526418787,0.5499021526418787,0.5969615342094866
8,infgain,minmax,noAug,RandomOverSampler,GradientBoosting,first,0.1,0.15,42,2026-06-03 06:40:46,20260603-054739,log/stroke_prediction_v7/8/infgain/minmax__noAug__RandomOverSampler/GradientBoosting,1780436867126_ba5f39ad17804400461088290,0.5332464146023468,0.5326574738903394,0.6778230285079601,0.4131272975976746,0.940793387311454,0.5332464146023468,0.6530193670047,0.5332464146023468,0.5332464146023468,0.5332464146023468,0.5883479545022701
8,infgain,minmax,noAug,RandomOverSampler,GradientBoosting,first,0.1,0.2,42,2026-06-03 06:41:00,20260603-054739,log/stroke_prediction_v7/8/infgain/minmax__noAug__RandomOverSampler/GradientBoosting,1780436867126_ba5f39ad17804400608901045,0.541095890410959,0.5375672622125198,0.7018312757201646,0.421294546754095,0.9442416620826188,0.541095890410959,0.6588361356823283,0.541095890410959,0.541095890410959,0.541095890410959,0.5968219785313772
8,infgain,minmax,noAug,RandomOverSampler,GradientBoosting,first,0.2,0.1,42,2026-06-03 06:40:34,20260603-054739,log/stroke_prediction_v7/8/infgain/minmax__noAug__RandomOverSampler/GradientBoosting,1780436867126_ba5f39ad17804400348703057,0.6477495107632094,0.5361829188481675,0.6820164609053498,0.4716708023159636,0.9348821349166504,0.6477495107632094,0.7468310890758969,0.6477495107632094,0.6477495107632094,0.6477495107632094,0.6571832394810795
8,infgain,minmax,noAug,RandomOverSampler,GradientBoosting,first,0.2,0.15,42,2026-06-03 06:40:49,20260603-054739,log/stroke_prediction_v7/8/infgain/minmax__noAug__RandomOverSampler/GradientBoosting,1780436867126_ba5f39ad17804400497837931,0.6688396349413298,0.5445971914264597,0.7233987412069605,0.4890207310420076,0.9413714465223352,0.6688396349413298,0.7628987539040522,0.6688396349413298,0.6688396349413298,0.6688396349413298,0.6762605146340163
8,infgain,minmax,noAug,RandomOverSampler,GradientBoosting,first,0.2,0.2,42,2026-06-03 06:41:04,20260603-054739,log/stroke_prediction_v7/8/infgain/minmax__noAug__RandomOverSampler/GradientBoosting,1780436867126_ba5f39ad17804400644653358,0.6252446183953033,0.5437481419822819,0.7270987654320987,0.4685026593469561,0.943427669922738,0.6252446183953033,0.7288920039281743,0.6252446183953033,0.6252446183953033,0.6252446183953033,0.6511345045831027
8,infgain,minmax,noAug,RandomOverSampler,GradientBoosting,first,0.3,0.1,42,2026-06-03 06:40:38,20260603-054739,log/stroke_prediction_v7/8/infgain/minmax__noAug__RandomOverSampler/GradientBoosting,1780436867126_ba5f39ad17804400386521937,0.7455968688845401,0.5503983909646476,0.714485596707819,0.5279009608277901,0.9366065382653792,0.7455968688845401,0.8171165620213399,0.7455968688845401,0.7455968688845401,0.7455968688845401,0.72014042857497
8,infgain,minmax,noAug,RandomOverSampler,GradientBoosting,first,0.3,0.15,42,2026-06-03 06:40:53,20260603-054739,log/stroke_prediction_v7/8/infgain/minmax__noAug__RandomOverSampler/GradientBoosting,1780436867126_ba5f39ad17804400535835284,0.7757496740547588,0.5486974119256641,0.6897630507219549,0.5366014724891811,0.9334094355331524,0.7757496740547588,0.8373813339863597,0.7757496740547588,0.7757496740547588,0.7757496740547588,0.7335842804113116
8,infgain,minmax,noAug,RandomOverSampler,GradientBoosting,first,0.3,0.2,42,2026-06-03 06:41:07,20260603-054739,log/stroke_prediction_v7/8/infgain/minmax__noAug__RandomOverSampler/GradientBoosting,1780436867126_ba5f39ad17804400679352494,0.7240704500978473,0.547530353200883,0.7126543209876544,0.5160984848484849,0.9369321937248092,0.7240704500978473,0.8022927415050704,0.7240704500978473,0.7240704500978473,0.7240704500978472,0.7070985507835067
8,infgain,minmax,noAug,RandomOverSampler,GradientBoosting,first,0.5,0.1,42,2026-06-03 06:40:42,20260603-054739,log/stroke_prediction_v7/8/infgain/minmax__noAug__RandomOverSampler/GradientBoosting,1780436867126_ba5f39ad17804400423826301,0.8649706457925636,0.5613464765100672,0.6444444444444444,0.5753820586003829,0.9268053330093646,0.8649706457925636,0.8917335720970543,0.8649706457925636,0.8649706457925636,0.8649706457925636,0.7793152283180286
8,infgain,minmax,noAug,RandomOverSampler,GradientBoosting,first,0.5,0.15,42,2026-06-03 06:40:57,20260603-054739,log/stroke_prediction_v7/8/infgain/minmax__noAug__RandomOverSampler/GradientBoosting,1780436867126_ba5f39ad17804400572598702,0.877444589308996,0.5558524997300507,0.6149018881895594,0.5685028248587571,0.9242216205204792,0.8774445893089959,0.8983897936785037,0.877444589308996,0.877444589308996,0.877444589308996,0.7805093293481962
8,infgain,minmax,noAug,RandomOverSampler,GradientBoosting,first,0.5,0.2,42,2026-06-03 06:41:11,20260603-054739,log/stroke_prediction_v7/8/infgain/minmax__noAug__RandomOverSampler/GradientBoosting,1780436867126_ba5f39ad17804400714119055,0.8669275929549902,0.5559927140255009,0.6265020576131688,0.5683263764659113,0.9244785217028648,0.8669275929549902,0.8922208724693593,0.8669275929549902,0.8669275929549902,0.8669275929549902,0.77655045385644
8,infgain,minmax,noAug,RandomOverSampler,GradientBoosting,last,0.1,0.1,42,2026-06-03 06:41:15,20260603-054739,log/stroke_prediction_v7/8/infgain/noAug__RandomOverSampler__minmax/GradientBoosting,1780436867126_ba5f39ad17804400756108624,0.5499021526418787,0.5314178302900107,0.6685185185185185,0.4211485421591804,0.9371927162048256,0.5499021526418787,0.6674365688501509,0.5499021526418787,0.5499021526418787,0.5499021526418787,0.5969615342094866
8,infgain,minmax,noAug,RandomOverSampler,GradientBoosting,last,0.1,0.15,42,2026-06-03 06:41:30,20260603-054739,log/stroke_prediction_v7/8/infgain/noAug__RandomOverSampler__minmax/GradientBoosting,1780436867126_ba5f39ad17804400909231279,0.5332464146023468,0.5326574738903394,0.6778230285079601,0.4131272975976746,0.940793387311454,0.5332464146023468,0.6530193670047,0.5332464146023468,0.5332464146023468,0.5332464146023468,0.5883479545022701
8,infgain,minmax,noAug,RandomOverSampler,GradientBoosting,last,0.1,0.2,42,2026-06-03 06:41:45,20260603-054739,log/stroke_prediction_v7/8/infgain/noAug__RandomOverSampler__minmax/GradientBoosting,1780436867126_ba5f39ad17804401057696055,0.541095890410959,0.5375672622125198,0.7018312757201646,0.421294546754095,0.9442416620826188,0.541095890410959,0.6588361356823283,0.541095890410959,0.541095890410959,0.541095890410959,0.5968219785313772
8,infgain,minmax,noAug,RandomOverSampler,GradientBoosting,last,0.2,0.1,42,2026-06-03 06:41:19,20260603-054739,log/stroke_prediction_v7/8/infgain/noAug__RandomOverSampler__minmax/GradientBoosting,1780436867126_ba5f39ad17804400794661991,0.6477495107632094,0.5361829188481675,0.6820164609053498,0.4716708023159636,0.9348821349166504,0.6477495107632094,0.7468310890758969,0.6477495107632094,0.6477495107632094,0.6477495107632094,0.6571832394810795
8,infgain,minmax,noAug,RandomOverSampler,GradientBoosting,last,0.2,0.15,42,2026-06-03 06:41:34,20260603-054739,log/stroke_prediction_v7/8/infgain/noAug__RandomOverSampler__minmax/GradientBoosting,1780436867126_ba5f39ad17804400946629321,0.6688396349413298,0.5445971914264597,0.7233987412069605,0.4890207310420076,0.9413714465223352,0.6688396349413298,0.7628987539040522,0.6688396349413298,0.6688396349413298,0.6688396349413298,0.6762605146340163
8,infgain,minmax,noAug,RandomOverSampler,GradientBoosting,last,0.2,0.2,42,2026-06-03 06:41:49,20260603-054739,log/stroke_prediction_v7/8/infgain/noAug__RandomOverSampler__minmax/GradientBoosting,1780436867126_ba5f39ad17804401093596396,0.6252446183953033,0.5437481419822819,0.7270987654320987,0.4685026593469561,0.943427669922738,0.6252446183953033,0.7288920039281743,0.6252446183953033,0.6252446183953033,0.6252446183953033,0.6511345045831027
8,infgain,minmax,noAug,RandomOverSampler,GradientBoosting,last,0.3,0.1,42,2026-06-03 06:41:23,20260603-054739,log/stroke_prediction_v7/8/infgain/noAug__RandomOverSampler__minmax/GradientBoosting,1780436867126_ba5f39ad17804400832793441,0.7455968688845401,0.5503983909646476,0.714485596707819,0.5279009608277901,0.9366065382653792,0.7455968688845401,0.8171165620213399,0.7455968688845401,0.7455968688845401,0.7455968688845401,0.72014042857497
8,infgain,minmax,noAug,RandomOverSampler,GradientBoosting,last,0.3,0.15,42,2026-06-03 06:41:38,20260603-054739,log/stroke_prediction_v7/8/infgain/noAug__RandomOverSampler__minmax/GradientBoosting,1780436867126_ba5f39ad17804400983292848,0.7757496740547588,0.5486974119256641,0.6897630507219549,0.5366014724891811,0.9334094355331524,0.7757496740547588,0.8373813339863597,0.7757496740547588,0.7757496740547588,0.7757496740547588,0.7335842804113116
8,infgain,minmax,noAug,RandomOverSampler,GradientBoosting,last,0.3,0.2,42,2026-06-03 06:41:52,20260603-054739,log/stroke_prediction_v7/8/infgain/noAug__RandomOverSampler__minmax/GradientBoosting,1780436867126_ba5f39ad17804401128962455,0.7240704500978473,0.547530353200883,0.7126543209876544,0.5160984848484849,0.9369321937248092,0.7240704500978473,0.8022927415050704,0.7240704500978473,0.7240704500978473,0.7240704500978472,0.7070985507835067
8,infgain,minmax,noAug,RandomOverSampler,GradientBoosting,last,0.5,0.1,42,2026-06-03 06:41:27,20260603-054739,log/stroke_prediction_v7/8/infgain/noAug__RandomOverSampler__minmax/GradientBoosting,1780436867126_ba5f39ad17804400871410969,0.8649706457925636,0.5613464765100672,0.6444444444444444,0.5753820586003829,0.9268053330093646,0.8649706457925636,0.8917335720970543,0.8649706457925636,0.8649706457925636,0.8649706457925636,0.7793152283180286
8,infgain,minmax,noAug,RandomOverSampler,GradientBoosting,last,0.5,0.15,42,2026-06-03 06:41:42,20260603-054739,log/stroke_prediction_v7/8/infgain/noAug__RandomOverSampler__minmax/GradientBoosting,1780436867126_ba5f39ad17804401020967495,0.877444589308996,0.5558524997300507,0.6149018881895594,0.5685028248587571,0.9242216205204792,0.8774445893089959,0.8983897936785037,0.877444589308996,0.877444589308996,0.877444589308996,0.7805093293481962
8,infgain,minmax,noAug,RandomOverSampler,GradientBoosting,last,0.5,0.2,42,2026-06-03 06:41:56,20260603-054739,log/stroke_prediction_v7/8/infgain/noAug__RandomOverSampler__minmax/GradientBoosting,1780436867126_ba5f39ad17804401164769213,0.8669275929549902,0.5559927140255009,0.6265020576131688,0.5683263764659113,0.9244785217028648,0.8669275929549902,0.8922208724693593,0.8669275929549902,0.8669275929549902,0.8669275929549902,0.77655045385644
8,infgain,minmax,noAug,noImbl,GradientBoosting,first,0.1,0.1,42,2026-06-03 06:42:00,20260603-054739,log/stroke_prediction_v7/8/infgain/minmax__noAug__noImbl/GradientBoosting,1780436867126_ba5f39ad17804401203361353,0.8708414872798435,0.5585720713964302,0.628559670781893,0.5719616204690832,0.924872836593004,0.8708414872798435,0.8946398841687564,0.8708414872798435,0.8708414872798435,0.8708414872798435,0.7795272784847458
8,infgain,minmax,noAug,noImbl,GradientBoosting,first,0.1,0.15,42,2026-06-03 06:42:08,20260603-054739,log/stroke_prediction_v7/8/infgain/minmax__noAug__noImbl/GradientBoosting,1780436867126_ba5f39ad17804401289829753,0.8878748370273793,0.5959601081812036,0.7101814142910033,0.6227293525509037,0.937101604117797,0.8878748370273793,0.9084926818544772,0.8878748370273793,0.8878748370273793,0.8878748370273793,0.809157552630759
8,infgain,minmax,noAug,noImbl,GradientBoosting,first,0.1,0.2,42,2026-06-03 06:42:17,20260603-054739,log/stroke_prediction_v7/8/infgain/minmax__noAug__noImbl/GradientBoosting,1780436867126_ba5f39ad17804401373595233,0.8581213307240705,0.5662367876607014,0.6693004115226338,0.5812931061276041,0.9299091507747907,0.8581213307240705,0.888435853513816,0.8581213307240705,0.8581213307240705,0.8581213307240705,0.7802525112316537
8,infgain,minmax,noAug,noImbl,GradientBoosting,first,0.2,0.1,42,2026-06-03 06:42:02,20260603-054739,log/stroke_prediction_v7/8/infgain/minmax__noAug__noImbl/GradientBoosting,1780436867126_ba5f39ad17804401225274441,0.9256360078277888,0.5882038488952244,0.5814814814814814,0.5846594798083504,0.9227333656004116,0.9256360078277884,0.9241631070588062,0.9256360078277888,0.9256360078277888,0.9256360078277884,0.8058196607589005
8,infgain,minmax,noAug,noImbl,GradientBoosting,first,0.2,0.15,42,2026-06-03 06:42:11,20260603-054739,log/stroke_prediction_v7/8/infgain/minmax__noAug__noImbl/GradientBoosting,1780436867126_ba5f39ad17804401310727652,0.940026075619296,0.654121110176619,0.6221214365049981,0.6358475765832714,0.933574059473904,0.940026075619296,0.9365547090111817,0.940026075619296,0.940026075619296,0.940026075619296,0.8328524337024382
8,infgain,minmax,noAug,noImbl,GradientBoosting,first,0.2,0.2,42,2026-06-03 06:42:19,20260603-054739,log/stroke_prediction_v7/8/infgain/minmax__noAug__noImbl/GradientBoosting,1780436867126_ba5f39ad17804401394890136,0.9246575342465754,0.5980796025928394,0.5999382716049383,0.5989971616822001,0.9253674862719096,0.9246575342465754,0.9250111285707496,0.9246575342465754,0.9246575342465754,0.9246575342465754,0.8108027932835411
8,infgain,minmax,noAug,noImbl,GradientBoosting,first,0.3,0.1,42,2026-06-03 06:42:04,20260603-054739,log/stroke_prediction_v7/8/infgain/minmax__noAug__noImbl/GradientBoosting,1780436867126_ba5f39ad17804401247643199,0.9393346379647748,0.6217303822937625,0.5697119341563786,0.5867960455956387,0.9248681915366956,0.9393346379647748,0.9311186961934604,0.9393346379647748,0.9393346379647748,0.9393346379647748,0.8150521172529583
8,infgain,minmax,noAug,noImbl,GradientBoosting,first,0.3,0.15,42,2026-06-03 06:42:13,20260603-054739,log/stroke_prediction_v7/8/infgain/minmax__noAug__noImbl/GradientBoosting,1780436867126_ba5f39ad17804401331895586,0.9504563233376792,0.7159607843137255,0.6019437245464643,0.6353103103103104,0.9376598409898508,0.9504563233376794,0.9416163229722552,0.9504563233376792,0.9504563233376792,0.9504563233376792,0.8422779593124604
8,infgain,minmax,noAug,noImbl,GradientBoosting,first,0.3,0.2,42,2026-06-03 06:42:21,20260603-054739,log/stroke_prediction_v7/8/infgain/minmax__noAug__noImbl/GradientBoosting,1780436867126_ba5f39ad17804401415030322,0.9422700587084148,0.6460636515912899,0.5807407407407408,0.6018856588251607,0.9281941344032624,0.942270058708415,0.9339855706689284,0.9422700587084148,0.9422700587084148,0.9422700587084148,0.8227885605810084
8,infgain,minmax,noAug,noImbl,GradientBoosting,first,0.5,0.1,42,2026-06-03 06:42:06,20260603-054739,log/stroke_prediction_v7/8/infgain/minmax__noAug__noImbl/GradientBoosting,1780436867126_ba5f39ad17804401268849621,0.949119373776908,0.6430446194225722,0.5179423868312758,0.5226358148893361,0.9224514743876192,0.949119373776908,0.9296936216122568,0.949119373776908,0.949119373776908,0.949119373776908,0.8058410130501487
8,infgain,minmax,noAug,noImbl,GradientBoosting,first,0.5,0.15,42,2026-06-03 06:42:15,20260603-054739,log/stroke_prediction_v7/8/infgain/minmax__noAug__noImbl/GradientBoosting,1780436867126_ba5f39ad17804401353306017,0.9465449804432856,0.5596802452912834,0.5100888559792669,0.5095066523170028,0.9147759558347768,0.9465449804432856,0.9278320133550054,0.9465449804432856,0.9465449804432856,0.9465449804432856,0.792673297738648
8,infgain,minmax,noAug,noImbl,GradientBoosting,first,0.5,0.2,42,2026-06-03 06:42:23,20260603-054739,log/stroke_prediction_v7/8/infgain/minmax__noAug__noImbl/GradientBoosting,1780436867126_ba5f39ad17804401435879201,0.9471624266144814,0.5592191601049868,0.5074279835390947,0.5042756539235412,0.9133614291364266,0.9471624266144814,0.9269895301358052,0.9471624266144814,0.9471624266144814,0.9471624266144814,0.7915556055327451
8,infgain,minmax,noAug,noImbl,GradientBoosting,last,0.1,0.1,42,2026-06-03 06:42:26,20260603-054739,log/stroke_prediction_v7/8/infgain/noAug__noImbl__minmax/GradientBoosting,1780436867126_ba5f39ad17804401463679793,0.8708414872798435,0.5585720713964302,0.628559670781893,0.5719616204690832,0.924872836593004,0.8708414872798435,0.8946398841687564,0.8708414872798435,0.8708414872798435,0.8708414872798435,0.7795272784847458
8,infgain,minmax,noAug,noImbl,GradientBoosting,last,0.1,0.15,42,2026-06-03 06:42:34,20260603-054739,log/stroke_prediction_v7/8/infgain/noAug__noImbl__minmax/GradientBoosting,1780436867126_ba5f39ad17804401549873076,0.8878748370273793,0.5959601081812036,0.7101814142910033,0.6227293525509037,0.937101604117797,0.8878748370273793,0.9084926818544772,0.8878748370273793,0.8878748370273793,0.8878748370273793,0.809157552630759
8,infgain,minmax,noAug,noImbl,GradientBoosting,last,0.1,0.2,42,2026-06-03 06:42:43,20260603-054739,log/stroke_prediction_v7/8/infgain/noAug__noImbl__minmax/GradientBoosting,1780436867126_ba5f39ad17804401633479023,0.8581213307240705,0.5662367876607014,0.6693004115226338,0.5812931061276041,0.9299091507747907,0.8581213307240705,0.888435853513816,0.8581213307240705,0.8581213307240705,0.8581213307240705,0.7802525112316537
8,infgain,minmax,noAug,noImbl,GradientBoosting,last,0.2,0.1,42,2026-06-03 06:42:28,20260603-054739,log/stroke_prediction_v7/8/infgain/noAug__noImbl__minmax/GradientBoosting,1780436867126_ba5f39ad17804401484663169,0.9256360078277888,0.5882038488952244,0.5814814814814814,0.5846594798083504,0.9227333656004116,0.9256360078277884,0.9241631070588062,0.9256360078277888,0.9256360078277888,0.9256360078277884,0.8058196607589005
8,infgain,minmax,noAug,noImbl,GradientBoosting,last,0.2,0.15,42,2026-06-03 06:42:37,20260603-054739,log/stroke_prediction_v7/8/infgain/noAug__noImbl__minmax/GradientBoosting,1780436867126_ba5f39ad17804401571129409,0.940026075619296,0.654121110176619,0.6221214365049981,0.6358475765832714,0.933574059473904,0.940026075619296,0.9365547090111817,0.940026075619296,0.940026075619296,0.940026075619296,0.8328524337024382
8,infgain,minmax,noAug,noImbl,GradientBoosting,last,0.2,0.2,42,2026-06-03 06:42:45,20260603-054739,log/stroke_prediction_v7/8/infgain/noAug__noImbl__minmax/GradientBoosting,1780436867126_ba5f39ad17804401654139618,0.9246575342465754,0.5980796025928394,0.5999382716049383,0.5989971616822001,0.9253674862719096,0.9246575342465754,0.9250111285707496,0.9246575342465754,0.9246575342465754,0.9246575342465754,0.8108027932835411
8,infgain,minmax,noAug,noImbl,GradientBoosting,last,0.3,0.1,42,2026-06-03 06:42:30,20260603-054739,log/stroke_prediction_v7/8/infgain/noAug__noImbl__minmax/GradientBoosting,1780436867126_ba5f39ad17804401506021717,0.9393346379647748,0.6217303822937625,0.5697119341563786,0.5867960455956387,0.9248681915366956,0.9393346379647748,0.9311186961934604,0.9393346379647748,0.9393346379647748,0.9393346379647748,0.8150521172529583
8,infgain,minmax,noAug,noImbl,GradientBoosting,last,0.3,0.15,42,2026-06-03 06:42:39,20260603-054739,log/stroke_prediction_v7/8/infgain/noAug__noImbl__minmax/GradientBoosting,1780436867126_ba5f39ad17804401592103484,0.9504563233376792,0.7159607843137255,0.6019437245464643,0.6353103103103104,0.9376598409898508,0.9504563233376794,0.9416163229722552,0.9504563233376792,0.9504563233376792,0.9504563233376792,0.8422779593124604
8,infgain,minmax,noAug,noImbl,GradientBoosting,last,0.3,0.2,42,2026-06-03 06:42:47,20260603-054739,log/stroke_prediction_v7/8/infgain/noAug__noImbl__minmax/GradientBoosting,1780436867126_ba5f39ad17804401675402691,0.9422700587084148,0.6460636515912899,0.5807407407407408,0.6018856588251607,0.9281941344032624,0.942270058708415,0.9339855706689284,0.9422700587084148,0.9422700587084148,0.9422700587084148,0.8227885605810084
8,infgain,minmax,noAug,noImbl,GradientBoosting,last,0.5,0.1,42,2026-06-03 06:42:32,20260603-054739,log/stroke_prediction_v7/8/infgain/noAug__noImbl__minmax/GradientBoosting,1780436867126_ba5f39ad17804401527575090,0.949119373776908,0.6430446194225722,0.5179423868312758,0.5226358148893361,0.9224514743876192,0.949119373776908,0.9296936216122568,0.949119373776908,0.949119373776908,0.949119373776908,0.8058410130501487
8,infgain,minmax,noAug,noImbl,GradientBoosting,last,0.5,0.15,42,2026-06-03 06:42:41,20260603-054739,log/stroke_prediction_v7/8/infgain/noAug__noImbl__minmax/GradientBoosting,1780436867126_ba5f39ad17804401613037376,0.9465449804432856,0.5596802452912834,0.5100888559792669,0.5095066523170028,0.9147759558347768,0.9465449804432856,0.9278320133550054,0.9465449804432856,0.9465449804432856,0.9465449804432856,0.792673297738648
8,infgain,minmax,noAug,noImbl,GradientBoosting,last,0.5,0.2,42,2026-06-03 06:42:49,20260603-054739,log/stroke_prediction_v7/8/infgain/noAug__noImbl__minmax/GradientBoosting,1780436867126_ba5f39ad17804401695737845,0.9471624266144814,0.5592191601049868,0.5074279835390947,0.5042756539235412,0.9133614291364266,0.9471624266144814,0.9269895301358052,0.9471624266144814,0.9471624266144814,0.9471624266144814,0.7915556055327451
8,infgain,standard,gaussian_noise,ADASYN,GradientBoosting,first,0.1,0.1,42,2026-06-03 06:42:58,20260603-054739,log/stroke_prediction_v7/8/infgain/standard__gaussian_noise__ADASYN/GradientBoosting,1780436867126_ba5f39ad17804401788380588,0.5166340508806262,0.5316755612808245,0.6699999999999999,0.404178684554634,0.9395659315450232,0.5166340508806262,0.6377008641775278,0.5166340508806262,0.5166340508806262,0.5166340508806262,0.5770597019446595
8,infgain,standard,gaussian_noise,ADASYN,GradientBoosting,first,0.1,0.15,42,2026-06-03 06:44:17,20260603-054739,log/stroke_prediction_v7/8/infgain/standard__gaussian_noise__ADASYN/GradientBoosting,1780436867126_ba5f39ad17804402572440677,0.5019556714471969,0.5321365641775142,0.6742132543502406,0.3961974083355315,0.9422416359835925,0.5019556714471968,0.6245166492588464,0.5019556714471969,0.5019556714471969,0.5019556714471969,0.56874852266917
8,infgain,standard,gaussian_noise,ADASYN,GradientBoosting,first,0.1,0.2,42,2026-06-03 06:45:36,20260603-054739,log/stroke_prediction_v7/8/infgain/standard__gaussian_noise__ADASYN/GradientBoosting,1780436867126_ba5f39ad17804403365533382,0.5195694716242661,0.5355027090035545,0.6905144032921811,0.4084162997282592,0.9435706218842168,0.5195694716242661,0.6397554069249147,0.5195694716242661,0.5195694716242661,0.5195694716242661,0.5820123180656777
8,infgain,standard,gaussian_noise,ADASYN,GradientBoosting,first,0.2,0.1,42,2026-06-03 06:43:18,20260603-054739,log/stroke_prediction_v7/8/infgain/standard__gaussian_noise__ADASYN/GradientBoosting,1780436867126_ba5f39ad17804401986485977,0.589041095890411,0.5392132530868027,0.7080658436213991,0.4469696969696969,0.9422068589194936,0.589041095890411,0.6998458162841724,0.589041095890411,0.589041095890411,0.589041095890411,0.6265873609070142
8,infgain,standard,gaussian_noise,ADASYN,GradientBoosting,first,0.2,0.15,42,2026-06-03 06:44:37,20260603-054739,log/stroke_prediction_v7/8/infgain/standard__gaussian_noise__ADASYN/GradientBoosting,1780436867126_ba5f39ad17804402779498990,0.590612777053455,0.5363708508729556,0.6951314328026656,0.4448690761571086,0.9405606878953864,0.590612777053455,0.7018675105621163,0.590612777053455,0.590612777053455,0.590612777053455,0.6254618959863664
8,infgain,standard,gaussian_noise,ADASYN,GradientBoosting,first,0.2,0.2,42,2026-06-03 06:45:55,20260603-054739,log/stroke_prediction_v7/8/infgain/standard__gaussian_noise__ADASYN/GradientBoosting,1780436867126_ba5f39ad17804403555037512,0.5772994129158513,0.5378701330780868,0.7018930041152263,0.4400340922927067,0.9418011998605174,0.5772994129158513,0.6901499531910057,0.5772994129158513,0.5772994129158513,0.5772994129158513,0.6186038056942802
8,infgain,standard,gaussian_noise,ADASYN,GradientBoosting,first,0.3,0.1,42,2026-06-03 06:43:37,20260603-054739,log/stroke_prediction_v7/8/infgain/standard__gaussian_noise__ADASYN/GradientBoosting,1780436867126_ba5f39ad17804402176093651,0.6360078277886497,0.538123308851952,0.6948148148148148,0.4682800751879699,0.9374574967264444,0.6360078277886497,0.7376964304106646,0.6360078277886497,0.6360078277886497,0.6360078277886497,0.652339168994576
8,infgain,standard,gaussian_noise,ADASYN,GradientBoosting,first,0.3,0.15,42,2026-06-03 06:44:57,20260603-054739,log/stroke_prediction_v7/8/infgain/standard__gaussian_noise__ADASYN/GradientBoosting,1780436867126_ba5f39ad17804402970348013,0.6310299869621904,0.5414274169537663,0.7163643095149945,0.4686558322501364,0.942037617055946,0.6310299869621904,0.734045665305451,0.6310299869621904,0.6310299869621904,0.6310299869621904,0.6528001537706849
8,infgain,standard,gaussian_noise,ADASYN,GradientBoosting,first,0.3,0.2,42,2026-06-03 06:46:13,20260603-054739,log/stroke_prediction_v7/8/infgain/standard__gaussian_noise__ADASYN/GradientBoosting,1780436867126_ba5f39ad17804403739517421,0.62720156555773,0.5422476413125156,0.7186419753086419,0.4680595571329625,0.9418778359762278,0.62720156555773,0.7305442293469796,0.62720156555773,0.62720156555773,0.62720156555773,0.6509479394548217
8,infgain,standard,gaussian_noise,ADASYN,GradientBoosting,first,0.5,0.1,42,2026-06-03 06:43:57,20260603-054739,log/stroke_prediction_v7/8/infgain/standard__gaussian_noise__ADASYN/GradientBoosting,1780436867126_ba5f39ad17804402374294552,0.761252446183953,0.550235399163927,0.7037448559670783,0.5336196062002514,0.9347368168565436,0.761252446183953,0.8275656544705216,0.761252446183953,0.761252446183953,0.761252446183953,0.7275504747729519
8,infgain,standard,gaussian_noise,ADASYN,GradientBoosting,first,0.5,0.15,42,2026-06-03 06:45:16,20260603-054739,log/stroke_prediction_v7/8/infgain/standard__gaussian_noise__ADASYN/GradientBoosting,1780436867126_ba5f39ad17804403166959478,0.7601043024771839,0.5583302568429935,0.745686782673084,0.5424577238302729,0.9414245407457164,0.7601043024771839,0.8275788561597802,0.7601043024771839,0.7601043024771839,0.7601043024771839,0.7340913660155607
8,infgain,standard,gaussian_noise,ADASYN,GradientBoosting,first,0.5,0.2,42,2026-06-03 06:46:33,20260603-054739,log/stroke_prediction_v7/8/infgain/standard__gaussian_noise__ADASYN/GradientBoosting,1780436867126_ba5f39ad17804403935990386,0.7573385518590998,0.5613216753190992,0.7586008230452674,0.54519092736147,0.942603447829396,0.7573385518590998,0.8254203110102016,0.7573385518590998,0.7573385518590998,0.7573385518590998,0.7347797011187667
8,infgain,standard,gaussian_noise,ADASYN,GradientBoosting,last,0.1,0.1,42,2026-06-03 06:46:53,20260603-054739,log/stroke_prediction_v7/8/infgain/gaussian_noise__ADASYN__standard/GradientBoosting,1780436867126_ba5f39ad17804404133997545,0.4324853228962818,0.5358134056217122,0.6826748971193415,0.359017613066196,0.950024241590612,0.4324853228962818,0.5547899496654419,0.4324853228962818,0.4324853228962818,0.4324853228962818,0.5269165180014249
8,infgain,standard,gaussian_noise,ADASYN,GradientBoosting,last,0.1,0.15,42,2026-06-03 06:48:02,20260603-054739,log/stroke_prediction_v7/8/infgain/gaussian_noise__ADASYN__standard/GradientBoosting,1780436867126_ba5f39ad17804404824010920,0.4471968709256845,0.535067410178584,0.683931877082562,0.3670040485829959,0.9493142380851104,0.4471968709256844,0.57057044376059,0.4471968709256845,0.4471968709256845,0.4471968709256845,0.5363462747564373
8,infgain,standard,gaussian_noise,ADASYN,GradientBoosting,last,0.1,0.2,42,2026-06-03 06:49:10,20260603-054739,log/stroke_prediction_v7/8/infgain/gaussian_noise__ADASYN__standard/GradientBoosting,1780436867126_ba5f39ad17804405507575214,0.4667318982387475,0.5382889514409883,0.700679012345679,0.3806563381565911,0.950636470518901,0.4667318982387475,0.5889546751533057,0.4667318982387475,0.4667318982387475,0.4667318982387475,0.5510948547225402
8,infgain,standard,gaussian_noise,ADASYN,GradientBoosting,last,0.2,0.1,42,2026-06-03 06:47:10,20260603-054739,log/stroke_prediction_v7/8/infgain/gaussian_noise__ADASYN__standard/GradientBoosting,1780436867126_ba5f39ad17804404302901124,0.5342465753424658,0.5404332904332904,0.717201646090535,0.4197393030268331,0.9478726699861728,0.5342465753424658,0.6522849089189329,0.5342465753424658,0.5342465753424658,0.5342465753424658,0.5950530225798508
8,infgain,standard,gaussian_noise,ADASYN,GradientBoosting,last,0.2,0.15,42,2026-06-03 06:48:19,20260603-054739,log/stroke_prediction_v7/8/infgain/gaussian_noise__ADASYN__standard/GradientBoosting,1780436867126_ba5f39ad17804404996873444,0.5280312907431551,0.5368803395548783,0.7007404664938912,0.4134500008450085,0.9457063946564918,0.5280312907431551,0.6476825492208658,0.5280312907431551,0.5280312907431551,0.5280312907431551,0.5887151188776693
8,infgain,standard,gaussian_noise,ADASYN,GradientBoosting,last,0.2,0.2,42,2026-06-03 06:49:27,20260603-054739,log/stroke_prediction_v7/8/infgain/gaussian_noise__ADASYN__standard/GradientBoosting,1780436867126_ba5f39ad17804405671854940,0.4892367906066536,0.5364133296168974,0.6935390946502058,0.3924010842577617,0.9467602066682632,0.4892367906066536,0.6112307932128557,0.4892367906066536,0.4892367906066536,0.4892367906066536,0.5639107609567905
8,infgain,standard,gaussian_noise,ADASYN,GradientBoosting,last,0.3,0.1,42,2026-06-03 06:47:27,20260603-054739,log/stroke_prediction_v7/8/infgain/gaussian_noise__ADASYN__standard/GradientBoosting,1780436867126_ba5f39ad17804404473627757,0.6262230919765166,0.5367966404802964,0.6896707818930041,0.4625406807381179,0.9370451272740592,0.6262230919765166,0.7301207927271314,0.6262230919765166,0.6262230919765166,0.6262230919765166,0.6457397127751299
8,infgain,standard,gaussian_noise,ADASYN,GradientBoosting,last,0.3,0.15,42,2026-06-03 06:48:36,20260603-054739,log/stroke_prediction_v7/8/infgain/gaussian_noise__ADASYN__standard/GradientBoosting,1780436867126_ba5f39ad17804405166508502,0.6245110821382008,0.5429128372577444,0.7257682339874121,0.4669498069498069,0.9439595301808384,0.6245110821382008,0.7287962426945479,0.6245110821382008,0.6245110821382008,0.6245110821382008,0.6504304004445329
8,infgain,standard,gaussian_noise,ADASYN,GradientBoosting,last,0.3,0.2,42,2026-06-03 06:49:44,20260603-054739,log/stroke_prediction_v7/8/infgain/gaussian_noise__ADASYN__standard/GradientBoosting,1780436867126_ba5f39ad17804405847692564,0.5900195694716243,0.5410799077465744,0.7180658436213991,0.4490211594258841,0.9439581944474312,0.5900195694716243,0.7004728694107437,0.5900195694716243,0.5900195694716243,0.5900195694716243,0.6287423266956843
8,infgain,standard,gaussian_noise,ADASYN,GradientBoosting,last,0.5,0.1,42,2026-06-03 06:47:44,20260603-054739,log/stroke_prediction_v7/8/infgain/gaussian_noise__ADASYN__standard/GradientBoosting,1780436867126_ba5f39ad17804404649647060,0.8317025440313112,0.549909920054048,0.6459259259259259,0.5548058999918957,0.926450208904826,0.8317025440313112,0.8715536739426911,0.8317025440313112,0.8317025440313112,0.8317025440313112,0.7588635591911924
8,infgain,standard,gaussian_noise,ADASYN,GradientBoosting,last,0.5,0.15,42,2026-06-03 06:48:53,20260603-054739,log/stroke_prediction_v7/8/infgain/gaussian_noise__ADASYN__standard/GradientBoosting,1780436867126_ba5f39ad17804405336144658,0.8279009126466753,0.5572329878323568,0.6786745649759348,0.5633776091081594,0.9316299377252164,0.8279009126466753,0.870437323265934,0.8279009126466753,0.8279009126466753,0.8279009126466753,0.7629863539681347
8,infgain,standard,gaussian_noise,ADASYN,GradientBoosting,last,0.5,0.2,42,2026-06-03 06:50:05,20260603-054739,log/stroke_prediction_v7/8/infgain/gaussian_noise__ADASYN__standard/GradientBoosting,1780436867126_ba5f39ad17804406059156871,0.8336594911937377,0.5762166649372211,0.7418106995884775,0.589790810785286,0.9391559398737782,0.8336594911937377,0.8751295459840075,0.8336594911937377,0.8336594911937377,0.8336594911937377,0.7789201804328366
8,infgain,standard,gaussian_noise,RandomOverSampler,GradientBoosting,first,0.1,0.1,42,2026-06-03 06:50:25,20260603-054739,log/stroke_prediction_v7/8/infgain/standard__gaussian_noise__RandomOverSampler/GradientBoosting,1780436867126_ba5f39ad17804406254313624,0.4696673189823874,0.5311437041660166,0.6642798353909465,0.3781863900675781,0.9418772341609876,0.4696673189823874,0.5933532687906755,0.4696673189823874,0.4696673189823874,0.4696673189823874,0.547327953793488
8,infgain,standard,gaussian_noise,RandomOverSampler,GradientBoosting,first,0.1,0.15,42,2026-06-03 06:51:14,20260603-054739,log/stroke_prediction_v7/8/infgain/standard__gaussian_noise__RandomOverSampler/GradientBoosting,1780436867126_ba5f39ad17804406744053521,0.4654498044328553,0.5339475258406021,0.6806923361717883,0.3770009192341828,0.9467207513672852,0.4654498044328552,0.58909461280747,0.4654498044328553,0.4654498044328553,0.4654498044328553,0.5472303129173575
8,infgain,standard,gaussian_noise,RandomOverSampler,GradientBoosting,first,0.1,0.2,42,2026-06-03 06:51:57,20260603-054739,log/stroke_prediction_v7/8/infgain/standard__gaussian_noise__RandomOverSampler/GradientBoosting,1780436867126_ba5f39ad17804407176532151,0.4794520547945205,0.5337801087801087,0.6789094650205761,0.3852867886813101,0.944357697097423,0.4794520547945204,0.6023377270722601,0.4794520547945205,0.4794520547945205,0.4794520547945205,0.5556292263706544
8,infgain,standard,gaussian_noise,RandomOverSampler,GradientBoosting,first,0.2,0.1,42,2026-06-03 06:50:40,20260603-054739,log/stroke_prediction_v7/8/infgain/standard__gaussian_noise__RandomOverSampler/GradientBoosting,1780436867126_ba5f39ad17804406400703200,0.5577299412915852,0.5357471899760456,0.691604938271605,0.4284908349499188,0.9411091242345928,0.5577299412915852,0.673672843277113,0.5577299412915852,0.5577299412915852,0.5577299412915852,0.6052626534989131
8,infgain,standard,gaussian_noise,RandomOverSampler,GradientBoosting,first,0.2,0.15,42,2026-06-03 06:51:25,20260603-054739,log/stroke_prediction_v7/8/infgain/standard__gaussian_noise__RandomOverSampler/GradientBoosting,1780436867126_ba5f39ad17804406852420778,0.5371577574967406,0.5353913102604202,0.6927064050351721,0.4171794899236918,0.9434406218504188,0.5371577574967406,0.6561017296596767,0.5371577574967406,0.5371577574967406,0.5371577574967406,0.5930091196508025
8,infgain,standard,gaussian_noise,RandomOverSampler,GradientBoosting,first,0.2,0.2,42,2026-06-03 06:52:08,20260603-054739,log/stroke_prediction_v7/8/infgain/standard__gaussian_noise__RandomOverSampler/GradientBoosting,1780436867126_ba5f39ad17804407280900523,0.5684931506849316,0.5386513569134307,0.7067489711934156,0.4362412581508244,0.9432709724623098,0.5684931506849316,0.6825771064668782,0.5684931506849316,0.5684931506849316,0.5684931506849316,0.6140871450235436
8,infgain,standard,gaussian_noise,RandomOverSampler,GradientBoosting,first,0.3,0.1,42,2026-06-03 06:50:52,20260603-054739,log/stroke_prediction_v7/8/infgain/standard__gaussian_noise__RandomOverSampler/GradientBoosting,1780436867126_ba5f39ad17804406521445903,0.6007827788649707,0.5335747202106649,0.6762962962962963,0.4477431659249841,0.935950240205924,0.6007827788649707,0.7100155137515038,0.6007827788649707,0.6007827788649707,0.6007827788649707,0.6285590391687497
8,infgain,standard,gaussian_noise,RandomOverSampler,GradientBoosting,first,0.3,0.15,42,2026-06-03 06:51:36,20260603-054739,log/stroke_prediction_v7/8/infgain/standard__gaussian_noise__RandomOverSampler/GradientBoosting,1780436867126_ba5f39ad17804406963120305,0.5853976531942634,0.5381140326750646,0.7052202887819325,0.4437973182523032,0.942651674894876,0.5853976531942634,0.6973607087297667,0.5853976531942634,0.5853976531942634,0.5853976531942634,0.6239313649602031
8,infgain,standard,gaussian_noise,RandomOverSampler,GradientBoosting,first,0.3,0.2,42,2026-06-03 06:52:18,20260603-054739,log/stroke_prediction_v7/8/infgain/standard__gaussian_noise__RandomOverSampler/GradientBoosting,1780436867126_ba5f39ad17804407388421953,0.6125244618395304,0.5420804525455688,0.7204115226337449,0.4609015345268542,0.9430025301321892,0.6125244618395304,0.7188283592174213,0.6125244618395304,0.6125244618395304,0.6125244618395304,0.6425187193286035
8,infgain,standard,gaussian_noise,RandomOverSampler,GradientBoosting,first,0.5,0.1,42,2026-06-03 06:51:03,20260603-054739,log/stroke_prediction_v7/8/infgain/standard__gaussian_noise__RandomOverSampler/GradientBoosting,1780436867126_ba5f39ad17804406632511237,0.786692759295499,0.5618557812567387,0.7360905349794239,0.5568788435682633,0.9387643153508062,0.786692759295499,0.8447707325635232,0.786692759295499,0.786692759295499,0.7866927592954989,0.7485956032966644
8,infgain,standard,gaussian_noise,RandomOverSampler,GradientBoosting,first,0.5,0.15,42,2026-06-03 06:51:47,20260603-054739,log/stroke_prediction_v7/8/infgain/standard__gaussian_noise__RandomOverSampler/GradientBoosting,1780436867126_ba5f39ad17804407071445887,0.7353324641460235,0.5573656603525389,0.7583302480562755,0.5313781967356201,0.94398319962804,0.7353324641460235,0.8107068673194334,0.7353324641460235,0.7353324641460235,0.7353324641460234,0.7214136560703528
8,infgain,standard,gaussian_noise,RandomOverSampler,GradientBoosting,first,0.5,0.2,42,2026-06-03 06:52:29,20260603-054739,log/stroke_prediction_v7/8/infgain/standard__gaussian_noise__RandomOverSampler/GradientBoosting,1780436867126_ba5f39ad17804407496066409,0.7534246575342466,0.564165229058846,0.775514403292181,0.5468837968697219,0.9451634671687134,0.7534246575342466,0.8228702802504346,0.7534246575342466,0.7534246575342466,0.7534246575342466,0.735317284533696
8,infgain,standard,gaussian_noise,RandomOverSampler,GradientBoosting,last,0.1,0.1,42,2026-06-03 06:52:40,20260603-054739,log/stroke_prediction_v7/8/infgain/gaussian_noise__RandomOverSampler__standard/GradientBoosting,1780436867126_ba5f39ad17804407609277413,0.3385518590998043,0.5344352617079889,0.6522633744855967,0.297871475495138,0.954445720323678,0.3385518590998043,0.4503402303061229,0.3385518590998043,0.3385518590998043,0.3385518590998043,0.4617669351618371
8,infgain,standard,gaussian_noise,RandomOverSampler,GradientBoosting,last,0.1,0.15,42,2026-06-03 06:53:24,20260603-054739,log/stroke_prediction_v7/8/infgain/gaussian_noise__RandomOverSampler__standard/GradientBoosting,1780436867126_ba5f39ad17804408042027920,0.3402868318122555,0.5310593296582861,0.6405960755275824,0.2976393855597863,0.950758824919553,0.3402868318122555,0.4540133551521735,0.3402868318122555,0.3402868318122555,0.3402868318122555,0.4611040668422382
8,infgain,standard,gaussian_noise,RandomOverSampler,GradientBoosting,last,0.1,0.2,42,2026-06-03 06:54:08,20260603-054739,log/stroke_prediction_v7/8/infgain/gaussian_noise__RandomOverSampler__standard/GradientBoosting,1780436867126_ba5f39ad17804408480072798,0.3610567514677104,0.5333924389279222,0.6546090534979424,0.3127328037996257,0.9515332385024364,0.3610567514677104,0.4771412161611534,0.3610567514677104,0.3610567514677104,0.3610567514677104,0.476857276674031
8,infgain,standard,gaussian_noise,RandomOverSampler,GradientBoosting,last,0.2,0.1,42,2026-06-03 06:52:51,20260603-054739,log/stroke_prediction_v7/8/infgain/gaussian_noise__RandomOverSampler__standard/GradientBoosting,1780436867126_ba5f39ad17804407718154370,0.4461839530332681,0.5367766618842659,0.6898765432098765,0.3677318654605392,0.9502740755507012,0.446183953033268,0.568656378632917,0.4461839530332681,0.4461839530332681,0.4461839530332681,0.5366245458918099
8,infgain,standard,gaussian_noise,RandomOverSampler,GradientBoosting,last,0.2,0.15,42,2026-06-03 06:53:34,20260603-054739,log/stroke_prediction_v7/8/infgain/gaussian_noise__RandomOverSampler__standard/GradientBoosting,1780436867126_ba5f39ad17804408147267975,0.4432855280312907,0.5347861492706415,0.6818770825620142,0.3645401822700911,0.949230139590054,0.4432855280312907,0.5666532363905035,0.4432855280312907,0.4432855280312907,0.4432855280312907,0.5335825611538764
8,infgain,standard,gaussian_noise,RandomOverSampler,GradientBoosting,last,0.2,0.2,42,2026-06-03 06:54:18,20260603-054739,log/stroke_prediction_v7/8/infgain/gaussian_noise__RandomOverSampler__standard/GradientBoosting,1780436867126_ba5f39ad17804408580331747,0.4412915851272015,0.536428757228325,0.6873045267489711,0.3646292322248461,0.95018570381906,0.4412915851272015,0.5637353994811044,0.4412915851272015,0.4412915851272015,0.4412915851272015,0.5331632275864087
8,infgain,standard,gaussian_noise,RandomOverSampler,GradientBoosting,last,0.3,0.1,42,2026-06-03 06:53:02,20260603-054739,log/stroke_prediction_v7/8/infgain/gaussian_noise__RandomOverSampler__standard/GradientBoosting,1780436867126_ba5f39ad17804407825961836,0.4911937377690802,0.536577440816958,0.6945679012345679,0.3935991528827546,0.9468105213085596,0.4911937377690802,0.6130679510905406,0.4911937377690802,0.4911937377690802,0.4911937377690802,0.5652731470396348
8,infgain,standard,gaussian_noise,RandomOverSampler,GradientBoosting,last,0.3,0.15,42,2026-06-03 06:53:45,20260603-054739,log/stroke_prediction_v7/8/infgain/gaussian_noise__RandomOverSampler__standard/GradientBoosting,1780436867126_ba5f39ad17804408253382010,0.4784876140808344,0.5374216924119428,0.7003702332469457,0.3864981602943529,0.9499602407297018,0.4784876140808344,0.6011402191294765,0.4784876140808344,0.4784876140808344,0.4784876140808344,0.5583160191847671
8,infgain,standard,gaussian_noise,RandomOverSampler,GradientBoosting,last,0.3,0.2,42,2026-06-03 06:54:28,20260603-054739,log/stroke_prediction_v7/8/infgain/gaussian_noise__RandomOverSampler__standard/GradientBoosting,1780436867126_ba5f39ad17804408681271822,0.49706457925636,0.535271838069672,0.6881687242798354,0.3960310890360559,0.9448891941844814,0.49706457925636,0.6188848641152914,0.49706457925636,0.49706457925636,0.49706457925636,0.5678962003286449
8,infgain,standard,gaussian_noise,RandomOverSampler,GradientBoosting,last,0.5,0.1,42,2026-06-03 06:53:13,20260603-054739,log/stroke_prediction_v7/8/infgain/gaussian_noise__RandomOverSampler__standard/GradientBoosting,1780436867126_ba5f39ad17804407934441492,0.6536203522504892,0.5406542056074766,0.7040740740740741,0.4787066655139621,0.938191561351208,0.6536203522504892,0.751122914113756,0.6536203522504892,0.6536203522504892,0.6536203522504892,0.6642145619476293
8,infgain,standard,gaussian_noise,RandomOverSampler,GradientBoosting,last,0.5,0.15,42,2026-06-03 06:53:57,20260603-054739,log/stroke_prediction_v7/8/infgain/gaussian_noise__RandomOverSampler__standard/GradientBoosting,1780436867126_ba5f39ad17804408375465678,0.6271186440677966,0.5409017679230085,0.7143095149944465,0.4663348319417683,0.9418970375091708,0.6271186440677965,0.7309979716171544,0.6271186440677966,0.6271186440677966,0.6271186440677966,0.6501582102036195
8,infgain,standard,gaussian_noise,RandomOverSampler,GradientBoosting,last,0.5,0.2,42,2026-06-03 06:54:38,20260603-054739,log/stroke_prediction_v7/8/infgain/gaussian_noise__RandomOverSampler__standard/GradientBoosting,1780436867126_ba5f39ad17804408782086989,0.6389432485322897,0.5438758177021216,0.7248148148148148,0.4750898818695429,0.9422947778176444,0.6389432485322897,0.739665720859127,0.6389432485322897,0.6389432485322897,0.6389432485322897,0.6588891808556742
8,infgain,standard,gaussian_noise,noImbl,GradientBoosting,first,0.1,0.1,42,2026-06-03 06:54:48,20260603-054739,log/stroke_prediction_v7/8/infgain/standard__gaussian_noise__noImbl/GradientBoosting,1780436867126_ba5f39ad17804408881732253,0.8864970645792564,0.6078869047619047,0.7506172839506173,0.6394052949192135,0.9414954337899544,0.8864970645792564,0.9086944339577,0.8864970645792564,0.8864970645792564,0.8864970645792564,0.816813747413487
8,infgain,standard,gaussian_noise,noImbl,GradientBoosting,first,0.1,0.15,42,2026-06-03 06:55:07,20260603-054739,log/stroke_prediction_v7/8/infgain/standard__gaussian_noise__noImbl/GradientBoosting,1780436867126_ba5f39ad17804409078389303,0.8800521512385919,0.6067156977424261,0.7702147352832285,0.638430006148801,0.9443666108847488,0.8800521512385919,0.9054860612480436,0.8800521512385919,0.8800521512385919,0.8800521512385919,0.8157379749960035
8,infgain,standard,gaussian_noise,noImbl,GradientBoosting,first,0.1,0.2,42,2026-06-03 06:55:27,20260603-054739,log/stroke_prediction_v7/8/infgain/standard__gaussian_noise__noImbl/GradientBoosting,1780436867126_ba5f39ad17804409272685620,0.8620352250489237,0.5878566920871953,0.7377572016460905,0.6110008827268971,0.9389575356854086,0.8620352250489237,0.8929176471859815,0.8620352250489237,0.8620352250489237,0.8620352250489237,0.7968590124483705
8,infgain,standard,gaussian_noise,noImbl,GradientBoosting,first,0.2,0.1,42,2026-06-03 06:54:53,20260603-054739,log/stroke_prediction_v7/8/infgain/standard__gaussian_noise__noImbl/GradientBoosting,1780436867126_ba5f39ad17804408932299216,0.9373776908023485,0.6268159085496546,0.5876543209876544,0.6027210884353742,0.9269605241020484,0.9373776908023485,0.9316692626169844,0.9373776908023485,0.9373776908023485,0.9373776908023485,0.8192527043427286
8,infgain,standard,gaussian_noise,noImbl,GradientBoosting,first,0.2,0.15,42,2026-06-03 06:55:12,20260603-054739,log/stroke_prediction_v7/8/infgain/standard__gaussian_noise__noImbl/GradientBoosting,1780436867126_ba5f39ad17804409126853310,0.9335071707953064,0.5944669365721997,0.5673824509440948,0.5779029490790198,0.9230751635884418,0.9335071707953064,0.9279508548309896,0.9335071707953064,0.9335071707953064,0.9335071707953064,0.8077733940150974
8,infgain,standard,gaussian_noise,noImbl,GradientBoosting,first,0.2,0.2,42,2026-06-03 06:55:31,20260603-054739,log/stroke_prediction_v7/8/infgain/standard__gaussian_noise__noImbl/GradientBoosting,1780436867126_ba5f39ad17804409319580939,0.9383561643835616,0.6167829982289822,0.5691975308641976,0.5852352884336651,0.924345715235748,0.9383561643835616,0.930492390900054,0.9383561643835616,0.9383561643835616,0.9383561643835616,0.8137342420863752
8,infgain,standard,gaussian_noise,noImbl,GradientBoosting,first,0.3,0.1,42,2026-06-03 06:54:58,20260603-054739,log/stroke_prediction_v7/8/infgain/standard__gaussian_noise__noImbl/GradientBoosting,1780436867126_ba5f39ad17804408981180985,0.9471624266144814,0.6438943894389438,0.5358847736625514,0.5508935256013802,0.92406786666925,0.9471624266144812,0.9314767826160464,0.9471624266144814,0.9471624266144814,0.9471624266144814,0.8116052198554807
8,infgain,standard,gaussian_noise,noImbl,GradientBoosting,first,0.3,0.15,42,2026-06-03 06:55:17,20260603-054739,log/stroke_prediction_v7/8/infgain/standard__gaussian_noise__noImbl/GradientBoosting,1780436867126_ba5f39ad17804409174610781,0.9478487614080836,0.4757853403141361,0.497945205479452,0.4866131191432396,0.9056670102459436,0.9478487614080832,0.9262779060614472,0.9478487614080836,0.9478487614080836,0.9478487614080836,0.7790129139478894
8,infgain,standard,gaussian_noise,noImbl,GradientBoosting,first,0.3,0.2,42,2026-06-03 06:55:36,20260603-054739,log/stroke_prediction_v7/8/infgain/standard__gaussian_noise__noImbl/GradientBoosting,1780436867126_ba5f39ad17804409365980988,0.9500978473581212,0.6995173851047494,0.5374279835390947,0.5549502625624386,0.9296321123932046,0.9500978473581212,0.9332743260947538,0.9500978473581212,0.9500978473581212,0.9500978473581212,0.819930575345532
8,infgain,standard,gaussian_noise,noImbl,GradientBoosting,first,0.5,0.1,42,2026-06-03 06:55:02,20260603-054739,log/stroke_prediction_v7/8/infgain/standard__gaussian_noise__noImbl/GradientBoosting,1780436867126_ba5f39ad17804409029928172,0.9393346379647748,0.5770459081836328,0.5317695473251028,0.5414387031408306,0.9171988703610392,0.9393346379647748,0.9267959005228438,0.9393346379647748,0.9393346379647748,0.9393346379647748,0.7985704783224385
8,infgain,standard,gaussian_noise,noImbl,GradientBoosting,first,0.5,0.15,42,2026-06-03 06:55:22,20260603-054739,log/stroke_prediction_v7/8/infgain/standard__gaussian_noise__noImbl/GradientBoosting,1780436867126_ba5f39ad17804409224786497,0.9491525423728814,0.4758169934640522,0.4986301369863014,0.4869565217391304,0.9057272626564749,0.9491525423728814,0.9269315798424124,0.9491525423728814,0.9491525423728814,0.9491525423728814,0.7797616714970667
8,infgain,standard,gaussian_noise,noImbl,GradientBoosting,first,0.5,0.2,42,2026-06-03 06:55:41,20260603-054739,log/stroke_prediction_v7/8/infgain/standard__gaussian_noise__noImbl/GradientBoosting,1780436867126_ba5f39ad17804409413074856,0.9452054794520548,0.4753937007874016,0.4969135802469136,0.4859154929577465,0.9042713838852336,0.9452054794520548,0.9242854386593534,0.9452054794520548,0.9452054794520548,0.9452054794520548,0.7772701980153415
8,infgain,standard,gaussian_noise,noImbl,GradientBoosting,last,0.1,0.1,42,2026-06-03 06:55:46,20260603-054739,log/stroke_prediction_v7/8/infgain/gaussian_noise__noImbl__standard/GradientBoosting,1780436867126_ba5f39ad17804409466128833,0.8806262230919765,0.6024004085801838,0.7475308641975309,0.6320746922250682,0.9408228373135252,0.8806262230919765,0.9048895868194604,0.8806262230919765,0.8806262230919765,0.8806262230919764,0.8118705421025937
8,infgain,standard,gaussian_noise,noImbl,GradientBoosting,last,0.1,0.15,42,2026-06-03 06:56:06,20260603-054739,log/stroke_prediction_v7/8/infgain/gaussian_noise__noImbl__standard/GradientBoosting,1780436867126_ba5f39ad17804409666670815,0.8800521512385919,0.6067156977424261,0.7702147352832285,0.638430006148801,0.9443666108847488,0.8800521512385919,0.9054860612480436,0.8800521512385919,0.8800521512385919,0.8800521512385919,0.8157379749960035
8,infgain,standard,gaussian_noise,noImbl,GradientBoosting,last,0.1,0.2,42,2026-06-03 06:56:25,20260603-054739,log/stroke_prediction_v7/8/infgain/gaussian_noise__noImbl__standard/GradientBoosting,1780436867126_ba5f39ad17804409856348440,0.8659491193737769,0.5853878771967509,0.7208436213991769,0.6080706969765677,0.9368518245978622,0.8659491193737769,0.8948787855775652,0.8659491193737769,0.8659491193737769,0.8659491193737769,0.7961304024520095
8,infgain,standard,gaussian_noise,noImbl,GradientBoosting,last,0.2,0.1,42,2026-06-03 06:55:51,20260603-054739,log/stroke_prediction_v7/8/infgain/gaussian_noise__noImbl__standard/GradientBoosting,1780436867126_ba5f39ad17804409513522609,0.929549902152642,0.6305861646770737,0.6404526748971194,0.635289452815226,0.9321666525900648,0.929549902152642,0.9308320827597766,0.929549902152642,0.929549902152642,0.929549902152642,0.8270587404137328
8,infgain,standard,gaussian_noise,noImbl,GradientBoosting,last,0.2,0.15,42,2026-06-03 06:56:11,20260603-054739,log/stroke_prediction_v7/8/infgain/gaussian_noise__noImbl__standard/GradientBoosting,1780436867126_ba5f39ad17804409714227848,0.938722294654498,0.5890817386144489,0.5444650129581636,0.5568381584608765,0.9205467253938664,0.938722294654498,0.9285315663010164,0.938722294654498,0.938722294654498,0.938722294654498,0.8037037242727308
8,infgain,standard,gaussian_noise,noImbl,GradientBoosting,last,0.2,0.2,42,2026-06-03 06:56:30,20260603-054739,log/stroke_prediction_v7/8/infgain/gaussian_noise__noImbl__standard/GradientBoosting,1780436867126_ba5f39ad17804409902278697,0.9393346379647748,0.6217303822937625,0.5697119341563786,0.5867960455956387,0.9248681915366956,0.9393346379647748,0.9311186961934604,0.9393346379647748,0.9393346379647748,0.9393346379647748,0.8150521172529583
8,infgain,standard,gaussian_noise,noImbl,GradientBoosting,last,0.3,0.1,42,2026-06-03 06:55:56,20260603-054739,log/stroke_prediction_v7/8/infgain/gaussian_noise__noImbl__standard/GradientBoosting,1780436867126_ba5f39ad17804409565995151,0.9452054794520548,0.6608181818181817,0.572798353909465,0.5969123281496507,0.9289215442092154,0.9452054794520548,0.9349399970978788,0.9452054794520548,0.9452054794520548,0.9452054794520548,0.8241138485616374
8,infgain,standard,gaussian_noise,noImbl,GradientBoosting,last,0.3,0.15,42,2026-06-03 06:56:16,20260603-054739,log/stroke_prediction_v7/8/infgain/gaussian_noise__noImbl__standard/GradientBoosting,1780436867126_ba5f39ad17804409761586008,0.9504563233376792,0.6919172932330826,0.5378008145131433,0.5554301403294691,0.9298556038074326,0.9504563233376794,0.9340651954120274,0.9504563233376792,0.9504563233376792,0.9504563233376792,0.8195642008516618
8,infgain,standard,gaussian_noise,noImbl,GradientBoosting,last,0.3,0.2,42,2026-06-03 06:56:34,20260603-054739,log/stroke_prediction_v7/8/infgain/gaussian_noise__noImbl__standard/GradientBoosting,1780436867126_ba5f39ad17804409947341106,0.9422700587084148,0.4753208292201382,0.4953703703703704,0.4851385390428212,0.9041327710410456,0.942270058708415,0.9228075537174604,0.9422700587084148,0.9422700587084148,0.9422700587084148,0.7755823344605633
8,infgain,standard,gaussian_noise,noImbl,GradientBoosting,last,0.5,0.1,42,2026-06-03 06:56:02,20260603-054739,log/stroke_prediction_v7/8/infgain/gaussian_noise__noImbl__standard/GradientBoosting,1780436867126_ba5f39ad17804409620320254,0.949119373776908,0.4754901960784314,0.4989711934156378,0.4869477911646586,0.9044549326579948,0.949119373776908,0.926249027420838,0.949119373776908,0.949119373776908,0.949119373776908,0.7795189045137939
8,infgain,standard,gaussian_noise,noImbl,GradientBoosting,last,0.5,0.15,42,2026-06-03 06:56:20,20260603-054739,log/stroke_prediction_v7/8/infgain/gaussian_noise__noImbl__standard/GradientBoosting,1780436867126_ba5f39ad17804409808380473,0.9478487614080836,0.4757853403141361,0.497945205479452,0.4866131191432396,0.9056670102459436,0.9478487614080832,0.9262779060614472,0.9478487614080836,0.9478487614080836,0.9478487614080836,0.7790129139478894
8,infgain,standard,gaussian_noise,noImbl,GradientBoosting,last,0.5,0.2,42,2026-06-03 06:56:39,20260603-054739,log/stroke_prediction_v7/8/infgain/gaussian_noise__noImbl__standard/GradientBoosting,1780436867126_ba5f39ad17804409993737083,0.949119373776908,0.4754901960784314,0.4989711934156378,0.4869477911646586,0.9044549326579948,0.949119373776908,0.926249027420838,0.949119373776908,0.949119373776908,0.949119373776908,0.7795189045137939
8,infgain,standard,noAug,ADASYN,GradientBoosting,first,0.1,0.1,42,2026-06-03 06:56:43,20260603-054739,log/stroke_prediction_v7/8/infgain/standard__noAug__ADASYN/GradientBoosting,1780436867126_ba5f39ad17804410036120487,0.50293542074364,0.530412054120541,0.662798353909465,0.3960148164693619,0.939016182725428,0.50293542074364,0.6252724842388603,0.50293542074364,0.50293542074364,0.50293542074364,0.5675899224792326
8,infgain,standard,noAug,ADASYN,GradientBoosting,first,0.1,0.15,42,2026-06-03 06:57:05,20260603-054739,log/stroke_prediction_v7/8/infgain/standard__noAug__ADASYN/GradientBoosting,1780436867126_ba5f39ad17804410258113084,0.5501955671447197,0.5366816387641213,0.6995557201036653,0.4249062754686226,0.9438621764925824,0.5501955671447197,0.6674355467857602,0.5501955671447197,0.5501955671447197,0.5501955671447197,0.6019394537320821
8,infgain,standard,noAug,ADASYN,GradientBoosting,first,0.1,0.2,42,2026-06-03 06:57:27,20260603-054739,log/stroke_prediction_v7/8/infgain/standard__noAug__ADASYN/GradientBoosting,1780436867126_ba5f39ad17804410470176244,0.5107632093933464,0.5346938462011122,0.6858847736625514,0.4031266352694924,0.9432873116966688,0.5107632093933464,0.6317923526478182,0.5107632093933464,0.5107632093933464,0.5107632093933464,0.5759297251009684
8,infgain,standard,noAug,ADASYN,GradientBoosting,first,0.2,0.1,42,2026-06-03 06:56:49,20260603-054739,log/stroke_prediction_v7/8/infgain/standard__noAug__ADASYN/GradientBoosting,1780436867126_ba5f39ad17804410090812030,0.5733855185909981,0.5374344742522356,0.699835390946502,0.4377246113466586,0.9416645093783208,0.5733855185909981,0.6868866760464215,0.5733855185909981,0.5733855185909981,0.5733855185909981,0.615939338003067
8,infgain,standard,noAug,ADASYN,GradientBoosting,first,0.2,0.15,42,2026-06-03 06:57:11,20260603-054739,log/stroke_prediction_v7/8/infgain/standard__noAug__ADASYN/GradientBoosting,1780436867126_ba5f39ad17804410311834269,0.5749674054758801,0.5369480056980058,0.699740836727138,0.437663050322952,0.94229329871442,0.5749674054758801,0.6887235202991503,0.5749674054758801,0.5749674054758801,0.5749674054758801,0.6168431618976237
8,infgain,standard,noAug,ADASYN,GradientBoosting,first,0.2,0.2,42,2026-06-03 06:57:32,20260603-054739,log/stroke_prediction_v7/8/infgain/standard__noAug__ADASYN/GradientBoosting,1780436867126_ba5f39ad17804410521173288,0.5733855185909981,0.5374344742522356,0.699835390946502,0.4377246113466586,0.9416645093783208,0.5733855185909981,0.6868866760464215,0.5733855185909981,0.5733855185909981,0.5733855185909981,0.615939338003067
8,infgain,standard,noAug,ADASYN,GradientBoosting,first,0.3,0.1,42,2026-06-03 06:56:54,20260603-054739,log/stroke_prediction_v7/8/infgain/standard__noAug__ADASYN/GradientBoosting,1780436867126_ba5f39ad17804410147154028,0.6360078277886497,0.5345387823725306,0.675843621399177,0.464831081081081,0.9343441664480084,0.6360078277886497,0.7378846458983446,0.6360078277886497,0.6360078277886497,0.6360078277886497,0.6492831471843451
8,infgain,standard,noAug,ADASYN,GradientBoosting,first,0.3,0.15,42,2026-06-03 06:57:16,20260603-054739,log/stroke_prediction_v7/8/infgain/standard__noAug__ADASYN/GradientBoosting,1780436867126_ba5f39ad17804410365143526,0.6166883963494133,0.539540834209604,0.708830062939652,0.4601694915254237,0.9415202369380844,0.6166883963494133,0.722802908094491,0.6166883963494133,0.6166883963494133,0.6166883963494133,0.6431103318914865
8,infgain,standard,noAug,ADASYN,GradientBoosting,first,0.3,0.2,42,2026-06-03 06:57:37,20260603-054739,log/stroke_prediction_v7/8/infgain/standard__noAug__ADASYN/GradientBoosting,1780436867126_ba5f39ad17804410571539344,0.6262230919765166,0.5438801091647626,0.7276131687242798,0.4690894651239957,0.9434602678618004,0.6262230919765166,0.7296599758398667,0.6262230919765166,0.6262230919765166,0.6262230919765166,0.6517970075102701
8,infgain,standard,noAug,ADASYN,GradientBoosting,first,0.5,0.1,42,2026-06-03 06:57:00,20260603-054739,log/stroke_prediction_v7/8/infgain/standard__noAug__ADASYN/GradientBoosting,1780436867126_ba5f39ad17804410202702390,0.7495107632093934,0.5346807906165022,0.6406584362139918,0.5106828655215752,0.9261298711118492,0.7495107632093934,0.8190852768215308,0.7495107632093934,0.7495107632093934,0.7495107632093934,0.7094164364294574
8,infgain,standard,noAug,ADASYN,GradientBoosting,first,0.5,0.15,42,2026-06-03 06:57:21,20260603-054739,log/stroke_prediction_v7/8/infgain/standard__noAug__ADASYN/GradientBoosting,1780436867126_ba5f39ad17804410418005032,0.7183833116036505,0.5381959819598195,0.6724546464272492,0.5028805991646262,0.9321070843042198,0.7183833116036505,0.7986100639571884,0.7183833116036505,0.7183833116036505,0.7183833116036505,0.696852695378861
8,infgain,standard,noAug,ADASYN,GradientBoosting,first,0.5,0.2,42,2026-06-03 06:57:42,20260603-054739,log/stroke_prediction_v7/8/infgain/standard__noAug__ADASYN/GradientBoosting,1780436867126_ba5f39ad17804410622004440,0.7299412915851272,0.5428773318258903,0.687283950617284,0.5131317315658658,0.9330876732241172,0.7299412915851272,0.806237910946744,0.7299412915851272,0.7299412915851272,0.7299412915851272,0.7062068585776714
8,infgain,standard,noAug,ADASYN,GradientBoosting,last,0.1,0.1,42,2026-06-03 06:57:47,20260603-054739,log/stroke_prediction_v7/8/infgain/noAug__ADASYN__standard/GradientBoosting,1780436867126_ba5f39ad17804410679755574,0.4422700587084148,0.5327036505659174,0.6688477366255144,0.3632635394213911,0.9454747975590726,0.4422700587084148,0.565608013817602,0.4422700587084148,0.4422700587084148,0.4422700587084148,0.5309413749442653
8,infgain,standard,noAug,ADASYN,GradientBoosting,last,0.1,0.15,42,2026-06-03 06:58:08,20260603-054739,log/stroke_prediction_v7/8/infgain/noAug__ADASYN__standard/GradientBoosting,1780436867126_ba5f39ad17804410883294698,0.4667535853976532,0.5315922055210892,0.6685486856719733,0.3763669797723771,0.9438230655719256,0.4667535853976532,0.590880396547433,0.4667535853976532,0.4667535853976532,0.4667535853976532,0.5461849362835315
8,infgain,standard,noAug,ADASYN,GradientBoosting,last,0.1,0.2,42,2026-06-03 06:58:26,20260603-054739,log/stroke_prediction_v7/8/infgain/noAug__ADASYN__standard/GradientBoosting,1780436867126_ba5f39ad17804411069966707,0.4530332681017612,0.5353918553612209,0.6839917695473251,0.3710409182636572,0.9480799936939482,0.4530332681017612,0.575910692113879,0.4530332681017612,0.4530332681017612,0.4530332681017613,0.5400024106575843
8,infgain,standard,noAug,ADASYN,GradientBoosting,last,0.2,0.1,42,2026-06-03 06:57:53,20260603-054739,log/stroke_prediction_v7/8/infgain/noAug__ADASYN__standard/GradientBoosting,1780436867126_ba5f39ad17804410732311347,0.62426614481409,0.5329713390058217,0.6696707818930041,0.4580405674134959,0.9337990102211708,0.62426614481409,0.7288179214123435,0.62426614481409,0.62426614481409,0.62426614481409,0.6413793443615114
8,infgain,standard,noAug,ADASYN,GradientBoosting,last,0.2,0.15,42,2026-06-03 06:58:13,20260603-054739,log/stroke_prediction_v7/8/infgain/noAug__ADASYN__standard/GradientBoosting,1780436867126_ba5f39ad17804410930067075,0.6453715775749674,0.5434322033898306,0.7238985560903369,0.4772166870476915,0.9425507701146886,0.6453715775749674,0.7451048229911447,0.6453715775749674,0.6453715775749674,0.6453715775749674,0.6624850104952978
8,infgain,standard,noAug,ADASYN,GradientBoosting,last,0.2,0.2,42,2026-06-03 06:58:31,20260603-054739,log/stroke_prediction_v7/8/infgain/noAug__ADASYN__standard/GradientBoosting,1780436867126_ba5f39ad17804411114721219,0.6135029354207436,0.5351472802652745,0.6829835390946501,0.4551231436002715,0.9365023583394002,0.6135029354207436,0.7201434123089381,0.6135029354207436,0.6135029354207436,0.6135029354207436,0.6371544753246113
8,infgain,standard,noAug,ADASYN,GradientBoosting,last,0.3,0.1,42,2026-06-03 06:57:58,20260603-054739,log/stroke_prediction_v7/8/infgain/noAug__ADASYN__standard/GradientBoosting,1780436867126_ba5f39ad17804410786359992,0.7592954990215264,0.532470816300729,0.6268312757201646,0.5113469387755102,0.9241044445190346,0.7592954990215264,0.8253697032629099,0.7592954990215264,0.7592954990215264,0.7592954990215265,0.7125663495683663
8,infgain,standard,noAug,ADASYN,GradientBoosting,last,0.3,0.15,42,2026-06-03 06:58:17,20260603-054739,log/stroke_prediction_v7/8/infgain/noAug__ADASYN__standard/GradientBoosting,1780436867126_ba5f39ad17804410977122709,0.7601043024771839,0.5329132045811812,0.6302295446131063,0.5118029611180296,0.9255402141620536,0.7601043024771839,0.8263785179039417,0.7601043024771839,0.7601043024771839,0.7601043024771839,0.7136372391798033
8,infgain,standard,noAug,ADASYN,GradientBoosting,last,0.3,0.2,42,2026-06-03 06:58:36,20260603-054739,log/stroke_prediction_v7/8/infgain/noAug__ADASYN__standard/GradientBoosting,1780436867126_ba5f39ad17804411160402441,0.7583170254403131,0.5431730449676611,0.6737448559670782,0.5240641408761395,0.9306002910531788,0.7583170254403131,0.8252930942487589,0.7583170254403131,0.7583170254403131,0.7583170254403131,0.7204822146436517
8,infgain,standard,noAug,ADASYN,GradientBoosting,last,0.5,0.1,42,2026-06-03 06:58:03,20260603-054739,log/stroke_prediction_v7/8/infgain/noAug__ADASYN__standard/GradientBoosting,1780436867126_ba5f39ad17804410834446051,0.8923679060665362,0.5304328474463114,0.5450205761316872,0.5348163596338779,0.914000806121998,0.892367906066536,0.9027432857621268,0.8923679060665362,0.8923679060665362,0.8923679060665362,0.7715265322060146
8,infgain,standard,noAug,ADASYN,GradientBoosting,last,0.5,0.15,42,2026-06-03 06:58:22,20260603-054739,log/stroke_prediction_v7/8/infgain/noAug__ADASYN__standard/GradientBoosting,1780436867126_ba5f39ad17804411023861995,0.8904823989569752,0.528954802259887,0.5447797112180673,0.5332927677329624,0.914992744495761,0.8904823989569752,0.9021935344069428,0.8904823989569752,0.8904823989569752,0.8904823989569752,0.7703886307011473
8,infgain,standard,noAug,ADASYN,GradientBoosting,last,0.5,0.2,42,2026-06-03 06:58:40,20260603-054739,log/stroke_prediction_v7/8/infgain/noAug__ADASYN__standard/GradientBoosting,1780436867126_ba5f39ad17804411205432288,0.8953033268101761,0.5586114425754135,0.5939917695473251,0.5697485471921562,0.9212632150806136,0.8953033268101762,0.9073880374146696,0.8953033268101761,0.8953033268101761,0.895303326810176,0.7870784611354293
8,infgain,standard,noAug,RandomOverSampler,GradientBoosting,first,0.1,0.1,42,2026-06-03 06:58:45,20260603-054739,log/stroke_prediction_v7/8/infgain/standard__noAug__RandomOverSampler/GradientBoosting,1780436867126_ba5f39ad17804411253647684,0.5283757338551859,0.5363315966901624,0.6951440329218107,0.4136923040300888,0.9438485707928486,0.5283757338551859,0.6476262029211055,0.5283757338551859,0.5283757338551859,0.5283757338551859,0.5880804896252356
8,infgain,standard,noAug,RandomOverSampler,GradientBoosting,first,0.1,0.15,42,2026-06-03 06:59:01,20260603-054739,log/stroke_prediction_v7/8/infgain/standard__noAug__RandomOverSampler/GradientBoosting,1780436867126_ba5f39ad17804411414386328,0.5202086049543677,0.5337858990063972,0.6838022954461311,0.4071049270686294,0.942875671965373,0.5202086049543677,0.6410776099785297,0.5202086049543677,0.5202086049543677,0.5202086049543677,0.5813572091806111
8,infgain,standard,noAug,RandomOverSampler,GradientBoosting,first,0.1,0.2,42,2026-06-03 06:59:17,20260603-054739,log/stroke_prediction_v7/8/infgain/standard__noAug__RandomOverSampler/GradientBoosting,1780436867126_ba5f39ad17804411571479948,0.538160469667319,0.5390433517156863,0.7097736625514404,0.4208269098698018,0.946051976013008,0.538160469667319,0.6560041753769993,0.538160469667319,0.538160469667319,0.538160469667319,0.5962757496819612
8,infgain,standard,noAug,RandomOverSampler,GradientBoosting,first,0.2,0.1,42,2026-06-03 06:58:49,20260603-054739,log/stroke_prediction_v7/8/infgain/standard__noAug__RandomOverSampler/GradientBoosting,1780436867126_ba5f39ad17804411293873511,0.5968688845401174,0.5401407573492776,0.7121810699588478,0.4516024839543219,0.9424740901950804,0.5968688845401174,0.7062329427758114,0.5968688845401174,0.5968688845401174,0.5968688845401174,0.6319024595758875
8,infgain,standard,noAug,RandomOverSampler,GradientBoosting,first,0.2,0.15,42,2026-06-03 06:59:05,20260603-054739,log/stroke_prediction_v7/8/infgain/standard__noAug__RandomOverSampler/GradientBoosting,1780436867126_ba5f39ad17804411454676878,0.5867014341590613,0.5382628138974888,0.7059052202887819,0.4445647580212223,0.9426961131898948,0.5867014341590613,0.6984325842158676,0.5867014341590613,0.5867014341590613,0.5867014341590613,0.6248165897368044
8,infgain,standard,noAug,RandomOverSampler,GradientBoosting,first,0.2,0.2,42,2026-06-03 06:59:20,20260603-054739,log/stroke_prediction_v7/8/infgain/standard__noAug__RandomOverSampler/GradientBoosting,1780436867126_ba5f39ad17804411609816445,0.5851272015655578,0.5405113724276652,0.7154938271604938,0.4461129432216171,0.943803475027047,0.5851272015655578,0.6964472131300413,0.5851272015655578,0.5851272015655578,0.5851272015655578,0.6254157715404924
8,infgain,standard,noAug,RandomOverSampler,GradientBoosting,first,0.3,0.1,42,2026-06-03 06:58:53,20260603-054739,log/stroke_prediction_v7/8/infgain/standard__noAug__RandomOverSampler/GradientBoosting,1780436867126_ba5f39ad17804411333993329,0.675146771037182,0.5440364811200108,0.7153909465020576,0.491670262236924,0.9390812108704416,0.675146771037182,0.7671838471128813,0.675146771037182,0.675146771037182,0.675146771037182,0.6787376886665946
8,infgain,standard,noAug,RandomOverSampler,GradientBoosting,first,0.3,0.15,42,2026-06-03 06:59:09,20260603-054739,log/stroke_prediction_v7/8/infgain/standard__noAug__RandomOverSampler/GradientBoosting,1780436867126_ba5f39ad17804411493970084,0.6479791395045632,0.5390286806329718,0.6996112550907072,0.47413460366473,0.9385136964954734,0.6479791395045632,0.7473188742701823,0.6479791395045632,0.6479791395045632,0.6479791395045632,0.6601250407139773
8,infgain,standard,noAug,RandomOverSampler,GradientBoosting,first,0.3,0.2,42,2026-06-03 06:59:24,20260603-054739,log/stroke_prediction_v7/8/infgain/standard__noAug__RandomOverSampler/GradientBoosting,1780436867126_ba5f39ad17804411647085620,0.6438356164383562,0.546353562685221,0.736872427983539,0.4797149122807017,0.94404583507633,0.6438356164383562,0.7433373673910804,0.6438356164383562,0.6438356164383562,0.6438356164383562,0.6637192711006186
8,infgain,standard,noAug,RandomOverSampler,GradientBoosting,first,0.5,0.1,42,2026-06-03 06:58:57,20260603-054739,log/stroke_prediction_v7/8/infgain/standard__noAug__RandomOverSampler/GradientBoosting,1780436867126_ba5f39ad17804411374356978,0.8160469667318982,0.5636216534274787,0.7135802469135802,0.5686292118686687,0.9354046228630616,0.8160469667318982,0.863356821666986,0.8160469667318982,0.8160469667318982,0.8160469667318982,0.7624773440435194
8,infgain,standard,noAug,RandomOverSampler,GradientBoosting,first,0.5,0.15,42,2026-06-03 06:59:13,20260603-054739,log/stroke_prediction_v7/8/infgain/standard__noAug__RandomOverSampler/GradientBoosting,1780436867126_ba5f39ad17804411533130100,0.7966101694915254,0.5639310522253665,0.7392077008515365,0.5626242835419347,0.9397973185783924,0.7966101694915254,0.8516656720678998,0.7966101694915254,0.7966101694915254,0.7966101694915254,0.7550811683036147
8,infgain,standard,noAug,RandomOverSampler,GradientBoosting,first,0.5,0.2,42,2026-06-03 06:59:28,20260603-054739,log/stroke_prediction_v7/8/infgain/standard__noAug__RandomOverSampler/GradientBoosting,1780436867126_ba5f39ad17804411684370124,0.7788649706457925,0.5551577152600171,0.7130041152263374,0.5459206542680769,0.9357076958240116,0.7788649706457925,0.8393286593230685,0.7788649706457925,0.7788649706457925,0.7788649706457925,0.739720337928025
8,infgain,standard,noAug,RandomOverSampler,GradientBoosting,last,0.1,0.1,42,2026-06-03 06:59:32,20260603-054739,log/stroke_prediction_v7/8/infgain/noAug__RandomOverSampler__standard/GradientBoosting,1780436867126_ba5f39ad17804411729753026,0.3816046966731898,0.5366568914956011,0.6748971193415638,0.3274523523923764,0.9546631009291194,0.3816046966731898,0.4996194607610316,0.3816046966731898,0.3816046966731898,0.3816046966731898,0.4933243618189155
8,infgain,standard,noAug,RandomOverSampler,GradientBoosting,last,0.1,0.15,42,2026-06-03 06:59:48,20260603-054739,log/stroke_prediction_v7/8/infgain/noAug__RandomOverSampler__standard/GradientBoosting,1780436867126_ba5f39ad17804411889853629,0.3715775749674054,0.532816247582205,0.657034431691966,0.3190635821115449,0.9513121281891568,0.3715775749674054,0.4899189673186404,0.3715775749674054,0.3715775749674054,0.3715775749674054,0.4840946931478227
8,infgain,standard,noAug,RandomOverSampler,GradientBoosting,last,0.1,0.2,42,2026-06-03 07:00:04,20260603-054739,log/stroke_prediction_v7/8/infgain/noAug__RandomOverSampler__standard/GradientBoosting,1780436867126_ba5f39ad17804412045015843,0.3962818003913894,0.5334135797022901,0.663641975308642,0.3355405620424804,0.949319831428114,0.3962818003913894,0.5167814091547592,0.3962818003913894,0.3962818003913894,0.3962818003913894,0.5009985544800463
8,infgain,standard,noAug,RandomOverSampler,GradientBoosting,last,0.2,0.1,42,2026-06-03 06:59:37,20260603-054739,log/stroke_prediction_v7/8/infgain/noAug__RandomOverSampler__standard/GradientBoosting,1780436867126_ba5f39ad17804411770218698,0.436399217221135,0.5360852090032154,0.6847325102880658,0.3615160349854227,0.950096400098162,0.436399217221135,0.5587797321892134,0.436399217221135,0.436399217221135,0.436399217221135,0.5296954639035937
8,infgain,standard,noAug,RandomOverSampler,GradientBoosting,last,0.2,0.15,42,2026-06-03 06:59:52,20260603-054739,log/stroke_prediction_v7/8/infgain/noAug__RandomOverSampler__standard/GradientBoosting,1780436867126_ba5f39ad17804411928336318,0.4471968709256845,0.5375923096511332,0.6967604590892262,0.3683417241593635,0.9524534953248812,0.4471968709256844,0.5699897562961178,0.4471968709256845,0.4471968709256845,0.4471968709256845,0.5383090968451198
8,infgain,standard,noAug,RandomOverSampler,GradientBoosting,last,0.2,0.2,42,2026-06-03 07:00:08,20260603-054739,log/stroke_prediction_v7/8/infgain/noAug__RandomOverSampler__standard/GradientBoosting,1780436867126_ba5f39ad17804412082268432,0.449119373776908,0.5369875594890205,0.6914197530864197,0.3695885353040106,0.9503266779919176,0.449119373776908,0.5715924831607914,0.449119373776908,0.449119373776908,0.449119373776908,0.5386983013372193
8,infgain,standard,noAug,RandomOverSampler,GradientBoosting,last,0.3,0.1,42,2026-06-03 06:59:41,20260603-054739,log/stroke_prediction_v7/8/infgain/noAug__RandomOverSampler__standard/GradientBoosting,1780436867126_ba5f39ad17804411810325136,0.50293542074364,0.541184547502237,0.7197119341563786,0.4030813097866078,0.9512507669374292,0.50293542074364,0.6233336789310663,0.50293542074364,0.50293542074364,0.50293542074364,0.5763511414647114
8,infgain,standard,noAug,RandomOverSampler,GradientBoosting,last,0.3,0.15,42,2026-06-03 06:59:56,20260603-054739,log/stroke_prediction_v7/8/infgain/noAug__RandomOverSampler__standard/GradientBoosting,1780436867126_ba5f39ad17804411967404302,0.5189048239895697,0.5384128065395096,0.7087745279526102,0.4096172419475624,0.9480804400882452,0.5189048239895697,0.6391211642357778,0.5189048239895697,0.5189048239895697,0.5189048239895697,0.5843994679813653
8,infgain,standard,noAug,RandomOverSampler,GradientBoosting,last,0.3,0.2,42,2026-06-03 07:00:11,20260603-054739,log/stroke_prediction_v7/8/infgain/noAug__RandomOverSampler__standard/GradientBoosting,1780436867126_ba5f39ad17804412119666376,0.5117416829745597,0.5383558590582619,0.7053703703703704,0.4061204835552325,0.9473270315444876,0.5117416829745597,0.6320665296448371,0.5117416829745597,0.5117416829745597,0.5117416829745597,0.5795300512671462
8,infgain,standard,noAug,RandomOverSampler,GradientBoosting,last,0.5,0.1,42,2026-06-03 06:59:45,20260603-054739,log/stroke_prediction_v7/8/infgain/noAug__RandomOverSampler__standard/GradientBoosting,1780436867126_ba5f39ad17804411850402576,0.675146771037182,0.5512794882047181,0.7533333333333333,0.4989959364959365,0.9450920218996548,0.675146771037182,0.7670010015900426,0.675146771037182,0.675146771037182,0.675146771037182,0.6849287334715403
8,infgain,standard,noAug,RandomOverSampler,GradientBoosting,last,0.5,0.15,42,2026-06-03 07:00:00,20260603-054739,log/stroke_prediction_v7/8/infgain/noAug__RandomOverSampler__standard/GradientBoosting,1780436867126_ba5f39ad17804412006941334,0.6779661016949152,0.5387272315017761,0.6897075157349131,0.4869565217391304,0.9358158613118396,0.6779661016949152,0.7697976305198118,0.6779661016949152,0.6779661016949152,0.6779661016949152,0.6761246243716603
8,infgain,standard,noAug,RandomOverSampler,GradientBoosting,last,0.5,0.2,42,2026-06-03 07:00:15,20260603-054739,log/stroke_prediction_v7/8/infgain/noAug__RandomOverSampler__standard/GradientBoosting,1780436867126_ba5f39ad17804412156951795,0.6761252446183953,0.5330828677241881,0.6589917695473251,0.4806488013448887,0.9303270589785828,0.6761252446183953,0.7680958200022621,0.6761252446183953,0.6761252446183953,0.6761252446183953,0.6700019606744403
8,infgain,standard,noAug,noImbl,GradientBoosting,first,0.1,0.1,42,2026-06-03 07:00:19,20260603-054739,log/stroke_prediction_v7/8/infgain/standard__noAug__noImbl/GradientBoosting,1780436867126_ba5f39ad17804412197085522,0.8786692759295499,0.5953604691272854,0.7275308641975309,0.6222937529804482,0.9381566894313376,0.8786692759295499,0.9030279954496544,0.8786692759295499,0.8786692759295499,0.87866927592955,0.8063707749119505
8,infgain,standard,noAug,noImbl,GradientBoosting,first,0.1,0.15,42,2026-06-03 07:00:29,20260603-054739,log/stroke_prediction_v7/8/infgain/standard__noAug__noImbl/GradientBoosting,1780436867126_ba5f39ad17804412292745618,0.8578878748370273,0.5726650062266501,0.6944279896334691,0.5899582616031271,0.934016830627,0.8578878748370273,0.8894344260726316,0.8578878748370273,0.8578878748370273,0.8578878748370273,0.7851750357348863
8,infgain,standard,noAug,noImbl,GradientBoosting,first,0.1,0.2,42,2026-06-03 07:00:39,20260603-054739,log/stroke_prediction_v7/8/infgain/standard__noAug__noImbl/GradientBoosting,1780436867126_ba5f39ad17804412394425338,0.863013698630137,0.5859592429958562,0.7287860082304527,0.6085448198124255,0.937810769297243,0.863013698630137,0.8932782012079717,0.863013698630137,0.863013698630137,0.863013698630137,0.7957345346574696
8,infgain,standard,noAug,noImbl,GradientBoosting,first,0.2,0.1,42,2026-06-03 07:00:22,20260603-054739,log/stroke_prediction_v7/8/infgain/standard__noAug__noImbl/GradientBoosting,1780436867126_ba5f39ad17804412221940683,0.923679060665362,0.5694366982710541,0.5614814814814814,0.5651063829787234,0.9191277669301032,0.923679060665362,0.9213607028354917,0.923679060665362,0.923679060665362,0.923679060665362,0.7974462818065408
8,infgain,standard,noAug,noImbl,GradientBoosting,first,0.2,0.15,42,2026-06-03 07:00:32,20260603-054739,log/stroke_prediction_v7/8/infgain/standard__noAug__noImbl/GradientBoosting,1780436867126_ba5f39ad17804412320551924,0.924380704041721,0.5697919246965569,0.5625879303961495,0.5659055425448868,0.9203340417952712,0.924380704041721,0.9223234577777506,0.924380704041721,0.924380704041721,0.924380704041721,0.7982580213538816
8,infgain,standard,noAug,noImbl,GradientBoosting,first,0.2,0.2,42,2026-06-03 07:00:41,20260603-054739,log/stroke_prediction_v7/8/infgain/standard__noAug__noImbl/GradientBoosting,1780436867126_ba5f39ad17804412417059050,0.9315068493150684,0.6110544217687075,0.5940534979423868,0.6016348895224519,0.9260407098260048,0.9315068493150684,0.928669241058788,0.9315068493150684,0.9315068493150684,0.9315068493150684,0.815263222266923
8,infgain,standard,noAug,noImbl,GradientBoosting,first,0.3,0.1,42,2026-06-03 07:00:24,20260603-054739,log/stroke_prediction_v7/8/infgain/standard__noAug__noImbl/GradientBoosting,1780436867126_ba5f39ad17804412245576019,0.949119373776908,0.6924603174603174,0.5558847736625514,0.5806186868686869,0.9305283757338552,0.949119373776908,0.935271748799146,0.949119373776908,0.949119373776908,0.949119373776908,0.8249186615466103
8,infgain,standard,noAug,noImbl,GradientBoosting,first,0.3,0.15,42,2026-06-03 07:00:34,20260603-054739,log/stroke_prediction_v7/8/infgain/standard__noAug__noImbl/GradientBoosting,1780436867126_ba5f39ad17804412347576187,0.9452411994784876,0.6319628647214854,0.5478896704924102,0.5658490566037736,0.9249478660529328,0.9452411994784876,0.932541880888539,0.9452411994784876,0.9452411994784876,0.9452411994784876,0.8133351605419246
8,infgain,standard,noAug,noImbl,GradientBoosting,first,0.3,0.2,42,2026-06-03 07:00:43,20260603-054739,log/stroke_prediction_v7/8/infgain/standard__noAug__noImbl/GradientBoosting,1780436867126_ba5f39ad17804412439621032,0.9412915851272016,0.5703901590457257,0.523312757201646,0.5302877102674879,0.9158155275781708,0.9412915851272016,0.926674292506668,0.9412915851272016,0.9412915851272016,0.9412915851272016,0.7960127788495581
8,infgain,standard,noAug,noImbl,GradientBoosting,first,0.5,0.1,42,2026-06-03 07:00:26,20260603-054739,log/stroke_prediction_v7/8/infgain/standard__noAug__noImbl/GradientBoosting,1780436867126_ba5f39ad17804412269199556,0.949119373776908,0.4754901960784314,0.4989711934156378,0.4869477911646586,0.9044549326579948,0.949119373776908,0.926249027420838,0.949119373776908,0.949119373776908,0.949119373776908,0.7795189045137939
8,infgain,standard,noAug,noImbl,GradientBoosting,first,0.5,0.15,42,2026-06-03 07:00:37,20260603-054739,log/stroke_prediction_v7/8/infgain/standard__noAug__noImbl/GradientBoosting,1780436867126_ba5f39ad17804412372099356,0.9478487614080836,0.4757853403141361,0.497945205479452,0.4866131191432396,0.9056670102459436,0.9478487614080832,0.9262779060614472,0.9478487614080836,0.9478487614080836,0.9478487614080836,0.7790129139478894
8,infgain,standard,noAug,noImbl,GradientBoosting,first,0.5,0.2,42,2026-06-03 07:00:46,20260603-054739,log/stroke_prediction_v7/8/infgain/standard__noAug__noImbl/GradientBoosting,1780436867126_ba5f39ad17804412462677844,0.9471624266144814,0.475442043222004,0.4979423868312758,0.4864321608040201,0.9043633385749272,0.9471624266144816,0.9252682197681164,0.9471624266144814,0.9471624266144814,0.9471624266144814,0.7783948045944336
8,infgain,standard,noAug,noImbl,GradientBoosting,last,0.1,0.1,42,2026-06-03 07:00:49,20260603-054739,log/stroke_prediction_v7/8/infgain/noAug__noImbl__standard/GradientBoosting,1780436867126_ba5f39ad17804412492381219,0.8786692759295499,0.5953604691272854,0.7275308641975309,0.6222937529804482,0.9381566894313376,0.8786692759295499,0.9030279954496544,0.8786692759295499,0.8786692759295499,0.87866927592955,0.8063707749119505
8,infgain,standard,noAug,noImbl,GradientBoosting,last,0.1,0.15,42,2026-06-03 07:00:58,20260603-054739,log/stroke_prediction_v7/8/infgain/noAug__noImbl__standard/GradientBoosting,1780436867126_ba5f39ad17804412586976230,0.8578878748370273,0.5726650062266501,0.6944279896334691,0.5899582616031271,0.934016830627,0.8578878748370273,0.8894344260726316,0.8578878748370273,0.8578878748370273,0.8578878748370273,0.7851750357348863
8,infgain,standard,noAug,noImbl,GradientBoosting,last,0.1,0.2,42,2026-06-03 07:01:07,20260603-054739,log/stroke_prediction_v7/8/infgain/noAug__noImbl__standard/GradientBoosting,1780436867126_ba5f39ad17804412679582912,0.863013698630137,0.5859592429958562,0.7287860082304527,0.6085448198124255,0.937810769297243,0.863013698630137,0.8932782012079717,0.863013698630137,0.863013698630137,0.863013698630137,0.7957345346574696
8,infgain,standard,noAug,noImbl,GradientBoosting,last,0.2,0.1,42,2026-06-03 07:00:51,20260603-054739,log/stroke_prediction_v7/8/infgain/noAug__noImbl__standard/GradientBoosting,1780436867126_ba5f39ad17804412515883881,0.923679060665362,0.5694366982710541,0.5614814814814814,0.5651063829787234,0.9191277669301032,0.923679060665362,0.9213607028354917,0.923679060665362,0.923679060665362,0.923679060665362,0.7974462818065408
8,infgain,standard,noAug,noImbl,GradientBoosting,last,0.2,0.15,42,2026-06-03 07:01:01,20260603-054739,log/stroke_prediction_v7/8/infgain/noAug__noImbl__standard/GradientBoosting,1780436867126_ba5f39ad17804412610261278,0.924380704041721,0.5697919246965569,0.5625879303961495,0.5659055425448868,0.9203340417952712,0.924380704041721,0.9223234577777506,0.924380704041721,0.924380704041721,0.924380704041721,0.7982580213538816
8,infgain,standard,noAug,noImbl,GradientBoosting,last,0.2,0.2,42,2026-06-03 07:01:10,20260603-054739,log/stroke_prediction_v7/8/infgain/noAug__noImbl__standard/GradientBoosting,1780436867126_ba5f39ad17804412702578710,0.9315068493150684,0.6110544217687075,0.5940534979423868,0.6016348895224519,0.9260407098260048,0.9315068493150684,0.928669241058788,0.9315068493150684,0.9315068493150684,0.9315068493150684,0.815263222266923
8,infgain,standard,noAug,noImbl,GradientBoosting,last,0.3,0.1,42,2026-06-03 07:00:53,20260603-054739,log/stroke_prediction_v7/8/infgain/noAug__noImbl__standard/GradientBoosting,1780436867126_ba5f39ad17804412539178719,0.949119373776908,0.6924603174603174,0.5558847736625514,0.5806186868686869,0.9305283757338552,0.949119373776908,0.935271748799146,0.949119373776908,0.949119373776908,0.949119373776908,0.8249186615466103
8,infgain,standard,noAug,noImbl,GradientBoosting,last,0.3,0.15,42,2026-06-03 07:01:03,20260603-054739,log/stroke_prediction_v7/8/infgain/noAug__noImbl__standard/GradientBoosting,1780436867126_ba5f39ad17804412633613829,0.9452411994784876,0.6319628647214854,0.5478896704924102,0.5658490566037736,0.9249478660529328,0.9452411994784876,0.932541880888539,0.9452411994784876,0.9452411994784876,0.9452411994784876,0.8133351605419246
8,infgain,standard,noAug,noImbl,GradientBoosting,last,0.3,0.2,42,2026-06-03 07:01:12,20260603-054739,log/stroke_prediction_v7/8/infgain/noAug__noImbl__standard/GradientBoosting,1780436867126_ba5f39ad17804412726536638,0.9412915851272016,0.5703901590457257,0.523312757201646,0.5302877102674879,0.9158155275781708,0.9412915851272016,0.926674292506668,0.9412915851272016,0.9412915851272016,0.9412915851272016,0.7960127788495581
8,infgain,standard,noAug,noImbl,GradientBoosting,last,0.5,0.1,42,2026-06-03 07:00:56,20260603-054739,log/stroke_prediction_v7/8/infgain/noAug__noImbl__standard/GradientBoosting,1780436867126_ba5f39ad17804412563879687,0.949119373776908,0.4754901960784314,0.4989711934156378,0.4869477911646586,0.9044549326579948,0.949119373776908,0.926249027420838,0.949119373776908,0.949119373776908,0.949119373776908,0.7795189045137939
8,infgain,standard,noAug,noImbl,GradientBoosting,last,0.5,0.15,42,2026-06-03 07:01:05,20260603-054739,log/stroke_prediction_v7/8/infgain/noAug__noImbl__standard/GradientBoosting,1780436867126_ba5f39ad17804412656573537,0.9478487614080836,0.4757853403141361,0.497945205479452,0.4866131191432396,0.9056670102459436,0.9478487614080832,0.9262779060614472,0.9478487614080836,0.9478487614080836,0.9478487614080836,0.7790129139478894
8,infgain,standard,noAug,noImbl,GradientBoosting,last,0.5,0.2,42,2026-06-03 07:01:14,20260603-054739,log/stroke_prediction_v7/8/infgain/noAug__noImbl__standard/GradientBoosting,1780436867126_ba5f39ad17804412749545788,0.9471624266144814,0.475442043222004,0.4979423868312758,0.4864321608040201,0.9043633385749272,0.9471624266144816,0.9252682197681164,0.9471624266144814,0.9471624266144814,0.9471624266144814,0.7783948045944336
