FeatureNum,FS_Method,Scaler,AugName,ImblName,Model,Norm_Order,Prob_Threshold,Split_Ratio,Random_State,Timestamp,RunID,LogDir,Model_RunID,Accuracy,Macro_Precision,Macro_Recall,Macro_F1,Weighted_Precision,Weighted_Recall,Weighted_F1,Micro_Precision,Micro_Recall,Micro_F1,Integrated_Score
8,biMaxInfgain,minmax,gaussian_noise,noImbl,DTmodel,first,0.25,0.1,42,2026-05-29 19:16:23,20260529-185745,log/stroke_prediction_v2/8/biMaxInfgain/minmax__gaussian_noise__noImbl/DTmodel,1780052279784_edb427c117800533834193405,0.9275929549902152,0.5786150712830957,0.5635390946502058,0.5699533720004548,0.9201836580962212,0.9275929549902152,0.92375562040878,0.9275929549902152,0.9275929549902152,0.9275929549902152,0.8013273132604234
8,biMaxInfgain,minmax,gaussian_noise,noImbl,DTmodel,first,0.25,0.2,42,2026-05-29 19:16:44,20260529-185745,log/stroke_prediction_v2/8/biMaxInfgain/minmax__gaussian_noise__noImbl/DTmodel,1780052279784_edb427c117800534042818442,0.9275929549902152,0.5702556696619597,0.5540534979423868,0.5606292991262316,0.9185273156161368,0.9275929549902152,0.9228782185123054,0.9275929549902152,0.9275929549902152,0.9275929549902152,0.7978469579639149
8,biMaxInfgain,minmax,gaussian_noise,noImbl,DTmodel,first,0.3,0.1,42,2026-05-29 19:16:28,20260529-185745,log/stroke_prediction_v2/8/biMaxInfgain/minmax__gaussian_noise__noImbl/DTmodel,1780052279784_edb427c117800533886479383,0.9178082191780822,0.5019255455712452,0.5014814814814814,0.5012548800892359,0.9072572845411224,0.917808219178082,0.9124563561491036,0.9178082191780822,0.9178082191780822,0.9178082191780822,0.7702464042663686
8,biMaxInfgain,minmax,gaussian_noise,noImbl,DTmodel,first,0.3,0.2,42,2026-05-29 19:16:49,20260529-185745,log/stroke_prediction_v2/8/biMaxInfgain/minmax__gaussian_noise__noImbl/DTmodel,1780052279784_edb427c117800534092115679,0.9227005870841488,0.5507446358867258,0.5419958847736626,0.5457087715152231,0.9155780263165386,0.9227005870841488,0.9190561978896048,0.9227005870841488,0.9227005870841488,0.9227005870841488,0.7896268349420763
8,biMaxInfgain,minmax,gaussian_noise,noImbl,DTmodel,first,0.35,0.1,42,2026-05-29 19:16:34,20260529-185745,log/stroke_prediction_v2/8/biMaxInfgain/minmax__gaussian_noise__noImbl/DTmodel,1780052279784_edb427c117800533940468680,0.9001956947162426,0.5368109507954125,0.5491358024691357,0.5413168593906753,0.914960763317992,0.9001956947162426,0.9073415122337872,0.9001956947162426,0.9001956947162426,0.9001956947162426,0.7774677852884202
8,biMaxInfgain,minmax,gaussian_noise,noImbl,DTmodel,first,0.35,0.2,42,2026-05-29 19:16:54,20260529-185745,log/stroke_prediction_v2/8/biMaxInfgain/minmax__gaussian_noise__noImbl/DTmodel,1780052279784_edb427c117800534146078122,0.913894324853229,0.5654600085849191,0.5753086419753086,0.5698653198653199,0.9200476902619408,0.9138943248532287,0.9169055196452456,0.913894324853229,0.913894324853229,0.913894324853229,0.794654989950093
8,biMaxInfgain,minmax,gaussian_noise,noImbl,DTmodel,first,0.5,0.1,42,2026-05-29 19:16:39,20260529-185745,log/stroke_prediction_v2/8/biMaxInfgain/minmax__gaussian_noise__noImbl/DTmodel,1780052279784_edb427c117800533993427106,0.923679060665362,0.5957969865186359,0.5994238683127572,0.597564669534137,0.9251077407270036,0.923679060665362,0.9243880049939082,0.923679060665362,0.923679060665362,0.923679060665362,0.8097973850011909
8,biMaxInfgain,minmax,gaussian_noise,noImbl,DTmodel,first,0.5,0.2,42,2026-05-29 19:17:01,20260529-185745,log/stroke_prediction_v2/8/biMaxInfgain/minmax__gaussian_noise__noImbl/DTmodel,1780052279784_edb427c117800534214653428,0.9187866927592956,0.5441487546912316,0.5399382716049383,0.5418649239826092,0.9147669723937584,0.9187866927592956,0.9167536735102304,0.9187866927592956,0.9187866927592956,0.9187866927592956,0.7861928665966367
8,biMaxInfgain,minmax,gaussian_noise,noImbl,DTmodel,last,0.25,0.1,42,2026-05-29 19:17:08,20260529-185745,log/stroke_prediction_v2/8/biMaxInfgain/gaussian_noise__noImbl__minmax/DTmodel,1780052279784_edb427c117800534286257439,0.913894324853229,0.552379859198041,0.5563374485596708,0.5542426645519429,0.9170585652528368,0.913894324853229,0.9154614344841714,0.913894324853229,0.913894324853229,0.913894324853229,0.7885909320977633
8,biMaxInfgain,minmax,gaussian_noise,noImbl,DTmodel,last,0.25,0.2,42,2026-05-29 19:17:37,20260529-185745,log/stroke_prediction_v2/8/biMaxInfgain/gaussian_noise__noImbl__minmax/DTmodel,1780052279784_edb427c117800534571038429,0.9099804305283756,0.5710346139216432,0.5922222222222222,0.5795893547002431,0.9221672464063708,0.9099804305283756,0.9158151515143028,0.9099804305283756,0.9099804305283756,0.9099804305283756,0.7968452563985557
8,biMaxInfgain,minmax,gaussian_noise,noImbl,DTmodel,last,0.3,0.1,42,2026-05-29 19:17:15,20260529-185745,log/stroke_prediction_v2/8/biMaxInfgain/gaussian_noise__noImbl__minmax/DTmodel,1780052279784_edb427c117800534359381669,0.9041095890410958,0.5405793319415448,0.5511934156378601,0.5447868375602218,0.915495324162782,0.9041095890410958,0.9096498076762636,0.9041095890410958,0.9041095890410958,0.9041095890410958,0.7805361395761297
8,biMaxInfgain,minmax,gaussian_noise,noImbl,DTmodel,last,0.3,0.2,42,2026-05-29 19:17:43,20260529-185745,log/stroke_prediction_v2/8/biMaxInfgain/gaussian_noise__noImbl__minmax/DTmodel,1780052279784_edb427c117800534632238787,0.9031311154598826,0.5621707060063224,0.5886213991769547,0.5717931463541601,0.9210354291983116,0.9031311154598826,0.9116080601644784,0.9031311154598826,0.9031311154598826,0.9031311154598826,0.7909453805999076
8,biMaxInfgain,minmax,gaussian_noise,noImbl,DTmodel,last,0.35,0.1,42,2026-05-29 19:17:23,20260529-185745,log/stroke_prediction_v2/8/biMaxInfgain/gaussian_noise__noImbl__minmax/DTmodel,1780052279784_edb427c117800534431925179,0.9178082191780822,0.5241496598639456,0.5204526748971194,0.5219618674269422,0.9110933610234702,0.9178082191780824,0.9144030892705454,0.9178082191780822,0.9178082191780822,0.9178082191780822,0.7781476007543094
8,biMaxInfgain,minmax,gaussian_noise,noImbl,DTmodel,last,0.35,0.2,42,2026-05-29 19:17:49,20260529-185745,log/stroke_prediction_v2/8/biMaxInfgain/gaussian_noise__noImbl__minmax/DTmodel,1780052279784_edb427c117800534695406127,0.926614481409002,0.5373502466525721,0.525082304526749,0.5290698746029504,0.912770355905112,0.926614481409002,0.9194171882080406,0.926614481409002,0.926614481409002,0.926614481409002,0.7854391426936927
8,biMaxInfgain,minmax,gaussian_noise,noImbl,DTmodel,last,0.5,0.1,42,2026-05-29 19:17:30,20260529-185745,log/stroke_prediction_v2/8/biMaxInfgain/gaussian_noise__noImbl__minmax/DTmodel,1780052279784_edb427c117800534504316788,0.9119373776908024,0.5350118953211737,0.5363374485596708,0.5356515417701581,0.9135797545202996,0.9119373776908024,0.9127553903775864,0.9119373776908024,0.9119373776908024,0.9119373776908022,0.7805289007385968
8,biMaxInfgain,minmax,gaussian_noise,noImbl,DTmodel,last,0.5,0.2,42,2026-05-29 19:17:56,20260529-185745,log/stroke_prediction_v2/8/biMaxInfgain/gaussian_noise__noImbl__minmax/DTmodel,1780052279784_edb427c117800534761861193,0.9246575342465754,0.5715727961612467,0.5619958847736626,0.5662880353609673,0.9193763522666668,0.9246575342465756,0.9219572258588472,0.9246575342465754,0.9246575342465754,0.9246575342465754,0.7983943062017598
8,biMaxInfgain,minmax,gaussian_noise,noImbl,GradientBoosting,first,0.25,0.1,42,2026-05-29 19:16:25,20260529-185745,log/stroke_prediction_v2/8/biMaxInfgain/minmax__gaussian_noise__noImbl/GradientBoosting,1780052279784_edb427c117800533850711275,0.9354207436399216,0.6037878787878788,0.5676543209876543,0.5807414037443127,0.9229585483010142,0.9354207436399216,0.9286290115993676,0.9354207436399216,0.9354207436399216,0.9354207436399216,0.8100139345651751
8,biMaxInfgain,minmax,gaussian_noise,noImbl,GradientBoosting,first,0.25,0.2,42,2026-05-29 19:16:45,20260529-185745,log/stroke_prediction_v2/8/biMaxInfgain/minmax__gaussian_noise__noImbl/GradientBoosting,1780052279784_edb427c117800534058896934,0.9363992172211352,0.5990380942459284,0.5586831275720165,0.5720681547331464,0.9217009110334186,0.9363992172211352,0.928285800134976,0.9363992172211352,0.9363992172211352,0.9363992172211352,0.8075549934038085
8,biMaxInfgain,minmax,gaussian_noise,noImbl,GradientBoosting,first,0.3,0.1,42,2026-05-29 19:16:30,20260529-185745,log/stroke_prediction_v2/8/biMaxInfgain/minmax__gaussian_noise__noImbl/GradientBoosting,1780052279784_edb427c117800533902975858,0.9412915851272016,0.5882027445772466,0.5327983539094651,0.5436413431769469,0.9183730396959672,0.9412915851272016,0.9279532122315955,0.9412915851272016,0.9412915851272016,0.9412915851272016,0.8011932311804297
8,biMaxInfgain,minmax,gaussian_noise,noImbl,GradientBoosting,first,0.3,0.2,42,2026-05-29 19:16:50,20260529-185745,log/stroke_prediction_v2/8/biMaxInfgain/minmax__gaussian_noise__noImbl/GradientBoosting,1780052279784_edb427c117800534108401126,0.9363992172211352,0.547952047952048,0.5207407407407408,0.5257811440360357,0.9134094867950054,0.9363992172211352,0.9238777407517682,0.9363992172211352,0.9363992172211352,0.9363992172211352,0.790218747155404
8,biMaxInfgain,minmax,gaussian_noise,noImbl,GradientBoosting,first,0.35,0.1,42,2026-05-29 19:16:35,20260529-185745,log/stroke_prediction_v2/8/biMaxInfgain/minmax__gaussian_noise__noImbl/GradientBoosting,1780052279784_edb427c117800533956954876,0.9471624266144814,0.665631212723658,0.5548559670781893,0.5772589392407391,0.9278249290947076,0.9471624266144814,0.9340068632560012,0.9471624266144814,0.9471624266144814,0.9471624266144814,0.8203860519099588
8,biMaxInfgain,minmax,gaussian_noise,noImbl,GradientBoosting,first,0.35,0.2,42,2026-05-29 19:16:57,20260529-185745,log/stroke_prediction_v2/8/biMaxInfgain/minmax__gaussian_noise__noImbl/GradientBoosting,1780052279784_edb427c117800534170250314,0.9422700587084148,0.5531371502630175,0.5143415637860081,0.5168545627909585,0.9133585775588574,0.9422700587084148,0.925856739262173,0.9422700587084148,0.9422700587084148,0.9422700587084148,0.7913984479521237
8,biMaxInfgain,minmax,gaussian_noise,noImbl,GradientBoosting,first,0.5,0.1,42,2026-05-29 19:16:40,20260529-185745,log/stroke_prediction_v2/8/biMaxInfgain/minmax__gaussian_noise__noImbl/GradientBoosting,1780052279784_edb427c117800534009858501,0.943248532289628,0.47534516765286,0.4958847736625514,0.48539778449144,0.9041790664551466,0.943248532289628,0.9233006781324457,0.943248532289628,0.943248532289628,0.943248532289628,0.7761450830864897
8,biMaxInfgain,minmax,gaussian_noise,noImbl,GradientBoosting,first,0.5,0.2,42,2026-05-29 19:17:03,20260529-185745,log/stroke_prediction_v2/8/biMaxInfgain/minmax__gaussian_noise__noImbl/GradientBoosting,1780052279784_edb427c117800534236256672,0.9393346379647748,0.5386431411530814,0.512798353909465,0.5146306339430707,0.9118123937393252,0.9393346379647748,0.92423010225689,0.9393346379647748,0.9393346379647748,0.9393346379647748,0.7878883544960911
8,biMaxInfgain,minmax,gaussian_noise,noImbl,GradientBoosting,last,0.25,0.1,42,2026-05-29 19:17:10,20260529-185745,log/stroke_prediction_v2/8/biMaxInfgain/gaussian_noise__noImbl__minmax/GradientBoosting,1780052279784_edb427c117800534308410233,0.9412915851272016,0.6143636363636363,0.5517695473251027,0.5681203515889113,0.9225717843800036,0.9412915851272016,0.9302928540334412,0.9412915851272016,0.9412915851272016,0.9412915851272016,0.8101491117011077
8,biMaxInfgain,minmax,gaussian_noise,noImbl,GradientBoosting,last,0.25,0.2,42,2026-05-29 19:17:39,20260529-185745,log/stroke_prediction_v2/8/biMaxInfgain/gaussian_noise__noImbl__minmax/GradientBoosting,1780052279784_edb427c117800534593275611,0.9373776908023485,0.6268159085496546,0.5876543209876544,0.6027210884353742,0.9269605241020484,0.9373776908023485,0.9316692626169844,0.9373776908023485,0.9373776908023485,0.9373776908023485,0.8192527043427286
8,biMaxInfgain,minmax,gaussian_noise,noImbl,GradientBoosting,last,0.3,0.1,42,2026-05-29 19:17:18,20260529-185745,log/stroke_prediction_v2/8/biMaxInfgain/gaussian_noise__noImbl__minmax/GradientBoosting,1780052279784_edb427c117800534381377422,0.9471624266144814,0.665631212723658,0.5548559670781893,0.5772589392407391,0.9278249290947076,0.9471624266144814,0.9340068632560012,0.9471624266144814,0.9471624266144814,0.9471624266144814,0.8203860519099588
8,biMaxInfgain,minmax,gaussian_noise,noImbl,GradientBoosting,last,0.3,0.2,42,2026-05-29 19:17:45,20260529-185745,log/stroke_prediction_v2/8/biMaxInfgain/gaussian_noise__noImbl__minmax/GradientBoosting,1780052279784_edb427c117800534653342710,0.952054794520548,0.7443078724026924,0.5858847736625514,0.6219358442989906,0.9381769636908126,0.952054794520548,0.9406475428374994,0.952054794520548,0.952054794520548,0.952054794520548,0.8420463868542981
8,biMaxInfgain,minmax,gaussian_noise,noImbl,GradientBoosting,last,0.35,0.1,42,2026-05-29 19:17:25,20260529-185745,log/stroke_prediction_v2/8/biMaxInfgain/gaussian_noise__noImbl__minmax/GradientBoosting,1780052279784_edb427c117800534453252639,0.9452054794520548,0.6200396825396826,0.5348559670781893,0.5483585858585859,0.9216522225328488,0.9452054794520548,0.9302926525529264,0.9452054794520548,0.9452054794520548,0.9452054794520548,0.8075346647576206
8,biMaxInfgain,minmax,gaussian_noise,noImbl,GradientBoosting,last,0.35,0.2,42,2026-05-29 19:17:51,20260529-185745,log/stroke_prediction_v2/8/biMaxInfgain/gaussian_noise__noImbl__minmax/GradientBoosting,1780052279784_edb427c117800534717201492,0.9393346379647748,0.6029559118236472,0.5507407407407408,0.565345040471944,0.9213760201420452,0.939334637964775,0.9290775392993598,0.9393346379647748,0.9393346379647748,0.9393346379647748,0.8074045094222487
8,biMaxInfgain,minmax,gaussian_noise,noImbl,GradientBoosting,last,0.5,0.1,42,2026-05-29 19:17:32,20260529-185745,log/stroke_prediction_v2/8/biMaxInfgain/gaussian_noise__noImbl__minmax/GradientBoosting,1780052279784_edb427c117800534525810363,0.9510763209393346,0.7264243614931238,0.5189711934156378,0.5244742229666852,0.9306936973998362,0.9510763209393344,0.9308039071927005,0.9510763209393346,0.9510763209393346,0.9510763209393346,0.8163311731305013
8,biMaxInfgain,minmax,gaussian_noise,noImbl,GradientBoosting,last,0.5,0.2,42,2026-05-29 19:17:58,20260529-185745,log/stroke_prediction_v2/8/biMaxInfgain/gaussian_noise__noImbl__minmax/GradientBoosting,1780052279784_edb427c117800534783930114,0.949119373776908,0.6009332023575638,0.5084567901234568,0.5054531918853528,0.9175285179873816,0.949119373776908,0.9280360634804086,0.949119373776908,0.949119373776908,0.949119373776908,0.7973629888624674
8,biMaxInfgain,minmax,gaussian_noise,noImbl,LogisticRegression,first,0.25,0.1,42,2026-05-29 19:16:23,20260529-185745,log/stroke_prediction_v2/8/biMaxInfgain/minmax__gaussian_noise__noImbl/LogisticRegression,1780052279784_edb427c117800533835637041,0.9452054794520548,0.6447543160690571,0.5538271604938272,0.574065253631817,0.9257035783805416,0.9452054794520548,0.932756331416156,0.9452054794520548,0.9452054794520548,0.9452054794520548,0.8165339350323603
8,biMaxInfgain,minmax,gaussian_noise,noImbl,LogisticRegression,first,0.25,0.2,42,2026-05-29 19:16:44,20260529-185745,log/stroke_prediction_v2/8/biMaxInfgain/minmax__gaussian_noise__noImbl/LogisticRegression,1780052279784_edb427c117800534044243300,0.9510763209393346,0.7268700787401574,0.5284567901234568,0.5409959758551308,0.9315415196388122,0.9510763209393346,0.9323977130887084,0.9510763209393346,0.9510763209393346,0.9510763209393346,0.8201264205675524
8,biMaxInfgain,minmax,gaussian_noise,noImbl,LogisticRegression,first,0.3,0.1,42,2026-05-29 19:16:28,20260529-185745,log/stroke_prediction_v2/8/biMaxInfgain/minmax__gaussian_noise__noImbl/LogisticRegression,1780052279784_edb427c117800533887905475,0.9510763209393346,0.7264243614931238,0.5189711934156378,0.5244742229666852,0.9306936973998362,0.9510763209393344,0.9308039071927005,0.9510763209393346,0.9510763209393346,0.9510763209393346,0.8163311731305013
8,biMaxInfgain,minmax,gaussian_noise,noImbl,LogisticRegression,first,0.3,0.2,42,2026-05-29 19:16:49,20260529-185745,log/stroke_prediction_v2/8/biMaxInfgain/minmax__gaussian_noise__noImbl/LogisticRegression,1780052279784_edb427c117800534093474833,0.9510763209393346,0.7259803921568627,0.509485596707819,0.5066805684275564,0.929849199953954,0.9510763209393348,0.9290856032892674,0.9510763209393346,0.9510763209393346,0.9510763209393346,0.8123269730151209
8,biMaxInfgain,minmax,gaussian_noise,noImbl,LogisticRegression,first,0.35,0.1,42,2026-05-29 19:16:34,20260529-185745,log/stroke_prediction_v2/8/biMaxInfgain/minmax__gaussian_noise__noImbl/LogisticRegression,1780052279784_edb427c117800533941913381,0.949119373776908,0.4754901960784314,0.4989711934156378,0.4869477911646586,0.9044549326579948,0.949119373776908,0.926249027420838,0.949119373776908,0.949119373776908,0.949119373776908,0.7795189045137939
8,biMaxInfgain,minmax,gaussian_noise,noImbl,LogisticRegression,first,0.35,0.2,42,2026-05-29 19:16:54,20260529-185745,log/stroke_prediction_v2/8/biMaxInfgain/minmax__gaussian_noise__noImbl/LogisticRegression,1780052279784_edb427c117800534148412435,0.952054794520548,0.976003917727718,0.51,0.5073148175476915,0.9543557887110408,0.952054794520548,0.9296116854869024,0.952054794520548,0.952054794520548,0.952054794520548,0.840396863907284
8,biMaxInfgain,minmax,gaussian_noise,noImbl,LogisticRegression,first,0.5,0.1,42,2026-05-29 19:16:39,20260529-185745,log/stroke_prediction_v2/8/biMaxInfgain/minmax__gaussian_noise__noImbl/LogisticRegression,1780052279784_edb427c117800533994832715,0.9510763209393346,0.4755381604696673,0.5,0.4874623871614844,0.9045461682515002,0.9510763209393346,0.9272278675557002,0.9510763209393346,0.9510763209393346,0.9510763209393346,0.7806424994554282
8,biMaxInfgain,minmax,gaussian_noise,noImbl,LogisticRegression,first,0.5,0.2,42,2026-05-29 19:17:01,20260529-185745,log/stroke_prediction_v2/8/biMaxInfgain/minmax__gaussian_noise__noImbl/LogisticRegression,1780052279784_edb427c117800534216806645,0.9510763209393346,0.4755381604696673,0.5,0.4874623871614844,0.9045461682515002,0.9510763209393346,0.9272278675557002,0.9510763209393346,0.9510763209393346,0.9510763209393346,0.7806424994554282
8,biMaxInfgain,minmax,gaussian_noise,noImbl,LogisticRegression,last,0.25,0.1,42,2026-05-29 19:17:08,20260529-185745,log/stroke_prediction_v2/8/biMaxInfgain/gaussian_noise__noImbl__minmax/LogisticRegression,1780052279784_edb427c117800534288442496,0.9530332681017613,0.7782608695652173,0.5579423868312758,0.5879032258064516,0.9390793839870673,0.9530332681017614,0.937851145761,0.9530332681017613,0.9530332681017613,0.9530332681017613,0.8376047270141781
8,biMaxInfgain,minmax,gaussian_noise,noImbl,LogisticRegression,last,0.25,0.2,42,2026-05-29 19:17:37,20260529-185745,log/stroke_prediction_v2/8/biMaxInfgain/gaussian_noise__noImbl__minmax/LogisticRegression,1780052279784_edb427c117800534573142826,0.949119373776908,0.6860561056105611,0.5463991769547325,0.5675270987272549,0.9290864996480078,0.949119373776908,0.9340146795561926,0.949119373776908,0.949119373776908,0.949119373776908,0.8210331944746102
8,biMaxInfgain,minmax,gaussian_noise,noImbl,LogisticRegression,last,0.3,0.1,42,2026-05-29 19:17:16,20260529-185745,log/stroke_prediction_v2/8/biMaxInfgain/gaussian_noise__noImbl__minmax/LogisticRegression,1780052279784_edb427c117800534361536581,0.9530332681017613,0.8106955380577427,0.5389711934156378,0.5593561368209254,0.9406315648900052,0.9530332681017613,0.93510180456516,0.9530332681017613,0.9530332681017613,0.9530332681017613,0.8344118280849556
8,biMaxInfgain,minmax,gaussian_noise,noImbl,LogisticRegression,last,0.3,0.2,42,2026-05-29 19:17:43,20260529-185745,log/stroke_prediction_v2/8/biMaxInfgain/gaussian_noise__noImbl__minmax/LogisticRegression,1780052279784_edb427c117800534634261367,0.952054794520548,0.7768928220255653,0.5289711934156378,0.5422277069335892,0.9364771487453024,0.952054794520548,0.9329832134022304,0.952054794520548,0.952054794520548,0.952054794520548,0.8263376722772425
8,biMaxInfgain,minmax,gaussian_noise,noImbl,LogisticRegression,last,0.35,0.1,42,2026-05-29 19:17:23,20260529-185745,log/stroke_prediction_v2/8/biMaxInfgain/gaussian_noise__noImbl__minmax/LogisticRegression,1780052279784_edb427c117800534434034623,0.949119373776908,0.4754901960784314,0.4989711934156378,0.4869477911646586,0.9044549326579948,0.949119373776908,0.926249027420838,0.949119373776908,0.949119373776908,0.949119373776908,0.7795189045137939
8,biMaxInfgain,minmax,gaussian_noise,noImbl,LogisticRegression,last,0.35,0.2,42,2026-05-29 19:17:49,20260529-185745,log/stroke_prediction_v2/8/biMaxInfgain/gaussian_noise__noImbl__minmax/LogisticRegression,1780052279784_edb427c117800534697379864,0.9500978473581212,0.4755142017629775,0.499485596707819,0.4872052182639237,0.9045005951342742,0.9500978473581214,0.9267386930577962,0.9500978473581212,0.9500978473581212,0.9500978473581212,0.7800807650020133
8,biMaxInfgain,minmax,gaussian_noise,noImbl,LogisticRegression,last,0.5,0.1,42,2026-05-29 19:17:30,20260529-185745,log/stroke_prediction_v2/8/biMaxInfgain/gaussian_noise__noImbl__minmax/LogisticRegression,1780052279784_edb427c117800534506292219,0.9510763209393346,0.4755381604696673,0.5,0.4874623871614844,0.9045461682515002,0.9510763209393346,0.9272278675557002,0.9510763209393346,0.9510763209393346,0.9510763209393346,0.7806424994554282
8,biMaxInfgain,minmax,gaussian_noise,noImbl,LogisticRegression,last,0.5,0.2,42,2026-05-29 19:17:56,20260529-185745,log/stroke_prediction_v2/8/biMaxInfgain/gaussian_noise__noImbl__minmax/LogisticRegression,1780052279784_edb427c117800534764035524,0.9510763209393346,0.4755381604696673,0.5,0.4874623871614844,0.9045461682515002,0.9510763209393346,0.9272278675557002,0.9510763209393346,0.9510763209393346,0.9510763209393346,0.7806424994554282
8,biMaxInfgain,minmax,gaussian_noise,noImbl,XGBmodel,first,0.25,0.1,42,2026-05-29 19:16:23,20260529-185745,log/stroke_prediction_v2/8/biMaxInfgain/minmax__gaussian_noise__noImbl/XGBmodel,1780052279784_edb427c117800533832624009,0.9373776908023485,0.5932962619709607,0.5497119341563785,0.5626872058194266,0.9203509809220324,0.9373776908023485,0.9278718011199064,0.9373776908023485,0.9373776908023485,0.9373776908023485,0.8048708450667762
8,biMaxInfgain,minmax,gaussian_noise,noImbl,XGBmodel,first,0.25,0.2,42,2026-05-29 19:16:44,20260529-185745,log/stroke_prediction_v2/8/biMaxInfgain/minmax__gaussian_noise__noImbl/XGBmodel,1780052279784_edb427c117800534041276447,0.943248532289628,0.6375909090909091,0.5622839506172841,0.582516339869281,0.9257466642946094,0.9432485322896282,0.93261642556566,0.943248532289628,0.943248532289628,0.943248532289628,0.8171314801313726
8,biMaxInfgain,minmax,gaussian_noise,noImbl,XGBmodel,first,0.3,0.1,42,2026-05-29 19:16:28,20260529-185745,log/stroke_prediction_v2/8/biMaxInfgain/minmax__gaussian_noise__noImbl/XGBmodel,1780052279784_edb427c117800533884922338,0.943248532289628,0.6021371769383699,0.5338271604938272,0.5459447865919048,0.9198186614170166,0.943248532289628,0.9291184827564454,0.943248532289628,0.943248532289628,0.943248532289628,0.8041372032030251
8,biMaxInfgain,minmax,gaussian_noise,noImbl,XGBmodel,first,0.3,0.2,42,2026-05-29 19:16:49,20260529-185745,log/stroke_prediction_v2/8/biMaxInfgain/minmax__gaussian_noise__noImbl/XGBmodel,1780052279784_edb427c117800534090537252,0.9442270058708416,0.6104932141674941,0.5343415637860082,0.5471372488047577,0.9206772423433875,0.9442270058708414,0.9297043919760528,0.9442270058708416,0.9442270058708416,0.9442270058708416,0.805768250495147
8,biMaxInfgain,minmax,gaussian_noise,noImbl,XGBmodel,first,0.35,0.1,42,2026-05-29 19:16:33,20260529-185745,log/stroke_prediction_v2/8/biMaxInfgain/minmax__gaussian_noise__noImbl/XGBmodel,1780052279784_edb427c117800533938902772,0.9510763209393346,0.7273175542406312,0.5379423868312758,0.5563774004236552,0.9323926863442143,0.9510763209393348,0.9338798949417636,0.9510763209393346,0.9510763209393346,0.9510763209393346,0.8237343854221587
8,biMaxInfgain,minmax,gaussian_noise,noImbl,XGBmodel,first,0.35,0.2,42,2026-05-29 19:16:54,20260529-185745,log/stroke_prediction_v2/8/biMaxInfgain/minmax__gaussian_noise__noImbl/XGBmodel,1780052279784_edb427c117800534142427776,0.9471624266144814,0.6013313609467457,0.5169135802469136,0.5208875924575477,0.9182858763996804,0.9471624266144816,0.9285902865371046,0.9471624266144814,0.9471624266144814,0.9471624266144814,0.7999397342543241
8,biMaxInfgain,minmax,gaussian_noise,noImbl,XGBmodel,first,0.5,0.1,42,2026-05-29 19:16:39,20260529-185745,log/stroke_prediction_v2/8/biMaxInfgain/minmax__gaussian_noise__noImbl/XGBmodel,1780052279784_edb427c117800533991906123,0.9510763209393346,0.7264243614931238,0.5189711934156378,0.5244742229666852,0.9306936973998362,0.9510763209393344,0.9308039071927005,0.9510763209393346,0.9510763209393346,0.9510763209393346,0.8163311731305013
8,biMaxInfgain,minmax,gaussian_noise,noImbl,XGBmodel,first,0.5,0.2,42,2026-05-29 19:17:01,20260529-185745,log/stroke_prediction_v2/8/biMaxInfgain/minmax__gaussian_noise__noImbl/XGBmodel,1780052279784_edb427c117800534212552332,0.9500978473581212,0.6426234870788354,0.5089711934156378,0.5060602901737061,0.9216504163874,0.9500978473581212,0.9285604219838514,0.9500978473581212,0.9500978473581212,0.9500978473581212,0.8025567554550692
8,biMaxInfgain,minmax,gaussian_noise,noImbl,XGBmodel,last,0.25,0.1,42,2026-05-29 19:17:08,20260529-185745,log/stroke_prediction_v2/8/biMaxInfgain/gaussian_noise__noImbl__minmax/XGBmodel,1780052279784_edb427c117800534283992140,0.943248532289628,0.64562458249833,0.5717695473251028,0.5933872959253669,0.9273589579681214,0.943248532289628,0.9336531819252074,0.943248532289628,0.943248532289628,0.943248532289628,0.8208307933725927
8,biMaxInfgain,minmax,gaussian_noise,noImbl,XGBmodel,last,0.25,0.2,42,2026-05-29 19:17:36,20260529-185745,log/stroke_prediction_v2/8/biMaxInfgain/gaussian_noise__noImbl__minmax/XGBmodel,1780052279784_edb427c117800534568609119,0.9403131115459884,0.6469497809234916,0.5986831275720165,0.6169768313437329,0.9298796876535562,0.9403131115459884,0.9344593130758728,0.9403131115459884,0.9403131115459884,0.9403131115459884,0.8263919258962424
8,biMaxInfgain,minmax,gaussian_noise,noImbl,XGBmodel,last,0.3,0.1,42,2026-05-29 19:17:15,20260529-185745,log/stroke_prediction_v2/8/biMaxInfgain/gaussian_noise__noImbl__minmax/XGBmodel,1780052279784_edb427c117800534357070698,0.9452054794520548,0.6447543160690571,0.5538271604938272,0.574065253631817,0.9257035783805416,0.9452054794520548,0.932756331416156,0.9452054794520548,0.9452054794520548,0.9452054794520548,0.8165339350323603
8,biMaxInfgain,minmax,gaussian_noise,noImbl,XGBmodel,last,0.3,0.2,42,2026-05-29 19:17:43,20260529-185745,log/stroke_prediction_v2/8/biMaxInfgain/gaussian_noise__noImbl__minmax/XGBmodel,1780052279784_edb427c117800534630315433,0.946183953033268,0.6443230718305196,0.5448559670781893,0.5630271698993276,0.9248832860129128,0.946183953033268,0.9321709045382964,0.946183953033268,0.946183953033268,0.946183953033268,0.8141595248711129
8,biMaxInfgain,minmax,gaussian_noise,noImbl,XGBmodel,last,0.35,0.1,42,2026-05-29 19:17:22,20260529-185745,log/stroke_prediction_v2/8/biMaxInfgain/gaussian_noise__noImbl__minmax/XGBmodel,1780052279784_edb427c117800534429751155,0.9530332681017613,0.8106955380577427,0.5389711934156378,0.5593561368209254,0.9406315648900052,0.9530332681017613,0.93510180456516,0.9530332681017613,0.9530332681017613,0.9530332681017613,0.8344118280849556
8,biMaxInfgain,minmax,gaussian_noise,noImbl,XGBmodel,last,0.35,0.2,42,2026-05-29 19:17:49,20260529-185745,log/stroke_prediction_v2/8/biMaxInfgain/gaussian_noise__noImbl__minmax/XGBmodel,1780052279784_edb427c117800534693249006,0.9452054794520548,0.5762845849802372,0.5158847736625514,0.5192204301075269,0.9157507174183768,0.9452054794520548,0.9274930033878336,0.9452054794520548,0.9452054794520548,0.9452054794520548,0.7958812144112423
8,biMaxInfgain,minmax,gaussian_noise,noImbl,XGBmodel,last,0.5,0.1,42,2026-05-29 19:17:30,20260529-185745,log/stroke_prediction_v2/8/biMaxInfgain/gaussian_noise__noImbl__minmax/XGBmodel,1780052279784_edb427c117800534502191125,0.9510763209393346,0.4755381604696673,0.5,0.4874623871614844,0.9045461682515002,0.9510763209393346,0.9272278675557002,0.9510763209393346,0.9510763209393346,0.9510763209393346,0.7806424994554282
8,biMaxInfgain,minmax,gaussian_noise,noImbl,XGBmodel,last,0.5,0.2,42,2026-05-29 19:17:55,20260529-185745,log/stroke_prediction_v2/8/biMaxInfgain/gaussian_noise__noImbl__minmax/XGBmodel,1780052279784_edb427c117800534759701851,0.9500978473581212,0.6426234870788354,0.5089711934156378,0.5060602901737061,0.9216504163874,0.9500978473581212,0.9285604219838514,0.9500978473581212,0.9500978473581212,0.9500978473581212,0.8025567554550692
8,biMaxInfgain,minmax,gaussian_noise,noImbl,random_forest,first,0.25,0.1,42,2026-05-29 19:16:23,20260529-185745,log/stroke_prediction_v2/8/biMaxInfgain/minmax__gaussian_noise__noImbl/random_forest,1780052279784_edb427c117800533831246131,0.9080234833659492,0.5572481732776617,0.5722222222222222,0.5633669666393964,0.9190097346886248,0.9080234833659492,0.9133375706282528,0.9080234833659492,0.9080234833659492,0.9080234833659492,0.7895630869553777
8,biMaxInfgain,minmax,gaussian_noise,noImbl,random_forest,first,0.25,0.2,42,2026-05-29 19:16:43,20260529-185745,log/stroke_prediction_v2/8/biMaxInfgain/minmax__gaussian_noise__noImbl/random_forest,1780052279784_edb427c117800534039864625,0.9197651663405088,0.5928780941479468,0.6068518518518518,0.5991926844199571,0.92553800646753,0.9197651663405086,0.9225710523967064,0.9197651663405088,0.9197651663405088,0.9197651663405088,0.8086974223054356
8,biMaxInfgain,minmax,gaussian_noise,noImbl,random_forest,first,0.3,0.1,42,2026-05-29 19:16:28,20260529-185745,log/stroke_prediction_v2/8/biMaxInfgain/minmax__gaussian_noise__noImbl/random_forest,1780052279784_edb427c117800533883518375,0.9217221135029354,0.5489795918367346,0.5414814814814815,0.5447255880256592,0.9153640321099084,0.9217221135029352,0.9184791326386146,0.9217221135029354,0.9217221135029354,0.9217221135029354,0.7887520640436275
8,biMaxInfgain,minmax,gaussian_noise,noImbl,random_forest,first,0.3,0.2,42,2026-05-29 19:16:48,20260529-185745,log/stroke_prediction_v2/8/biMaxInfgain/minmax__gaussian_noise__noImbl/random_forest,1780052279784_edb427c117800534089125536,0.9275929549902152,0.5862244897959183,0.5730246913580246,0.5788711689237349,0.9217700387395662,0.9275929549902152,0.9245931976907188,0.9275929549902152,0.9275929549902152,0.9275929549902152,0.804658758977605
8,biMaxInfgain,minmax,gaussian_noise,noImbl,random_forest,first,0.35,0.1,42,2026-05-29 19:16:33,20260529-185745,log/stroke_prediction_v2/8/biMaxInfgain/minmax__gaussian_noise__noImbl/random_forest,1780052279784_edb427c117800533937516107,0.9354207436399216,0.5850100603621731,0.5486831275720165,0.5601377259566476,0.9194600085837924,0.9354207436399216,0.9266747411091676,0.9354207436399216,0.9354207436399216,0.9354207436399216,0.8025054871676389
8,biMaxInfgain,minmax,gaussian_noise,noImbl,random_forest,first,0.35,0.2,42,2026-05-29 19:16:54,20260529-185745,log/stroke_prediction_v2/8/biMaxInfgain/minmax__gaussian_noise__noImbl/random_forest,1780052279784_edb427c117800534140331841,0.9383561643835616,0.6312927045990747,0.5881687242798354,0.6044186946664781,0.9274354974037788,0.9383561643835616,0.932310438094754,0.9383561643835616,0.9383561643835616,0.9383561643835616,0.8205415282958782
8,biMaxInfgain,minmax,gaussian_noise,noImbl,random_forest,first,0.5,0.1,42,2026-05-29 19:16:39,20260529-185745,log/stroke_prediction_v2/8/biMaxInfgain/minmax__gaussian_noise__noImbl/random_forest,1780052279784_edb427c117800533990538440,0.9510763209393346,0.7273175542406312,0.5379423868312758,0.5563774004236552,0.9323926863442143,0.9510763209393348,0.9338798949417636,0.9510763209393346,0.9510763209393346,0.9510763209393346,0.8237343854221587
8,biMaxInfgain,minmax,gaussian_noise,noImbl,random_forest,first,0.5,0.2,42,2026-05-29 19:17:01,20260529-185745,log/stroke_prediction_v2/8/biMaxInfgain/minmax__gaussian_noise__noImbl/random_forest,1780052279784_edb427c117800534210466599,0.952054794520548,0.7768928220255653,0.5289711934156378,0.5422277069335892,0.9364771487453024,0.952054794520548,0.9329832134022304,0.952054794520548,0.952054794520548,0.952054794520548,0.8263376722772425
8,biMaxInfgain,minmax,gaussian_noise,noImbl,random_forest,last,0.25,0.1,42,2026-05-29 19:17:08,20260529-185745,log/stroke_prediction_v2/8/biMaxInfgain/gaussian_noise__noImbl__minmax/random_forest,1780052279784_edb427c117800534281871262,0.9119373776908024,0.5350118953211737,0.5363374485596708,0.5356515417701581,0.9135797545202996,0.9119373776908024,0.9127553903775864,0.9119373776908024,0.9119373776908024,0.9119373776908022,0.7805289007385968
8,biMaxInfgain,minmax,gaussian_noise,noImbl,random_forest,last,0.25,0.2,42,2026-05-29 19:17:36,20260529-185745,log/stroke_prediction_v2/8/biMaxInfgain/gaussian_noise__noImbl__minmax/random_forest,1780052279784_edb427c117800534566382379,0.9119373776908024,0.5840732519422863,0.6122222222222222,0.5952795818153017,0.9252591706106066,0.9119373776908024,0.918242510794518,0.9119373776908024,0.9119373776908024,0.9119373776908022,0.8039587294453052
8,biMaxInfgain,minmax,gaussian_noise,noImbl,random_forest,last,0.3,0.1,42,2026-05-29 19:17:15,20260529-185745,log/stroke_prediction_v2/8/biMaxInfgain/gaussian_noise__noImbl__minmax/random_forest,1780052279784_edb427c117800534354982537,0.9217221135029354,0.5654401282965074,0.5604526748971194,0.5627994524298425,0.9186573222323424,0.9217221135029356,0.9201716916408488,0.9217221135029354,0.9217221135029354,0.9217221135029354,0.7955895295543746
8,biMaxInfgain,minmax,gaussian_noise,noImbl,random_forest,last,0.3,0.2,42,2026-05-29 19:17:42,20260529-185745,log/stroke_prediction_v2/8/biMaxInfgain/gaussian_noise__noImbl__minmax/random_forest,1780052279784_edb427c117800534628051392,0.9256360078277888,0.6004526748971194,0.6004526748971194,0.6004526748971194,0.9256360078277888,0.9256360078277888,0.9256360078277888,0.9256360078277888,0.9256360078277888,0.9256360078277884,0.8118218413020541
8,biMaxInfgain,minmax,gaussian_noise,noImbl,random_forest,last,0.35,0.1,42,2026-05-29 19:17:22,20260529-185745,log/stroke_prediction_v2/8/biMaxInfgain/gaussian_noise__noImbl__minmax/random_forest,1780052279784_edb427c117800534427737867,0.9393346379647748,0.6217303822937625,0.5697119341563786,0.5867960455956387,0.9248681915366956,0.9393346379647748,0.9311186961934604,0.9393346379647748,0.9393346379647748,0.9393346379647748,0.8150521172529583
8,biMaxInfgain,minmax,gaussian_noise,noImbl,random_forest,last,0.35,0.2,42,2026-05-29 19:17:49,20260529-185745,log/stroke_prediction_v2/8/biMaxInfgain/gaussian_noise__noImbl__minmax/random_forest,1780052279784_edb427c117800534690865851,0.9393346379647748,0.6217303822937625,0.5697119341563786,0.5867960455956387,0.9248681915366956,0.9393346379647748,0.9311186961934604,0.9393346379647748,0.9393346379647748,0.9393346379647748,0.8150521172529583
8,biMaxInfgain,minmax,gaussian_noise,noImbl,random_forest,last,0.5,0.1,42,2026-05-29 19:17:29,20260529-185745,log/stroke_prediction_v2/8/biMaxInfgain/gaussian_noise__noImbl__minmax/random_forest,1780052279784_edb427c117800534499914624,0.949119373776908,0.6772727272727272,0.5369135802469136,0.5535618279569893,0.927415050702722,0.949119373776908,0.9326720745744168,0.949119373776908,0.949119373776908,0.949119373776908,0.8167429707127102
8,biMaxInfgain,minmax,gaussian_noise,noImbl,random_forest,last,0.5,0.2,42,2026-05-29 19:17:55,20260529-185745,log/stroke_prediction_v2/8/biMaxInfgain/gaussian_noise__noImbl__minmax/random_forest,1780052279784_edb427c117800534757636298,0.9540117416829744,0.8116156630470549,0.5584567901234567,0.5898561243222473,0.942381783069284,0.9540117416829744,0.9385077122834006,0.9540117416829744,0.9540117416829744,0.9540117416829744,0.8421046957880163
8,biMaxInfgain,minmax,gaussian_noise,noImbl,sklearn_SVM,first,0.25,0.1,42,2026-05-29 19:16:22,20260529-185745,log/stroke_prediction_v2/8/biMaxInfgain/minmax__gaussian_noise__noImbl/sklearn_SVM,1780052279784_edb427c117800533821096559,0.949119373776908,0.4754901960784314,0.4989711934156378,0.4869477911646586,0.9044549326579948,0.949119373776908,0.926249027420838,0.949119373776908,0.949119373776908,0.949119373776908,0.7795189045137939
8,biMaxInfgain,minmax,gaussian_noise,noImbl,sklearn_SVM,first,0.25,0.2,42,2026-05-29 19:16:42,20260529-185745,log/stroke_prediction_v2/8/biMaxInfgain/minmax__gaussian_noise__noImbl/sklearn_SVM,1780052279784_edb427c117800534029657641,0.949119373776908,0.6009332023575638,0.5084567901234568,0.5054531918853528,0.9175285179873816,0.949119373776908,0.9280360634804086,0.949119373776908,0.949119373776908,0.949119373776908,0.7973629888624674
8,biMaxInfgain,minmax,gaussian_noise,noImbl,sklearn_SVM,first,0.3,0.1,42,2026-05-29 19:16:27,20260529-185745,log/stroke_prediction_v2/8/biMaxInfgain/minmax__gaussian_noise__noImbl/sklearn_SVM,1780052279784_edb427c117800533873155996,0.949119373776908,0.4754901960784314,0.4989711934156378,0.4869477911646586,0.9044549326579948,0.949119373776908,0.926249027420838,0.949119373776908,0.949119373776908,0.949119373776908,0.7795189045137939
8,biMaxInfgain,minmax,gaussian_noise,noImbl,sklearn_SVM,first,0.3,0.2,42,2026-05-29 19:16:47,20260529-185745,log/stroke_prediction_v2/8/biMaxInfgain/minmax__gaussian_noise__noImbl/sklearn_SVM,1780052279784_edb427c117800534078553829,0.9500978473581212,0.4755142017629775,0.499485596707819,0.4872052182639237,0.9045005951342742,0.9500978473581214,0.9267386930577962,0.9500978473581212,0.9500978473581212,0.9500978473581212,0.7800807650020133
8,biMaxInfgain,minmax,gaussian_noise,noImbl,sklearn_SVM,first,0.35,0.1,42,2026-05-29 19:16:32,20260529-185745,log/stroke_prediction_v2/8/biMaxInfgain/minmax__gaussian_noise__noImbl/sklearn_SVM,1780052279784_edb427c117800533926626682,0.949119373776908,0.4754901960784314,0.4989711934156378,0.4869477911646586,0.9044549326579948,0.949119373776908,0.926249027420838,0.949119373776908,0.949119373776908,0.949119373776908,0.7795189045137939
8,biMaxInfgain,minmax,gaussian_noise,noImbl,sklearn_SVM,first,0.35,0.2,42,2026-05-29 19:16:52,20260529-185745,log/stroke_prediction_v2/8/biMaxInfgain/minmax__gaussian_noise__noImbl/sklearn_SVM,1780052279784_edb427c117800534128880066,0.949119373776908,0.4754901960784314,0.4989711934156378,0.4869477911646586,0.9044549326579948,0.949119373776908,0.926249027420838,0.949119373776908,0.949119373776908,0.949119373776908,0.7795189045137939
8,biMaxInfgain,minmax,gaussian_noise,noImbl,sklearn_SVM,first,0.5,0.1,42,2026-05-29 19:16:37,20260529-185745,log/stroke_prediction_v2/8/biMaxInfgain/minmax__gaussian_noise__noImbl/sklearn_SVM,1780052279784_edb427c117800533979719054,0.9510763209393346,0.7264243614931238,0.5189711934156378,0.5244742229666852,0.9306936973998362,0.9510763209393344,0.9308039071927005,0.9510763209393346,0.9510763209393346,0.9510763209393346,0.8163311731305013
8,biMaxInfgain,minmax,gaussian_noise,noImbl,sklearn_SVM,first,0.5,0.2,42,2026-05-29 19:16:59,20260529-185745,log/stroke_prediction_v2/8/biMaxInfgain/minmax__gaussian_noise__noImbl/sklearn_SVM,1780052279784_edb427c117800534196711166,0.9500978473581212,0.4755142017629775,0.499485596707819,0.4872052182639237,0.9045005951342742,0.9500978473581214,0.9267386930577962,0.9500978473581212,0.9500978473581212,0.9500978473581212,0.7800807650020133
8,biMaxInfgain,minmax,gaussian_noise,noImbl,sklearn_SVM,last,0.25,0.1,42,2026-05-29 19:17:06,20260529-185745,log/stroke_prediction_v2/8/biMaxInfgain/gaussian_noise__noImbl__minmax/sklearn_SVM,1780052279784_edb427c117800534267951880,0.9510763209393346,0.7264243614931238,0.5189711934156378,0.5244742229666852,0.9306936973998362,0.9510763209393344,0.9308039071927005,0.9510763209393346,0.9510763209393346,0.9510763209393346,0.8163311731305013
8,biMaxInfgain,minmax,gaussian_noise,noImbl,sklearn_SVM,last,0.25,0.2,42,2026-05-29 19:17:35,20260529-185745,log/stroke_prediction_v2/8/biMaxInfgain/gaussian_noise__noImbl__minmax/sklearn_SVM,1780052279784_edb427c117800534551455173,0.949119373776908,0.4754901960784314,0.4989711934156378,0.4869477911646586,0.9044549326579948,0.949119373776908,0.926249027420838,0.949119373776908,0.949119373776908,0.949119373776908,0.7795189045137939
8,biMaxInfgain,minmax,gaussian_noise,noImbl,sklearn_SVM,last,0.3,0.1,42,2026-05-29 19:17:14,20260529-185745,log/stroke_prediction_v2/8/biMaxInfgain/gaussian_noise__noImbl__minmax/sklearn_SVM,1780052279784_edb427c117800534340598905,0.949119373776908,0.6430446194225722,0.5179423868312758,0.5226358148893361,0.9224514743876192,0.949119373776908,0.9296936216122568,0.949119373776908,0.949119373776908,0.949119373776908,0.8058410130501487
8,biMaxInfgain,minmax,gaussian_noise,noImbl,sklearn_SVM,last,0.3,0.2,42,2026-05-29 19:17:41,20260529-185745,log/stroke_prediction_v2/8/biMaxInfgain/gaussian_noise__noImbl__minmax/sklearn_SVM,1780052279784_edb427c117800534616488806,0.9510763209393346,0.4755381604696673,0.5,0.4874623871614844,0.9045461682515002,0.9510763209393346,0.9272278675557002,0.9510763209393346,0.9510763209393346,0.9510763209393346,0.7806424994554282
8,biMaxInfgain,minmax,gaussian_noise,noImbl,sklearn_SVM,last,0.35,0.1,42,2026-05-29 19:17:21,20260529-185745,log/stroke_prediction_v2/8/biMaxInfgain/gaussian_noise__noImbl__minmax/sklearn_SVM,1780052279784_edb427c117800534413474555,0.9471624266144814,0.475442043222004,0.4979423868312758,0.4864321608040201,0.9043633385749272,0.9471624266144816,0.9252682197681164,0.9471624266144814,0.9471624266144814,0.9471624266144814,0.7783948045944336
8,biMaxInfgain,minmax,gaussian_noise,noImbl,sklearn_SVM,last,0.35,0.2,42,2026-05-29 19:17:47,20260529-185745,log/stroke_prediction_v2/8/biMaxInfgain/gaussian_noise__noImbl__minmax/sklearn_SVM,1780052279784_edb427c117800534677826221,0.9481409001956947,0.5759095378564405,0.5079423868312758,0.5048585401526577,0.915037320541018,0.9481409001956947,0.9275124553126164,0.9481409001956947,0.9481409001956947,0.9481409001956947,0.7940009339209423
8,biMaxInfgain,minmax,gaussian_noise,noImbl,sklearn_SVM,last,0.5,0.1,42,2026-05-29 19:17:28,20260529-185745,log/stroke_prediction_v2/8/biMaxInfgain/gaussian_noise__noImbl__minmax/sklearn_SVM,1780052279784_edb427c117800534485622075,0.949119373776908,0.4754901960784314,0.4989711934156378,0.4869477911646586,0.9044549326579948,0.949119373776908,0.926249027420838,0.949119373776908,0.949119373776908,0.949119373776908,0.7795189045137939
8,biMaxInfgain,minmax,gaussian_noise,noImbl,sklearn_SVM,last,0.5,0.2,42,2026-05-29 19:17:54,20260529-185745,log/stroke_prediction_v2/8/biMaxInfgain/gaussian_noise__noImbl__minmax/sklearn_SVM,1780052279784_edb427c117800534743824293,0.9500978473581212,0.4755142017629775,0.499485596707819,0.4872052182639237,0.9045005951342742,0.9500978473581214,0.9267386930577962,0.9500978473581212,0.9500978473581212,0.9500978473581212,0.7800807650020133
8,biMaxInfgain,minmax,mixup,noImbl,DTmodel,first,0.25,0.1,42,2026-05-29 19:18:00,20260529-185745,log/stroke_prediction_v2/8/biMaxInfgain/minmax__mixup__noImbl/DTmodel,1780052279784_edb427c117800534807897067,0.9354207436399216,0.5850100603621731,0.5486831275720165,0.5601377259566476,0.9194600085837924,0.9354207436399216,0.9266747411091676,0.9354207436399216,0.9354207436399216,0.9354207436399216,0.8025054871676389
8,biMaxInfgain,minmax,mixup,noImbl,DTmodel,first,0.25,0.2,42,2026-05-29 19:18:15,20260529-185745,log/stroke_prediction_v2/8/biMaxInfgain/minmax__mixup__noImbl/DTmodel,1780052279784_edb427c117800534957115598,0.9050880626223092,0.5536844572946784,0.570679012345679,0.5603014295282068,0.9185427051686372,0.9050880626223092,0.9115647176086072,0.9050880626223092,0.9050880626223092,0.9050880626223092,0.7871057646003451
8,biMaxInfgain,minmax,mixup,noImbl,DTmodel,first,0.3,0.1,42,2026-05-29 19:18:04,20260529-185745,log/stroke_prediction_v2/8/biMaxInfgain/minmax__mixup__noImbl/DTmodel,1780052279784_edb427c117800534844807080,0.9080234833659492,0.5147501982553528,0.5153086419753086,0.5150138325154984,0.9097370924513982,0.908023483365949,0.9088778521721456,0.9080234833659492,0.9080234833659492,0.9080234833659492,0.770772739317732
8,biMaxInfgain,minmax,mixup,noImbl,DTmodel,first,0.3,0.2,42,2026-05-29 19:18:19,20260529-185745,log/stroke_prediction_v2/8/biMaxInfgain/minmax__mixup__noImbl/DTmodel,1780052279784_edb427c117800534993653408,0.9168297455968688,0.5702265676412522,0.5768518518518518,0.5733195805397971,0.9206302190393648,0.9168297455968688,0.9187027563114658,0.9168297455968688,0.9168297455968688,0.9168297455968688,0.7973061126196836
8,biMaxInfgain,minmax,mixup,noImbl,DTmodel,first,0.35,0.1,42,2026-05-29 19:18:08,20260529-185745,log/stroke_prediction_v2/8/biMaxInfgain/minmax__mixup__noImbl/DTmodel,1780052279784_edb427c117800534884011821,0.9099804305283756,0.4971489665003564,0.4973662551440329,0.4972193702943189,0.9064291921281348,0.9099804305283756,0.908197445386976,0.9099804305283756,0.9099804305283756,0.9099804305283756,0.7648991359407968
8,biMaxInfgain,minmax,mixup,noImbl,DTmodel,first,0.35,0.2,42,2026-05-29 19:18:22,20260529-185745,log/stroke_prediction_v2/8/biMaxInfgain/minmax__mixup__noImbl/DTmodel,1780052279784_edb427c117800535029061780,0.9060665362035224,0.5359840609840609,0.5427366255144033,0.5388173357149573,0.914272356053178,0.9060665362035224,0.9100933914720376,0.9060665362035224,0.9060665362035224,0.9060665362035226,0.7790625278146224
8,biMaxInfgain,minmax,mixup,noImbl,DTmodel,first,0.5,0.1,42,2026-05-29 19:18:12,20260529-185745,log/stroke_prediction_v2/8/biMaxInfgain/minmax__mixup__noImbl/DTmodel,1780052279784_edb427c117800534921492495,0.923679060665362,0.532228983547442,0.5235390946502058,0.5265933439437489,0.9121415847082022,0.923679060665362,0.9177397443896114,0.923679060665362,0.923679060665362,0.923679060665362,0.7829125538067335
8,biMaxInfgain,minmax,mixup,noImbl,DTmodel,first,0.5,0.2,42,2026-05-29 19:18:26,20260529-185745,log/stroke_prediction_v2/8/biMaxInfgain/minmax__mixup__noImbl/DTmodel,1780052279784_edb427c117800535064926519,0.8953033268101761,0.5538827882079741,0.5845061728395062,0.5636365087409169,0.9199173656396372,0.8953033268101761,0.9068428008395218,0.8953033268101761,0.8953033268101761,0.895303326810176,0.7845238598298477
8,biMaxInfgain,minmax,mixup,noImbl,DTmodel,last,0.25,0.1,42,2026-05-29 19:18:30,20260529-185745,log/stroke_prediction_v2/8/biMaxInfgain/mixup__noImbl__minmax/DTmodel,1780052279784_edb427c117800535102559041,0.9041095890410958,0.5633333333333332,0.5891358024691358,0.5728663789426996,0.921187214611872,0.9041095890410958,0.9122066452879456,0.9041095890410958,0.9041095890410958,0.9041095890410958,0.791770424292469
8,biMaxInfgain,minmax,mixup,noImbl,DTmodel,last,0.25,0.2,42,2026-05-29 19:18:44,20260529-185745,log/stroke_prediction_v2/8/biMaxInfgain/mixup__noImbl__minmax/DTmodel,1780052279784_edb427c117800535244273489,0.9031311154598826,0.5671312917986624,0.5981069958847736,0.578205315268369,0.9223971603945856,0.9031311154598824,0.9121870184752536,0.9031311154598826,0.9031311154598826,0.9031311154598826,0.7935748410532985
8,biMaxInfgain,minmax,mixup,noImbl,DTmodel,last,0.3,0.1,42,2026-05-29 19:18:33,20260529-185745,log/stroke_prediction_v2/8/biMaxInfgain/mixup__noImbl__minmax/DTmodel,1780052279784_edb427c117800535139894762,0.9060665362035224,0.5548370736655255,0.5711934156378601,0.5613106309915581,0.9186950112610686,0.9060665362035224,0.9121549407105772,0.9060665362035224,0.9060665362035224,0.9060665362035226,0.7879190002931745
8,biMaxInfgain,minmax,mixup,noImbl,DTmodel,last,0.3,0.2,42,2026-05-29 19:18:48,20260529-185745,log/stroke_prediction_v2/8/biMaxInfgain/mixup__noImbl__minmax/DTmodel,1780052279784_edb427c117800535282633750,0.9090019569471623,0.5391237160258158,0.5442798353909465,0.5414143656005287,0.914704925419518,0.9090019569471623,0.9118141024547324,0.9090019569471623,0.9090019569471623,0.9090019569471623,0.781395900670782
8,biMaxInfgain,minmax,mixup,noImbl,DTmodel,last,0.35,0.1,42,2026-05-29 19:18:37,20260529-185745,log/stroke_prediction_v2/8/biMaxInfgain/mixup__noImbl__minmax/DTmodel,1780052279784_edb427c117800535173522356,0.9060665362035224,0.5289025611675491,0.5332510288065844,0.5307621671258036,0.912727268654489,0.9060665362035224,0.9093514759766318,0.9060665362035224,0.9060665362035224,0.9060665362035226,0.7759317468096365
8,biMaxInfgain,minmax,mixup,noImbl,DTmodel,last,0.35,0.2,42,2026-05-29 19:18:51,20260529-185745,log/stroke_prediction_v2/8/biMaxInfgain/mixup__noImbl__minmax/DTmodel,1780052279784_edb427c117800535318323526,0.9178082191780822,0.5837387322936043,0.5963374485596709,0.5894168962350781,0.9237079010656668,0.9178082191780822,0.9206825414795528,0.9178082191780822,0.9178082191780822,0.9178082191780822,0.8040166115203216
8,biMaxInfgain,minmax,mixup,noImbl,DTmodel,last,0.5,0.1,42,2026-05-29 19:18:40,20260529-185745,log/stroke_prediction_v2/8/biMaxInfgain/mixup__noImbl__minmax/DTmodel,1780052279784_edb427c117800535208443930,0.9178082191780822,0.558395061728395,0.558395061728395,0.558395061728395,0.9178082191780822,0.9178082191780822,0.9178082191780822,0.9178082191780822,0.9178082191780822,0.9178082191780822,0.7920136140706917
8,biMaxInfgain,minmax,mixup,noImbl,DTmodel,last,0.5,0.2,42,2026-05-29 19:18:55,20260529-185745,log/stroke_prediction_v2/8/biMaxInfgain/mixup__noImbl__minmax/DTmodel,1780052279784_edb427c117800535355188061,0.913894324853229,0.5591356107660456,0.5658230452674897,0.5622018420079055,0.9185724617422908,0.913894324853229,0.9161979874046176,0.913894324853229,0.913894324853229,0.913894324853229,0.7916708161307524
8,biMaxInfgain,minmax,mixup,noImbl,GradientBoosting,first,0.25,0.1,42,2026-05-29 19:18:02,20260529-185745,log/stroke_prediction_v2/8/biMaxInfgain/minmax__mixup__noImbl/GradientBoosting,1780052279784_edb427c117800534821096937,0.9373776908023485,0.6121639784946236,0.5686831275720164,0.5837067209775968,0.9238552911221936,0.9373776908023485,0.9298687530141372,0.9373776908023485,0.9373776908023485,0.9373776908023485,0.8124576371385825
8,biMaxInfgain,minmax,mixup,noImbl,GradientBoosting,first,0.25,0.2,42,2026-05-29 19:18:17,20260529-185745,log/stroke_prediction_v2/8/biMaxInfgain/minmax__mixup__noImbl/GradientBoosting,1780052279784_edb427c117800534970381643,0.943248532289628,0.6375909090909091,0.5622839506172841,0.582516339869281,0.9257466642946094,0.9432485322896282,0.93261642556566,0.943248532289628,0.943248532289628,0.943248532289628,0.8171314801313726
8,biMaxInfgain,minmax,mixup,noImbl,GradientBoosting,first,0.3,0.1,42,2026-05-29 19:18:05,20260529-185745,log/stroke_prediction_v2/8/biMaxInfgain/minmax__mixup__noImbl/GradientBoosting,1780052279784_edb427c117800534858489811,0.9412915851272016,0.6143636363636363,0.5517695473251027,0.5681203515889113,0.9225717843800036,0.9412915851272016,0.9302928540334412,0.9412915851272016,0.9412915851272016,0.9412915851272016,0.8101491117011077
8,biMaxInfgain,minmax,mixup,noImbl,GradientBoosting,first,0.3,0.2,42,2026-05-29 19:18:20,20260529-185745,log/stroke_prediction_v2/8/biMaxInfgain/minmax__mixup__noImbl/GradientBoosting,1780052279784_edb427c117800535006728281,0.9393346379647748,0.6420278637770898,0.5981687242798354,0.6151360544217688,0.9293620836943284,0.9393346379647748,0.9338045981602034,0.9393346379647748,0.9393346379647748,0.9393346379647748,0.825030820248331
8,biMaxInfgain,minmax,mixup,noImbl,GradientBoosting,first,0.35,0.1,42,2026-05-29 19:18:09,20260529-185745,log/stroke_prediction_v2/8/biMaxInfgain/minmax__mixup__noImbl/GradientBoosting,1780052279784_edb427c117800534897772986,0.943248532289628,0.5595709570957095,0.5148559670781893,0.5176263793496305,0.9140306007117346,0.943248532289628,0.9264009887357532,0.943248532289628,0.943248532289628,0.943248532289628,0.792749270617222
8,biMaxInfgain,minmax,mixup,noImbl,GradientBoosting,first,0.35,0.2,42,2026-05-29 19:18:24,20260529-185745,log/stroke_prediction_v2/8/biMaxInfgain/minmax__mixup__noImbl/GradientBoosting,1780052279784_edb427c117800535042395234,0.946183953033268,0.6131193238018163,0.5258847736625514,0.5353124509147424,0.9202049119532149,0.946183953033268,0.929509667307334,0.946183953033268,0.946183953033268,0.946183953033268,0.8041177998883768
8,biMaxInfgain,minmax,mixup,noImbl,GradientBoosting,first,0.5,0.1,42,2026-05-29 19:18:13,20260529-185745,log/stroke_prediction_v2/8/biMaxInfgain/minmax__mixup__noImbl/GradientBoosting,1780052279784_edb427c117800534934795363,0.9510763209393346,0.7264243614931238,0.5189711934156378,0.5244742229666852,0.9306936973998362,0.9510763209393344,0.9308039071927005,0.9510763209393346,0.9510763209393346,0.9510763209393346,0.8163311731305013
8,biMaxInfgain,minmax,mixup,noImbl,GradientBoosting,first,0.5,0.2,42,2026-05-29 19:18:27,20260529-185745,log/stroke_prediction_v2/8/biMaxInfgain/minmax__mixup__noImbl/GradientBoosting,1780052279784_edb427c117800535078308317,0.9481409001956947,0.6700083860638865,0.5458847736625514,0.5659879970834033,0.9274764362943354,0.9481409001956946,0.9333967318795792,0.9481409001956947,0.9481409001956947,0.9481409001956947,0.8185010290248024
8,biMaxInfgain,minmax,mixup,noImbl,GradientBoosting,last,0.25,0.1,42,2026-05-29 19:18:31,20260529-185745,log/stroke_prediction_v2/8/biMaxInfgain/mixup__noImbl__minmax/GradientBoosting,1780052279784_edb427c117800535116141875,0.9334637964774952,0.5778225806451613,0.5476543209876543,0.5576883910386966,0.91867621993561,0.9334637964774952,0.9254855500775206,0.9334637964774952,0.9334637964774952,0.9334637964774952,0.800276921915273
8,biMaxInfgain,minmax,mixup,noImbl,GradientBoosting,last,0.25,0.2,42,2026-05-29 19:18:45,20260529-185745,log/stroke_prediction_v2/8/biMaxInfgain/mixup__noImbl__minmax/GradientBoosting,1780052279784_edb427c117800535257699623,0.943248532289628,0.6636760752688171,0.6002263374485596,0.622734215885947,0.9316238979020685,0.943248532289628,0.9364435574190616,0.943248532289628,0.943248532289628,0.943248532289628,0.8307287099735469
8,biMaxInfgain,minmax,mixup,noImbl,GradientBoosting,last,0.3,0.1,42,2026-05-29 19:18:35,20260529-185745,log/stroke_prediction_v2/8/biMaxInfgain/mixup__noImbl__minmax/GradientBoosting,1780052279784_edb427c117800535152197108,0.9354207436399216,0.5850100603621731,0.5486831275720165,0.5601377259566476,0.9194600085837924,0.9354207436399216,0.9266747411091676,0.9354207436399216,0.9354207436399216,0.9354207436399216,0.8025054871676389
8,biMaxInfgain,minmax,mixup,noImbl,GradientBoosting,last,0.3,0.2,42,2026-05-29 19:18:49,20260529-185745,log/stroke_prediction_v2/8/biMaxInfgain/mixup__noImbl__minmax/GradientBoosting,1780052279784_edb427c117800535296205116,0.9422700587084148,0.5947614866842259,0.5333127572016461,0.5447798941559274,0.9190559233302809,0.9422700587084148,0.9285347964778052,0.9422700587084148,0.9422700587084148,0.9422700587084148,0.8026182438000409
8,biMaxInfgain,minmax,mixup,noImbl,GradientBoosting,last,0.35,0.1,42,2026-05-29 19:18:38,20260529-185745,log/stroke_prediction_v2/8/biMaxInfgain/mixup__noImbl__minmax/GradientBoosting,1780052279784_edb427c117800535186449211,0.943248532289628,0.6021371769383699,0.5338271604938272,0.5459447865919048,0.9198186614170166,0.943248532289628,0.9291184827564454,0.943248532289628,0.943248532289628,0.943248532289628,0.8041372032030251
8,biMaxInfgain,minmax,mixup,noImbl,GradientBoosting,last,0.35,0.2,42,2026-05-29 19:18:53,20260529-185745,log/stroke_prediction_v2/8/biMaxInfgain/mixup__noImbl__minmax/GradientBoosting,1780052279784_edb427c117800535331540598,0.9481409001956947,0.6590684290981027,0.5363991769547325,0.5522101799723883,0.9255932474500824,0.9481409001956947,0.932072952132522,0.9481409001956947,0.9481409001956947,0.9481409001956947,0.8140049152443061
8,biMaxInfgain,minmax,mixup,noImbl,GradientBoosting,last,0.5,0.1,42,2026-05-29 19:18:42,20260529-185745,log/stroke_prediction_v2/8/biMaxInfgain/mixup__noImbl__minmax/GradientBoosting,1780052279784_edb427c117800535220883963,0.9412915851272016,0.5476190476190477,0.5138271604938272,0.5160984848484849,0.9127760693318424,0.9412915851272016,0.925313556306707,0.9412915851272016,0.9412915851272016,0.9412915851272016,0.790150667968631
8,biMaxInfgain,minmax,mixup,noImbl,GradientBoosting,last,0.5,0.2,42,2026-05-29 19:18:56,20260529-185745,log/stroke_prediction_v2/8/biMaxInfgain/mixup__noImbl__minmax/GradientBoosting,1780052279784_edb427c117800535368795095,0.9500978473581212,0.6426234870788354,0.5089711934156378,0.5060602901737061,0.9216504163874,0.9500978473581212,0.9285604219838514,0.9500978473581212,0.9500978473581212,0.9500978473581212,0.8025567554550692
8,biMaxInfgain,minmax,mixup,noImbl,LogisticRegression,first,0.25,0.1,42,2026-05-29 19:18:00,20260529-185745,log/stroke_prediction_v2/8/biMaxInfgain/minmax__mixup__noImbl/LogisticRegression,1780052279784_edb427c117800534809915525,0.929549902152642,0.5839216944801026,0.5645679012345679,0.5725041829336307,0.9207813218311396,0.929549902152642,0.9249625909849456,0.929549902152642,0.929549902152642,0.929549902152642,0.8033670687034241
8,biMaxInfgain,minmax,mixup,noImbl,LogisticRegression,first,0.25,0.2,42,2026-05-29 19:18:15,20260529-185745,log/stroke_prediction_v2/8/biMaxInfgain/minmax__mixup__noImbl/LogisticRegression,1780052279784_edb427c117800534959153891,0.9344422700587084,0.5812931902628746,0.5481687242798354,0.558901021032628,0.919056106831089,0.9344422700587084,0.9260792093698988,0.9344422700587084,0.9344422700587084,0.9344422700587084,0.8013757447212422
8,biMaxInfgain,minmax,mixup,noImbl,LogisticRegression,first,0.3,0.1,42,2026-05-29 19:18:04,20260529-185745,log/stroke_prediction_v2/8/biMaxInfgain/minmax__mixup__noImbl/LogisticRegression,1780052279784_edb427c117800534846845313,0.9412915851272016,0.5882027445772466,0.5327983539094651,0.5436413431769469,0.9183730396959672,0.9412915851272016,0.9279532122315955,0.9412915851272016,0.9412915851272016,0.9412915851272016,0.8011932311804297
8,biMaxInfgain,minmax,mixup,noImbl,LogisticRegression,first,0.3,0.2,42,2026-05-29 19:18:19,20260529-185745,log/stroke_prediction_v2/8/biMaxInfgain/minmax__mixup__noImbl/LogisticRegression,1780052279784_edb427c117800534995567167,0.946183953033268,0.6310513074635968,0.5353703703703704,0.5496101856525885,0.9227704833825092,0.9461839530332682,0.9308834010071106,0.946183953033268,0.946183953033268,0.946183953033268,0.8094668353339096
8,biMaxInfgain,minmax,mixup,noImbl,LogisticRegression,first,0.35,0.1,42,2026-05-29 19:18:08,20260529-185745,log/stroke_prediction_v2/8/biMaxInfgain/minmax__mixup__noImbl/LogisticRegression,1780052279784_edb427c117800534886020626,0.949119373776908,0.6772727272727272,0.5369135802469136,0.5535618279569893,0.927415050702722,0.949119373776908,0.9326720745744168,0.949119373776908,0.949119373776908,0.949119373776908,0.8167429707127102
8,biMaxInfgain,minmax,mixup,noImbl,LogisticRegression,first,0.35,0.2,42,2026-05-29 19:18:23,20260529-185745,log/stroke_prediction_v2/8/biMaxInfgain/minmax__mixup__noImbl/LogisticRegression,1780052279784_edb427c117800535031130517,0.9510763209393346,0.7268700787401574,0.5284567901234568,0.5409959758551308,0.9315415196388122,0.9510763209393346,0.9323977130887084,0.9510763209393346,0.9510763209393346,0.9510763209393346,0.8201264205675524
8,biMaxInfgain,minmax,mixup,noImbl,LogisticRegression,first,0.5,0.1,42,2026-05-29 19:18:12,20260529-185745,log/stroke_prediction_v2/8/biMaxInfgain/minmax__mixup__noImbl/LogisticRegression,1780052279784_edb427c117800534923481089,0.9510763209393346,0.4755381604696673,0.5,0.4874623871614844,0.9045461682515002,0.9510763209393346,0.9272278675557002,0.9510763209393346,0.9510763209393346,0.9510763209393346,0.7806424994554282
8,biMaxInfgain,minmax,mixup,noImbl,LogisticRegression,first,0.5,0.2,42,2026-05-29 19:18:26,20260529-185745,log/stroke_prediction_v2/8/biMaxInfgain/minmax__mixup__noImbl/LogisticRegression,1780052279784_edb427c117800535066999511,0.9510763209393346,0.4755381604696673,0.5,0.4874623871614844,0.9045461682515002,0.9510763209393346,0.9272278675557002,0.9510763209393346,0.9510763209393346,0.9510763209393346,0.7806424994554282
8,biMaxInfgain,minmax,mixup,noImbl,LogisticRegression,last,0.25,0.1,42,2026-05-29 19:18:30,20260529-185745,log/stroke_prediction_v2/8/biMaxInfgain/mixup__noImbl__minmax/LogisticRegression,1780052279784_edb427c117800535104632747,0.9334637964774952,0.5963919980947844,0.5666255144032922,0.577891156462585,0.922157404917488,0.9334637964774952,0.9273985915305456,0.9334637964774952,0.9334637964774952,0.9334637964774952,0.8076964725315238
8,biMaxInfgain,minmax,mixup,noImbl,LogisticRegression,last,0.25,0.2,42,2026-05-29 19:18:44,20260529-185745,log/stroke_prediction_v2/8/biMaxInfgain/mixup__noImbl__minmax/LogisticRegression,1780052279784_edb427c117800535246353983,0.9344422700587084,0.5999785519502405,0.5671399176954732,0.5793024213119689,0.9225471169042232,0.9344422700587084,0.928012688132516,0.9344422700587084,0.9344422700587084,0.9344422700587084,0.8088407330951497
8,biMaxInfgain,minmax,mixup,noImbl,LogisticRegression,last,0.3,0.1,42,2026-05-29 19:18:34,20260529-185745,log/stroke_prediction_v2/8/biMaxInfgain/mixup__noImbl__minmax/LogisticRegression,1780052279784_edb427c117800535141794344,0.9412915851272016,0.6143636363636363,0.5517695473251027,0.5681203515889113,0.9225717843800036,0.9412915851272016,0.9302928540334412,0.9412915851272016,0.9412915851272016,0.9412915851272016,0.8101491117011077
8,biMaxInfgain,minmax,mixup,noImbl,LogisticRegression,last,0.3,0.2,42,2026-05-29 19:18:48,20260529-185745,log/stroke_prediction_v2/8/biMaxInfgain/mixup__noImbl__minmax/LogisticRegression,1780052279784_edb427c117800535284834008,0.9471624266144814,0.6438943894389438,0.5358847736625514,0.5508935256013802,0.92406786666925,0.9471624266144812,0.9314767826160464,0.9471624266144814,0.9471624266144814,0.9471624266144814,0.8116052198554807
8,biMaxInfgain,minmax,mixup,noImbl,LogisticRegression,last,0.35,0.1,42,2026-05-29 19:18:37,20260529-185745,log/stroke_prediction_v2/8/biMaxInfgain/mixup__noImbl__minmax/LogisticRegression,1780052279784_edb427c117800535175368733,0.9510763209393346,0.7264243614931238,0.5189711934156378,0.5244742229666852,0.9306936973998362,0.9510763209393344,0.9308039071927005,0.9510763209393346,0.9510763209393346,0.9510763209393346,0.8163311731305013
8,biMaxInfgain,minmax,mixup,noImbl,LogisticRegression,last,0.35,0.2,42,2026-05-29 19:18:52,20260529-185745,log/stroke_prediction_v2/8/biMaxInfgain/mixup__noImbl__minmax/LogisticRegression,1780052279784_edb427c117800535320312727,0.952054794520548,0.7768928220255653,0.5289711934156378,0.5422277069335892,0.9364771487453024,0.952054794520548,0.9329832134022304,0.952054794520548,0.952054794520548,0.952054794520548,0.8263376722772425
8,biMaxInfgain,minmax,mixup,noImbl,LogisticRegression,last,0.5,0.1,42,2026-05-29 19:18:41,20260529-185745,log/stroke_prediction_v2/8/biMaxInfgain/mixup__noImbl__minmax/LogisticRegression,1780052279784_edb427c117800535210279725,0.9510763209393346,0.4755381604696673,0.5,0.4874623871614844,0.9045461682515002,0.9510763209393346,0.9272278675557002,0.9510763209393346,0.9510763209393346,0.9510763209393346,0.7806424994554282
8,biMaxInfgain,minmax,mixup,noImbl,LogisticRegression,last,0.5,0.2,42,2026-05-29 19:18:55,20260529-185745,log/stroke_prediction_v2/8/biMaxInfgain/mixup__noImbl__minmax/LogisticRegression,1780052279784_edb427c117800535357306620,0.9510763209393346,0.4755381604696673,0.5,0.4874623871614844,0.9045461682515002,0.9510763209393346,0.9272278675557002,0.9510763209393346,0.9510763209393346,0.9510763209393346,0.7806424994554282
8,biMaxInfgain,minmax,mixup,noImbl,XGBmodel,first,0.25,0.1,42,2026-05-29 19:18:00,20260529-185745,log/stroke_prediction_v2/8/biMaxInfgain/minmax__mixup__noImbl/XGBmodel,1780052279784_edb427c117800534805901344,0.9334637964774952,0.5963919980947844,0.5666255144032922,0.577891156462585,0.922157404917488,0.9334637964774952,0.9273985915305456,0.9334637964774952,0.9334637964774952,0.9334637964774952,0.8076964725315238
8,biMaxInfgain,minmax,mixup,noImbl,XGBmodel,first,0.25,0.2,42,2026-05-29 19:18:15,20260529-185745,log/stroke_prediction_v2/8/biMaxInfgain/minmax__mixup__noImbl/XGBmodel,1780052279784_edb427c117800534955154783,0.9442270058708416,0.6451881451881452,0.562798353909465,0.584146541693139,0.926528787585539,0.9442270058708416,0.9332466341977044,0.9442270058708416,0.9442270058708416,0.9442270058708416,0.8187513074002779
8,biMaxInfgain,minmax,mixup,noImbl,XGBmodel,first,0.3,0.1,42,2026-05-29 19:18:04,20260529-185745,log/stroke_prediction_v2/8/biMaxInfgain/minmax__mixup__noImbl/XGBmodel,1780052279784_edb427c117800534842785930,0.943248532289628,0.6021371769383699,0.5338271604938272,0.5459447865919048,0.9198186614170166,0.943248532289628,0.9291184827564454,0.943248532289628,0.943248532289628,0.943248532289628,0.8041372032030251
8,biMaxInfgain,minmax,mixup,noImbl,XGBmodel,first,0.3,0.2,42,2026-05-29 19:18:19,20260529-185745,log/stroke_prediction_v2/8/biMaxInfgain/minmax__mixup__noImbl/XGBmodel,1780052279784_edb427c117800534991805792,0.9471624266144814,0.6980174731182796,0.6212551440329218,0.6487525458248472,0.9368029690886518,0.9471624266144814,0.940826760355678,0.9471624266144814,0.9471624266144814,0.9471624266144814,0.8429094251968563
8,biMaxInfgain,minmax,mixup,noImbl,XGBmodel,first,0.35,0.1,42,2026-05-29 19:18:08,20260529-185745,log/stroke_prediction_v2/8/biMaxInfgain/minmax__mixup__noImbl/XGBmodel,1780052279784_edb427c117800534881963527,0.949119373776908,0.6772727272727272,0.5369135802469136,0.5535618279569893,0.927415050702722,0.949119373776908,0.9326720745744168,0.949119373776908,0.949119373776908,0.949119373776908,0.8167429707127102
8,biMaxInfgain,minmax,mixup,noImbl,XGBmodel,first,0.35,0.2,42,2026-05-29 19:18:22,20260529-185745,log/stroke_prediction_v2/8/biMaxInfgain/minmax__mixup__noImbl/XGBmodel,1780052279784_edb427c117800535027150555,0.9481409001956947,0.6700083860638865,0.5458847736625514,0.5659879970834033,0.9274764362943354,0.9481409001956946,0.9333967318795792,0.9481409001956947,0.9481409001956947,0.9481409001956947,0.8185010290248024
8,biMaxInfgain,minmax,mixup,noImbl,XGBmodel,first,0.5,0.1,42,2026-05-29 19:18:11,20260529-185745,log/stroke_prediction_v2/8/biMaxInfgain/minmax__mixup__noImbl/XGBmodel,1780052279784_edb427c117800534919476419,0.9510763209393346,0.4755381604696673,0.5,0.4874623871614844,0.9045461682515002,0.9510763209393346,0.9272278675557002,0.9510763209393346,0.9510763209393346,0.9510763209393346,0.7806424994554282
8,biMaxInfgain,minmax,mixup,noImbl,XGBmodel,first,0.5,0.2,42,2026-05-29 19:18:26,20260529-185745,log/stroke_prediction_v2/8/biMaxInfgain/minmax__mixup__noImbl/XGBmodel,1780052279784_edb427c117800535063062532,0.9481409001956947,0.6590684290981027,0.5363991769547325,0.5522101799723883,0.9255932474500824,0.9481409001956947,0.932072952132522,0.9481409001956947,0.9481409001956947,0.9481409001956947,0.8140049152443061
8,biMaxInfgain,minmax,mixup,noImbl,XGBmodel,last,0.25,0.1,42,2026-05-29 19:18:30,20260529-185745,log/stroke_prediction_v2/8/biMaxInfgain/mixup__noImbl__minmax/XGBmodel,1780052279784_edb427c117800535100543079,0.9354207436399216,0.6037878787878788,0.5676543209876543,0.5807414037443127,0.9229585483010142,0.9354207436399216,0.9286290115993676,0.9354207436399216,0.9354207436399216,0.9354207436399216,0.8100139345651751
8,biMaxInfgain,minmax,mixup,noImbl,XGBmodel,last,0.25,0.2,42,2026-05-29 19:18:44,20260529-185745,log/stroke_prediction_v2/8/biMaxInfgain/mixup__noImbl__minmax/XGBmodel,1780052279784_edb427c117800535242238379,0.9363992172211352,0.577432296890672,0.5397119341563786,0.5501608261384798,0.917933840660926,0.9363992172211352,0.9262028499803048,0.9363992172211352,0.9363992172211352,0.9363992172211352,0.7995220454770693
8,biMaxInfgain,minmax,mixup,noImbl,XGBmodel,last,0.3,0.1,42,2026-05-29 19:18:33,20260529-185745,log/stroke_prediction_v2/8/biMaxInfgain/mixup__noImbl__minmax/XGBmodel,1780052279784_edb427c117800535138019388,0.9373776908023485,0.5679090909090909,0.5307407407407408,0.5393283750281721,0.9162220245507916,0.9373776908023485,0.925645710969004,0.9373776908023485,0.9373776908023485,0.9373776908023485,0.7961843748405779
8,biMaxInfgain,minmax,mixup,noImbl,XGBmodel,last,0.3,0.2,42,2026-05-29 19:18:48,20260529-185745,log/stroke_prediction_v2/8/biMaxInfgain/mixup__noImbl__minmax/XGBmodel,1780052279784_edb427c117800535280639032,0.946183953033268,0.6443230718305196,0.5448559670781893,0.5630271698993276,0.9248832860129128,0.946183953033268,0.9321709045382964,0.946183953033268,0.946183953033268,0.946183953033268,0.8141595248711129
8,biMaxInfgain,minmax,mixup,noImbl,XGBmodel,last,0.35,0.1,42,2026-05-29 19:18:37,20260529-185745,log/stroke_prediction_v2/8/biMaxInfgain/mixup__noImbl__minmax/XGBmodel,1780052279784_edb427c117800535171765524,0.949119373776908,0.6430446194225722,0.5179423868312758,0.5226358148893361,0.9224514743876192,0.949119373776908,0.9296936216122568,0.949119373776908,0.949119373776908,0.949119373776908,0.8058410130501487
8,biMaxInfgain,minmax,mixup,noImbl,XGBmodel,last,0.35,0.2,42,2026-05-29 19:18:51,20260529-185745,log/stroke_prediction_v2/8/biMaxInfgain/mixup__noImbl__minmax/XGBmodel,1780052279784_edb427c117800535316293768,0.949119373776908,0.6772727272727272,0.5369135802469136,0.5535618279569893,0.927415050702722,0.949119373776908,0.9326720745744168,0.949119373776908,0.949119373776908,0.949119373776908,0.8167429707127102
8,biMaxInfgain,minmax,mixup,noImbl,XGBmodel,last,0.5,0.1,42,2026-05-29 19:18:40,20260529-185745,log/stroke_prediction_v2/8/biMaxInfgain/mixup__noImbl__minmax/XGBmodel,1780052279784_edb427c117800535206624853,0.9530332681017613,0.8106955380577427,0.5389711934156378,0.5593561368209254,0.9406315648900052,0.9530332681017613,0.93510180456516,0.9530332681017613,0.9530332681017613,0.9530332681017613,0.8344118280849556
8,biMaxInfgain,minmax,mixup,noImbl,XGBmodel,last,0.5,0.2,42,2026-05-29 19:18:55,20260529-185745,log/stroke_prediction_v2/8/biMaxInfgain/mixup__noImbl__minmax/XGBmodel,1780052279784_edb427c117800535353075237,0.9481409001956947,0.4754661432777232,0.4984567901234568,0.4866901054746358,0.9044091805595832,0.9481409001956947,0.9257588699047868,0.9481409001956947,0.9481409001956947,0.9481409001956947,0.7789569177812675
8,biMaxInfgain,minmax,mixup,noImbl,random_forest,first,0.25,0.1,42,2026-05-29 19:18:00,20260529-185745,log/stroke_prediction_v2/8/biMaxInfgain/minmax__mixup__noImbl/random_forest,1780052279784_edb427c117800534803799765,0.9080234833659492,0.5572481732776617,0.5722222222222222,0.5633669666393964,0.9190097346886248,0.9080234833659492,0.9133375706282528,0.9080234833659492,0.9080234833659492,0.9080234833659492,0.7895630869553777
8,biMaxInfgain,minmax,mixup,noImbl,random_forest,first,0.25,0.2,42,2026-05-29 19:18:15,20260529-185745,log/stroke_prediction_v2/8/biMaxInfgain/minmax__mixup__noImbl/random_forest,1780052279784_edb427c117800534952973988,0.9148727984344422,0.5888835302628407,0.6137654320987654,0.5991885861112989,0.9258365630590476,0.9148727984344422,0.9200935957716496,0.9148727984344422,0.9148727984344422,0.9148727984344422,0.8066899991982844
8,biMaxInfgain,minmax,mixup,noImbl,random_forest,first,0.3,0.1,42,2026-05-29 19:18:04,20260529-185745,log/stroke_prediction_v2/8/biMaxInfgain/minmax__mixup__noImbl/random_forest,1780052279784_edb427c117800534840586316,0.923679060665362,0.5525967413441955,0.5425102880658437,0.5467076083248039,0.9158004551596048,0.923679060665362,0.9196343025930384,0.923679060665362,0.923679060665362,0.923679060665362,0.7905136593607853
8,biMaxInfgain,minmax,mixup,noImbl,random_forest,first,0.3,0.2,42,2026-05-29 19:18:18,20260529-185745,log/stroke_prediction_v2/8/biMaxInfgain/minmax__mixup__noImbl/random_forest,1780052279784_edb427c117800534989766511,0.9315068493150684,0.604633401221996,0.5845679012345679,0.5931991356761059,0.9245668610328376,0.9315068493150684,0.9278769382245216,0.9315068493150684,0.9315068493150684,0.9315068493150684,0.8121409671600616
8,biMaxInfgain,minmax,mixup,noImbl,random_forest,first,0.35,0.1,42,2026-05-29 19:18:07,20260529-185745,log/stroke_prediction_v2/8/biMaxInfgain/minmax__mixup__noImbl/random_forest,1780052279784_edb427c117800534879350968,0.9412915851272016,0.5882027445772466,0.5327983539094651,0.5436413431769469,0.9183730396959672,0.9412915851272016,0.9279532122315955,0.9412915851272016,0.9412915851272016,0.9412915851272016,0.8011932311804297
8,biMaxInfgain,minmax,mixup,noImbl,random_forest,first,0.35,0.2,42,2026-05-29 19:18:22,20260529-185745,log/stroke_prediction_v2/8/biMaxInfgain/minmax__mixup__noImbl/random_forest,1780052279784_edb427c117800535024580142,0.9383561643835616,0.6080215894286246,0.5597119341563785,0.5748948560336461,0.9226584469786784,0.9383561643835616,0.9295100161380084,0.9383561643835616,0.9383561643835616,0.9383561643835616,0.8100423936355409
8,biMaxInfgain,minmax,mixup,noImbl,random_forest,first,0.5,0.1,42,2026-05-29 19:18:11,20260529-185745,log/stroke_prediction_v2/8/biMaxInfgain/minmax__mixup__noImbl/random_forest,1780052279784_edb427c117800534917408344,0.9510763209393346,0.7273175542406312,0.5379423868312758,0.5563774004236552,0.9323926863442143,0.9510763209393348,0.9338798949417636,0.9510763209393346,0.9510763209393346,0.9510763209393346,0.8237343854221587
8,biMaxInfgain,minmax,mixup,noImbl,random_forest,first,0.5,0.2,42,2026-05-29 19:18:26,20260529-185745,log/stroke_prediction_v2/8/biMaxInfgain/minmax__mixup__noImbl/random_forest,1780052279784_edb427c117800535060508422,0.952054794520548,0.7768928220255653,0.5289711934156378,0.5422277069335892,0.9364771487453024,0.952054794520548,0.9329832134022304,0.952054794520548,0.952054794520548,0.952054794520548,0.8263376722772425
8,biMaxInfgain,minmax,mixup,noImbl,random_forest,last,0.25,0.1,42,2026-05-29 19:18:29,20260529-185745,log/stroke_prediction_v2/8/biMaxInfgain/mixup__noImbl__minmax/random_forest,1780052279784_edb427c117800535098290070,0.9080234833659492,0.5448371448371448,0.5532510288065844,0.5484253078875623,0.9160763955284504,0.9080234833659492,0.91196644581637,0.9080234833659492,0.9080234833659492,0.9080234833659492,0.7836846133191873
8,biMaxInfgain,minmax,mixup,noImbl,random_forest,last,0.25,0.2,42,2026-05-29 19:18:43,20260529-185745,log/stroke_prediction_v2/8/biMaxInfgain/mixup__noImbl__minmax/random_forest,1780052279784_edb427c117800535239981403,0.9178082191780822,0.5941532258064516,0.6153086419753087,0.6032608695652174,0.926458241272647,0.917808219178082,0.9219560963158344,0.9178082191780822,0.9178082191780822,0.9178082191780822,0.8094978434588312
8,biMaxInfgain,minmax,mixup,noImbl,random_forest,last,0.3,0.1,42,2026-05-29 19:18:33,20260529-185745,log/stroke_prediction_v2/8/biMaxInfgain/mixup__noImbl__minmax/random_forest,1780052279784_edb427c117800535135825988,0.923679060665362,0.532228983547442,0.5235390946502058,0.5265933439437489,0.9121415847082022,0.923679060665362,0.9177397443896114,0.923679060665362,0.923679060665362,0.923679060665362,0.7829125538067335
8,biMaxInfgain,minmax,mixup,noImbl,random_forest,last,0.3,0.2,42,2026-05-29 19:18:47,20260529-185745,log/stroke_prediction_v2/8/biMaxInfgain/mixup__noImbl__minmax/random_forest,1780052279784_edb427c117800535278525354,0.9354207436399216,0.6306517311608962,0.6055967078189299,0.6164448993517571,0.9289500639694542,0.9354207436399216,0.9319982560402637,0.9354207436399216,0.9354207436399216,0.9354207436399216,0.8229546210596996
8,biMaxInfgain,minmax,mixup,noImbl,random_forest,last,0.35,0.1,42,2026-05-29 19:18:36,20260529-185745,log/stroke_prediction_v2/8/biMaxInfgain/mixup__noImbl__minmax/random_forest,1780052279784_edb427c117800535169502343,0.9412915851272016,0.5882027445772466,0.5327983539094651,0.5436413431769469,0.9183730396959672,0.9412915851272016,0.9279532122315955,0.9412915851272016,0.9412915851272016,0.9412915851272016,0.8011932311804297
8,biMaxInfgain,minmax,mixup,noImbl,random_forest,last,0.35,0.2,42,2026-05-29 19:18:51,20260529-185745,log/stroke_prediction_v2/8/biMaxInfgain/mixup__noImbl__minmax/random_forest,1780052279784_edb427c117800535314128890,0.9452054794520548,0.6669589178356714,0.582283950617284,0.6074084236520785,0.9303504268811597,0.9452054794520548,0.9359410032381316,0.9452054794520548,0.9452054794520548,0.9452054794520548,0.8275439353477647
8,biMaxInfgain,minmax,mixup,noImbl,random_forest,last,0.5,0.1,42,2026-05-29 19:18:40,20260529-185745,log/stroke_prediction_v2/8/biMaxInfgain/mixup__noImbl__minmax/random_forest,1780052279784_edb427c117800535204438946,0.9530332681017613,0.8106955380577427,0.5389711934156378,0.5593561368209254,0.9406315648900052,0.9530332681017613,0.93510180456516,0.9530332681017613,0.9530332681017613,0.9530332681017613,0.8344118280849556
8,biMaxInfgain,minmax,mixup,noImbl,random_forest,last,0.5,0.2,42,2026-05-29 19:18:55,20260529-185745,log/stroke_prediction_v2/8/biMaxInfgain/mixup__noImbl__minmax/random_forest,1780052279784_edb427c117800535350892561,0.9510763209393346,0.7264243614931238,0.5189711934156378,0.5244742229666852,0.9306936973998362,0.9510763209393344,0.9308039071927005,0.9510763209393346,0.9510763209393346,0.9510763209393346,0.8163311731305013
8,biMaxInfgain,minmax,mixup,noImbl,sklearn_SVM,first,0.25,0.1,42,2026-05-29 19:17:59,20260529-185745,log/stroke_prediction_v2/8/biMaxInfgain/minmax__mixup__noImbl/sklearn_SVM,1780052279784_edb427c117800534796834628,0.9452054794520548,0.5762845849802372,0.5158847736625514,0.5192204301075269,0.9157507174183768,0.9452054794520548,0.9274930033878336,0.9452054794520548,0.9452054794520548,0.9452054794520548,0.7958812144112423
8,biMaxInfgain,minmax,mixup,noImbl,sklearn_SVM,first,0.25,0.2,42,2026-05-29 19:18:14,20260529-185745,log/stroke_prediction_v2/8/biMaxInfgain/minmax__mixup__noImbl/sklearn_SVM,1780052279784_edb427c117800534946193449,0.9471624266144814,0.5592191601049868,0.5074279835390947,0.5042756539235412,0.9133614291364266,0.9471624266144814,0.9269895301358052,0.9471624266144814,0.9471624266144814,0.9471624266144814,0.7915556055327451
8,biMaxInfgain,minmax,mixup,noImbl,sklearn_SVM,first,0.3,0.1,42,2026-05-29 19:18:03,20260529-185745,log/stroke_prediction_v2/8/biMaxInfgain/minmax__mixup__noImbl/sklearn_SVM,1780052279784_edb427c117800534833204097,0.9452054794520548,0.5762845849802372,0.5158847736625514,0.5192204301075269,0.9157507174183768,0.9452054794520548,0.9274930033878336,0.9452054794520548,0.9452054794520548,0.9452054794520548,0.7958812144112423
8,biMaxInfgain,minmax,mixup,noImbl,sklearn_SVM,first,0.3,0.2,42,2026-05-29 19:18:18,20260529-185745,log/stroke_prediction_v2/8/biMaxInfgain/minmax__mixup__noImbl/sklearn_SVM,1780052279784_edb427c117800534981769331,0.9471624266144814,0.5592191601049868,0.5074279835390947,0.5042756539235412,0.9133614291364266,0.9471624266144814,0.9269895301358052,0.9471624266144814,0.9471624266144814,0.9471624266144814,0.7915556055327451
8,biMaxInfgain,minmax,mixup,noImbl,sklearn_SVM,first,0.35,0.1,42,2026-05-29 19:18:07,20260529-185745,log/stroke_prediction_v2/8/biMaxInfgain/minmax__mixup__noImbl/sklearn_SVM,1780052279784_edb427c117800534871957225,0.9471624266144814,0.475442043222004,0.4979423868312758,0.4864321608040201,0.9043633385749272,0.9471624266144816,0.9252682197681164,0.9471624266144814,0.9471624266144814,0.9471624266144814,0.7783948045944336
8,biMaxInfgain,minmax,mixup,noImbl,sklearn_SVM,first,0.35,0.2,42,2026-05-29 19:18:21,20260529-185745,log/stroke_prediction_v2/8/biMaxInfgain/minmax__mixup__noImbl/sklearn_SVM,1780052279784_edb427c117800535018080815,0.9500978473581212,0.4755142017629775,0.499485596707819,0.4872052182639237,0.9045005951342742,0.9500978473581214,0.9267386930577962,0.9500978473581212,0.9500978473581212,0.9500978473581212,0.7800807650020133
8,biMaxInfgain,minmax,mixup,noImbl,sklearn_SVM,first,0.5,0.1,42,2026-05-29 19:18:11,20260529-185745,log/stroke_prediction_v2/8/biMaxInfgain/minmax__mixup__noImbl/sklearn_SVM,1780052279784_edb427c117800534910392926,0.9530332681017613,0.976470588235294,0.52,0.5264133456904542,0.9552434672499136,0.9530332681017613,0.9319221791576966,0.9530332681017613,0.9530332681017613,0.9530332681017613,0.8451350415164477
8,biMaxInfgain,minmax,mixup,noImbl,sklearn_SVM,first,0.5,0.2,42,2026-05-29 19:18:25,20260529-185745,log/stroke_prediction_v2/8/biMaxInfgain/minmax__mixup__noImbl/sklearn_SVM,1780052279784_edb427c117800535053682761,0.9500978473581212,0.676401179941003,0.5184567901234568,0.5235431235431236,0.9257572346431604,0.9500978473581212,0.9302478343574236,0.9500978473581212,0.9500978473581212,0.9500978473581212,0.8101693030990923
8,biMaxInfgain,minmax,mixup,noImbl,sklearn_SVM,last,0.25,0.1,42,2026-05-29 19:18:29,20260529-185745,log/stroke_prediction_v2/8/biMaxInfgain/mixup__noImbl__minmax/sklearn_SVM,1780052279784_edb427c117800535091281890,0.9471624266144814,0.6013313609467457,0.5169135802469136,0.5208875924575477,0.9182858763996804,0.9471624266144816,0.9285902865371046,0.9471624266144814,0.9471624266144814,0.9471624266144814,0.7999397342543241
8,biMaxInfgain,minmax,mixup,noImbl,sklearn_SVM,last,0.25,0.2,42,2026-05-29 19:18:43,20260529-185745,log/stroke_prediction_v2/8/biMaxInfgain/mixup__noImbl__minmax/sklearn_SVM,1780052279784_edb427c117800535232688684,0.9471624266144814,0.5592191601049868,0.5074279835390947,0.5042756539235412,0.9133614291364266,0.9471624266144814,0.9269895301358052,0.9471624266144814,0.9471624266144814,0.9471624266144814,0.7915556055327451
8,biMaxInfgain,minmax,mixup,noImbl,sklearn_SVM,last,0.3,0.1,42,2026-05-29 19:18:32,20260529-185745,log/stroke_prediction_v2/8/biMaxInfgain/mixup__noImbl__minmax/sklearn_SVM,1780052279784_edb427c117800535128708451,0.9471624266144814,0.6013313609467457,0.5169135802469136,0.5208875924575477,0.9182858763996804,0.9471624266144816,0.9285902865371046,0.9471624266144814,0.9471624266144814,0.9471624266144814,0.7999397342543241
8,biMaxInfgain,minmax,mixup,noImbl,sklearn_SVM,last,0.3,0.2,42,2026-05-29 19:18:47,20260529-185745,log/stroke_prediction_v2/8/biMaxInfgain/mixup__noImbl__minmax/sklearn_SVM,1780052279784_edb427c117800535271478955,0.9481409001956947,0.5759095378564405,0.5079423868312758,0.5048585401526577,0.915037320541018,0.9481409001956947,0.9275124553126164,0.9481409001956947,0.9481409001956947,0.9481409001956947,0.7940009339209423
8,biMaxInfgain,minmax,mixup,noImbl,sklearn_SVM,last,0.35,0.1,42,2026-05-29 19:18:36,20260529-185745,log/stroke_prediction_v2/8/biMaxInfgain/mixup__noImbl__minmax/sklearn_SVM,1780052279784_edb427c117800535163185532,0.9510763209393346,0.7264243614931238,0.5189711934156378,0.5244742229666852,0.9306936973998362,0.9510763209393344,0.9308039071927005,0.9510763209393346,0.9510763209393346,0.9510763209393346,0.8163311731305013
8,biMaxInfgain,minmax,mixup,noImbl,sklearn_SVM,last,0.35,0.2,42,2026-05-29 19:18:50,20260529-185745,log/stroke_prediction_v2/8/biMaxInfgain/mixup__noImbl__minmax/sklearn_SVM,1780052279784_edb427c117800535307080754,0.9481409001956947,0.5759095378564405,0.5079423868312758,0.5048585401526577,0.915037320541018,0.9481409001956947,0.9275124553126164,0.9481409001956947,0.9481409001956947,0.9481409001956947,0.7940009339209423
8,biMaxInfgain,minmax,mixup,noImbl,sklearn_SVM,last,0.5,0.1,42,2026-05-29 19:18:39,20260529-185745,log/stroke_prediction_v2/8/biMaxInfgain/mixup__noImbl__minmax/sklearn_SVM,1780052279784_edb427c117800535197977352,0.949119373776908,0.6430446194225722,0.5179423868312758,0.5226358148893361,0.9224514743876192,0.949119373776908,0.9296936216122568,0.949119373776908,0.949119373776908,0.949119373776908,0.8058410130501487
8,biMaxInfgain,minmax,mixup,noImbl,sklearn_SVM,last,0.5,0.2,42,2026-05-29 19:18:54,20260529-185745,log/stroke_prediction_v2/8/biMaxInfgain/mixup__noImbl__minmax/sklearn_SVM,1780052279784_edb427c117800535343806308,0.9500978473581212,0.6426234870788354,0.5089711934156378,0.5060602901737061,0.9216504163874,0.9500978473581212,0.9285604219838514,0.9500978473581212,0.9500978473581212,0.9500978473581212,0.8025567554550692
8,biMaxInfgain,minmax,noAug,noImbl,DTmodel,first,0.25,0.1,42,2026-05-29 19:18:58,20260529-185745,log/stroke_prediction_v2/8/biMaxInfgain/minmax__noAug__noImbl/DTmodel,1780052279784_edb427c117800535385003022,0.9001956947162426,0.5239104906054279,0.5301646090534979,0.5262067084810472,0.9119809136369394,0.9001956947162427,0.9059620447242744,0.9001956947162426,0.9001956947162426,0.9001956947162426,0.7715091921968816
8,biMaxInfgain,minmax,noAug,noImbl,DTmodel,first,0.25,0.2,42,2026-05-29 19:19:08,20260529-185745,log/stroke_prediction_v2/8/biMaxInfgain/minmax__noAug__noImbl/DTmodel,1780052279784_edb427c117800535483465019,0.9090019569471623,0.5642392090667953,0.5822222222222222,0.5715464196362161,0.9205971166292374,0.9090019569471623,0.9145828092731428,0.9090019569471623,0.9090019569471623,0.9090019569471623,0.7932260219070941
8,biMaxInfgain,minmax,noAug,noImbl,DTmodel,first,0.3,0.1,42,2026-05-29 19:19:00,20260529-185745,log/stroke_prediction_v2/8/biMaxInfgain/minmax__noAug__noImbl/DTmodel,1780052279784_edb427c117800535409572100,0.9001956947162426,0.5239104906054279,0.5301646090534979,0.5262067084810472,0.9119809136369394,0.9001956947162427,0.9059620447242744,0.9001956947162426,0.9001956947162426,0.9001956947162426,0.7715091921968816
8,biMaxInfgain,minmax,noAug,noImbl,DTmodel,first,0.3,0.2,42,2026-05-29 19:19:10,20260529-185745,log/stroke_prediction_v2/8/biMaxInfgain/minmax__noAug__noImbl/DTmodel,1780052279784_edb427c117800535507426331,0.9090019569471623,0.5642392090667953,0.5822222222222222,0.5715464196362161,0.9205971166292374,0.9090019569471623,0.9145828092731428,0.9090019569471623,0.9090019569471623,0.9090019569471623,0.7932260219070941
8,biMaxInfgain,minmax,noAug,noImbl,DTmodel,first,0.35,0.1,42,2026-05-29 19:19:03,20260529-185745,log/stroke_prediction_v2/8/biMaxInfgain/minmax__noAug__noImbl/DTmodel,1780052279784_edb427c117800535434523640,0.9001956947162426,0.5239104906054279,0.5301646090534979,0.5262067084810472,0.9119809136369394,0.9001956947162427,0.9059620447242744,0.9001956947162426,0.9001956947162426,0.9001956947162426,0.7715091921968816
8,biMaxInfgain,minmax,noAug,noImbl,DTmodel,first,0.35,0.2,42,2026-05-29 19:19:13,20260529-185745,log/stroke_prediction_v2/8/biMaxInfgain/minmax__noAug__noImbl/DTmodel,1780052279784_edb427c117800535530502042,0.9090019569471623,0.5642392090667953,0.5822222222222222,0.5715464196362161,0.9205971166292374,0.9090019569471623,0.9145828092731428,0.9090019569471623,0.9090019569471623,0.9090019569471623,0.7932260219070941
8,biMaxInfgain,minmax,noAug,noImbl,DTmodel,first,0.5,0.1,42,2026-05-29 19:19:05,20260529-185745,log/stroke_prediction_v2/8/biMaxInfgain/minmax__noAug__noImbl/DTmodel,1780052279784_edb427c117800535459398843,0.9001956947162426,0.5239104906054279,0.5301646090534979,0.5262067084810472,0.9119809136369394,0.9001956947162427,0.9059620447242744,0.9001956947162426,0.9001956947162426,0.9001956947162426,0.7715091921968816
8,biMaxInfgain,minmax,noAug,noImbl,DTmodel,first,0.5,0.2,42,2026-05-29 19:19:15,20260529-185745,log/stroke_prediction_v2/8/biMaxInfgain/minmax__noAug__noImbl/DTmodel,1780052279784_edb427c117800535554088586,0.9090019569471623,0.5642392090667953,0.5822222222222222,0.5715464196362161,0.9205971166292374,0.9090019569471623,0.9145828092731428,0.9090019569471623,0.9090019569471623,0.9090019569471623,0.7932260219070941
8,biMaxInfgain,minmax,noAug,noImbl,DTmodel,last,0.25,0.1,42,2026-05-29 19:19:17,20260529-185745,log/stroke_prediction_v2/8/biMaxInfgain/noAug__noImbl__minmax/DTmodel,1780052279784_edb427c117800535578272750,0.9001956947162426,0.5239104906054279,0.5301646090534979,0.5262067084810472,0.9119809136369394,0.9001956947162427,0.9059620447242744,0.9001956947162426,0.9001956947162426,0.9001956947162426,0.7715091921968816
8,biMaxInfgain,minmax,noAug,noImbl,DTmodel,last,0.25,0.2,42,2026-05-29 19:19:27,20260529-185745,log/stroke_prediction_v2/8/biMaxInfgain/noAug__noImbl__minmax/DTmodel,1780052279784_edb427c117800535676112674,0.9090019569471623,0.5642392090667953,0.5822222222222222,0.5715464196362161,0.9205971166292374,0.9090019569471623,0.9145828092731428,0.9090019569471623,0.9090019569471623,0.9090019569471623,0.7932260219070941
8,biMaxInfgain,minmax,noAug,noImbl,DTmodel,last,0.3,0.1,42,2026-05-29 19:19:20,20260529-185745,log/stroke_prediction_v2/8/biMaxInfgain/noAug__noImbl__minmax/DTmodel,1780052279784_edb427c117800535601943402,0.9001956947162426,0.5239104906054279,0.5301646090534979,0.5262067084810472,0.9119809136369394,0.9001956947162427,0.9059620447242744,0.9001956947162426,0.9001956947162426,0.9001956947162426,0.7715091921968816
8,biMaxInfgain,minmax,noAug,noImbl,DTmodel,last,0.3,0.2,42,2026-05-29 19:19:29,20260529-185745,log/stroke_prediction_v2/8/biMaxInfgain/noAug__noImbl__minmax/DTmodel,1780052279784_edb427c117800535699874719,0.9090019569471623,0.5642392090667953,0.5822222222222222,0.5715464196362161,0.9205971166292374,0.9090019569471623,0.9145828092731428,0.9090019569471623,0.9090019569471623,0.9090019569471623,0.7932260219070941
8,biMaxInfgain,minmax,noAug,noImbl,DTmodel,last,0.35,0.1,42,2026-05-29 19:19:22,20260529-185745,log/stroke_prediction_v2/8/biMaxInfgain/noAug__noImbl__minmax/DTmodel,1780052279784_edb427c117800535625852525,0.9001956947162426,0.5239104906054279,0.5301646090534979,0.5262067084810472,0.9119809136369394,0.9001956947162427,0.9059620447242744,0.9001956947162426,0.9001956947162426,0.9001956947162426,0.7715091921968816
8,biMaxInfgain,minmax,noAug,noImbl,DTmodel,last,0.35,0.2,42,2026-05-29 19:19:32,20260529-185745,log/stroke_prediction_v2/8/biMaxInfgain/noAug__noImbl__minmax/DTmodel,1780052279784_edb427c117800535722436810,0.9090019569471623,0.5642392090667953,0.5822222222222222,0.5715464196362161,0.9205971166292374,0.9090019569471623,0.9145828092731428,0.9090019569471623,0.9090019569471623,0.9090019569471623,0.7932260219070941
8,biMaxInfgain,minmax,noAug,noImbl,DTmodel,last,0.5,0.1,42,2026-05-29 19:19:25,20260529-185745,log/stroke_prediction_v2/8/biMaxInfgain/noAug__noImbl__minmax/DTmodel,1780052279784_edb427c117800535650398346,0.9001956947162426,0.5239104906054279,0.5301646090534979,0.5262067084810472,0.9119809136369394,0.9001956947162427,0.9059620447242744,0.9001956947162426,0.9001956947162426,0.9001956947162426,0.7715091921968816
8,biMaxInfgain,minmax,noAug,noImbl,DTmodel,last,0.5,0.2,42,2026-05-29 19:19:34,20260529-185745,log/stroke_prediction_v2/8/biMaxInfgain/noAug__noImbl__minmax/DTmodel,1780052279784_edb427c117800535745620774,0.9090019569471623,0.5642392090667953,0.5822222222222222,0.5715464196362161,0.9205971166292374,0.9090019569471623,0.9145828092731428,0.9090019569471623,0.9090019569471623,0.9090019569471623,0.7932260219070941
8,biMaxInfgain,minmax,noAug,noImbl,GradientBoosting,first,0.25,0.1,42,2026-05-29 19:18:59,20260529-185745,log/stroke_prediction_v2/8/biMaxInfgain/minmax__noAug__noImbl/GradientBoosting,1780052279784_edb427c117800535393430654,0.943248532289628,0.6280439121756487,0.552798353909465,0.5710233029381965,0.9239895941971242,0.943248532289628,0.9315187456504024,0.943248532289628,0.943248532289628,0.943248532289628,0.8131639062323648
8,biMaxInfgain,minmax,noAug,noImbl,GradientBoosting,first,0.25,0.2,42,2026-05-29 19:19:09,20260529-185745,log/stroke_prediction_v2/8/biMaxInfgain/minmax__noAug__noImbl/GradientBoosting,1780052279784_edb427c117800535492890003,0.9471624266144814,0.6840454545454545,0.5833127572016461,0.6113083164300201,0.9320964241238212,0.9471624266144814,0.9372635686300972,0.9471624266144814,0.9471624266144814,0.9471624266144814,0.8310962169919021
8,biMaxInfgain,minmax,noAug,noImbl,GradientBoosting,first,0.3,0.1,42,2026-05-29 19:19:01,20260529-185745,log/stroke_prediction_v2/8/biMaxInfgain/minmax__noAug__noImbl/GradientBoosting,1780052279784_edb427c117800535418186138,0.949119373776908,0.6924603174603174,0.5558847736625514,0.5806186868686869,0.9305283757338552,0.949119373776908,0.935271748799146,0.949119373776908,0.949119373776908,0.949119373776908,0.8249186615466103
8,biMaxInfgain,minmax,noAug,noImbl,GradientBoosting,first,0.3,0.2,42,2026-05-29 19:19:11,20260529-185745,log/stroke_prediction_v2/8/biMaxInfgain/minmax__noAug__noImbl/GradientBoosting,1780052279784_edb427c117800535515508479,0.9481409001956947,0.6895891273547777,0.5743415637860082,0.6025243074665199,0.9318500364597834,0.9481409001956946,0.9368983877354592,0.9481409001956947,0.9481409001956947,0.9481409001956947,0.8297478371186314
8,biMaxInfgain,minmax,noAug,noImbl,GradientBoosting,first,0.35,0.1,42,2026-05-29 19:19:04,20260529-185745,log/stroke_prediction_v2/8/biMaxInfgain/minmax__noAug__noImbl/GradientBoosting,1780052279784_edb427c117800535443135672,0.949119373776908,0.6924603174603174,0.5558847736625514,0.5806186868686869,0.9305283757338552,0.949119373776908,0.935271748799146,0.949119373776908,0.949119373776908,0.949119373776908,0.8249186615466103
8,biMaxInfgain,minmax,noAug,noImbl,GradientBoosting,first,0.35,0.2,42,2026-05-29 19:19:13,20260529-185745,log/stroke_prediction_v2/8/biMaxInfgain/minmax__noAug__noImbl/GradientBoosting,1780052279784_edb427c117800535538772563,0.9471624266144814,0.6438943894389438,0.5358847736625514,0.5508935256013802,0.92406786666925,0.9471624266144812,0.9314767826160464,0.9471624266144814,0.9471624266144814,0.9471624266144814,0.8116052198554807
8,biMaxInfgain,minmax,noAug,noImbl,GradientBoosting,first,0.5,0.1,42,2026-05-29 19:19:06,20260529-185745,log/stroke_prediction_v2/8/biMaxInfgain/minmax__noAug__noImbl/GradientBoosting,1780052279784_edb427c117800535468123685,0.949119373776908,0.6430446194225722,0.5179423868312758,0.5226358148893361,0.9224514743876192,0.949119373776908,0.9296936216122568,0.949119373776908,0.949119373776908,0.949119373776908,0.8058410130501487
8,biMaxInfgain,minmax,noAug,noImbl,GradientBoosting,first,0.5,0.2,42,2026-05-29 19:19:16,20260529-185745,log/stroke_prediction_v2/8/biMaxInfgain/minmax__noAug__noImbl/GradientBoosting,1780052279784_edb427c117800535562306015,0.9471624266144814,0.475442043222004,0.4979423868312758,0.4864321608040201,0.9043633385749272,0.9471624266144816,0.9252682197681164,0.9471624266144814,0.9471624266144814,0.9471624266144814,0.7783948045944336
8,biMaxInfgain,minmax,noAug,noImbl,GradientBoosting,last,0.25,0.1,42,2026-05-29 19:19:18,20260529-185745,log/stroke_prediction_v2/8/biMaxInfgain/noAug__noImbl__minmax/GradientBoosting,1780052279784_edb427c117800535586503327,0.943248532289628,0.6280439121756487,0.552798353909465,0.5710233029381965,0.9239895941971242,0.943248532289628,0.9315187456504024,0.943248532289628,0.943248532289628,0.943248532289628,0.8131639062323648
8,biMaxInfgain,minmax,noAug,noImbl,GradientBoosting,last,0.25,0.2,42,2026-05-29 19:19:28,20260529-185745,log/stroke_prediction_v2/8/biMaxInfgain/noAug__noImbl__minmax/GradientBoosting,1780052279784_edb427c117800535684565109,0.9471624266144814,0.6840454545454545,0.5833127572016461,0.6113083164300201,0.9320964241238212,0.9471624266144814,0.9372635686300972,0.9471624266144814,0.9471624266144814,0.9471624266144814,0.8310962169919021
8,biMaxInfgain,minmax,noAug,noImbl,GradientBoosting,last,0.3,0.1,42,2026-05-29 19:19:21,20260529-185745,log/stroke_prediction_v2/8/biMaxInfgain/noAug__noImbl__minmax/GradientBoosting,1780052279784_edb427c117800535610288007,0.949119373776908,0.6924603174603174,0.5558847736625514,0.5806186868686869,0.9305283757338552,0.949119373776908,0.935271748799146,0.949119373776908,0.949119373776908,0.949119373776908,0.8249186615466103
8,biMaxInfgain,minmax,noAug,noImbl,GradientBoosting,last,0.3,0.2,42,2026-05-29 19:19:30,20260529-185745,log/stroke_prediction_v2/8/biMaxInfgain/noAug__noImbl__minmax/GradientBoosting,1780052279784_edb427c117800535708074786,0.9481409001956947,0.6895891273547777,0.5743415637860082,0.6025243074665199,0.9318500364597834,0.9481409001956946,0.9368983877354592,0.9481409001956947,0.9481409001956947,0.9481409001956947,0.8297478371186314
8,biMaxInfgain,minmax,noAug,noImbl,GradientBoosting,last,0.35,0.1,42,2026-05-29 19:19:23,20260529-185745,log/stroke_prediction_v2/8/biMaxInfgain/noAug__noImbl__minmax/GradientBoosting,1780052279784_edb427c117800535634571641,0.949119373776908,0.6924603174603174,0.5558847736625514,0.5806186868686869,0.9305283757338552,0.949119373776908,0.935271748799146,0.949119373776908,0.949119373776908,0.949119373776908,0.8249186615466103
8,biMaxInfgain,minmax,noAug,noImbl,GradientBoosting,last,0.35,0.2,42,2026-05-29 19:19:33,20260529-185745,log/stroke_prediction_v2/8/biMaxInfgain/noAug__noImbl__minmax/GradientBoosting,1780052279784_edb427c117800535730667019,0.9471624266144814,0.6438943894389438,0.5358847736625514,0.5508935256013802,0.92406786666925,0.9471624266144812,0.9314767826160464,0.9471624266144814,0.9471624266144814,0.9471624266144814,0.8116052198554807
8,biMaxInfgain,minmax,noAug,noImbl,GradientBoosting,last,0.5,0.1,42,2026-05-29 19:19:26,20260529-185745,log/stroke_prediction_v2/8/biMaxInfgain/noAug__noImbl__minmax/GradientBoosting,1780052279784_edb427c117800535660606177,0.949119373776908,0.6430446194225722,0.5179423868312758,0.5226358148893361,0.9224514743876192,0.949119373776908,0.9296936216122568,0.949119373776908,0.949119373776908,0.949119373776908,0.8058410130501487
8,biMaxInfgain,minmax,noAug,noImbl,GradientBoosting,last,0.5,0.2,42,2026-05-29 19:19:35,20260529-185745,log/stroke_prediction_v2/8/biMaxInfgain/noAug__noImbl__minmax/GradientBoosting,1780052279784_edb427c117800535753693051,0.9471624266144814,0.475442043222004,0.4979423868312758,0.4864321608040201,0.9043633385749272,0.9471624266144816,0.9252682197681164,0.9471624266144814,0.9471624266144814,0.9471624266144814,0.7783948045944336
8,biMaxInfgain,minmax,noAug,noImbl,LogisticRegression,first,0.25,0.1,42,2026-05-29 19:18:58,20260529-185745,log/stroke_prediction_v2/8/biMaxInfgain/minmax__noAug__noImbl/LogisticRegression,1780052279784_edb427c117800535386935942,0.9354207436399216,0.5850100603621731,0.5486831275720165,0.5601377259566476,0.9194600085837924,0.9354207436399216,0.9266747411091676,0.9354207436399216,0.9354207436399216,0.9354207436399216,0.8025054871676389
8,biMaxInfgain,minmax,noAug,noImbl,LogisticRegression,first,0.25,0.2,42,2026-05-29 19:19:08,20260529-185745,log/stroke_prediction_v2/8/biMaxInfgain/minmax__noAug__noImbl/LogisticRegression,1780052279784_edb427c117800535485415676,0.9412915851272016,0.6143636363636363,0.5517695473251027,0.5681203515889113,0.9225717843800036,0.9412915851272016,0.9302928540334412,0.9412915851272016,0.9412915851272016,0.9412915851272016,0.8101491117011077
8,biMaxInfgain,minmax,noAug,noImbl,LogisticRegression,first,0.3,0.1,42,2026-05-29 19:19:01,20260529-185745,log/stroke_prediction_v2/8/biMaxInfgain/minmax__noAug__noImbl/LogisticRegression,1780052279784_edb427c117800535411513127,0.949119373776908,0.6772727272727272,0.5369135802469136,0.5535618279569893,0.927415050702722,0.949119373776908,0.9326720745744168,0.949119373776908,0.949119373776908,0.949119373776908,0.8167429707127102
8,biMaxInfgain,minmax,noAug,noImbl,LogisticRegression,first,0.3,0.2,42,2026-05-29 19:19:10,20260529-185745,log/stroke_prediction_v2/8/biMaxInfgain/minmax__noAug__noImbl/LogisticRegression,1780052279784_edb427c117800535509364864,0.9510763209393346,0.7268700787401574,0.5284567901234568,0.5409959758551308,0.9315415196388122,0.9510763209393346,0.9323977130887084,0.9510763209393346,0.9510763209393346,0.9510763209393346,0.8201264205675524
8,biMaxInfgain,minmax,noAug,noImbl,LogisticRegression,first,0.35,0.1,42,2026-05-29 19:19:03,20260529-185745,log/stroke_prediction_v2/8/biMaxInfgain/minmax__noAug__noImbl/LogisticRegression,1780052279784_edb427c117800535436474576,0.9530332681017613,0.8106955380577427,0.5389711934156378,0.5593561368209254,0.9406315648900052,0.9530332681017613,0.93510180456516,0.9530332681017613,0.9530332681017613,0.9530332681017613,0.8344118280849556
8,biMaxInfgain,minmax,noAug,noImbl,LogisticRegression,first,0.35,0.2,42,2026-05-29 19:19:13,20260529-185745,log/stroke_prediction_v2/8/biMaxInfgain/minmax__noAug__noImbl/LogisticRegression,1780052279784_edb427c117800535532567247,0.952054794520548,0.7768928220255653,0.5289711934156378,0.5422277069335892,0.9364771487453024,0.952054794520548,0.9329832134022304,0.952054794520548,0.952054794520548,0.952054794520548,0.8263376722772425
8,biMaxInfgain,minmax,noAug,noImbl,LogisticRegression,first,0.5,0.1,42,2026-05-29 19:19:06,20260529-185745,log/stroke_prediction_v2/8/biMaxInfgain/minmax__noAug__noImbl/LogisticRegression,1780052279784_edb427c117800535461377010,0.9510763209393346,0.4755381604696673,0.5,0.4874623871614844,0.9045461682515002,0.9510763209393346,0.9272278675557002,0.9510763209393346,0.9510763209393346,0.9510763209393346,0.7806424994554282
8,biMaxInfgain,minmax,noAug,noImbl,LogisticRegression,first,0.5,0.2,42,2026-05-29 19:19:15,20260529-185745,log/stroke_prediction_v2/8/biMaxInfgain/minmax__noAug__noImbl/LogisticRegression,1780052279784_edb427c117800535556088714,0.9510763209393346,0.4755381604696673,0.5,0.4874623871614844,0.9045461682515002,0.9510763209393346,0.9272278675557002,0.9510763209393346,0.9510763209393346,0.9510763209393346,0.7806424994554282
8,biMaxInfgain,minmax,noAug,noImbl,LogisticRegression,last,0.25,0.1,42,2026-05-29 19:19:18,20260529-185745,log/stroke_prediction_v2/8/biMaxInfgain/noAug__noImbl__minmax/LogisticRegression,1780052279784_edb427c117800535580205298,0.9354207436399216,0.5850100603621731,0.5486831275720165,0.5601377259566476,0.9194600085837924,0.9354207436399216,0.9266747411091676,0.9354207436399216,0.9354207436399216,0.9354207436399216,0.8025054871676389
8,biMaxInfgain,minmax,noAug,noImbl,LogisticRegression,last,0.25,0.2,42,2026-05-29 19:19:27,20260529-185745,log/stroke_prediction_v2/8/biMaxInfgain/noAug__noImbl__minmax/LogisticRegression,1780052279784_edb427c117800535678156552,0.9412915851272016,0.6143636363636363,0.5517695473251027,0.5681203515889113,0.9225717843800036,0.9412915851272016,0.9302928540334412,0.9412915851272016,0.9412915851272016,0.9412915851272016,0.8101491117011077
8,biMaxInfgain,minmax,noAug,noImbl,LogisticRegression,last,0.3,0.1,42,2026-05-29 19:19:20,20260529-185745,log/stroke_prediction_v2/8/biMaxInfgain/noAug__noImbl__minmax/LogisticRegression,1780052279784_edb427c117800535603898649,0.949119373776908,0.6772727272727272,0.5369135802469136,0.5535618279569893,0.927415050702722,0.949119373776908,0.9326720745744168,0.949119373776908,0.949119373776908,0.949119373776908,0.8167429707127102
8,biMaxInfgain,minmax,noAug,noImbl,LogisticRegression,last,0.3,0.2,42,2026-05-29 19:19:30,20260529-185745,log/stroke_prediction_v2/8/biMaxInfgain/noAug__noImbl__minmax/LogisticRegression,1780052279784_edb427c117800535701911357,0.9510763209393346,0.7268700787401574,0.5284567901234568,0.5409959758551308,0.9315415196388122,0.9510763209393346,0.9323977130887084,0.9510763209393346,0.9510763209393346,0.9510763209393346,0.8201264205675524
8,biMaxInfgain,minmax,noAug,noImbl,LogisticRegression,last,0.35,0.1,42,2026-05-29 19:19:22,20260529-185745,log/stroke_prediction_v2/8/biMaxInfgain/noAug__noImbl__minmax/LogisticRegression,1780052279784_edb427c117800535627977114,0.9530332681017613,0.8106955380577427,0.5389711934156378,0.5593561368209254,0.9406315648900052,0.9530332681017613,0.93510180456516,0.9530332681017613,0.9530332681017613,0.9530332681017613,0.8344118280849556
8,biMaxInfgain,minmax,noAug,noImbl,LogisticRegression,last,0.35,0.2,42,2026-05-29 19:19:32,20260529-185745,log/stroke_prediction_v2/8/biMaxInfgain/noAug__noImbl__minmax/LogisticRegression,1780052279784_edb427c117800535724470502,0.952054794520548,0.7768928220255653,0.5289711934156378,0.5422277069335892,0.9364771487453024,0.952054794520548,0.9329832134022304,0.952054794520548,0.952054794520548,0.952054794520548,0.8263376722772425
8,biMaxInfgain,minmax,noAug,noImbl,LogisticRegression,last,0.5,0.1,42,2026-05-29 19:19:25,20260529-185745,log/stroke_prediction_v2/8/biMaxInfgain/noAug__noImbl__minmax/LogisticRegression,1780052279784_edb427c117800535652373153,0.9510763209393346,0.4755381604696673,0.5,0.4874623871614844,0.9045461682515002,0.9510763209393346,0.9272278675557002,0.9510763209393346,0.9510763209393346,0.9510763209393346,0.7806424994554282
8,biMaxInfgain,minmax,noAug,noImbl,LogisticRegression,last,0.5,0.2,42,2026-05-29 19:19:34,20260529-185745,log/stroke_prediction_v2/8/biMaxInfgain/noAug__noImbl__minmax/LogisticRegression,1780052279784_edb427c117800535747562574,0.9510763209393346,0.4755381604696673,0.5,0.4874623871614844,0.9045461682515002,0.9510763209393346,0.9272278675557002,0.9510763209393346,0.9510763209393346,0.9510763209393346,0.7806424994554282
8,biMaxInfgain,minmax,noAug,noImbl,XGBmodel,first,0.25,0.1,42,2026-05-29 19:18:58,20260529-185745,log/stroke_prediction_v2/8/biMaxInfgain/minmax__noAug__noImbl/XGBmodel,1780052279784_edb427c117800535383178363,0.9393346379647748,0.5770459081836328,0.5317695473251028,0.5414387031408306,0.9171988703610392,0.9393346379647748,0.9267959005228438,0.9393346379647748,0.9393346379647748,0.9393346379647748,0.7985704783224385
8,biMaxInfgain,minmax,noAug,noImbl,XGBmodel,first,0.25,0.2,42,2026-05-29 19:19:08,20260529-185745,log/stroke_prediction_v2/8/biMaxInfgain/minmax__noAug__noImbl/XGBmodel,1780052279784_edb427c117800535481633071,0.9403131115459884,0.5965700965700965,0.5417695473251029,0.5549638428645874,0.9199691371902722,0.9403131115459882,0.9285621874747364,0.9403131115459884,0.9403131115459884,0.9403131115459884,0.8044850272778408
8,biMaxInfgain,minmax,noAug,noImbl,XGBmodel,first,0.3,0.1,42,2026-05-29 19:19:00,20260529-185745,log/stroke_prediction_v2/8/biMaxInfgain/minmax__noAug__noImbl/XGBmodel,1780052279784_edb427c117800535407674970,0.9452054794520548,0.6200396825396826,0.5348559670781893,0.5483585858585859,0.9216522225328488,0.9452054794520548,0.9302926525529264,0.9452054794520548,0.9452054794520548,0.9452054794520548,0.8075346647576206
8,biMaxInfgain,minmax,noAug,noImbl,XGBmodel,first,0.3,0.2,42,2026-05-29 19:19:10,20260529-185745,log/stroke_prediction_v2/8/biMaxInfgain/minmax__noAug__noImbl/XGBmodel,1780052279784_edb427c117800535505500354,0.9471624266144814,0.6267786561264822,0.5263991769547325,0.536391129032258,0.9215828840605492,0.9471624266144814,0.9300825389811248,0.9471624266144814,0.9471624266144814,0.9471624266144814,0.8063120925619761
8,biMaxInfgain,minmax,noAug,noImbl,XGBmodel,first,0.35,0.1,42,2026-05-29 19:19:03,20260529-185745,log/stroke_prediction_v2/8/biMaxInfgain/minmax__noAug__noImbl/XGBmodel,1780052279784_edb427c117800535432588528,0.949119373776908,0.6772727272727272,0.5369135802469136,0.5535618279569893,0.927415050702722,0.949119373776908,0.9326720745744168,0.949119373776908,0.949119373776908,0.949119373776908,0.8167429707127102
8,biMaxInfgain,minmax,noAug,noImbl,XGBmodel,first,0.35,0.2,42,2026-05-29 19:19:12,20260529-185745,log/stroke_prediction_v2/8/biMaxInfgain/minmax__noAug__noImbl/XGBmodel,1780052279784_edb427c117800535528580073,0.9481409001956947,0.6192118226600984,0.5174279835390947,0.5217510308231575,0.9200775066757926,0.9481409001956947,0.9291411443583694,0.9481409001956947,0.9481409001956947,0.9481409001956947,0.8025619176430053
8,biMaxInfgain,minmax,noAug,noImbl,XGBmodel,first,0.5,0.1,42,2026-05-29 19:19:05,20260529-185745,log/stroke_prediction_v2/8/biMaxInfgain/minmax__noAug__noImbl/XGBmodel,1780052279784_edb427c117800535457480005,0.9510763209393346,0.7264243614931238,0.5189711934156378,0.5244742229666852,0.9306936973998362,0.9510763209393344,0.9308039071927005,0.9510763209393346,0.9510763209393346,0.9510763209393346,0.8163311731305013
8,biMaxInfgain,minmax,noAug,noImbl,XGBmodel,first,0.5,0.2,42,2026-05-29 19:19:15,20260529-185745,log/stroke_prediction_v2/8/biMaxInfgain/minmax__noAug__noImbl/XGBmodel,1780052279784_edb427c117800535552153657,0.949119373776908,0.4754901960784314,0.4989711934156378,0.4869477911646586,0.9044549326579948,0.949119373776908,0.926249027420838,0.949119373776908,0.949119373776908,0.949119373776908,0.7795189045137939
8,biMaxInfgain,minmax,noAug,noImbl,XGBmodel,last,0.25,0.1,42,2026-05-29 19:19:17,20260529-185745,log/stroke_prediction_v2/8/biMaxInfgain/noAug__noImbl__minmax/XGBmodel,1780052279784_edb427c117800535576481864,0.9393346379647748,0.5770459081836328,0.5317695473251028,0.5414387031408306,0.9171988703610392,0.9393346379647748,0.9267959005228438,0.9393346379647748,0.9393346379647748,0.9393346379647748,0.7985704783224385
8,biMaxInfgain,minmax,noAug,noImbl,XGBmodel,last,0.25,0.2,42,2026-05-29 19:19:27,20260529-185745,log/stroke_prediction_v2/8/biMaxInfgain/noAug__noImbl__minmax/XGBmodel,1780052279784_edb427c117800535674123657,0.9403131115459884,0.5965700965700965,0.5417695473251029,0.5549638428645874,0.9199691371902722,0.9403131115459882,0.9285621874747364,0.9403131115459884,0.9403131115459884,0.9403131115459884,0.8044850272778408
8,biMaxInfgain,minmax,noAug,noImbl,XGBmodel,last,0.3,0.1,42,2026-05-29 19:19:20,20260529-185745,log/stroke_prediction_v2/8/biMaxInfgain/noAug__noImbl__minmax/XGBmodel,1780052279784_edb427c117800535600145721,0.9452054794520548,0.6200396825396826,0.5348559670781893,0.5483585858585859,0.9216522225328488,0.9452054794520548,0.9302926525529264,0.9452054794520548,0.9452054794520548,0.9452054794520548,0.8075346647576206
8,biMaxInfgain,minmax,noAug,noImbl,XGBmodel,last,0.3,0.2,42,2026-05-29 19:19:29,20260529-185745,log/stroke_prediction_v2/8/biMaxInfgain/noAug__noImbl__minmax/XGBmodel,1780052279784_edb427c117800535698038412,0.9471624266144814,0.6267786561264822,0.5263991769547325,0.536391129032258,0.9215828840605492,0.9471624266144814,0.9300825389811248,0.9471624266144814,0.9471624266144814,0.9471624266144814,0.8063120925619761
8,biMaxInfgain,minmax,noAug,noImbl,XGBmodel,last,0.35,0.1,42,2026-05-29 19:19:22,20260529-185745,log/stroke_prediction_v2/8/biMaxInfgain/noAug__noImbl__minmax/XGBmodel,1780052279784_edb427c117800535623977816,0.949119373776908,0.6772727272727272,0.5369135802469136,0.5535618279569893,0.927415050702722,0.949119373776908,0.9326720745744168,0.949119373776908,0.949119373776908,0.949119373776908,0.8167429707127102
8,biMaxInfgain,minmax,noAug,noImbl,XGBmodel,last,0.35,0.2,42,2026-05-29 19:19:32,20260529-185745,log/stroke_prediction_v2/8/biMaxInfgain/noAug__noImbl__minmax/XGBmodel,1780052279784_edb427c117800535720579194,0.9481409001956947,0.6192118226600984,0.5174279835390947,0.5217510308231575,0.9200775066757926,0.9481409001956947,0.9291411443583694,0.9481409001956947,0.9481409001956947,0.9481409001956947,0.8025619176430053
8,biMaxInfgain,minmax,noAug,noImbl,XGBmodel,last,0.5,0.1,42,2026-05-29 19:19:24,20260529-185745,log/stroke_prediction_v2/8/biMaxInfgain/noAug__noImbl__minmax/XGBmodel,1780052279784_edb427c117800535648494531,0.9510763209393346,0.7264243614931238,0.5189711934156378,0.5244742229666852,0.9306936973998362,0.9510763209393344,0.9308039071927005,0.9510763209393346,0.9510763209393346,0.9510763209393346,0.8163311731305013
8,biMaxInfgain,minmax,noAug,noImbl,XGBmodel,last,0.5,0.2,42,2026-05-29 19:19:34,20260529-185745,log/stroke_prediction_v2/8/biMaxInfgain/noAug__noImbl__minmax/XGBmodel,1780052279784_edb427c117800535743863253,0.949119373776908,0.4754901960784314,0.4989711934156378,0.4869477911646586,0.9044549326579948,0.949119373776908,0.926249027420838,0.949119373776908,0.949119373776908,0.949119373776908,0.7795189045137939
8,biMaxInfgain,minmax,noAug,noImbl,random_forest,first,0.25,0.1,42,2026-05-29 19:18:58,20260529-185745,log/stroke_prediction_v2/8/biMaxInfgain/minmax__noAug__noImbl/random_forest,1780052279784_edb427c117800535380857835,0.9158512720156556,0.5802494802494803,0.5953086419753086,0.5868571965779824,0.9232925534295398,0.9158512720156554,0.9194586631937002,0.9158512720156556,0.9158512720156556,0.9158512720156556,0.8021729553374473
8,biMaxInfgain,minmax,noAug,noImbl,random_forest,first,0.25,0.2,42,2026-05-29 19:19:07,20260529-185745,log/stroke_prediction_v2/8/biMaxInfgain/minmax__noAug__noImbl/random_forest,1780052279784_edb427c117800535479345624,0.9148727984344422,0.5888835302628407,0.6137654320987654,0.5991885861112989,0.9258365630590476,0.9148727984344422,0.9200935957716496,0.9148727984344422,0.9148727984344422,0.9148727984344422,0.8066899991982844
8,biMaxInfgain,minmax,noAug,noImbl,random_forest,first,0.3,0.1,42,2026-05-29 19:19:00,20260529-185745,log/stroke_prediction_v2/8/biMaxInfgain/minmax__noAug__noImbl/random_forest,1780052279784_edb427c117800535405518082,0.9275929549902152,0.5610209601081811,0.5445679012345679,0.5508706083568901,0.9167887277726396,0.9275929549902152,0.9219582190362982,0.9275929549902152,0.9275929549902152,0.9275929549902152,0.794199265016603
8,biMaxInfgain,minmax,noAug,noImbl,random_forest,first,0.3,0.2,42,2026-05-29 19:19:10,20260529-185745,log/stroke_prediction_v2/8/biMaxInfgain/minmax__noAug__noImbl/random_forest,1780052279784_edb427c117800535503350862,0.9275929549902152,0.5862244897959183,0.5730246913580246,0.5788711689237349,0.9217700387395662,0.9275929549902152,0.9245931976907188,0.9275929549902152,0.9275929549902152,0.9275929549902152,0.804658758977605
8,biMaxInfgain,minmax,noAug,noImbl,random_forest,first,0.35,0.1,42,2026-05-29 19:19:03,20260529-185745,log/stroke_prediction_v2/8/biMaxInfgain/minmax__noAug__noImbl/random_forest,1780052279784_edb427c117800535430396146,0.9393346379647748,0.5770459081836328,0.5317695473251028,0.5414387031408306,0.9171988703610392,0.9393346379647748,0.9267959005228438,0.9393346379647748,0.9393346379647748,0.9393346379647748,0.7985704783224385
8,biMaxInfgain,minmax,noAug,noImbl,random_forest,first,0.35,0.2,42,2026-05-29 19:19:12,20260529-185745,log/stroke_prediction_v2/8/biMaxInfgain/minmax__noAug__noImbl/random_forest,1780052279784_edb427c117800535526450946,0.9373776908023485,0.6033702213279678,0.5591975308641977,0.5734668857761431,0.922164100060244,0.9373776908023485,0.9288967186513138,0.9373776908023485,0.9373776908023485,0.9373776908023485,0.8087788022102986
8,biMaxInfgain,minmax,noAug,noImbl,random_forest,first,0.5,0.1,42,2026-05-29 19:19:05,20260529-185745,log/stroke_prediction_v2/8/biMaxInfgain/minmax__noAug__noImbl/random_forest,1780052279784_edb427c117800535455318853,0.9510763209393346,0.7273175542406312,0.5379423868312758,0.5563774004236552,0.9323926863442143,0.9510763209393348,0.9338798949417636,0.9510763209393346,0.9510763209393346,0.9510763209393346,0.8237343854221587
8,biMaxInfgain,minmax,noAug,noImbl,random_forest,first,0.5,0.2,42,2026-05-29 19:19:14,20260529-185745,log/stroke_prediction_v2/8/biMaxInfgain/minmax__noAug__noImbl/random_forest,1780052279784_edb427c117800535549481020,0.952054794520548,0.7768928220255653,0.5289711934156378,0.5422277069335892,0.9364771487453024,0.952054794520548,0.9329832134022304,0.952054794520548,0.952054794520548,0.952054794520548,0.8263376722772425
8,biMaxInfgain,minmax,noAug,noImbl,random_forest,last,0.25,0.1,42,2026-05-29 19:19:17,20260529-185745,log/stroke_prediction_v2/8/biMaxInfgain/noAug__noImbl__minmax/random_forest,1780052279784_edb427c117800535574368229,0.9158512720156556,0.5802494802494803,0.5953086419753086,0.5868571965779824,0.9232925534295398,0.9158512720156554,0.9194586631937002,0.9158512720156556,0.9158512720156556,0.9158512720156556,0.8021729553374473
8,biMaxInfgain,minmax,noAug,noImbl,random_forest,last,0.25,0.2,42,2026-05-29 19:19:27,20260529-185745,log/stroke_prediction_v2/8/biMaxInfgain/noAug__noImbl__minmax/random_forest,1780052279784_edb427c117800535671501965,0.9148727984344422,0.5888835302628407,0.6137654320987654,0.5991885861112989,0.9258365630590476,0.9148727984344422,0.9200935957716496,0.9148727984344422,0.9148727984344422,0.9148727984344422,0.8066899991982844
8,biMaxInfgain,minmax,noAug,noImbl,random_forest,last,0.3,0.1,42,2026-05-29 19:19:19,20260529-185745,log/stroke_prediction_v2/8/biMaxInfgain/noAug__noImbl__minmax/random_forest,1780052279784_edb427c117800535597919692,0.9275929549902152,0.5610209601081811,0.5445679012345679,0.5508706083568901,0.9167887277726396,0.9275929549902152,0.9219582190362982,0.9275929549902152,0.9275929549902152,0.9275929549902152,0.794199265016603
8,biMaxInfgain,minmax,noAug,noImbl,random_forest,last,0.3,0.2,42,2026-05-29 19:19:29,20260529-185745,log/stroke_prediction_v2/8/biMaxInfgain/noAug__noImbl__minmax/random_forest,1780052279784_edb427c117800535695665051,0.9275929549902152,0.5862244897959183,0.5730246913580246,0.5788711689237349,0.9217700387395662,0.9275929549902152,0.9245931976907188,0.9275929549902152,0.9275929549902152,0.9275929549902152,0.804658758977605
8,biMaxInfgain,minmax,noAug,noImbl,random_forest,last,0.35,0.1,42,2026-05-29 19:19:22,20260529-185745,log/stroke_prediction_v2/8/biMaxInfgain/noAug__noImbl__minmax/random_forest,1780052279784_edb427c117800535621799359,0.9393346379647748,0.5770459081836328,0.5317695473251028,0.5414387031408306,0.9171988703610392,0.9393346379647748,0.9267959005228438,0.9393346379647748,0.9393346379647748,0.9393346379647748,0.7985704783224385
8,biMaxInfgain,minmax,noAug,noImbl,random_forest,last,0.35,0.2,42,2026-05-29 19:19:31,20260529-185745,log/stroke_prediction_v2/8/biMaxInfgain/noAug__noImbl__minmax/random_forest,1780052279784_edb427c117800535718209566,0.9373776908023485,0.6033702213279678,0.5591975308641977,0.5734668857761431,0.922164100060244,0.9373776908023485,0.9288967186513138,0.9373776908023485,0.9373776908023485,0.9373776908023485,0.8087788022102986
8,biMaxInfgain,minmax,noAug,noImbl,random_forest,last,0.5,0.1,42,2026-05-29 19:19:24,20260529-185745,log/stroke_prediction_v2/8/biMaxInfgain/noAug__noImbl__minmax/random_forest,1780052279784_edb427c117800535646343253,0.9510763209393346,0.7273175542406312,0.5379423868312758,0.5563774004236552,0.9323926863442143,0.9510763209393348,0.9338798949417636,0.9510763209393346,0.9510763209393346,0.9510763209393346,0.8237343854221587
8,biMaxInfgain,minmax,noAug,noImbl,random_forest,last,0.5,0.2,42,2026-05-29 19:19:34,20260529-185745,log/stroke_prediction_v2/8/biMaxInfgain/noAug__noImbl__minmax/random_forest,1780052279784_edb427c117800535741333219,0.952054794520548,0.7768928220255653,0.5289711934156378,0.5422277069335892,0.9364771487453024,0.952054794520548,0.9329832134022304,0.952054794520548,0.952054794520548,0.952054794520548,0.8263376722772425
8,biMaxInfgain,minmax,noAug,noImbl,sklearn_SVM,first,0.25,0.1,42,2026-05-29 19:18:57,20260529-185745,log/stroke_prediction_v2/8/biMaxInfgain/minmax__noAug__noImbl/sklearn_SVM,1780052279784_edb427c117800535376119645,0.9471624266144814,0.6013313609467457,0.5169135802469136,0.5208875924575477,0.9182858763996804,0.9471624266144816,0.9285902865371046,0.9471624266144814,0.9471624266144814,0.9471624266144814,0.7999397342543241
8,biMaxInfgain,minmax,noAug,noImbl,sklearn_SVM,first,0.25,0.2,42,2026-05-29 19:19:07,20260529-185745,log/stroke_prediction_v2/8/biMaxInfgain/minmax__noAug__noImbl/sklearn_SVM,1780052279784_edb427c117800535474761156,0.9510763209393346,0.7259803921568627,0.509485596707819,0.5066805684275564,0.929849199953954,0.9510763209393348,0.9290856032892674,0.9510763209393346,0.9510763209393346,0.9510763209393346,0.8123269730151209
8,biMaxInfgain,minmax,noAug,noImbl,sklearn_SVM,first,0.3,0.1,42,2026-05-29 19:19:00,20260529-185745,log/stroke_prediction_v2/8/biMaxInfgain/minmax__noAug__noImbl/sklearn_SVM,1780052279784_edb427c117800535400683930,0.9510763209393346,0.7264243614931238,0.5189711934156378,0.5244742229666852,0.9306936973998362,0.9510763209393344,0.9308039071927005,0.9510763209393346,0.9510763209393346,0.9510763209393346,0.8163311731305013
8,biMaxInfgain,minmax,noAug,noImbl,sklearn_SVM,first,0.3,0.2,42,2026-05-29 19:19:09,20260529-185745,log/stroke_prediction_v2/8/biMaxInfgain/minmax__noAug__noImbl/sklearn_SVM,1780052279784_edb427c117800535499108994,0.9500978473581212,0.4755142017629775,0.499485596707819,0.4872052182639237,0.9045005951342742,0.9500978473581214,0.9267386930577962,0.9500978473581212,0.9500978473581212,0.9500978473581212,0.7800807650020133
8,biMaxInfgain,minmax,noAug,noImbl,sklearn_SVM,first,0.35,0.1,42,2026-05-29 19:19:02,20260529-185745,log/stroke_prediction_v2/8/biMaxInfgain/minmax__noAug__noImbl/sklearn_SVM,1780052279784_edb427c117800535425564092,0.9510763209393346,0.7264243614931238,0.5189711934156378,0.5244742229666852,0.9306936973998362,0.9510763209393344,0.9308039071927005,0.9510763209393346,0.9510763209393346,0.9510763209393346,0.8163311731305013
8,biMaxInfgain,minmax,noAug,noImbl,sklearn_SVM,first,0.35,0.2,42,2026-05-29 19:19:12,20260529-185745,log/stroke_prediction_v2/8/biMaxInfgain/minmax__noAug__noImbl/sklearn_SVM,1780052279784_edb427c117800535521973528,0.9510763209393346,0.7259803921568627,0.509485596707819,0.5066805684275564,0.929849199953954,0.9510763209393348,0.9290856032892674,0.9510763209393346,0.9510763209393346,0.9510763209393346,0.8123269730151209
8,biMaxInfgain,minmax,noAug,noImbl,sklearn_SVM,first,0.5,0.1,42,2026-05-29 19:19:05,20260529-185745,log/stroke_prediction_v2/8/biMaxInfgain/minmax__noAug__noImbl/sklearn_SVM,1780052279784_edb427c117800535450519118,0.949119373776908,0.4754901960784314,0.4989711934156378,0.4869477911646586,0.9044549326579948,0.949119373776908,0.926249027420838,0.949119373776908,0.949119373776908,0.949119373776908,0.7795189045137939
8,biMaxInfgain,minmax,noAug,noImbl,sklearn_SVM,first,0.5,0.2,42,2026-05-29 19:19:14,20260529-185745,log/stroke_prediction_v2/8/biMaxInfgain/minmax__noAug__noImbl/sklearn_SVM,1780052279784_edb427c117800535545015736,0.9510763209393346,0.7259803921568627,0.509485596707819,0.5066805684275564,0.929849199953954,0.9510763209393348,0.9290856032892674,0.9510763209393346,0.9510763209393346,0.9510763209393346,0.8123269730151209
8,biMaxInfgain,minmax,noAug,noImbl,sklearn_SVM,last,0.25,0.1,42,2026-05-29 19:19:16,20260529-185745,log/stroke_prediction_v2/8/biMaxInfgain/noAug__noImbl__minmax/sklearn_SVM,1780052279784_edb427c117800535569887382,0.949119373776908,0.4754901960784314,0.4989711934156378,0.4869477911646586,0.9044549326579948,0.949119373776908,0.926249027420838,0.949119373776908,0.949119373776908,0.949119373776908,0.7795189045137939
8,biMaxInfgain,minmax,noAug,noImbl,sklearn_SVM,last,0.25,0.2,42,2026-05-29 19:19:26,20260529-185745,log/stroke_prediction_v2/8/biMaxInfgain/noAug__noImbl__minmax/sklearn_SVM,1780052279784_edb427c117800535667142576,0.9481409001956947,0.5759095378564405,0.5079423868312758,0.5048585401526577,0.915037320541018,0.9481409001956947,0.9275124553126164,0.9481409001956947,0.9481409001956947,0.9481409001956947,0.7940009339209423
8,biMaxInfgain,minmax,noAug,noImbl,sklearn_SVM,last,0.3,0.1,42,2026-05-29 19:19:19,20260529-185745,log/stroke_prediction_v2/8/biMaxInfgain/noAug__noImbl__minmax/sklearn_SVM,1780052279784_edb427c117800535593393376,0.949119373776908,0.6430446194225722,0.5179423868312758,0.5226358148893361,0.9224514743876192,0.949119373776908,0.9296936216122568,0.949119373776908,0.949119373776908,0.949119373776908,0.8058410130501487
8,biMaxInfgain,minmax,noAug,noImbl,sklearn_SVM,last,0.3,0.2,42,2026-05-29 19:19:29,20260529-185745,log/stroke_prediction_v2/8/biMaxInfgain/noAug__noImbl__minmax/sklearn_SVM,1780052279784_edb427c117800535691204556,0.9500978473581212,0.6426234870788354,0.5089711934156378,0.5060602901737061,0.9216504163874,0.9500978473581212,0.9285604219838514,0.9500978473581212,0.9500978473581212,0.9500978473581212,0.8025567554550692
8,biMaxInfgain,minmax,noAug,noImbl,sklearn_SVM,last,0.35,0.1,42,2026-05-29 19:19:21,20260529-185745,log/stroke_prediction_v2/8/biMaxInfgain/noAug__noImbl__minmax/sklearn_SVM,1780052279784_edb427c117800535617187924,0.949119373776908,0.6430446194225722,0.5179423868312758,0.5226358148893361,0.9224514743876192,0.949119373776908,0.9296936216122568,0.949119373776908,0.949119373776908,0.949119373776908,0.8058410130501487
8,biMaxInfgain,minmax,noAug,noImbl,sklearn_SVM,last,0.35,0.2,42,2026-05-29 19:19:31,20260529-185745,log/stroke_prediction_v2/8/biMaxInfgain/noAug__noImbl__minmax/sklearn_SVM,1780052279784_edb427c117800535714003670,0.9510763209393346,0.7259803921568627,0.509485596707819,0.5066805684275564,0.929849199953954,0.9510763209393348,0.9290856032892674,0.9510763209393346,0.9510763209393346,0.9510763209393346,0.8123269730151209
8,biMaxInfgain,minmax,noAug,noImbl,sklearn_SVM,last,0.5,0.1,42,2026-05-29 19:19:24,20260529-185745,log/stroke_prediction_v2/8/biMaxInfgain/noAug__noImbl__minmax/sklearn_SVM,1780052279784_edb427c117800535641733584,0.9510763209393346,0.7264243614931238,0.5189711934156378,0.5244742229666852,0.9306936973998362,0.9510763209393344,0.9308039071927005,0.9510763209393346,0.9510763209393346,0.9510763209393346,0.8163311731305013
8,biMaxInfgain,minmax,noAug,noImbl,sklearn_SVM,last,0.5,0.2,42,2026-05-29 19:19:33,20260529-185745,log/stroke_prediction_v2/8/biMaxInfgain/noAug__noImbl__minmax/sklearn_SVM,1780052279784_edb427c117800535737023805,0.9510763209393346,0.7259803921568627,0.509485596707819,0.5066805684275564,0.929849199953954,0.9510763209393348,0.9290856032892674,0.9510763209393346,0.9510763209393346,0.9510763209393346,0.8123269730151209
8,biMaxInfgain,standard,gaussian_noise,noImbl,DTmodel,first,0.25,0.1,42,2026-05-29 19:19:41,20260529-185745,log/stroke_prediction_v2/8/biMaxInfgain/standard__gaussian_noise__noImbl/DTmodel,1780052279784_edb427c117800535818188175,0.9354207436399216,0.5602872411489644,0.5297119341563786,0.537302785018521,0.915393082315969,0.9354207436399216,0.924501896673512,0.9354207436399216,0.9354207436399216,0.9354207436399216,0.7939782254719046
8,biMaxInfgain,standard,gaussian_noise,noImbl,DTmodel,first,0.25,0.2,42,2026-05-29 19:20:16,20260529-185745,log/stroke_prediction_v2/8/biMaxInfgain/standard__gaussian_noise__noImbl/DTmodel,1780052279784_edb427c117800536161534509,0.9227005870841488,0.5594341639546762,0.5514814814814815,0.5550227895261872,0.9172671149433234,0.9227005870841486,0.91993014081622,0.9227005870841488,0.9227005870841488,0.9227005870841488,0.7931414504229686
8,biMaxInfgain,standard,gaussian_noise,noImbl,DTmodel,first,0.3,0.1,42,2026-05-29 19:19:50,20260529-185745,log/stroke_prediction_v2/8/biMaxInfgain/standard__gaussian_noise__noImbl/DTmodel,1780052279784_edb427c117800535903653675,0.9256360078277888,0.6110345883073156,0.6194238683127572,0.6150277557494052,0.928389630755758,0.9256360078277888,0.9269894206908752,0.9256360078277888,0.9256360078277888,0.9256360078277884,0.8174417883347403
8,biMaxInfgain,standard,gaussian_noise,noImbl,DTmodel,first,0.3,0.2,42,2026-05-29 19:20:23,20260529-185745,log/stroke_prediction_v2/8/biMaxInfgain/standard__gaussian_noise__noImbl/DTmodel,1780052279784_edb427c117800536238726904,0.926614481409002,0.5678717687873334,0.5535390946502058,0.559470099715509,0.9182539520894292,0.926614481409002,0.922285876694502,0.926614481409002,0.926614481409002,0.926614481409002,0.7968756705777992
8,biMaxInfgain,standard,gaussian_noise,noImbl,DTmodel,first,0.35,0.1,42,2026-05-29 19:19:59,20260529-185745,log/stroke_prediction_v2/8/biMaxInfgain/standard__gaussian_noise__noImbl/DTmodel,1780052279784_edb427c117800535993401067,0.929549902152642,0.5986394557823128,0.5835390946502058,0.5902530292230934,0.9239053742827854,0.929549902152642,0.9266312193747532,0.929549902152642,0.929549902152642,0.929549902152642,0.809960990622264
8,biMaxInfgain,standard,gaussian_noise,noImbl,DTmodel,first,0.35,0.2,42,2026-05-29 19:20:31,20260529-185745,log/stroke_prediction_v2/8/biMaxInfgain/standard__gaussian_noise__noImbl/DTmodel,1780052279784_edb427c117800536315221438,0.9090019569471623,0.5155287655742008,0.5158230452674897,0.5156718965772028,0.9098573334501472,0.9090019569471623,0.9094290254166196,0.9090019569471623,0.9090019569471623,0.9090019569471623,0.7714868355071218
8,biMaxInfgain,standard,gaussian_noise,noImbl,DTmodel,first,0.5,0.1,42,2026-05-29 19:20:08,20260529-185745,log/stroke_prediction_v2/8/biMaxInfgain/standard__gaussian_noise__noImbl/DTmodel,1780052279784_edb427c117800536083410606,0.923679060665362,0.532228983547442,0.5235390946502058,0.5265933439437489,0.9121415847082022,0.923679060665362,0.9177397443896114,0.923679060665362,0.923679060665362,0.923679060665362,0.7829125538067335
8,biMaxInfgain,standard,gaussian_noise,noImbl,DTmodel,first,0.5,0.2,42,2026-05-29 19:20:38,20260529-185745,log/stroke_prediction_v2/8/biMaxInfgain/standard__gaussian_noise__noImbl/DTmodel,1780052279784_edb427c117800536387016732,0.9099804305283756,0.5071226899383984,0.5068518518518518,0.5069740126266333,0.9082402243055248,0.9099804305283756,0.9091081222645192,0.9099804305283756,0.9099804305283756,0.9099804305283756,0.7686259690546006
8,biMaxInfgain,standard,gaussian_noise,noImbl,DTmodel,last,0.25,0.1,42,2026-05-29 19:20:47,20260529-185745,log/stroke_prediction_v2/8/biMaxInfgain/gaussian_noise__noImbl__standard/DTmodel,1780052279784_edb427c117800536475417585,0.929549902152642,0.5839216944801026,0.5645679012345679,0.5725041829336307,0.9207813218311396,0.929549902152642,0.9249625909849456,0.929549902152642,0.929549902152642,0.929549902152642,0.8033670687034241
8,biMaxInfgain,standard,gaussian_noise,noImbl,DTmodel,last,0.25,0.2,42,2026-05-29 19:21:21,20260529-185745,log/stroke_prediction_v2/8/biMaxInfgain/gaussian_noise__noImbl__standard/DTmodel,1780052279784_edb427c117800536819990546,0.9158512720156556,0.531294547398432,0.5289094650205762,0.5300094113620807,0.9125432571802384,0.9158512720156556,0.9141845685139124,0.9158512720156556,0.9158512720156556,0.9158512720156556,0.7802443327475856
8,biMaxInfgain,standard,gaussian_noise,noImbl,DTmodel,last,0.3,0.1,42,2026-05-29 19:20:55,20260529-185745,log/stroke_prediction_v2/8/biMaxInfgain/gaussian_noise__noImbl__standard/DTmodel,1780052279784_edb427c117800536559582962,0.923679060665362,0.5694366982710541,0.5614814814814814,0.5651063829787234,0.9191277669301032,0.923679060665362,0.9213607028354917,0.923679060665362,0.923679060665362,0.923679060665362,0.7974462818065408
8,biMaxInfgain,standard,gaussian_noise,noImbl,DTmodel,last,0.3,0.2,42,2026-05-29 19:21:28,20260529-185745,log/stroke_prediction_v2/8/biMaxInfgain/gaussian_noise__noImbl__standard/DTmodel,1780052279784_edb427c117800536888614624,0.9275929549902152,0.5610209601081811,0.5445679012345679,0.5508706083568901,0.9167887277726396,0.9275929549902152,0.9219582190362982,0.9275929549902152,0.9275929549902152,0.9275929549902152,0.794199265016603
8,biMaxInfgain,standard,gaussian_noise,noImbl,DTmodel,last,0.35,0.1,42,2026-05-29 19:21:04,20260529-185745,log/stroke_prediction_v2/8/biMaxInfgain/gaussian_noise__noImbl__standard/DTmodel,1780052279784_edb427c117800536649749449,0.923679060665362,0.6156618156618157,0.6373662551440329,0.6252890852684027,0.9305087113306292,0.923679060665362,0.9269508805710304,0.923679060665362,0.923679060665362,0.923679060665362,0.8206612973557073
8,biMaxInfgain,standard,gaussian_noise,noImbl,DTmodel,last,0.35,0.2,42,2026-05-29 19:21:35,20260529-185745,log/stroke_prediction_v2/8/biMaxInfgain/gaussian_noise__noImbl__standard/DTmodel,1780052279784_edb427c117800536958682696,0.9080234833659492,0.4961926762491444,0.4963374485596708,0.4962560563793863,0.906244516596546,0.9080234833659492,0.9071322118789652,0.9080234833659492,0.9080234833659492,0.9080234833659492,0.7635950977256684
8,biMaxInfgain,standard,gaussian_noise,noImbl,DTmodel,last,0.5,0.1,42,2026-05-29 19:21:14,20260529-185745,log/stroke_prediction_v2/8/biMaxInfgain/gaussian_noise__noImbl__standard/DTmodel,1780052279784_edb427c117800536741756234,0.923679060665362,0.5694366982710541,0.5614814814814814,0.5651063829787234,0.9191277669301032,0.923679060665362,0.9213607028354917,0.923679060665362,0.923679060665362,0.923679060665362,0.7974462818065408
8,biMaxInfgain,standard,gaussian_noise,noImbl,DTmodel,last,0.5,0.2,42,2026-05-29 19:21:42,20260529-185745,log/stroke_prediction_v2/8/biMaxInfgain/gaussian_noise__noImbl__standard/DTmodel,1780052279784_edb427c117800537023928353,0.9187866927592956,0.5441487546912316,0.5399382716049383,0.5418649239826092,0.9147669723937584,0.9187866927592956,0.9167536735102304,0.9187866927592956,0.9187866927592956,0.9187866927592956,0.7861928665966367
8,biMaxInfgain,standard,gaussian_noise,noImbl,GradientBoosting,first,0.25,0.1,42,2026-05-29 19:19:44,20260529-185745,log/stroke_prediction_v2/8/biMaxInfgain/standard__gaussian_noise__noImbl/GradientBoosting,1780052279784_edb427c117800535840881648,0.949119373776908,0.6924603174603174,0.5558847736625514,0.5806186868686869,0.9305283757338552,0.949119373776908,0.935271748799146,0.949119373776908,0.949119373776908,0.949119373776908,0.8249186615466103
8,biMaxInfgain,standard,gaussian_noise,noImbl,GradientBoosting,first,0.25,0.2,42,2026-05-29 19:20:18,20260529-185745,log/stroke_prediction_v2/8/biMaxInfgain/standard__gaussian_noise__noImbl/GradientBoosting,1780052279784_edb427c117800536186284491,0.9471624266144814,0.65625,0.5453703703703704,0.5644886363636363,0.926090299133352,0.9471624266144816,0.9327822006760365,0.9471624266144814,0.9471624266144814,0.9471624266144814,0.8162266631521155
8,biMaxInfgain,standard,gaussian_noise,noImbl,GradientBoosting,first,0.3,0.1,42,2026-05-29 19:19:52,20260529-185745,log/stroke_prediction_v2/8/biMaxInfgain/standard__gaussian_noise__noImbl/GradientBoosting,1780052279784_edb427c117800535927986282,0.943248532289628,0.6280439121756487,0.552798353909465,0.5710233029381965,0.9239895941971242,0.943248532289628,0.9315187456504024,0.943248532289628,0.943248532289628,0.943248532289628,0.8131639062323648
8,biMaxInfgain,standard,gaussian_noise,noImbl,GradientBoosting,first,0.3,0.2,42,2026-05-29 19:20:26,20260529-185745,log/stroke_prediction_v2/8/biMaxInfgain/standard__gaussian_noise__noImbl/GradientBoosting,1780052279784_edb427c117800536263828709,0.9500978473581212,0.6911330049261084,0.5279423868312758,0.5397981617354912,0.9280036246903108,0.9500978473581214,0.9318150634391856,0.9500978473581212,0.9500978473581212,0.9500978473581212,0.8154890243642193
8,biMaxInfgain,standard,gaussian_noise,noImbl,GradientBoosting,first,0.35,0.1,42,2026-05-29 19:20:01,20260529-185745,log/stroke_prediction_v2/8/biMaxInfgain/standard__gaussian_noise__noImbl/GradientBoosting,1780052279784_edb427c117800536018937602,0.9471624266144814,0.475442043222004,0.4979423868312758,0.4864321608040201,0.9043633385749272,0.9471624266144816,0.9252682197681164,0.9471624266144814,0.9471624266144814,0.9471624266144814,0.7783948045944336
8,biMaxInfgain,standard,gaussian_noise,noImbl,GradientBoosting,first,0.35,0.2,42,2026-05-29 19:20:33,20260529-185745,log/stroke_prediction_v2/8/biMaxInfgain/standard__gaussian_noise__noImbl/GradientBoosting,1780052279784_edb427c117800536338428647,0.9471624266144814,0.475442043222004,0.4979423868312758,0.4864321608040201,0.9043633385749272,0.9471624266144816,0.9252682197681164,0.9471624266144814,0.9471624266144814,0.9471624266144814,0.7783948045944336
8,biMaxInfgain,standard,gaussian_noise,noImbl,GradientBoosting,first,0.5,0.1,42,2026-05-29 19:20:10,20260529-185745,log/stroke_prediction_v2/8/biMaxInfgain/standard__gaussian_noise__noImbl/GradientBoosting,1780052279784_edb427c117800536109640853,0.9393346379647748,0.5770459081836328,0.5317695473251028,0.5414387031408306,0.9171988703610392,0.9393346379647748,0.9267959005228438,0.9393346379647748,0.9393346379647748,0.9393346379647748,0.7985704783224385
8,biMaxInfgain,standard,gaussian_noise,noImbl,GradientBoosting,first,0.5,0.2,42,2026-05-29 19:20:41,20260529-185745,log/stroke_prediction_v2/8/biMaxInfgain/standard__gaussian_noise__noImbl/GradientBoosting,1780052279784_edb427c117800536412141683,0.949119373776908,0.4754901960784314,0.4989711934156378,0.4869477911646586,0.9044549326579948,0.949119373776908,0.926249027420838,0.949119373776908,0.949119373776908,0.949119373776908,0.7795189045137939
8,biMaxInfgain,standard,gaussian_noise,noImbl,GradientBoosting,last,0.25,0.1,42,2026-05-29 19:20:50,20260529-185745,log/stroke_prediction_v2/8/biMaxInfgain/gaussian_noise__noImbl__standard/GradientBoosting,1780052279784_edb427c117800536500552842,0.9452054794520548,0.6447543160690571,0.5538271604938272,0.574065253631817,0.9257035783805416,0.9452054794520548,0.932756331416156,0.9452054794520548,0.9452054794520548,0.9452054794520548,0.8165339350323603
8,biMaxInfgain,standard,gaussian_noise,noImbl,GradientBoosting,last,0.25,0.2,42,2026-05-29 19:21:24,20260529-185745,log/stroke_prediction_v2/8/biMaxInfgain/gaussian_noise__noImbl__standard/GradientBoosting,1780052279784_edb427c117800536843144314,0.946183953033268,0.6443230718305196,0.5448559670781893,0.5630271698993276,0.9248832860129128,0.946183953033268,0.9321709045382964,0.946183953033268,0.946183953033268,0.946183953033268,0.8141595248711129
8,biMaxInfgain,standard,gaussian_noise,noImbl,GradientBoosting,last,0.3,0.1,42,2026-05-29 19:20:58,20260529-185745,log/stroke_prediction_v2/8/biMaxInfgain/gaussian_noise__noImbl__standard/GradientBoosting,1780052279784_edb427c117800536585042143,0.9452054794520548,0.6608181818181817,0.572798353909465,0.5969123281496507,0.9289215442092154,0.9452054794520548,0.9349399970978788,0.9452054794520548,0.9452054794520548,0.9452054794520548,0.8241138485616374
8,biMaxInfgain,standard,gaussian_noise,noImbl,GradientBoosting,last,0.3,0.2,42,2026-05-29 19:21:31,20260529-185745,log/stroke_prediction_v2/8/biMaxInfgain/gaussian_noise__noImbl__standard/GradientBoosting,1780052279784_edb427c117800536913476980,0.9452054794520548,0.5762845849802372,0.5158847736625514,0.5192204301075269,0.9157507174183768,0.9452054794520548,0.9274930033878336,0.9452054794520548,0.9452054794520548,0.9452054794520548,0.7958812144112423
8,biMaxInfgain,standard,gaussian_noise,noImbl,GradientBoosting,last,0.35,0.1,42,2026-05-29 19:21:07,20260529-185745,log/stroke_prediction_v2/8/biMaxInfgain/gaussian_noise__noImbl__standard/GradientBoosting,1780052279784_edb427c117800536674785900,0.9510763209393346,0.7273175542406312,0.5379423868312758,0.5563774004236552,0.9323926863442143,0.9510763209393348,0.9338798949417636,0.9510763209393346,0.9510763209393346,0.9510763209393346,0.8237343854221587
8,biMaxInfgain,standard,gaussian_noise,noImbl,GradientBoosting,last,0.35,0.2,42,2026-05-29 19:21:38,20260529-185745,log/stroke_prediction_v2/8/biMaxInfgain/gaussian_noise__noImbl__standard/GradientBoosting,1780052279784_edb427c117800536980491775,0.9500978473581212,0.6426234870788354,0.5089711934156378,0.5060602901737061,0.9216504163874,0.9500978473581212,0.9285604219838514,0.9500978473581212,0.9500978473581212,0.9500978473581212,0.8025567554550692
8,biMaxInfgain,standard,gaussian_noise,noImbl,GradientBoosting,last,0.5,0.1,42,2026-05-29 19:21:16,20260529-185745,log/stroke_prediction_v2/8/biMaxInfgain/gaussian_noise__noImbl__standard/GradientBoosting,1780052279784_edb427c117800536767211585,0.9471624266144814,0.475442043222004,0.4979423868312758,0.4864321608040201,0.9043633385749272,0.9471624266144816,0.9252682197681164,0.9471624266144814,0.9471624266144814,0.9471624266144814,0.7783948045944336
8,biMaxInfgain,standard,gaussian_noise,noImbl,GradientBoosting,last,0.5,0.2,42,2026-05-29 19:21:44,20260529-185745,log/stroke_prediction_v2/8/biMaxInfgain/gaussian_noise__noImbl__standard/GradientBoosting,1780052279784_edb427c117800537044962355,0.9403131115459884,0.5428334988414433,0.513312757201646,0.5153574066156178,0.9122651550043368,0.9403131115459884,0.9247713668515652,0.9403131115459884,0.9403131115459884,0.9403131115459884,0.7889857017432153
8,biMaxInfgain,standard,gaussian_noise,noImbl,LogisticRegression,first,0.25,0.1,42,2026-05-29 19:19:42,20260529-185745,log/stroke_prediction_v2/8/biMaxInfgain/standard__gaussian_noise__noImbl/LogisticRegression,1780052279784_edb427c117800535822678326,0.943248532289628,0.6280439121756487,0.552798353909465,0.5710233029381965,0.9239895941971242,0.943248532289628,0.9315187456504024,0.943248532289628,0.943248532289628,0.943248532289628,0.8131639062323648
8,biMaxInfgain,standard,gaussian_noise,noImbl,LogisticRegression,first,0.25,0.2,42,2026-05-29 19:20:16,20260529-185745,log/stroke_prediction_v2/8/biMaxInfgain/standard__gaussian_noise__noImbl/LogisticRegression,1780052279784_edb427c117800536166197714,0.9452054794520548,0.633884194831014,0.5443415637860082,0.561601862916322,0.9238217952558624,0.9452054794520548,0.9315626730062234,0.9452054794520548,0.9452054794520548,0.9452054794520548,0.8122616275564919
8,biMaxInfgain,standard,gaussian_noise,noImbl,LogisticRegression,first,0.3,0.1,42,2026-05-29 19:19:50,20260529-185745,log/stroke_prediction_v2/8/biMaxInfgain/standard__gaussian_noise__noImbl/LogisticRegression,1780052279784_edb427c117800535908061659,0.9530332681017613,0.8106955380577427,0.5389711934156378,0.5593561368209254,0.9406315648900052,0.9530332681017613,0.93510180456516,0.9530332681017613,0.9530332681017613,0.9530332681017613,0.8344118280849556
8,biMaxInfgain,standard,gaussian_noise,noImbl,LogisticRegression,first,0.3,0.2,42,2026-05-29 19:20:24,20260529-185745,log/stroke_prediction_v2/8/biMaxInfgain/standard__gaussian_noise__noImbl/LogisticRegression,1780052279784_edb427c117800536243410937,0.952054794520548,0.8097808308799477,0.519485596707819,0.5254304748727765,0.9388916522152168,0.952054794520548,0.931361974062916,0.952054794520548,0.952054794520548,0.952054794520548,0.8261565931288712
8,biMaxInfgain,standard,gaussian_noise,noImbl,LogisticRegression,first,0.35,0.1,42,2026-05-29 19:19:59,20260529-185745,log/stroke_prediction_v2/8/biMaxInfgain/standard__gaussian_noise__noImbl/LogisticRegression,1780052279784_edb427c117800535998333646,0.949119373776908,0.4754901960784314,0.4989711934156378,0.4869477911646586,0.9044549326579948,0.949119373776908,0.926249027420838,0.949119373776908,0.949119373776908,0.949119373776908,0.7795189045137939
8,biMaxInfgain,standard,gaussian_noise,noImbl,LogisticRegression,first,0.35,0.2,42,2026-05-29 19:20:32,20260529-185745,log/stroke_prediction_v2/8/biMaxInfgain/standard__gaussian_noise__noImbl/LogisticRegression,1780052279784_edb427c117800536320067593,0.9510763209393346,0.7259803921568627,0.509485596707819,0.5066805684275564,0.929849199953954,0.9510763209393348,0.9290856032892674,0.9510763209393346,0.9510763209393346,0.9510763209393346,0.8123269730151209
8,biMaxInfgain,standard,gaussian_noise,noImbl,LogisticRegression,first,0.5,0.1,42,2026-05-29 19:20:08,20260529-185745,log/stroke_prediction_v2/8/biMaxInfgain/standard__gaussian_noise__noImbl/LogisticRegression,1780052279784_edb427c117800536088332731,0.9510763209393346,0.4755381604696673,0.5,0.4874623871614844,0.9045461682515002,0.9510763209393346,0.9272278675557002,0.9510763209393346,0.9510763209393346,0.9510763209393346,0.7806424994554282
8,biMaxInfgain,standard,gaussian_noise,noImbl,LogisticRegression,first,0.5,0.2,42,2026-05-29 19:20:39,20260529-185745,log/stroke_prediction_v2/8/biMaxInfgain/standard__gaussian_noise__noImbl/LogisticRegression,1780052279784_edb427c117800536391618027,0.9510763209393346,0.4755381604696673,0.5,0.4874623871614844,0.9045461682515002,0.9510763209393346,0.9272278675557002,0.9510763209393346,0.9510763209393346,0.9510763209393346,0.7806424994554282
8,biMaxInfgain,standard,gaussian_noise,noImbl,LogisticRegression,last,0.25,0.1,42,2026-05-29 19:20:48,20260529-185745,log/stroke_prediction_v2/8/biMaxInfgain/gaussian_noise__noImbl__standard/LogisticRegression,1780052279784_edb427c117800536480273407,0.943248532289628,0.6280439121756487,0.552798353909465,0.5710233029381965,0.9239895941971242,0.943248532289628,0.9315187456504024,0.943248532289628,0.943248532289628,0.943248532289628,0.8131639062323648
8,biMaxInfgain,standard,gaussian_noise,noImbl,LogisticRegression,last,0.25,0.2,42,2026-05-29 19:21:22,20260529-185745,log/stroke_prediction_v2/8/biMaxInfgain/gaussian_noise__noImbl__standard/LogisticRegression,1780052279784_edb427c117800536824784402,0.946183953033268,0.6443230718305196,0.5448559670781893,0.5630271698993276,0.9248832860129128,0.946183953033268,0.9321709045382964,0.946183953033268,0.946183953033268,0.946183953033268,0.8141595248711129
8,biMaxInfgain,standard,gaussian_noise,noImbl,LogisticRegression,last,0.3,0.1,42,2026-05-29 19:20:56,20260529-185745,log/stroke_prediction_v2/8/biMaxInfgain/gaussian_noise__noImbl__standard/LogisticRegression,1780052279784_edb427c117800536564541916,0.9549902152641878,0.8533037475345169,0.5589711934156378,0.5918672083897627,0.9464994962887484,0.9549902152641876,0.9391695033464224,0.9549902152641878,0.9549902152641878,0.9549902152641878,0.8475290365899929
8,biMaxInfgain,standard,gaussian_noise,noImbl,LogisticRegression,last,0.3,0.2,42,2026-05-29 19:21:29,20260529-185745,log/stroke_prediction_v2/8/biMaxInfgain/gaussian_noise__noImbl__standard/LogisticRegression,1780052279784_edb427c117800536893446252,0.952054794520548,0.7768928220255653,0.5289711934156378,0.5422277069335892,0.9364771487453024,0.952054794520548,0.9329832134022304,0.952054794520548,0.952054794520548,0.952054794520548,0.8263376722772425
8,biMaxInfgain,standard,gaussian_noise,noImbl,LogisticRegression,last,0.35,0.1,42,2026-05-29 19:21:05,20260529-185745,log/stroke_prediction_v2/8/biMaxInfgain/gaussian_noise__noImbl__standard/LogisticRegression,1780052279784_edb427c117800536654709432,0.949119373776908,0.4754901960784314,0.4989711934156378,0.4869477911646586,0.9044549326579948,0.949119373776908,0.926249027420838,0.949119373776908,0.949119373776908,0.949119373776908,0.7795189045137939
8,biMaxInfgain,standard,gaussian_noise,noImbl,LogisticRegression,last,0.35,0.2,42,2026-05-29 19:21:36,20260529-185745,log/stroke_prediction_v2/8/biMaxInfgain/gaussian_noise__noImbl__standard/LogisticRegression,1780052279784_edb427c117800536963156549,0.952054794520548,0.976003917727718,0.51,0.5073148175476915,0.9543557887110408,0.952054794520548,0.9296116854869024,0.952054794520548,0.952054794520548,0.952054794520548,0.840396863907284
8,biMaxInfgain,standard,gaussian_noise,noImbl,LogisticRegression,last,0.5,0.1,42,2026-05-29 19:21:14,20260529-185745,log/stroke_prediction_v2/8/biMaxInfgain/gaussian_noise__noImbl__standard/LogisticRegression,1780052279784_edb427c117800536746961547,0.9510763209393346,0.4755381604696673,0.5,0.4874623871614844,0.9045461682515002,0.9510763209393346,0.9272278675557002,0.9510763209393346,0.9510763209393346,0.9510763209393346,0.7806424994554282
8,biMaxInfgain,standard,gaussian_noise,noImbl,LogisticRegression,last,0.5,0.2,42,2026-05-29 19:21:42,20260529-185745,log/stroke_prediction_v2/8/biMaxInfgain/gaussian_noise__noImbl__standard/LogisticRegression,1780052279784_edb427c117800537028049463,0.9510763209393346,0.4755381604696673,0.5,0.4874623871614844,0.9045461682515002,0.9510763209393346,0.9272278675557002,0.9510763209393346,0.9510763209393346,0.9510763209393346,0.7806424994554282
8,biMaxInfgain,standard,gaussian_noise,noImbl,XGBmodel,first,0.25,0.1,42,2026-05-29 19:19:41,20260529-185745,log/stroke_prediction_v2/8/biMaxInfgain/standard__gaussian_noise__noImbl/XGBmodel,1780052279784_edb427c117800535816108021,0.943248532289628,0.64562458249833,0.5717695473251028,0.5933872959253669,0.9273589579681214,0.943248532289628,0.9336531819252074,0.943248532289628,0.943248532289628,0.943248532289628,0.8208307933725927
8,biMaxInfgain,standard,gaussian_noise,noImbl,XGBmodel,first,0.25,0.2,42,2026-05-29 19:20:15,20260529-185745,log/stroke_prediction_v2/8/biMaxInfgain/standard__gaussian_noise__noImbl/XGBmodel,1780052279784_edb427c117800536159165661,0.9363992172211352,0.5639334987161074,0.5302263374485596,0.5383054287163875,0.915791482795652,0.936399217221135,0.9250730504248988,0.9363992172211352,0.9363992172211352,0.9363992172211352,0.7950615906556787
8,biMaxInfgain,standard,gaussian_noise,noImbl,XGBmodel,first,0.3,0.1,42,2026-05-29 19:19:50,20260529-185745,log/stroke_prediction_v2/8/biMaxInfgain/standard__gaussian_noise__noImbl/XGBmodel,1780052279784_edb427c117800535901443168,0.949119373776908,0.6924603174603174,0.5558847736625514,0.5806186868686869,0.9305283757338552,0.949119373776908,0.935271748799146,0.949119373776908,0.949119373776908,0.949119373776908,0.8249186615466103
8,biMaxInfgain,standard,gaussian_noise,noImbl,XGBmodel,first,0.3,0.2,42,2026-05-29 19:20:23,20260529-185745,log/stroke_prediction_v2/8/biMaxInfgain/standard__gaussian_noise__noImbl/XGBmodel,1780052279784_edb427c117800536236482157,0.9481409001956947,0.6700083860638865,0.5458847736625514,0.5659879970834033,0.9274764362943354,0.9481409001956946,0.9333967318795792,0.9481409001956947,0.9481409001956947,0.9481409001956947,0.8185010290248024
8,biMaxInfgain,standard,gaussian_noise,noImbl,XGBmodel,first,0.35,0.1,42,2026-05-29 19:19:59,20260529-185745,log/stroke_prediction_v2/8/biMaxInfgain/standard__gaussian_noise__noImbl/XGBmodel,1780052279784_edb427c117800535990929108,0.949119373776908,0.6772727272727272,0.5369135802469136,0.5535618279569893,0.927415050702722,0.949119373776908,0.9326720745744168,0.949119373776908,0.949119373776908,0.949119373776908,0.8167429707127102
8,biMaxInfgain,standard,gaussian_noise,noImbl,XGBmodel,first,0.35,0.2,42,2026-05-29 19:20:31,20260529-185745,log/stroke_prediction_v2/8/biMaxInfgain/standard__gaussian_noise__noImbl/XGBmodel,1780052279784_edb427c117800536313101595,0.9481409001956947,0.4754661432777232,0.4984567901234568,0.4866901054746358,0.9044091805595832,0.9481409001956947,0.9257588699047868,0.9481409001956947,0.9481409001956947,0.9481409001956947,0.7789569177812675
8,biMaxInfgain,standard,gaussian_noise,noImbl,XGBmodel,first,0.5,0.1,42,2026-05-29 19:20:08,20260529-185745,log/stroke_prediction_v2/8/biMaxInfgain/standard__gaussian_noise__noImbl/XGBmodel,1780052279784_edb427c117800536080992503,0.9510763209393346,0.4755381604696673,0.5,0.4874623871614844,0.9045461682515002,0.9510763209393346,0.9272278675557002,0.9510763209393346,0.9510763209393346,0.9510763209393346,0.7806424994554282
8,biMaxInfgain,standard,gaussian_noise,noImbl,XGBmodel,first,0.5,0.2,42,2026-05-29 19:20:38,20260529-185745,log/stroke_prediction_v2/8/biMaxInfgain/standard__gaussian_noise__noImbl/XGBmodel,1780052279784_edb427c117800536384838912,0.9510763209393346,0.4755381604696673,0.5,0.4874623871614844,0.9045461682515002,0.9510763209393346,0.9272278675557002,0.9510763209393346,0.9510763209393346,0.9510763209393346,0.7806424994554282
8,biMaxInfgain,standard,gaussian_noise,noImbl,XGBmodel,last,0.25,0.1,42,2026-05-29 19:20:47,20260529-185745,log/stroke_prediction_v2/8/biMaxInfgain/gaussian_noise__noImbl__standard/XGBmodel,1780052279784_edb427c117800536473125152,0.9412915851272016,0.6327618164967563,0.5707407407407408,0.5900192554557124,0.9260241326588908,0.9412915851272016,0.9323798135499122,0.9412915851272016,0.9412915851272016,0.9412915851272016,0.817829163391363
8,biMaxInfgain,standard,gaussian_noise,noImbl,XGBmodel,last,0.25,0.2,42,2026-05-29 19:21:21,20260529-185745,log/stroke_prediction_v2/8/biMaxInfgain/gaussian_noise__noImbl__standard/XGBmodel,1780052279784_edb427c117800536817431482,0.9412915851272016,0.5882027445772466,0.5327983539094651,0.5436413431769469,0.9183730396959672,0.9412915851272016,0.9279532122315955,0.9412915851272016,0.9412915851272016,0.9412915851272016,0.8011932311804297
8,biMaxInfgain,standard,gaussian_noise,noImbl,XGBmodel,last,0.3,0.1,42,2026-05-29 19:20:55,20260529-185745,log/stroke_prediction_v2/8/biMaxInfgain/gaussian_noise__noImbl__standard/XGBmodel,1780052279784_edb427c117800536557298346,0.9471624266144814,0.6438943894389438,0.5358847736625514,0.5508935256013802,0.92406786666925,0.9471624266144812,0.9314767826160464,0.9471624266144814,0.9471624266144814,0.9471624266144814,0.8116052198554807
8,biMaxInfgain,standard,gaussian_noise,noImbl,XGBmodel,last,0.3,0.2,42,2026-05-29 19:21:28,20260529-185745,log/stroke_prediction_v2/8/biMaxInfgain/gaussian_noise__noImbl__standard/XGBmodel,1780052279784_edb427c117800536886375867,0.9471624266144814,0.6267786561264822,0.5263991769547325,0.536391129032258,0.9215828840605492,0.9471624266144814,0.9300825389811248,0.9471624266144814,0.9471624266144814,0.9471624266144814,0.8063120925619761
8,biMaxInfgain,standard,gaussian_noise,noImbl,XGBmodel,last,0.35,0.1,42,2026-05-29 19:21:04,20260529-185745,log/stroke_prediction_v2/8/biMaxInfgain/gaussian_noise__noImbl__standard/XGBmodel,1780052279784_edb427c117800536647386824,0.9530332681017613,0.8106955380577427,0.5389711934156378,0.5593561368209254,0.9406315648900052,0.9530332681017613,0.93510180456516,0.9530332681017613,0.9530332681017613,0.9530332681017613,0.8344118280849556
8,biMaxInfgain,standard,gaussian_noise,noImbl,XGBmodel,last,0.35,0.2,42,2026-05-29 19:21:35,20260529-185745,log/stroke_prediction_v2/8/biMaxInfgain/gaussian_noise__noImbl__standard/XGBmodel,1780052279784_edb427c117800536956437865,0.946183953033268,0.5472906403940886,0.5069135802469136,0.5037038999108238,0.9121513886612744,0.9461839530332682,0.926467225277553,0.946183953033268,0.946183953033268,0.946183953033268,0.7896348109217913
8,biMaxInfgain,standard,gaussian_noise,noImbl,XGBmodel,last,0.5,0.1,42,2026-05-29 19:21:13,20260529-185745,log/stroke_prediction_v2/8/biMaxInfgain/gaussian_noise__noImbl__standard/XGBmodel,1780052279784_edb427c117800536739153681,0.9510763209393346,0.4755381604696673,0.5,0.4874623871614844,0.9045461682515002,0.9510763209393346,0.9272278675557002,0.9510763209393346,0.9510763209393346,0.9510763209393346,0.7806424994554282
8,biMaxInfgain,standard,gaussian_noise,noImbl,XGBmodel,last,0.5,0.2,42,2026-05-29 19:21:42,20260529-185745,log/stroke_prediction_v2/8/biMaxInfgain/gaussian_noise__noImbl__standard/XGBmodel,1780052279784_edb427c117800537022010255,0.952054794520548,0.976003917727718,0.51,0.5073148175476915,0.9543557887110408,0.952054794520548,0.9296116854869024,0.952054794520548,0.952054794520548,0.952054794520548,0.840396863907284
8,biMaxInfgain,standard,gaussian_noise,noImbl,random_forest,first,0.25,0.1,42,2026-05-29 19:19:41,20260529-185745,log/stroke_prediction_v2/8/biMaxInfgain/standard__gaussian_noise__noImbl/random_forest,1780052279784_edb427c117800535813477835,0.9197651663405088,0.5456869306562557,0.5404526748971195,0.5428041462084016,0.9149590219848224,0.9197651663405088,0.9173279183655167,0.9197651663405088,0.9197651663405088,0.9197651663405088,0.787035738976111
8,biMaxInfgain,standard,gaussian_noise,noImbl,random_forest,first,0.25,0.2,42,2026-05-29 19:20:15,20260529-185745,log/stroke_prediction_v2/8/biMaxInfgain/standard__gaussian_noise__noImbl/random_forest,1780052279784_edb427c117800536156943253,0.9178082191780822,0.5426764076977905,0.5394238683127572,0.5409394250513346,0.9145812788642732,0.9178082191780822,0.9161802762228912,0.9178082191780822,0.9178082191780822,0.9178082191780822,0.7853593983498487
8,biMaxInfgain,standard,gaussian_noise,noImbl,random_forest,first,0.3,0.1,42,2026-05-29 19:19:49,20260529-185745,log/stroke_prediction_v2/8/biMaxInfgain/standard__gaussian_noise__noImbl/random_forest,1780052279784_edb427c117800535899187486,0.9334637964774952,0.5778225806451613,0.5476543209876543,0.5576883910386966,0.91867621993561,0.9334637964774952,0.9254855500775206,0.9334637964774952,0.9334637964774952,0.9334637964774952,0.800276921915273
8,biMaxInfgain,standard,gaussian_noise,noImbl,random_forest,first,0.3,0.2,42,2026-05-29 19:20:23,20260529-185745,log/stroke_prediction_v2/8/biMaxInfgain/standard__gaussian_noise__noImbl/random_forest,1780052279784_edb427c117800536234012671,0.9285714285714286,0.5634245187436677,0.545082304526749,0.5519562802149957,0.9170646982197134,0.9285714285714286,0.9225423707001942,0.9285714285714286,0.9285714285714286,0.9285714285714286,0.7951605212148627
8,biMaxInfgain,standard,gaussian_noise,noImbl,random_forest,first,0.35,0.1,42,2026-05-29 19:19:58,20260529-185745,log/stroke_prediction_v2/8/biMaxInfgain/standard__gaussian_noise__noImbl/random_forest,1780052279784_edb427c117800535988728880,0.9354207436399216,0.5850100603621731,0.5486831275720165,0.5601377259566476,0.9194600085837924,0.9354207436399216,0.9266747411091676,0.9354207436399216,0.9354207436399216,0.9354207436399216,0.8025054871676389
8,biMaxInfgain,standard,gaussian_noise,noImbl,random_forest,first,0.35,0.2,42,2026-05-29 19:20:31,20260529-185745,log/stroke_prediction_v2/8/biMaxInfgain/standard__gaussian_noise__noImbl/random_forest,1780052279784_edb427c117800536310844389,0.9373776908023485,0.581621576486306,0.5402263374485596,0.5513239127452325,0.9183845512290072,0.9373776908023482,0.926789717986436,0.9373776908023485,0.9373776908023485,0.9373776908023485,0.8006913674470767
8,biMaxInfgain,standard,gaussian_noise,noImbl,random_forest,first,0.5,0.1,42,2026-05-29 19:20:07,20260529-185745,log/stroke_prediction_v2/8/biMaxInfgain/standard__gaussian_noise__noImbl/random_forest,1780052279784_edb427c117800536078802038,0.943248532289628,0.5595709570957095,0.5148559670781893,0.5176263793496305,0.9140306007117346,0.943248532289628,0.9264009887357532,0.943248532289628,0.943248532289628,0.943248532289628,0.792749270617222
8,biMaxInfgain,standard,gaussian_noise,noImbl,random_forest,first,0.5,0.2,42,2026-05-29 19:20:38,20260529-185745,log/stroke_prediction_v2/8/biMaxInfgain/standard__gaussian_noise__noImbl/random_forest,1780052279784_edb427c117800536382254683,0.943248532289628,0.525790513833992,0.5053703703703704,0.5020497311827956,0.909918550776204,0.9432485322896282,0.9249034677945416,0.943248532289628,0.943248532289628,0.943248532289628,0.7854503362605084
8,biMaxInfgain,standard,gaussian_noise,noImbl,random_forest,last,0.25,0.1,42,2026-05-29 19:20:47,20260529-185745,log/stroke_prediction_v2/8/biMaxInfgain/gaussian_noise__noImbl__standard/random_forest,1780052279784_edb427c117800536470793020,0.9119373776908024,0.5350118953211737,0.5363374485596708,0.5356515417701581,0.9135797545202996,0.9119373776908024,0.9127553903775864,0.9119373776908024,0.9119373776908024,0.9119373776908022,0.7805289007385968
8,biMaxInfgain,standard,gaussian_noise,noImbl,random_forest,last,0.25,0.2,42,2026-05-29 19:21:21,20260529-185745,log/stroke_prediction_v2/8/biMaxInfgain/gaussian_noise__noImbl__standard/random_forest,1780052279784_edb427c117800536815074159,0.9099804305283756,0.5402432712215322,0.5447942386831276,0.5423019257355375,0.914856085376378,0.9099804305283756,0.9123888050139184,0.9099804305283756,0.9099804305283756,0.9099804305283756,0.7821851413518723
8,biMaxInfgain,standard,gaussian_noise,noImbl,random_forest,last,0.3,0.1,42,2026-05-29 19:20:55,20260529-185745,log/stroke_prediction_v2/8/biMaxInfgain/gaussian_noise__noImbl__standard/random_forest,1780052279784_edb427c117800536555005030,0.9334637964774952,0.5778225806451613,0.5476543209876543,0.5576883910386966,0.91867621993561,0.9334637964774952,0.9254855500775206,0.9334637964774952,0.9334637964774952,0.9334637964774952,0.800276921915273
8,biMaxInfgain,standard,gaussian_noise,noImbl,random_forest,last,0.3,0.2,42,2026-05-29 19:21:28,20260529-185745,log/stroke_prediction_v2/8/biMaxInfgain/gaussian_noise__noImbl__standard/random_forest,1780052279784_edb427c117800536884393903,0.9275929549902152,0.5610209601081811,0.5445679012345679,0.5508706083568901,0.9167887277726396,0.9275929549902152,0.9219582190362982,0.9275929549902152,0.9275929549902152,0.9275929549902152,0.794199265016603
8,biMaxInfgain,standard,gaussian_noise,noImbl,random_forest,last,0.35,0.1,42,2026-05-29 19:21:04,20260529-185745,log/stroke_prediction_v2/8/biMaxInfgain/gaussian_noise__noImbl__standard/random_forest,1780052279784_edb427c117800536643883066,0.9315068493150684,0.5715277777777779,0.5466255144032922,0.5553317918500287,0.9179794520547946,0.9315068493150686,0.9243034971508444,0.9315068493150684,0.9315068493150684,0.9315068493150684,0.7981613074997448
8,biMaxInfgain,standard,gaussian_noise,noImbl,random_forest,last,0.35,0.2,42,2026-05-29 19:21:35,20260529-185745,log/stroke_prediction_v2/8/biMaxInfgain/gaussian_noise__noImbl__standard/random_forest,1780052279784_edb427c117800536954004282,0.9363992172211352,0.5639334987161074,0.5302263374485596,0.5383054287163875,0.915791482795652,0.936399217221135,0.9250730504248988,0.9363992172211352,0.9363992172211352,0.9363992172211352,0.7950615906556787
8,biMaxInfgain,standard,gaussian_noise,noImbl,random_forest,last,0.5,0.1,42,2026-05-29 19:21:13,20260529-185745,log/stroke_prediction_v2/8/biMaxInfgain/gaussian_noise__noImbl__standard/random_forest,1780052279784_edb427c117800536736970058,0.9412915851272016,0.475296442687747,0.4948559670781893,0.4848790322580645,0.9040863841340314,0.9412915851272016,0.92231393220125,0.9412915851272016,0.9412915851272016,0.9412915851272016,0.7750194581097745
8,biMaxInfgain,standard,gaussian_noise,noImbl,random_forest,last,0.5,0.2,42,2026-05-29 19:21:42,20260529-185745,log/stroke_prediction_v2/8/biMaxInfgain/gaussian_noise__noImbl__standard/random_forest,1780052279784_edb427c117800537020305710,0.943248532289628,0.5595709570957095,0.5148559670781893,0.5176263793496305,0.9140306007117346,0.943248532289628,0.9264009887357532,0.943248532289628,0.943248532289628,0.943248532289628,0.792749270617222
8,biMaxInfgain,standard,gaussian_noise,noImbl,sklearn_SVM,first,0.25,0.1,42,2026-05-29 19:19:39,20260529-185745,log/stroke_prediction_v2/8/biMaxInfgain/standard__gaussian_noise__noImbl/sklearn_SVM,1780052279784_edb427c117800535799962551,0.943248532289628,0.5595709570957095,0.5148559670781893,0.5176263793496305,0.9140306007117346,0.943248532289628,0.9264009887357532,0.943248532289628,0.943248532289628,0.943248532289628,0.792749270617222
8,biMaxInfgain,standard,gaussian_noise,noImbl,sklearn_SVM,first,0.25,0.2,42,2026-05-29 19:20:14,20260529-185745,log/stroke_prediction_v2/8/biMaxInfgain/standard__gaussian_noise__noImbl/sklearn_SVM,1780052279784_edb427c117800536142702164,0.9422700587084148,0.5531371502630175,0.5143415637860081,0.5168545627909585,0.9133585775588574,0.9422700587084148,0.925856739262173,0.9422700587084148,0.9422700587084148,0.9422700587084148,0.7913984479521237
8,biMaxInfgain,standard,gaussian_noise,noImbl,sklearn_SVM,first,0.3,0.1,42,2026-05-29 19:19:48,20260529-185745,log/stroke_prediction_v2/8/biMaxInfgain/standard__gaussian_noise__noImbl/sklearn_SVM,1780052279784_edb427c117800535886002686,0.9471624266144814,0.6013313609467457,0.5169135802469136,0.5208875924575477,0.9182858763996804,0.9471624266144816,0.9285902865371046,0.9471624266144814,0.9471624266144814,0.9471624266144814,0.7999397342543241
8,biMaxInfgain,standard,gaussian_noise,noImbl,sklearn_SVM,first,0.3,0.2,42,2026-05-29 19:20:22,20260529-185745,log/stroke_prediction_v2/8/biMaxInfgain/standard__gaussian_noise__noImbl/sklearn_SVM,1780052279784_edb427c117800536220294565,0.9471624266144814,0.5592191601049868,0.5074279835390947,0.5042756539235412,0.9133614291364266,0.9471624266144814,0.9269895301358052,0.9471624266144814,0.9471624266144814,0.9471624266144814,0.7915556055327451
8,biMaxInfgain,standard,gaussian_noise,noImbl,sklearn_SVM,first,0.35,0.1,42,2026-05-29 19:19:57,20260529-185745,log/stroke_prediction_v2/8/biMaxInfgain/standard__gaussian_noise__noImbl/sklearn_SVM,1780052279784_edb427c117800535973672159,0.9471624266144814,0.475442043222004,0.4979423868312758,0.4864321608040201,0.9043633385749272,0.9471624266144816,0.9252682197681164,0.9471624266144814,0.9471624266144814,0.9471624266144814,0.7783948045944336
8,biMaxInfgain,standard,gaussian_noise,noImbl,sklearn_SVM,first,0.35,0.2,42,2026-05-29 19:20:29,20260529-185745,log/stroke_prediction_v2/8/biMaxInfgain/standard__gaussian_noise__noImbl/sklearn_SVM,1780052279784_edb427c117800536297775489,0.949119373776908,0.6430446194225722,0.5179423868312758,0.5226358148893361,0.9224514743876192,0.949119373776908,0.9296936216122568,0.949119373776908,0.949119373776908,0.949119373776908,0.8058410130501487
8,biMaxInfgain,standard,gaussian_noise,noImbl,sklearn_SVM,first,0.5,0.1,42,2026-05-29 19:20:06,20260529-185745,log/stroke_prediction_v2/8/biMaxInfgain/standard__gaussian_noise__noImbl/sklearn_SVM,1780052279784_edb427c117800536061646806,0.949119373776908,0.4754901960784314,0.4989711934156378,0.4869477911646586,0.9044549326579948,0.949119373776908,0.926249027420838,0.949119373776908,0.949119373776908,0.949119373776908,0.7795189045137939
8,biMaxInfgain,standard,gaussian_noise,noImbl,sklearn_SVM,first,0.5,0.2,42,2026-05-29 19:20:36,20260529-185745,log/stroke_prediction_v2/8/biMaxInfgain/standard__gaussian_noise__noImbl/sklearn_SVM,1780052279784_edb427c117800536368528856,0.949119373776908,0.6009332023575638,0.5084567901234568,0.5054531918853528,0.9175285179873816,0.949119373776908,0.9280360634804086,0.949119373776908,0.949119373776908,0.949119373776908,0.7973629888624674
8,biMaxInfgain,standard,gaussian_noise,noImbl,sklearn_SVM,last,0.25,0.1,42,2026-05-29 19:20:45,20260529-185745,log/stroke_prediction_v2/8/biMaxInfgain/gaussian_noise__noImbl__standard/sklearn_SVM,1780052279784_edb427c117800536456463211,0.949119373776908,0.4754901960784314,0.4989711934156378,0.4869477911646586,0.9044549326579948,0.949119373776908,0.926249027420838,0.949119373776908,0.949119373776908,0.949119373776908,0.7795189045137939
8,biMaxInfgain,standard,gaussian_noise,noImbl,sklearn_SVM,last,0.25,0.2,42,2026-05-29 19:21:20,20260529-185745,log/stroke_prediction_v2/8/biMaxInfgain/gaussian_noise__noImbl__standard/sklearn_SVM,1780052279784_edb427c117800536800605212,0.943248532289628,0.525790513833992,0.5053703703703704,0.5020497311827956,0.909918550776204,0.9432485322896282,0.9249034677945416,0.943248532289628,0.943248532289628,0.943248532289628,0.7854503362605084
8,biMaxInfgain,standard,gaussian_noise,noImbl,sklearn_SVM,last,0.3,0.1,42,2026-05-29 19:20:54,20260529-185745,log/stroke_prediction_v2/8/biMaxInfgain/gaussian_noise__noImbl__standard/sklearn_SVM,1780052279784_edb427c117800536541574533,0.9452054794520548,0.5762845849802372,0.5158847736625514,0.5192204301075269,0.9157507174183768,0.9452054794520548,0.9274930033878336,0.9452054794520548,0.9452054794520548,0.9452054794520548,0.7958812144112423
8,biMaxInfgain,standard,gaussian_noise,noImbl,sklearn_SVM,last,0.3,0.2,42,2026-05-29 19:21:27,20260529-185745,log/stroke_prediction_v2/8/biMaxInfgain/gaussian_noise__noImbl__standard/sklearn_SVM,1780052279784_edb427c117800536872025716,0.9471624266144814,0.6013313609467457,0.5169135802469136,0.5208875924575477,0.9182858763996804,0.9471624266144816,0.9285902865371046,0.9471624266144814,0.9471624266144814,0.9471624266144814,0.7999397342543241
8,biMaxInfgain,standard,gaussian_noise,noImbl,sklearn_SVM,last,0.35,0.1,42,2026-05-29 19:21:02,20260529-185745,log/stroke_prediction_v2/8/biMaxInfgain/gaussian_noise__noImbl__standard/sklearn_SVM,1780052279784_edb427c117800536628925856,0.9452054794520548,0.5762845849802372,0.5158847736625514,0.5192204301075269,0.9157507174183768,0.9452054794520548,0.9274930033878336,0.9452054794520548,0.9452054794520548,0.9452054794520548,0.7958812144112423
8,biMaxInfgain,standard,gaussian_noise,noImbl,sklearn_SVM,last,0.35,0.2,42,2026-05-29 19:21:34,20260529-185745,log/stroke_prediction_v2/8/biMaxInfgain/gaussian_noise__noImbl__standard/sklearn_SVM,1780052279784_edb427c117800536941891920,0.9442270058708416,0.5313699681912909,0.5058847736625514,0.5025914699227254,0.9105076063790852,0.9442270058708414,0.9254242468117834,0.9442270058708416,0.9442270058708416,0.9442270058708416,0.7866693946818055
8,biMaxInfgain,standard,gaussian_noise,noImbl,sklearn_SVM,last,0.5,0.1,42,2026-05-29 19:21:12,20260529-185745,log/stroke_prediction_v2/8/biMaxInfgain/gaussian_noise__noImbl__standard/sklearn_SVM,1780052279784_edb427c117800536721966560,0.949119373776908,0.4754901960784314,0.4989711934156378,0.4869477911646586,0.9044549326579948,0.949119373776908,0.926249027420838,0.949119373776908,0.949119373776908,0.949119373776908,0.7795189045137939
8,biMaxInfgain,standard,gaussian_noise,noImbl,sklearn_SVM,last,0.5,0.2,42,2026-05-29 19:21:40,20260529-185745,log/stroke_prediction_v2/8/biMaxInfgain/gaussian_noise__noImbl__standard/sklearn_SVM,1780052279784_edb427c117800537008521845,0.9500978473581212,0.6426234870788354,0.5089711934156378,0.5060602901737061,0.9216504163874,0.9500978473581212,0.9285604219838514,0.9500978473581212,0.9500978473581212,0.9500978473581212,0.8025567554550692
8,biMaxInfgain,standard,mixup,noImbl,DTmodel,first,0.25,0.1,42,2026-05-29 19:21:46,20260529-185745,log/stroke_prediction_v2/8/biMaxInfgain/standard__mixup__noImbl/DTmodel,1780052279784_edb427c117800537065944278,0.9275929549902152,0.5786150712830957,0.5635390946502058,0.5699533720004548,0.9201836580962212,0.9275929549902152,0.92375562040878,0.9275929549902152,0.9275929549902152,0.9275929549902152,0.8013273132604234
8,biMaxInfgain,standard,mixup,noImbl,DTmodel,first,0.25,0.2,42,2026-05-29 19:21:59,20260529-185745,log/stroke_prediction_v2/8/biMaxInfgain/standard__mixup__noImbl/DTmodel,1780052279784_edb427c117800537199622052,0.9227005870841488,0.5412134491483422,0.5325102880658437,0.5359751717003363,0.9138099970051364,0.9227005870841488,0.9181411234515424,0.9227005870841488,0.9227005870841488,0.9227005870841488,0.7859510525283734
8,biMaxInfgain,standard,mixup,noImbl,DTmodel,first,0.3,0.1,42,2026-05-29 19:21:49,20260529-185745,log/stroke_prediction_v2/8/biMaxInfgain/standard__mixup__noImbl/DTmodel,1780052279784_edb427c117800537098779178,0.9217221135029354,0.5914830119375574,0.5983950617283951,0.5947660586835845,0.9246126089214506,0.9217221135029354,0.923146758621974,0.9217221135029354,0.9217221135029354,0.9217221135029354,0.807824836255748
8,biMaxInfgain,standard,mixup,noImbl,DTmodel,first,0.3,0.2,42,2026-05-29 19:22:03,20260529-185745,log/stroke_prediction_v2/8/biMaxInfgain/standard__mixup__noImbl/DTmodel,1780052279784_edb427c117800537231278065,0.9246575342465754,0.5715727961612467,0.5619958847736626,0.5662880353609673,0.9193763522666668,0.9246575342465756,0.9219572258588472,0.9246575342465754,0.9246575342465754,0.9246575342465754,0.7983943062017598
8,biMaxInfgain,standard,mixup,noImbl,DTmodel,first,0.35,0.1,42,2026-05-29 19:21:53,20260529-185745,log/stroke_prediction_v2/8/biMaxInfgain/standard__mixup__noImbl/DTmodel,1780052279784_edb427c117800537133974104,0.913894324853229,0.5373662551440329,0.5373662551440329,0.5373662551440329,0.913894324853229,0.913894324853229,0.913894324853229,0.913894324853229,0.913894324853229,0.913894324853229,0.7821095004550102
8,biMaxInfgain,standard,mixup,noImbl,DTmodel,first,0.35,0.2,42,2026-05-29 19:22:06,20260529-185745,log/stroke_prediction_v2/8/biMaxInfgain/standard__mixup__noImbl/DTmodel,1780052279784_edb427c117800537262716527,0.9129158512720156,0.5438499133516366,0.5463374485596708,0.5450348384127889,0.9153333137474766,0.9129158512720156,0.914116768615408,0.9129158512720156,0.9129158512720156,0.9129158512720156,0.7845911491289141
8,biMaxInfgain,standard,mixup,noImbl,DTmodel,first,0.5,0.1,42,2026-05-29 19:21:56,20260529-185745,log/stroke_prediction_v2/8/biMaxInfgain/standard__mixup__noImbl/DTmodel,1780052279784_edb427c117800537167367414,0.9178082191780822,0.5426764076977905,0.5394238683127572,0.5409394250513346,0.9145812788642732,0.9178082191780822,0.9161802762228912,0.9178082191780822,0.9178082191780822,0.9178082191780822,0.7853593983498487
8,biMaxInfgain,standard,mixup,noImbl,DTmodel,first,0.5,0.2,42,2026-05-29 19:22:09,20260529-185745,log/stroke_prediction_v2/8/biMaxInfgain/standard__mixup__noImbl/DTmodel,1780052279784_edb427c117800537295250802,0.8972602739726028,0.5507936507936508,0.5760493827160494,0.559227631757298,0.9188146491473302,0.8972602739726028,0.907457906754517,0.8972602739726028,0.8972602739726028,0.8972602739726028,0.7834727086315161
8,biMaxInfgain,standard,mixup,noImbl,DTmodel,last,0.25,0.1,42,2026-05-29 19:22:13,20260529-185745,log/stroke_prediction_v2/8/biMaxInfgain/mixup__noImbl__standard/DTmodel,1780052279784_edb427c117800537332487713,0.9178082191780822,0.5241496598639456,0.5204526748971194,0.5219618674269422,0.9110933610234702,0.9178082191780824,0.9144030892705454,0.9178082191780822,0.9178082191780822,0.9178082191780822,0.7781476007543094
8,biMaxInfgain,standard,mixup,noImbl,DTmodel,last,0.25,0.2,42,2026-05-29 19:22:29,20260529-185745,log/stroke_prediction_v2/8/biMaxInfgain/mixup__noImbl__standard/DTmodel,1780052279784_edb427c117800537493513327,0.9158512720156556,0.547880658436214,0.547880658436214,0.547880658436214,0.9158512720156556,0.9158512720156556,0.9158512720156556,0.9158512720156556,0.9158512720156556,0.9158512720156556,0.7870615572628509
8,biMaxInfgain,standard,mixup,noImbl,DTmodel,last,0.3,0.1,42,2026-05-29 19:22:17,20260529-185745,log/stroke_prediction_v2/8/biMaxInfgain/mixup__noImbl__standard/DTmodel,1780052279784_edb427c117800537375053521,0.9099804305283756,0.5163374485596708,0.5163374485596708,0.5163374485596708,0.9099804305283756,0.9099804305283756,0.9099804305283756,0.9099804305283756,0.9099804305283756,0.9099804305283756,0.7722053868393288
8,biMaxInfgain,standard,mixup,noImbl,DTmodel,last,0.3,0.2,42,2026-05-29 19:22:33,20260529-185745,log/stroke_prediction_v2/8/biMaxInfgain/mixup__noImbl__standard/DTmodel,1780052279784_edb427c117800537532211385,0.9168297455968688,0.5493319630010277,0.548395061728395,0.5488561709641401,0.9160342958509904,0.9168297455968688,0.9164310743350784,0.9168297455968688,0.9168297455968688,0.9168297455968688,0.7879011170916714
8,biMaxInfgain,standard,mixup,noImbl,DTmodel,last,0.35,0.1,42,2026-05-29 19:22:21,20260529-185745,log/stroke_prediction_v2/8/biMaxInfgain/mixup__noImbl__standard/DTmodel,1780052279784_edb427c117800537414003843,0.9178082191780822,0.5426764076977905,0.5394238683127572,0.5409394250513346,0.9145812788642732,0.9178082191780822,0.9161802762228912,0.9178082191780822,0.9178082191780822,0.9178082191780822,0.7853593983498487
8,biMaxInfgain,standard,mixup,noImbl,DTmodel,last,0.35,0.2,42,2026-05-29 19:22:37,20260529-185745,log/stroke_prediction_v2/8/biMaxInfgain/mixup__noImbl__standard/DTmodel,1780052279784_edb427c117800537571832249,0.9090019569471623,0.5459897565869369,0.5537654320987654,0.549363487660906,0.9162300759808836,0.9090019569471623,0.912547133533774,0.9090019569471623,0.9090019569471623,0.9090019569471623,0.7844859024247254
8,biMaxInfgain,standard,mixup,noImbl,DTmodel,last,0.5,0.1,42,2026-05-29 19:22:25,20260529-185745,log/stroke_prediction_v2/8/biMaxInfgain/mixup__noImbl__standard/DTmodel,1780052279784_edb427c117800537455063069,0.9275929549902152,0.5931864658858524,0.5825102880658436,0.5874086197490452,0.923296511875384,0.9275929549902152,0.9253934873054664,0.9275929549902152,0.9275929549902152,0.9275929549902152,0.8078568246369706
8,biMaxInfgain,standard,mixup,noImbl,DTmodel,last,0.5,0.2,42,2026-05-29 19:22:40,20260529-185745,log/stroke_prediction_v2/8/biMaxInfgain/mixup__noImbl__standard/DTmodel,1780052279784_edb427c117800537608385896,0.9178082191780822,0.558395061728395,0.558395061728395,0.558395061728395,0.9178082191780822,0.9178082191780822,0.9178082191780822,0.9178082191780822,0.9178082191780822,0.9178082191780822,0.7920136140706917
8,biMaxInfgain,standard,mixup,noImbl,GradientBoosting,first,0.25,0.1,42,2026-05-29 19:21:47,20260529-185745,log/stroke_prediction_v2/8/biMaxInfgain/standard__mixup__noImbl/GradientBoosting,1780052279784_edb427c117800537078933657,0.9334637964774952,0.5778225806451613,0.5476543209876543,0.5576883910386966,0.91867621993561,0.9334637964774952,0.9254855500775206,0.9334637964774952,0.9334637964774952,0.9334637964774952,0.800276921915273
8,biMaxInfgain,standard,mixup,noImbl,GradientBoosting,first,0.25,0.2,42,2026-05-29 19:22:01,20260529-185745,log/stroke_prediction_v2/8/biMaxInfgain/standard__mixup__noImbl/GradientBoosting,1780052279784_edb427c117800537212370286,0.9403131115459884,0.6184353059177532,0.5607407407407408,0.5778432368376502,0.92375561125647,0.9403131115459884,0.9307442130584398,0.9403131115459884,0.9403131115459884,0.9403131115459884,0.812706527894305
8,biMaxInfgain,standard,mixup,noImbl,GradientBoosting,first,0.3,0.1,42,2026-05-29 19:21:51,20260529-185745,log/stroke_prediction_v2/8/biMaxInfgain/standard__mixup__noImbl/GradientBoosting,1780052279784_edb427c117800537111845859,0.943248532289628,0.6280439121756487,0.552798353909465,0.5710233029381965,0.9239895941971242,0.943248532289628,0.9315187456504024,0.943248532289628,0.943248532289628,0.943248532289628,0.8131639062323648
8,biMaxInfgain,standard,mixup,noImbl,GradientBoosting,first,0.3,0.2,42,2026-05-29 19:22:04,20260529-185745,log/stroke_prediction_v2/8/biMaxInfgain/standard__mixup__noImbl/GradientBoosting,1780052279784_edb427c117800537244274191,0.9500978473581212,0.7119827871565707,0.5658847736625514,0.5948070120884673,0.9332953733519634,0.9500978473581212,0.9371039296627838,0.9500978473581212,0.9500978473581212,0.9500978473581212,0.8309420736230445
8,biMaxInfgain,standard,mixup,noImbl,GradientBoosting,first,0.35,0.1,42,2026-05-29 19:21:54,20260529-185745,log/stroke_prediction_v2/8/biMaxInfgain/standard__mixup__noImbl/GradientBoosting,1780052279784_edb427c117800537147036150,0.949119373776908,0.6772727272727272,0.5369135802469136,0.5535618279569893,0.927415050702722,0.949119373776908,0.9326720745744168,0.949119373776908,0.949119373776908,0.949119373776908,0.8167429707127102
8,biMaxInfgain,standard,mixup,noImbl,GradientBoosting,first,0.35,0.2,42,2026-05-29 19:22:07,20260529-185745,log/stroke_prediction_v2/8/biMaxInfgain/standard__mixup__noImbl/GradientBoosting,1780052279784_edb427c117800537275858340,0.946183953033268,0.6131193238018163,0.5258847736625514,0.5353124509147424,0.9202049119532149,0.946183953033268,0.929509667307334,0.946183953033268,0.946183953033268,0.946183953033268,0.8041177998883768
8,biMaxInfgain,standard,mixup,noImbl,GradientBoosting,first,0.5,0.1,42,2026-05-29 19:21:58,20260529-185745,log/stroke_prediction_v2/8/biMaxInfgain/standard__mixup__noImbl/GradientBoosting,1780052279784_edb427c117800537180713789,0.949119373776908,0.4754901960784314,0.4989711934156378,0.4869477911646586,0.9044549326579948,0.949119373776908,0.926249027420838,0.949119373776908,0.949119373776908,0.949119373776908,0.7795189045137939
8,biMaxInfgain,standard,mixup,noImbl,GradientBoosting,first,0.5,0.2,42,2026-05-29 19:22:10,20260529-185745,log/stroke_prediction_v2/8/biMaxInfgain/standard__mixup__noImbl/GradientBoosting,1780052279784_edb427c117800537308333123,0.9481409001956947,0.4754661432777232,0.4984567901234568,0.4866901054746358,0.9044091805595832,0.9481409001956947,0.9257588699047868,0.9481409001956947,0.9481409001956947,0.9481409001956947,0.7789569177812675
8,biMaxInfgain,standard,mixup,noImbl,GradientBoosting,last,0.25,0.1,42,2026-05-29 19:22:14,20260529-185745,log/stroke_prediction_v2/8/biMaxInfgain/mixup__noImbl__standard/GradientBoosting,1780052279784_edb427c117800537348494266,0.9334637964774952,0.4750996015936255,0.4907407407407408,0.4827935222672064,0.903711962326818,0.9334637964774952,0.9183469738624748,0.9334637964774952,0.9334637964774952,0.9334637964774952,0.7705118234765684
8,biMaxInfgain,standard,mixup,noImbl,GradientBoosting,last,0.25,0.2,42,2026-05-29 19:22:30,20260529-185745,log/stroke_prediction_v2/8/biMaxInfgain/mixup__noImbl__standard/GradientBoosting,1780052279784_edb427c117800537508779560,0.9412915851272016,0.6400905432595573,0.5802263374485596,0.6001252054151341,0.9275722830131472,0.9412915851272016,0.9333406737356068,0.9412915851272016,0.9412915851272016,0.9412915851272016,0.821325432295618
8,biMaxInfgain,standard,mixup,noImbl,GradientBoosting,last,0.3,0.1,42,2026-05-29 19:22:19,20260529-185745,log/stroke_prediction_v2/8/biMaxInfgain/mixup__noImbl__standard/GradientBoosting,1780052279784_edb427c117800537390407602,0.9315068493150684,0.5898129366689204,0.56559670781893,0.5751478727700311,0.9214358708370768,0.9315068493150684,0.9261766936829846,0.9315068493150684,0.9315068493150684,0.9315068493150684,0.8054859762264723
8,biMaxInfgain,standard,mixup,noImbl,GradientBoosting,last,0.3,0.2,42,2026-05-29 19:22:34,20260529-185745,log/stroke_prediction_v2/8/biMaxInfgain/mixup__noImbl__standard/GradientBoosting,1780052279784_edb427c117800537548000319,0.943248532289628,0.6021371769383699,0.5338271604938272,0.5459447865919048,0.9198186614170166,0.943248532289628,0.9291184827564454,0.943248532289628,0.943248532289628,0.943248532289628,0.8041372032030251
8,biMaxInfgain,standard,mixup,noImbl,GradientBoosting,last,0.35,0.1,42,2026-05-29 19:22:22,20260529-185745,log/stroke_prediction_v2/8/biMaxInfgain/mixup__noImbl__standard/GradientBoosting,1780052279784_edb427c117800537429563523,0.9471624266144814,0.6013313609467457,0.5169135802469136,0.5208875924575477,0.9182858763996804,0.9471624266144816,0.9285902865371046,0.9471624266144814,0.9471624266144814,0.9471624266144814,0.7999397342543241
8,biMaxInfgain,standard,mixup,noImbl,GradientBoosting,last,0.35,0.2,42,2026-05-29 19:22:38,20260529-185745,log/stroke_prediction_v2/8/biMaxInfgain/mixup__noImbl__standard/GradientBoosting,1780052279784_edb427c117800537586390419,0.9422700587084148,0.5531371502630175,0.5143415637860081,0.5168545627909585,0.9133585775588574,0.9422700587084148,0.925856739262173,0.9422700587084148,0.9422700587084148,0.9422700587084148,0.7913984479521237
8,biMaxInfgain,standard,mixup,noImbl,GradientBoosting,last,0.5,0.1,42,2026-05-29 19:22:27,20260529-185745,log/stroke_prediction_v2/8/biMaxInfgain/mixup__noImbl__standard/GradientBoosting,1780052279784_edb427c117800537470588399,0.949119373776908,0.4754901960784314,0.4989711934156378,0.4869477911646586,0.9044549326579948,0.949119373776908,0.926249027420838,0.949119373776908,0.949119373776908,0.949119373776908,0.7795189045137939
8,biMaxInfgain,standard,mixup,noImbl,GradientBoosting,last,0.5,0.2,42,2026-05-29 19:22:42,20260529-185745,log/stroke_prediction_v2/8/biMaxInfgain/mixup__noImbl__standard/GradientBoosting,1780052279784_edb427c117800537623185073,0.9481409001956947,0.4754661432777232,0.4984567901234568,0.4866901054746358,0.9044091805595832,0.9481409001956947,0.9257588699047868,0.9481409001956947,0.9481409001956947,0.9481409001956947,0.7789569177812675
8,biMaxInfgain,standard,mixup,noImbl,LogisticRegression,first,0.25,0.1,42,2026-05-29 19:21:46,20260529-185745,log/stroke_prediction_v2/8/biMaxInfgain/standard__mixup__noImbl/LogisticRegression,1780052279784_edb427c117800537069010451,0.9256360078277888,0.6110345883073156,0.6194238683127572,0.6150277557494052,0.928389630755758,0.9256360078277888,0.9269894206908752,0.9256360078277888,0.9256360078277888,0.9256360078277884,0.8174417883347403
8,biMaxInfgain,standard,mixup,noImbl,LogisticRegression,first,0.25,0.2,42,2026-05-29 19:22:00,20260529-185745,log/stroke_prediction_v2/8/biMaxInfgain/standard__mixup__noImbl/LogisticRegression,1780052279784_edb427c117800537202650667,0.9383561643835616,0.6373860182370821,0.5976543209876544,0.6133321322403387,0.9288718110386096,0.9383561643835616,0.9331530048508528,0.9383561643835616,0.9383561643835616,0.9383561643835616,0.8237064513434379
8,biMaxInfgain,standard,mixup,noImbl,LogisticRegression,first,0.3,0.1,42,2026-05-29 19:21:50,20260529-185745,log/stroke_prediction_v2/8/biMaxInfgain/standard__mixup__noImbl/LogisticRegression,1780052279784_edb427c117800537101898456,0.929549902152642,0.5839216944801026,0.5645679012345679,0.5725041829336307,0.9207813218311396,0.929549902152642,0.9249625909849456,0.929549902152642,0.929549902152642,0.929549902152642,0.8033670687034241
8,biMaxInfgain,standard,mixup,noImbl,LogisticRegression,first,0.3,0.2,42,2026-05-29 19:22:03,20260529-185745,log/stroke_prediction_v2/8/biMaxInfgain/standard__mixup__noImbl/LogisticRegression,1780052279784_edb427c117800537234315360,0.9422700587084148,0.6208791208791209,0.5522839506172841,0.5695551922788633,0.9232489623879055,0.942270058708415,0.9309044108362204,0.9422700587084148,0.9422700587084148,0.9422700587084148,0.8116181673390593
8,biMaxInfgain,standard,mixup,noImbl,LogisticRegression,first,0.35,0.1,42,2026-05-29 19:21:53,20260529-185745,log/stroke_prediction_v2/8/biMaxInfgain/standard__mixup__noImbl/LogisticRegression,1780052279784_edb427c117800537137105804,0.9471624266144814,0.6438943894389438,0.5358847736625514,0.5508935256013802,0.92406786666925,0.9471624266144812,0.9314767826160464,0.9471624266144814,0.9471624266144814,0.9471624266144814,0.8116052198554807
8,biMaxInfgain,standard,mixup,noImbl,LogisticRegression,first,0.35,0.2,42,2026-05-29 19:22:06,20260529-185745,log/stroke_prediction_v2/8/biMaxInfgain/standard__mixup__noImbl/LogisticRegression,1780052279784_edb427c117800537265764160,0.9481409001956947,0.6590684290981027,0.5363991769547325,0.5522101799723883,0.9255932474500824,0.9481409001956947,0.932072952132522,0.9481409001956947,0.9481409001956947,0.9481409001956947,0.8140049152443061
8,biMaxInfgain,standard,mixup,noImbl,LogisticRegression,first,0.5,0.1,42,2026-05-29 19:21:57,20260529-185745,log/stroke_prediction_v2/8/biMaxInfgain/standard__mixup__noImbl/LogisticRegression,1780052279784_edb427c117800537170579006,0.949119373776908,0.4754901960784314,0.4989711934156378,0.4869477911646586,0.9044549326579948,0.949119373776908,0.926249027420838,0.949119373776908,0.949119373776908,0.949119373776908,0.7795189045137939
8,biMaxInfgain,standard,mixup,noImbl,LogisticRegression,first,0.5,0.2,42,2026-05-29 19:22:09,20260529-185745,log/stroke_prediction_v2/8/biMaxInfgain/standard__mixup__noImbl/LogisticRegression,1780052279784_edb427c117800537298389615,0.952054794520548,0.976003917727718,0.51,0.5073148175476915,0.9543557887110408,0.952054794520548,0.9296116854869024,0.952054794520548,0.952054794520548,0.952054794520548,0.840396863907284
8,biMaxInfgain,standard,mixup,noImbl,LogisticRegression,last,0.25,0.1,42,2026-05-29 19:22:13,20260529-185745,log/stroke_prediction_v2/8/biMaxInfgain/mixup__noImbl__standard/LogisticRegression,1780052279784_edb427c117800537336267853,0.929549902152642,0.5986394557823128,0.5835390946502058,0.5902530292230934,0.9239053742827854,0.929549902152642,0.9266312193747532,0.929549902152642,0.929549902152642,0.929549902152642,0.809960990622264
8,biMaxInfgain,standard,mixup,noImbl,LogisticRegression,last,0.25,0.2,42,2026-05-29 19:22:29,20260529-185745,log/stroke_prediction_v2/8/biMaxInfgain/mixup__noImbl__standard/LogisticRegression,1780052279784_edb427c117800537497177860,0.9403131115459884,0.6184353059177532,0.5607407407407408,0.5778432368376502,0.92375561125647,0.9403131115459884,0.9307442130584398,0.9403131115459884,0.9403131115459884,0.9403131115459884,0.812706527894305
8,biMaxInfgain,standard,mixup,noImbl,LogisticRegression,last,0.3,0.1,42,2026-05-29 19:22:17,20260529-185745,log/stroke_prediction_v2/8/biMaxInfgain/mixup__noImbl__standard/LogisticRegression,1780052279784_edb427c117800537378805651,0.9373776908023485,0.5679090909090909,0.5307407407407408,0.5393283750281721,0.9162220245507916,0.9373776908023485,0.925645710969004,0.9373776908023485,0.9373776908023485,0.9373776908023485,0.7961843748405779
8,biMaxInfgain,standard,mixup,noImbl,LogisticRegression,last,0.3,0.2,42,2026-05-29 19:22:33,20260529-185745,log/stroke_prediction_v2/8/biMaxInfgain/mixup__noImbl__standard/LogisticRegression,1780052279784_edb427c117800537535886717,0.9481409001956947,0.6700083860638865,0.5458847736625514,0.5659879970834033,0.9274764362943354,0.9481409001956946,0.9333967318795792,0.9481409001956947,0.9481409001956947,0.9481409001956947,0.8185010290248024
8,biMaxInfgain,standard,mixup,noImbl,LogisticRegression,last,0.35,0.1,42,2026-05-29 19:22:21,20260529-185745,log/stroke_prediction_v2/8/biMaxInfgain/mixup__noImbl__standard/LogisticRegression,1780052279784_edb427c117800537417711012,0.949119373776908,0.6772727272727272,0.5369135802469136,0.5535618279569893,0.927415050702722,0.949119373776908,0.9326720745744168,0.949119373776908,0.949119373776908,0.949119373776908,0.8167429707127102
8,biMaxInfgain,standard,mixup,noImbl,LogisticRegression,last,0.35,0.2,42,2026-05-29 19:22:37,20260529-185745,log/stroke_prediction_v2/8/biMaxInfgain/mixup__noImbl__standard/LogisticRegression,1780052279784_edb427c117800537575529206,0.9500978473581212,0.6995173851047494,0.5374279835390947,0.5549502625624386,0.9296321123932046,0.9500978473581212,0.9332743260947538,0.9500978473581212,0.9500978473581212,0.9500978473581212,0.819930575345532
8,biMaxInfgain,standard,mixup,noImbl,LogisticRegression,last,0.5,0.1,42,2026-05-29 19:22:25,20260529-185745,log/stroke_prediction_v2/8/biMaxInfgain/mixup__noImbl__standard/LogisticRegression,1780052279784_edb427c117800537458832577,0.9510763209393346,0.4755381604696673,0.5,0.4874623871614844,0.9045461682515002,0.9510763209393346,0.9272278675557002,0.9510763209393346,0.9510763209393346,0.9510763209393346,0.7806424994554282
8,biMaxInfgain,standard,mixup,noImbl,LogisticRegression,last,0.5,0.2,42,2026-05-29 19:22:41,20260529-185745,log/stroke_prediction_v2/8/biMaxInfgain/mixup__noImbl__standard/LogisticRegression,1780052279784_edb427c117800537611912492,0.9510763209393346,0.4755381604696673,0.5,0.4874623871614844,0.9045461682515002,0.9510763209393346,0.9272278675557002,0.9510763209393346,0.9510763209393346,0.9510763209393346,0.7806424994554282
8,biMaxInfgain,standard,mixup,noImbl,XGBmodel,first,0.25,0.1,42,2026-05-29 19:21:46,20260529-185745,log/stroke_prediction_v2/8/biMaxInfgain/standard__mixup__noImbl/XGBmodel,1780052279784_edb427c117800537064206806,0.9334637964774952,0.5778225806451613,0.5476543209876543,0.5576883910386966,0.91867621993561,0.9334637964774952,0.9254855500775206,0.9334637964774952,0.9334637964774952,0.9334637964774952,0.800276921915273
8,biMaxInfgain,standard,mixup,noImbl,XGBmodel,first,0.25,0.2,42,2026-05-29 19:21:59,20260529-185745,log/stroke_prediction_v2/8/biMaxInfgain/standard__mixup__noImbl/XGBmodel,1780052279784_edb427c117800537197405610,0.943248532289628,0.64562458249833,0.5717695473251028,0.5933872959253669,0.9273589579681214,0.943248532289628,0.9336531819252074,0.943248532289628,0.943248532289628,0.943248532289628,0.8208307933725927
8,biMaxInfgain,standard,mixup,noImbl,XGBmodel,first,0.3,0.1,42,2026-05-29 19:21:49,20260529-185745,log/stroke_prediction_v2/8/biMaxInfgain/standard__mixup__noImbl/XGBmodel,1780052279784_edb427c117800537097013860,0.9412915851272016,0.6143636363636363,0.5517695473251027,0.5681203515889113,0.9225717843800036,0.9412915851272016,0.9302928540334412,0.9412915851272016,0.9412915851272016,0.9412915851272016,0.8101491117011077
8,biMaxInfgain,standard,mixup,noImbl,XGBmodel,first,0.3,0.2,42,2026-05-29 19:22:02,20260529-185745,log/stroke_prediction_v2/8/biMaxInfgain/standard__mixup__noImbl/XGBmodel,1780052279784_edb427c117800537229553784,0.943248532289628,0.6280439121756487,0.552798353909465,0.5710233029381965,0.9239895941971242,0.943248532289628,0.9315187456504024,0.943248532289628,0.943248532289628,0.943248532289628,0.8131639062323648
8,biMaxInfgain,standard,mixup,noImbl,XGBmodel,first,0.35,0.1,42,2026-05-29 19:21:53,20260529-185745,log/stroke_prediction_v2/8/biMaxInfgain/standard__mixup__noImbl/XGBmodel,1780052279784_edb427c117800537132215949,0.943248532289628,0.6280439121756487,0.552798353909465,0.5710233029381965,0.9239895941971242,0.943248532289628,0.9315187456504024,0.943248532289628,0.943248532289628,0.943248532289628,0.8131639062323648
8,biMaxInfgain,standard,mixup,noImbl,XGBmodel,first,0.35,0.2,42,2026-05-29 19:22:06,20260529-185745,log/stroke_prediction_v2/8/biMaxInfgain/standard__mixup__noImbl/XGBmodel,1780052279784_edb427c117800537260956782,0.9471624266144814,0.6267786561264822,0.5263991769547325,0.536391129032258,0.9215828840605492,0.9471624266144814,0.9300825389811248,0.9471624266144814,0.9471624266144814,0.9471624266144814,0.8063120925619761
8,biMaxInfgain,standard,mixup,noImbl,XGBmodel,first,0.5,0.1,42,2026-05-29 19:21:56,20260529-185745,log/stroke_prediction_v2/8/biMaxInfgain/standard__mixup__noImbl/XGBmodel,1780052279784_edb427c117800537165559010,0.9471624266144814,0.6013313609467457,0.5169135802469136,0.5208875924575477,0.9182858763996804,0.9471624266144816,0.9285902865371046,0.9471624266144814,0.9471624266144814,0.9471624266144814,0.7999397342543241
8,biMaxInfgain,standard,mixup,noImbl,XGBmodel,first,0.5,0.2,42,2026-05-29 19:22:09,20260529-185745,log/stroke_prediction_v2/8/biMaxInfgain/standard__mixup__noImbl/XGBmodel,1780052279784_edb427c117800537293511381,0.9500978473581212,0.6426234870788354,0.5089711934156378,0.5060602901737061,0.9216504163874,0.9500978473581212,0.9285604219838514,0.9500978473581212,0.9500978473581212,0.9500978473581212,0.8025567554550692
8,biMaxInfgain,standard,mixup,noImbl,XGBmodel,last,0.25,0.1,42,2026-05-29 19:22:13,20260529-185745,log/stroke_prediction_v2/8/biMaxInfgain/mixup__noImbl__standard/XGBmodel,1780052279784_edb427c117800537330336999,0.9373776908023485,0.6121639784946236,0.5686831275720164,0.5837067209775968,0.9238552911221936,0.9373776908023485,0.9298687530141372,0.9373776908023485,0.9373776908023485,0.9373776908023485,0.8124576371385825
8,biMaxInfgain,standard,mixup,noImbl,XGBmodel,last,0.25,0.2,42,2026-05-29 19:22:29,20260529-185745,log/stroke_prediction_v2/8/biMaxInfgain/mixup__noImbl__standard/XGBmodel,1780052279784_edb427c117800537491354894,0.9393346379647748,0.6029559118236472,0.5507407407407408,0.565345040471944,0.9213760201420452,0.939334637964775,0.9290775392993598,0.9393346379647748,0.9393346379647748,0.9393346379647748,0.8074045094222487
8,biMaxInfgain,standard,mixup,noImbl,XGBmodel,last,0.3,0.1,42,2026-05-29 19:22:17,20260529-185745,log/stroke_prediction_v2/8/biMaxInfgain/mixup__noImbl__standard/XGBmodel,1780052279784_edb427c117800537372881454,0.9471624266144814,0.665631212723658,0.5548559670781893,0.5772589392407391,0.9278249290947076,0.9471624266144814,0.9340068632560012,0.9471624266144814,0.9471624266144814,0.9471624266144814,0.8203860519099588
8,biMaxInfgain,standard,mixup,noImbl,XGBmodel,last,0.3,0.2,42,2026-05-29 19:22:33,20260529-185745,log/stroke_prediction_v2/8/biMaxInfgain/mixup__noImbl__standard/XGBmodel,1780052279784_edb427c117800537530041290,0.9422700587084148,0.6389368104312939,0.5712551440329218,0.5916844421872355,0.926666496554242,0.9422700587084148,0.9330148945975072,0.9422700587084148,0.9422700587084148,0.9422700587084148,0.8192987691029229
8,biMaxInfgain,standard,mixup,noImbl,XGBmodel,last,0.35,0.1,42,2026-05-29 19:22:21,20260529-185745,log/stroke_prediction_v2/8/biMaxInfgain/mixup__noImbl__standard/XGBmodel,1780052279784_edb427c117800537411878432,0.9412915851272016,0.5476190476190477,0.5138271604938272,0.5160984848484849,0.9127760693318424,0.9412915851272016,0.925313556306707,0.9412915851272016,0.9412915851272016,0.9412915851272016,0.790150667968631
8,biMaxInfgain,standard,mixup,noImbl,XGBmodel,last,0.35,0.2,42,2026-05-29 19:22:36,20260529-185745,log/stroke_prediction_v2/8/biMaxInfgain/mixup__noImbl__standard/XGBmodel,1780052279784_edb427c117800537569637283,0.9422700587084148,0.5212211132092438,0.5048559670781892,0.5015169927994511,0.9094282409594796,0.9422700587084148,0.9243830976569584,0.9422700587084148,0.9422700587084148,0.9422700587084148,0.7843435691765184
8,biMaxInfgain,standard,mixup,noImbl,XGBmodel,last,0.5,0.1,42,2026-05-29 19:22:25,20260529-185745,log/stroke_prediction_v2/8/biMaxInfgain/mixup__noImbl__standard/XGBmodel,1780052279784_edb427c117800537452890865,0.9452054794520548,0.4753937007874016,0.4969135802469136,0.4859154929577465,0.9042713838852336,0.9452054794520548,0.9242854386593534,0.9452054794520548,0.9452054794520548,0.9452054794520548,0.7772701980153415
8,biMaxInfgain,standard,mixup,noImbl,XGBmodel,last,0.5,0.2,42,2026-05-29 19:22:40,20260529-185745,log/stroke_prediction_v2/8/biMaxInfgain/mixup__noImbl__standard/XGBmodel,1780052279784_edb427c117800537606424316,0.9510763209393346,0.4755381604696673,0.5,0.4874623871614844,0.9045461682515002,0.9510763209393346,0.9272278675557002,0.9510763209393346,0.9510763209393346,0.9510763209393346,0.7806424994554282
8,biMaxInfgain,standard,mixup,noImbl,random_forest,first,0.25,0.1,42,2026-05-29 19:21:46,20260529-185745,log/stroke_prediction_v2/8/biMaxInfgain/standard__mixup__noImbl/random_forest,1780052279784_edb427c117800537062311804,0.9178082191780822,0.5426764076977905,0.5394238683127572,0.5409394250513346,0.9145812788642732,0.9178082191780822,0.9161802762228912,0.9178082191780822,0.9178082191780822,0.9178082191780822,0.7853593983498487
8,biMaxInfgain,standard,mixup,noImbl,random_forest,first,0.25,0.2,42,2026-05-29 19:21:59,20260529-185745,log/stroke_prediction_v2/8/biMaxInfgain/standard__mixup__noImbl/random_forest,1780052279784_edb427c117800537195597552,0.9197651663405088,0.5689094650205762,0.5689094650205762,0.5689094650205762,0.9197651663405088,0.9197651663405088,0.9197651663405088,0.9197651663405088,0.9197651663405088,0.9197651663405088,0.7969656708785323
8,biMaxInfgain,standard,mixup,noImbl,random_forest,first,0.3,0.1,42,2026-05-29 19:21:49,20260529-185745,log/stroke_prediction_v2/8/biMaxInfgain/standard__mixup__noImbl/random_forest,1780052279784_edb427c117800537095185175,0.9315068493150684,0.5715277777777779,0.5466255144032922,0.5553317918500287,0.9179794520547946,0.9315068493150686,0.9243034971508444,0.9315068493150684,0.9315068493150684,0.9315068493150684,0.7981613074997448
8,biMaxInfgain,standard,mixup,noImbl,random_forest,first,0.3,0.2,42,2026-05-29 19:22:02,20260529-185745,log/stroke_prediction_v2/8/biMaxInfgain/standard__mixup__noImbl/random_forest,1780052279784_edb427c117800537227690211,0.9275929549902152,0.5610209601081811,0.5445679012345679,0.5508706083568901,0.9167887277726396,0.9275929549902152,0.9219582190362982,0.9275929549902152,0.9275929549902152,0.9275929549902152,0.794199265016603
8,biMaxInfgain,standard,mixup,noImbl,random_forest,first,0.35,0.1,42,2026-05-29 19:21:53,20260529-185745,log/stroke_prediction_v2/8/biMaxInfgain/standard__mixup__noImbl/random_forest,1780052279784_edb427c117800537130444911,0.9412915851272016,0.6143636363636363,0.5517695473251027,0.5681203515889113,0.9225717843800036,0.9412915851272016,0.9302928540334412,0.9412915851272016,0.9412915851272016,0.9412915851272016,0.8101491117011077
8,biMaxInfgain,standard,mixup,noImbl,random_forest,first,0.35,0.2,42,2026-05-29 19:22:05,20260529-185745,log/stroke_prediction_v2/8/biMaxInfgain/standard__mixup__noImbl/random_forest,1780052279784_edb427c117800537259138157,0.9373776908023485,0.5679090909090909,0.5307407407407408,0.5393283750281721,0.9162220245507916,0.9373776908023485,0.925645710969004,0.9373776908023485,0.9373776908023485,0.9373776908023485,0.7961843748405779
8,biMaxInfgain,standard,mixup,noImbl,random_forest,first,0.5,0.1,42,2026-05-29 19:21:56,20260529-185745,log/stroke_prediction_v2/8/biMaxInfgain/standard__mixup__noImbl/random_forest,1780052279784_edb427c117800537163737462,0.9412915851272016,0.475296442687747,0.4948559670781893,0.4848790322580645,0.9040863841340314,0.9412915851272016,0.92231393220125,0.9412915851272016,0.9412915851272016,0.9412915851272016,0.7750194581097745
8,biMaxInfgain,standard,mixup,noImbl,random_forest,first,0.5,0.2,42,2026-05-29 19:22:09,20260529-185745,log/stroke_prediction_v2/8/biMaxInfgain/standard__mixup__noImbl/random_forest,1780052279784_edb427c117800537291679472,0.9452054794520548,0.5383382642998028,0.5063991769547325,0.5031426884744937,0.9112324714274136,0.9452054794520548,0.9259454823347752,0.9452054794520548,0.9452054794520548,0.9452054794520548,0.7880424086704069
8,biMaxInfgain,standard,mixup,noImbl,random_forest,last,0.25,0.1,42,2026-05-29 19:22:12,20260529-185745,log/stroke_prediction_v2/8/biMaxInfgain/mixup__noImbl__standard/random_forest,1780052279784_edb427c117800537328057099,0.9197651663405088,0.5265784114052954,0.5214814814814814,0.5234618446491527,0.9114172522229884,0.9197651663405086,0.9155129847772968,0.9197651663405088,0.9197651663405088,0.9197651663405088,0.7797000054611473
8,biMaxInfgain,standard,mixup,noImbl,random_forest,last,0.25,0.2,42,2026-05-29 19:22:28,20260529-185745,log/stroke_prediction_v2/8/biMaxInfgain/mixup__noImbl__standard/random_forest,1780052279784_edb427c117800537489028926,0.9285714285714286,0.5812009286068289,0.5640534979423868,0.5712175637230955,0.9204759296315757,0.9285714285714284,0.924358253315982,0.9285714285714286,0.9285714285714286,0.9285714285714286,0.802337979602512
8,biMaxInfgain,standard,mixup,noImbl,random_forest,last,0.3,0.1,42,2026-05-29 19:22:17,20260529-185745,log/stroke_prediction_v2/8/biMaxInfgain/mixup__noImbl__standard/random_forest,1780052279784_edb427c117800537370613702,0.9315068493150684,0.5482897384305835,0.5276543209876543,0.5334794063176566,0.914051825630889,0.9315068493150684,0.9222307860248746,0.9315068493150684,0.9315068493150684,0.9315068493150684,0.7899588570823196
8,biMaxInfgain,standard,mixup,noImbl,random_forest,last,0.3,0.2,42,2026-05-29 19:22:32,20260529-185745,log/stroke_prediction_v2/8/biMaxInfgain/mixup__noImbl__standard/random_forest,1780052279784_edb427c117800537527676755,0.929549902152642,0.5659680876399142,0.54559670781893,0.5530612244897959,0.9173542857329278,0.9295499021526418,0.9231279204441072,0.929549902152642,0.929549902152642,0.929549902152642,0.7961402407203193
8,biMaxInfgain,standard,mixup,noImbl,random_forest,last,0.35,0.1,42,2026-05-29 19:22:20,20260529-185745,log/stroke_prediction_v2/8/biMaxInfgain/mixup__noImbl__standard/random_forest,1780052279784_edb427c117800537409674320,0.9393346379647748,0.5770459081836328,0.5317695473251028,0.5414387031408306,0.9171988703610392,0.9393346379647748,0.9267959005228438,0.9393346379647748,0.9393346379647748,0.9393346379647748,0.7985704783224385
8,biMaxInfgain,standard,mixup,noImbl,random_forest,last,0.35,0.2,42,2026-05-29 19:22:36,20260529-185745,log/stroke_prediction_v2/8/biMaxInfgain/mixup__noImbl__standard/random_forest,1780052279784_edb427c117800537566926105,0.9422700587084148,0.5947614866842259,0.5333127572016461,0.5447798941559274,0.9190559233302809,0.9422700587084148,0.9285347964778052,0.9422700587084148,0.9422700587084148,0.9422700587084148,0.8026182438000409
8,biMaxInfgain,standard,mixup,noImbl,random_forest,last,0.5,0.1,42,2026-05-29 19:22:25,20260529-185745,log/stroke_prediction_v2/8/biMaxInfgain/mixup__noImbl__standard/random_forest,1780052279784_edb427c117800537450599873,0.9452054794520548,0.5762845849802372,0.5158847736625514,0.5192204301075269,0.9157507174183768,0.9452054794520548,0.9274930033878336,0.9452054794520548,0.9452054794520548,0.9452054794520548,0.7958812144112423
8,biMaxInfgain,standard,mixup,noImbl,random_forest,last,0.5,0.2,42,2026-05-29 19:22:40,20260529-185745,log/stroke_prediction_v2/8/biMaxInfgain/mixup__noImbl__standard/random_forest,1780052279784_edb427c117800537603426227,0.9471624266144814,0.475442043222004,0.4979423868312758,0.4864321608040201,0.9043633385749272,0.9471624266144816,0.9252682197681164,0.9471624266144814,0.9471624266144814,0.9471624266144814,0.7783948045944336
8,biMaxInfgain,standard,mixup,noImbl,sklearn_SVM,first,0.25,0.1,42,2026-05-29 19:21:45,20260529-185745,log/stroke_prediction_v2/8/biMaxInfgain/standard__mixup__noImbl/sklearn_SVM,1780052279784_edb427c117800537056038689,0.9412915851272016,0.5476190476190477,0.5138271604938272,0.5160984848484849,0.9127760693318424,0.9412915851272016,0.925313556306707,0.9412915851272016,0.9412915851272016,0.9412915851272016,0.790150667968631
8,biMaxInfgain,standard,mixup,noImbl,sklearn_SVM,first,0.25,0.2,42,2026-05-29 19:21:58,20260529-185745,log/stroke_prediction_v2/8/biMaxInfgain/standard__mixup__noImbl/sklearn_SVM,1780052279784_edb427c117800537189668342,0.9442270058708416,0.5313699681912909,0.5058847736625514,0.5025914699227254,0.9105076063790852,0.9442270058708414,0.9254242468117834,0.9442270058708416,0.9442270058708416,0.9442270058708416,0.7866693946818055
8,biMaxInfgain,standard,mixup,noImbl,sklearn_SVM,first,0.3,0.1,42,2026-05-29 19:21:48,20260529-185745,log/stroke_prediction_v2/8/biMaxInfgain/standard__mixup__noImbl/sklearn_SVM,1780052279784_edb427c117800537088800911,0.9412915851272016,0.5476190476190477,0.5138271604938272,0.5160984848484849,0.9127760693318424,0.9412915851272016,0.925313556306707,0.9412915851272016,0.9412915851272016,0.9412915851272016,0.790150667968631
8,biMaxInfgain,standard,mixup,noImbl,sklearn_SVM,first,0.3,0.2,42,2026-05-29 19:22:02,20260529-185745,log/stroke_prediction_v2/8/biMaxInfgain/standard__mixup__noImbl/sklearn_SVM,1780052279784_edb427c117800537221560605,0.943248532289628,0.525790513833992,0.5053703703703704,0.5020497311827956,0.909918550776204,0.9432485322896282,0.9249034677945416,0.943248532289628,0.943248532289628,0.943248532289628,0.7854503362605084
8,biMaxInfgain,standard,mixup,noImbl,sklearn_SVM,first,0.35,0.1,42,2026-05-29 19:21:52,20260529-185745,log/stroke_prediction_v2/8/biMaxInfgain/standard__mixup__noImbl/sklearn_SVM,1780052279784_edb427c117800537124267703,0.943248532289628,0.5595709570957095,0.5148559670781893,0.5176263793496305,0.9140306007117346,0.943248532289628,0.9264009887357532,0.943248532289628,0.943248532289628,0.943248532289628,0.792749270617222
8,biMaxInfgain,standard,mixup,noImbl,sklearn_SVM,first,0.35,0.2,42,2026-05-29 19:22:05,20260529-185745,log/stroke_prediction_v2/8/biMaxInfgain/standard__mixup__noImbl/sklearn_SVM,1780052279784_edb427c117800537253285731,0.946183953033268,0.5874191071624437,0.5163991769547325,0.5200444008026299,0.916882441717125,0.946183953033268,0.9280409399061073,0.946183953033268,0.946183953033268,0.946183953033268,0.7977564549030478
8,biMaxInfgain,standard,mixup,noImbl,sklearn_SVM,first,0.5,0.1,42,2026-05-29 19:21:55,20260529-185745,log/stroke_prediction_v2/8/biMaxInfgain/standard__mixup__noImbl/sklearn_SVM,1780052279784_edb427c117800537157562270,0.9452054794520548,0.4753937007874016,0.4969135802469136,0.4859154929577465,0.9042713838852336,0.9452054794520548,0.9242854386593534,0.9452054794520548,0.9452054794520548,0.9452054794520548,0.7772701980153415
8,biMaxInfgain,standard,mixup,noImbl,sklearn_SVM,first,0.5,0.2,42,2026-05-29 19:22:08,20260529-185745,log/stroke_prediction_v2/8/biMaxInfgain/standard__mixup__noImbl/sklearn_SVM,1780052279784_edb427c117800537285463746,0.9481409001956947,0.6192118226600984,0.5174279835390947,0.5217510308231575,0.9200775066757926,0.9481409001956947,0.9291411443583694,0.9481409001956947,0.9481409001956947,0.9481409001956947,0.8025619176430053
8,biMaxInfgain,standard,mixup,noImbl,sklearn_SVM,last,0.25,0.1,42,2026-05-29 19:22:12,20260529-185745,log/stroke_prediction_v2/8/biMaxInfgain/mixup__noImbl__standard/sklearn_SVM,1780052279784_edb427c117800537320871710,0.9471624266144814,0.6013313609467457,0.5169135802469136,0.5208875924575477,0.9182858763996804,0.9471624266144816,0.9285902865371046,0.9471624266144814,0.9471624266144814,0.9471624266144814,0.7999397342543241
8,biMaxInfgain,standard,mixup,noImbl,sklearn_SVM,last,0.25,0.2,42,2026-05-29 19:22:28,20260529-185745,log/stroke_prediction_v2/8/biMaxInfgain/mixup__noImbl__standard/sklearn_SVM,1780052279784_edb427c117800537481706608,0.9403131115459884,0.5428334988414433,0.513312757201646,0.5153574066156178,0.9122651550043368,0.9403131115459884,0.9247713668515652,0.9403131115459884,0.9403131115459884,0.9403131115459884,0.7889857017432153
8,biMaxInfgain,standard,mixup,noImbl,sklearn_SVM,last,0.3,0.1,42,2026-05-29 19:22:16,20260529-185745,log/stroke_prediction_v2/8/biMaxInfgain/mixup__noImbl__standard/sklearn_SVM,1780052279784_edb427c117800537361917240,0.943248532289628,0.5595709570957095,0.5148559670781893,0.5176263793496305,0.9140306007117346,0.943248532289628,0.9264009887357532,0.943248532289628,0.943248532289628,0.943248532289628,0.792749270617222
8,biMaxInfgain,standard,mixup,noImbl,sklearn_SVM,last,0.3,0.2,42,2026-05-29 19:22:32,20260529-185745,log/stroke_prediction_v2/8/biMaxInfgain/mixup__noImbl__standard/sklearn_SVM,1780052279784_edb427c117800537520225278,0.9471624266144814,0.5592191601049868,0.5074279835390947,0.5042756539235412,0.9133614291364266,0.9471624266144814,0.9269895301358052,0.9471624266144814,0.9471624266144814,0.9471624266144814,0.7915556055327451
8,biMaxInfgain,standard,mixup,noImbl,sklearn_SVM,last,0.35,0.1,42,2026-05-29 19:22:20,20260529-185745,log/stroke_prediction_v2/8/biMaxInfgain/mixup__noImbl__standard/sklearn_SVM,1780052279784_edb427c117800537402662474,0.949119373776908,0.4754901960784314,0.4989711934156378,0.4869477911646586,0.9044549326579948,0.949119373776908,0.926249027420838,0.949119373776908,0.949119373776908,0.949119373776908,0.7795189045137939
8,biMaxInfgain,standard,mixup,noImbl,sklearn_SVM,last,0.35,0.2,42,2026-05-29 19:22:35,20260529-185745,log/stroke_prediction_v2/8/biMaxInfgain/mixup__noImbl__standard/sklearn_SVM,1780052279784_edb427c117800537559465017,0.9452054794520548,0.5762845849802372,0.5158847736625514,0.5192204301075269,0.9157507174183768,0.9452054794520548,0.9274930033878336,0.9452054794520548,0.9452054794520548,0.9452054794520548,0.7958812144112423
8,biMaxInfgain,standard,mixup,noImbl,sklearn_SVM,last,0.5,0.1,42,2026-05-29 19:22:24,20260529-185745,log/stroke_prediction_v2/8/biMaxInfgain/mixup__noImbl__standard/sklearn_SVM,1780052279784_edb427c117800537443276932,0.9471624266144814,0.6013313609467457,0.5169135802469136,0.5208875924575477,0.9182858763996804,0.9471624266144816,0.9285902865371046,0.9471624266144814,0.9471624266144814,0.9471624266144814,0.7999397342543241
8,biMaxInfgain,standard,mixup,noImbl,sklearn_SVM,last,0.5,0.2,42,2026-05-29 19:22:39,20260529-185745,log/stroke_prediction_v2/8/biMaxInfgain/mixup__noImbl__standard/sklearn_SVM,1780052279784_edb427c117800537596801015,0.946183953033268,0.5472906403940886,0.5069135802469136,0.5037038999108238,0.9121513886612744,0.9461839530332682,0.926467225277553,0.946183953033268,0.946183953033268,0.946183953033268,0.7896348109217913
8,biMaxInfgain,standard,noAug,noImbl,DTmodel,first,0.25,0.1,42,2026-05-29 19:22:44,20260529-185745,log/stroke_prediction_v2/8/biMaxInfgain/standard__noAug__noImbl/DTmodel,1780052279784_edb427c117800537641047824,0.9217221135029354,0.5489795918367346,0.5414814814814815,0.5447255880256592,0.9153640321099084,0.9217221135029352,0.9184791326386146,0.9217221135029354,0.9217221135029354,0.9217221135029354,0.7887520640436275
8,biMaxInfgain,standard,noAug,noImbl,DTmodel,first,0.25,0.2,42,2026-05-29 19:22:55,20260529-185745,log/stroke_prediction_v2/8/biMaxInfgain/standard__noAug__noImbl/DTmodel,1780052279784_edb427c117800537752409890,0.9119373776908024,0.5268518518518518,0.5268518518518518,0.5268518518518518,0.9119373776908022,0.9119373776908022,0.9119373776908022,0.9119373776908024,0.9119373776908024,0.9119373776908022,0.7771574436471694
8,biMaxInfgain,standard,noAug,noImbl,DTmodel,first,0.3,0.1,42,2026-05-29 19:22:46,20260529-185745,log/stroke_prediction_v2/8/biMaxInfgain/standard__noAug__noImbl/DTmodel,1780052279784_edb427c117800537668163769,0.9217221135029354,0.5489795918367346,0.5414814814814815,0.5447255880256592,0.9153640321099084,0.9217221135029352,0.9184791326386146,0.9217221135029354,0.9217221135029354,0.9217221135029354,0.7887520640436275
8,biMaxInfgain,standard,noAug,noImbl,DTmodel,first,0.3,0.2,42,2026-05-29 19:22:57,20260529-185745,log/stroke_prediction_v2/8/biMaxInfgain/standard__noAug__noImbl/DTmodel,1780052279784_edb427c117800537779706584,0.9119373776908024,0.5268518518518518,0.5268518518518518,0.5268518518518518,0.9119373776908022,0.9119373776908022,0.9119373776908022,0.9119373776908024,0.9119373776908024,0.9119373776908022,0.7771574436471694
8,biMaxInfgain,standard,noAug,noImbl,DTmodel,first,0.35,0.1,42,2026-05-29 19:22:49,20260529-185745,log/stroke_prediction_v2/8/biMaxInfgain/standard__noAug__noImbl/DTmodel,1780052279784_edb427c117800537696123734,0.9217221135029354,0.5489795918367346,0.5414814814814815,0.5447255880256592,0.9153640321099084,0.9217221135029352,0.9184791326386146,0.9217221135029354,0.9217221135029354,0.9217221135029354,0.7887520640436275
8,biMaxInfgain,standard,noAug,noImbl,DTmodel,first,0.35,0.2,42,2026-05-29 19:23:00,20260529-185745,log/stroke_prediction_v2/8/biMaxInfgain/standard__noAug__noImbl/DTmodel,1780052279784_edb427c117800537806142685,0.9119373776908024,0.5268518518518518,0.5268518518518518,0.5268518518518518,0.9119373776908022,0.9119373776908022,0.9119373776908022,0.9119373776908024,0.9119373776908024,0.9119373776908022,0.7771574436471694
8,biMaxInfgain,standard,noAug,noImbl,DTmodel,first,0.5,0.1,42,2026-05-29 19:22:52,20260529-185745,log/stroke_prediction_v2/8/biMaxInfgain/standard__noAug__noImbl/DTmodel,1780052279784_edb427c117800537724246448,0.9217221135029354,0.5489795918367346,0.5414814814814815,0.5447255880256592,0.9153640321099084,0.9217221135029352,0.9184791326386146,0.9217221135029354,0.9217221135029354,0.9217221135029354,0.7887520640436275
8,biMaxInfgain,standard,noAug,noImbl,DTmodel,first,0.5,0.2,42,2026-05-29 19:23:03,20260529-185745,log/stroke_prediction_v2/8/biMaxInfgain/standard__noAug__noImbl/DTmodel,1780052279784_edb427c117800537832974717,0.9119373776908024,0.5268518518518518,0.5268518518518518,0.5268518518518518,0.9119373776908022,0.9119373776908022,0.9119373776908022,0.9119373776908024,0.9119373776908024,0.9119373776908022,0.7771574436471694
8,biMaxInfgain,standard,noAug,noImbl,DTmodel,last,0.25,0.1,42,2026-05-29 19:23:06,20260529-185745,log/stroke_prediction_v2/8/biMaxInfgain/noAug__noImbl__standard/DTmodel,1780052279784_edb427c117800537864533619,0.9217221135029354,0.5489795918367346,0.5414814814814815,0.5447255880256592,0.9153640321099084,0.9217221135029352,0.9184791326386146,0.9217221135029354,0.9217221135029354,0.9217221135029354,0.7887520640436275
8,biMaxInfgain,standard,noAug,noImbl,DTmodel,last,0.25,0.2,42,2026-05-29 19:23:17,20260529-185745,log/stroke_prediction_v2/8/biMaxInfgain/noAug__noImbl__standard/DTmodel,1780052279784_edb427c117800537975770373,0.9119373776908024,0.5268518518518518,0.5268518518518518,0.5268518518518518,0.9119373776908022,0.9119373776908022,0.9119373776908022,0.9119373776908024,0.9119373776908024,0.9119373776908022,0.7771574436471694
8,biMaxInfgain,standard,noAug,noImbl,DTmodel,last,0.3,0.1,42,2026-05-29 19:23:09,20260529-185745,log/stroke_prediction_v2/8/biMaxInfgain/noAug__noImbl__standard/DTmodel,1780052279784_edb427c117800537893112588,0.9217221135029354,0.5489795918367346,0.5414814814814815,0.5447255880256592,0.9153640321099084,0.9217221135029352,0.9184791326386146,0.9217221135029354,0.9217221135029354,0.9217221135029354,0.7887520640436275
8,biMaxInfgain,standard,noAug,noImbl,DTmodel,last,0.3,0.2,42,2026-05-29 19:23:20,20260529-185745,log/stroke_prediction_v2/8/biMaxInfgain/noAug__noImbl__standard/DTmodel,1780052279784_edb427c117800538003045866,0.9119373776908024,0.5268518518518518,0.5268518518518518,0.5268518518518518,0.9119373776908022,0.9119373776908022,0.9119373776908022,0.9119373776908024,0.9119373776908024,0.9119373776908022,0.7771574436471694
8,biMaxInfgain,standard,noAug,noImbl,DTmodel,last,0.35,0.1,42,2026-05-29 19:23:12,20260529-185745,log/stroke_prediction_v2/8/biMaxInfgain/noAug__noImbl__standard/DTmodel,1780052279784_edb427c117800537921717511,0.9217221135029354,0.5489795918367346,0.5414814814814815,0.5447255880256592,0.9153640321099084,0.9217221135029352,0.9184791326386146,0.9217221135029354,0.9217221135029354,0.9217221135029354,0.7887520640436275
8,biMaxInfgain,standard,noAug,noImbl,DTmodel,last,0.35,0.2,42,2026-05-29 19:23:23,20260529-185745,log/stroke_prediction_v2/8/biMaxInfgain/noAug__noImbl__standard/DTmodel,1780052279784_edb427c117800538030024624,0.9119373776908024,0.5268518518518518,0.5268518518518518,0.5268518518518518,0.9119373776908022,0.9119373776908022,0.9119373776908022,0.9119373776908024,0.9119373776908024,0.9119373776908022,0.7771574436471694
8,biMaxInfgain,standard,noAug,noImbl,DTmodel,last,0.5,0.1,42,2026-05-29 19:23:14,20260529-185745,log/stroke_prediction_v2/8/biMaxInfgain/noAug__noImbl__standard/DTmodel,1780052279784_edb427c117800537949414545,0.9217221135029354,0.5489795918367346,0.5414814814814815,0.5447255880256592,0.9153640321099084,0.9217221135029352,0.9184791326386146,0.9217221135029354,0.9217221135029354,0.9217221135029354,0.7887520640436275
8,biMaxInfgain,standard,noAug,noImbl,DTmodel,last,0.5,0.2,42,2026-05-29 19:23:25,20260529-185745,log/stroke_prediction_v2/8/biMaxInfgain/noAug__noImbl__standard/DTmodel,1780052279784_edb427c117800538057386707,0.9119373776908024,0.5268518518518518,0.5268518518518518,0.5268518518518518,0.9119373776908022,0.9119373776908022,0.9119373776908022,0.9119373776908024,0.9119373776908024,0.9119373776908022,0.7771574436471694
8,biMaxInfgain,standard,noAug,noImbl,GradientBoosting,first,0.25,0.1,42,2026-05-29 19:22:45,20260529-185745,log/stroke_prediction_v2/8/biMaxInfgain/standard__noAug__noImbl/GradientBoosting,1780052279784_edb427c117800537650844610,0.9452054794520548,0.6608181818181817,0.572798353909465,0.5969123281496507,0.9289215442092154,0.9452054794520548,0.9349399970978788,0.9452054794520548,0.9452054794520548,0.9452054794520548,0.8241138485616374
8,biMaxInfgain,standard,noAug,noImbl,GradientBoosting,first,0.25,0.2,42,2026-05-29 19:22:56,20260529-185745,log/stroke_prediction_v2/8/biMaxInfgain/standard__noAug__noImbl/GradientBoosting,1780052279784_edb427c117800537763169090,0.9412915851272016,0.6242902471609887,0.5612551440329219,0.5793661681986555,0.9243674890550836,0.9412915851272016,0.9313653606122836,0.9412915851272016,0.9412915851272016,0.9412915851272016,0.8141176513974209
8,biMaxInfgain,standard,noAug,noImbl,GradientBoosting,first,0.3,0.1,42,2026-05-29 19:22:47,20260529-185745,log/stroke_prediction_v2/8/biMaxInfgain/standard__noAug__noImbl/GradientBoosting,1780052279784_edb427c117800537678107081,0.949119373776908,0.6924603174603174,0.5558847736625514,0.5806186868686869,0.9305283757338552,0.949119373776908,0.935271748799146,0.949119373776908,0.949119373776908,0.949119373776908,0.8249186615466103
8,biMaxInfgain,standard,noAug,noImbl,GradientBoosting,first,0.3,0.2,42,2026-05-29 19:22:58,20260529-185745,log/stroke_prediction_v2/8/biMaxInfgain/standard__noAug__noImbl/GradientBoosting,1780052279784_edb427c117800537789598984,0.9452054794520548,0.633884194831014,0.5443415637860082,0.561601862916322,0.9238217952558624,0.9452054794520548,0.9315626730062234,0.9452054794520548,0.9452054794520548,0.9452054794520548,0.8122616275564919
8,biMaxInfgain,standard,noAug,noImbl,GradientBoosting,first,0.35,0.1,42,2026-05-29 19:22:50,20260529-185745,log/stroke_prediction_v2/8/biMaxInfgain/standard__noAug__noImbl/GradientBoosting,1780052279784_edb427c117800537706516627,0.9510763209393346,0.7282178217821782,0.5569135802469136,0.5841606718531298,0.9341051326267656,0.9510763209393348,0.936552576496339,0.9510763209393346,0.9510763209393346,0.9510763209393346,0.8304611690937398
8,biMaxInfgain,standard,noAug,noImbl,GradientBoosting,first,0.35,0.2,42,2026-05-29 19:23:01,20260529-185745,log/stroke_prediction_v2/8/biMaxInfgain/standard__noAug__noImbl/GradientBoosting,1780052279784_edb427c117800537815826984,0.9452054794520548,0.6017326732673267,0.5253703703703704,0.5342599524755053,0.9190492336904924,0.9452054794520548,0.9289388856758996,0.9452054794520548,0.9452054794520548,0.9452054794520548,0.8021772452363514
8,biMaxInfgain,standard,noAug,noImbl,GradientBoosting,first,0.5,0.1,42,2026-05-29 19:22:53,20260529-185745,log/stroke_prediction_v2/8/biMaxInfgain/standard__noAug__noImbl/GradientBoosting,1780052279784_edb427c117800537734602885,0.9471624266144814,0.475442043222004,0.4979423868312758,0.4864321608040201,0.9043633385749272,0.9471624266144816,0.9252682197681164,0.9471624266144814,0.9471624266144814,0.9471624266144814,0.7783948045944336
8,biMaxInfgain,standard,noAug,noImbl,GradientBoosting,first,0.5,0.2,42,2026-05-29 19:23:04,20260529-185745,log/stroke_prediction_v2/8/biMaxInfgain/standard__noAug__noImbl/GradientBoosting,1780052279784_edb427c117800537845763001,0.9471624266144814,0.475442043222004,0.4979423868312758,0.4864321608040201,0.9043633385749272,0.9471624266144816,0.9252682197681164,0.9471624266144814,0.9471624266144814,0.9471624266144814,0.7783948045944336
8,biMaxInfgain,standard,noAug,noImbl,GradientBoosting,last,0.25,0.1,42,2026-05-29 19:23:07,20260529-185745,log/stroke_prediction_v2/8/biMaxInfgain/noAug__noImbl__standard/GradientBoosting,1780052279784_edb427c117800537874938081,0.9452054794520548,0.6608181818181817,0.572798353909465,0.5969123281496507,0.9289215442092154,0.9452054794520548,0.9349399970978788,0.9452054794520548,0.9452054794520548,0.9452054794520548,0.8241138485616374
8,biMaxInfgain,standard,noAug,noImbl,GradientBoosting,last,0.25,0.2,42,2026-05-29 19:23:18,20260529-185745,log/stroke_prediction_v2/8/biMaxInfgain/noAug__noImbl__standard/GradientBoosting,1780052279784_edb427c117800537985630592,0.9412915851272016,0.6242902471609887,0.5612551440329219,0.5793661681986555,0.9243674890550836,0.9412915851272016,0.9313653606122836,0.9412915851272016,0.9412915851272016,0.9412915851272016,0.8141176513974209
8,biMaxInfgain,standard,noAug,noImbl,GradientBoosting,last,0.3,0.1,42,2026-05-29 19:23:10,20260529-185745,log/stroke_prediction_v2/8/biMaxInfgain/noAug__noImbl__standard/GradientBoosting,1780052279784_edb427c117800537903485936,0.949119373776908,0.6924603174603174,0.5558847736625514,0.5806186868686869,0.9305283757338552,0.949119373776908,0.935271748799146,0.949119373776908,0.949119373776908,0.949119373776908,0.8249186615466103
8,biMaxInfgain,standard,noAug,noImbl,GradientBoosting,last,0.3,0.2,42,2026-05-29 19:23:21,20260529-185745,log/stroke_prediction_v2/8/biMaxInfgain/noAug__noImbl__standard/GradientBoosting,1780052279784_edb427c117800538013319080,0.9452054794520548,0.633884194831014,0.5443415637860082,0.561601862916322,0.9238217952558624,0.9452054794520548,0.9315626730062234,0.9452054794520548,0.9452054794520548,0.9452054794520548,0.8122616275564919
8,biMaxInfgain,standard,noAug,noImbl,GradientBoosting,last,0.35,0.1,42,2026-05-29 19:23:13,20260529-185745,log/stroke_prediction_v2/8/biMaxInfgain/noAug__noImbl__standard/GradientBoosting,1780052279784_edb427c117800537931725264,0.9510763209393346,0.7282178217821782,0.5569135802469136,0.5841606718531298,0.9341051326267656,0.9510763209393348,0.936552576496339,0.9510763209393346,0.9510763209393346,0.9510763209393346,0.8304611690937398
8,biMaxInfgain,standard,noAug,noImbl,GradientBoosting,last,0.35,0.2,42,2026-05-29 19:23:24,20260529-185745,log/stroke_prediction_v2/8/biMaxInfgain/noAug__noImbl__standard/GradientBoosting,1780052279784_edb427c117800538040049468,0.9452054794520548,0.6017326732673267,0.5253703703703704,0.5342599524755053,0.9190492336904924,0.9452054794520548,0.9289388856758996,0.9452054794520548,0.9452054794520548,0.9452054794520548,0.8021772452363514
8,biMaxInfgain,standard,noAug,noImbl,GradientBoosting,last,0.5,0.1,42,2026-05-29 19:23:15,20260529-185745,log/stroke_prediction_v2/8/biMaxInfgain/noAug__noImbl__standard/GradientBoosting,1780052279784_edb427c117800537959886601,0.9471624266144814,0.475442043222004,0.4979423868312758,0.4864321608040201,0.9043633385749272,0.9471624266144816,0.9252682197681164,0.9471624266144814,0.9471624266144814,0.9471624266144814,0.7783948045944336
8,biMaxInfgain,standard,noAug,noImbl,GradientBoosting,last,0.5,0.2,42,2026-05-29 19:23:26,20260529-185745,log/stroke_prediction_v2/8/biMaxInfgain/noAug__noImbl__standard/GradientBoosting,1780052279784_edb427c117800538066726714,0.9471624266144814,0.475442043222004,0.4979423868312758,0.4864321608040201,0.9043633385749272,0.9471624266144816,0.9252682197681164,0.9471624266144814,0.9471624266144814,0.9471624266144814,0.7783948045944336
8,biMaxInfgain,standard,noAug,noImbl,LogisticRegression,first,0.25,0.1,42,2026-05-29 19:22:44,20260529-185745,log/stroke_prediction_v2/8/biMaxInfgain/standard__noAug__noImbl/LogisticRegression,1780052279784_edb427c117800537644169731,0.9256360078277888,0.5882038488952244,0.5814814814814814,0.5846594798083504,0.9227333656004116,0.9256360078277884,0.9241631070588062,0.9256360078277888,0.9256360078277888,0.9256360078277884,0.8058196607589005
8,biMaxInfgain,standard,noAug,noImbl,LogisticRegression,first,0.25,0.2,42,2026-05-29 19:22:55,20260529-185745,log/stroke_prediction_v2/8/biMaxInfgain/standard__noAug__noImbl/LogisticRegression,1780052279784_edb427c117800537756141694,0.9344422700587084,0.5999785519502405,0.5671399176954732,0.5793024213119689,0.9225471169042232,0.9344422700587084,0.928012688132516,0.9344422700587084,0.9344422700587084,0.9344422700587084,0.8088407330951497
8,biMaxInfgain,standard,noAug,noImbl,LogisticRegression,first,0.3,0.1,42,2026-05-29 19:22:47,20260529-185745,log/stroke_prediction_v2/8/biMaxInfgain/standard__noAug__noImbl/LogisticRegression,1780052279784_edb427c117800537671295177,0.9393346379647748,0.6029559118236472,0.5507407407407408,0.565345040471944,0.9213760201420452,0.939334637964775,0.9290775392993598,0.9393346379647748,0.9393346379647748,0.9393346379647748,0.8074045094222487
8,biMaxInfgain,standard,noAug,noImbl,LogisticRegression,first,0.3,0.2,42,2026-05-29 19:22:58,20260529-185745,log/stroke_prediction_v2/8/biMaxInfgain/standard__noAug__noImbl/LogisticRegression,1780052279784_edb427c117800537782859540,0.9442270058708416,0.6359605394343286,0.5533127572016461,0.572526141992295,0.9248037122539068,0.9442270058708416,0.9321360019041732,0.9442270058708416,0.9442270058708416,0.9442270058708416,0.8147978248217949
8,biMaxInfgain,standard,noAug,noImbl,LogisticRegression,first,0.35,0.1,42,2026-05-29 19:22:49,20260529-185745,log/stroke_prediction_v2/8/biMaxInfgain/standard__noAug__noImbl/LogisticRegression,1780052279784_edb427c117800537699365487,0.9471624266144814,0.6438943894389438,0.5358847736625514,0.5508935256013802,0.92406786666925,0.9471624266144812,0.9314767826160464,0.9471624266144814,0.9471624266144814,0.9471624266144814,0.8116052198554807
8,biMaxInfgain,standard,noAug,noImbl,LogisticRegression,first,0.35,0.2,42,2026-05-29 19:23:00,20260529-185745,log/stroke_prediction_v2/8/biMaxInfgain/standard__noAug__noImbl/LogisticRegression,1780052279784_edb427c117800537809230745,0.949119373776908,0.6772727272727272,0.5369135802469136,0.5535618279569893,0.927415050702722,0.949119373776908,0.9326720745744168,0.949119373776908,0.949119373776908,0.949119373776908,0.8167429707127102
8,biMaxInfgain,standard,noAug,noImbl,LogisticRegression,first,0.5,0.1,42,2026-05-29 19:22:52,20260529-185745,log/stroke_prediction_v2/8/biMaxInfgain/standard__noAug__noImbl/LogisticRegression,1780052279784_edb427c117800537727378126,0.9510763209393346,0.4755381604696673,0.5,0.4874623871614844,0.9045461682515002,0.9510763209393346,0.9272278675557002,0.9510763209393346,0.9510763209393346,0.9510763209393346,0.7806424994554282
8,biMaxInfgain,standard,noAug,noImbl,LogisticRegression,first,0.5,0.2,42,2026-05-29 19:23:03,20260529-185745,log/stroke_prediction_v2/8/biMaxInfgain/standard__noAug__noImbl/LogisticRegression,1780052279784_edb427c117800537837306602,0.952054794520548,0.976003917727718,0.51,0.5073148175476915,0.9543557887110408,0.952054794520548,0.9296116854869024,0.952054794520548,0.952054794520548,0.952054794520548,0.840396863907284
8,biMaxInfgain,standard,noAug,noImbl,LogisticRegression,last,0.25,0.1,42,2026-05-29 19:23:06,20260529-185745,log/stroke_prediction_v2/8/biMaxInfgain/noAug__noImbl__standard/LogisticRegression,1780052279784_edb427c117800537867952729,0.9256360078277888,0.5882038488952244,0.5814814814814814,0.5846594798083504,0.9227333656004116,0.9256360078277884,0.9241631070588062,0.9256360078277888,0.9256360078277888,0.9256360078277884,0.8058196607589005
8,biMaxInfgain,standard,noAug,noImbl,LogisticRegression,last,0.25,0.2,42,2026-05-29 19:23:17,20260529-185745,log/stroke_prediction_v2/8/biMaxInfgain/noAug__noImbl__standard/LogisticRegression,1780052279784_edb427c117800537978902006,0.9344422700587084,0.5999785519502405,0.5671399176954732,0.5793024213119689,0.9225471169042232,0.9344422700587084,0.928012688132516,0.9344422700587084,0.9344422700587084,0.9344422700587084,0.8088407330951497
8,biMaxInfgain,standard,noAug,noImbl,LogisticRegression,last,0.3,0.1,42,2026-05-29 19:23:09,20260529-185745,log/stroke_prediction_v2/8/biMaxInfgain/noAug__noImbl__standard/LogisticRegression,1780052279784_edb427c117800537896372861,0.9393346379647748,0.6029559118236472,0.5507407407407408,0.565345040471944,0.9213760201420452,0.939334637964775,0.9290775392993598,0.9393346379647748,0.9393346379647748,0.9393346379647748,0.8074045094222487
8,biMaxInfgain,standard,noAug,noImbl,LogisticRegression,last,0.3,0.2,42,2026-05-29 19:23:20,20260529-185745,log/stroke_prediction_v2/8/biMaxInfgain/noAug__noImbl__standard/LogisticRegression,1780052279784_edb427c117800538006364069,0.9442270058708416,0.6359605394343286,0.5533127572016461,0.572526141992295,0.9248037122539068,0.9442270058708416,0.9321360019041732,0.9442270058708416,0.9442270058708416,0.9442270058708416,0.8147978248217949
8,biMaxInfgain,standard,noAug,noImbl,LogisticRegression,last,0.35,0.1,42,2026-05-29 19:23:12,20260529-185745,log/stroke_prediction_v2/8/biMaxInfgain/noAug__noImbl__standard/LogisticRegression,1780052279784_edb427c117800537924857632,0.9471624266144814,0.6438943894389438,0.5358847736625514,0.5508935256013802,0.92406786666925,0.9471624266144812,0.9314767826160464,0.9471624266144814,0.9471624266144814,0.9471624266144814,0.8116052198554807
8,biMaxInfgain,standard,noAug,noImbl,LogisticRegression,last,0.35,0.2,42,2026-05-29 19:23:23,20260529-185745,log/stroke_prediction_v2/8/biMaxInfgain/noAug__noImbl__standard/LogisticRegression,1780052279784_edb427c117800538033371663,0.949119373776908,0.6772727272727272,0.5369135802469136,0.5535618279569893,0.927415050702722,0.949119373776908,0.9326720745744168,0.949119373776908,0.949119373776908,0.949119373776908,0.8167429707127102
8,biMaxInfgain,standard,noAug,noImbl,LogisticRegression,last,0.5,0.1,42,2026-05-29 19:23:15,20260529-185745,log/stroke_prediction_v2/8/biMaxInfgain/noAug__noImbl__standard/LogisticRegression,1780052279784_edb427c117800537952779630,0.9510763209393346,0.4755381604696673,0.5,0.4874623871614844,0.9045461682515002,0.9510763209393346,0.9272278675557002,0.9510763209393346,0.9510763209393346,0.9510763209393346,0.7806424994554282
8,biMaxInfgain,standard,noAug,noImbl,LogisticRegression,last,0.5,0.2,42,2026-05-29 19:23:26,20260529-185745,log/stroke_prediction_v2/8/biMaxInfgain/noAug__noImbl__standard/LogisticRegression,1780052279784_edb427c117800538060399457,0.952054794520548,0.976003917727718,0.51,0.5073148175476915,0.9543557887110408,0.952054794520548,0.9296116854869024,0.952054794520548,0.952054794520548,0.952054794520548,0.840396863907284
8,biMaxInfgain,standard,noAug,noImbl,XGBmodel,first,0.25,0.1,42,2026-05-29 19:22:43,20260529-185745,log/stroke_prediction_v2/8/biMaxInfgain/standard__noAug__noImbl/XGBmodel,1780052279784_edb427c117800537639074544,0.9412915851272016,0.646505376344086,0.5897119341563786,0.6097250509164969,0.9290343623087768,0.9412915851272016,0.9342519559507534,0.9412915851272016,0.9412915851272016,0.9412915851272016,0.8246383523618921
8,biMaxInfgain,standard,noAug,noImbl,XGBmodel,first,0.25,0.2,42,2026-05-29 19:22:55,20260529-185745,log/stroke_prediction_v2/8/biMaxInfgain/standard__noAug__noImbl/XGBmodel,1780052279784_edb427c117800537750164599,0.9363992172211352,0.577432296890672,0.5397119341563786,0.5501608261384798,0.917933840660926,0.9363992172211352,0.9262028499803048,0.9363992172211352,0.9363992172211352,0.9363992172211352,0.7995220454770693
8,biMaxInfgain,standard,noAug,noImbl,XGBmodel,first,0.3,0.1,42,2026-05-29 19:22:46,20260529-185745,log/stroke_prediction_v2/8/biMaxInfgain/standard__noAug__noImbl/XGBmodel,1780052279784_edb427c117800537666170255,0.9412915851272016,0.5476190476190477,0.5138271604938272,0.5160984848484849,0.9127760693318424,0.9412915851272016,0.925313556306707,0.9412915851272016,0.9412915851272016,0.9412915851272016,0.790150667968631
8,biMaxInfgain,standard,noAug,noImbl,XGBmodel,first,0.3,0.2,42,2026-05-29 19:22:57,20260529-185745,log/stroke_prediction_v2/8/biMaxInfgain/standard__noAug__noImbl/XGBmodel,1780052279784_edb427c117800537777722299,0.9422700587084148,0.609146245474104,0.5427983539094651,0.5575270592551825,0.9212805501509684,0.9422700587084148,0.92975480898853,0.9422700587084148,0.9422700587084148,0.9422700587084148,0.8073228186733764
8,biMaxInfgain,standard,noAug,noImbl,XGBmodel,first,0.35,0.1,42,2026-05-29 19:22:49,20260529-185745,log/stroke_prediction_v2/8/biMaxInfgain/standard__noAug__noImbl/XGBmodel,1780052279784_edb427c117800537694093332,0.949119373776908,0.6430446194225722,0.5179423868312758,0.5226358148893361,0.9224514743876192,0.949119373776908,0.9296936216122568,0.949119373776908,0.949119373776908,0.949119373776908,0.8058410130501487
8,biMaxInfgain,standard,noAug,noImbl,XGBmodel,first,0.35,0.2,42,2026-05-29 19:23:00,20260529-185745,log/stroke_prediction_v2/8/biMaxInfgain/standard__noAug__noImbl/XGBmodel,1780052279784_edb427c117800537804135896,0.9481409001956947,0.6192118226600984,0.5174279835390947,0.5217510308231575,0.9200775066757926,0.9481409001956947,0.9291411443583694,0.9481409001956947,0.9481409001956947,0.9481409001956947,0.8025619176430053
8,biMaxInfgain,standard,noAug,noImbl,XGBmodel,first,0.5,0.1,42,2026-05-29 19:22:52,20260529-185745,log/stroke_prediction_v2/8/biMaxInfgain/standard__noAug__noImbl/XGBmodel,1780052279784_edb427c117800537722196836,0.9530332681017613,0.976470588235294,0.52,0.5264133456904542,0.9552434672499136,0.9530332681017613,0.9319221791576966,0.9530332681017613,0.9530332681017613,0.9530332681017613,0.8451350415164477
8,biMaxInfgain,standard,noAug,noImbl,XGBmodel,first,0.5,0.2,42,2026-05-29 19:23:03,20260529-185745,log/stroke_prediction_v2/8/biMaxInfgain/standard__noAug__noImbl/XGBmodel,1780052279784_edb427c117800537830695398,0.9510763209393346,0.4755381604696673,0.5,0.4874623871614844,0.9045461682515002,0.9510763209393346,0.9272278675557002,0.9510763209393346,0.9510763209393346,0.9510763209393346,0.7806424994554282
8,biMaxInfgain,standard,noAug,noImbl,XGBmodel,last,0.25,0.1,42,2026-05-29 19:23:06,20260529-185745,log/stroke_prediction_v2/8/biMaxInfgain/noAug__noImbl__standard/XGBmodel,1780052279784_edb427c117800537862436968,0.9412915851272016,0.646505376344086,0.5897119341563786,0.6097250509164969,0.9290343623087768,0.9412915851272016,0.9342519559507534,0.9412915851272016,0.9412915851272016,0.9412915851272016,0.8246383523618921
8,biMaxInfgain,standard,noAug,noImbl,XGBmodel,last,0.25,0.2,42,2026-05-29 19:23:17,20260529-185745,log/stroke_prediction_v2/8/biMaxInfgain/noAug__noImbl__standard/XGBmodel,1780052279784_edb427c117800537973762685,0.9363992172211352,0.577432296890672,0.5397119341563786,0.5501608261384798,0.917933840660926,0.9363992172211352,0.9262028499803048,0.9363992172211352,0.9363992172211352,0.9363992172211352,0.7995220454770693
8,biMaxInfgain,standard,noAug,noImbl,XGBmodel,last,0.3,0.1,42,2026-05-29 19:23:09,20260529-185745,log/stroke_prediction_v2/8/biMaxInfgain/noAug__noImbl__standard/XGBmodel,1780052279784_edb427c117800537891061072,0.9412915851272016,0.5476190476190477,0.5138271604938272,0.5160984848484849,0.9127760693318424,0.9412915851272016,0.925313556306707,0.9412915851272016,0.9412915851272016,0.9412915851272016,0.790150667968631
8,biMaxInfgain,standard,noAug,noImbl,XGBmodel,last,0.3,0.2,42,2026-05-29 19:23:20,20260529-185745,log/stroke_prediction_v2/8/biMaxInfgain/noAug__noImbl__standard/XGBmodel,1780052279784_edb427c117800538000993211,0.9422700587084148,0.609146245474104,0.5427983539094651,0.5575270592551825,0.9212805501509684,0.9422700587084148,0.92975480898853,0.9422700587084148,0.9422700587084148,0.9422700587084148,0.8073228186733764
8,biMaxInfgain,standard,noAug,noImbl,XGBmodel,last,0.35,0.1,42,2026-05-29 19:23:11,20260529-185745,log/stroke_prediction_v2/8/biMaxInfgain/noAug__noImbl__standard/XGBmodel,1780052279784_edb427c117800537919670478,0.949119373776908,0.6430446194225722,0.5179423868312758,0.5226358148893361,0.9224514743876192,0.949119373776908,0.9296936216122568,0.949119373776908,0.949119373776908,0.949119373776908,0.8058410130501487
8,biMaxInfgain,standard,noAug,noImbl,XGBmodel,last,0.35,0.2,42,2026-05-29 19:23:22,20260529-185745,log/stroke_prediction_v2/8/biMaxInfgain/noAug__noImbl__standard/XGBmodel,1780052279784_edb427c117800538027873165,0.9481409001956947,0.6192118226600984,0.5174279835390947,0.5217510308231575,0.9200775066757926,0.9481409001956947,0.9291411443583694,0.9481409001956947,0.9481409001956947,0.9481409001956947,0.8025619176430053
8,biMaxInfgain,standard,noAug,noImbl,XGBmodel,last,0.5,0.1,42,2026-05-29 19:23:14,20260529-185745,log/stroke_prediction_v2/8/biMaxInfgain/noAug__noImbl__standard/XGBmodel,1780052279784_edb427c117800537947325125,0.9530332681017613,0.976470588235294,0.52,0.5264133456904542,0.9552434672499136,0.9530332681017613,0.9319221791576966,0.9530332681017613,0.9530332681017613,0.9530332681017613,0.8451350415164477
8,biMaxInfgain,standard,noAug,noImbl,XGBmodel,last,0.5,0.2,42,2026-05-29 19:23:25,20260529-185745,log/stroke_prediction_v2/8/biMaxInfgain/noAug__noImbl__standard/XGBmodel,1780052279784_edb427c117800538055404010,0.9510763209393346,0.4755381604696673,0.5,0.4874623871614844,0.9045461682515002,0.9510763209393346,0.9272278675557002,0.9510763209393346,0.9510763209393346,0.9510763209393346,0.7806424994554282
8,biMaxInfgain,standard,noAug,noImbl,random_forest,first,0.25,0.1,42,2026-05-29 19:22:43,20260529-185745,log/stroke_prediction_v2/8/biMaxInfgain/standard__noAug__noImbl/random_forest,1780052279784_edb427c117800537635457193,0.9178082191780822,0.5426764076977905,0.5394238683127572,0.5409394250513346,0.9145812788642732,0.9178082191780822,0.9161802762228912,0.9178082191780822,0.9178082191780822,0.9178082191780822,0.7853593983498487
8,biMaxInfgain,standard,noAug,noImbl,random_forest,first,0.25,0.2,42,2026-05-29 19:22:54,20260529-185745,log/stroke_prediction_v2/8/biMaxInfgain/standard__noAug__noImbl/random_forest,1780052279784_edb427c117800537747701447,0.920743639921722,0.5635679214402618,0.5599382716049383,0.5616729941384844,0.918434314155678,0.920743639921722,0.9195790864759388,0.920743639921722,0.920743639921722,0.920743639921722,0.79467931878094
8,biMaxInfgain,standard,noAug,noImbl,random_forest,first,0.3,0.1,42,2026-05-29 19:22:46,20260529-185745,log/stroke_prediction_v2/8/biMaxInfgain/standard__noAug__noImbl/random_forest,1780052279784_edb427c117800537663845286,0.929549902152642,0.5659680876399142,0.54559670781893,0.5530612244897959,0.9173542857329278,0.9295499021526418,0.9231279204441072,0.929549902152642,0.929549902152642,0.929549902152642,0.7961402407203193
8,biMaxInfgain,standard,noAug,noImbl,random_forest,first,0.3,0.2,42,2026-05-29 19:22:57,20260529-185745,log/stroke_prediction_v2/8/biMaxInfgain/standard__noAug__noImbl/random_forest,1780052279784_edb427c117800537775270135,0.9344422700587084,0.591207968490609,0.5576543209876543,0.5693540373452073,0.9208559122883044,0.9344422700587084,0.9270706691856408,0.9344422700587084,0.9344422700587084,0.9344422700587084,0.8052124341797672
8,biMaxInfgain,standard,noAug,noImbl,random_forest,first,0.35,0.1,42,2026-05-29 19:22:49,20260529-185745,log/stroke_prediction_v2/8/biMaxInfgain/standard__noAug__noImbl/random_forest,1780052279784_edb427c117800537691734149,0.9393346379647748,0.6029559118236472,0.5507407407407408,0.565345040471944,0.9213760201420452,0.939334637964775,0.9290775392993598,0.9393346379647748,0.9393346379647748,0.9393346379647748,0.8074045094222487
8,biMaxInfgain,standard,noAug,noImbl,random_forest,first,0.35,0.2,42,2026-05-29 19:23:00,20260529-185745,log/stroke_prediction_v2/8/biMaxInfgain/standard__noAug__noImbl/random_forest,1780052279784_edb427c117800537801851998,0.9393346379647748,0.6130290392338585,0.5602263374485597,0.5763532306375695,0.9231875567904616,0.9393346379647748,0.9301258073349092,0.9393346379647748,0.9393346379647748,0.9393346379647748,0.8113500042290696
8,biMaxInfgain,standard,noAug,noImbl,random_forest,first,0.5,0.1,42,2026-05-29 19:22:51,20260529-185745,log/stroke_prediction_v2/8/biMaxInfgain/standard__noAug__noImbl/random_forest,1780052279784_edb427c117800537719926937,0.943248532289628,0.5595709570957095,0.5148559670781893,0.5176263793496305,0.9140306007117346,0.943248532289628,0.9264009887357532,0.943248532289628,0.943248532289628,0.943248532289628,0.792749270617222
8,biMaxInfgain,standard,noAug,noImbl,random_forest,first,0.5,0.2,42,2026-05-29 19:23:02,20260529-185745,log/stroke_prediction_v2/8/biMaxInfgain/standard__noAug__noImbl/random_forest,1780052279784_edb427c117800537828136209,0.946183953033268,0.4754178957718781,0.4974279835390947,0.486173956762192,0.9043174064388756,0.946183953033268,0.9247770762678094,0.946183953033268,0.946183953033268,0.946183953033268,0.7778325647427922
8,biMaxInfgain,standard,noAug,noImbl,random_forest,last,0.25,0.1,42,2026-05-29 19:23:05,20260529-185745,log/stroke_prediction_v2/8/biMaxInfgain/noAug__noImbl__standard/random_forest,1780052279784_edb427c117800537859825570,0.9178082191780822,0.5426764076977905,0.5394238683127572,0.5409394250513346,0.9145812788642732,0.9178082191780822,0.9161802762228912,0.9178082191780822,0.9178082191780822,0.9178082191780822,0.7853593983498487
8,biMaxInfgain,standard,noAug,noImbl,random_forest,last,0.25,0.2,42,2026-05-29 19:23:17,20260529-185745,log/stroke_prediction_v2/8/biMaxInfgain/noAug__noImbl__standard/random_forest,1780052279784_edb427c117800537971497753,0.920743639921722,0.5635679214402618,0.5599382716049383,0.5616729941384844,0.918434314155678,0.920743639921722,0.9195790864759388,0.920743639921722,0.920743639921722,0.920743639921722,0.79467931878094
8,biMaxInfgain,standard,noAug,noImbl,random_forest,last,0.3,0.1,42,2026-05-29 19:23:08,20260529-185745,log/stroke_prediction_v2/8/biMaxInfgain/noAug__noImbl__standard/random_forest,1780052279784_edb427c117800537888709103,0.929549902152642,0.5659680876399142,0.54559670781893,0.5530612244897959,0.9173542857329278,0.9295499021526418,0.9231279204441072,0.929549902152642,0.929549902152642,0.929549902152642,0.7961402407203193
8,biMaxInfgain,standard,noAug,noImbl,random_forest,last,0.3,0.2,42,2026-05-29 19:23:19,20260529-185745,log/stroke_prediction_v2/8/biMaxInfgain/noAug__noImbl__standard/random_forest,1780052279784_edb427c117800537998581636,0.9344422700587084,0.591207968490609,0.5576543209876543,0.5693540373452073,0.9208559122883044,0.9344422700587084,0.9270706691856408,0.9344422700587084,0.9344422700587084,0.9344422700587084,0.8052124341797672
8,biMaxInfgain,standard,noAug,noImbl,random_forest,last,0.35,0.1,42,2026-05-29 19:23:11,20260529-185745,log/stroke_prediction_v2/8/biMaxInfgain/noAug__noImbl__standard/random_forest,1780052279784_edb427c117800537917333123,0.9393346379647748,0.6029559118236472,0.5507407407407408,0.565345040471944,0.9213760201420452,0.939334637964775,0.9290775392993598,0.9393346379647748,0.9393346379647748,0.9393346379647748,0.8074045094222487
8,biMaxInfgain,standard,noAug,noImbl,random_forest,last,0.35,0.2,42,2026-05-29 19:23:22,20260529-185745,log/stroke_prediction_v2/8/biMaxInfgain/noAug__noImbl__standard/random_forest,1780052279784_edb427c117800538025399835,0.9393346379647748,0.6130290392338585,0.5602263374485597,0.5763532306375695,0.9231875567904616,0.9393346379647748,0.9301258073349092,0.9393346379647748,0.9393346379647748,0.9393346379647748,0.8113500042290696
8,biMaxInfgain,standard,noAug,noImbl,random_forest,last,0.5,0.1,42,2026-05-29 19:23:14,20260529-185745,log/stroke_prediction_v2/8/biMaxInfgain/noAug__noImbl__standard/random_forest,1780052279784_edb427c117800537944940665,0.943248532289628,0.5595709570957095,0.5148559670781893,0.5176263793496305,0.9140306007117346,0.943248532289628,0.9264009887357532,0.943248532289628,0.943248532289628,0.943248532289628,0.792749270617222
8,biMaxInfgain,standard,noAug,noImbl,random_forest,last,0.5,0.2,42,2026-05-29 19:23:25,20260529-185745,log/stroke_prediction_v2/8/biMaxInfgain/noAug__noImbl__standard/random_forest,1780052279784_edb427c117800538051869321,0.946183953033268,0.4754178957718781,0.4974279835390947,0.486173956762192,0.9043174064388756,0.946183953033268,0.9247770762678094,0.946183953033268,0.946183953033268,0.946183953033268,0.7778325647427922
8,biMaxInfgain,standard,noAug,noImbl,sklearn_SVM,first,0.25,0.1,42,2026-05-29 19:22:43,20260529-185745,log/stroke_prediction_v2/8/biMaxInfgain/standard__noAug__noImbl/sklearn_SVM,1780052279784_edb427c117800537630861313,0.9510763209393346,0.7264243614931238,0.5189711934156378,0.5244742229666852,0.9306936973998362,0.9510763209393344,0.9308039071927005,0.9510763209393346,0.9510763209393346,0.9510763209393346,0.8163311731305013
8,biMaxInfgain,standard,noAug,noImbl,sklearn_SVM,first,0.25,0.2,42,2026-05-29 19:22:54,20260529-185745,log/stroke_prediction_v2/8/biMaxInfgain/standard__noAug__noImbl/sklearn_SVM,1780052279784_edb427c117800537742925412,0.949119373776908,0.6430446194225722,0.5179423868312758,0.5226358148893361,0.9224514743876192,0.949119373776908,0.9296936216122568,0.949119373776908,0.949119373776908,0.949119373776908,0.8058410130501487
8,biMaxInfgain,standard,noAug,noImbl,sklearn_SVM,first,0.3,0.1,42,2026-05-29 19:22:45,20260529-185745,log/stroke_prediction_v2/8/biMaxInfgain/standard__noAug__noImbl/sklearn_SVM,1780052279784_edb427c117800537658977249,0.949119373776908,0.4754901960784314,0.4989711934156378,0.4869477911646586,0.9044549326579948,0.949119373776908,0.926249027420838,0.949119373776908,0.949119373776908,0.949119373776908,0.7795189045137939
8,biMaxInfgain,standard,noAug,noImbl,sklearn_SVM,first,0.3,0.2,42,2026-05-29 19:22:57,20260529-185745,log/stroke_prediction_v2/8/biMaxInfgain/standard__noAug__noImbl/sklearn_SVM,1780052279784_edb427c117800537770578883,0.949119373776908,0.4754901960784314,0.4989711934156378,0.4869477911646586,0.9044549326579948,0.949119373776908,0.926249027420838,0.949119373776908,0.949119373776908,0.949119373776908,0.7795189045137939
8,biMaxInfgain,standard,noAug,noImbl,sklearn_SVM,first,0.35,0.1,42,2026-05-29 19:22:48,20260529-185745,log/stroke_prediction_v2/8/biMaxInfgain/standard__noAug__noImbl/sklearn_SVM,1780052279784_edb427c117800537686756744,0.949119373776908,0.4754901960784314,0.4989711934156378,0.4869477911646586,0.9044549326579948,0.949119373776908,0.926249027420838,0.949119373776908,0.949119373776908,0.949119373776908,0.7795189045137939
8,biMaxInfgain,standard,noAug,noImbl,sklearn_SVM,first,0.35,0.2,42,2026-05-29 19:22:59,20260529-185745,log/stroke_prediction_v2/8/biMaxInfgain/standard__noAug__noImbl/sklearn_SVM,1780052279784_edb427c117800537797182799,0.949119373776908,0.4754901960784314,0.4989711934156378,0.4869477911646586,0.9044549326579948,0.949119373776908,0.926249027420838,0.949119373776908,0.949119373776908,0.949119373776908,0.7795189045137939
8,biMaxInfgain,standard,noAug,noImbl,sklearn_SVM,first,0.5,0.1,42,2026-05-29 19:22:51,20260529-185745,log/stroke_prediction_v2/8/biMaxInfgain/standard__noAug__noImbl/sklearn_SVM,1780052279784_edb427c117800537715047299,0.949119373776908,0.4754901960784314,0.4989711934156378,0.4869477911646586,0.9044549326579948,0.949119373776908,0.926249027420838,0.949119373776908,0.949119373776908,0.949119373776908,0.7795189045137939
8,biMaxInfgain,standard,noAug,noImbl,sklearn_SVM,first,0.5,0.2,42,2026-05-29 19:23:02,20260529-185745,log/stroke_prediction_v2/8/biMaxInfgain/standard__noAug__noImbl/sklearn_SVM,1780052279784_edb427c117800537823075856,0.9500978473581212,0.4755142017629775,0.499485596707819,0.4872052182639237,0.9045005951342742,0.9500978473581214,0.9267386930577962,0.9500978473581212,0.9500978473581212,0.9500978473581212,0.7800807650020133
8,biMaxInfgain,standard,noAug,noImbl,sklearn_SVM,last,0.25,0.1,42,2026-05-29 19:23:05,20260529-185745,log/stroke_prediction_v2/8/biMaxInfgain/noAug__noImbl__standard/sklearn_SVM,1780052279784_edb427c117800537854776384,0.949119373776908,0.6430446194225722,0.5179423868312758,0.5226358148893361,0.9224514743876192,0.949119373776908,0.9296936216122568,0.949119373776908,0.949119373776908,0.949119373776908,0.8058410130501487
8,biMaxInfgain,standard,noAug,noImbl,sklearn_SVM,last,0.25,0.2,42,2026-05-29 19:23:16,20260529-185745,log/stroke_prediction_v2/8/biMaxInfgain/noAug__noImbl__standard/sklearn_SVM,1780052279784_edb427c117800537967018433,0.949119373776908,0.6430446194225722,0.5179423868312758,0.5226358148893361,0.9224514743876192,0.949119373776908,0.9296936216122568,0.949119373776908,0.949119373776908,0.949119373776908,0.8058410130501487
8,biMaxInfgain,standard,noAug,noImbl,sklearn_SVM,last,0.3,0.1,42,2026-05-29 19:23:08,20260529-185745,log/stroke_prediction_v2/8/biMaxInfgain/noAug__noImbl__standard/sklearn_SVM,1780052279784_edb427c117800537883657147,0.949119373776908,0.4754901960784314,0.4989711934156378,0.4869477911646586,0.9044549326579948,0.949119373776908,0.926249027420838,0.949119373776908,0.949119373776908,0.949119373776908,0.7795189045137939
8,biMaxInfgain,standard,noAug,noImbl,sklearn_SVM,last,0.3,0.2,42,2026-05-29 19:23:19,20260529-185745,log/stroke_prediction_v2/8/biMaxInfgain/noAug__noImbl__standard/sklearn_SVM,1780052279784_edb427c117800537993970106,0.9500978473581212,0.6426234870788354,0.5089711934156378,0.5060602901737061,0.9216504163874,0.9500978473581212,0.9285604219838514,0.9500978473581212,0.9500978473581212,0.9500978473581212,0.8025567554550692
8,biMaxInfgain,standard,noAug,noImbl,sklearn_SVM,last,0.35,0.1,42,2026-05-29 19:23:11,20260529-185745,log/stroke_prediction_v2/8/biMaxInfgain/noAug__noImbl__standard/sklearn_SVM,1780052279784_edb427c117800537912344813,0.949119373776908,0.4754901960784314,0.4989711934156378,0.4869477911646586,0.9044549326579948,0.949119373776908,0.926249027420838,0.949119373776908,0.949119373776908,0.949119373776908,0.7795189045137939
8,biMaxInfgain,standard,noAug,noImbl,sklearn_SVM,last,0.35,0.2,42,2026-05-29 19:23:22,20260529-185745,log/stroke_prediction_v2/8/biMaxInfgain/noAug__noImbl__standard/sklearn_SVM,1780052279784_edb427c117800538020776430,0.949119373776908,0.4754901960784314,0.4989711934156378,0.4869477911646586,0.9044549326579948,0.949119373776908,0.926249027420838,0.949119373776908,0.949119373776908,0.949119373776908,0.7795189045137939
8,biMaxInfgain,standard,noAug,noImbl,sklearn_SVM,last,0.5,0.1,42,2026-05-29 19:23:14,20260529-185745,log/stroke_prediction_v2/8/biMaxInfgain/noAug__noImbl__standard/sklearn_SVM,1780052279784_edb427c117800537940011426,0.949119373776908,0.4754901960784314,0.4989711934156378,0.4869477911646586,0.9044549326579948,0.949119373776908,0.926249027420838,0.949119373776908,0.949119373776908,0.949119373776908,0.7795189045137939
8,biMaxInfgain,standard,noAug,noImbl,sklearn_SVM,last,0.5,0.2,42,2026-05-29 19:23:24,20260529-185745,log/stroke_prediction_v2/8/biMaxInfgain/noAug__noImbl__standard/sklearn_SVM,1780052279784_edb427c117800538047320557,0.9500978473581212,0.4755142017629775,0.499485596707819,0.4872052182639237,0.9045005951342742,0.9500978473581214,0.9267386930577962,0.9500978473581212,0.9500978473581212,0.9500978473581212,0.7800807650020133
8,infgain,minmax,gaussian_noise,noImbl,DTmodel,first,0.25,0.1,42,2026-05-29 19:23:32,20260529-185745,log/stroke_prediction_v2/8/infgain/minmax__gaussian_noise__noImbl/DTmodel,1780052279784_edb427c117800538124708878,0.913894324853229,0.5373662551440329,0.5373662551440329,0.5373662551440329,0.913894324853229,0.913894324853229,0.913894324853229,0.913894324853229,0.913894324853229,0.913894324853229,0.7821095004550102
8,infgain,minmax,gaussian_noise,noImbl,DTmodel,first,0.25,0.2,42,2026-05-29 19:24:02,20260529-185745,log/stroke_prediction_v2/8/infgain/minmax__gaussian_noise__noImbl/DTmodel,1780052279784_edb427c117800538420122585,0.910958904109589,0.5484137805654031,0.5547942386831276,0.5512764222542809,0.9165488068955124,0.910958904109589,0.9137105733696844,0.910958904109589,0.910958904109589,0.910958904109589,0.7861072936018346
8,infgain,minmax,gaussian_noise,noImbl,DTmodel,first,0.3,0.1,42,2026-05-29 19:23:40,20260529-185745,log/stroke_prediction_v2/8/infgain/minmax__gaussian_noise__noImbl/DTmodel,1780052279784_edb427c117800538204726042,0.9197651663405088,0.5456869306562557,0.5404526748971195,0.5428041462084016,0.9149590219848224,0.9197651663405088,0.9173279183655167,0.9197651663405088,0.9197651663405088,0.9197651663405088,0.787035738976111
8,infgain,minmax,gaussian_noise,noImbl,DTmodel,first,0.3,0.2,42,2026-05-29 19:24:08,20260529-185745,log/stroke_prediction_v2/8/infgain/minmax__gaussian_noise__noImbl/DTmodel,1780052279784_edb427c117800538484272676,0.9031311154598826,0.5514774092492054,0.5696502057613169,0.5583193277310925,0.9182474512472196,0.9031311154598826,0.9103862915029024,0.9031311154598826,0.9031311154598826,0.9031311154598826,0.7854957956948264
8,infgain,minmax,gaussian_noise,noImbl,DTmodel,first,0.35,0.1,42,2026-05-29 19:23:47,20260529-185745,log/stroke_prediction_v2/8/infgain/minmax__gaussian_noise__noImbl/DTmodel,1780052279784_edb427c117800538276233705,0.9119373776908024,0.5496894409937888,0.5553086419753086,0.5522518838717215,0.9167142735593344,0.9119373776908022,0.914293396209268,0.9119373776908024,0.9119373776908024,0.9119373776908022,0.7869279787413123
8,infgain,minmax,gaussian_noise,noImbl,DTmodel,first,0.35,0.2,42,2026-05-29 19:24:14,20260529-185745,log/stroke_prediction_v2/8/infgain/minmax__gaussian_noise__noImbl/DTmodel,1780052279784_edb427c117800538549195721,0.9148727984344422,0.5729711177992503,0.5853086419753086,0.5784368110376217,0.9216805752612492,0.914872798434442,0.9181892539509496,0.9148727984344422,0.9148727984344422,0.9148727984344422,0.7984390626256432
8,infgain,minmax,gaussian_noise,noImbl,DTmodel,first,0.5,0.1,42,2026-05-29 19:23:54,20260529-185745,log/stroke_prediction_v2/8/infgain/minmax__gaussian_noise__noImbl/DTmodel,1780052279784_edb427c117800538349813181,0.9178082191780822,0.5019255455712452,0.5014814814814814,0.5012548800892359,0.9072572845411224,0.917808219178082,0.9124563561491036,0.9178082191780822,0.9178082191780822,0.9178082191780822,0.7702464042663686
8,infgain,minmax,gaussian_noise,noImbl,DTmodel,first,0.5,0.2,42,2026-05-29 19:24:21,20260529-185745,log/stroke_prediction_v2/8/infgain/minmax__gaussian_noise__noImbl/DTmodel,1780052279784_edb427c117800538616244439,0.9148727984344422,0.5209029910155805,0.5189094650205762,0.5197861251383975,0.9106456545780166,0.9148727984344424,0.9127418023540969,0.9148727984344422,0.9148727984344422,0.9148727984344422,0.7758741195590683
8,infgain,minmax,gaussian_noise,noImbl,DTmodel,last,0.25,0.1,42,2026-05-29 19:24:29,20260529-185745,log/stroke_prediction_v2/8/infgain/gaussian_noise__noImbl__minmax/DTmodel,1780052279784_edb427c117800538695224138,0.9080234833659492,0.5572481732776617,0.5722222222222222,0.5633669666393964,0.9190097346886248,0.9080234833659492,0.9133375706282528,0.9080234833659492,0.9080234833659492,0.9080234833659492,0.7895630869553777
8,infgain,minmax,gaussian_noise,noImbl,DTmodel,last,0.25,0.2,42,2026-05-29 19:24:57,20260529-185745,log/stroke_prediction_v2/8/infgain/gaussian_noise__noImbl__minmax/DTmodel,1780052279784_edb427c117800538976868961,0.9275929549902152,0.550756132412479,0.535082304526749,0.5406462585034013,0.9149527261406476,0.9275929549902152,0.920992584900888,0.9275929549902152,0.9275929549902152,0.9275929549902152,0.7903621248147168
8,infgain,minmax,gaussian_noise,noImbl,DTmodel,last,0.3,0.1,42,2026-05-29 19:24:36,20260529-185745,log/stroke_prediction_v2/8/infgain/gaussian_noise__noImbl__minmax/DTmodel,1780052279784_edb427c117800538767930504,0.9217221135029354,0.5489795918367346,0.5414814814814815,0.5447255880256592,0.9153640321099084,0.9217221135029352,0.9184791326386146,0.9217221135029354,0.9217221135029354,0.9217221135029354,0.7887520640436275
8,infgain,minmax,gaussian_noise,noImbl,DTmodel,last,0.3,0.2,42,2026-05-29 19:25:04,20260529-185745,log/stroke_prediction_v2/8/infgain/gaussian_noise__noImbl__minmax/DTmodel,1780052279784_edb427c117800539046899187,0.9070450097847358,0.5500521376433785,0.5622222222222222,0.5550473641517303,0.917404177949552,0.9070450097847358,0.9120790795242618,0.9070450097847358,0.9070450097847358,0.9070450097847358,0.7858548242468082
8,infgain,minmax,gaussian_noise,noImbl,DTmodel,last,0.35,0.1,42,2026-05-29 19:24:44,20260529-185745,log/stroke_prediction_v2/8/infgain/gaussian_noise__noImbl__minmax/DTmodel,1780052279784_edb427c117800538840475562,0.9158512720156556,0.5219371630414574,0.5194238683127572,0.5205019094380797,0.9107902770395416,0.9158512720156556,0.913295133895542,0.9158512720156556,0.9158512720156556,0.9158512720156556,0.7766251961456809
8,infgain,minmax,gaussian_noise,noImbl,DTmodel,last,0.35,0.2,42,2026-05-29 19:25:10,20260529-185745,log/stroke_prediction_v2/8/infgain/gaussian_noise__noImbl__minmax/DTmodel,1780052279784_edb427c117800539108740713,0.9099804305283756,0.5471812848762341,0.5542798353909465,0.5503137434955616,0.9163874794582147,0.9099804305283756,0.9131284978109386,0.9099804305283756,0.9099804305283756,0.9099804305283756,0.7852933683798647
8,infgain,minmax,gaussian_noise,noImbl,DTmodel,last,0.5,0.1,42,2026-05-29 19:24:51,20260529-185745,log/stroke_prediction_v2/8/infgain/gaussian_noise__noImbl__minmax/DTmodel,1780052279784_edb427c117800538911171761,0.9021526418786692,0.5610388869882541,0.5881069958847736,0.5707325268817204,0.920886578074024,0.9021526418786692,0.9110101950634428,0.9021526418786692,0.9021526418786692,0.9021526418786692,0.7901257111379472
8,infgain,minmax,gaussian_noise,noImbl,DTmodel,last,0.5,0.2,42,2026-05-29 19:25:17,20260529-185745,log/stroke_prediction_v2/8/infgain/gaussian_noise__noImbl__minmax/DTmodel,1780052279784_edb427c117800539171728409,0.8943248532289628,0.5480493630573248,0.5745061728395062,0.556402218471184,0.9184275555610952,0.8943248532289628,0.9056899642634172,0.8943248532289628,0.8943248532289628,0.8943248532289628,0.7811420778475678
8,infgain,minmax,gaussian_noise,noImbl,GradientBoosting,first,0.25,0.1,42,2026-05-29 19:23:34,20260529-185745,log/stroke_prediction_v2/8/infgain/minmax__gaussian_noise__noImbl/GradientBoosting,1780052279784_edb427c117800538148158055,0.9315068493150684,0.5898129366689204,0.56559670781893,0.5751478727700311,0.9214358708370768,0.9315068493150684,0.9261766936829846,0.9315068493150684,0.9315068493150684,0.9315068493150684,0.8054859762264723
8,infgain,minmax,gaussian_noise,noImbl,GradientBoosting,first,0.25,0.2,42,2026-05-29 19:24:04,20260529-185745,log/stroke_prediction_v2/8/infgain/minmax__gaussian_noise__noImbl/GradientBoosting,1780052279784_edb427c117800538440803616,0.9442270058708416,0.6700177101781435,0.6007407407407408,0.6247366895352208,0.9322801278427364,0.9442270058708416,0.9371121631952868,0.9442270058708416,0.9442270058708416,0.9442270058708416,0.8322719881340747
8,infgain,minmax,gaussian_noise,noImbl,GradientBoosting,first,0.3,0.1,42,2026-05-29 19:23:42,20260529-185745,log/stroke_prediction_v2/8/infgain/minmax__gaussian_noise__noImbl/GradientBoosting,1780052279784_edb427c117800538227177827,0.9373776908023485,0.5316511730854361,0.5117695473251028,0.5132174327220768,0.9110425010113924,0.9373776908023482,0.9231500930470354,0.9373776908023485,0.9373776908023485,0.9373776908023485,0.7858525273284991
8,infgain,minmax,gaussian_noise,noImbl,GradientBoosting,first,0.3,0.2,42,2026-05-29 19:24:10,20260529-185745,log/stroke_prediction_v2/8/infgain/minmax__gaussian_noise__noImbl/GradientBoosting,1780052279784_edb427c117800538504914161,0.949119373776908,0.6772727272727272,0.5369135802469136,0.5535618279569893,0.927415050702722,0.949119373776908,0.9326720745744168,0.949119373776908,0.949119373776908,0.949119373776908,0.8167429707127102
8,infgain,minmax,gaussian_noise,noImbl,GradientBoosting,first,0.35,0.1,42,2026-05-29 19:23:49,20260529-185745,log/stroke_prediction_v2/8/infgain/minmax__gaussian_noise__noImbl/GradientBoosting,1780052279784_edb427c117800538298719928,0.9334637964774952,0.5538307074451653,0.5286831275720165,0.5353551561831408,0.9146778291851736,0.9334637964774952,0.9233637886899008,0.9334637964774952,0.9334637964774952,0.9334637964774952,0.7919125267421896
8,infgain,minmax,gaussian_noise,noImbl,GradientBoosting,first,0.35,0.2,42,2026-05-29 19:24:17,20260529-185745,log/stroke_prediction_v2/8/infgain/minmax__gaussian_noise__noImbl/GradientBoosting,1780052279784_edb427c117800538570174729,0.9403131115459884,0.5823319515138794,0.5322839506172841,0.5425279765180699,0.9177573880480302,0.9403131115459884,0.9273736160728868,0.9403131115459884,0.9403131115459884,0.9403131115459884,0.7998478125249578
8,infgain,minmax,gaussian_noise,noImbl,GradientBoosting,first,0.5,0.1,42,2026-05-29 19:23:57,20260529-185745,log/stroke_prediction_v2/8/infgain/minmax__gaussian_noise__noImbl/GradientBoosting,1780052279784_edb427c117800538372198540,0.949119373776908,0.4754901960784314,0.4989711934156378,0.4869477911646586,0.9044549326579948,0.949119373776908,0.926249027420838,0.949119373776908,0.949119373776908,0.949119373776908,0.7795189045137939
8,infgain,minmax,gaussian_noise,noImbl,GradientBoosting,first,0.5,0.2,42,2026-05-29 19:24:23,20260529-185745,log/stroke_prediction_v2/8/infgain/minmax__gaussian_noise__noImbl/GradientBoosting,1780052279784_edb427c117800538638515559,0.9481409001956947,0.4754661432777232,0.4984567901234568,0.4866901054746358,0.9044091805595832,0.9481409001956947,0.9257588699047868,0.9481409001956947,0.9481409001956947,0.9481409001956947,0.7789569177812675
8,infgain,minmax,gaussian_noise,noImbl,GradientBoosting,last,0.25,0.1,42,2026-05-29 19:24:31,20260529-185745,log/stroke_prediction_v2/8/infgain/gaussian_noise__noImbl__minmax/GradientBoosting,1780052279784_edb427c117800538716555301,0.9412915851272016,0.6143636363636363,0.5517695473251027,0.5681203515889113,0.9225717843800036,0.9412915851272016,0.9302928540334412,0.9412915851272016,0.9412915851272016,0.9412915851272016,0.8101491117011077
8,infgain,minmax,gaussian_noise,noImbl,GradientBoosting,last,0.25,0.2,42,2026-05-29 19:24:59,20260529-185745,log/stroke_prediction_v2/8/infgain/gaussian_noise__noImbl__minmax/GradientBoosting,1780052279784_edb427c117800538998370949,0.9256360078277888,0.6245148995148995,0.647880658436214,0.6348970574410078,0.9323127508059014,0.9256360078277888,0.928823934915363,0.9256360078277888,0.9256360078277888,0.9256360078277884,0.8252833828602724
8,infgain,minmax,gaussian_noise,noImbl,GradientBoosting,last,0.3,0.1,42,2026-05-29 19:24:38,20260529-185745,log/stroke_prediction_v2/8/infgain/gaussian_noise__noImbl__minmax/GradientBoosting,1780052279784_edb427c117800538789584466,0.943248532289628,0.64562458249833,0.5717695473251028,0.5933872959253669,0.9273589579681214,0.943248532289628,0.9336531819252074,0.943248532289628,0.943248532289628,0.943248532289628,0.8208307933725927
8,infgain,minmax,gaussian_noise,noImbl,GradientBoosting,last,0.3,0.2,42,2026-05-29 19:25:06,20260529-185745,log/stroke_prediction_v2/8/infgain/gaussian_noise__noImbl__minmax/GradientBoosting,1780052279784_edb427c117800539066891500,0.943248532289628,0.6164785303231519,0.5433127572016461,0.558853298404382,0.9220383090382548,0.943248532289628,0.9303547718238758,0.943248532289628,0.943248532289628,0.943248532289628,0.8088635831063951
8,infgain,minmax,gaussian_noise,noImbl,GradientBoosting,last,0.35,0.1,42,2026-05-29 19:24:46,20260529-185745,log/stroke_prediction_v2/8/infgain/gaussian_noise__noImbl__minmax/GradientBoosting,1780052279784_edb427c117800538861363036,0.9412915851272016,0.5882027445772466,0.5327983539094651,0.5436413431769469,0.9183730396959672,0.9412915851272016,0.9279532122315955,0.9412915851272016,0.9412915851272016,0.9412915851272016,0.8011932311804297
8,infgain,minmax,gaussian_noise,noImbl,GradientBoosting,last,0.35,0.2,42,2026-05-29 19:25:12,20260529-185745,log/stroke_prediction_v2/8/infgain/gaussian_noise__noImbl__minmax/GradientBoosting,1780052279784_edb427c117800539128725614,0.9510763209393346,0.7268700787401574,0.5284567901234568,0.5409959758551308,0.9315415196388122,0.9510763209393346,0.9323977130887084,0.9510763209393346,0.9510763209393346,0.9510763209393346,0.8201264205675524
8,infgain,minmax,gaussian_noise,noImbl,GradientBoosting,last,0.5,0.1,42,2026-05-29 19:24:53,20260529-185745,log/stroke_prediction_v2/8/infgain/gaussian_noise__noImbl__minmax/GradientBoosting,1780052279784_edb427c117800538932327002,0.943248532289628,0.5595709570957095,0.5148559670781893,0.5176263793496305,0.9140306007117346,0.943248532289628,0.9264009887357532,0.943248532289628,0.943248532289628,0.943248532289628,0.792749270617222
8,infgain,minmax,gaussian_noise,noImbl,GradientBoosting,last,0.5,0.2,42,2026-05-29 19:25:19,20260529-185745,log/stroke_prediction_v2/8/infgain/gaussian_noise__noImbl__minmax/GradientBoosting,1780052279784_edb427c117800539192259567,0.9363992172211352,0.5639334987161074,0.5302263374485596,0.5383054287163875,0.915791482795652,0.936399217221135,0.9250730504248988,0.9363992172211352,0.9363992172211352,0.9363992172211352,0.7950615906556787
8,infgain,minmax,gaussian_noise,noImbl,LogisticRegression,first,0.25,0.1,42,2026-05-29 19:23:32,20260529-185745,log/stroke_prediction_v2/8/infgain/minmax__gaussian_noise__noImbl/LogisticRegression,1780052279784_edb427c117800538126942141,0.9510763209393346,0.7273175542406312,0.5379423868312758,0.5563774004236552,0.9323926863442143,0.9510763209393348,0.9338798949417636,0.9510763209393346,0.9510763209393346,0.9510763209393346,0.8237343854221587
8,infgain,minmax,gaussian_noise,noImbl,LogisticRegression,first,0.25,0.2,42,2026-05-29 19:24:02,20260529-185745,log/stroke_prediction_v2/8/infgain/minmax__gaussian_noise__noImbl/LogisticRegression,1780052279784_edb427c117800538422571498,0.9540117416829744,0.8773844641101278,0.539485596707819,0.560912290324055,0.9471970628474448,0.9540117416829746,0.9357185924470371,0.9540117416829744,0.9540117416829744,0.9540117416829744,0.8425060414553925
8,infgain,minmax,gaussian_noise,noImbl,LogisticRegression,first,0.3,0.1,42,2026-05-29 19:23:40,20260529-185745,log/stroke_prediction_v2/8/infgain/minmax__gaussian_noise__noImbl/LogisticRegression,1780052279784_edb427c117800538206915826,0.9510763209393346,0.7264243614931238,0.5189711934156378,0.5244742229666852,0.9306936973998362,0.9510763209393344,0.9308039071927005,0.9510763209393346,0.9510763209393346,0.9510763209393346,0.8163311731305013
8,infgain,minmax,gaussian_noise,noImbl,LogisticRegression,first,0.3,0.2,42,2026-05-29 19:24:08,20260529-185745,log/stroke_prediction_v2/8/infgain/minmax__gaussian_noise__noImbl/LogisticRegression,1780052279784_edb427c117800538486566985,0.9510763209393346,0.7259803921568627,0.509485596707819,0.5066805684275564,0.929849199953954,0.9510763209393348,0.9290856032892674,0.9510763209393346,0.9510763209393346,0.9510763209393346,0.8123269730151209
8,infgain,minmax,gaussian_noise,noImbl,LogisticRegression,first,0.35,0.1,42,2026-05-29 19:23:47,20260529-185745,log/stroke_prediction_v2/8/infgain/minmax__gaussian_noise__noImbl/LogisticRegression,1780052279784_edb427c117800538278552209,0.949119373776908,0.4754901960784314,0.4989711934156378,0.4869477911646586,0.9044549326579948,0.949119373776908,0.926249027420838,0.949119373776908,0.949119373776908,0.949119373776908,0.7795189045137939
8,infgain,minmax,gaussian_noise,noImbl,LogisticRegression,first,0.35,0.2,42,2026-05-29 19:24:15,20260529-185745,log/stroke_prediction_v2/8/infgain/minmax__gaussian_noise__noImbl/LogisticRegression,1780052279784_edb427c117800538551502532,0.9510763209393346,0.7259803921568627,0.509485596707819,0.5066805684275564,0.929849199953954,0.9510763209393348,0.9290856032892674,0.9510763209393346,0.9510763209393346,0.9510763209393346,0.8123269730151209
8,infgain,minmax,gaussian_noise,noImbl,LogisticRegression,first,0.5,0.1,42,2026-05-29 19:23:55,20260529-185745,log/stroke_prediction_v2/8/infgain/minmax__gaussian_noise__noImbl/LogisticRegression,1780052279784_edb427c117800538352061703,0.9510763209393346,0.4755381604696673,0.5,0.4874623871614844,0.9045461682515002,0.9510763209393346,0.9272278675557002,0.9510763209393346,0.9510763209393346,0.9510763209393346,0.7806424994554282
8,infgain,minmax,gaussian_noise,noImbl,LogisticRegression,first,0.5,0.2,42,2026-05-29 19:24:21,20260529-185745,log/stroke_prediction_v2/8/infgain/minmax__gaussian_noise__noImbl/LogisticRegression,1780052279784_edb427c117800538618644962,0.9510763209393346,0.4755381604696673,0.5,0.4874623871614844,0.9045461682515002,0.9510763209393346,0.9272278675557002,0.9510763209393346,0.9510763209393346,0.9510763209393346,0.7806424994554282
8,infgain,minmax,gaussian_noise,noImbl,LogisticRegression,last,0.25,0.1,42,2026-05-29 19:24:29,20260529-185745,log/stroke_prediction_v2/8/infgain/gaussian_noise__noImbl__minmax/LogisticRegression,1780052279784_edb427c117800538697496755,0.9530332681017613,0.7648809523809523,0.5769135802469136,0.6128787878787878,0.9394045289348616,0.9530332681017614,0.9402508450453654,0.9530332681017613,0.9530332681017613,0.9530332681017613,0.8423026583356
8,infgain,minmax,gaussian_noise,noImbl,LogisticRegression,last,0.25,0.2,42,2026-05-29 19:24:57,20260529-185745,log/stroke_prediction_v2/8/infgain/gaussian_noise__noImbl__minmax/LogisticRegression,1780052279784_edb427c117800538979205674,0.952054794520548,0.7555665240759022,0.5479423868312758,0.572403193442343,0.9360069477312444,0.952054794520548,0.9358910191890772,0.952054794520548,0.952054794520548,0.952054794520548,0.8310176355667742
8,infgain,minmax,gaussian_noise,noImbl,LogisticRegression,last,0.3,0.1,42,2026-05-29 19:24:37,20260529-185745,log/stroke_prediction_v2/8/infgain/gaussian_noise__noImbl__minmax/LogisticRegression,1780052279784_edb427c117800538770201278,0.9510763209393346,0.7264243614931238,0.5189711934156378,0.5244742229666852,0.9306936973998362,0.9510763209393344,0.9308039071927005,0.9510763209393346,0.9510763209393346,0.9510763209393346,0.8163311731305013
8,infgain,minmax,gaussian_noise,noImbl,LogisticRegression,last,0.3,0.2,42,2026-05-29 19:25:04,20260529-185745,log/stroke_prediction_v2/8/infgain/gaussian_noise__noImbl__minmax/LogisticRegression,1780052279784_edb427c117800539049266470,0.952054794520548,0.8097808308799477,0.519485596707819,0.5254304748727765,0.9388916522152168,0.952054794520548,0.931361974062916,0.952054794520548,0.952054794520548,0.952054794520548,0.8261565931288712
8,infgain,minmax,gaussian_noise,noImbl,LogisticRegression,last,0.35,0.1,42,2026-05-29 19:24:44,20260529-185745,log/stroke_prediction_v2/8/infgain/gaussian_noise__noImbl__minmax/LogisticRegression,1780052279784_edb427c117800538842756328,0.9510763209393346,0.7264243614931238,0.5189711934156378,0.5244742229666852,0.9306936973998362,0.9510763209393344,0.9308039071927005,0.9510763209393346,0.9510763209393346,0.9510763209393346,0.8163311731305013
8,infgain,minmax,gaussian_noise,noImbl,LogisticRegression,last,0.35,0.2,42,2026-05-29 19:25:11,20260529-185745,log/stroke_prediction_v2/8/infgain/gaussian_noise__noImbl__minmax/LogisticRegression,1780052279784_edb427c117800539111021238,0.952054794520548,0.8097808308799477,0.519485596707819,0.5254304748727765,0.9388916522152168,0.952054794520548,0.931361974062916,0.952054794520548,0.952054794520548,0.952054794520548,0.8261565931288712
8,infgain,minmax,gaussian_noise,noImbl,LogisticRegression,last,0.5,0.1,42,2026-05-29 19:24:51,20260529-185745,log/stroke_prediction_v2/8/infgain/gaussian_noise__noImbl__minmax/LogisticRegression,1780052279784_edb427c117800538913555536,0.9510763209393346,0.4755381604696673,0.5,0.4874623871614844,0.9045461682515002,0.9510763209393346,0.9272278675557002,0.9510763209393346,0.9510763209393346,0.9510763209393346,0.7806424994554282
8,infgain,minmax,gaussian_noise,noImbl,LogisticRegression,last,0.5,0.2,42,2026-05-29 19:25:17,20260529-185745,log/stroke_prediction_v2/8/infgain/gaussian_noise__noImbl__minmax/LogisticRegression,1780052279784_edb427c117800539174226415,0.9510763209393346,0.4755381604696673,0.5,0.4874623871614844,0.9045461682515002,0.9510763209393346,0.9272278675557002,0.9510763209393346,0.9510763209393346,0.9510763209393346,0.7806424994554282
8,infgain,minmax,gaussian_noise,noImbl,XGBmodel,first,0.25,0.1,42,2026-05-29 19:23:32,20260529-185745,log/stroke_prediction_v2/8/infgain/minmax__gaussian_noise__noImbl/XGBmodel,1780052279784_edb427c117800538122134826,0.9354207436399216,0.5850100603621731,0.5486831275720165,0.5601377259566476,0.9194600085837924,0.9354207436399216,0.9266747411091676,0.9354207436399216,0.9354207436399216,0.9354207436399216,0.8025054871676389
8,infgain,minmax,gaussian_noise,noImbl,XGBmodel,first,0.25,0.2,42,2026-05-29 19:24:01,20260529-185745,log/stroke_prediction_v2/8/infgain/minmax__gaussian_noise__noImbl/XGBmodel,1780052279784_edb427c117800538417487510,0.9393346379647748,0.6360479797979798,0.5886831275720165,0.6061510156385967,0.9279376445472336,0.9393346379647748,0.9329545260478906,0.9393346379647748,0.9393346379647748,0.9393346379647748,0.8218665616306059
8,infgain,minmax,gaussian_noise,noImbl,XGBmodel,first,0.3,0.1,42,2026-05-29 19:23:40,20260529-185745,log/stroke_prediction_v2/8/infgain/minmax__gaussian_noise__noImbl/XGBmodel,1780052279784_edb427c117800538200067592,0.9393346379647748,0.6360479797979798,0.5886831275720165,0.6061510156385967,0.9279376445472336,0.9393346379647748,0.9329545260478906,0.9393346379647748,0.9393346379647748,0.9393346379647748,0.8218665616306059
8,infgain,minmax,gaussian_noise,noImbl,XGBmodel,first,0.3,0.2,42,2026-05-29 19:24:08,20260529-185745,log/stroke_prediction_v2/8/infgain/minmax__gaussian_noise__noImbl/XGBmodel,1780052279784_edb427c117800538481837269,0.946183953033268,0.6694971694971694,0.5733127572016461,0.5987378911074149,0.9298086127831724,0.946183953033268,0.9355888575591884,0.946183953033268,0.946183953033268,0.946183953033268,0.8258844474614964
8,infgain,minmax,gaussian_noise,noImbl,XGBmodel,first,0.35,0.1,42,2026-05-29 19:23:47,20260529-185745,log/stroke_prediction_v2/8/infgain/minmax__gaussian_noise__noImbl/XGBmodel,1780052279784_edb427c117800538273717024,0.9549902152641878,0.8125412541254124,0.5779423868312757,0.6174278181048793,0.9441423985842812,0.954990215264188,0.9416283703766318,0.9549902152641878,0.9549902152641878,0.9549902152641878,0.8493171183319986
8,infgain,minmax,gaussian_noise,noImbl,XGBmodel,first,0.35,0.2,42,2026-05-29 19:24:14,20260529-185745,log/stroke_prediction_v2/8/infgain/minmax__gaussian_noise__noImbl/XGBmodel,1780052279784_edb427c117800538546797788,0.9481409001956947,0.6700083860638865,0.5458847736625514,0.5659879970834033,0.9274764362943354,0.9481409001956946,0.9333967318795792,0.9481409001956947,0.9481409001956947,0.9481409001956947,0.8185010290248024
8,infgain,minmax,gaussian_noise,noImbl,XGBmodel,first,0.5,0.1,42,2026-05-29 19:23:54,20260529-185745,log/stroke_prediction_v2/8/infgain/minmax__gaussian_noise__noImbl/XGBmodel,1780052279784_edb427c117800538347391522,0.9510763209393346,0.7264243614931238,0.5189711934156378,0.5244742229666852,0.9306936973998362,0.9510763209393344,0.9308039071927005,0.9510763209393346,0.9510763209393346,0.9510763209393346,0.8163311731305013
8,infgain,minmax,gaussian_noise,noImbl,XGBmodel,first,0.5,0.2,42,2026-05-29 19:24:21,20260529-185745,log/stroke_prediction_v2/8/infgain/minmax__gaussian_noise__noImbl/XGBmodel,1780052279784_edb427c117800538613655893,0.9481409001956947,0.5759095378564405,0.5079423868312758,0.5048585401526577,0.915037320541018,0.9481409001956947,0.9275124553126164,0.9481409001956947,0.9481409001956947,0.9481409001956947,0.7940009339209423
8,infgain,minmax,gaussian_noise,noImbl,XGBmodel,last,0.25,0.1,42,2026-05-29 19:24:29,20260529-185745,log/stroke_prediction_v2/8/infgain/gaussian_noise__noImbl__minmax/XGBmodel,1780052279784_edb427c117800538692716604,0.9393346379647748,0.6360479797979798,0.5886831275720165,0.6061510156385967,0.9279376445472336,0.9393346379647748,0.9329545260478906,0.9393346379647748,0.9393346379647748,0.9393346379647748,0.8218665616306059
8,infgain,minmax,gaussian_noise,noImbl,XGBmodel,last,0.25,0.2,42,2026-05-29 19:24:57,20260529-185745,log/stroke_prediction_v2/8/infgain/gaussian_noise__noImbl__minmax/XGBmodel,1780052279784_edb427c117800538974351345,0.943248532289628,0.6280439121756487,0.552798353909465,0.5710233029381965,0.9239895941971242,0.943248532289628,0.9315187456504024,0.943248532289628,0.943248532289628,0.943248532289628,0.8131639062323648
8,infgain,minmax,gaussian_noise,noImbl,XGBmodel,last,0.3,0.1,42,2026-05-29 19:24:36,20260529-185745,log/stroke_prediction_v2/8/infgain/gaussian_noise__noImbl__minmax/XGBmodel,1780052279784_edb427c117800538765518757,0.9393346379647748,0.6029559118236472,0.5507407407407408,0.565345040471944,0.9213760201420452,0.939334637964775,0.9290775392993598,0.9393346379647748,0.9393346379647748,0.9393346379647748,0.8074045094222487
8,infgain,minmax,gaussian_noise,noImbl,XGBmodel,last,0.3,0.2,42,2026-05-29 19:25:04,20260529-185745,log/stroke_prediction_v2/8/infgain/gaussian_noise__noImbl__minmax/XGBmodel,1780052279784_edb427c117800539044648235,0.9510763209393346,0.7291252485089463,0.5758847736625514,0.6085730918895732,0.935831196772399,0.9510763209393344,0.9388952437555566,0.9510763209393346,0.9510763209393346,0.9510763209393346,0.8366349006168928
8,infgain,minmax,gaussian_noise,noImbl,XGBmodel,last,0.35,0.1,42,2026-05-29 19:24:43,20260529-185745,log/stroke_prediction_v2/8/infgain/gaussian_noise__noImbl__minmax/XGBmodel,1780052279784_edb427c117800538837927982,0.9549902152641878,0.8533037475345169,0.5589711934156378,0.5918672083897627,0.9464994962887484,0.9549902152641876,0.9391695033464224,0.9549902152641878,0.9549902152641878,0.9549902152641878,0.8475290365899929
8,infgain,minmax,gaussian_noise,noImbl,XGBmodel,last,0.35,0.2,42,2026-05-29 19:25:10,20260529-185745,log/stroke_prediction_v2/8/infgain/gaussian_noise__noImbl__minmax/XGBmodel,1780052279784_edb427c117800539106284890,0.9383561643835616,0.5722610722610723,0.5312551440329218,0.5403724934503116,0.9166893119926388,0.9383561643835616,0.9262199641132522,0.9383561643835616,0.9383561643835616,0.9383561643835616,0.7973518872166224
8,infgain,minmax,gaussian_noise,noImbl,XGBmodel,last,0.5,0.1,42,2026-05-29 19:24:50,20260529-185745,log/stroke_prediction_v2/8/infgain/gaussian_noise__noImbl__minmax/XGBmodel,1780052279784_edb427c117800538908715121,0.9510763209393346,0.7264243614931238,0.5189711934156378,0.5244742229666852,0.9306936973998362,0.9510763209393344,0.9308039071927005,0.9510763209393346,0.9510763209393346,0.9510763209393346,0.8163311731305013
8,infgain,minmax,gaussian_noise,noImbl,XGBmodel,last,0.5,0.2,42,2026-05-29 19:25:16,20260529-185745,log/stroke_prediction_v2/8/infgain/gaussian_noise__noImbl__minmax/XGBmodel,1780052279784_edb427c117800539169364080,0.9500978473581212,0.4755142017629775,0.499485596707819,0.4872052182639237,0.9045005951342742,0.9500978473581214,0.9267386930577962,0.9500978473581212,0.9500978473581212,0.9500978473581212,0.7800807650020133
8,infgain,minmax,gaussian_noise,noImbl,random_forest,first,0.25,0.1,42,2026-05-29 19:23:31,20260529-185745,log/stroke_prediction_v2/8/infgain/minmax__gaussian_noise__noImbl/random_forest,1780052279784_edb427c117800538119861672,0.9099804305283756,0.5598118279569892,0.5732510288065844,0.5654761904761905,0.9193390568777224,0.9099804305283756,0.914523343584009,0.9099804305283756,0.9099804305283756,0.9099804305283756,0.7912322936845096
8,infgain,minmax,gaussian_noise,noImbl,random_forest,first,0.25,0.2,42,2026-05-29 19:24:01,20260529-185745,log/stroke_prediction_v2/8/infgain/minmax__gaussian_noise__noImbl/random_forest,1780052279784_edb427c117800538414883002,0.9050880626223092,0.5832382512047465,0.6275925925925926,0.5987046369947577,0.9266937212591364,0.9050880626223092,0.9150378043280192,0.9050880626223092,0.9050880626223092,0.9050880626223092,0.8028490477529876
8,infgain,minmax,gaussian_noise,noImbl,random_forest,first,0.3,0.1,42,2026-05-29 19:23:39,20260529-185745,log/stroke_prediction_v2/8/infgain/minmax__gaussian_noise__noImbl/random_forest,1780052279784_edb427c117800538197372530,0.929549902152642,0.5839216944801026,0.5645679012345679,0.5725041829336307,0.9207813218311396,0.929549902152642,0.9249625909849456,0.929549902152642,0.929549902152642,0.929549902152642,0.8033670687034241
8,infgain,minmax,gaussian_noise,noImbl,random_forest,first,0.3,0.2,42,2026-05-29 19:24:07,20260529-185745,log/stroke_prediction_v2/8/infgain/minmax__gaussian_noise__noImbl/random_forest,1780052279784_edb427c117800538479332584,0.9227005870841488,0.581485831742769,0.5799382716049383,0.5807016177196126,0.9219620270076522,0.9227005870841488,0.9223300573231904,0.9227005870841488,0.9227005870841488,0.9227005870841488,0.8028735991256157
8,infgain,minmax,gaussian_noise,noImbl,random_forest,first,0.35,0.1,42,2026-05-29 19:23:47,20260529-185745,log/stroke_prediction_v2/8/infgain/minmax__gaussian_noise__noImbl/random_forest,1780052279784_edb427c117800538271532585,0.9373776908023485,0.6121639784946236,0.5686831275720164,0.5837067209775968,0.9238552911221936,0.9373776908023485,0.9298687530141372,0.9373776908023485,0.9373776908023485,0.9373776908023485,0.8124576371385825
8,infgain,minmax,gaussian_noise,noImbl,random_forest,first,0.35,0.2,42,2026-05-29 19:24:14,20260529-185745,log/stroke_prediction_v2/8/infgain/minmax__gaussian_noise__noImbl/random_forest,1780052279784_edb427c117800538544461845,0.9363992172211352,0.6225937183383992,0.5871399176954732,0.6010569618352701,0.9265103884748302,0.936399217221135,0.931030878020721,0.9363992172211352,0.9363992172211352,0.9363992172211352,0.8179972653177228
8,infgain,minmax,gaussian_noise,noImbl,random_forest,first,0.5,0.1,42,2026-05-29 19:23:54,20260529-185745,log/stroke_prediction_v2/8/infgain/minmax__gaussian_noise__noImbl/random_forest,1780052279784_edb427c117800538345066681,0.9510763209393346,0.7282178217821782,0.5569135802469136,0.5841606718531298,0.9341051326267656,0.9510763209393348,0.936552576496339,0.9510763209393346,0.9510763209393346,0.9510763209393346,0.8304611690937398
8,infgain,minmax,gaussian_noise,noImbl,random_forest,first,0.5,0.2,42,2026-05-29 19:24:21,20260529-185745,log/stroke_prediction_v2/8/infgain/minmax__gaussian_noise__noImbl/random_forest,1780052279784_edb427c117800538610975893,0.9481409001956947,0.6590684290981027,0.5363991769547325,0.5522101799723883,0.9255932474500824,0.9481409001956947,0.932072952132522,0.9481409001956947,0.9481409001956947,0.9481409001956947,0.8140049152443061
8,infgain,minmax,gaussian_noise,noImbl,random_forest,last,0.25,0.1,42,2026-05-29 19:24:29,20260529-185745,log/stroke_prediction_v2/8/infgain/gaussian_noise__noImbl__minmax/random_forest,1780052279784_edb427c117800538690413516,0.9197651663405088,0.5755352894528152,0.578395061728395,0.5769269602794773,0.9212650786581024,0.9197651663405088,0.9205104667884676,0.9197651663405088,0.9197651663405088,0.9197651663405088,0.8000412235803264
8,infgain,minmax,gaussian_noise,noImbl,random_forest,last,0.25,0.2,42,2026-05-29 19:24:57,20260529-185745,log/stroke_prediction_v2/8/infgain/gaussian_noise__noImbl__minmax/random_forest,1780052279784_edb427c117800538971902454,0.9090019569471623,0.592929292929293,0.6391358024691358,0.609601616699321,0.928665463694818,0.9090019569471623,0.9180341459825722,0.9090019569471623,0.9090019569471623,0.9090019569471623,0.8088192030904734
8,infgain,minmax,gaussian_noise,noImbl,random_forest,last,0.3,0.1,42,2026-05-29 19:24:36,20260529-185745,log/stroke_prediction_v2/8/infgain/gaussian_noise__noImbl__minmax/random_forest,1780052279784_edb427c117800538763136199,0.9315068493150684,0.5898129366689204,0.56559670781893,0.5751478727700311,0.9214358708370768,0.9315068493150684,0.9261766936829846,0.9315068493150684,0.9315068493150684,0.9315068493150684,0.8054859762264723
8,infgain,minmax,gaussian_noise,noImbl,random_forest,last,0.3,0.2,42,2026-05-29 19:25:04,20260529-185745,log/stroke_prediction_v2/8/infgain/gaussian_noise__noImbl__minmax/random_forest,1780052279784_edb427c117800539040717708,0.9227005870841488,0.604154167802927,0.617880658436214,0.6104487621767933,0.9276120957514804,0.9227005870841488,0.9250893988593965,0.9227005870841488,0.9227005870841488,0.9227005870841488,0.81437565118815
8,infgain,minmax,gaussian_noise,noImbl,random_forest,last,0.35,0.1,42,2026-05-29 19:24:43,20260529-185745,log/stroke_prediction_v2/8/infgain/gaussian_noise__noImbl__minmax/random_forest,1780052279784_edb427c117800538835634550,0.9334637964774952,0.5778225806451613,0.5476543209876543,0.5576883910386966,0.91867621993561,0.9334637964774952,0.9254855500775206,0.9334637964774952,0.9334637964774952,0.9334637964774952,0.800276921915273
8,infgain,minmax,gaussian_noise,noImbl,random_forest,last,0.35,0.2,42,2026-05-29 19:25:10,20260529-185745,log/stroke_prediction_v2/8/infgain/gaussian_noise__noImbl__minmax/random_forest,1780052279784_edb427c117800539103934057,0.9334637964774952,0.60420892494929,0.5761111111111111,0.5872865049766016,0.9237594423692952,0.9334637964774952,0.9282859310063278,0.9334637964774952,0.9334637964774952,0.9334637964774952,0.8111293318314069
8,infgain,minmax,gaussian_noise,noImbl,random_forest,last,0.5,0.1,42,2026-05-29 19:24:50,20260529-185745,log/stroke_prediction_v2/8/infgain/gaussian_noise__noImbl__minmax/random_forest,1780052279784_edb427c117800538906359790,0.9471624266144814,0.6013313609467457,0.5169135802469136,0.5208875924575477,0.9182858763996804,0.9471624266144816,0.9285902865371046,0.9471624266144814,0.9471624266144814,0.9471624266144814,0.7999397342543241
8,infgain,minmax,gaussian_noise,noImbl,random_forest,last,0.5,0.2,42,2026-05-29 19:25:16,20260529-185745,log/stroke_prediction_v2/8/infgain/gaussian_noise__noImbl__minmax/random_forest,1780052279784_edb427c117800539166839128,0.949119373776908,0.6772727272727272,0.5369135802469136,0.5535618279569893,0.927415050702722,0.949119373776908,0.9326720745744168,0.949119373776908,0.949119373776908,0.949119373776908,0.8167429707127102
8,infgain,minmax,gaussian_noise,noImbl,sklearn_SVM,first,0.25,0.1,42,2026-05-29 19:23:30,20260529-185745,log/stroke_prediction_v2/8/infgain/minmax__gaussian_noise__noImbl/sklearn_SVM,1780052279784_edb427c117800538104692197,0.9471624266144814,0.475442043222004,0.4979423868312758,0.4864321608040201,0.9043633385749272,0.9471624266144816,0.9252682197681164,0.9471624266144814,0.9471624266144814,0.9471624266144814,0.7783948045944336
8,infgain,minmax,gaussian_noise,noImbl,sklearn_SVM,first,0.25,0.2,42,2026-05-29 19:23:59,20260529-185745,log/stroke_prediction_v2/8/infgain/minmax__gaussian_noise__noImbl/sklearn_SVM,1780052279784_edb427c117800538398792877,0.9500978473581212,0.4755142017629775,0.499485596707819,0.4872052182639237,0.9045005951342742,0.9500978473581214,0.9267386930577962,0.9500978473581212,0.9500978473581212,0.9500978473581212,0.7800807650020133
8,infgain,minmax,gaussian_noise,noImbl,sklearn_SVM,first,0.3,0.1,42,2026-05-29 19:23:38,20260529-185745,log/stroke_prediction_v2/8/infgain/minmax__gaussian_noise__noImbl/sklearn_SVM,1780052279784_edb427c117800538181773853,0.949119373776908,0.4754901960784314,0.4989711934156378,0.4869477911646586,0.9044549326579948,0.949119373776908,0.926249027420838,0.949119373776908,0.949119373776908,0.949119373776908,0.7795189045137939
8,infgain,minmax,gaussian_noise,noImbl,sklearn_SVM,first,0.3,0.2,42,2026-05-29 19:24:06,20260529-185745,log/stroke_prediction_v2/8/infgain/minmax__gaussian_noise__noImbl/sklearn_SVM,1780052279784_edb427c117800538464849314,0.9510763209393346,0.4755381604696673,0.5,0.4874623871614844,0.9045461682515002,0.9510763209393346,0.9272278675557002,0.9510763209393346,0.9510763209393346,0.9510763209393346,0.7806424994554282
8,infgain,minmax,gaussian_noise,noImbl,sklearn_SVM,first,0.35,0.1,42,2026-05-29 19:23:45,20260529-185745,log/stroke_prediction_v2/8/infgain/minmax__gaussian_noise__noImbl/sklearn_SVM,1780052279784_edb427c117800538257406649,0.9471624266144814,0.475442043222004,0.4979423868312758,0.4864321608040201,0.9043633385749272,0.9471624266144816,0.9252682197681164,0.9471624266144814,0.9471624266144814,0.9471624266144814,0.7783948045944336
8,infgain,minmax,gaussian_noise,noImbl,sklearn_SVM,first,0.35,0.2,42,2026-05-29 19:24:12,20260529-185745,log/stroke_prediction_v2/8/infgain/minmax__gaussian_noise__noImbl/sklearn_SVM,1780052279784_edb427c117800538529129851,0.949119373776908,0.4754901960784314,0.4989711934156378,0.4869477911646586,0.9044549326579948,0.949119373776908,0.926249027420838,0.949119373776908,0.949119373776908,0.949119373776908,0.7795189045137939
8,infgain,minmax,gaussian_noise,noImbl,sklearn_SVM,first,0.5,0.1,42,2026-05-29 19:23:52,20260529-185745,log/stroke_prediction_v2/8/infgain/minmax__gaussian_noise__noImbl/sklearn_SVM,1780052279784_edb427c117800538329598928,0.949119373776908,0.4754901960784314,0.4989711934156378,0.4869477911646586,0.9044549326579948,0.949119373776908,0.926249027420838,0.949119373776908,0.949119373776908,0.949119373776908,0.7795189045137939
8,infgain,minmax,gaussian_noise,noImbl,sklearn_SVM,first,0.5,0.2,42,2026-05-29 19:24:19,20260529-185745,log/stroke_prediction_v2/8/infgain/minmax__gaussian_noise__noImbl/sklearn_SVM,1780052279784_edb427c117800538596155477,0.9510763209393346,0.4755381604696673,0.5,0.4874623871614844,0.9045461682515002,0.9510763209393346,0.9272278675557002,0.9510763209393346,0.9510763209393346,0.9510763209393346,0.7806424994554282
8,infgain,minmax,gaussian_noise,noImbl,sklearn_SVM,last,0.25,0.1,42,2026-05-29 19:24:27,20260529-185745,log/stroke_prediction_v2/8/infgain/gaussian_noise__noImbl__minmax/sklearn_SVM,1780052279784_edb427c117800538675648508,0.949119373776908,0.6430446194225722,0.5179423868312758,0.5226358148893361,0.9224514743876192,0.949119373776908,0.9296936216122568,0.949119373776908,0.949119373776908,0.949119373776908,0.8058410130501487
8,infgain,minmax,gaussian_noise,noImbl,sklearn_SVM,last,0.25,0.2,42,2026-05-29 19:24:55,20260529-185745,log/stroke_prediction_v2/8/infgain/gaussian_noise__noImbl__minmax/sklearn_SVM,1780052279784_edb427c117800538957537943,0.9500978473581212,0.6426234870788354,0.5089711934156378,0.5060602901737061,0.9216504163874,0.9500978473581212,0.9285604219838514,0.9500978473581212,0.9500978473581212,0.9500978473581212,0.8025567554550692
8,infgain,minmax,gaussian_noise,noImbl,sklearn_SVM,last,0.3,0.1,42,2026-05-29 19:24:34,20260529-185745,log/stroke_prediction_v2/8/infgain/gaussian_noise__noImbl__minmax/sklearn_SVM,1780052279784_edb427c117800538748148497,0.9471624266144814,0.475442043222004,0.4979423868312758,0.4864321608040201,0.9043633385749272,0.9471624266144816,0.9252682197681164,0.9471624266144814,0.9471624266144814,0.9471624266144814,0.7783948045944336
8,infgain,minmax,gaussian_noise,noImbl,sklearn_SVM,last,0.3,0.2,42,2026-05-29 19:25:02,20260529-185745,log/stroke_prediction_v2/8/infgain/gaussian_noise__noImbl__minmax/sklearn_SVM,1780052279784_edb427c117800539025634898,0.949119373776908,0.4754901960784314,0.4989711934156378,0.4869477911646586,0.9044549326579948,0.949119373776908,0.926249027420838,0.949119373776908,0.949119373776908,0.949119373776908,0.7795189045137939
8,infgain,minmax,gaussian_noise,noImbl,sklearn_SVM,last,0.35,0.1,42,2026-05-29 19:24:42,20260529-185745,log/stroke_prediction_v2/8/infgain/gaussian_noise__noImbl__minmax/sklearn_SVM,1780052279784_edb427c117800538820701183,0.949119373776908,0.4754901960784314,0.4989711934156378,0.4869477911646586,0.9044549326579948,0.949119373776908,0.926249027420838,0.949119373776908,0.949119373776908,0.949119373776908,0.7795189045137939
8,infgain,minmax,gaussian_noise,noImbl,sklearn_SVM,last,0.35,0.2,42,2026-05-29 19:25:09,20260529-185745,log/stroke_prediction_v2/8/infgain/gaussian_noise__noImbl__minmax/sklearn_SVM,1780052279784_edb427c117800539090599878,0.949119373776908,0.4754901960784314,0.4989711934156378,0.4869477911646586,0.9044549326579948,0.949119373776908,0.926249027420838,0.949119373776908,0.949119373776908,0.949119373776908,0.7795189045137939
8,infgain,minmax,gaussian_noise,noImbl,sklearn_SVM,last,0.5,0.1,42,2026-05-29 19:24:49,20260529-185745,log/stroke_prediction_v2/8/infgain/gaussian_noise__noImbl__minmax/sklearn_SVM,1780052279784_edb427c117800538891658190,0.9471624266144814,0.475442043222004,0.4979423868312758,0.4864321608040201,0.9043633385749272,0.9471624266144816,0.9252682197681164,0.9471624266144814,0.9471624266144814,0.9471624266144814,0.7783948045944336
8,infgain,minmax,gaussian_noise,noImbl,sklearn_SVM,last,0.5,0.2,42,2026-05-29 19:25:15,20260529-185745,log/stroke_prediction_v2/8/infgain/gaussian_noise__noImbl__minmax/sklearn_SVM,1780052279784_edb427c117800539153832258,0.9500978473581212,0.4755142017629775,0.499485596707819,0.4872052182639237,0.9045005951342742,0.9500978473581214,0.9267386930577962,0.9500978473581212,0.9500978473581212,0.9500978473581212,0.7800807650020133
8,infgain,minmax,mixup,noImbl,DTmodel,first,0.25,0.1,42,2026-05-29 19:25:22,20260529-185745,log/stroke_prediction_v2/8/infgain/minmax__mixup__noImbl/DTmodel,1780052279784_edb427c117800539222770178,0.9158512720156556,0.5005600814663951,0.5004526748971194,0.5002160809735017,0.907034049286372,0.9158512720156556,0.9113916669615552,0.9158512720156556,0.9158512720156556,0.9158512720156556,0.7688863515615092
8,infgain,minmax,mixup,noImbl,DTmodel,first,0.25,0.2,42,2026-05-29 19:25:38,20260529-185745,log/stroke_prediction_v2/8/infgain/minmax__mixup__noImbl/DTmodel,1780052279784_edb427c117800539384265628,0.913894324853229,0.552379859198041,0.5563374485596708,0.5542426645519429,0.9170585652528368,0.913894324853229,0.9154614344841714,0.913894324853229,0.913894324853229,0.913894324853229,0.7885909320977633
8,infgain,minmax,mixup,noImbl,DTmodel,first,0.3,0.1,42,2026-05-29 19:25:26,20260529-185745,log/stroke_prediction_v2/8/infgain/minmax__mixup__noImbl/DTmodel,1780052279784_edb427c117800539262913818,0.9158512720156556,0.5219371630414574,0.5194238683127572,0.5205019094380797,0.9107902770395416,0.9158512720156556,0.913295133895542,0.9158512720156556,0.9158512720156556,0.9158512720156556,0.7766251961456809
8,infgain,minmax,mixup,noImbl,DTmodel,first,0.3,0.2,42,2026-05-29 19:25:42,20260529-185745,log/stroke_prediction_v2/8/infgain/minmax__mixup__noImbl/DTmodel,1780052279784_edb427c117800539423249578,0.923679060665362,0.6156618156618157,0.6373662551440329,0.6252890852684027,0.9305087113306292,0.923679060665362,0.9269508805710304,0.923679060665362,0.923679060665362,0.923679060665362,0.8206612973557073
8,infgain,minmax,mixup,noImbl,DTmodel,first,0.35,0.1,42,2026-05-29 19:25:30,20260529-185745,log/stroke_prediction_v2/8/infgain/minmax__mixup__noImbl/DTmodel,1780052279784_edb427c117800539302678096,0.9217221135029354,0.5794238683127572,0.5794238683127572,0.5794238683127572,0.9217221135029354,0.9217221135029354,0.9217221135029354,0.9217221135029354,0.9217221135029354,0.9217221135029354,0.8019177276863728
8,infgain,minmax,mixup,noImbl,DTmodel,first,0.35,0.2,42,2026-05-29 19:25:46,20260529-185745,log/stroke_prediction_v2/8/infgain/minmax__mixup__noImbl/DTmodel,1780052279784_edb427c117800539461023208,0.8972602739726028,0.577820730517721,0.6329629629629631,0.5947431031552711,0.926781937941182,0.8972602739726029,0.9106217345183288,0.8972602739726028,0.8972602739726028,0.8972602739726028,0.7984653983822675
8,infgain,minmax,mixup,noImbl,DTmodel,first,0.5,0.1,42,2026-05-29 19:25:34,20260529-185745,log/stroke_prediction_v2/8/infgain/minmax__mixup__noImbl/DTmodel,1780052279784_edb427c117800539343004304,0.9178082191780822,0.5426764076977905,0.5394238683127572,0.5409394250513346,0.9145812788642732,0.9178082191780822,0.9161802762228912,0.9178082191780822,0.9178082191780822,0.9178082191780822,0.7853593983498487
8,infgain,minmax,mixup,noImbl,DTmodel,first,0.5,0.2,42,2026-05-29 19:25:49,20260529-185745,log/stroke_prediction_v2/8/infgain/minmax__mixup__noImbl/DTmodel,1780052279784_edb427c117800539498706693,0.9168297455968688,0.5819649048700213,0.5958230452674897,0.5881279188298604,0.9234974083547044,0.9168297455968688,0.9200699607566752,0.9168297455968688,0.9168297455968688,0.9168297455968688,0.8030901160259492
8,infgain,minmax,mixup,noImbl,DTmodel,last,0.25,0.1,42,2026-05-29 19:25:54,20260529-185745,log/stroke_prediction_v2/8/infgain/mixup__noImbl__minmax/DTmodel,1780052279784_edb427c117800539542424948,0.9217221135029354,0.5654401282965074,0.5604526748971194,0.5627994524298425,0.9186573222323424,0.9217221135029356,0.9201716916408488,0.9217221135029354,0.9217221135029354,0.9217221135029354,0.7955895295543746
8,infgain,minmax,mixup,noImbl,DTmodel,last,0.25,0.2,42,2026-05-29 19:26:09,20260529-185745,log/stroke_prediction_v2/8/infgain/mixup__noImbl__minmax/DTmodel,1780052279784_edb427c117800539694572775,0.9001956947162426,0.5368109507954125,0.5491358024691357,0.5413168593906753,0.914960763317992,0.9001956947162426,0.9073415122337872,0.9001956947162426,0.9001956947162426,0.9001956947162426,0.7774677852884202
8,infgain,minmax,mixup,noImbl,DTmodel,last,0.3,0.1,42,2026-05-29 19:25:58,20260529-185745,log/stroke_prediction_v2/8/infgain/mixup__noImbl__minmax/DTmodel,1780052279784_edb427c117800539580489207,0.9158512720156556,0.5552735923869945,0.5573662551440329,0.5562892510248179,0.9174224165892012,0.9158512720156556,0.916632928583027,0.9158512720156556,0.9158512720156556,0.9158512720156556,0.7902850621594616
8,infgain,minmax,mixup,noImbl,DTmodel,last,0.3,0.2,42,2026-05-29 19:26:13,20260529-185745,log/stroke_prediction_v2/8/infgain/mixup__noImbl__minmax/DTmodel,1780052279784_edb427c117800539731750817,0.9275929549902152,0.550756132412479,0.535082304526749,0.5406462585034013,0.9149527261406476,0.9275929549902152,0.920992584900888,0.9275929549902152,0.9275929549902152,0.9275929549902152,0.7903621248147168
8,infgain,minmax,mixup,noImbl,DTmodel,last,0.35,0.1,42,2026-05-29 19:26:02,20260529-185745,log/stroke_prediction_v2/8/infgain/mixup__noImbl__minmax/DTmodel,1780052279784_edb427c117800539620023690,0.929549902152642,0.5986394557823128,0.5835390946502058,0.5902530292230934,0.9239053742827854,0.929549902152642,0.9266312193747532,0.929549902152642,0.929549902152642,0.929549902152642,0.809960990622264
8,infgain,minmax,mixup,noImbl,DTmodel,last,0.35,0.2,42,2026-05-29 19:26:17,20260529-185745,log/stroke_prediction_v2/8/infgain/mixup__noImbl__minmax/DTmodel,1780052279784_edb427c117800539770196403,0.9050880626223092,0.5350045205643028,0.5422222222222222,0.5379725302125716,0.9141345492059492,0.9050880626223092,0.9095208517073884,0.9050880626223092,0.9050880626223092,0.9050880626223092,0.7782953615361651
8,infgain,minmax,mixup,noImbl,DTmodel,last,0.5,0.1,42,2026-05-29 19:26:05,20260529-185745,log/stroke_prediction_v2/8/infgain/mixup__noImbl__minmax/DTmodel,1780052279784_edb427c117800539658449569,0.9158512720156556,0.5685817805383022,0.5763374485596708,0.5721518001440894,0.9204306499252471,0.9158512720156556,0.9181025785999672,0.9158512720156556,0.9158512720156556,0.9158512720156556,0.7964136535201926
8,infgain,minmax,mixup,noImbl,DTmodel,last,0.5,0.2,42,2026-05-29 19:26:20,20260529-185745,log/stroke_prediction_v2/8/infgain/mixup__noImbl__minmax/DTmodel,1780052279784_edb427c117800539807753303,0.913894324853229,0.5451427438540841,0.5468518518518518,0.545970396397488,0.9155010855547504,0.9138943248532287,0.9146941594803067,0.913894324853229,0.913894324853229,0.913894324853229,0.7854069814490292
8,infgain,minmax,mixup,noImbl,GradientBoosting,first,0.25,0.1,42,2026-05-29 19:25:23,20260529-185745,log/stroke_prediction_v2/8/infgain/minmax__mixup__noImbl/GradientBoosting,1780052279784_edb427c117800539237525166,0.9315068493150684,0.5898129366689204,0.56559670781893,0.5751478727700311,0.9214358708370768,0.9315068493150684,0.9261766936829846,0.9315068493150684,0.9315068493150684,0.9315068493150684,0.8054859762264723
8,infgain,minmax,mixup,noImbl,GradientBoosting,first,0.25,0.2,42,2026-05-29 19:25:39,20260529-185745,log/stroke_prediction_v2/8/infgain/minmax__mixup__noImbl/GradientBoosting,1780052279784_edb427c117800539398328051,0.9442270058708416,0.6700177101781435,0.6007407407407408,0.6247366895352208,0.9322801278427364,0.9442270058708416,0.9371121631952868,0.9442270058708416,0.9442270058708416,0.9442270058708416,0.8322719881340747
8,infgain,minmax,mixup,noImbl,GradientBoosting,first,0.3,0.1,42,2026-05-29 19:25:27,20260529-185745,log/stroke_prediction_v2/8/infgain/minmax__mixup__noImbl/GradientBoosting,1780052279784_edb427c117800539276965954,0.9354207436399216,0.5602872411489644,0.5297119341563786,0.537302785018521,0.915393082315969,0.9354207436399216,0.924501896673512,0.9354207436399216,0.9354207436399216,0.9354207436399216,0.7939782254719046
8,infgain,minmax,mixup,noImbl,GradientBoosting,first,0.3,0.2,42,2026-05-29 19:25:43,20260529-185745,log/stroke_prediction_v2/8/infgain/minmax__mixup__noImbl/GradientBoosting,1780052279784_edb427c117800539436851961,0.9442270058708416,0.6594383149448345,0.5817695473251028,0.6055256475368207,0.929577381852014,0.9442270058708414,0.9352855761365748,0.9442270058708416,0.9442270058708416,0.9442270058708416,0.8258910103115409
8,infgain,minmax,mixup,noImbl,GradientBoosting,first,0.35,0.1,42,2026-05-29 19:25:31,20260529-185745,log/stroke_prediction_v2/8/infgain/minmax__mixup__noImbl/GradientBoosting,1780052279784_edb427c117800539317063546,0.9471624266144814,0.665631212723658,0.5548559670781893,0.5772589392407391,0.9278249290947076,0.9471624266144814,0.9340068632560012,0.9471624266144814,0.9471624266144814,0.9471624266144814,0.8203860519099588
8,infgain,minmax,mixup,noImbl,GradientBoosting,first,0.35,0.2,42,2026-05-29 19:25:47,20260529-185745,log/stroke_prediction_v2/8/infgain/minmax__mixup__noImbl/GradientBoosting,1780052279784_edb427c117800539474616485,0.9403131115459884,0.5965700965700965,0.5417695473251029,0.5549638428645874,0.9199691371902722,0.9403131115459882,0.9285621874747364,0.9403131115459884,0.9403131115459884,0.9403131115459884,0.8044850272778408
8,infgain,minmax,mixup,noImbl,GradientBoosting,first,0.5,0.1,42,2026-05-29 19:25:35,20260529-185745,log/stroke_prediction_v2/8/infgain/minmax__mixup__noImbl/GradientBoosting,1780052279784_edb427c117800539357426465,0.949119373776908,0.4754901960784314,0.4989711934156378,0.4869477911646586,0.9044549326579948,0.949119373776908,0.926249027420838,0.949119373776908,0.949119373776908,0.949119373776908,0.7795189045137939
8,infgain,minmax,mixup,noImbl,GradientBoosting,first,0.5,0.2,42,2026-05-29 19:25:51,20260529-185745,log/stroke_prediction_v2/8/infgain/minmax__mixup__noImbl/GradientBoosting,1780052279784_edb427c117800539512342005,0.9452054794520548,0.5383382642998028,0.5063991769547325,0.5031426884744937,0.9112324714274136,0.9452054794520548,0.9259454823347752,0.9452054794520548,0.9452054794520548,0.9452054794520548,0.7880424086704069
8,infgain,minmax,mixup,noImbl,GradientBoosting,last,0.25,0.1,42,2026-05-29 19:25:55,20260529-185745,log/stroke_prediction_v2/8/infgain/mixup__noImbl__minmax/GradientBoosting,1780052279784_edb427c117800539555717095,0.9412915851272016,0.646505376344086,0.5897119341563786,0.6097250509164969,0.9290343623087768,0.9412915851272016,0.9342519559507534,0.9412915851272016,0.9412915851272016,0.9412915851272016,0.8246383523618921
8,infgain,minmax,mixup,noImbl,GradientBoosting,last,0.25,0.2,42,2026-05-29 19:26:10,20260529-185745,log/stroke_prediction_v2/8/infgain/mixup__noImbl__minmax/GradientBoosting,1780052279784_edb427c117800539707503055,0.9354207436399216,0.6249197689345314,0.5961111111111111,0.6081288343558282,0.9275433404761488,0.9354207436399216,0.9312157084028668,0.9354207436399216,0.9354207436399216,0.9354207436399216,0.8199274009219517
8,infgain,minmax,mixup,noImbl,GradientBoosting,last,0.3,0.1,42,2026-05-29 19:25:59,20260529-185745,log/stroke_prediction_v2/8/infgain/mixup__noImbl__minmax/GradientBoosting,1780052279784_edb427c117800539594017077,0.9373776908023485,0.6121639784946236,0.5686831275720164,0.5837067209775968,0.9238552911221936,0.9373776908023485,0.9298687530141372,0.9373776908023485,0.9373776908023485,0.9373776908023485,0.8124576371385825
8,infgain,minmax,mixup,noImbl,GradientBoosting,last,0.3,0.2,42,2026-05-29 19:26:14,20260529-185745,log/stroke_prediction_v2/8/infgain/mixup__noImbl__minmax/GradientBoosting,1780052279784_edb427c117800539745831199,0.9442270058708416,0.6359605394343286,0.5533127572016461,0.572526141992295,0.9248037122539068,0.9442270058708416,0.9321360019041732,0.9442270058708416,0.9442270058708416,0.9442270058708416,0.8147978248217949
8,infgain,minmax,mixup,noImbl,GradientBoosting,last,0.35,0.1,42,2026-05-29 19:26:03,20260529-185745,log/stroke_prediction_v2/8/infgain/mixup__noImbl__minmax/GradientBoosting,1780052279784_edb427c117800539633357137,0.943248532289628,0.5595709570957095,0.5148559670781893,0.5176263793496305,0.9140306007117346,0.943248532289628,0.9264009887357532,0.943248532289628,0.943248532289628,0.943248532289628,0.792749270617222
8,infgain,minmax,mixup,noImbl,GradientBoosting,last,0.35,0.2,42,2026-05-29 19:26:18,20260529-185745,log/stroke_prediction_v2/8/infgain/mixup__noImbl__minmax/GradientBoosting,1780052279784_edb427c117800539783609109,0.949119373776908,0.6860561056105611,0.5463991769547325,0.5675270987272549,0.9290864996480078,0.949119373776908,0.9340146795561926,0.949119373776908,0.949119373776908,0.949119373776908,0.8210331944746102
8,infgain,minmax,mixup,noImbl,GradientBoosting,last,0.5,0.1,42,2026-05-29 19:26:07,20260529-185745,log/stroke_prediction_v2/8/infgain/mixup__noImbl__minmax/GradientBoosting,1780052279784_edb427c117800539671434747,0.9452054794520548,0.6200396825396826,0.5348559670781893,0.5483585858585859,0.9216522225328488,0.9452054794520548,0.9302926525529264,0.9452054794520548,0.9452054794520548,0.9452054794520548,0.8075346647576206
8,infgain,minmax,mixup,noImbl,GradientBoosting,last,0.5,0.2,42,2026-05-29 19:26:22,20260529-185745,log/stroke_prediction_v2/8/infgain/mixup__noImbl__minmax/GradientBoosting,1780052279784_edb427c117800539821047484,0.9452054794520548,0.5383382642998028,0.5063991769547325,0.5031426884744937,0.9112324714274136,0.9452054794520548,0.9259454823347752,0.9452054794520548,0.9452054794520548,0.9452054794520548,0.7880424086704069
8,infgain,minmax,mixup,noImbl,LogisticRegression,first,0.25,0.1,42,2026-05-29 19:25:22,20260529-185745,log/stroke_prediction_v2/8/infgain/minmax__mixup__noImbl/LogisticRegression,1780052279784_edb427c117800539225155282,0.9275929549902152,0.5786150712830957,0.5635390946502058,0.5699533720004548,0.9201836580962212,0.9275929549902152,0.92375562040878,0.9275929549902152,0.9275929549902152,0.9275929549902152,0.8013273132604234
8,infgain,minmax,mixup,noImbl,LogisticRegression,first,0.25,0.2,42,2026-05-29 19:25:38,20260529-185745,log/stroke_prediction_v2/8/infgain/minmax__mixup__noImbl/LogisticRegression,1780052279784_edb427c117800539386636986,0.9354207436399216,0.5949932795698925,0.5581687242798354,0.5706975560081466,0.9212657555289018,0.9354207436399216,0.9276771515458287,0.9354207436399216,0.9354207436399216,0.9354207436399216,0.8063672795269277
8,infgain,minmax,mixup,noImbl,LogisticRegression,first,0.3,0.1,42,2026-05-29 19:25:26,20260529-185745,log/stroke_prediction_v2/8/infgain/minmax__mixup__noImbl/LogisticRegression,1780052279784_edb427c117800539265154844,0.9412915851272016,0.6143636363636363,0.5517695473251027,0.5681203515889113,0.9225717843800036,0.9412915851272016,0.9302928540334412,0.9412915851272016,0.9412915851272016,0.9412915851272016,0.8101491117011077
8,infgain,minmax,mixup,noImbl,LogisticRegression,first,0.3,0.2,42,2026-05-29 19:25:42,20260529-185745,log/stroke_prediction_v2/8/infgain/minmax__mixup__noImbl/LogisticRegression,1780052279784_edb427c117800539425413819,0.943248532289628,0.6021371769383699,0.5338271604938272,0.5459447865919048,0.9198186614170166,0.943248532289628,0.9291184827564454,0.943248532289628,0.943248532289628,0.943248532289628,0.8041372032030251
8,infgain,minmax,mixup,noImbl,LogisticRegression,first,0.35,0.1,42,2026-05-29 19:25:30,20260529-185745,log/stroke_prediction_v2/8/infgain/minmax__mixup__noImbl/LogisticRegression,1780052279784_edb427c117800539305079354,0.9452054794520548,0.5762845849802372,0.5158847736625514,0.5192204301075269,0.9157507174183768,0.9452054794520548,0.9274930033878336,0.9452054794520548,0.9452054794520548,0.9452054794520548,0.7958812144112423
8,infgain,minmax,mixup,noImbl,LogisticRegression,first,0.35,0.2,42,2026-05-29 19:25:46,20260529-185745,log/stroke_prediction_v2/8/infgain/minmax__mixup__noImbl/LogisticRegression,1780052279784_edb427c117800539463266719,0.9500978473581212,0.676401179941003,0.5184567901234568,0.5235431235431236,0.9257572346431604,0.9500978473581212,0.9302478343574236,0.9500978473581212,0.9500978473581212,0.9500978473581212,0.8101693030990923
8,infgain,minmax,mixup,noImbl,LogisticRegression,first,0.5,0.1,42,2026-05-29 19:25:34,20260529-185745,log/stroke_prediction_v2/8/infgain/minmax__mixup__noImbl/LogisticRegression,1780052279784_edb427c117800539345264736,0.9530332681017613,0.976470588235294,0.52,0.5264133456904542,0.9552434672499136,0.9530332681017613,0.9319221791576966,0.9530332681017613,0.9530332681017613,0.9530332681017613,0.8451350415164477
8,infgain,minmax,mixup,noImbl,LogisticRegression,first,0.5,0.2,42,2026-05-29 19:25:50,20260529-185745,log/stroke_prediction_v2/8/infgain/minmax__mixup__noImbl/LogisticRegression,1780052279784_edb427c117800539501024794,0.952054794520548,0.976003917727718,0.51,0.5073148175476915,0.9543557887110408,0.952054794520548,0.9296116854869024,0.952054794520548,0.952054794520548,0.952054794520548,0.840396863907284
8,infgain,minmax,mixup,noImbl,LogisticRegression,last,0.25,0.1,42,2026-05-29 19:25:54,20260529-185745,log/stroke_prediction_v2/8/infgain/mixup__noImbl__minmax/LogisticRegression,1780052279784_edb427c117800539544605267,0.9334637964774952,0.5778225806451613,0.5476543209876543,0.5576883910386966,0.91867621993561,0.9334637964774952,0.9254855500775206,0.9334637964774952,0.9334637964774952,0.9334637964774952,0.800276921915273
8,infgain,minmax,mixup,noImbl,LogisticRegression,last,0.25,0.2,42,2026-05-29 19:26:09,20260529-185745,log/stroke_prediction_v2/8/infgain/mixup__noImbl__minmax/LogisticRegression,1780052279784_edb427c117800539696732461,0.9305283757338552,0.601563859675294,0.5840534979423868,0.5917129465516563,0.9242290552135848,0.930528375733855,0.927253038609645,0.9305283757338552,0.9305283757338552,0.9305283757338552,0.8110408893508636
8,infgain,minmax,mixup,noImbl,LogisticRegression,last,0.3,0.1,42,2026-05-29 19:25:58,20260529-185745,log/stroke_prediction_v2/8/infgain/mixup__noImbl__minmax/LogisticRegression,1780052279784_edb427c117800539582734904,0.9471624266144814,0.665631212723658,0.5548559670781893,0.5772589392407391,0.9278249290947076,0.9471624266144814,0.9340068632560012,0.9471624266144814,0.9471624266144814,0.9471624266144814,0.8203860519099588
8,infgain,minmax,mixup,noImbl,LogisticRegression,last,0.3,0.2,42,2026-05-29 19:26:13,20260529-185745,log/stroke_prediction_v2/8/infgain/mixup__noImbl__minmax/LogisticRegression,1780052279784_edb427c117800539733971950,0.9530332681017613,0.8106955380577427,0.5389711934156378,0.5593561368209254,0.9406315648900052,0.9530332681017613,0.93510180456516,0.9530332681017613,0.9530332681017613,0.9530332681017613,0.8344118280849556
8,infgain,minmax,mixup,noImbl,LogisticRegression,last,0.35,0.1,42,2026-05-29 19:26:02,20260529-185745,log/stroke_prediction_v2/8/infgain/mixup__noImbl__minmax/LogisticRegression,1780052279784_edb427c117800539622157863,0.9471624266144814,0.6438943894389438,0.5358847736625514,0.5508935256013802,0.92406786666925,0.9471624266144812,0.9314767826160464,0.9471624266144814,0.9471624266144814,0.9471624266144814,0.8116052198554807
8,infgain,minmax,mixup,noImbl,LogisticRegression,last,0.35,0.2,42,2026-05-29 19:26:17,20260529-185745,log/stroke_prediction_v2/8/infgain/mixup__noImbl__minmax/LogisticRegression,1780052279784_edb427c117800539772410534,0.9540117416829744,0.8773844641101278,0.539485596707819,0.560912290324055,0.9471970628474448,0.9540117416829746,0.9357185924470371,0.9540117416829744,0.9540117416829744,0.9540117416829744,0.8425060414553925
8,infgain,minmax,mixup,noImbl,LogisticRegression,last,0.5,0.1,42,2026-05-29 19:26:06,20260529-185745,log/stroke_prediction_v2/8/infgain/mixup__noImbl__minmax/LogisticRegression,1780052279784_edb427c117800539660700744,0.949119373776908,0.4754901960784314,0.4989711934156378,0.4869477911646586,0.9044549326579948,0.949119373776908,0.926249027420838,0.949119373776908,0.949119373776908,0.949119373776908,0.7795189045137939
8,infgain,minmax,mixup,noImbl,LogisticRegression,last,0.5,0.2,42,2026-05-29 19:26:21,20260529-185745,log/stroke_prediction_v2/8/infgain/mixup__noImbl__minmax/LogisticRegression,1780052279784_edb427c117800539810043697,0.9510763209393346,0.4755381604696673,0.5,0.4874623871614844,0.9045461682515002,0.9510763209393346,0.9272278675557002,0.9510763209393346,0.9510763209393346,0.9510763209393346,0.7806424994554282
8,infgain,minmax,mixup,noImbl,XGBmodel,first,0.25,0.1,42,2026-05-29 19:25:22,20260529-185745,log/stroke_prediction_v2/8/infgain/minmax__mixup__noImbl/XGBmodel,1780052279784_edb427c117800539220574266,0.9354207436399216,0.6037878787878788,0.5676543209876543,0.5807414037443127,0.9229585483010142,0.9354207436399216,0.9286290115993676,0.9354207436399216,0.9354207436399216,0.9354207436399216,0.8100139345651751
8,infgain,minmax,mixup,noImbl,XGBmodel,first,0.25,0.2,42,2026-05-29 19:25:38,20260529-185745,log/stroke_prediction_v2/8/infgain/minmax__mixup__noImbl/XGBmodel,1780052279784_edb427c117800539382001884,0.9422700587084148,0.6460636515912899,0.5807407407407408,0.6018856588251607,0.9281941344032624,0.942270058708415,0.9339855706689284,0.9422700587084148,0.9422700587084148,0.9422700587084148,0.8227885605810084
8,infgain,minmax,mixup,noImbl,XGBmodel,first,0.3,0.1,42,2026-05-29 19:25:26,20260529-185745,log/stroke_prediction_v2/8/infgain/minmax__mixup__noImbl/XGBmodel,1780052279784_edb427c117800539260701392,0.9452054794520548,0.6447543160690571,0.5538271604938272,0.574065253631817,0.9257035783805416,0.9452054794520548,0.932756331416156,0.9452054794520548,0.9452054794520548,0.9452054794520548,0.8165339350323603
8,infgain,minmax,mixup,noImbl,XGBmodel,first,0.3,0.2,42,2026-05-29 19:25:42,20260529-185745,log/stroke_prediction_v2/8/infgain/minmax__mixup__noImbl/XGBmodel,1780052279784_edb427c117800539421009186,0.9422700587084148,0.6208791208791209,0.5522839506172841,0.5695551922788633,0.9232489623879055,0.942270058708415,0.9309044108362204,0.9422700587084148,0.9422700587084148,0.9422700587084148,0.8116181673390593
8,infgain,minmax,mixup,noImbl,XGBmodel,first,0.35,0.1,42,2026-05-29 19:25:30,20260529-185745,log/stroke_prediction_v2/8/infgain/minmax__mixup__noImbl/XGBmodel,1780052279784_edb427c117800539300366417,0.9471624266144814,0.665631212723658,0.5548559670781893,0.5772589392407391,0.9278249290947076,0.9471624266144814,0.9340068632560012,0.9471624266144814,0.9471624266144814,0.9471624266144814,0.8203860519099588
8,infgain,minmax,mixup,noImbl,XGBmodel,first,0.35,0.2,42,2026-05-29 19:25:45,20260529-185745,log/stroke_prediction_v2/8/infgain/minmax__mixup__noImbl/XGBmodel,1780052279784_edb427c117800539458349717,0.9452054794520548,0.6447543160690571,0.5538271604938272,0.574065253631817,0.9257035783805416,0.9452054794520548,0.932756331416156,0.9452054794520548,0.9452054794520548,0.9452054794520548,0.8165339350323603
8,infgain,minmax,mixup,noImbl,XGBmodel,first,0.5,0.1,42,2026-05-29 19:25:34,20260529-185745,log/stroke_prediction_v2/8/infgain/minmax__mixup__noImbl/XGBmodel,1780052279784_edb427c117800539340839404,0.949119373776908,0.6430446194225722,0.5179423868312758,0.5226358148893361,0.9224514743876192,0.949119373776908,0.9296936216122568,0.949119373776908,0.949119373776908,0.949119373776908,0.8058410130501487
8,infgain,minmax,mixup,noImbl,XGBmodel,first,0.5,0.2,42,2026-05-29 19:25:49,20260529-185745,log/stroke_prediction_v2/8/infgain/minmax__mixup__noImbl/XGBmodel,1780052279784_edb427c117800539496420786,0.9500978473581212,0.4755142017629775,0.499485596707819,0.4872052182639237,0.9045005951342742,0.9500978473581214,0.9267386930577962,0.9500978473581212,0.9500978473581212,0.9500978473581212,0.7800807650020133
8,infgain,minmax,mixup,noImbl,XGBmodel,last,0.25,0.1,42,2026-05-29 19:25:54,20260529-185745,log/stroke_prediction_v2/8/infgain/mixup__noImbl__minmax/XGBmodel,1780052279784_edb427c117800539540264228,0.9373776908023485,0.5679090909090909,0.5307407407407408,0.5393283750281721,0.9162220245507916,0.9373776908023485,0.925645710969004,0.9373776908023485,0.9373776908023485,0.9373776908023485,0.7961843748405779
8,infgain,minmax,mixup,noImbl,XGBmodel,last,0.25,0.2,42,2026-05-29 19:26:09,20260529-185745,log/stroke_prediction_v2/8/infgain/mixup__noImbl__minmax/XGBmodel,1780052279784_edb427c117800539692542621,0.9422700587084148,0.6522728061950898,0.5902263374485596,0.6115695558347023,0.9296353236404068,0.9422700587084148,0.9349055724302092,0.9422700587084148,0.9422700587084148,0.9422700587084148,0.8260927394515081
8,infgain,minmax,mixup,noImbl,XGBmodel,last,0.3,0.1,42,2026-05-29 19:25:57,20260529-185745,log/stroke_prediction_v2/8/infgain/mixup__noImbl__minmax/XGBmodel,1780052279784_edb427c117800539578258570,0.9393346379647748,0.6217303822937625,0.5697119341563786,0.5867960455956387,0.9248681915366956,0.9393346379647748,0.9311186961934604,0.9393346379647748,0.9393346379647748,0.9393346379647748,0.8150521172529583
8,infgain,minmax,mixup,noImbl,XGBmodel,last,0.3,0.2,42,2026-05-29 19:26:12,20260529-185745,log/stroke_prediction_v2/8/infgain/mixup__noImbl__minmax/XGBmodel,1780052279784_edb427c117800539729474785,0.9481409001956947,0.6895891273547777,0.5743415637860082,0.6025243074665199,0.9318500364597834,0.9481409001956946,0.9368983877354592,0.9481409001956947,0.9481409001956947,0.9481409001956947,0.8297478371186314
8,infgain,minmax,mixup,noImbl,XGBmodel,last,0.35,0.1,42,2026-05-29 19:26:01,20260529-185745,log/stroke_prediction_v2/8/infgain/mixup__noImbl__minmax/XGBmodel,1780052279784_edb427c117800539617806944,0.949119373776908,0.6772727272727272,0.5369135802469136,0.5535618279569893,0.927415050702722,0.949119373776908,0.9326720745744168,0.949119373776908,0.949119373776908,0.949119373776908,0.8167429707127102
8,infgain,minmax,mixup,noImbl,XGBmodel,last,0.35,0.2,42,2026-05-29 19:26:16,20260529-185745,log/stroke_prediction_v2/8/infgain/mixup__noImbl__minmax/XGBmodel,1780052279784_edb427c117800539767959673,0.949119373776908,0.6860561056105611,0.5463991769547325,0.5675270987272549,0.9290864996480078,0.949119373776908,0.9340146795561926,0.949119373776908,0.949119373776908,0.949119373776908,0.8210331944746102
8,infgain,minmax,mixup,noImbl,XGBmodel,last,0.5,0.1,42,2026-05-29 19:26:05,20260529-185745,log/stroke_prediction_v2/8/infgain/mixup__noImbl__minmax/XGBmodel,1780052279784_edb427c117800539656357499,0.9510763209393346,0.7264243614931238,0.5189711934156378,0.5244742229666852,0.9306936973998362,0.9510763209393344,0.9308039071927005,0.9510763209393346,0.9510763209393346,0.9510763209393346,0.8163311731305013
8,infgain,minmax,mixup,noImbl,XGBmodel,last,0.5,0.2,42,2026-05-29 19:26:20,20260529-185745,log/stroke_prediction_v2/8/infgain/mixup__noImbl__minmax/XGBmodel,1780052279784_edb427c117800539805511284,0.9481409001956947,0.5759095378564405,0.5079423868312758,0.5048585401526577,0.915037320541018,0.9481409001956947,0.9275124553126164,0.9481409001956947,0.9481409001956947,0.9481409001956947,0.7940009339209423
8,infgain,minmax,mixup,noImbl,random_forest,first,0.25,0.1,42,2026-05-29 19:25:21,20260529-185745,log/stroke_prediction_v2/8/infgain/minmax__mixup__noImbl/random_forest,1780052279784_edb427c117800539218143330,0.9178082191780822,0.5941532258064516,0.6153086419753087,0.6032608695652174,0.926458241272647,0.917808219178082,0.9219560963158344,0.9178082191780822,0.9178082191780822,0.9178082191780822,0.8094978434588312
8,infgain,minmax,mixup,noImbl,random_forest,first,0.25,0.2,42,2026-05-29 19:25:37,20260529-185745,log/stroke_prediction_v2/8/infgain/minmax__mixup__noImbl/random_forest,1780052279784_edb427c117800539379396494,0.9129158512720156,0.5806687565308254,0.6032510288065844,0.5899745306196047,0.9240900809157776,0.9129158512720156,0.918256666938814,0.9129158512720156,0.9129158512720156,0.9129158512720156,0.8022020067678877
8,infgain,minmax,mixup,noImbl,random_forest,first,0.3,0.1,42,2026-05-29 19:25:25,20260529-185745,log/stroke_prediction_v2/8/infgain/minmax__mixup__noImbl/random_forest,1780052279784_edb427c117800539258288708,0.9315068493150684,0.604633401221996,0.5845679012345679,0.5931991356761059,0.9245668610328376,0.9315068493150684,0.9278769382245216,0.9315068493150684,0.9315068493150684,0.9315068493150684,0.8121409671600616
8,infgain,minmax,mixup,noImbl,random_forest,first,0.3,0.2,42,2026-05-29 19:25:41,20260529-185745,log/stroke_prediction_v2/8/infgain/minmax__mixup__noImbl/random_forest,1780052279784_edb427c117800539418647973,0.9275929549902152,0.5862244897959183,0.5730246913580246,0.5788711689237349,0.9217700387395662,0.9275929549902152,0.9245931976907188,0.9275929549902152,0.9275929549902152,0.9275929549902152,0.804658758977605
8,infgain,minmax,mixup,noImbl,random_forest,first,0.35,0.1,42,2026-05-29 19:25:29,20260529-185745,log/stroke_prediction_v2/8/infgain/minmax__mixup__noImbl/random_forest,1780052279784_edb427c117800539297951499,0.9334637964774952,0.5778225806451613,0.5476543209876543,0.5576883910386966,0.91867621993561,0.9334637964774952,0.9254855500775206,0.9334637964774952,0.9334637964774952,0.9334637964774952,0.800276921915273
8,infgain,minmax,mixup,noImbl,random_forest,first,0.35,0.2,42,2026-05-29 19:25:45,20260529-185745,log/stroke_prediction_v2/8/infgain/minmax__mixup__noImbl/random_forest,1780052279784_edb427c117800539455902339,0.9305283757338552,0.5945300884263244,0.5745679012345679,0.5829650277306819,0.922697907173722,0.9305283757338552,0.926430629937462,0.9305283757338552,0.9305283757338552,0.9305283757338552,0.8078002886272249
8,infgain,minmax,mixup,noImbl,random_forest,first,0.5,0.1,42,2026-05-29 19:25:33,20260529-185745,log/stroke_prediction_v2/8/infgain/minmax__mixup__noImbl/random_forest,1780052279784_edb427c117800539338464167,0.9471624266144814,0.665631212723658,0.5548559670781893,0.5772589392407391,0.9278249290947076,0.9471624266144814,0.9340068632560012,0.9471624266144814,0.9471624266144814,0.9471624266144814,0.8203860519099588
8,infgain,minmax,mixup,noImbl,random_forest,first,0.5,0.2,42,2026-05-29 19:25:49,20260529-185745,log/stroke_prediction_v2/8/infgain/minmax__mixup__noImbl/random_forest,1780052279784_edb427c117800539494035784,0.9471624266144814,0.6267786561264822,0.5263991769547325,0.536391129032258,0.9215828840605492,0.9471624266144814,0.9300825389811248,0.9471624266144814,0.9471624266144814,0.9471624266144814,0.8063120925619761
8,infgain,minmax,mixup,noImbl,random_forest,last,0.25,0.1,42,2026-05-29 19:25:53,20260529-185745,log/stroke_prediction_v2/8/infgain/mixup__noImbl__minmax/random_forest,1780052279784_edb427c117800539537850841,0.9099804305283756,0.5598118279569892,0.5732510288065844,0.5654761904761905,0.9193390568777224,0.9099804305283756,0.914523343584009,0.9099804305283756,0.9099804305283756,0.9099804305283756,0.7912322936845096
8,infgain,minmax,mixup,noImbl,random_forest,last,0.25,0.2,42,2026-05-29 19:26:08,20260529-185745,log/stroke_prediction_v2/8/infgain/mixup__noImbl__minmax/random_forest,1780052279784_edb427c117800539689993400,0.910958904109589,0.5959098908834917,0.640164609053498,0.6122897342365816,0.9290236411064984,0.9109589041095892,0.919283016982304,0.910958904109589,0.910958904109589,0.910958904109589,0.8106292884310171
8,infgain,minmax,mixup,noImbl,random_forest,last,0.3,0.1,42,2026-05-29 19:25:57,20260529-185745,log/stroke_prediction_v2/8/infgain/mixup__noImbl__minmax/random_forest,1780052279784_edb427c117800539575892148,0.9275929549902152,0.5786150712830957,0.5635390946502058,0.5699533720004548,0.9201836580962212,0.9275929549902152,0.92375562040878,0.9275929549902152,0.9275929549902152,0.9275929549902152,0.8013273132604234
8,infgain,minmax,mixup,noImbl,random_forest,last,0.3,0.2,42,2026-05-29 19:26:12,20260529-185745,log/stroke_prediction_v2/8/infgain/mixup__noImbl__minmax/random_forest,1780052279784_edb427c117800539726403417,0.9305283757338552,0.6193235133660665,0.6125102880658436,0.6157874393065725,0.9285162753306152,0.9305283757338552,0.9295075943184152,0.9305283757338552,0.9305283757338552,0.9305283757338552,0.8200406130135425
8,infgain,minmax,mixup,noImbl,random_forest,last,0.35,0.1,42,2026-05-29 19:26:01,20260529-185745,log/stroke_prediction_v2/8/infgain/mixup__noImbl__minmax/random_forest,1780052279784_edb427c117800539615411851,0.9412915851272016,0.6327618164967563,0.5707407407407408,0.5900192554557124,0.9260241326588908,0.9412915851272016,0.9323798135499122,0.9412915851272016,0.9412915851272016,0.9412915851272016,0.817829163391363
8,infgain,minmax,mixup,noImbl,random_forest,last,0.35,0.2,42,2026-05-29 19:26:16,20260529-185745,log/stroke_prediction_v2/8/infgain/mixup__noImbl__minmax/random_forest,1780052279784_edb427c117800539765599186,0.9344422700587084,0.591207968490609,0.5576543209876543,0.5693540373452073,0.9208559122883044,0.9344422700587084,0.9270706691856408,0.9344422700587084,0.9344422700587084,0.9344422700587084,0.8052124341797672
8,infgain,minmax,mixup,noImbl,random_forest,last,0.5,0.1,42,2026-05-29 19:26:05,20260529-185745,log/stroke_prediction_v2/8/infgain/mixup__noImbl__minmax/random_forest,1780052279784_edb427c117800539653716736,0.9510763209393346,0.7273175542406312,0.5379423868312758,0.5563774004236552,0.9323926863442143,0.9510763209393348,0.9338798949417636,0.9510763209393346,0.9510763209393346,0.9510763209393346,0.8237343854221587
8,infgain,minmax,mixup,noImbl,random_forest,last,0.5,0.2,42,2026-05-29 19:26:20,20260529-185745,log/stroke_prediction_v2/8/infgain/mixup__noImbl__minmax/random_forest,1780052279784_edb427c117800539803107912,0.9510763209393346,0.7268700787401574,0.5284567901234568,0.5409959758551308,0.9315415196388122,0.9510763209393346,0.9323977130887084,0.9510763209393346,0.9510763209393346,0.9510763209393346,0.8201264205675524
8,infgain,minmax,mixup,noImbl,sklearn_SVM,first,0.25,0.1,42,2026-05-29 19:25:21,20260529-185745,log/stroke_prediction_v2/8/infgain/minmax__mixup__noImbl/sklearn_SVM,1780052279784_edb427c117800539210273024,0.943248532289628,0.5595709570957095,0.5148559670781893,0.5176263793496305,0.9140306007117346,0.943248532289628,0.9264009887357532,0.943248532289628,0.943248532289628,0.943248532289628,0.792749270617222
8,infgain,minmax,mixup,noImbl,sklearn_SVM,first,0.25,0.2,42,2026-05-29 19:25:37,20260529-185745,log/stroke_prediction_v2/8/infgain/minmax__mixup__noImbl/sklearn_SVM,1780052279784_edb427c117800539371014761,0.9500978473581212,0.6426234870788354,0.5089711934156378,0.5060602901737061,0.9216504163874,0.9500978473581212,0.9285604219838514,0.9500978473581212,0.9500978473581212,0.9500978473581212,0.8025567554550692
8,infgain,minmax,mixup,noImbl,sklearn_SVM,first,0.3,0.1,42,2026-05-29 19:25:25,20260529-185745,log/stroke_prediction_v2/8/infgain/minmax__mixup__noImbl/sklearn_SVM,1780052279784_edb427c117800539250244996,0.949119373776908,0.6430446194225722,0.5179423868312758,0.5226358148893361,0.9224514743876192,0.949119373776908,0.9296936216122568,0.949119373776908,0.949119373776908,0.949119373776908,0.8058410130501487
8,infgain,minmax,mixup,noImbl,sklearn_SVM,first,0.3,0.2,42,2026-05-29 19:25:41,20260529-185745,log/stroke_prediction_v2/8/infgain/minmax__mixup__noImbl/sklearn_SVM,1780052279784_edb427c117800539411003837,0.949119373776908,0.6009332023575638,0.5084567901234568,0.5054531918853528,0.9175285179873816,0.949119373776908,0.9280360634804086,0.949119373776908,0.949119373776908,0.949119373776908,0.7973629888624674
8,infgain,minmax,mixup,noImbl,sklearn_SVM,first,0.35,0.1,42,2026-05-29 19:25:28,20260529-185745,log/stroke_prediction_v2/8/infgain/minmax__mixup__noImbl/sklearn_SVM,1780052279784_edb427c117800539289875358,0.9471624266144814,0.475442043222004,0.4979423868312758,0.4864321608040201,0.9043633385749272,0.9471624266144816,0.9252682197681164,0.9471624266144814,0.9471624266144814,0.9471624266144814,0.7783948045944336
8,infgain,minmax,mixup,noImbl,sklearn_SVM,first,0.35,0.2,42,2026-05-29 19:25:44,20260529-185745,log/stroke_prediction_v2/8/infgain/minmax__mixup__noImbl/sklearn_SVM,1780052279784_edb427c117800539448182928,0.9500978473581212,0.6426234870788354,0.5089711934156378,0.5060602901737061,0.9216504163874,0.9500978473581212,0.9285604219838514,0.9500978473581212,0.9500978473581212,0.9500978473581212,0.8025567554550692
8,infgain,minmax,mixup,noImbl,sklearn_SVM,first,0.5,0.1,42,2026-05-29 19:25:33,20260529-185745,log/stroke_prediction_v2/8/infgain/minmax__mixup__noImbl/sklearn_SVM,1780052279784_edb427c117800539330471673,0.9471624266144814,0.475442043222004,0.4979423868312758,0.4864321608040201,0.9043633385749272,0.9471624266144816,0.9252682197681164,0.9471624266144814,0.9471624266144814,0.9471624266144814,0.7783948045944336
8,infgain,minmax,mixup,noImbl,sklearn_SVM,first,0.5,0.2,42,2026-05-29 19:25:48,20260529-185745,log/stroke_prediction_v2/8/infgain/minmax__mixup__noImbl/sklearn_SVM,1780052279784_edb427c117800539486503488,0.9500978473581212,0.4755142017629775,0.499485596707819,0.4872052182639237,0.9045005951342742,0.9500978473581214,0.9267386930577962,0.9500978473581212,0.9500978473581212,0.9500978473581212,0.7800807650020133
8,infgain,minmax,mixup,noImbl,sklearn_SVM,last,0.25,0.1,42,2026-05-29 19:25:53,20260529-185745,log/stroke_prediction_v2/8/infgain/mixup__noImbl__minmax/sklearn_SVM,1780052279784_edb427c117800539530642926,0.9510763209393346,0.4755381604696673,0.5,0.4874623871614844,0.9045461682515002,0.9510763209393346,0.9272278675557002,0.9510763209393346,0.9510763209393346,0.9510763209393346,0.7806424994554282
8,infgain,minmax,mixup,noImbl,sklearn_SVM,last,0.25,0.2,42,2026-05-29 19:26:08,20260529-185745,log/stroke_prediction_v2/8/infgain/mixup__noImbl__minmax/sklearn_SVM,1780052279784_edb427c117800539683267860,0.9500978473581212,0.6426234870788354,0.5089711934156378,0.5060602901737061,0.9216504163874,0.9500978473581212,0.9285604219838514,0.9500978473581212,0.9500978473581212,0.9500978473581212,0.8025567554550692
8,infgain,minmax,mixup,noImbl,sklearn_SVM,last,0.3,0.1,42,2026-05-29 19:25:56,20260529-185745,log/stroke_prediction_v2/8/infgain/mixup__noImbl__minmax/sklearn_SVM,1780052279784_edb427c117800539568156012,0.9471624266144814,0.6013313609467457,0.5169135802469136,0.5208875924575477,0.9182858763996804,0.9471624266144816,0.9285902865371046,0.9471624266144814,0.9471624266144814,0.9471624266144814,0.7999397342543241
8,infgain,minmax,mixup,noImbl,sklearn_SVM,last,0.3,0.2,42,2026-05-29 19:26:11,20260529-185745,log/stroke_prediction_v2/8/infgain/mixup__noImbl__minmax/sklearn_SVM,1780052279784_edb427c117800539718987831,0.9500978473581212,0.6426234870788354,0.5089711934156378,0.5060602901737061,0.9216504163874,0.9500978473581212,0.9285604219838514,0.9500978473581212,0.9500978473581212,0.9500978473581212,0.8025567554550692
8,infgain,minmax,mixup,noImbl,sklearn_SVM,last,0.35,0.1,42,2026-05-29 19:26:00,20260529-185745,log/stroke_prediction_v2/8/infgain/mixup__noImbl__minmax/sklearn_SVM,1780052279784_edb427c117800539607837701,0.9471624266144814,0.475442043222004,0.4979423868312758,0.4864321608040201,0.9043633385749272,0.9471624266144816,0.9252682197681164,0.9471624266144814,0.9471624266144814,0.9471624266144814,0.7783948045944336
8,infgain,minmax,mixup,noImbl,sklearn_SVM,last,0.35,0.2,42,2026-05-29 19:26:15,20260529-185745,log/stroke_prediction_v2/8/infgain/mixup__noImbl__minmax/sklearn_SVM,1780052279784_edb427c117800539758392953,0.949119373776908,0.4754901960784314,0.4989711934156378,0.4869477911646586,0.9044549326579948,0.949119373776908,0.926249027420838,0.949119373776908,0.949119373776908,0.949119373776908,0.7795189045137939
8,infgain,minmax,mixup,noImbl,sklearn_SVM,last,0.5,0.1,42,2026-05-29 19:26:04,20260529-185745,log/stroke_prediction_v2/8/infgain/mixup__noImbl__minmax/sklearn_SVM,1780052279784_edb427c117800539645484795,0.9510763209393346,0.4755381604696673,0.5,0.4874623871614844,0.9045461682515002,0.9510763209393346,0.9272278675557002,0.9510763209393346,0.9510763209393346,0.9510763209393346,0.7806424994554282
8,infgain,minmax,mixup,noImbl,sklearn_SVM,last,0.5,0.2,42,2026-05-29 19:26:19,20260529-185745,log/stroke_prediction_v2/8/infgain/mixup__noImbl__minmax/sklearn_SVM,1780052279784_edb427c117800539795536094,0.9510763209393346,0.4755381604696673,0.5,0.4874623871614844,0.9045461682515002,0.9510763209393346,0.9272278675557002,0.9510763209393346,0.9510763209393346,0.9510763209393346,0.7806424994554282
8,infgain,minmax,noAug,noImbl,DTmodel,first,0.25,0.1,42,2026-05-29 19:26:24,20260529-185745,log/stroke_prediction_v2/8/infgain/minmax__noAug__noImbl/DTmodel,1780052279784_edb427c117800539844283225,0.913894324853229,0.552379859198041,0.5563374485596708,0.5542426645519429,0.9170585652528368,0.913894324853229,0.9154614344841714,0.913894324853229,0.913894324853229,0.913894324853229,0.7885909320977633
8,infgain,minmax,noAug,noImbl,DTmodel,first,0.25,0.2,42,2026-05-29 19:26:35,20260529-185745,log/stroke_prediction_v2/8/infgain/minmax__noAug__noImbl/DTmodel,1780052279784_edb427c117800539950539559,0.9050880626223092,0.559248445032468,0.580164609053498,0.5672421695951108,0.91995447152323,0.9050880626223092,0.9121966694523388,0.9050880626223092,0.9050880626223092,0.9050880626223092,0.7898878034669606
8,infgain,minmax,noAug,noImbl,DTmodel,first,0.3,0.1,42,2026-05-29 19:26:27,20260529-185745,log/stroke_prediction_v2/8/infgain/minmax__noAug__noImbl/DTmodel,1780052279784_edb427c117800539870589118,0.913894324853229,0.552379859198041,0.5563374485596708,0.5542426645519429,0.9170585652528368,0.913894324853229,0.9154614344841714,0.913894324853229,0.913894324853229,0.913894324853229,0.7885909320977633
8,infgain,minmax,noAug,noImbl,DTmodel,first,0.3,0.2,42,2026-05-29 19:26:37,20260529-185745,log/stroke_prediction_v2/8/infgain/minmax__noAug__noImbl/DTmodel,1780052279784_edb427c117800539976627459,0.9050880626223092,0.559248445032468,0.580164609053498,0.5672421695951108,0.91995447152323,0.9050880626223092,0.9121966694523388,0.9050880626223092,0.9050880626223092,0.9050880626223092,0.7898878034669606
8,infgain,minmax,noAug,noImbl,DTmodel,first,0.35,0.1,42,2026-05-29 19:26:29,20260529-185745,log/stroke_prediction_v2/8/infgain/minmax__noAug__noImbl/DTmodel,1780052279784_edb427c117800539898912978,0.913894324853229,0.552379859198041,0.5563374485596708,0.5542426645519429,0.9170585652528368,0.913894324853229,0.9154614344841714,0.913894324853229,0.913894324853229,0.913894324853229,0.7885909320977633
8,infgain,minmax,noAug,noImbl,DTmodel,first,0.35,0.2,42,2026-05-29 19:26:40,20260529-185745,log/stroke_prediction_v2/8/infgain/minmax__noAug__noImbl/DTmodel,1780052279784_edb427c117800540002796941,0.9050880626223092,0.559248445032468,0.580164609053498,0.5672421695951108,0.91995447152323,0.9050880626223092,0.9121966694523388,0.9050880626223092,0.9050880626223092,0.9050880626223092,0.7898878034669606
8,infgain,minmax,noAug,noImbl,DTmodel,first,0.5,0.1,42,2026-05-29 19:26:32,20260529-185745,log/stroke_prediction_v2/8/infgain/minmax__noAug__noImbl/DTmodel,1780052279784_edb427c117800539925266627,0.913894324853229,0.552379859198041,0.5563374485596708,0.5542426645519429,0.9170585652528368,0.913894324853229,0.9154614344841714,0.913894324853229,0.913894324853229,0.913894324853229,0.7885909320977633
8,infgain,minmax,noAug,noImbl,DTmodel,first,0.5,0.2,42,2026-05-29 19:26:42,20260529-185745,log/stroke_prediction_v2/8/infgain/minmax__noAug__noImbl/DTmodel,1780052279784_edb427c117800540028614742,0.9050880626223092,0.559248445032468,0.580164609053498,0.5672421695951108,0.91995447152323,0.9050880626223092,0.9121966694523388,0.9050880626223092,0.9050880626223092,0.9050880626223092,0.7898878034669606
8,infgain,minmax,noAug,noImbl,DTmodel,last,0.25,0.1,42,2026-05-29 19:26:46,20260529-185745,log/stroke_prediction_v2/8/infgain/noAug__noImbl__minmax/DTmodel,1780052279784_edb427c117800540062945596,0.913894324853229,0.552379859198041,0.5563374485596708,0.5542426645519429,0.9170585652528368,0.913894324853229,0.9154614344841714,0.913894324853229,0.913894324853229,0.913894324853229,0.7885909320977633
8,infgain,minmax,noAug,noImbl,DTmodel,last,0.25,0.2,42,2026-05-29 19:26:56,20260529-185745,log/stroke_prediction_v2/8/infgain/noAug__noImbl__minmax/DTmodel,1780052279784_edb427c117800540166638543,0.9050880626223092,0.559248445032468,0.580164609053498,0.5672421695951108,0.91995447152323,0.9050880626223092,0.9121966694523388,0.9050880626223092,0.9050880626223092,0.9050880626223092,0.7898878034669606
8,infgain,minmax,noAug,noImbl,DTmodel,last,0.3,0.1,42,2026-05-29 19:26:48,20260529-185745,log/stroke_prediction_v2/8/infgain/noAug__noImbl__minmax/DTmodel,1780052279784_edb427c117800540089131770,0.913894324853229,0.552379859198041,0.5563374485596708,0.5542426645519429,0.9170585652528368,0.913894324853229,0.9154614344841714,0.913894324853229,0.913894324853229,0.913894324853229,0.7885909320977633
8,infgain,minmax,noAug,noImbl,DTmodel,last,0.3,0.2,42,2026-05-29 19:26:59,20260529-185745,log/stroke_prediction_v2/8/infgain/noAug__noImbl__minmax/DTmodel,1780052279784_edb427c117800540192196975,0.9050880626223092,0.559248445032468,0.580164609053498,0.5672421695951108,0.91995447152323,0.9050880626223092,0.9121966694523388,0.9050880626223092,0.9050880626223092,0.9050880626223092,0.7898878034669606
8,infgain,minmax,noAug,noImbl,DTmodel,last,0.35,0.1,42,2026-05-29 19:26:51,20260529-185745,log/stroke_prediction_v2/8/infgain/noAug__noImbl__minmax/DTmodel,1780052279784_edb427c117800540115625772,0.913894324853229,0.552379859198041,0.5563374485596708,0.5542426645519429,0.9170585652528368,0.913894324853229,0.9154614344841714,0.913894324853229,0.913894324853229,0.913894324853229,0.7885909320977633
8,infgain,minmax,noAug,noImbl,DTmodel,last,0.35,0.2,42,2026-05-29 19:27:01,20260529-185745,log/stroke_prediction_v2/8/infgain/noAug__noImbl__minmax/DTmodel,1780052279784_edb427c117800540218749566,0.9050880626223092,0.559248445032468,0.580164609053498,0.5672421695951108,0.91995447152323,0.9050880626223092,0.9121966694523388,0.9050880626223092,0.9050880626223092,0.9050880626223092,0.7898878034669606
8,infgain,minmax,noAug,noImbl,DTmodel,last,0.5,0.1,42,2026-05-29 19:26:54,20260529-185745,log/stroke_prediction_v2/8/infgain/noAug__noImbl__minmax/DTmodel,1780052279784_edb427c117800540140747228,0.913894324853229,0.552379859198041,0.5563374485596708,0.5542426645519429,0.9170585652528368,0.913894324853229,0.9154614344841714,0.913894324853229,0.913894324853229,0.913894324853229,0.7885909320977633
8,infgain,minmax,noAug,noImbl,DTmodel,last,0.5,0.2,42,2026-05-29 19:27:04,20260529-185745,log/stroke_prediction_v2/8/infgain/noAug__noImbl__minmax/DTmodel,1780052279784_edb427c117800540242979042,0.9050880626223092,0.559248445032468,0.580164609053498,0.5672421695951108,0.91995447152323,0.9050880626223092,0.9121966694523388,0.9050880626223092,0.9050880626223092,0.9050880626223092,0.7898878034669606
8,infgain,minmax,noAug,noImbl,GradientBoosting,first,0.25,0.1,42,2026-05-29 19:26:25,20260529-185745,log/stroke_prediction_v2/8/infgain/minmax__noAug__noImbl/GradientBoosting,1780052279784_edb427c117800539853104196,0.9354207436399216,0.6037878787878788,0.5676543209876543,0.5807414037443127,0.9229585483010142,0.9354207436399216,0.9286290115993676,0.9354207436399216,0.9354207436399216,0.9354207436399216,0.8100139345651751
8,infgain,minmax,noAug,noImbl,GradientBoosting,first,0.25,0.2,42,2026-05-29 19:26:35,20260529-185745,log/stroke_prediction_v2/8/infgain/minmax__noAug__noImbl/GradientBoosting,1780052279784_edb427c117800539959490986,0.9363992172211352,0.6225937183383992,0.5871399176954732,0.6010569618352701,0.9265103884748302,0.936399217221135,0.931030878020721,0.9363992172211352,0.9363992172211352,0.9363992172211352,0.8179972653177228
8,infgain,minmax,noAug,noImbl,GradientBoosting,first,0.3,0.1,42,2026-05-29 19:26:28,20260529-185745,log/stroke_prediction_v2/8/infgain/minmax__noAug__noImbl/GradientBoosting,1780052279784_edb427c117800539880998753,0.9393346379647748,0.6217303822937625,0.5697119341563786,0.5867960455956387,0.9248681915366956,0.9393346379647748,0.9311186961934604,0.9393346379647748,0.9393346379647748,0.9393346379647748,0.8150521172529583
8,infgain,minmax,noAug,noImbl,GradientBoosting,first,0.3,0.2,42,2026-05-29 19:26:38,20260529-185745,log/stroke_prediction_v2/8/infgain/minmax__noAug__noImbl/GradientBoosting,1780052279784_edb427c117800539985771872,0.9422700587084148,0.6460636515912899,0.5807407407407408,0.6018856588251607,0.9281941344032624,0.942270058708415,0.9339855706689284,0.9422700587084148,0.9422700587084148,0.9422700587084148,0.8227885605810084
8,infgain,minmax,noAug,noImbl,GradientBoosting,first,0.35,0.1,42,2026-05-29 19:26:30,20260529-185745,log/stroke_prediction_v2/8/infgain/minmax__noAug__noImbl/GradientBoosting,1780052279784_edb427c117800539908452848,0.9393346379647748,0.6029559118236472,0.5507407407407408,0.565345040471944,0.9213760201420452,0.939334637964775,0.9290775392993598,0.9393346379647748,0.9393346379647748,0.9393346379647748,0.8074045094222487
8,infgain,minmax,noAug,noImbl,GradientBoosting,first,0.35,0.2,42,2026-05-29 19:26:41,20260529-185745,log/stroke_prediction_v2/8/infgain/minmax__noAug__noImbl/GradientBoosting,1780052279784_edb427c117800540011656835,0.9412915851272016,0.5703901590457257,0.523312757201646,0.5302877102674879,0.9158155275781708,0.9412915851272016,0.926674292506668,0.9412915851272016,0.9412915851272016,0.9412915851272016,0.7960127788495581
8,infgain,minmax,noAug,noImbl,GradientBoosting,first,0.5,0.1,42,2026-05-29 19:26:33,20260529-185745,log/stroke_prediction_v2/8/infgain/minmax__noAug__noImbl/GradientBoosting,1780052279784_edb427c117800539934182248,0.949119373776908,0.6430446194225722,0.5179423868312758,0.5226358148893361,0.9224514743876192,0.949119373776908,0.9296936216122568,0.949119373776908,0.949119373776908,0.949119373776908,0.8058410130501487
8,infgain,minmax,noAug,noImbl,GradientBoosting,first,0.5,0.2,42,2026-05-29 19:26:43,20260529-185745,log/stroke_prediction_v2/8/infgain/minmax__noAug__noImbl/GradientBoosting,1780052279784_edb427c117800540037224484,0.9471624266144814,0.5592191601049868,0.5074279835390947,0.5042756539235412,0.9133614291364266,0.9471624266144814,0.9269895301358052,0.9471624266144814,0.9471624266144814,0.9471624266144814,0.7915556055327451
8,infgain,minmax,noAug,noImbl,GradientBoosting,last,0.25,0.1,42,2026-05-29 19:26:47,20260529-185745,log/stroke_prediction_v2/8/infgain/noAug__noImbl__minmax/GradientBoosting,1780052279784_edb427c117800540071726059,0.9354207436399216,0.6037878787878788,0.5676543209876543,0.5807414037443127,0.9229585483010142,0.9354207436399216,0.9286290115993676,0.9354207436399216,0.9354207436399216,0.9354207436399216,0.8100139345651751
8,infgain,minmax,noAug,noImbl,GradientBoosting,last,0.25,0.2,42,2026-05-29 19:26:57,20260529-185745,log/stroke_prediction_v2/8/infgain/noAug__noImbl__minmax/GradientBoosting,1780052279784_edb427c117800540175694580,0.9363992172211352,0.6225937183383992,0.5871399176954732,0.6010569618352701,0.9265103884748302,0.936399217221135,0.931030878020721,0.9363992172211352,0.9363992172211352,0.9363992172211352,0.8179972653177228
8,infgain,minmax,noAug,noImbl,GradientBoosting,last,0.3,0.1,42,2026-05-29 19:26:49,20260529-185745,log/stroke_prediction_v2/8/infgain/noAug__noImbl__minmax/GradientBoosting,1780052279784_edb427c117800540098677889,0.9393346379647748,0.6217303822937625,0.5697119341563786,0.5867960455956387,0.9248681915366956,0.9393346379647748,0.9311186961934604,0.9393346379647748,0.9393346379647748,0.9393346379647748,0.8150521172529583
8,infgain,minmax,noAug,noImbl,GradientBoosting,last,0.3,0.2,42,2026-05-29 19:27:00,20260529-185745,log/stroke_prediction_v2/8/infgain/noAug__noImbl__minmax/GradientBoosting,1780052279784_edb427c117800540202104073,0.9422700587084148,0.6460636515912899,0.5807407407407408,0.6018856588251607,0.9281941344032624,0.942270058708415,0.9339855706689284,0.9422700587084148,0.9422700587084148,0.9422700587084148,0.8227885605810084
8,infgain,minmax,noAug,noImbl,GradientBoosting,last,0.35,0.1,42,2026-05-29 19:26:52,20260529-185745,log/stroke_prediction_v2/8/infgain/noAug__noImbl__minmax/GradientBoosting,1780052279784_edb427c117800540124273599,0.9393346379647748,0.6029559118236472,0.5507407407407408,0.565345040471944,0.9213760201420452,0.939334637964775,0.9290775392993598,0.9393346379647748,0.9393346379647748,0.9393346379647748,0.8074045094222487
8,infgain,minmax,noAug,noImbl,GradientBoosting,last,0.35,0.2,42,2026-05-29 19:27:02,20260529-185745,log/stroke_prediction_v2/8/infgain/noAug__noImbl__minmax/GradientBoosting,1780052279784_edb427c117800540227332929,0.9412915851272016,0.5703901590457257,0.523312757201646,0.5302877102674879,0.9158155275781708,0.9412915851272016,0.926674292506668,0.9412915851272016,0.9412915851272016,0.9412915851272016,0.7960127788495581
8,infgain,minmax,noAug,noImbl,GradientBoosting,last,0.5,0.1,42,2026-05-29 19:26:54,20260529-185745,log/stroke_prediction_v2/8/infgain/noAug__noImbl__minmax/GradientBoosting,1780052279784_edb427c117800540149751126,0.949119373776908,0.6430446194225722,0.5179423868312758,0.5226358148893361,0.9224514743876192,0.949119373776908,0.9296936216122568,0.949119373776908,0.949119373776908,0.949119373776908,0.8058410130501487
8,infgain,minmax,noAug,noImbl,GradientBoosting,last,0.5,0.2,42,2026-05-29 19:27:05,20260529-185745,log/stroke_prediction_v2/8/infgain/noAug__noImbl__minmax/GradientBoosting,1780052279784_edb427c117800540251617634,0.9471624266144814,0.5592191601049868,0.5074279835390947,0.5042756539235412,0.9133614291364266,0.9471624266144814,0.9269895301358052,0.9471624266144814,0.9471624266144814,0.9471624266144814,0.7915556055327451
8,infgain,minmax,noAug,noImbl,LogisticRegression,first,0.25,0.1,42,2026-05-29 19:26:24,20260529-185745,log/stroke_prediction_v2/8/infgain/minmax__noAug__noImbl/LogisticRegression,1780052279784_edb427c117800539846394346,0.9373776908023485,0.5932962619709607,0.5497119341563785,0.5626872058194266,0.9203509809220324,0.9373776908023485,0.9278718011199064,0.9373776908023485,0.9373776908023485,0.9373776908023485,0.8048708450667762
8,infgain,minmax,noAug,noImbl,LogisticRegression,first,0.25,0.2,42,2026-05-29 19:26:35,20260529-185745,log/stroke_prediction_v2/8/infgain/minmax__noAug__noImbl/LogisticRegression,1780052279784_edb427c117800539953010617,0.9422700587084148,0.609146245474104,0.5427983539094651,0.5575270592551825,0.9212805501509684,0.9422700587084148,0.92975480898853,0.9422700587084148,0.9422700587084148,0.9422700587084148,0.8073228186733764
8,infgain,minmax,noAug,noImbl,LogisticRegression,first,0.3,0.1,42,2026-05-29 19:26:27,20260529-185745,log/stroke_prediction_v2/8/infgain/minmax__noAug__noImbl/LogisticRegression,1780052279784_edb427c117800539872690313,0.949119373776908,0.6772727272727272,0.5369135802469136,0.5535618279569893,0.927415050702722,0.949119373776908,0.9326720745744168,0.949119373776908,0.949119373776908,0.949119373776908,0.8167429707127102
8,infgain,minmax,noAug,noImbl,LogisticRegression,first,0.3,0.2,42,2026-05-29 19:26:37,20260529-185745,log/stroke_prediction_v2/8/infgain/minmax__noAug__noImbl/LogisticRegression,1780052279784_edb427c117800539978946441,0.952054794520548,0.7630541871921181,0.5384567901234568,0.5578452926478248,0.9359297427048288,0.952054794520548,0.9344889825200016,0.952054794520548,0.952054794520548,0.952054794520548,0.8284161310854333
8,infgain,minmax,noAug,noImbl,LogisticRegression,first,0.35,0.1,42,2026-05-29 19:26:30,20260529-185745,log/stroke_prediction_v2/8/infgain/minmax__noAug__noImbl/LogisticRegression,1780052279784_edb427c117800539901271877,0.9510763209393346,0.7264243614931238,0.5189711934156378,0.5244742229666852,0.9306936973998362,0.9510763209393344,0.9308039071927005,0.9510763209393346,0.9510763209393346,0.9510763209393346,0.8163311731305013
8,infgain,minmax,noAug,noImbl,LogisticRegression,first,0.35,0.2,42,2026-05-29 19:26:40,20260529-185745,log/stroke_prediction_v2/8/infgain/minmax__noAug__noImbl/LogisticRegression,1780052279784_edb427c117800540005019883,0.952054794520548,0.8097808308799477,0.519485596707819,0.5254304748727765,0.9388916522152168,0.952054794520548,0.931361974062916,0.952054794520548,0.952054794520548,0.952054794520548,0.8261565931288712
8,infgain,minmax,noAug,noImbl,LogisticRegression,first,0.5,0.1,42,2026-05-29 19:26:32,20260529-185745,log/stroke_prediction_v2/8/infgain/minmax__noAug__noImbl/LogisticRegression,1780052279784_edb427c117800539927439463,0.9510763209393346,0.4755381604696673,0.5,0.4874623871614844,0.9045461682515002,0.9510763209393346,0.9272278675557002,0.9510763209393346,0.9510763209393346,0.9510763209393346,0.7806424994554282
8,infgain,minmax,noAug,noImbl,LogisticRegression,first,0.5,0.2,42,2026-05-29 19:26:43,20260529-185745,log/stroke_prediction_v2/8/infgain/minmax__noAug__noImbl/LogisticRegression,1780052279784_edb427c117800540030777641,0.9510763209393346,0.4755381604696673,0.5,0.4874623871614844,0.9045461682515002,0.9510763209393346,0.9272278675557002,0.9510763209393346,0.9510763209393346,0.9510763209393346,0.7806424994554282
8,infgain,minmax,noAug,noImbl,LogisticRegression,last,0.25,0.1,42,2026-05-29 19:26:46,20260529-185745,log/stroke_prediction_v2/8/infgain/noAug__noImbl__minmax/LogisticRegression,1780052279784_edb427c117800540065079192,0.9373776908023485,0.5932962619709607,0.5497119341563785,0.5626872058194266,0.9203509809220324,0.9373776908023485,0.9278718011199064,0.9373776908023485,0.9373776908023485,0.9373776908023485,0.8048708450667762
8,infgain,minmax,noAug,noImbl,LogisticRegression,last,0.25,0.2,42,2026-05-29 19:26:56,20260529-185745,log/stroke_prediction_v2/8/infgain/noAug__noImbl__minmax/LogisticRegression,1780052279784_edb427c117800540168933594,0.9422700587084148,0.609146245474104,0.5427983539094651,0.5575270592551825,0.9212805501509684,0.9422700587084148,0.92975480898853,0.9422700587084148,0.9422700587084148,0.9422700587084148,0.8073228186733764
8,infgain,minmax,noAug,noImbl,LogisticRegression,last,0.3,0.1,42,2026-05-29 19:26:49,20260529-185745,log/stroke_prediction_v2/8/infgain/noAug__noImbl__minmax/LogisticRegression,1780052279784_edb427c117800540091555892,0.949119373776908,0.6772727272727272,0.5369135802469136,0.5535618279569893,0.927415050702722,0.949119373776908,0.9326720745744168,0.949119373776908,0.949119373776908,0.949119373776908,0.8167429707127102
8,infgain,minmax,noAug,noImbl,LogisticRegression,last,0.3,0.2,42,2026-05-29 19:26:59,20260529-185745,log/stroke_prediction_v2/8/infgain/noAug__noImbl__minmax/LogisticRegression,1780052279784_edb427c117800540194512177,0.952054794520548,0.7630541871921181,0.5384567901234568,0.5578452926478248,0.9359297427048288,0.952054794520548,0.9344889825200016,0.952054794520548,0.952054794520548,0.952054794520548,0.8284161310854333
8,infgain,minmax,noAug,noImbl,LogisticRegression,last,0.35,0.1,42,2026-05-29 19:26:51,20260529-185745,log/stroke_prediction_v2/8/infgain/noAug__noImbl__minmax/LogisticRegression,1780052279784_edb427c117800540117808504,0.9510763209393346,0.7264243614931238,0.5189711934156378,0.5244742229666852,0.9306936973998362,0.9510763209393344,0.9308039071927005,0.9510763209393346,0.9510763209393346,0.9510763209393346,0.8163311731305013
8,infgain,minmax,noAug,noImbl,LogisticRegression,last,0.35,0.2,42,2026-05-29 19:27:02,20260529-185745,log/stroke_prediction_v2/8/infgain/noAug__noImbl__minmax/LogisticRegression,1780052279784_edb427c117800540221065780,0.952054794520548,0.8097808308799477,0.519485596707819,0.5254304748727765,0.9388916522152168,0.952054794520548,0.931361974062916,0.952054794520548,0.952054794520548,0.952054794520548,0.8261565931288712
8,infgain,minmax,noAug,noImbl,LogisticRegression,last,0.5,0.1,42,2026-05-29 19:26:54,20260529-185745,log/stroke_prediction_v2/8/infgain/noAug__noImbl__minmax/LogisticRegression,1780052279784_edb427c117800540142908745,0.9510763209393346,0.4755381604696673,0.5,0.4874623871614844,0.9045461682515002,0.9510763209393346,0.9272278675557002,0.9510763209393346,0.9510763209393346,0.9510763209393346,0.7806424994554282
8,infgain,minmax,noAug,noImbl,LogisticRegression,last,0.5,0.2,42,2026-05-29 19:27:04,20260529-185745,log/stroke_prediction_v2/8/infgain/noAug__noImbl__minmax/LogisticRegression,1780052279784_edb427c117800540245333803,0.9510763209393346,0.4755381604696673,0.5,0.4874623871614844,0.9045461682515002,0.9510763209393346,0.9272278675557002,0.9510763209393346,0.9510763209393346,0.9510763209393346,0.7806424994554282
8,infgain,minmax,noAug,noImbl,XGBmodel,first,0.25,0.1,42,2026-05-29 19:26:24,20260529-185745,log/stroke_prediction_v2/8/infgain/minmax__noAug__noImbl/XGBmodel,1780052279784_edb427c117800539842120597,0.9354207436399216,0.5850100603621731,0.5486831275720165,0.5601377259566476,0.9194600085837924,0.9354207436399216,0.9266747411091676,0.9354207436399216,0.9354207436399216,0.9354207436399216,0.8025054871676389
8,infgain,minmax,noAug,noImbl,XGBmodel,first,0.25,0.2,42,2026-05-29 19:26:34,20260529-185745,log/stroke_prediction_v2/8/infgain/minmax__noAug__noImbl/XGBmodel,1780052279784_edb427c117800539948343013,0.943248532289628,0.64562458249833,0.5717695473251028,0.5933872959253669,0.9273589579681214,0.943248532289628,0.9336531819252074,0.943248532289628,0.943248532289628,0.943248532289628,0.8208307933725927
8,infgain,minmax,noAug,noImbl,XGBmodel,first,0.3,0.1,42,2026-05-29 19:26:26,20260529-185745,log/stroke_prediction_v2/8/infgain/minmax__noAug__noImbl/XGBmodel,1780052279784_edb427c117800539868464415,0.9412915851272016,0.6143636363636363,0.5517695473251027,0.5681203515889113,0.9225717843800036,0.9412915851272016,0.9302928540334412,0.9412915851272016,0.9412915851272016,0.9412915851272016,0.8101491117011077
8,infgain,minmax,noAug,noImbl,XGBmodel,first,0.3,0.2,42,2026-05-29 19:26:37,20260529-185745,log/stroke_prediction_v2/8/infgain/minmax__noAug__noImbl/XGBmodel,1780052279784_edb427c117800539974431548,0.946183953033268,0.6443230718305196,0.5448559670781893,0.5630271698993276,0.9248832860129128,0.946183953033268,0.9321709045382964,0.946183953033268,0.946183953033268,0.946183953033268,0.8141595248711129
8,infgain,minmax,noAug,noImbl,XGBmodel,first,0.35,0.1,42,2026-05-29 19:26:29,20260529-185745,log/stroke_prediction_v2/8/infgain/minmax__noAug__noImbl/XGBmodel,1780052279784_edb427c117800539896759152,0.9471624266144814,0.665631212723658,0.5548559670781893,0.5772589392407391,0.9278249290947076,0.9471624266144814,0.9340068632560012,0.9471624266144814,0.9471624266144814,0.9471624266144814,0.8203860519099588
8,infgain,minmax,noAug,noImbl,XGBmodel,first,0.35,0.2,42,2026-05-29 19:26:40,20260529-185745,log/stroke_prediction_v2/8/infgain/minmax__noAug__noImbl/XGBmodel,1780052279784_edb427c117800540000672964,0.9481409001956947,0.6434682461335965,0.5269135802469136,0.5374973316825342,0.9232572770551648,0.9481409001956947,0.9306576330004304,0.9481409001956947,0.9481409001956947,0.9481409001956947,0.80884351512429
8,infgain,minmax,noAug,noImbl,XGBmodel,first,0.5,0.1,42,2026-05-29 19:26:32,20260529-185745,log/stroke_prediction_v2/8/infgain/minmax__noAug__noImbl/XGBmodel,1780052279784_edb427c117800539923160909,0.949119373776908,0.6430446194225722,0.5179423868312758,0.5226358148893361,0.9224514743876192,0.949119373776908,0.9296936216122568,0.949119373776908,0.949119373776908,0.949119373776908,0.8058410130501487
8,infgain,minmax,noAug,noImbl,XGBmodel,first,0.5,0.2,42,2026-05-29 19:26:42,20260529-185745,log/stroke_prediction_v2/8/infgain/minmax__noAug__noImbl/XGBmodel,1780052279784_edb427c117800540026484680,0.9481409001956947,0.4754661432777232,0.4984567901234568,0.4866901054746358,0.9044091805595832,0.9481409001956947,0.9257588699047868,0.9481409001956947,0.9481409001956947,0.9481409001956947,0.7789569177812675
8,infgain,minmax,noAug,noImbl,XGBmodel,last,0.25,0.1,42,2026-05-29 19:26:45,20260529-185745,log/stroke_prediction_v2/8/infgain/noAug__noImbl__minmax/XGBmodel,1780052279784_edb427c117800540059398252,0.9354207436399216,0.5850100603621731,0.5486831275720165,0.5601377259566476,0.9194600085837924,0.9354207436399216,0.9266747411091676,0.9354207436399216,0.9354207436399216,0.9354207436399216,0.8025054871676389
8,infgain,minmax,noAug,noImbl,XGBmodel,last,0.25,0.2,42,2026-05-29 19:26:56,20260529-185745,log/stroke_prediction_v2/8/infgain/noAug__noImbl__minmax/XGBmodel,1780052279784_edb427c117800540164442494,0.943248532289628,0.64562458249833,0.5717695473251028,0.5933872959253669,0.9273589579681214,0.943248532289628,0.9336531819252074,0.943248532289628,0.943248532289628,0.943248532289628,0.8208307933725927
8,infgain,minmax,noAug,noImbl,XGBmodel,last,0.3,0.1,42,2026-05-29 19:26:48,20260529-185745,log/stroke_prediction_v2/8/infgain/noAug__noImbl__minmax/XGBmodel,1780052279784_edb427c117800540086815546,0.9412915851272016,0.6143636363636363,0.5517695473251027,0.5681203515889113,0.9225717843800036,0.9412915851272016,0.9302928540334412,0.9412915851272016,0.9412915851272016,0.9412915851272016,0.8101491117011077
8,infgain,minmax,noAug,noImbl,XGBmodel,last,0.3,0.2,42,2026-05-29 19:26:59,20260529-185745,log/stroke_prediction_v2/8/infgain/noAug__noImbl__minmax/XGBmodel,1780052279784_edb427c117800540190139472,0.946183953033268,0.6443230718305196,0.5448559670781893,0.5630271698993276,0.9248832860129128,0.946183953033268,0.9321709045382964,0.946183953033268,0.946183953033268,0.946183953033268,0.8141595248711129
8,infgain,minmax,noAug,noImbl,XGBmodel,last,0.35,0.1,42,2026-05-29 19:26:51,20260529-185745,log/stroke_prediction_v2/8/infgain/noAug__noImbl__minmax/XGBmodel,1780052279784_edb427c117800540113553561,0.9471624266144814,0.665631212723658,0.5548559670781893,0.5772589392407391,0.9278249290947076,0.9471624266144814,0.9340068632560012,0.9471624266144814,0.9471624266144814,0.9471624266144814,0.8203860519099588
8,infgain,minmax,noAug,noImbl,XGBmodel,last,0.35,0.2,42,2026-05-29 19:27:01,20260529-185745,log/stroke_prediction_v2/8/infgain/noAug__noImbl__minmax/XGBmodel,1780052279784_edb427c117800540216566661,0.9481409001956947,0.6434682461335965,0.5269135802469136,0.5374973316825342,0.9232572770551648,0.9481409001956947,0.9306576330004304,0.9481409001956947,0.9481409001956947,0.9481409001956947,0.80884351512429
8,infgain,minmax,noAug,noImbl,XGBmodel,last,0.5,0.1,42,2026-05-29 19:26:53,20260529-185745,log/stroke_prediction_v2/8/infgain/noAug__noImbl__minmax/XGBmodel,1780052279784_edb427c117800540138610020,0.949119373776908,0.6430446194225722,0.5179423868312758,0.5226358148893361,0.9224514743876192,0.949119373776908,0.9296936216122568,0.949119373776908,0.949119373776908,0.949119373776908,0.8058410130501487
8,infgain,minmax,noAug,noImbl,XGBmodel,last,0.5,0.2,42,2026-05-29 19:27:04,20260529-185745,log/stroke_prediction_v2/8/infgain/noAug__noImbl__minmax/XGBmodel,1780052279784_edb427c117800540240885011,0.9481409001956947,0.4754661432777232,0.4984567901234568,0.4866901054746358,0.9044091805595832,0.9481409001956947,0.9257588699047868,0.9481409001956947,0.9481409001956947,0.9481409001956947,0.7789569177812675
8,infgain,minmax,noAug,noImbl,random_forest,first,0.25,0.1,42,2026-05-29 19:26:23,20260529-185745,log/stroke_prediction_v2/8/infgain/minmax__noAug__noImbl/random_forest,1780052279784_edb427c117800539839833221,0.9080234833659492,0.5572481732776617,0.5722222222222222,0.5633669666393964,0.9190097346886248,0.9080234833659492,0.9133375706282528,0.9080234833659492,0.9080234833659492,0.9080234833659492,0.7895630869553777
8,infgain,minmax,noAug,noImbl,random_forest,first,0.25,0.2,42,2026-05-29 19:26:34,20260529-185745,log/stroke_prediction_v2/8/infgain/minmax__noAug__noImbl/random_forest,1780052279784_edb427c117800539945709708,0.9090019569471623,0.5842992623814541,0.620164609053498,0.5977450768781503,0.9260525550636264,0.9090019569471626,0.9169651474272372,0.9090019569471623,0.9090019569471623,0.9090019569471623,0.8038589590745306
8,infgain,minmax,noAug,noImbl,random_forest,first,0.3,0.1,42,2026-05-29 19:26:26,20260529-185745,log/stroke_prediction_v2/8/infgain/minmax__noAug__noImbl/random_forest,1780052279784_edb427c117800539866015128,0.9334637964774952,0.6112537441163886,0.58559670781893,0.596253950548429,0.9252893342611456,0.933463796477495,0.9291313359302266,0.9334637964774952,0.9334637964774952,0.9334637964774952,0.8144072901824425
8,infgain,minmax,noAug,noImbl,random_forest,first,0.3,0.2,42,2026-05-29 19:26:37,20260529-185745,log/stroke_prediction_v2/8/infgain/minmax__noAug__noImbl/random_forest,1780052279784_edb427c117800539971340019,0.9246575342465754,0.5922037879900162,0.5904526748971194,0.5913167666381034,0.923937937393206,0.9246575342465756,0.9242963849858944,0.9246575342465754,0.9246575342465754,0.9246575342465754,0.8078644264702639
8,infgain,minmax,noAug,noImbl,random_forest,first,0.35,0.1,42,2026-05-29 19:26:29,20260529-185745,log/stroke_prediction_v2/8/infgain/minmax__noAug__noImbl/random_forest,1780052279784_edb427c117800539894324094,0.949119373776908,0.7072727272727273,0.5938271604938272,0.6257043047103898,0.9352713040384274,0.949119373776908,0.939587140162316,0.949119373776908,0.949119373776908,0.949119373776908,0.8380785854221671
8,infgain,minmax,noAug,noImbl,random_forest,first,0.35,0.2,42,2026-05-29 19:26:39,20260529-185745,log/stroke_prediction_v2/8/infgain/minmax__noAug__noImbl/random_forest,1780052279784_edb427c117800539998031033,0.9373776908023485,0.6199179292929292,0.5781687242798353,0.5934462096914547,0.9254480964241236,0.9373776908023485,0.930791768823629,0.9373776908023485,0.9373776908023485,0.9373776908023485,0.8159402480978906
8,infgain,minmax,noAug,noImbl,random_forest,first,0.5,0.1,42,2026-05-29 19:26:32,20260529-185745,log/stroke_prediction_v2/8/infgain/minmax__noAug__noImbl/random_forest,1780052279784_edb427c117800539920585627,0.9530332681017613,0.7782608695652173,0.5579423868312758,0.5879032258064516,0.9390793839870673,0.9530332681017614,0.937851145761,0.9530332681017613,0.9530332681017613,0.9530332681017613,0.8376047270141781
8,infgain,minmax,noAug,noImbl,random_forest,first,0.5,0.2,42,2026-05-29 19:26:42,20260529-185745,log/stroke_prediction_v2/8/infgain/minmax__noAug__noImbl/random_forest,1780052279784_edb427c117800540023640127,0.949119373776908,0.6430446194225722,0.5179423868312758,0.5226358148893361,0.9224514743876192,0.949119373776908,0.9296936216122568,0.949119373776908,0.949119373776908,0.949119373776908,0.8058410130501487
8,infgain,minmax,noAug,noImbl,random_forest,last,0.25,0.1,42,2026-05-29 19:26:45,20260529-185745,log/stroke_prediction_v2/8/infgain/noAug__noImbl__minmax/random_forest,1780052279784_edb427c117800540056965373,0.9080234833659492,0.5572481732776617,0.5722222222222222,0.5633669666393964,0.9190097346886248,0.9080234833659492,0.9133375706282528,0.9080234833659492,0.9080234833659492,0.9080234833659492,0.7895630869553777
8,infgain,minmax,noAug,noImbl,random_forest,last,0.25,0.2,42,2026-05-29 19:26:56,20260529-185745,log/stroke_prediction_v2/8/infgain/noAug__noImbl__minmax/random_forest,1780052279784_edb427c117800540161780921,0.9090019569471623,0.5842992623814541,0.620164609053498,0.5977450768781503,0.9260525550636264,0.9090019569471626,0.9169651474272372,0.9090019569471623,0.9090019569471623,0.9090019569471623,0.8038589590745306
8,infgain,minmax,noAug,noImbl,random_forest,last,0.3,0.1,42,2026-05-29 19:26:48,20260529-185745,log/stroke_prediction_v2/8/infgain/noAug__noImbl__minmax/random_forest,1780052279784_edb427c117800540084301484,0.9334637964774952,0.6112537441163886,0.58559670781893,0.596253950548429,0.9252893342611456,0.933463796477495,0.9291313359302266,0.9334637964774952,0.9334637964774952,0.9334637964774952,0.8144072901824425
8,infgain,minmax,noAug,noImbl,random_forest,last,0.3,0.2,42,2026-05-29 19:26:58,20260529-185745,log/stroke_prediction_v2/8/infgain/noAug__noImbl__minmax/random_forest,1780052279784_edb427c117800540187552092,0.9246575342465754,0.5922037879900162,0.5904526748971194,0.5913167666381034,0.923937937393206,0.9246575342465756,0.9242963849858944,0.9246575342465754,0.9246575342465754,0.9246575342465754,0.8078644264702639
8,infgain,minmax,noAug,noImbl,random_forest,last,0.35,0.1,42,2026-05-29 19:26:51,20260529-185745,log/stroke_prediction_v2/8/infgain/noAug__noImbl__minmax/random_forest,1780052279784_edb427c117800540111284406,0.949119373776908,0.7072727272727273,0.5938271604938272,0.6257043047103898,0.9352713040384274,0.949119373776908,0.939587140162316,0.949119373776908,0.949119373776908,0.949119373776908,0.8380785854221671
8,infgain,minmax,noAug,noImbl,random_forest,last,0.35,0.2,42,2026-05-29 19:27:01,20260529-185745,log/stroke_prediction_v2/8/infgain/noAug__noImbl__minmax/random_forest,1780052279784_edb427c117800540213946872,0.9373776908023485,0.6199179292929292,0.5781687242798353,0.5934462096914547,0.9254480964241236,0.9373776908023485,0.930791768823629,0.9373776908023485,0.9373776908023485,0.9373776908023485,0.8159402480978906
8,infgain,minmax,noAug,noImbl,random_forest,last,0.5,0.1,42,2026-05-29 19:26:53,20260529-185745,log/stroke_prediction_v2/8/infgain/noAug__noImbl__minmax/random_forest,1780052279784_edb427c117800540136279036,0.9530332681017613,0.7782608695652173,0.5579423868312758,0.5879032258064516,0.9390793839870673,0.9530332681017614,0.937851145761,0.9530332681017613,0.9530332681017613,0.9530332681017613,0.8376047270141781
8,infgain,minmax,noAug,noImbl,random_forest,last,0.5,0.2,42,2026-05-29 19:27:03,20260529-185745,log/stroke_prediction_v2/8/infgain/noAug__noImbl__minmax/random_forest,1780052279784_edb427c117800540238235655,0.949119373776908,0.6430446194225722,0.5179423868312758,0.5226358148893361,0.9224514743876192,0.949119373776908,0.9296936216122568,0.949119373776908,0.949119373776908,0.949119373776908,0.8058410130501487
8,infgain,minmax,noAug,noImbl,sklearn_SVM,first,0.25,0.1,42,2026-05-29 19:26:23,20260529-185745,log/stroke_prediction_v2/8/infgain/minmax__noAug__noImbl/sklearn_SVM,1780052279784_edb427c117800539834877392,0.9471624266144814,0.475442043222004,0.4979423868312758,0.4864321608040201,0.9043633385749272,0.9471624266144816,0.9252682197681164,0.9471624266144814,0.9471624266144814,0.9471624266144814,0.7783948045944336
8,infgain,minmax,noAug,noImbl,sklearn_SVM,first,0.25,0.2,42,2026-05-29 19:26:34,20260529-185745,log/stroke_prediction_v2/8/infgain/minmax__noAug__noImbl/sklearn_SVM,1780052279784_edb427c117800539940706797,0.949119373776908,0.4754901960784314,0.4989711934156378,0.4869477911646586,0.9044549326579948,0.949119373776908,0.926249027420838,0.949119373776908,0.949119373776908,0.949119373776908,0.7795189045137939
8,infgain,minmax,noAug,noImbl,sklearn_SVM,first,0.3,0.1,42,2026-05-29 19:26:26,20260529-185745,log/stroke_prediction_v2/8/infgain/minmax__noAug__noImbl/sklearn_SVM,1780052279784_edb427c117800539860603304,0.949119373776908,0.4754901960784314,0.4989711934156378,0.4869477911646586,0.9044549326579948,0.949119373776908,0.926249027420838,0.949119373776908,0.949119373776908,0.949119373776908,0.7795189045137939
8,infgain,minmax,noAug,noImbl,sklearn_SVM,first,0.3,0.2,42,2026-05-29 19:26:36,20260529-185745,log/stroke_prediction_v2/8/infgain/minmax__noAug__noImbl/sklearn_SVM,1780052279784_edb427c117800539966220982,0.9510763209393346,0.4755381604696673,0.5,0.4874623871614844,0.9045461682515002,0.9510763209393346,0.9272278675557002,0.9510763209393346,0.9510763209393346,0.9510763209393346,0.7806424994554282
8,infgain,minmax,noAug,noImbl,sklearn_SVM,first,0.35,0.1,42,2026-05-29 19:26:28,20260529-185745,log/stroke_prediction_v2/8/infgain/minmax__noAug__noImbl/sklearn_SVM,1780052279784_edb427c117800539888994413,0.9471624266144814,0.475442043222004,0.4979423868312758,0.4864321608040201,0.9043633385749272,0.9471624266144816,0.9252682197681164,0.9471624266144814,0.9471624266144814,0.9471624266144814,0.7783948045944336
8,infgain,minmax,noAug,noImbl,sklearn_SVM,first,0.35,0.2,42,2026-05-29 19:26:39,20260529-185745,log/stroke_prediction_v2/8/infgain/minmax__noAug__noImbl/sklearn_SVM,1780052279784_edb427c117800539992532672,0.949119373776908,0.4754901960784314,0.4989711934156378,0.4869477911646586,0.9044549326579948,0.949119373776908,0.926249027420838,0.949119373776908,0.949119373776908,0.949119373776908,0.7795189045137939
8,infgain,minmax,noAug,noImbl,sklearn_SVM,first,0.5,0.1,42,2026-05-29 19:26:31,20260529-185745,log/stroke_prediction_v2/8/infgain/minmax__noAug__noImbl/sklearn_SVM,1780052279784_edb427c117800539915635140,0.9510763209393346,0.4755381604696673,0.5,0.4874623871614844,0.9045461682515002,0.9510763209393346,0.9272278675557002,0.9510763209393346,0.9510763209393346,0.9510763209393346,0.7806424994554282
8,infgain,minmax,noAug,noImbl,sklearn_SVM,first,0.5,0.2,42,2026-05-29 19:26:41,20260529-185745,log/stroke_prediction_v2/8/infgain/minmax__noAug__noImbl/sklearn_SVM,1780052279784_edb427c117800540018368618,0.9510763209393346,0.4755381604696673,0.5,0.4874623871614844,0.9045461682515002,0.9510763209393346,0.9272278675557002,0.9510763209393346,0.9510763209393346,0.9510763209393346,0.7806424994554282
8,infgain,minmax,noAug,noImbl,sklearn_SVM,last,0.25,0.1,42,2026-05-29 19:26:45,20260529-185745,log/stroke_prediction_v2/8/infgain/noAug__noImbl__minmax/sklearn_SVM,1780052279784_edb427c117800540051681423,0.949119373776908,0.6430446194225722,0.5179423868312758,0.5226358148893361,0.9224514743876192,0.949119373776908,0.9296936216122568,0.949119373776908,0.949119373776908,0.949119373776908,0.8058410130501487
8,infgain,minmax,noAug,noImbl,sklearn_SVM,last,0.25,0.2,42,2026-05-29 19:26:55,20260529-185745,log/stroke_prediction_v2/8/infgain/noAug__noImbl__minmax/sklearn_SVM,1780052279784_edb427c117800540156573568,0.949119373776908,0.4754901960784314,0.4989711934156378,0.4869477911646586,0.9044549326579948,0.949119373776908,0.926249027420838,0.949119373776908,0.949119373776908,0.949119373776908,0.7795189045137939
8,infgain,minmax,noAug,noImbl,sklearn_SVM,last,0.3,0.1,42,2026-05-29 19:26:47,20260529-185745,log/stroke_prediction_v2/8/infgain/noAug__noImbl__minmax/sklearn_SVM,1780052279784_edb427c117800540079058394,0.9471624266144814,0.475442043222004,0.4979423868312758,0.4864321608040201,0.9043633385749272,0.9471624266144816,0.9252682197681164,0.9471624266144814,0.9471624266144814,0.9471624266144814,0.7783948045944336
8,infgain,minmax,noAug,noImbl,sklearn_SVM,last,0.3,0.2,42,2026-05-29 19:26:58,20260529-185745,log/stroke_prediction_v2/8/infgain/noAug__noImbl__minmax/sklearn_SVM,1780052279784_edb427c117800540182600702,0.949119373776908,0.4754901960784314,0.4989711934156378,0.4869477911646586,0.9044549326579948,0.949119373776908,0.926249027420838,0.949119373776908,0.949119373776908,0.949119373776908,0.7795189045137939
8,infgain,minmax,noAug,noImbl,sklearn_SVM,last,0.35,0.1,42,2026-05-29 19:26:50,20260529-185745,log/stroke_prediction_v2/8/infgain/noAug__noImbl__minmax/sklearn_SVM,1780052279784_edb427c117800540106189306,0.9471624266144814,0.475442043222004,0.4979423868312758,0.4864321608040201,0.9043633385749272,0.9471624266144816,0.9252682197681164,0.9471624266144814,0.9471624266144814,0.9471624266144814,0.7783948045944336
8,infgain,minmax,noAug,noImbl,sklearn_SVM,last,0.35,0.2,42,2026-05-29 19:27:00,20260529-185745,log/stroke_prediction_v2/8/infgain/noAug__noImbl__minmax/sklearn_SVM,1780052279784_edb427c117800540208920210,0.9510763209393346,0.4755381604696673,0.5,0.4874623871614844,0.9045461682515002,0.9510763209393346,0.9272278675557002,0.9510763209393346,0.9510763209393346,0.9510763209393346,0.7806424994554282
8,infgain,minmax,noAug,noImbl,sklearn_SVM,last,0.5,0.1,42,2026-05-29 19:26:53,20260529-185745,log/stroke_prediction_v2/8/infgain/noAug__noImbl__minmax/sklearn_SVM,1780052279784_edb427c117800540131237172,0.9510763209393346,0.4755381604696673,0.5,0.4874623871614844,0.9045461682515002,0.9510763209393346,0.9272278675557002,0.9510763209393346,0.9510763209393346,0.9510763209393346,0.7806424994554282
8,infgain,minmax,noAug,noImbl,sklearn_SVM,last,0.5,0.2,42,2026-05-29 19:27:03,20260529-185745,log/stroke_prediction_v2/8/infgain/noAug__noImbl__minmax/sklearn_SVM,1780052279784_edb427c117800540233517668,0.9510763209393346,0.4755381604696673,0.5,0.4874623871614844,0.9045461682515002,0.9510763209393346,0.9272278675557002,0.9510763209393346,0.9510763209393346,0.9510763209393346,0.7806424994554282
8,infgain,standard,gaussian_noise,noImbl,DTmodel,first,0.25,0.1,42,2026-05-29 19:27:12,20260529-185745,log/stroke_prediction_v2/8/infgain/standard__gaussian_noise__noImbl/DTmodel,1780052279784_edb427c117800540323471141,0.9197651663405088,0.561772758384668,0.5594238683127571,0.5605637938628688,0.9182187628504188,0.9197651663405088,0.9189876741922888,0.9197651663405088,0.9197651663405088,0.9197651663405088,0.7937803256992614
8,infgain,standard,gaussian_noise,noImbl,DTmodel,first,0.25,0.2,42,2026-05-29 19:27:39,20260529-185745,log/stroke_prediction_v2/8/infgain/standard__gaussian_noise__noImbl/DTmodel,1780052279784_edb427c117800540594770607,0.910958904109589,0.541402651123437,0.5453086419753086,0.5432009626955474,0.915011056006367,0.9109589041095888,0.912964127345216,0.910958904109589,0.910958904109589,0.910958904109589,0.7829805600604612
8,infgain,standard,gaussian_noise,noImbl,DTmodel,first,0.3,0.1,42,2026-05-29 19:27:20,20260529-185745,log/stroke_prediction_v2/8/infgain/standard__gaussian_noise__noImbl/DTmodel,1780052279784_edb427c117800540401593065,0.9099804305283756,0.5471812848762341,0.5542798353909465,0.5503137434955616,0.9163874794582147,0.9099804305283756,0.9131284978109386,0.9099804305283756,0.9099804305283756,0.9099804305283756,0.7852933683798647
8,infgain,standard,gaussian_noise,noImbl,DTmodel,first,0.3,0.2,42,2026-05-29 19:27:45,20260529-185745,log/stroke_prediction_v2/8/infgain/standard__gaussian_noise__noImbl/DTmodel,1780052279784_edb427c117800540653420535,0.9158512720156556,0.5399127310061602,0.538395061728395,0.5391278813683746,0.9142273474324614,0.9158512720156556,0.9150358534211808,0.9158512720156556,0.9158512720156556,0.9158512720156556,0.7837185830413971
8,infgain,standard,gaussian_noise,noImbl,DTmodel,first,0.35,0.1,42,2026-05-29 19:27:26,20260529-185745,log/stroke_prediction_v2/8/infgain/standard__gaussian_noise__noImbl/DTmodel,1780052279784_edb427c117800540468276686,0.9197651663405088,0.5265784114052954,0.5214814814814814,0.5234618446491527,0.9114172522229884,0.9197651663405086,0.9155129847772968,0.9197651663405088,0.9197651663405088,0.9197651663405088,0.7797000054611473
8,infgain,standard,gaussian_noise,noImbl,DTmodel,first,0.35,0.2,42,2026-05-29 19:27:51,20260529-185745,log/stroke_prediction_v2/8/infgain/standard__gaussian_noise__noImbl/DTmodel,1780052279784_edb427c117800540710372979,0.9158512720156556,0.531294547398432,0.5289094650205762,0.5300094113620807,0.9125432571802384,0.9158512720156556,0.9141845685139124,0.9158512720156556,0.9158512720156556,0.9158512720156556,0.7802443327475856
8,infgain,standard,gaussian_noise,noImbl,DTmodel,first,0.5,0.1,42,2026-05-29 19:27:33,20260529-185745,log/stroke_prediction_v2/8/infgain/standard__gaussian_noise__noImbl/DTmodel,1780052279784_edb427c117800540536141941,0.9197651663405088,0.5456869306562557,0.5404526748971195,0.5428041462084016,0.9149590219848224,0.9197651663405088,0.9173279183655167,0.9197651663405088,0.9197651663405088,0.9197651663405088,0.787035738976111
8,infgain,standard,gaussian_noise,noImbl,DTmodel,first,0.5,0.2,42,2026-05-29 19:27:56,20260529-185745,log/stroke_prediction_v2/8/infgain/standard__gaussian_noise__noImbl/DTmodel,1780052279784_edb427c117800540768836741,0.9158512720156556,0.5552735923869945,0.5573662551440329,0.5562892510248179,0.9174224165892012,0.9158512720156556,0.916632928583027,0.9158512720156556,0.9158512720156556,0.9158512720156556,0.7902850621594616
8,infgain,standard,gaussian_noise,noImbl,DTmodel,last,0.25,0.1,42,2026-05-29 19:28:03,20260529-185745,log/stroke_prediction_v2/8/infgain/gaussian_noise__noImbl__standard/DTmodel,1780052279784_edb427c117800540839552638,0.923679060665362,0.5836327857631759,0.5804526748971194,0.5819997063573631,0.9222101782683764,0.923679060665362,0.9229394949633966,0.923679060665362,0.923679060665362,0.923679060665362,0.8038420683571258
8,infgain,standard,gaussian_noise,noImbl,DTmodel,last,0.25,0.2,42,2026-05-29 19:28:29,20260529-185745,log/stroke_prediction_v2/8/infgain/gaussian_noise__noImbl__standard/DTmodel,1780052279784_edb427c117800541093697117,0.9197651663405088,0.561772758384668,0.5594238683127571,0.5605637938628688,0.9182187628504188,0.9197651663405088,0.9189876741922888,0.9197651663405088,0.9197651663405088,0.9197651663405088,0.7937803256992614
8,infgain,standard,gaussian_noise,noImbl,DTmodel,last,0.3,0.1,42,2026-05-29 19:28:10,20260529-185745,log/stroke_prediction_v2/8/infgain/gaussian_noise__noImbl__standard/DTmodel,1780052279784_edb427c117800540906409326,0.9158512720156556,0.5685817805383022,0.5763374485596708,0.5721518001440894,0.9204306499252471,0.9158512720156556,0.9181025785999672,0.9158512720156556,0.9158512720156556,0.9158512720156556,0.7964136535201926
8,infgain,standard,gaussian_noise,noImbl,DTmodel,last,0.3,0.2,42,2026-05-29 19:28:35,20260529-185745,log/stroke_prediction_v2/8/infgain/gaussian_noise__noImbl__standard/DTmodel,1780052279784_edb427c117800541151827478,0.9197651663405088,0.5456869306562557,0.5404526748971195,0.5428041462084016,0.9149590219848224,0.9197651663405088,0.9173279183655167,0.9197651663405088,0.9197651663405088,0.9197651663405088,0.787035738976111
8,infgain,standard,gaussian_noise,noImbl,DTmodel,last,0.35,0.1,42,2026-05-29 19:28:17,20260529-185745,log/stroke_prediction_v2/8/infgain/gaussian_noise__noImbl__standard/DTmodel,1780052279784_edb427c117800540971044899,0.9334637964774952,0.6112537441163886,0.58559670781893,0.596253950548429,0.9252893342611456,0.933463796477495,0.9291313359302266,0.9334637964774952,0.9334637964774952,0.9334637964774952,0.8144072901824425
8,infgain,standard,gaussian_noise,noImbl,DTmodel,last,0.35,0.2,42,2026-05-29 19:28:40,20260529-185745,log/stroke_prediction_v2/8/infgain/gaussian_noise__noImbl__standard/DTmodel,1780052279784_edb427c117800541208845066,0.9119373776908024,0.5268518518518518,0.5268518518518518,0.5268518518518518,0.9119373776908022,0.9119373776908022,0.9119373776908022,0.9119373776908024,0.9119373776908024,0.9119373776908022,0.7771574436471694
8,infgain,standard,gaussian_noise,noImbl,DTmodel,last,0.5,0.1,42,2026-05-29 19:28:23,20260529-185745,log/stroke_prediction_v2/8/infgain/gaussian_noise__noImbl__standard/DTmodel,1780052279784_edb427c117800541036394318,0.9197651663405088,0.561772758384668,0.5594238683127571,0.5605637938628688,0.9182187628504188,0.9197651663405088,0.9189876741922888,0.9197651663405088,0.9197651663405088,0.9197651663405088,0.7937803256992614
8,infgain,standard,gaussian_noise,noImbl,DTmodel,last,0.5,0.2,42,2026-05-29 19:28:46,20260529-185745,log/stroke_prediction_v2/8/infgain/gaussian_noise__noImbl__standard/DTmodel,1780052279784_edb427c117800541268587614,0.9119373776908024,0.5426040710131619,0.5458230452674897,0.5441118160190325,0.9151700543356832,0.9119373776908024,0.9135401034497208,0.9119373776908024,0.9119373776908024,0.9119373776908022,0.7837824560582672
8,infgain,standard,gaussian_noise,noImbl,GradientBoosting,first,0.25,0.1,42,2026-05-29 19:27:14,20260529-185745,log/stroke_prediction_v2/8/infgain/standard__gaussian_noise__noImbl/GradientBoosting,1780052279784_edb427c117800540348049325,0.9412915851272016,0.6143636363636363,0.5517695473251027,0.5681203515889113,0.9225717843800036,0.9412915851272016,0.9302928540334412,0.9412915851272016,0.9412915851272016,0.9412915851272016,0.8101491117011077
8,infgain,standard,gaussian_noise,noImbl,GradientBoosting,first,0.25,0.2,42,2026-05-29 19:27:41,20260529-185745,log/stroke_prediction_v2/8/infgain/standard__gaussian_noise__noImbl/GradientBoosting,1780052279784_edb427c117800540613984143,0.9481409001956947,0.6434682461335965,0.5269135802469136,0.5374973316825342,0.9232572770551648,0.9481409001956947,0.9306576330004304,0.9481409001956947,0.9481409001956947,0.9481409001956947,0.80884351512429
8,infgain,standard,gaussian_noise,noImbl,GradientBoosting,first,0.3,0.1,42,2026-05-29 19:27:22,20260529-185745,log/stroke_prediction_v2/8/infgain/standard__gaussian_noise__noImbl/GradientBoosting,1780052279784_edb427c117800540420982640,0.9471624266144814,0.6438943894389438,0.5358847736625514,0.5508935256013802,0.92406786666925,0.9471624266144812,0.9314767826160464,0.9471624266144814,0.9471624266144814,0.9471624266144814,0.8116052198554807
8,infgain,standard,gaussian_noise,noImbl,GradientBoosting,first,0.3,0.2,42,2026-05-29 19:27:47,20260529-185745,log/stroke_prediction_v2/8/infgain/standard__gaussian_noise__noImbl/GradientBoosting,1780052279784_edb427c117800540672230856,0.949119373776908,0.6430446194225722,0.5179423868312758,0.5226358148893361,0.9224514743876192,0.949119373776908,0.9296936216122568,0.949119373776908,0.949119373776908,0.949119373776908,0.8058410130501487
8,infgain,standard,gaussian_noise,noImbl,GradientBoosting,first,0.35,0.1,42,2026-05-29 19:27:28,20260529-185745,log/stroke_prediction_v2/8/infgain/standard__gaussian_noise__noImbl/GradientBoosting,1780052279784_edb427c117800540487220965,0.9471624266144814,0.6438943894389438,0.5358847736625514,0.5508935256013802,0.92406786666925,0.9471624266144812,0.9314767826160464,0.9471624266144814,0.9471624266144814,0.9471624266144814,0.8116052198554807
8,infgain,standard,gaussian_noise,noImbl,GradientBoosting,first,0.35,0.2,42,2026-05-29 19:27:52,20260529-185745,log/stroke_prediction_v2/8/infgain/standard__gaussian_noise__noImbl/GradientBoosting,1780052279784_edb427c117800540728731216,0.9471624266144814,0.475442043222004,0.4979423868312758,0.4864321608040201,0.9043633385749272,0.9471624266144816,0.9252682197681164,0.9471624266144814,0.9471624266144814,0.9471624266144814,0.7783948045944336
8,infgain,standard,gaussian_noise,noImbl,GradientBoosting,first,0.5,0.1,42,2026-05-29 19:27:35,20260529-185745,log/stroke_prediction_v2/8/infgain/standard__gaussian_noise__noImbl/GradientBoosting,1780052279784_edb427c117800540555791028,0.9452054794520548,0.5762845849802372,0.5158847736625514,0.5192204301075269,0.9157507174183768,0.9452054794520548,0.9274930033878336,0.9452054794520548,0.9452054794520548,0.9452054794520548,0.7958812144112423
8,infgain,standard,gaussian_noise,noImbl,GradientBoosting,first,0.5,0.2,42,2026-05-29 19:27:58,20260529-185745,log/stroke_prediction_v2/8/infgain/standard__gaussian_noise__noImbl/GradientBoosting,1780052279784_edb427c117800540788494107,0.949119373776908,0.4754901960784314,0.4989711934156378,0.4869477911646586,0.9044549326579948,0.949119373776908,0.926249027420838,0.949119373776908,0.949119373776908,0.949119373776908,0.7795189045137939
8,infgain,standard,gaussian_noise,noImbl,GradientBoosting,last,0.25,0.1,42,2026-05-29 19:28:05,20260529-185745,log/stroke_prediction_v2/8/infgain/gaussian_noise__noImbl__standard/GradientBoosting,1780052279784_edb427c117800540858532511,0.943248532289628,0.64562458249833,0.5717695473251028,0.5933872959253669,0.9273589579681214,0.943248532289628,0.9336531819252074,0.943248532289628,0.943248532289628,0.943248532289628,0.8208307933725927
8,infgain,standard,gaussian_noise,noImbl,GradientBoosting,last,0.25,0.2,42,2026-05-29 19:28:31,20260529-185745,log/stroke_prediction_v2/8/infgain/gaussian_noise__noImbl__standard/GradientBoosting,1780052279784_edb427c117800541112157580,0.9471624266144814,0.65625,0.5453703703703704,0.5644886363636363,0.926090299133352,0.9471624266144816,0.9327822006760365,0.9471624266144814,0.9471624266144814,0.9471624266144814,0.8162266631521155
8,infgain,standard,gaussian_noise,noImbl,GradientBoosting,last,0.3,0.1,42,2026-05-29 19:28:12,20260529-185745,log/stroke_prediction_v2/8/infgain/gaussian_noise__noImbl__standard/GradientBoosting,1780052279784_edb427c117800540924778457,0.9412915851272016,0.6143636363636363,0.5517695473251027,0.5681203515889113,0.9225717843800036,0.9412915851272016,0.9302928540334412,0.9412915851272016,0.9412915851272016,0.9412915851272016,0.8101491117011077
8,infgain,standard,gaussian_noise,noImbl,GradientBoosting,last,0.3,0.2,42,2026-05-29 19:28:37,20260529-185745,log/stroke_prediction_v2/8/infgain/gaussian_noise__noImbl__standard/GradientBoosting,1780052279784_edb427c117800541170033689,0.9452054794520548,0.5762845849802372,0.5158847736625514,0.5192204301075269,0.9157507174183768,0.9452054794520548,0.9274930033878336,0.9452054794520548,0.9452054794520548,0.9452054794520548,0.7958812144112423
8,infgain,standard,gaussian_noise,noImbl,GradientBoosting,last,0.35,0.1,42,2026-05-29 19:28:18,20260529-185745,log/stroke_prediction_v2/8/infgain/gaussian_noise__noImbl__standard/GradientBoosting,1780052279784_edb427c117800540988970740,0.949119373776908,0.6430446194225722,0.5179423868312758,0.5226358148893361,0.9224514743876192,0.949119373776908,0.9296936216122568,0.949119373776908,0.949119373776908,0.949119373776908,0.8058410130501487
8,infgain,standard,gaussian_noise,noImbl,GradientBoosting,last,0.35,0.2,42,2026-05-29 19:28:42,20260529-185745,log/stroke_prediction_v2/8/infgain/gaussian_noise__noImbl__standard/GradientBoosting,1780052279784_edb427c117800541226880214,0.9471624266144814,0.5592191601049868,0.5074279835390947,0.5042756539235412,0.9133614291364266,0.9471624266144814,0.9269895301358052,0.9471624266144814,0.9471624266144814,0.9471624266144814,0.7915556055327451
8,infgain,standard,gaussian_noise,noImbl,GradientBoosting,last,0.5,0.1,42,2026-05-29 19:28:25,20260529-185745,log/stroke_prediction_v2/8/infgain/gaussian_noise__noImbl__standard/GradientBoosting,1780052279784_edb427c117800541055222668,0.949119373776908,0.4754901960784314,0.4989711934156378,0.4869477911646586,0.9044549326579948,0.949119373776908,0.926249027420838,0.949119373776908,0.949119373776908,0.949119373776908,0.7795189045137939
8,infgain,standard,gaussian_noise,noImbl,GradientBoosting,last,0.5,0.2,42,2026-05-29 19:28:48,20260529-185745,log/stroke_prediction_v2/8/infgain/gaussian_noise__noImbl__standard/GradientBoosting,1780052279784_edb427c117800541286124744,0.9510763209393346,0.7264243614931238,0.5189711934156378,0.5244742229666852,0.9306936973998362,0.9510763209393344,0.9308039071927005,0.9510763209393346,0.9510763209393346,0.9510763209393346,0.8163311731305013
8,infgain,standard,gaussian_noise,noImbl,LogisticRegression,first,0.25,0.1,42,2026-05-29 19:27:12,20260529-185745,log/stroke_prediction_v2/8/infgain/standard__gaussian_noise__noImbl/LogisticRegression,1780052279784_edb427c117800540328008754,0.943248532289628,0.64562458249833,0.5717695473251028,0.5933872959253669,0.9273589579681214,0.943248532289628,0.9336531819252074,0.943248532289628,0.943248532289628,0.943248532289628,0.8208307933725927
8,infgain,standard,gaussian_noise,noImbl,LogisticRegression,first,0.25,0.2,42,2026-05-29 19:27:39,20260529-185745,log/stroke_prediction_v2/8/infgain/standard__gaussian_noise__noImbl/LogisticRegression,1780052279784_edb427c117800540598622847,0.949119373776908,0.6772727272727272,0.5369135802469136,0.5535618279569893,0.927415050702722,0.949119373776908,0.9326720745744168,0.949119373776908,0.949119373776908,0.949119373776908,0.8167429707127102
8,infgain,standard,gaussian_noise,noImbl,LogisticRegression,first,0.3,0.1,42,2026-05-29 19:27:20,20260529-185745,log/stroke_prediction_v2/8/infgain/standard__gaussian_noise__noImbl/LogisticRegression,1780052279784_edb427c117800540405570943,0.9530332681017613,0.8106955380577427,0.5389711934156378,0.5593561368209254,0.9406315648900052,0.9530332681017613,0.93510180456516,0.9530332681017613,0.9530332681017613,0.9530332681017613,0.8344118280849556
8,infgain,standard,gaussian_noise,noImbl,LogisticRegression,first,0.3,0.2,42,2026-05-29 19:27:45,20260529-185745,log/stroke_prediction_v2/8/infgain/standard__gaussian_noise__noImbl/LogisticRegression,1780052279784_edb427c117800540656978103,0.9530332681017613,0.8519155206286837,0.529485596707819,0.5434952540480179,0.9438588768122906,0.9530332681017614,0.9335717509049926,0.9530332681017613,0.9530332681017613,0.9530332681017613,0.8352993573985353
8,infgain,standard,gaussian_noise,noImbl,LogisticRegression,first,0.35,0.1,42,2026-05-29 19:27:27,20260529-185745,log/stroke_prediction_v2/8/infgain/standard__gaussian_noise__noImbl/LogisticRegression,1780052279784_edb427c117800540471804391,0.9510763209393346,0.7264243614931238,0.5189711934156378,0.5244742229666852,0.9306936973998362,0.9510763209393344,0.9308039071927005,0.9510763209393346,0.9510763209393346,0.9510763209393346,0.8163311731305013
8,infgain,standard,gaussian_noise,noImbl,LogisticRegression,first,0.35,0.2,42,2026-05-29 19:27:51,20260529-185745,log/stroke_prediction_v2/8/infgain/standard__gaussian_noise__noImbl/LogisticRegression,1780052279784_edb427c117800540713800329,0.952054794520548,0.8097808308799477,0.519485596707819,0.5254304748727765,0.9388916522152168,0.952054794520548,0.931361974062916,0.952054794520548,0.952054794520548,0.952054794520548,0.8261565931288712
8,infgain,standard,gaussian_noise,noImbl,LogisticRegression,first,0.5,0.1,42,2026-05-29 19:27:33,20260529-185745,log/stroke_prediction_v2/8/infgain/standard__gaussian_noise__noImbl/LogisticRegression,1780052279784_edb427c117800540539570331,0.9510763209393346,0.4755381604696673,0.5,0.4874623871614844,0.9045461682515002,0.9510763209393346,0.9272278675557002,0.9510763209393346,0.9510763209393346,0.9510763209393346,0.7806424994554282
8,infgain,standard,gaussian_noise,noImbl,LogisticRegression,first,0.5,0.2,42,2026-05-29 19:27:57,20260529-185745,log/stroke_prediction_v2/8/infgain/standard__gaussian_noise__noImbl/LogisticRegression,1780052279784_edb427c117800540773500159,0.9510763209393346,0.4755381604696673,0.5,0.4874623871614844,0.9045461682515002,0.9510763209393346,0.9272278675557002,0.9510763209393346,0.9510763209393346,0.9510763209393346,0.7806424994554282
8,infgain,standard,gaussian_noise,noImbl,LogisticRegression,last,0.25,0.1,42,2026-05-29 19:28:04,20260529-185745,log/stroke_prediction_v2/8/infgain/gaussian_noise__noImbl__standard/LogisticRegression,1780052279784_edb427c117800540842924829,0.943248532289628,0.64562458249833,0.5717695473251028,0.5933872959253669,0.9273589579681214,0.943248532289628,0.9336531819252074,0.943248532289628,0.943248532289628,0.943248532289628,0.8208307933725927
8,infgain,standard,gaussian_noise,noImbl,LogisticRegression,last,0.25,0.2,42,2026-05-29 19:28:29,20260529-185745,log/stroke_prediction_v2/8/infgain/gaussian_noise__noImbl__standard/LogisticRegression,1780052279784_edb427c117800541097093300,0.9500978473581212,0.6995173851047494,0.5374279835390947,0.5549502625624386,0.9296321123932046,0.9500978473581212,0.9332743260947538,0.9500978473581212,0.9500978473581212,0.9500978473581212,0.819930575345532
8,infgain,standard,gaussian_noise,noImbl,LogisticRegression,last,0.3,0.1,42,2026-05-29 19:28:11,20260529-185745,log/stroke_prediction_v2/8/infgain/gaussian_noise__noImbl__standard/LogisticRegression,1780052279784_edb427c117800540910045959,0.9530332681017613,0.8106955380577427,0.5389711934156378,0.5593561368209254,0.9406315648900052,0.9530332681017613,0.93510180456516,0.9530332681017613,0.9530332681017613,0.9530332681017613,0.8344118280849556
8,infgain,standard,gaussian_noise,noImbl,LogisticRegression,last,0.3,0.2,42,2026-05-29 19:28:35,20260529-185745,log/stroke_prediction_v2/8/infgain/gaussian_noise__noImbl__standard/LogisticRegression,1780052279784_edb427c117800541155412571,0.9510763209393346,0.7268700787401574,0.5284567901234568,0.5409959758551308,0.9315415196388122,0.9510763209393346,0.9323977130887084,0.9510763209393346,0.9510763209393346,0.9510763209393346,0.8201264205675524
8,infgain,standard,gaussian_noise,noImbl,LogisticRegression,last,0.35,0.1,42,2026-05-29 19:28:17,20260529-185745,log/stroke_prediction_v2/8/infgain/gaussian_noise__noImbl__standard/LogisticRegression,1780052279784_edb427c117800540974549192,0.9510763209393346,0.7264243614931238,0.5189711934156378,0.5244742229666852,0.9306936973998362,0.9510763209393344,0.9308039071927005,0.9510763209393346,0.9510763209393346,0.9510763209393346,0.8163311731305013
8,infgain,standard,gaussian_noise,noImbl,LogisticRegression,last,0.35,0.2,42,2026-05-29 19:28:41,20260529-185745,log/stroke_prediction_v2/8/infgain/gaussian_noise__noImbl__standard/LogisticRegression,1780052279784_edb427c117800541212315509,0.952054794520548,0.8097808308799477,0.519485596707819,0.5254304748727765,0.9388916522152168,0.952054794520548,0.931361974062916,0.952054794520548,0.952054794520548,0.952054794520548,0.8261565931288712
8,infgain,standard,gaussian_noise,noImbl,LogisticRegression,last,0.5,0.1,42,2026-05-29 19:28:23,20260529-185745,log/stroke_prediction_v2/8/infgain/gaussian_noise__noImbl__standard/LogisticRegression,1780052279784_edb427c117800541039950815,0.9510763209393346,0.4755381604696673,0.5,0.4874623871614844,0.9045461682515002,0.9510763209393346,0.9272278675557002,0.9510763209393346,0.9510763209393346,0.9510763209393346,0.7806424994554282
8,infgain,standard,gaussian_noise,noImbl,LogisticRegression,last,0.5,0.2,42,2026-05-29 19:28:47,20260529-185745,log/stroke_prediction_v2/8/infgain/gaussian_noise__noImbl__standard/LogisticRegression,1780052279784_edb427c117800541271850811,0.9510763209393346,0.4755381604696673,0.5,0.4874623871614844,0.9045461682515002,0.9510763209393346,0.9272278675557002,0.9510763209393346,0.9510763209393346,0.9510763209393346,0.7806424994554282
8,infgain,standard,gaussian_noise,noImbl,XGBmodel,first,0.25,0.1,42,2026-05-29 19:27:12,20260529-185745,log/stroke_prediction_v2/8/infgain/standard__gaussian_noise__noImbl/XGBmodel,1780052279784_edb427c117800540320910483,0.9471624266144814,0.6790419161676646,0.5738271604938272,0.6006079027355622,0.9307803180332094,0.9471624266144814,0.9362415907779608,0.9471624266144814,0.9471624266144814,0.9471624266144814,0.8277573341422908
8,infgain,standard,gaussian_noise,noImbl,XGBmodel,first,0.25,0.2,42,2026-05-29 19:27:39,20260529-185745,log/stroke_prediction_v2/8/infgain/standard__gaussian_noise__noImbl/XGBmodel,1780052279784_edb427c117800540592952804,0.946183953033268,0.6545800409716125,0.5543415637860082,0.5756422742131527,0.9267043394744936,0.946183953033268,0.933379895021683,0.946183953033268,0.946183953033268,0.946183953033268,0.8183895010217439
8,infgain,standard,gaussian_noise,noImbl,XGBmodel,first,0.3,0.1,42,2026-05-29 19:27:19,20260529-185745,log/stroke_prediction_v2/8/infgain/standard__gaussian_noise__noImbl/XGBmodel,1780052279784_edb427c117800540399445123,0.9471624266144814,0.665631212723658,0.5548559670781893,0.5772589392407391,0.9278249290947076,0.9471624266144814,0.9340068632560012,0.9471624266144814,0.9471624266144814,0.9471624266144814,0.8203860519099588
8,infgain,standard,gaussian_noise,noImbl,XGBmodel,first,0.3,0.2,42,2026-05-29 19:27:45,20260529-185745,log/stroke_prediction_v2/8/infgain/standard__gaussian_noise__noImbl/XGBmodel,1780052279784_edb427c117800540651503407,0.9500978473581212,0.7089654646641762,0.5563991769547325,0.5823658085142184,0.9321823892061616,0.9500978473581212,0.935910062752048,0.9500978473581212,0.9500978473581212,0.9500978473581212,0.8275352227156952
8,infgain,standard,gaussian_noise,noImbl,XGBmodel,first,0.35,0.1,42,2026-05-29 19:27:26,20260529-185745,log/stroke_prediction_v2/8/infgain/standard__gaussian_noise__noImbl/XGBmodel,1780052279784_edb427c117800540466477777,0.9510763209393346,0.7273175542406312,0.5379423868312758,0.5563774004236552,0.9323926863442143,0.9510763209393348,0.9338798949417636,0.9510763209393346,0.9510763209393346,0.9510763209393346,0.8237343854221587
8,infgain,standard,gaussian_noise,noImbl,XGBmodel,first,0.35,0.2,42,2026-05-29 19:27:50,20260529-185745,log/stroke_prediction_v2/8/infgain/standard__gaussian_noise__noImbl/XGBmodel,1780052279784_edb427c117800540708565973,0.9471624266144814,0.5592191601049868,0.5074279835390947,0.5042756539235412,0.9133614291364266,0.9471624266144814,0.9269895301358052,0.9471624266144814,0.9471624266144814,0.9471624266144814,0.7915556055327451
8,infgain,standard,gaussian_noise,noImbl,XGBmodel,first,0.5,0.1,42,2026-05-29 19:27:33,20260529-185745,log/stroke_prediction_v2/8/infgain/standard__gaussian_noise__noImbl/XGBmodel,1780052279784_edb427c117800540534372633,0.9530332681017613,0.976470588235294,0.52,0.5264133456904542,0.9552434672499136,0.9530332681017613,0.9319221791576966,0.9530332681017613,0.9530332681017613,0.9530332681017613,0.8451350415164477
8,infgain,standard,gaussian_noise,noImbl,XGBmodel,first,0.5,0.2,42,2026-05-29 19:27:56,20260529-185745,log/stroke_prediction_v2/8/infgain/standard__gaussian_noise__noImbl/XGBmodel,1780052279784_edb427c117800540767088230,0.9500978473581212,0.4755142017629775,0.499485596707819,0.4872052182639237,0.9045005951342742,0.9500978473581214,0.9267386930577962,0.9500978473581212,0.9500978473581212,0.9500978473581212,0.7800807650020133
8,infgain,standard,gaussian_noise,noImbl,XGBmodel,last,0.25,0.1,42,2026-05-29 19:28:03,20260529-185745,log/stroke_prediction_v2/8/infgain/gaussian_noise__noImbl__standard/XGBmodel,1780052279784_edb427c117800540837828495,0.943248532289628,0.64562458249833,0.5717695473251028,0.5933872959253669,0.9273589579681214,0.943248532289628,0.9336531819252074,0.943248532289628,0.943248532289628,0.943248532289628,0.8208307933725927
8,infgain,standard,gaussian_noise,noImbl,XGBmodel,last,0.25,0.2,42,2026-05-29 19:28:29,20260529-185745,log/stroke_prediction_v2/8/infgain/gaussian_noise__noImbl__standard/XGBmodel,1780052279784_edb427c117800541091977042,0.9354207436399216,0.5850100603621731,0.5486831275720165,0.5601377259566476,0.9194600085837924,0.9354207436399216,0.9266747411091676,0.9354207436399216,0.9354207436399216,0.9354207436399216,0.8025054871676389
8,infgain,standard,gaussian_noise,noImbl,XGBmodel,last,0.3,0.1,42,2026-05-29 19:28:10,20260529-185745,log/stroke_prediction_v2/8/infgain/gaussian_noise__noImbl__standard/XGBmodel,1780052279784_edb427c117800540904459573,0.9471624266144814,0.6438943894389438,0.5358847736625514,0.5508935256013802,0.92406786666925,0.9471624266144812,0.9314767826160464,0.9471624266144814,0.9471624266144814,0.9471624266144814,0.8116052198554807
8,infgain,standard,gaussian_noise,noImbl,XGBmodel,last,0.3,0.2,42,2026-05-29 19:28:34,20260529-185745,log/stroke_prediction_v2/8/infgain/gaussian_noise__noImbl__standard/XGBmodel,1780052279784_edb427c117800541149790762,0.946183953033268,0.6443230718305196,0.5448559670781893,0.5630271698993276,0.9248832860129128,0.946183953033268,0.9321709045382964,0.946183953033268,0.946183953033268,0.946183953033268,0.8141595248711129
8,infgain,standard,gaussian_noise,noImbl,XGBmodel,last,0.35,0.1,42,2026-05-29 19:28:16,20260529-185745,log/stroke_prediction_v2/8/infgain/gaussian_noise__noImbl__standard/XGBmodel,1780052279784_edb427c117800540969277050,0.9530332681017613,0.7782608695652173,0.5579423868312758,0.5879032258064516,0.9390793839870673,0.9530332681017614,0.937851145761,0.9530332681017613,0.9530332681017613,0.9530332681017613,0.8376047270141781
8,infgain,standard,gaussian_noise,noImbl,XGBmodel,last,0.35,0.2,42,2026-05-29 19:28:40,20260529-185745,log/stroke_prediction_v2/8/infgain/gaussian_noise__noImbl__standard/XGBmodel,1780052279784_edb427c117800541206886278,0.952054794520548,0.7555665240759022,0.5479423868312758,0.572403193442343,0.9360069477312444,0.952054794520548,0.9358910191890772,0.952054794520548,0.952054794520548,0.952054794520548,0.8310176355667742
8,infgain,standard,gaussian_noise,noImbl,XGBmodel,last,0.5,0.1,42,2026-05-29 19:28:23,20260529-185745,log/stroke_prediction_v2/8/infgain/gaussian_noise__noImbl__standard/XGBmodel,1780052279784_edb427c117800541034616553,0.9510763209393346,0.4755381604696673,0.5,0.4874623871614844,0.9045461682515002,0.9510763209393346,0.9272278675557002,0.9510763209393346,0.9510763209393346,0.9510763209393346,0.7806424994554282
8,infgain,standard,gaussian_noise,noImbl,XGBmodel,last,0.5,0.2,42,2026-05-29 19:28:46,20260529-185745,log/stroke_prediction_v2/8/infgain/gaussian_noise__noImbl__standard/XGBmodel,1780052279784_edb427c117800541266795629,0.9500978473581212,0.4755142017629775,0.499485596707819,0.4872052182639237,0.9045005951342742,0.9500978473581214,0.9267386930577962,0.9500978473581212,0.9500978473581212,0.9500978473581212,0.7800807650020133
8,infgain,standard,gaussian_noise,noImbl,random_forest,first,0.25,0.1,42,2026-05-29 19:27:11,20260529-185745,log/stroke_prediction_v2/8/infgain/standard__gaussian_noise__noImbl/random_forest,1780052279784_edb427c117800540318360220,0.923679060665362,0.5836327857631759,0.5804526748971194,0.5819997063573631,0.9222101782683764,0.923679060665362,0.9229394949633966,0.923679060665362,0.923679060665362,0.923679060665362,0.8038420683571258
8,infgain,standard,gaussian_noise,noImbl,random_forest,first,0.25,0.2,42,2026-05-29 19:27:39,20260529-185745,log/stroke_prediction_v2/8/infgain/standard__gaussian_noise__noImbl/random_forest,1780052279784_edb427c117800540591273809,0.9148727984344422,0.5606185954686472,0.5663374485596708,0.5632800412583806,0.918757164695032,0.9148727984344422,0.9167898799893828,0.9148727984344422,0.9148727984344422,0.9148727984344422,0.7925309284332762
8,infgain,standard,gaussian_noise,noImbl,random_forest,first,0.3,0.1,42,2026-05-29 19:27:19,20260529-185745,log/stroke_prediction_v2/8/infgain/standard__gaussian_noise__noImbl/random_forest,1780052279784_edb427c117800540397508641,0.9275929549902152,0.5786150712830957,0.5635390946502058,0.5699533720004548,0.9201836580962212,0.9275929549902152,0.92375562040878,0.9275929549902152,0.9275929549902152,0.9275929549902152,0.8013273132604234
8,infgain,standard,gaussian_noise,noImbl,random_forest,first,0.3,0.2,42,2026-05-29 19:27:44,20260529-185745,log/stroke_prediction_v2/8/infgain/standard__gaussian_noise__noImbl/random_forest,1780052279784_edb427c117800540649736802,0.926614481409002,0.5678717687873334,0.5535390946502058,0.559470099715509,0.9182539520894292,0.926614481409002,0.922285876694502,0.926614481409002,0.926614481409002,0.926614481409002,0.7968756705777992
8,infgain,standard,gaussian_noise,noImbl,random_forest,first,0.35,0.1,42,2026-05-29 19:27:26,20260529-185745,log/stroke_prediction_v2/8/infgain/standard__gaussian_noise__noImbl/random_forest,1780052279784_edb427c117800540464690410,0.929549902152642,0.5434811827956989,0.5266255144032922,0.5316700610997963,0.9134971487490264,0.929549902152642,0.921102347140904,0.929549902152642,0.929549902152642,0.929549902152642,0.7880962066919635
8,infgain,standard,gaussian_noise,noImbl,random_forest,first,0.35,0.2,42,2026-05-29 19:27:50,20260529-185745,log/stroke_prediction_v2/8/infgain/standard__gaussian_noise__noImbl/random_forest,1780052279784_edb427c117800540706913295,0.9324853228962818,0.5843214756258235,0.5566255144032922,0.5667442846347143,0.9201029266544456,0.932485322896282,0.9258638131513972,0.9324853228962818,0.9324853228962818,0.9324853228962818,0.8029903354947854
8,infgain,standard,gaussian_noise,noImbl,random_forest,first,0.5,0.1,42,2026-05-29 19:27:33,20260529-185745,log/stroke_prediction_v2/8/infgain/standard__gaussian_noise__noImbl/random_forest,1780052279784_edb427c117800540532763787,0.943248532289628,0.6021371769383699,0.5338271604938272,0.5459447865919048,0.9198186614170166,0.943248532289628,0.9291184827564454,0.943248532289628,0.943248532289628,0.943248532289628,0.8041372032030251
8,infgain,standard,gaussian_noise,noImbl,random_forest,first,0.5,0.2,42,2026-05-29 19:27:56,20260529-185745,log/stroke_prediction_v2/8/infgain/standard__gaussian_noise__noImbl/random_forest,1780052279784_edb427c117800540765405822,0.9442270058708416,0.5671702185055301,0.5153703703703704,0.5184147218570968,0.9148165764563472,0.9442270058708416,0.9269463824821464,0.9442270058708416,0.9442270058708416,0.9442270058708416,0.7942306845324476
8,infgain,standard,gaussian_noise,noImbl,random_forest,last,0.25,0.1,42,2026-05-29 19:28:03,20260529-185745,log/stroke_prediction_v2/8/infgain/gaussian_noise__noImbl__standard/random_forest,1780052279784_edb427c117800540836149945,0.9158512720156556,0.5552735923869945,0.5573662551440329,0.5562892510248179,0.9174224165892012,0.9158512720156556,0.916632928583027,0.9158512720156556,0.9158512720156556,0.9158512720156556,0.7902850621594616
8,infgain,standard,gaussian_noise,noImbl,random_forest,last,0.25,0.2,42,2026-05-29 19:28:29,20260529-185745,log/stroke_prediction_v2/8/infgain/gaussian_noise__noImbl__standard/random_forest,1780052279784_edb427c117800541090348814,0.9158512720156556,0.5552735923869945,0.5573662551440329,0.5562892510248179,0.9174224165892012,0.9158512720156556,0.916632928583027,0.9158512720156556,0.9158512720156556,0.9158512720156556,0.7902850621594616
8,infgain,standard,gaussian_noise,noImbl,random_forest,last,0.3,0.1,42,2026-05-29 19:28:10,20260529-185745,log/stroke_prediction_v2/8/infgain/gaussian_noise__noImbl__standard/random_forest,1780052279784_edb427c117800540902767251,0.9256360078277888,0.5738095238095238,0.5625102880658436,0.5674893086243763,0.919634703196347,0.9256360078277888,0.922555176006684,0.9256360078277888,0.9256360078277888,0.9256360078277884,0.7993565273329458
8,infgain,standard,gaussian_noise,noImbl,random_forest,last,0.3,0.2,42,2026-05-29 19:28:34,20260529-185745,log/stroke_prediction_v2/8/infgain/gaussian_noise__noImbl__standard/random_forest,1780052279784_edb427c117800541147753148,0.923679060665362,0.5613945578231293,0.5519958847736626,0.5561074483250178,0.917499367653128,0.923679060665362,0.9205171543226494,0.923679060665362,0.923679060665362,0.923679060665362,0.7940542956882867
8,infgain,standard,gaussian_noise,noImbl,random_forest,last,0.35,0.1,42,2026-05-29 19:28:16,20260529-185745,log/stroke_prediction_v2/8/infgain/gaussian_noise__noImbl__standard/random_forest,1780052279784_edb427c117800540967501448,0.9334637964774952,0.5963919980947844,0.5666255144032922,0.577891156462585,0.922157404917488,0.9334637964774952,0.9273985915305456,0.9334637964774952,0.9334637964774952,0.9334637964774952,0.8076964725315238
8,infgain,standard,gaussian_noise,noImbl,random_forest,last,0.35,0.2,42,2026-05-29 19:28:40,20260529-185745,log/stroke_prediction_v2/8/infgain/gaussian_noise__noImbl__standard/random_forest,1780052279784_edb427c117800541205174068,0.9334637964774952,0.5666498993963782,0.5381687242798354,0.5468085661371521,0.9167559171073408,0.9334637964774952,0.9244527635670212,0.9334637964774952,0.9334637964774952,0.9334637964774952,0.7962321721249792
8,infgain,standard,gaussian_noise,noImbl,random_forest,last,0.5,0.1,42,2026-05-29 19:28:23,20260529-185745,log/stroke_prediction_v2/8/infgain/gaussian_noise__noImbl__standard/random_forest,1780052279784_edb427c117800541032973305,0.9452054794520548,0.6200396825396826,0.5348559670781893,0.5483585858585859,0.9216522225328488,0.9452054794520548,0.9302926525529264,0.9452054794520548,0.9452054794520548,0.9452054794520548,0.8075346647576206
8,infgain,standard,gaussian_noise,noImbl,random_forest,last,0.5,0.2,42,2026-05-29 19:28:46,20260529-185745,log/stroke_prediction_v2/8/infgain/gaussian_noise__noImbl__standard/random_forest,1780052279784_edb427c117800541265115809,0.946183953033268,0.6131193238018163,0.5258847736625514,0.5353124509147424,0.9202049119532149,0.946183953033268,0.929509667307334,0.946183953033268,0.946183953033268,0.946183953033268,0.8041177998883768
8,infgain,standard,gaussian_noise,noImbl,sklearn_SVM,first,0.25,0.1,42,2026-05-29 19:27:10,20260529-185745,log/stroke_prediction_v2/8/infgain/standard__gaussian_noise__noImbl/sklearn_SVM,1780052279784_edb427c117800540302642965,0.9471624266144814,0.6013313609467457,0.5169135802469136,0.5208875924575477,0.9182858763996804,0.9471624266144816,0.9285902865371046,0.9471624266144814,0.9471624266144814,0.9471624266144814,0.7999397342543241
8,infgain,standard,gaussian_noise,noImbl,sklearn_SVM,first,0.25,0.2,42,2026-05-29 19:27:38,20260529-185745,log/stroke_prediction_v2/8/infgain/standard__gaussian_noise__noImbl/sklearn_SVM,1780052279784_edb427c117800540580542107,0.9452054794520548,0.5383382642998028,0.5063991769547325,0.5031426884744937,0.9112324714274136,0.9452054794520548,0.9259454823347752,0.9452054794520548,0.9452054794520548,0.9452054794520548,0.7880424086704069
8,infgain,standard,gaussian_noise,noImbl,sklearn_SVM,first,0.3,0.1,42,2026-05-29 19:27:18,20260529-185745,log/stroke_prediction_v2/8/infgain/standard__gaussian_noise__noImbl/sklearn_SVM,1780052279784_edb427c117800540382345843,0.943248532289628,0.47534516765286,0.4958847736625514,0.48539778449144,0.9041790664551466,0.943248532289628,0.9233006781324457,0.943248532289628,0.943248532289628,0.943248532289628,0.7761450830864897
8,infgain,standard,gaussian_noise,noImbl,sklearn_SVM,first,0.3,0.2,42,2026-05-29 19:27:43,20260529-185745,log/stroke_prediction_v2/8/infgain/standard__gaussian_noise__noImbl/sklearn_SVM,1780052279784_edb427c117800540638945271,0.9452054794520548,0.5383382642998028,0.5063991769547325,0.5031426884744937,0.9112324714274136,0.9452054794520548,0.9259454823347752,0.9452054794520548,0.9452054794520548,0.9452054794520548,0.7880424086704069
8,infgain,standard,gaussian_noise,noImbl,sklearn_SVM,first,0.35,0.1,42,2026-05-29 19:27:25,20260529-185745,log/stroke_prediction_v2/8/infgain/standard__gaussian_noise__noImbl/sklearn_SVM,1780052279784_edb427c117800540453492653,0.9510763209393346,0.7264243614931238,0.5189711934156378,0.5244742229666852,0.9306936973998362,0.9510763209393344,0.9308039071927005,0.9510763209393346,0.9510763209393346,0.9510763209393346,0.8163311731305013
8,infgain,standard,gaussian_noise,noImbl,sklearn_SVM,first,0.35,0.2,42,2026-05-29 19:27:49,20260529-185745,log/stroke_prediction_v2/8/infgain/standard__gaussian_noise__noImbl/sklearn_SVM,1780052279784_edb427c117800540696300203,0.9471624266144814,0.5592191601049868,0.5074279835390947,0.5042756539235412,0.9133614291364266,0.9471624266144814,0.9269895301358052,0.9471624266144814,0.9471624266144814,0.9471624266144814,0.7915556055327451
8,infgain,standard,gaussian_noise,noImbl,sklearn_SVM,first,0.5,0.1,42,2026-05-29 19:27:32,20260529-185745,log/stroke_prediction_v2/8/infgain/standard__gaussian_noise__noImbl/sklearn_SVM,1780052279784_edb427c117800540521312216,0.949119373776908,0.4754901960784314,0.4989711934156378,0.4869477911646586,0.9044549326579948,0.949119373776908,0.926249027420838,0.949119373776908,0.949119373776908,0.949119373776908,0.7795189045137939
8,infgain,standard,gaussian_noise,noImbl,sklearn_SVM,first,0.5,0.2,42,2026-05-29 19:27:55,20260529-185745,log/stroke_prediction_v2/8/infgain/standard__gaussian_noise__noImbl/sklearn_SVM,1780052279784_edb427c117800540754804993,0.949119373776908,0.4754901960784314,0.4989711934156378,0.4869477911646586,0.9044549326579948,0.949119373776908,0.926249027420838,0.949119373776908,0.949119373776908,0.949119373776908,0.7795189045137939
8,infgain,standard,gaussian_noise,noImbl,sklearn_SVM,last,0.25,0.1,42,2026-05-29 19:28:02,20260529-185745,log/stroke_prediction_v2/8/infgain/gaussian_noise__noImbl__standard/sklearn_SVM,1780052279784_edb427c117800540825251936,0.9471624266144814,0.6013313609467457,0.5169135802469136,0.5208875924575477,0.9182858763996804,0.9471624266144816,0.9285902865371046,0.9471624266144814,0.9471624266144814,0.9471624266144814,0.7999397342543241
8,infgain,standard,gaussian_noise,noImbl,sklearn_SVM,last,0.25,0.2,42,2026-05-29 19:28:28,20260529-185745,log/stroke_prediction_v2/8/infgain/gaussian_noise__noImbl__standard/sklearn_SVM,1780052279784_edb427c117800541080407171,0.9393346379647748,0.5114087301587301,0.503312757201646,0.4999684343434344,0.9083379927313392,0.9393346379647748,0.9228240081835974,0.9393346379647748,0.9393346379647748,0.9393346379647748,0.7814586695741361
8,infgain,standard,gaussian_noise,noImbl,sklearn_SVM,last,0.3,0.1,42,2026-05-29 19:28:09,20260529-185745,log/stroke_prediction_v2/8/infgain/gaussian_noise__noImbl__standard/sklearn_SVM,1780052279784_edb427c117800540891357126,0.949119373776908,0.6430446194225722,0.5179423868312758,0.5226358148893361,0.9224514743876192,0.949119373776908,0.9296936216122568,0.949119373776908,0.949119373776908,0.949119373776908,0.8058410130501487
8,infgain,standard,gaussian_noise,noImbl,sklearn_SVM,last,0.3,0.2,42,2026-05-29 19:28:33,20260529-185745,log/stroke_prediction_v2/8/infgain/gaussian_noise__noImbl__standard/sklearn_SVM,1780052279784_edb427c117800541137739077,0.946183953033268,0.5472906403940886,0.5069135802469136,0.5037038999108238,0.9121513886612744,0.9461839530332682,0.926467225277553,0.946183953033268,0.946183953033268,0.946183953033268,0.7896348109217913
8,infgain,standard,gaussian_noise,noImbl,sklearn_SVM,last,0.35,0.1,42,2026-05-29 19:28:15,20260529-185745,log/stroke_prediction_v2/8/infgain/gaussian_noise__noImbl__standard/sklearn_SVM,1780052279784_edb427c117800540956831830,0.949119373776908,0.4754901960784314,0.4989711934156378,0.4869477911646586,0.9044549326579948,0.949119373776908,0.926249027420838,0.949119373776908,0.949119373776908,0.949119373776908,0.7795189045137939
8,infgain,standard,gaussian_noise,noImbl,sklearn_SVM,last,0.35,0.2,42,2026-05-29 19:28:39,20260529-185745,log/stroke_prediction_v2/8/infgain/gaussian_noise__noImbl__standard/sklearn_SVM,1780052279784_edb427c117800541194756993,0.946183953033268,0.5472906403940886,0.5069135802469136,0.5037038999108238,0.9121513886612744,0.9461839530332682,0.926467225277553,0.946183953033268,0.946183953033268,0.946183953033268,0.7896348109217913
8,infgain,standard,gaussian_noise,noImbl,sklearn_SVM,last,0.5,0.1,42,2026-05-29 19:28:22,20260529-185745,log/stroke_prediction_v2/8/infgain/gaussian_noise__noImbl__standard/sklearn_SVM,1780052279784_edb427c117800541021800446,0.9471624266144814,0.475442043222004,0.4979423868312758,0.4864321608040201,0.9043633385749272,0.9471624266144816,0.9252682197681164,0.9471624266144814,0.9471624266144814,0.9471624266144814,0.7783948045944336
8,infgain,standard,gaussian_noise,noImbl,sklearn_SVM,last,0.5,0.2,42,2026-05-29 19:28:45,20260529-185745,log/stroke_prediction_v2/8/infgain/gaussian_noise__noImbl__standard/sklearn_SVM,1780052279784_edb427c117800541254363118,0.9481409001956947,0.5759095378564405,0.5079423868312758,0.5048585401526577,0.915037320541018,0.9481409001956947,0.9275124553126164,0.9481409001956947,0.9481409001956947,0.9481409001956947,0.7940009339209423
8,infgain,standard,mixup,noImbl,DTmodel,first,0.25,0.1,42,2026-05-29 19:28:51,20260529-185745,log/stroke_prediction_v2/8/infgain/standard__mixup__noImbl/DTmodel,1780052279784_edb427c117800541310612793,0.9158512720156556,0.5552735923869945,0.5573662551440329,0.5562892510248179,0.9174224165892012,0.9158512720156556,0.916632928583027,0.9158512720156556,0.9158512720156556,0.9158512720156556,0.7902850621594616
8,infgain,standard,mixup,noImbl,DTmodel,first,0.25,0.2,42,2026-05-29 19:29:03,20260529-185745,log/stroke_prediction_v2/8/infgain/standard__mixup__noImbl/DTmodel,1780052279784_edb427c117800541437689929,0.9227005870841488,0.581485831742769,0.5799382716049383,0.5807016177196126,0.9219620270076522,0.9227005870841488,0.9223300573231904,0.9227005870841488,0.9227005870841488,0.9227005870841488,0.8028735991256157
8,infgain,standard,mixup,noImbl,DTmodel,first,0.3,0.1,42,2026-05-29 19:28:54,20260529-185745,log/stroke_prediction_v2/8/infgain/standard__mixup__noImbl/DTmodel,1780052279784_edb427c117800541341991158,0.9256360078277888,0.6110345883073156,0.6194238683127572,0.6150277557494052,0.928389630755758,0.9256360078277888,0.9269894206908752,0.9256360078277888,0.9256360078277888,0.9256360078277884,0.8174417883347403
8,infgain,standard,mixup,noImbl,DTmodel,first,0.3,0.2,42,2026-05-29 19:29:06,20260529-185745,log/stroke_prediction_v2/8/infgain/standard__mixup__noImbl/DTmodel,1780052279784_edb427c117800541468264400,0.926614481409002,0.6029217442372633,0.6009670781893004,0.6019319155565942,0.9259138477787602,0.926614481409002,0.9262627126485984,0.926614481409002,0.926614481409002,0.926614481409002,0.812855253814912
8,infgain,standard,mixup,noImbl,DTmodel,first,0.35,0.1,42,2026-05-29 19:28:57,20260529-185745,log/stroke_prediction_v2/8/infgain/standard__mixup__noImbl/DTmodel,1780052279784_edb427c117800541373051769,0.9158512720156556,0.5685817805383022,0.5763374485596708,0.5721518001440894,0.9204306499252471,0.9158512720156556,0.9181025785999672,0.9158512720156556,0.9158512720156556,0.9158512720156556,0.7964136535201926
8,infgain,standard,mixup,noImbl,DTmodel,first,0.35,0.2,42,2026-05-29 19:29:09,20260529-185745,log/stroke_prediction_v2/8/infgain/standard__mixup__noImbl/DTmodel,1780052279784_edb427c117800541498827294,0.9090019569471623,0.5524385459135804,0.5632510288065844,0.5570252093790634,0.9177179514390944,0.9090019569471623,0.9132519506060528,0.9090019569471623,0.9090019569471623,0.9090019569471623,0.7874831093925581
8,infgain,standard,mixup,noImbl,DTmodel,first,0.5,0.1,42,2026-05-29 19:29:00,20260529-185745,log/stroke_prediction_v2/8/infgain/standard__mixup__noImbl/DTmodel,1780052279784_edb427c117800541404791669,0.9315068493150684,0.5898129366689204,0.56559670781893,0.5751478727700311,0.9214358708370768,0.9315068493150684,0.9261766936829846,0.9315068493150684,0.9315068493150684,0.9315068493150684,0.8054859762264723
8,infgain,standard,mixup,noImbl,DTmodel,first,0.5,0.2,42,2026-05-29 19:29:12,20260529-185745,log/stroke_prediction_v2/8/infgain/standard__mixup__noImbl/DTmodel,1780052279784_edb427c117800541528456274,0.920743639921722,0.570767875495522,0.5694238683127572,0.5700864688011217,0.9199861166220984,0.920743639921722,0.9203637296604864,0.920743639921722,0.920743639921722,0.920743639921722,0.7978827717809676
8,infgain,standard,mixup,noImbl,DTmodel,last,0.25,0.1,42,2026-05-29 19:29:16,20260529-185745,log/stroke_prediction_v2/8/infgain/mixup__noImbl__standard/DTmodel,1780052279784_edb427c117800541564281130,0.913894324853229,0.5654600085849191,0.5753086419753086,0.5698653198653199,0.9200476902619408,0.9138943248532287,0.9169055196452456,0.913894324853229,0.913894324853229,0.913894324853229,0.794654989950093
8,infgain,standard,mixup,noImbl,DTmodel,last,0.25,0.2,42,2026-05-29 19:29:28,20260529-185745,log/stroke_prediction_v2/8/infgain/mixup__noImbl__standard/DTmodel,1780052279784_edb427c117800541688435679,0.9099804305283756,0.5710346139216432,0.5922222222222222,0.5795893547002431,0.9221672464063708,0.9099804305283756,0.9158151515143028,0.9099804305283756,0.9099804305283756,0.9099804305283756,0.7968452563985557
8,infgain,standard,mixup,noImbl,DTmodel,last,0.3,0.1,42,2026-05-29 19:29:19,20260529-185745,log/stroke_prediction_v2/8/infgain/mixup__noImbl__standard/DTmodel,1780052279784_edb427c117800541595030310,0.9099804305283756,0.5471812848762341,0.5542798353909465,0.5503137434955616,0.9163874794582147,0.9099804305283756,0.9131284978109386,0.9099804305283756,0.9099804305283756,0.9099804305283756,0.7852933683798647
8,infgain,standard,mixup,noImbl,DTmodel,last,0.3,0.2,42,2026-05-29 19:29:31,20260529-185745,log/stroke_prediction_v2/8/infgain/mixup__noImbl__standard/DTmodel,1780052279784_edb427c117800541718445773,0.9178082191780822,0.5426764076977905,0.5394238683127572,0.5409394250513346,0.9145812788642732,0.9178082191780822,0.9161802762228912,0.9178082191780822,0.9178082191780822,0.9178082191780822,0.7853593983498487
8,infgain,standard,mixup,noImbl,DTmodel,last,0.35,0.1,42,2026-05-29 19:29:22,20260529-185745,log/stroke_prediction_v2/8/infgain/mixup__noImbl__standard/DTmodel,1780052279784_edb427c117800541625868086,0.9178082191780822,0.5426764076977905,0.5394238683127572,0.5409394250513346,0.9145812788642732,0.9178082191780822,0.9161802762228912,0.9178082191780822,0.9178082191780822,0.9178082191780822,0.7853593983498487
8,infgain,standard,mixup,noImbl,DTmodel,last,0.35,0.2,42,2026-05-29 19:29:34,20260529-185745,log/stroke_prediction_v2/8/infgain/mixup__noImbl__standard/DTmodel,1780052279784_edb427c117800541748865774,0.9099804305283756,0.5471812848762341,0.5542798353909465,0.5503137434955616,0.9163874794582147,0.9099804305283756,0.9131284978109386,0.9099804305283756,0.9099804305283756,0.9099804305283756,0.7852933683798647
8,infgain,standard,mixup,noImbl,DTmodel,last,0.5,0.1,42,2026-05-29 19:29:25,20260529-185745,log/stroke_prediction_v2/8/infgain/mixup__noImbl__standard/DTmodel,1780052279784_edb427c117800541658244521,0.9217221135029354,0.5654401282965074,0.5604526748971194,0.5627994524298425,0.9186573222323424,0.9217221135029356,0.9201716916408488,0.9217221135029354,0.9217221135029354,0.9217221135029354,0.7955895295543746
8,infgain,standard,mixup,noImbl,DTmodel,last,0.5,0.2,42,2026-05-29 19:29:37,20260529-185745,log/stroke_prediction_v2/8/infgain/mixup__noImbl__standard/DTmodel,1780052279784_edb427c117800541777859949,0.9021526418786692,0.5322449112734864,0.540679012345679,0.5354967730206345,0.9137381188998606,0.9021526418786692,0.907805926200269,0.9021526418786692,0.9021526418786692,0.9021526418786692,0.7760226658865055
8,infgain,standard,mixup,noImbl,GradientBoosting,first,0.25,0.1,42,2026-05-29 19:28:52,20260529-185745,log/stroke_prediction_v2/8/infgain/standard__mixup__noImbl/GradientBoosting,1780052279784_edb427c117800541322638806,0.9393346379647748,0.6029559118236472,0.5507407407407408,0.565345040471944,0.9213760201420452,0.939334637964775,0.9290775392993598,0.9393346379647748,0.9393346379647748,0.9393346379647748,0.8074045094222487
8,infgain,standard,mixup,noImbl,GradientBoosting,first,0.25,0.2,42,2026-05-29 19:29:05,20260529-185745,log/stroke_prediction_v2/8/infgain/standard__mixup__noImbl/GradientBoosting,1780052279784_edb427c117800541450380218,0.9412915851272016,0.5882027445772466,0.5327983539094651,0.5436413431769469,0.9183730396959672,0.9412915851272016,0.9279532122315955,0.9412915851272016,0.9412915851272016,0.9412915851272016,0.8011932311804297
8,infgain,standard,mixup,noImbl,GradientBoosting,first,0.3,0.1,42,2026-05-29 19:28:55,20260529-185745,log/stroke_prediction_v2/8/infgain/standard__mixup__noImbl/GradientBoosting,1780052279784_edb427c117800541353713413,0.943248532289628,0.64562458249833,0.5717695473251028,0.5933872959253669,0.9273589579681214,0.943248532289628,0.9336531819252074,0.943248532289628,0.943248532289628,0.943248532289628,0.8208307933725927
8,infgain,standard,mixup,noImbl,GradientBoosting,first,0.3,0.2,42,2026-05-29 19:29:07,20260529-185745,log/stroke_prediction_v2/8/infgain/standard__mixup__noImbl/GradientBoosting,1780052279784_edb427c117800541479824534,0.9393346379647748,0.5599269588313412,0.522283950617284,0.5284293879495117,0.91470777035368,0.939334637964775,0.9255516526393152,0.9393346379647748,0.9393346379647748,0.9393346379647748,0.7935228792544644
8,infgain,standard,mixup,noImbl,GradientBoosting,first,0.35,0.1,42,2026-05-29 19:28:58,20260529-185745,log/stroke_prediction_v2/8/infgain/standard__mixup__noImbl/GradientBoosting,1780052279784_edb427c117800541385120589,0.949119373776908,0.6924603174603174,0.5558847736625514,0.5806186868686869,0.9305283757338552,0.949119373776908,0.935271748799146,0.949119373776908,0.949119373776908,0.949119373776908,0.8249186615466103
8,infgain,standard,mixup,noImbl,GradientBoosting,first,0.35,0.2,42,2026-05-29 19:29:11,20260529-185745,log/stroke_prediction_v2/8/infgain/standard__mixup__noImbl/GradientBoosting,1780052279784_edb427c117800541510779995,0.9452054794520548,0.6200396825396826,0.5348559670781893,0.5483585858585859,0.9216522225328488,0.9452054794520548,0.9302926525529264,0.9452054794520548,0.9452054794520548,0.9452054794520548,0.8075346647576206
8,infgain,standard,mixup,noImbl,GradientBoosting,first,0.5,0.1,42,2026-05-29 19:29:01,20260529-185745,log/stroke_prediction_v2/8/infgain/standard__mixup__noImbl/GradientBoosting,1780052279784_edb427c117800541418674189,0.949119373776908,0.6430446194225722,0.5179423868312758,0.5226358148893361,0.9224514743876192,0.949119373776908,0.9296936216122568,0.949119373776908,0.949119373776908,0.949119373776908,0.8058410130501487
8,infgain,standard,mixup,noImbl,GradientBoosting,first,0.5,0.2,42,2026-05-29 19:29:13,20260529-185745,log/stroke_prediction_v2/8/infgain/standard__mixup__noImbl/GradientBoosting,1780052279784_edb427c117800541539799115,0.9363992172211352,0.4751737835153922,0.492283950617284,0.483577564426478,0.9038530676652862,0.9363992172211352,0.9198383417270776,0.9363992172211352,0.9363992172211352,0.9363992172211352,0.7722031529912835
8,infgain,standard,mixup,noImbl,GradientBoosting,last,0.25,0.1,42,2026-05-29 19:29:17,20260529-185745,log/stroke_prediction_v2/8/infgain/mixup__noImbl__standard/GradientBoosting,1780052279784_edb427c117800541575693967,0.9334637964774952,0.5963919980947844,0.5666255144032922,0.577891156462585,0.922157404917488,0.9334637964774952,0.9273985915305456,0.9334637964774952,0.9334637964774952,0.9334637964774952,0.8076964725315238
8,infgain,standard,mixup,noImbl,GradientBoosting,last,0.25,0.2,42,2026-05-29 19:29:29,20260529-185745,log/stroke_prediction_v2/8/infgain/mixup__noImbl__standard/GradientBoosting,1780052279784_edb427c117800541699775376,0.9403131115459884,0.6270426205099571,0.5702263374485596,0.5883902574294033,0.92542629069097,0.9403131115459882,0.931747793403468,0.9403131115459884,0.9403131115459884,0.9403131115459884,0.8164154771082744
8,infgain,standard,mixup,noImbl,GradientBoosting,last,0.3,0.1,42,2026-05-29 19:29:20,20260529-185745,log/stroke_prediction_v2/8/infgain/mixup__noImbl__standard/GradientBoosting,1780052279784_edb427c117800541606805262,0.9412915851272016,0.5882027445772466,0.5327983539094651,0.5436413431769469,0.9183730396959672,0.9412915851272016,0.9279532122315955,0.9412915851272016,0.9412915851272016,0.9412915851272016,0.8011932311804297
8,infgain,standard,mixup,noImbl,GradientBoosting,last,0.3,0.2,42,2026-05-29 19:29:33,20260529-185745,log/stroke_prediction_v2/8/infgain/mixup__noImbl__standard/GradientBoosting,1780052279784_edb427c117800541731079349,0.9471624266144814,0.6438943894389438,0.5358847736625514,0.5508935256013802,0.92406786666925,0.9471624266144812,0.9314767826160464,0.9471624266144814,0.9471624266144814,0.9471624266144814,0.8116052198554807
8,infgain,standard,mixup,noImbl,GradientBoosting,last,0.35,0.1,42,2026-05-29 19:29:23,20260529-185745,log/stroke_prediction_v2/8/infgain/mixup__noImbl__standard/GradientBoosting,1780052279784_edb427c117800541637579245,0.9412915851272016,0.475296442687747,0.4948559670781893,0.4848790322580645,0.9040863841340314,0.9412915851272016,0.92231393220125,0.9412915851272016,0.9412915851272016,0.9412915851272016,0.7750194581097745
8,infgain,standard,mixup,noImbl,GradientBoosting,last,0.35,0.2,42,2026-05-29 19:29:36,20260529-185745,log/stroke_prediction_v2/8/infgain/mixup__noImbl__standard/GradientBoosting,1780052279784_edb427c117800541760010156,0.943248532289628,0.525790513833992,0.5053703703703704,0.5020497311827956,0.909918550776204,0.9432485322896282,0.9249034677945416,0.943248532289628,0.943248532289628,0.943248532289628,0.7854503362605084
8,infgain,standard,mixup,noImbl,GradientBoosting,last,0.5,0.1,42,2026-05-29 19:29:27,20260529-185745,log/stroke_prediction_v2/8/infgain/mixup__noImbl__standard/GradientBoosting,1780052279784_edb427c117800541670236448,0.9471624266144814,0.475442043222004,0.4979423868312758,0.4864321608040201,0.9043633385749272,0.9471624266144816,0.9252682197681164,0.9471624266144814,0.9471624266144814,0.9471624266144814,0.7783948045944336
8,infgain,standard,mixup,noImbl,GradientBoosting,last,0.5,0.2,42,2026-05-29 19:29:38,20260529-185745,log/stroke_prediction_v2/8/infgain/mixup__noImbl__standard/GradientBoosting,1780052279784_edb427c117800541789658375,0.949119373776908,0.4754901960784314,0.4989711934156378,0.4869477911646586,0.9044549326579948,0.949119373776908,0.926249027420838,0.949119373776908,0.949119373776908,0.949119373776908,0.7795189045137939
8,infgain,standard,mixup,noImbl,LogisticRegression,first,0.25,0.1,42,2026-05-29 19:28:51,20260529-185745,log/stroke_prediction_v2/8/infgain/standard__mixup__noImbl/LogisticRegression,1780052279784_edb427c117800541313467908,0.9315068493150684,0.6273528405201917,0.6225102880658436,0.6248715313463514,0.9301930091042916,0.9315068493150684,0.9308431365056122,0.9315068493150684,0.9315068493150684,0.9315068493150684,0.8239655536728544
8,infgain,standard,mixup,noImbl,LogisticRegression,first,0.25,0.2,42,2026-05-29 19:29:04,20260529-185745,log/stroke_prediction_v2/8/infgain/standard__mixup__noImbl/LogisticRegression,1780052279784_edb427c117800541440821943,0.9305283757338552,0.5945300884263244,0.5745679012345679,0.5829650277306819,0.922697907173722,0.9305283757338552,0.926430629937462,0.9305283757338552,0.9305283757338552,0.9305283757338552,0.8078002886272249
8,infgain,standard,mixup,noImbl,LogisticRegression,first,0.3,0.1,42,2026-05-29 19:28:54,20260529-185745,log/stroke_prediction_v2/8/infgain/standard__mixup__noImbl/LogisticRegression,1780052279784_edb427c117800541344715756,0.9334637964774952,0.5963919980947844,0.5666255144032922,0.577891156462585,0.922157404917488,0.9334637964774952,0.9273985915305456,0.9334637964774952,0.9334637964774952,0.9334637964774952,0.8076964725315238
8,infgain,standard,mixup,noImbl,LogisticRegression,first,0.3,0.2,42,2026-05-29 19:29:07,20260529-185745,log/stroke_prediction_v2/8/infgain/standard__mixup__noImbl/LogisticRegression,1780052279784_edb427c117800541470880658,0.9403131115459884,0.6084127605866736,0.5512551440329219,0.5667174023338406,0.9219497724560262,0.9403131115459884,0.9296839396295202,0.9403131115459884,0.9403131115459884,0.9403131115459884,0.8087472136204613
8,infgain,standard,mixup,noImbl,LogisticRegression,first,0.35,0.1,42,2026-05-29 19:28:57,20260529-185745,log/stroke_prediction_v2/8/infgain/standard__mixup__noImbl/LogisticRegression,1780052279784_edb427c117800541375929818,0.9412915851272016,0.5882027445772466,0.5327983539094651,0.5436413431769469,0.9183730396959672,0.9412915851272016,0.9279532122315955,0.9412915851272016,0.9412915851272016,0.9412915851272016,0.8011932311804297
8,infgain,standard,mixup,noImbl,LogisticRegression,first,0.35,0.2,42,2026-05-29 19:29:10,20260529-185745,log/stroke_prediction_v2/8/infgain/standard__mixup__noImbl/LogisticRegression,1780052279784_edb427c117800541501605251,0.952054794520548,0.7509666396906753,0.5574279835390947,0.5860056380876797,0.936369918443818,0.952054794520548,0.9371995217828976,0.952054794520548,0.952054794520548,0.952054794520548,0.8337791459561644
8,infgain,standard,mixup,noImbl,LogisticRegression,first,0.5,0.1,42,2026-05-29 19:29:00,20260529-185745,log/stroke_prediction_v2/8/infgain/standard__mixup__noImbl/LogisticRegression,1780052279784_edb427c117800541407792644,0.9510763209393346,0.7264243614931238,0.5189711934156378,0.5244742229666852,0.9306936973998362,0.9510763209393344,0.9308039071927005,0.9510763209393346,0.9510763209393346,0.9510763209393346,0.8163311731305013
8,infgain,standard,mixup,noImbl,LogisticRegression,first,0.5,0.2,42,2026-05-29 19:29:13,20260529-185745,log/stroke_prediction_v2/8/infgain/standard__mixup__noImbl/LogisticRegression,1780052279784_edb427c117800541531146620,0.952054794520548,0.8097808308799477,0.519485596707819,0.5254304748727765,0.9388916522152168,0.952054794520548,0.931361974062916,0.952054794520548,0.952054794520548,0.952054794520548,0.8261565931288712
8,infgain,standard,mixup,noImbl,LogisticRegression,last,0.25,0.1,42,2026-05-29 19:29:16,20260529-185745,log/stroke_prediction_v2/8/infgain/mixup__noImbl__standard/LogisticRegression,1780052279784_edb427c117800541567117714,0.9256360078277888,0.6004526748971194,0.6004526748971194,0.6004526748971194,0.9256360078277888,0.9256360078277888,0.9256360078277888,0.9256360078277888,0.9256360078277888,0.9256360078277884,0.8118218413020541
8,infgain,standard,mixup,noImbl,LogisticRegression,last,0.25,0.2,42,2026-05-29 19:29:29,20260529-185745,log/stroke_prediction_v2/8/infgain/mixup__noImbl__standard/LogisticRegression,1780052279784_edb427c117800541691143065,0.9422700587084148,0.6522728061950898,0.5902263374485596,0.6115695558347023,0.9296353236404068,0.9422700587084148,0.9349055724302092,0.9422700587084148,0.9422700587084148,0.9422700587084148,0.8260927394515081
8,infgain,standard,mixup,noImbl,LogisticRegression,last,0.3,0.1,42,2026-05-29 19:29:19,20260529-185745,log/stroke_prediction_v2/8/infgain/mixup__noImbl__standard/LogisticRegression,1780052279784_edb427c117800541597861994,0.9354207436399216,0.5602872411489644,0.5297119341563786,0.537302785018521,0.915393082315969,0.9354207436399216,0.924501896673512,0.9354207436399216,0.9354207436399216,0.9354207436399216,0.7939782254719046
8,infgain,standard,mixup,noImbl,LogisticRegression,last,0.3,0.2,42,2026-05-29 19:29:32,20260529-185745,log/stroke_prediction_v2/8/infgain/mixup__noImbl__standard/LogisticRegression,1780052279784_edb427c117800541722408746,0.946183953033268,0.6310513074635968,0.5353703703703704,0.5496101856525885,0.9227704833825092,0.9461839530332682,0.9308834010071106,0.946183953033268,0.946183953033268,0.946183953033268,0.8094668353339096
8,infgain,standard,mixup,noImbl,LogisticRegression,last,0.35,0.1,42,2026-05-29 19:29:22,20260529-185745,log/stroke_prediction_v2/8/infgain/mixup__noImbl__standard/LogisticRegression,1780052279784_edb427c117800541628688723,0.943248532289628,0.6021371769383699,0.5338271604938272,0.5459447865919048,0.9198186614170166,0.943248532289628,0.9291184827564454,0.943248532289628,0.943248532289628,0.943248532289628,0.8041372032030251
8,infgain,standard,mixup,noImbl,LogisticRegression,last,0.35,0.2,42,2026-05-29 19:29:35,20260529-185745,log/stroke_prediction_v2/8/infgain/mixup__noImbl__standard/LogisticRegression,1780052279784_edb427c117800541751572779,0.9530332681017613,0.8106955380577427,0.5389711934156378,0.5593561368209254,0.9406315648900052,0.9530332681017613,0.93510180456516,0.9530332681017613,0.9530332681017613,0.9530332681017613,0.8344118280849556
8,infgain,standard,mixup,noImbl,LogisticRegression,last,0.5,0.1,42,2026-05-29 19:29:26,20260529-185745,log/stroke_prediction_v2/8/infgain/mixup__noImbl__standard/LogisticRegression,1780052279784_edb427c117800541661098321,0.9530332681017613,0.976470588235294,0.52,0.5264133456904542,0.9552434672499136,0.9530332681017613,0.9319221791576966,0.9530332681017613,0.9530332681017613,0.9530332681017613,0.8451350415164477
8,infgain,standard,mixup,noImbl,LogisticRegression,last,0.5,0.2,42,2026-05-29 19:29:38,20260529-185745,log/stroke_prediction_v2/8/infgain/mixup__noImbl__standard/LogisticRegression,1780052279784_edb427c117800541780564305,0.952054794520548,0.976003917727718,0.51,0.5073148175476915,0.9543557887110408,0.952054794520548,0.9296116854869024,0.952054794520548,0.952054794520548,0.952054794520548,0.840396863907284
8,infgain,standard,mixup,noImbl,XGBmodel,first,0.25,0.1,42,2026-05-29 19:28:50,20260529-185745,log/stroke_prediction_v2/8/infgain/standard__mixup__noImbl/XGBmodel,1780052279784_edb427c117800541308853925,0.9393346379647748,0.6360479797979798,0.5886831275720165,0.6061510156385967,0.9279376445472336,0.9393346379647748,0.9329545260478906,0.9393346379647748,0.9393346379647748,0.9393346379647748,0.8218665616306059
8,infgain,standard,mixup,noImbl,XGBmodel,first,0.25,0.2,42,2026-05-29 19:29:03,20260529-185745,log/stroke_prediction_v2/8/infgain/standard__mixup__noImbl/XGBmodel,1780052279784_edb427c117800541435776481,0.9315068493150684,0.5898129366689204,0.56559670781893,0.5751478727700311,0.9214358708370768,0.9315068493150684,0.9261766936829846,0.9315068493150684,0.9315068493150684,0.9315068493150684,0.8054859762264723
8,infgain,standard,mixup,noImbl,XGBmodel,first,0.3,0.1,42,2026-05-29 19:28:54,20260529-185745,log/stroke_prediction_v2/8/infgain/standard__mixup__noImbl/XGBmodel,1780052279784_edb427c117800541340160285,0.9412915851272016,0.5882027445772466,0.5327983539094651,0.5436413431769469,0.9183730396959672,0.9412915851272016,0.9279532122315955,0.9412915851272016,0.9412915851272016,0.9412915851272016,0.8011932311804297
8,infgain,standard,mixup,noImbl,XGBmodel,first,0.3,0.2,42,2026-05-29 19:29:06,20260529-185745,log/stroke_prediction_v2/8/infgain/standard__mixup__noImbl/XGBmodel,1780052279784_edb427c117800541466591729,0.9373776908023485,0.581621576486306,0.5402263374485596,0.5513239127452325,0.9183845512290072,0.9373776908023482,0.926789717986436,0.9373776908023485,0.9373776908023485,0.9373776908023485,0.8006913674470767
8,infgain,standard,mixup,noImbl,XGBmodel,first,0.35,0.1,42,2026-05-29 19:28:57,20260529-185745,log/stroke_prediction_v2/8/infgain/standard__mixup__noImbl/XGBmodel,1780052279784_edb427c117800541371309000,0.9471624266144814,0.6790419161676646,0.5738271604938272,0.6006079027355622,0.9307803180332094,0.9471624266144814,0.9362415907779608,0.9471624266144814,0.9471624266144814,0.9471624266144814,0.8277573341422908
8,infgain,standard,mixup,noImbl,XGBmodel,first,0.35,0.2,42,2026-05-29 19:29:09,20260529-185745,log/stroke_prediction_v2/8/infgain/standard__mixup__noImbl/XGBmodel,1780052279784_edb427c117800541497047784,0.9500978473581212,0.705017534394389,0.5469135802469136,0.5691079090300338,0.9309815829469504,0.9500978473581214,0.9346362369577096,0.9500978473581212,0.9500978473581212,0.9500978473581212,0.8238920306002351
8,infgain,standard,mixup,noImbl,XGBmodel,first,0.5,0.1,42,2026-05-29 19:29:00,20260529-185745,log/stroke_prediction_v2/8/infgain/standard__mixup__noImbl/XGBmodel,1780052279784_edb427c117800541403040012,0.9530332681017613,0.8106955380577427,0.5389711934156378,0.5593561368209254,0.9406315648900052,0.9530332681017613,0.93510180456516,0.9530332681017613,0.9530332681017613,0.9530332681017613,0.8344118280849556
8,infgain,standard,mixup,noImbl,XGBmodel,first,0.5,0.2,42,2026-05-29 19:29:12,20260529-185745,log/stroke_prediction_v2/8/infgain/standard__mixup__noImbl/XGBmodel,1780052279784_edb427c117800541526737844,0.949119373776908,0.4754901960784314,0.4989711934156378,0.4869477911646586,0.9044549326579948,0.949119373776908,0.926249027420838,0.949119373776908,0.949119373776908,0.949119373776908,0.7795189045137939
8,infgain,standard,mixup,noImbl,XGBmodel,last,0.25,0.1,42,2026-05-29 19:29:16,20260529-185745,log/stroke_prediction_v2/8/infgain/mixup__noImbl__standard/XGBmodel,1780052279784_edb427c117800541562632228,0.9334637964774952,0.5778225806451613,0.5476543209876543,0.5576883910386966,0.91867621993561,0.9334637964774952,0.9254855500775206,0.9334637964774952,0.9334637964774952,0.9334637964774952,0.800276921915273
8,infgain,standard,mixup,noImbl,XGBmodel,last,0.25,0.2,42,2026-05-29 19:29:28,20260529-185745,log/stroke_prediction_v2/8/infgain/mixup__noImbl__standard/XGBmodel,1780052279784_edb427c117800541686787182,0.9344422700587084,0.6148305666072164,0.5861111111111111,0.5978244909226531,0.9256765482340896,0.9344422700587084,0.9297620228621644,0.9344422700587084,0.9344422700587084,0.9344422700587084,0.8155767076864475
8,infgain,standard,mixup,noImbl,XGBmodel,last,0.3,0.1,42,2026-05-29 19:29:19,20260529-185745,log/stroke_prediction_v2/8/infgain/mixup__noImbl__standard/XGBmodel,1780052279784_edb427c117800541593292279,0.9471624266144814,0.6438943894389438,0.5358847736625514,0.5508935256013802,0.92406786666925,0.9471624266144812,0.9314767826160464,0.9471624266144814,0.9471624266144814,0.9471624266144814,0.8116052198554807
8,infgain,standard,mixup,noImbl,XGBmodel,last,0.3,0.2,42,2026-05-29 19:29:31,20260529-185745,log/stroke_prediction_v2/8/infgain/mixup__noImbl__standard/XGBmodel,1780052279784_edb427c117800541716739967,0.9481409001956947,0.6938061938061939,0.5838271604938272,0.6133292405216907,0.933088437980806,0.9481409001956947,0.9379310809206725,0.9481409001956947,0.9481409001956947,0.9481409001956947,0.8330175875227149
8,infgain,standard,mixup,noImbl,XGBmodel,last,0.35,0.1,42,2026-05-29 19:29:22,20260529-185745,log/stroke_prediction_v2/8/infgain/mixup__noImbl__standard/XGBmodel,1780052279784_edb427c117800541624178064,0.949119373776908,0.6924603174603174,0.5558847736625514,0.5806186868686869,0.9305283757338552,0.949119373776908,0.935271748799146,0.949119373776908,0.949119373776908,0.949119373776908,0.8249186615466103
8,infgain,standard,mixup,noImbl,XGBmodel,last,0.35,0.2,42,2026-05-29 19:29:34,20260529-185745,log/stroke_prediction_v2/8/infgain/mixup__noImbl__standard/XGBmodel,1780052279784_edb427c117800541747164890,0.9471624266144814,0.6013313609467457,0.5169135802469136,0.5208875924575477,0.9182858763996804,0.9471624266144816,0.9285902865371046,0.9471624266144814,0.9471624266144814,0.9471624266144814,0.7999397342543241
8,infgain,standard,mixup,noImbl,XGBmodel,last,0.5,0.1,42,2026-05-29 19:29:25,20260529-185745,log/stroke_prediction_v2/8/infgain/mixup__noImbl__standard/XGBmodel,1780052279784_edb427c117800541656519138,0.949119373776908,0.4754901960784314,0.4989711934156378,0.4869477911646586,0.9044549326579948,0.949119373776908,0.926249027420838,0.949119373776908,0.949119373776908,0.949119373776908,0.7795189045137939
8,infgain,standard,mixup,noImbl,XGBmodel,last,0.5,0.2,42,2026-05-29 19:29:37,20260529-185745,log/stroke_prediction_v2/8/infgain/mixup__noImbl__standard/XGBmodel,1780052279784_edb427c117800541776142403,0.9510763209393346,0.4755381604696673,0.5,0.4874623871614844,0.9045461682515002,0.9510763209393346,0.9272278675557002,0.9510763209393346,0.9510763209393346,0.9510763209393346,0.7806424994554282
8,infgain,standard,mixup,noImbl,random_forest,first,0.25,0.1,42,2026-05-29 19:28:50,20260529-185745,log/stroke_prediction_v2/8/infgain/standard__mixup__noImbl/random_forest,1780052279784_edb427c117800541307035378,0.9119373776908024,0.5496894409937888,0.5553086419753086,0.5522518838717215,0.9167142735593344,0.9119373776908022,0.914293396209268,0.9119373776908024,0.9119373776908024,0.9119373776908022,0.7869279787413123
8,infgain,standard,mixup,noImbl,random_forest,first,0.25,0.2,42,2026-05-29 19:29:03,20260529-185745,log/stroke_prediction_v2/8/infgain/standard__mixup__noImbl/random_forest,1780052279784_edb427c117800541433767425,0.9178082191780822,0.550842744695414,0.5489094650205761,0.5498458376156218,0.91622305514144,0.9178082191780824,0.9170117638067348,0.9178082191780822,0.9178082191780822,0.9178082191780822,0.7887494543703293
8,infgain,standard,mixup,noImbl,random_forest,first,0.3,0.1,42,2026-05-29 19:28:53,20260529-185745,log/stroke_prediction_v2/8/infgain/standard__mixup__noImbl/random_forest,1780052279784_edb427c117800541338466273,0.9275929549902152,0.5786150712830957,0.5635390946502058,0.5699533720004548,0.9201836580962212,0.9275929549902152,0.92375562040878,0.9275929549902152,0.9275929549902152,0.9275929549902152,0.8013273132604234
8,infgain,standard,mixup,noImbl,random_forest,first,0.3,0.2,42,2026-05-29 19:29:06,20260529-185745,log/stroke_prediction_v2/8/infgain/standard__mixup__noImbl/random_forest,1780052279784_edb427c117800541464839077,0.9246575342465754,0.544724927973659,0.5335390946502058,0.5377982955379744,0.91423744166947,0.9246575342465754,0.919278742692338,0.9246575342465754,0.9246575342465754,0.9246575342465754,0.7876747158625104
8,infgain,standard,mixup,noImbl,random_forest,first,0.35,0.1,42,2026-05-29 19:28:56,20260529-185745,log/stroke_prediction_v2/8/infgain/standard__mixup__noImbl/random_forest,1780052279784_edb427c117800541369513491,0.9334637964774952,0.5963919980947844,0.5666255144032922,0.577891156462585,0.922157404917488,0.9334637964774952,0.9273985915305456,0.9334637964774952,0.9334637964774952,0.9334637964774952,0.8076964725315238
8,infgain,standard,mixup,noImbl,random_forest,first,0.35,0.2,42,2026-05-29 19:29:09,20260529-185745,log/stroke_prediction_v2/8/infgain/standard__mixup__noImbl/random_forest,1780052279784_edb427c117800541494128399,0.9354207436399216,0.5446818181818182,0.5202263374485596,0.5249323867478025,0.9130471446361856,0.9354207436399216,0.9233221394367856,0.9354207436399216,0.9354207436399216,0.9354207436399216,0.7892020064103129
8,infgain,standard,mixup,noImbl,random_forest,first,0.5,0.1,42,2026-05-29 19:29:00,20260529-185745,log/stroke_prediction_v2/8/infgain/standard__mixup__noImbl/random_forest,1780052279784_edb427c117800541401277046,0.9452054794520548,0.6200396825396826,0.5348559670781893,0.5483585858585859,0.9216522225328488,0.9452054794520548,0.9302926525529264,0.9452054794520548,0.9452054794520548,0.9452054794520548,0.8075346647576206
8,infgain,standard,mixup,noImbl,random_forest,first,0.5,0.2,42,2026-05-29 19:29:12,20260529-185745,log/stroke_prediction_v2/8/infgain/standard__mixup__noImbl/random_forest,1780052279784_edb427c117800541525012273,0.9500978473581212,0.676401179941003,0.5184567901234568,0.5235431235431236,0.9257572346431604,0.9500978473581212,0.9302478343574236,0.9500978473581212,0.9500978473581212,0.9500978473581212,0.8101693030990923
8,infgain,standard,mixup,noImbl,random_forest,last,0.25,0.1,42,2026-05-29 19:29:16,20260529-185745,log/stroke_prediction_v2/8/infgain/mixup__noImbl__standard/random_forest,1780052279784_edb427c117800541560942134,0.9178082191780822,0.558395061728395,0.558395061728395,0.558395061728395,0.9178082191780822,0.9178082191780822,0.9178082191780822,0.9178082191780822,0.9178082191780822,0.9178082191780822,0.7920136140706917
8,infgain,standard,mixup,noImbl,random_forest,last,0.25,0.2,42,2026-05-29 19:29:28,20260529-185745,log/stroke_prediction_v2/8/infgain/mixup__noImbl__standard/random_forest,1780052279784_edb427c117800541684882196,0.9178082191780822,0.558395061728395,0.558395061728395,0.558395061728395,0.9178082191780822,0.9178082191780822,0.9178082191780822,0.9178082191780822,0.9178082191780822,0.9178082191780822,0.7920136140706917
8,infgain,standard,mixup,noImbl,random_forest,last,0.3,0.1,42,2026-05-29 19:29:19,20260529-185745,log/stroke_prediction_v2/8/infgain/mixup__noImbl__standard/random_forest,1780052279784_edb427c117800541591549898,0.9275929549902152,0.5786150712830957,0.5635390946502058,0.5699533720004548,0.9201836580962212,0.9275929549902152,0.92375562040878,0.9275929549902152,0.9275929549902152,0.9275929549902152,0.8013273132604234
8,infgain,standard,mixup,noImbl,random_forest,last,0.3,0.2,42,2026-05-29 19:29:31,20260529-185745,log/stroke_prediction_v2/8/infgain/mixup__noImbl__standard/random_forest,1780052279784_edb427c117800541714935046,0.9256360078277888,0.5565896448438168,0.5435390946502058,0.5487544153188325,0.9162733094011338,0.9256360078277888,0.9207938460396652,0.9256360078277888,0.9256360078277888,0.9256360078277884,0.7923268472244055
8,infgain,standard,mixup,noImbl,random_forest,last,0.35,0.1,42,2026-05-29 19:29:22,20260529-185745,log/stroke_prediction_v2/8/infgain/mixup__noImbl__standard/random_forest,1780052279784_edb427c117800541622430629,0.9334637964774952,0.5214545454545454,0.5097119341563786,0.5105363984674329,0.9098722647215796,0.9334637964774952,0.920998567904567,0.9334637964774952,0.9334637964774952,0.9334637964774952,0.7822196379800481
8,infgain,standard,mixup,noImbl,random_forest,last,0.35,0.2,42,2026-05-29 19:29:34,20260529-185745,log/stroke_prediction_v2/8/infgain/mixup__noImbl__standard/random_forest,1780052279784_edb427c117800541745396202,0.9383561643835616,0.5722610722610723,0.5312551440329218,0.5403724934503116,0.9166893119926388,0.9383561643835616,0.9262199641132522,0.9383561643835616,0.9383561643835616,0.9383561643835616,0.7973518872166224
8,infgain,standard,mixup,noImbl,random_forest,last,0.5,0.1,42,2026-05-29 19:29:25,20260529-185745,log/stroke_prediction_v2/8/infgain/mixup__noImbl__standard/random_forest,1780052279784_edb427c117800541654734282,0.949119373776908,0.6430446194225722,0.5179423868312758,0.5226358148893361,0.9224514743876192,0.949119373776908,0.9296936216122568,0.949119373776908,0.949119373776908,0.949119373776908,0.8058410130501487
8,infgain,standard,mixup,noImbl,random_forest,last,0.5,0.2,42,2026-05-29 19:29:37,20260529-185745,log/stroke_prediction_v2/8/infgain/mixup__noImbl__standard/random_forest,1780052279784_edb427c117800541774358475,0.946183953033268,0.5472906403940886,0.5069135802469136,0.5037038999108238,0.9121513886612744,0.9461839530332682,0.926467225277553,0.946183953033268,0.946183953033268,0.946183953033268,0.7896348109217913
8,infgain,standard,mixup,noImbl,sklearn_SVM,first,0.25,0.1,42,2026-05-29 19:28:50,20260529-185745,log/stroke_prediction_v2/8/infgain/standard__mixup__noImbl/sklearn_SVM,1780052279784_edb427c117800541300413110,0.949119373776908,0.6772727272727272,0.5369135802469136,0.5535618279569893,0.927415050702722,0.949119373776908,0.9326720745744168,0.949119373776908,0.949119373776908,0.949119373776908,0.8167429707127102
8,infgain,standard,mixup,noImbl,sklearn_SVM,first,0.25,0.2,42,2026-05-29 19:29:02,20260529-185745,log/stroke_prediction_v2/8/infgain/standard__mixup__noImbl/sklearn_SVM,1780052279784_edb427c117800541427485005,0.9442270058708416,0.6104932141674941,0.5343415637860082,0.5471372488047577,0.9206772423433875,0.9442270058708414,0.9297043919760528,0.9442270058708416,0.9442270058708416,0.9442270058708416,0.805768250495147
8,infgain,standard,mixup,noImbl,sklearn_SVM,first,0.3,0.1,42,2026-05-29 19:28:53,20260529-185745,log/stroke_prediction_v2/8/infgain/standard__mixup__noImbl/sklearn_SVM,1780052279784_edb427c117800541332498792,0.949119373776908,0.4754901960784314,0.4989711934156378,0.4869477911646586,0.9044549326579948,0.949119373776908,0.926249027420838,0.949119373776908,0.949119373776908,0.949119373776908,0.7795189045137939
8,infgain,standard,mixup,noImbl,sklearn_SVM,first,0.3,0.2,42,2026-05-29 19:29:05,20260529-185745,log/stroke_prediction_v2/8/infgain/standard__mixup__noImbl/sklearn_SVM,1780052279784_edb427c117800541459070731,0.9452054794520548,0.5383382642998028,0.5063991769547325,0.5031426884744937,0.9112324714274136,0.9452054794520548,0.9259454823347752,0.9452054794520548,0.9452054794520548,0.9452054794520548,0.7880424086704069
8,infgain,standard,mixup,noImbl,sklearn_SVM,first,0.35,0.1,42,2026-05-29 19:28:56,20260529-185745,log/stroke_prediction_v2/8/infgain/standard__mixup__noImbl/sklearn_SVM,1780052279784_edb427c117800541363590355,0.9452054794520548,0.5762845849802372,0.5158847736625514,0.5192204301075269,0.9157507174183768,0.9452054794520548,0.9274930033878336,0.9452054794520548,0.9452054794520548,0.9452054794520548,0.7958812144112423
8,infgain,standard,mixup,noImbl,sklearn_SVM,first,0.35,0.2,42,2026-05-29 19:29:08,20260529-185745,log/stroke_prediction_v2/8/infgain/standard__mixup__noImbl/sklearn_SVM,1780052279784_edb427c117800541488535835,0.946183953033268,0.5874191071624437,0.5163991769547325,0.5200444008026299,0.916882441717125,0.946183953033268,0.9280409399061073,0.946183953033268,0.946183953033268,0.946183953033268,0.7977564549030478
8,infgain,standard,mixup,noImbl,sklearn_SVM,first,0.5,0.1,42,2026-05-29 19:28:59,20260529-185745,log/stroke_prediction_v2/8/infgain/standard__mixup__noImbl/sklearn_SVM,1780052279784_edb427c117800541395134284,0.949119373776908,0.4754901960784314,0.4989711934156378,0.4869477911646586,0.9044549326579948,0.949119373776908,0.926249027420838,0.949119373776908,0.949119373776908,0.949119373776908,0.7795189045137939
8,infgain,standard,mixup,noImbl,sklearn_SVM,first,0.5,0.2,42,2026-05-29 19:29:11,20260529-185745,log/stroke_prediction_v2/8/infgain/standard__mixup__noImbl/sklearn_SVM,1780052279784_edb427c117800541519385991,0.9481409001956947,0.4754661432777232,0.4984567901234568,0.4866901054746358,0.9044091805595832,0.9481409001956947,0.9257588699047868,0.9481409001956947,0.9481409001956947,0.9481409001956947,0.7789569177812675
8,infgain,standard,mixup,noImbl,sklearn_SVM,last,0.25,0.1,42,2026-05-29 19:29:15,20260529-185745,log/stroke_prediction_v2/8/infgain/mixup__noImbl__standard/sklearn_SVM,1780052279784_edb427c117800541555285212,0.9452054794520548,0.5762845849802372,0.5158847736625514,0.5192204301075269,0.9157507174183768,0.9452054794520548,0.9274930033878336,0.9452054794520548,0.9452054794520548,0.9452054794520548,0.7958812144112423
8,infgain,standard,mixup,noImbl,sklearn_SVM,last,0.25,0.2,42,2026-05-29 19:29:27,20260529-185745,log/stroke_prediction_v2/8/infgain/mixup__noImbl__standard/sklearn_SVM,1780052279784_edb427c117800541679227701,0.9452054794520548,0.5762845849802372,0.5158847736625514,0.5192204301075269,0.9157507174183768,0.9452054794520548,0.9274930033878336,0.9452054794520548,0.9452054794520548,0.9452054794520548,0.7958812144112423
8,infgain,standard,mixup,noImbl,sklearn_SVM,last,0.3,0.1,42,2026-05-29 19:29:18,20260529-185745,log/stroke_prediction_v2/8/infgain/mixup__noImbl__standard/sklearn_SVM,1780052279784_edb427c117800541585713573,0.9471624266144814,0.475442043222004,0.4979423868312758,0.4864321608040201,0.9043633385749272,0.9471624266144816,0.9252682197681164,0.9471624266144814,0.9471624266144814,0.9471624266144814,0.7783948045944336
8,infgain,standard,mixup,noImbl,sklearn_SVM,last,0.3,0.2,42,2026-05-29 19:29:30,20260529-185745,log/stroke_prediction_v2/8/infgain/mixup__noImbl__standard/sklearn_SVM,1780052279784_edb427c117800541709213921,0.949119373776908,0.6430446194225722,0.5179423868312758,0.5226358148893361,0.9224514743876192,0.949119373776908,0.9296936216122568,0.949119373776908,0.949119373776908,0.949119373776908,0.8058410130501487
8,infgain,standard,mixup,noImbl,sklearn_SVM,last,0.35,0.1,42,2026-05-29 19:29:21,20260529-185745,log/stroke_prediction_v2/8/infgain/mixup__noImbl__standard/sklearn_SVM,1780052279784_edb427c117800541616810557,0.949119373776908,0.4754901960784314,0.4989711934156378,0.4869477911646586,0.9044549326579948,0.949119373776908,0.926249027420838,0.949119373776908,0.949119373776908,0.949119373776908,0.7795189045137939
8,infgain,standard,mixup,noImbl,sklearn_SVM,last,0.35,0.2,42,2026-05-29 19:29:34,20260529-185745,log/stroke_prediction_v2/8/infgain/mixup__noImbl__standard/sklearn_SVM,1780052279784_edb427c117800541740009059,0.9481409001956947,0.5759095378564405,0.5079423868312758,0.5048585401526577,0.915037320541018,0.9481409001956947,0.9275124553126164,0.9481409001956947,0.9481409001956947,0.9481409001956947,0.7940009339209423
8,infgain,standard,mixup,noImbl,sklearn_SVM,last,0.5,0.1,42,2026-05-29 19:29:24,20260529-185745,log/stroke_prediction_v2/8/infgain/mixup__noImbl__standard/sklearn_SVM,1780052279784_edb427c117800541648834563,0.949119373776908,0.4754901960784314,0.4989711934156378,0.4869477911646586,0.9044549326579948,0.949119373776908,0.926249027420838,0.949119373776908,0.949119373776908,0.949119373776908,0.7795189045137939
8,infgain,standard,mixup,noImbl,sklearn_SVM,last,0.5,0.2,42,2026-05-29 19:29:36,20260529-185745,log/stroke_prediction_v2/8/infgain/mixup__noImbl__standard/sklearn_SVM,1780052279784_edb427c117800541768890330,0.9500978473581212,0.4755142017629775,0.499485596707819,0.4872052182639237,0.9045005951342742,0.9500978473581214,0.9267386930577962,0.9500978473581212,0.9500978473581212,0.9500978473581212,0.7800807650020133
8,infgain,standard,noAug,noImbl,DTmodel,first,0.25,0.1,42,2026-05-29 19:29:41,20260529-185745,log/stroke_prediction_v2/8/infgain/standard__noAug__noImbl/DTmodel,1780052279784_edb427c117800541811018598,0.923679060665362,0.5694366982710541,0.5614814814814814,0.5651063829787234,0.9191277669301032,0.923679060665362,0.9213607028354917,0.923679060665362,0.923679060665362,0.923679060665362,0.7974462818065408
8,infgain,standard,noAug,noImbl,DTmodel,first,0.25,0.2,42,2026-05-29 19:29:49,20260529-185745,log/stroke_prediction_v2/8/infgain/standard__noAug__noImbl/DTmodel,1780052279784_edb427c117800541898898736,0.913894324853229,0.5373662551440329,0.5373662551440329,0.5373662551440329,0.913894324853229,0.913894324853229,0.913894324853229,0.913894324853229,0.913894324853229,0.913894324853229,0.7821095004550102
8,infgain,standard,noAug,noImbl,DTmodel,first,0.3,0.1,42,2026-05-29 19:29:43,20260529-185745,log/stroke_prediction_v2/8/infgain/standard__noAug__noImbl/DTmodel,1780052279784_edb427c117800541835729311,0.923679060665362,0.5694366982710541,0.5614814814814814,0.5651063829787234,0.9191277669301032,0.923679060665362,0.9213607028354917,0.923679060665362,0.923679060665362,0.923679060665362,0.7974462818065408
8,infgain,standard,noAug,noImbl,DTmodel,first,0.3,0.2,42,2026-05-29 19:29:52,20260529-185745,log/stroke_prediction_v2/8/infgain/standard__noAug__noImbl/DTmodel,1780052279784_edb427c117800541920492754,0.913894324853229,0.5373662551440329,0.5373662551440329,0.5373662551440329,0.913894324853229,0.913894324853229,0.913894324853229,0.913894324853229,0.913894324853229,0.913894324853229,0.7821095004550102
8,infgain,standard,noAug,noImbl,DTmodel,first,0.35,0.1,42,2026-05-29 19:29:45,20260529-185745,log/stroke_prediction_v2/8/infgain/standard__noAug__noImbl/DTmodel,1780052279784_edb427c117800541857146488,0.923679060665362,0.5694366982710541,0.5614814814814814,0.5651063829787234,0.9191277669301032,0.923679060665362,0.9213607028354917,0.923679060665362,0.923679060665362,0.923679060665362,0.7974462818065408
8,infgain,standard,noAug,noImbl,DTmodel,first,0.35,0.2,42,2026-05-29 19:29:54,20260529-185745,log/stroke_prediction_v2/8/infgain/standard__noAug__noImbl/DTmodel,1780052279784_edb427c117800541940581945,0.913894324853229,0.5373662551440329,0.5373662551440329,0.5373662551440329,0.913894324853229,0.913894324853229,0.913894324853229,0.913894324853229,0.913894324853229,0.913894324853229,0.7821095004550102
8,infgain,standard,noAug,noImbl,DTmodel,first,0.5,0.1,42,2026-05-29 19:29:47,20260529-185745,log/stroke_prediction_v2/8/infgain/standard__noAug__noImbl/DTmodel,1780052279784_edb427c117800541878519223,0.923679060665362,0.5694366982710541,0.5614814814814814,0.5651063829787234,0.9191277669301032,0.923679060665362,0.9213607028354917,0.923679060665362,0.923679060665362,0.923679060665362,0.7974462818065408
8,infgain,standard,noAug,noImbl,DTmodel,first,0.5,0.2,42,2026-05-29 19:29:56,20260529-185745,log/stroke_prediction_v2/8/infgain/standard__noAug__noImbl/DTmodel,1780052279784_edb427c117800541961169802,0.913894324853229,0.5373662551440329,0.5373662551440329,0.5373662551440329,0.913894324853229,0.913894324853229,0.913894324853229,0.913894324853229,0.913894324853229,0.913894324853229,0.7821095004550102
8,infgain,standard,noAug,noImbl,DTmodel,last,0.25,0.1,42,2026-05-29 19:29:58,20260529-185745,log/stroke_prediction_v2/8/infgain/noAug__noImbl__standard/DTmodel,1780052279784_edb427c117800541986743215,0.923679060665362,0.5694366982710541,0.5614814814814814,0.5651063829787234,0.9191277669301032,0.923679060665362,0.9213607028354917,0.923679060665362,0.923679060665362,0.923679060665362,0.7974462818065408
8,infgain,standard,noAug,noImbl,DTmodel,last,0.25,0.2,42,2026-05-29 19:30:07,20260529-185745,log/stroke_prediction_v2/8/infgain/noAug__noImbl__standard/DTmodel,1780052279784_edb427c117800542072575405,0.913894324853229,0.5373662551440329,0.5373662551440329,0.5373662551440329,0.913894324853229,0.913894324853229,0.913894324853229,0.913894324853229,0.913894324853229,0.913894324853229,0.7821095004550102
8,infgain,standard,noAug,noImbl,DTmodel,last,0.3,0.1,42,2026-05-29 19:30:00,20260529-185745,log/stroke_prediction_v2/8/infgain/noAug__noImbl__standard/DTmodel,1780052279784_edb427c117800542008338560,0.923679060665362,0.5694366982710541,0.5614814814814814,0.5651063829787234,0.9191277669301032,0.923679060665362,0.9213607028354917,0.923679060665362,0.923679060665362,0.923679060665362,0.7974462818065408
8,infgain,standard,noAug,noImbl,DTmodel,last,0.3,0.2,42,2026-05-29 19:30:09,20260529-185745,log/stroke_prediction_v2/8/infgain/noAug__noImbl__standard/DTmodel,1780052279784_edb427c117800542092672695,0.913894324853229,0.5373662551440329,0.5373662551440329,0.5373662551440329,0.913894324853229,0.913894324853229,0.913894324853229,0.913894324853229,0.913894324853229,0.913894324853229,0.7821095004550102
8,infgain,standard,noAug,noImbl,DTmodel,last,0.35,0.1,42,2026-05-29 19:30:02,20260529-185745,log/stroke_prediction_v2/8/infgain/noAug__noImbl__standard/DTmodel,1780052279784_edb427c117800542029737535,0.923679060665362,0.5694366982710541,0.5614814814814814,0.5651063829787234,0.9191277669301032,0.923679060665362,0.9213607028354917,0.923679060665362,0.923679060665362,0.923679060665362,0.7974462818065408
8,infgain,standard,noAug,noImbl,DTmodel,last,0.35,0.2,42,2026-05-29 19:30:11,20260529-185745,log/stroke_prediction_v2/8/infgain/noAug__noImbl__standard/DTmodel,1780052279784_edb427c117800542113250110,0.913894324853229,0.5373662551440329,0.5373662551440329,0.5373662551440329,0.913894324853229,0.913894324853229,0.913894324853229,0.913894324853229,0.913894324853229,0.913894324853229,0.7821095004550102
8,infgain,standard,noAug,noImbl,DTmodel,last,0.5,0.1,42,2026-05-29 19:30:05,20260529-185745,log/stroke_prediction_v2/8/infgain/noAug__noImbl__standard/DTmodel,1780052279784_edb427c117800542051370121,0.923679060665362,0.5694366982710541,0.5614814814814814,0.5651063829787234,0.9191277669301032,0.923679060665362,0.9213607028354917,0.923679060665362,0.923679060665362,0.923679060665362,0.7974462818065408
8,infgain,standard,noAug,noImbl,DTmodel,last,0.5,0.2,42,2026-05-29 19:30:13,20260529-185745,log/stroke_prediction_v2/8/infgain/noAug__noImbl__standard/DTmodel,1780052279784_edb427c117800542133431591,0.913894324853229,0.5373662551440329,0.5373662551440329,0.5373662551440329,0.913894324853229,0.913894324853229,0.913894324853229,0.913894324853229,0.913894324853229,0.913894324853229,0.7821095004550102
8,infgain,standard,noAug,noImbl,GradientBoosting,first,0.25,0.1,42,2026-05-29 19:29:42,20260529-185745,log/stroke_prediction_v2/8/infgain/standard__noAug__noImbl/GradientBoosting,1780052279784_edb427c117800541820515915,0.9471624266144814,0.665631212723658,0.5548559670781893,0.5772589392407391,0.9278249290947076,0.9471624266144814,0.9340068632560012,0.9471624266144814,0.9471624266144814,0.9471624266144814,0.8203860519099588
8,infgain,standard,noAug,noImbl,GradientBoosting,first,0.25,0.2,42,2026-05-29 19:29:50,20260529-185745,log/stroke_prediction_v2/8/infgain/standard__noAug__noImbl/GradientBoosting,1780052279784_edb427c117800541907669403,0.9383561643835616,0.5979338014042126,0.5502263374485596,0.5640020314880649,0.920844725958698,0.9383561643835616,0.9284735315193722,0.9383561643835616,0.9383561643835616,0.9383561643835616,0.8061142866856871
8,infgain,standard,noAug,noImbl,GradientBoosting,first,0.3,0.1,42,2026-05-29 19:29:44,20260529-185745,log/stroke_prediction_v2/8/infgain/standard__noAug__noImbl/GradientBoosting,1780052279784_edb427c117800541843562108,0.949119373776908,0.6924603174603174,0.5558847736625514,0.5806186868686869,0.9305283757338552,0.949119373776908,0.935271748799146,0.949119373776908,0.949119373776908,0.949119373776908,0.8249186615466103
8,infgain,standard,noAug,noImbl,GradientBoosting,first,0.3,0.2,42,2026-05-29 19:29:52,20260529-185745,log/stroke_prediction_v2/8/infgain/standard__noAug__noImbl/GradientBoosting,1780052279784_edb427c117800541927853978,0.9412915851272016,0.5703901590457257,0.523312757201646,0.5302877102674879,0.9158155275781708,0.9412915851272016,0.926674292506668,0.9412915851272016,0.9412915851272016,0.9412915851272016,0.7960127788495581
8,infgain,standard,noAug,noImbl,GradientBoosting,first,0.35,0.1,42,2026-05-29 19:29:46,20260529-185745,log/stroke_prediction_v2/8/infgain/standard__noAug__noImbl/GradientBoosting,1780052279784_edb427c117800541864814807,0.9530332681017613,0.7782608695652173,0.5579423868312758,0.5879032258064516,0.9390793839870673,0.9530332681017614,0.937851145761,0.9530332681017613,0.9530332681017613,0.9530332681017613,0.8376047270141781
8,infgain,standard,noAug,noImbl,GradientBoosting,first,0.35,0.2,42,2026-05-29 19:29:54,20260529-185745,log/stroke_prediction_v2/8/infgain/standard__noAug__noImbl/GradientBoosting,1780052279784_edb427c117800541947967621,0.9452054794520548,0.5762845849802372,0.5158847736625514,0.5192204301075269,0.9157507174183768,0.9452054794520548,0.9274930033878336,0.9452054794520548,0.9452054794520548,0.9452054794520548,0.7958812144112423
8,infgain,standard,noAug,noImbl,GradientBoosting,first,0.5,0.1,42,2026-05-29 19:29:48,20260529-185745,log/stroke_prediction_v2/8/infgain/standard__noAug__noImbl/GradientBoosting,1780052279784_edb427c117800541886291768,0.949119373776908,0.4754901960784314,0.4989711934156378,0.4869477911646586,0.9044549326579948,0.949119373776908,0.926249027420838,0.949119373776908,0.949119373776908,0.949119373776908,0.7795189045137939
8,infgain,standard,noAug,noImbl,GradientBoosting,first,0.5,0.2,42,2026-05-29 19:29:56,20260529-185745,log/stroke_prediction_v2/8/infgain/standard__noAug__noImbl/GradientBoosting,1780052279784_edb427c117800541968390053,0.9471624266144814,0.475442043222004,0.4979423868312758,0.4864321608040201,0.9043633385749272,0.9471624266144816,0.9252682197681164,0.9471624266144814,0.9471624266144814,0.9471624266144814,0.7783948045944336
8,infgain,standard,noAug,noImbl,GradientBoosting,last,0.25,0.1,42,2026-05-29 19:29:59,20260529-185745,log/stroke_prediction_v2/8/infgain/noAug__noImbl__standard/GradientBoosting,1780052279784_edb427c117800541994435137,0.9471624266144814,0.665631212723658,0.5548559670781893,0.5772589392407391,0.9278249290947076,0.9471624266144814,0.9340068632560012,0.9471624266144814,0.9471624266144814,0.9471624266144814,0.8203860519099588
8,infgain,standard,noAug,noImbl,GradientBoosting,last,0.25,0.2,42,2026-05-29 19:30:07,20260529-185745,log/stroke_prediction_v2/8/infgain/noAug__noImbl__standard/GradientBoosting,1780052279784_edb427c117800542079751710,0.9383561643835616,0.5979338014042126,0.5502263374485596,0.5640020314880649,0.920844725958698,0.9383561643835616,0.9284735315193722,0.9383561643835616,0.9383561643835616,0.9383561643835616,0.8061142866856871
8,infgain,standard,noAug,noImbl,GradientBoosting,last,0.3,0.1,42,2026-05-29 19:30:01,20260529-185745,log/stroke_prediction_v2/8/infgain/noAug__noImbl__standard/GradientBoosting,1780052279784_edb427c117800542016116331,0.949119373776908,0.6924603174603174,0.5558847736625514,0.5806186868686869,0.9305283757338552,0.949119373776908,0.935271748799146,0.949119373776908,0.949119373776908,0.949119373776908,0.8249186615466103
8,infgain,standard,noAug,noImbl,GradientBoosting,last,0.3,0.2,42,2026-05-29 19:30:10,20260529-185745,log/stroke_prediction_v2/8/infgain/noAug__noImbl__standard/GradientBoosting,1780052279784_edb427c117800542100146053,0.9412915851272016,0.5703901590457257,0.523312757201646,0.5302877102674879,0.9158155275781708,0.9412915851272016,0.926674292506668,0.9412915851272016,0.9412915851272016,0.9412915851272016,0.7960127788495581
8,infgain,standard,noAug,noImbl,GradientBoosting,last,0.35,0.1,42,2026-05-29 19:30:03,20260529-185745,log/stroke_prediction_v2/8/infgain/noAug__noImbl__standard/GradientBoosting,1780052279784_edb427c117800542037699454,0.9530332681017613,0.7782608695652173,0.5579423868312758,0.5879032258064516,0.9390793839870673,0.9530332681017614,0.937851145761,0.9530332681017613,0.9530332681017613,0.9530332681017613,0.8376047270141781
8,infgain,standard,noAug,noImbl,GradientBoosting,last,0.35,0.2,42,2026-05-29 19:30:12,20260529-185745,log/stroke_prediction_v2/8/infgain/noAug__noImbl__standard/GradientBoosting,1780052279784_edb427c117800542120555505,0.9452054794520548,0.5762845849802372,0.5158847736625514,0.5192204301075269,0.9157507174183768,0.9452054794520548,0.9274930033878336,0.9452054794520548,0.9452054794520548,0.9452054794520548,0.7958812144112423
8,infgain,standard,noAug,noImbl,GradientBoosting,last,0.5,0.1,42,2026-05-29 19:30:05,20260529-185745,log/stroke_prediction_v2/8/infgain/noAug__noImbl__standard/GradientBoosting,1780052279784_edb427c117800542059114212,0.949119373776908,0.4754901960784314,0.4989711934156378,0.4869477911646586,0.9044549326579948,0.949119373776908,0.926249027420838,0.949119373776908,0.949119373776908,0.949119373776908,0.7795189045137939
8,infgain,standard,noAug,noImbl,GradientBoosting,last,0.5,0.2,42,2026-05-29 19:30:14,20260529-185745,log/stroke_prediction_v2/8/infgain/noAug__noImbl__standard/GradientBoosting,1780052279784_edb427c117800542140992833,0.9471624266144814,0.475442043222004,0.4979423868312758,0.4864321608040201,0.9043633385749272,0.9471624266144816,0.9252682197681164,0.9471624266144814,0.9471624266144814,0.9471624266144814,0.7783948045944336
8,infgain,standard,noAug,noImbl,LogisticRegression,first,0.25,0.1,42,2026-05-29 19:29:41,20260529-185745,log/stroke_prediction_v2/8/infgain/standard__noAug__noImbl/LogisticRegression,1780052279784_edb427c117800541814068420,0.923679060665362,0.5957969865186359,0.5994238683127572,0.597564669534137,0.9251077407270036,0.923679060665362,0.9243880049939082,0.923679060665362,0.923679060665362,0.923679060665362,0.8097973850011909
8,infgain,standard,noAug,noImbl,LogisticRegression,first,0.25,0.2,42,2026-05-29 19:29:50,20260529-185745,log/stroke_prediction_v2/8/infgain/standard__noAug__noImbl/LogisticRegression,1780052279784_edb427c117800541901430991,0.9344422700587084,0.6078014184397164,0.5766255144032922,0.5887817914302015,0.9241489659110512,0.9344422700587084,0.9289087511905894,0.9344422700587084,0.9344422700587084,0.9344422700587084,0.8122880792920079
8,infgain,standard,noAug,noImbl,LogisticRegression,first,0.3,0.1,42,2026-05-29 19:29:43,20260529-185745,log/stroke_prediction_v2/8/infgain/standard__noAug__noImbl/LogisticRegression,1780052279784_edb427c117800541838187283,0.9412915851272016,0.6327618164967563,0.5707407407407408,0.5900192554557124,0.9260241326588908,0.9412915851272016,0.9323798135499122,0.9412915851272016,0.9412915851272016,0.9412915851272016,0.817829163391363
8,infgain,standard,noAug,noImbl,LogisticRegression,first,0.3,0.2,42,2026-05-29 19:29:52,20260529-185745,log/stroke_prediction_v2/8/infgain/standard__noAug__noImbl/LogisticRegression,1780052279784_edb427c117800541922890050,0.9452054794520548,0.633884194831014,0.5443415637860082,0.561601862916322,0.9238217952558624,0.9452054794520548,0.9315626730062234,0.9452054794520548,0.9452054794520548,0.9452054794520548,0.8122616275564919
8,infgain,standard,noAug,noImbl,LogisticRegression,first,0.35,0.1,42,2026-05-29 19:29:45,20260529-185745,log/stroke_prediction_v2/8/infgain/standard__noAug__noImbl/LogisticRegression,1780052279784_edb427c117800541859531150,0.9452054794520548,0.6200396825396826,0.5348559670781893,0.5483585858585859,0.9216522225328488,0.9452054794520548,0.9302926525529264,0.9452054794520548,0.9452054794520548,0.9452054794520548,0.8075346647576206
8,infgain,standard,noAug,noImbl,LogisticRegression,first,0.35,0.2,42,2026-05-29 19:29:54,20260529-185745,log/stroke_prediction_v2/8/infgain/standard__noAug__noImbl/LogisticRegression,1780052279784_edb427c117800541942944378,0.9530332681017613,0.8106955380577427,0.5389711934156378,0.5593561368209254,0.9406315648900052,0.9530332681017613,0.93510180456516,0.9530332681017613,0.9530332681017613,0.9530332681017613,0.8344118280849556
8,infgain,standard,noAug,noImbl,LogisticRegression,first,0.5,0.1,42,2026-05-29 19:29:48,20260529-185745,log/stroke_prediction_v2/8/infgain/standard__noAug__noImbl/LogisticRegression,1780052279784_edb427c117800541880917577,0.9510763209393346,0.7264243614931238,0.5189711934156378,0.5244742229666852,0.9306936973998362,0.9510763209393344,0.9308039071927005,0.9510763209393346,0.9510763209393346,0.9510763209393346,0.8163311731305013
8,infgain,standard,noAug,noImbl,LogisticRegression,first,0.5,0.2,42,2026-05-29 19:29:56,20260529-185745,log/stroke_prediction_v2/8/infgain/standard__noAug__noImbl/LogisticRegression,1780052279784_edb427c117800541963483149,0.952054794520548,0.976003917727718,0.51,0.5073148175476915,0.9543557887110408,0.952054794520548,0.9296116854869024,0.952054794520548,0.952054794520548,0.952054794520548,0.840396863907284
8,infgain,standard,noAug,noImbl,LogisticRegression,last,0.25,0.1,42,2026-05-29 19:29:58,20260529-185745,log/stroke_prediction_v2/8/infgain/noAug__noImbl__standard/LogisticRegression,1780052279784_edb427c117800541989109559,0.923679060665362,0.5957969865186359,0.5994238683127572,0.597564669534137,0.9251077407270036,0.923679060665362,0.9243880049939082,0.923679060665362,0.923679060665362,0.923679060665362,0.8097973850011909
8,infgain,standard,noAug,noImbl,LogisticRegression,last,0.25,0.2,42,2026-05-29 19:30:07,20260529-185745,log/stroke_prediction_v2/8/infgain/noAug__noImbl__standard/LogisticRegression,1780052279784_edb427c117800542074842381,0.9344422700587084,0.6078014184397164,0.5766255144032922,0.5887817914302015,0.9241489659110512,0.9344422700587084,0.9289087511905894,0.9344422700587084,0.9344422700587084,0.9344422700587084,0.8122880792920079
8,infgain,standard,noAug,noImbl,LogisticRegression,last,0.3,0.1,42,2026-05-29 19:30:01,20260529-185745,log/stroke_prediction_v2/8/infgain/noAug__noImbl__standard/LogisticRegression,1780052279784_edb427c117800542010741624,0.9412915851272016,0.6327618164967563,0.5707407407407408,0.5900192554557124,0.9260241326588908,0.9412915851272016,0.9323798135499122,0.9412915851272016,0.9412915851272016,0.9412915851272016,0.817829163391363
8,infgain,standard,noAug,noImbl,LogisticRegression,last,0.3,0.2,42,2026-05-29 19:30:09,20260529-185745,log/stroke_prediction_v2/8/infgain/noAug__noImbl__standard/LogisticRegression,1780052279784_edb427c117800542095058379,0.9452054794520548,0.633884194831014,0.5443415637860082,0.561601862916322,0.9238217952558624,0.9452054794520548,0.9315626730062234,0.9452054794520548,0.9452054794520548,0.9452054794520548,0.8122616275564919
8,infgain,standard,noAug,noImbl,LogisticRegression,last,0.35,0.1,42,2026-05-29 19:30:03,20260529-185745,log/stroke_prediction_v2/8/infgain/noAug__noImbl__standard/LogisticRegression,1780052279784_edb427c117800542032082814,0.9452054794520548,0.6200396825396826,0.5348559670781893,0.5483585858585859,0.9216522225328488,0.9452054794520548,0.9302926525529264,0.9452054794520548,0.9452054794520548,0.9452054794520548,0.8075346647576206
8,infgain,standard,noAug,noImbl,LogisticRegression,last,0.35,0.2,42,2026-05-29 19:30:11,20260529-185745,log/stroke_prediction_v2/8/infgain/noAug__noImbl__standard/LogisticRegression,1780052279784_edb427c117800542115620172,0.9530332681017613,0.8106955380577427,0.5389711934156378,0.5593561368209254,0.9406315648900052,0.9530332681017613,0.93510180456516,0.9530332681017613,0.9530332681017613,0.9530332681017613,0.8344118280849556
8,infgain,standard,noAug,noImbl,LogisticRegression,last,0.5,0.1,42,2026-05-29 19:30:05,20260529-185745,log/stroke_prediction_v2/8/infgain/noAug__noImbl__standard/LogisticRegression,1780052279784_edb427c117800542053773856,0.9510763209393346,0.7264243614931238,0.5189711934156378,0.5244742229666852,0.9306936973998362,0.9510763209393344,0.9308039071927005,0.9510763209393346,0.9510763209393346,0.9510763209393346,0.8163311731305013
8,infgain,standard,noAug,noImbl,LogisticRegression,last,0.5,0.2,42,2026-05-29 19:30:13,20260529-185745,log/stroke_prediction_v2/8/infgain/noAug__noImbl__standard/LogisticRegression,1780052279784_edb427c117800542135876149,0.952054794520548,0.976003917727718,0.51,0.5073148175476915,0.9543557887110408,0.952054794520548,0.9296116854869024,0.952054794520548,0.952054794520548,0.952054794520548,0.840396863907284
8,infgain,standard,noAug,noImbl,XGBmodel,first,0.25,0.1,42,2026-05-29 19:29:40,20260529-185745,log/stroke_prediction_v2/8/infgain/standard__noAug__noImbl/XGBmodel,1780052279784_edb427c117800541808758961,0.9373776908023485,0.6121639784946236,0.5686831275720164,0.5837067209775968,0.9238552911221936,0.9373776908023485,0.9298687530141372,0.9373776908023485,0.9373776908023485,0.9373776908023485,0.8124576371385825
8,infgain,standard,noAug,noImbl,XGBmodel,first,0.25,0.2,42,2026-05-29 19:29:49,20260529-185745,log/stroke_prediction_v2/8/infgain/standard__noAug__noImbl/XGBmodel,1780052279784_edb427c117800541897156749,0.9363992172211352,0.6156356282746576,0.5776543209876543,0.5918605579892235,0.9249913071540008,0.9363992172211352,0.9301615631136352,0.9363992172211352,0.9363992172211352,0.9363992172211352,0.8146911306955139
8,infgain,standard,noAug,noImbl,XGBmodel,first,0.3,0.1,42,2026-05-29 19:29:43,20260529-185745,log/stroke_prediction_v2/8/infgain/standard__noAug__noImbl/XGBmodel,1780052279784_edb427c117800541834078997,0.9412915851272016,0.5882027445772466,0.5327983539094651,0.5436413431769469,0.9183730396959672,0.9412915851272016,0.9279532122315955,0.9412915851272016,0.9412915851272016,0.9412915851272016,0.8011932311804297
8,infgain,standard,noAug,noImbl,XGBmodel,first,0.3,0.2,42,2026-05-29 19:29:51,20260529-185745,log/stroke_prediction_v2/8/infgain/standard__noAug__noImbl/XGBmodel,1780052279784_edb427c117800541918827514,0.9471624266144814,0.665631212723658,0.5548559670781893,0.5772589392407391,0.9278249290947076,0.9471624266144814,0.9340068632560012,0.9471624266144814,0.9471624266144814,0.9471624266144814,0.8203860519099588
8,infgain,standard,noAug,noImbl,XGBmodel,first,0.35,0.1,42,2026-05-29 19:29:45,20260529-185745,log/stroke_prediction_v2/8/infgain/standard__noAug__noImbl/XGBmodel,1780052279784_edb427c117800541855481980,0.9452054794520548,0.6200396825396826,0.5348559670781893,0.5483585858585859,0.9216522225328488,0.9452054794520548,0.9302926525529264,0.9452054794520548,0.9452054794520548,0.9452054794520548,0.8075346647576206
8,infgain,standard,noAug,noImbl,XGBmodel,first,0.35,0.2,42,2026-05-29 19:29:53,20260529-185745,log/stroke_prediction_v2/8/infgain/standard__noAug__noImbl/XGBmodel,1780052279784_edb427c117800541938915223,0.9481409001956947,0.6192118226600984,0.5174279835390947,0.5217510308231575,0.9200775066757926,0.9481409001956947,0.9291411443583694,0.9481409001956947,0.9481409001956947,0.9481409001956947,0.8025619176430053
8,infgain,standard,noAug,noImbl,XGBmodel,first,0.5,0.1,42,2026-05-29 19:29:47,20260529-185745,log/stroke_prediction_v2/8/infgain/standard__noAug__noImbl/XGBmodel,1780052279784_edb427c117800541876676251,0.9471624266144814,0.475442043222004,0.4979423868312758,0.4864321608040201,0.9043633385749272,0.9471624266144816,0.9252682197681164,0.9471624266144814,0.9471624266144814,0.9471624266144814,0.7783948045944336
8,infgain,standard,noAug,noImbl,XGBmodel,first,0.5,0.2,42,2026-05-29 19:29:55,20260529-185745,log/stroke_prediction_v2/8/infgain/standard__noAug__noImbl/XGBmodel,1780052279784_edb427c117800541959492118,0.9500978473581212,0.4755142017629775,0.499485596707819,0.4872052182639237,0.9045005951342742,0.9500978473581214,0.9267386930577962,0.9500978473581212,0.9500978473581212,0.9500978473581212,0.7800807650020133
8,infgain,standard,noAug,noImbl,XGBmodel,last,0.25,0.1,42,2026-05-29 19:29:58,20260529-185745,log/stroke_prediction_v2/8/infgain/noAug__noImbl__standard/XGBmodel,1780052279784_edb427c117800541985081979,0.9373776908023485,0.6121639784946236,0.5686831275720164,0.5837067209775968,0.9238552911221936,0.9373776908023485,0.9298687530141372,0.9373776908023485,0.9373776908023485,0.9373776908023485,0.8124576371385825
8,infgain,standard,noAug,noImbl,XGBmodel,last,0.25,0.2,42,2026-05-29 19:30:07,20260529-185745,log/stroke_prediction_v2/8/infgain/noAug__noImbl__standard/XGBmodel,1780052279784_edb427c117800542071051691,0.9363992172211352,0.6156356282746576,0.5776543209876543,0.5918605579892235,0.9249913071540008,0.9363992172211352,0.9301615631136352,0.9363992172211352,0.9363992172211352,0.9363992172211352,0.8146911306955139
8,infgain,standard,noAug,noImbl,XGBmodel,last,0.3,0.1,42,2026-05-29 19:30:00,20260529-185745,log/stroke_prediction_v2/8/infgain/noAug__noImbl__standard/XGBmodel,1780052279784_edb427c117800542006680280,0.9412915851272016,0.5882027445772466,0.5327983539094651,0.5436413431769469,0.9183730396959672,0.9412915851272016,0.9279532122315955,0.9412915851272016,0.9412915851272016,0.9412915851272016,0.8011932311804297
8,infgain,standard,noAug,noImbl,XGBmodel,last,0.3,0.2,42,2026-05-29 19:30:09,20260529-185745,log/stroke_prediction_v2/8/infgain/noAug__noImbl__standard/XGBmodel,1780052279784_edb427c117800542090980549,0.9471624266144814,0.665631212723658,0.5548559670781893,0.5772589392407391,0.9278249290947076,0.9471624266144814,0.9340068632560012,0.9471624266144814,0.9471624266144814,0.9471624266144814,0.8203860519099588
8,infgain,standard,noAug,noImbl,XGBmodel,last,0.35,0.1,42,2026-05-29 19:30:02,20260529-185745,log/stroke_prediction_v2/8/infgain/noAug__noImbl__standard/XGBmodel,1780052279784_edb427c117800542028048636,0.9452054794520548,0.6200396825396826,0.5348559670781893,0.5483585858585859,0.9216522225328488,0.9452054794520548,0.9302926525529264,0.9452054794520548,0.9452054794520548,0.9452054794520548,0.8075346647576206
8,infgain,standard,noAug,noImbl,XGBmodel,last,0.35,0.2,42,2026-05-29 19:30:11,20260529-185745,log/stroke_prediction_v2/8/infgain/noAug__noImbl__standard/XGBmodel,1780052279784_edb427c117800542111533612,0.9481409001956947,0.6192118226600984,0.5174279835390947,0.5217510308231575,0.9200775066757926,0.9481409001956947,0.9291411443583694,0.9481409001956947,0.9481409001956947,0.9481409001956947,0.8025619176430053
8,infgain,standard,noAug,noImbl,XGBmodel,last,0.5,0.1,42,2026-05-29 19:30:04,20260529-185745,log/stroke_prediction_v2/8/infgain/noAug__noImbl__standard/XGBmodel,1780052279784_edb427c117800542049681470,0.9471624266144814,0.475442043222004,0.4979423868312758,0.4864321608040201,0.9043633385749272,0.9471624266144816,0.9252682197681164,0.9471624266144814,0.9471624266144814,0.9471624266144814,0.7783948045944336
8,infgain,standard,noAug,noImbl,XGBmodel,last,0.5,0.2,42,2026-05-29 19:30:13,20260529-185745,log/stroke_prediction_v2/8/infgain/noAug__noImbl__standard/XGBmodel,1780052279784_edb427c117800542131656795,0.9500978473581212,0.4755142017629775,0.499485596707819,0.4872052182639237,0.9045005951342742,0.9500978473581214,0.9267386930577962,0.9500978473581212,0.9500978473581212,0.9500978473581212,0.7800807650020133
8,infgain,standard,noAug,noImbl,random_forest,first,0.25,0.1,42,2026-05-29 19:29:40,20260529-185745,log/stroke_prediction_v2/8/infgain/standard__noAug__noImbl/random_forest,1780052279784_edb427c117800541806403505,0.9197651663405088,0.5755352894528152,0.578395061728395,0.5769269602794773,0.9212650786581024,0.9197651663405088,0.9205104667884676,0.9197651663405088,0.9197651663405088,0.9197651663405088,0.8000412235803264
8,infgain,standard,noAug,noImbl,random_forest,first,0.25,0.2,42,2026-05-29 19:29:49,20260529-185745,log/stroke_prediction_v2/8/infgain/standard__noAug__noImbl/random_forest,1780052279784_edb427c117800541895307349,0.9158512720156556,0.5552735923869945,0.5573662551440329,0.5562892510248179,0.9174224165892012,0.9158512720156556,0.916632928583027,0.9158512720156556,0.9158512720156556,0.9158512720156556,0.7902850621594616
8,infgain,standard,noAug,noImbl,random_forest,first,0.3,0.1,42,2026-05-29 19:29:43,20260529-185745,log/stroke_prediction_v2/8/infgain/standard__noAug__noImbl/random_forest,1780052279784_edb427c117800541832197435,0.9275929549902152,0.5786150712830957,0.5635390946502058,0.5699533720004548,0.9201836580962212,0.9275929549902152,0.92375562040878,0.9275929549902152,0.9275929549902152,0.9275929549902152,0.8013273132604234
8,infgain,standard,noAug,noImbl,random_forest,first,0.3,0.2,42,2026-05-29 19:29:51,20260529-185745,log/stroke_prediction_v2/8/infgain/standard__noAug__noImbl/random_forest,1780052279784_edb427c117800541916872154,0.9256360078277888,0.5738095238095238,0.5625102880658436,0.5674893086243763,0.919634703196347,0.9256360078277888,0.922555176006684,0.9256360078277888,0.9256360078277888,0.9256360078277884,0.7993565273329458
8,infgain,standard,noAug,noImbl,random_forest,first,0.35,0.1,42,2026-05-29 19:29:45,20260529-185745,log/stroke_prediction_v2/8/infgain/standard__noAug__noImbl/random_forest,1780052279784_edb427c117800541853667828,0.9315068493150684,0.5898129366689204,0.56559670781893,0.5751478727700311,0.9214358708370768,0.9315068493150684,0.9261766936829846,0.9315068493150684,0.9315068493150684,0.9315068493150684,0.8054859762264723
8,infgain,standard,noAug,noImbl,random_forest,first,0.35,0.2,42,2026-05-29 19:29:53,20260529-185745,log/stroke_prediction_v2/8/infgain/standard__noAug__noImbl/random_forest,1780052279784_edb427c117800541937052097,0.9344422700587084,0.5812931902628746,0.5481687242798354,0.558901021032628,0.919056106831089,0.9344422700587084,0.9260792093698988,0.9344422700587084,0.9344422700587084,0.9344422700587084,0.8013757447212422
8,infgain,standard,noAug,noImbl,random_forest,first,0.5,0.1,42,2026-05-29 19:29:47,20260529-185745,log/stroke_prediction_v2/8/infgain/standard__noAug__noImbl/random_forest,1780052279784_edb427c117800541874889402,0.9471624266144814,0.6438943894389438,0.5358847736625514,0.5508935256013802,0.92406786666925,0.9471624266144812,0.9314767826160464,0.9471624266144814,0.9471624266144814,0.9471624266144814,0.8116052198554807
8,infgain,standard,noAug,noImbl,random_forest,first,0.5,0.2,42,2026-05-29 19:29:55,20260529-185745,log/stroke_prediction_v2/8/infgain/standard__noAug__noImbl/random_forest,1780052279784_edb427c117800541957298823,0.946183953033268,0.5874191071624437,0.5163991769547325,0.5200444008026299,0.916882441717125,0.946183953033268,0.9280409399061073,0.946183953033268,0.946183953033268,0.946183953033268,0.7977564549030478
8,infgain,standard,noAug,noImbl,random_forest,last,0.25,0.1,42,2026-05-29 19:29:58,20260529-185745,log/stroke_prediction_v2/8/infgain/noAug__noImbl__standard/random_forest,1780052279784_edb427c117800541983305306,0.9197651663405088,0.5755352894528152,0.578395061728395,0.5769269602794773,0.9212650786581024,0.9197651663405088,0.9205104667884676,0.9197651663405088,0.9197651663405088,0.9197651663405088,0.8000412235803264
8,infgain,standard,noAug,noImbl,random_forest,last,0.25,0.2,42,2026-05-29 19:30:06,20260529-185745,log/stroke_prediction_v2/8/infgain/noAug__noImbl__standard/random_forest,1780052279784_edb427c117800542067957323,0.9158512720156556,0.5552735923869945,0.5573662551440329,0.5562892510248179,0.9174224165892012,0.9158512720156556,0.916632928583027,0.9158512720156556,0.9158512720156556,0.9158512720156556,0.7902850621594616
8,infgain,standard,noAug,noImbl,random_forest,last,0.3,0.1,42,2026-05-29 19:30:00,20260529-185745,log/stroke_prediction_v2/8/infgain/noAug__noImbl__standard/random_forest,1780052279784_edb427c117800542004818472,0.9275929549902152,0.5786150712830957,0.5635390946502058,0.5699533720004548,0.9201836580962212,0.9275929549902152,0.92375562040878,0.9275929549902152,0.9275929549902152,0.9275929549902152,0.8013273132604234
8,infgain,standard,noAug,noImbl,random_forest,last,0.3,0.2,42,2026-05-29 19:30:08,20260529-185745,log/stroke_prediction_v2/8/infgain/noAug__noImbl__standard/random_forest,1780052279784_edb427c117800542089105019,0.9256360078277888,0.5738095238095238,0.5625102880658436,0.5674893086243763,0.919634703196347,0.9256360078277888,0.922555176006684,0.9256360078277888,0.9256360078277888,0.9256360078277884,0.7993565273329458
8,infgain,standard,noAug,noImbl,random_forest,last,0.35,0.1,42,2026-05-29 19:30:02,20260529-185745,log/stroke_prediction_v2/8/infgain/noAug__noImbl__standard/random_forest,1780052279784_edb427c117800542026184150,0.9315068493150684,0.5898129366689204,0.56559670781893,0.5751478727700311,0.9214358708370768,0.9315068493150684,0.9261766936829846,0.9315068493150684,0.9315068493150684,0.9315068493150684,0.8054859762264723
8,infgain,standard,noAug,noImbl,random_forest,last,0.35,0.2,42,2026-05-29 19:30:10,20260529-185745,log/stroke_prediction_v2/8/infgain/noAug__noImbl__standard/random_forest,1780052279784_edb427c117800542109510121,0.9344422700587084,0.5812931902628746,0.5481687242798354,0.558901021032628,0.919056106831089,0.9344422700587084,0.9260792093698988,0.9344422700587084,0.9344422700587084,0.9344422700587084,0.8013757447212422
8,infgain,standard,noAug,noImbl,random_forest,last,0.5,0.1,42,2026-05-29 19:30:04,20260529-185745,log/stroke_prediction_v2/8/infgain/noAug__noImbl__standard/random_forest,1780052279784_edb427c117800542047866065,0.9471624266144814,0.6438943894389438,0.5358847736625514,0.5508935256013802,0.92406786666925,0.9471624266144812,0.9314767826160464,0.9471624266144814,0.9471624266144814,0.9471624266144814,0.8116052198554807
8,infgain,standard,noAug,noImbl,random_forest,last,0.5,0.2,42,2026-05-29 19:30:12,20260529-185745,log/stroke_prediction_v2/8/infgain/noAug__noImbl__standard/random_forest,1780052279784_edb427c117800542129778443,0.946183953033268,0.5874191071624437,0.5163991769547325,0.5200444008026299,0.916882441717125,0.946183953033268,0.9280409399061073,0.946183953033268,0.946183953033268,0.946183953033268,0.7977564549030478
8,infgain,standard,noAug,noImbl,sklearn_SVM,first,0.25,0.1,42,2026-05-29 19:29:40,20260529-185745,log/stroke_prediction_v2/8/infgain/standard__noAug__noImbl/sklearn_SVM,1780052279784_edb427c117800541802323106,0.949119373776908,0.4754901960784314,0.4989711934156378,0.4869477911646586,0.9044549326579948,0.949119373776908,0.926249027420838,0.949119373776908,0.949119373776908,0.949119373776908,0.7795189045137939
8,infgain,standard,noAug,noImbl,sklearn_SVM,first,0.25,0.2,42,2026-05-29 19:29:49,20260529-185745,log/stroke_prediction_v2/8/infgain/standard__noAug__noImbl/sklearn_SVM,1780052279784_edb427c117800541891679809,0.9500978473581212,0.6426234870788354,0.5089711934156378,0.5060602901737061,0.9216504163874,0.9500978473581212,0.9285604219838514,0.9500978473581212,0.9500978473581212,0.9500978473581212,0.8025567554550692
8,infgain,standard,noAug,noImbl,sklearn_SVM,first,0.3,0.1,42,2026-05-29 19:29:42,20260529-185745,log/stroke_prediction_v2/8/infgain/standard__noAug__noImbl/sklearn_SVM,1780052279784_edb427c117800541827907674,0.949119373776908,0.4754901960784314,0.4989711934156378,0.4869477911646586,0.9044549326579948,0.949119373776908,0.926249027420838,0.949119373776908,0.949119373776908,0.949119373776908,0.7795189045137939
8,infgain,standard,noAug,noImbl,sklearn_SVM,first,0.3,0.2,42,2026-05-29 19:29:51,20260529-185745,log/stroke_prediction_v2/8/infgain/standard__noAug__noImbl/sklearn_SVM,1780052279784_edb427c117800541913259353,0.9500978473581212,0.6426234870788354,0.5089711934156378,0.5060602901737061,0.9216504163874,0.9500978473581212,0.9285604219838514,0.9500978473581212,0.9500978473581212,0.9500978473581212,0.8025567554550692
8,infgain,standard,noAug,noImbl,sklearn_SVM,first,0.35,0.1,42,2026-05-29 19:29:44,20260529-185745,log/stroke_prediction_v2/8/infgain/standard__noAug__noImbl/sklearn_SVM,1780052279784_edb427c117800541849827860,0.949119373776908,0.4754901960784314,0.4989711934156378,0.4869477911646586,0.9044549326579948,0.949119373776908,0.926249027420838,0.949119373776908,0.949119373776908,0.949119373776908,0.7795189045137939
8,infgain,standard,noAug,noImbl,sklearn_SVM,first,0.35,0.2,42,2026-05-29 19:29:53,20260529-185745,log/stroke_prediction_v2/8/infgain/standard__noAug__noImbl/sklearn_SVM,1780052279784_edb427c117800541933464447,0.9510763209393346,0.4755381604696673,0.5,0.4874623871614844,0.9045461682515002,0.9510763209393346,0.9272278675557002,0.9510763209393346,0.9510763209393346,0.9510763209393346,0.7806424994554282
8,infgain,standard,noAug,noImbl,sklearn_SVM,first,0.5,0.1,42,2026-05-29 19:29:47,20260529-185745,log/stroke_prediction_v2/8/infgain/standard__noAug__noImbl/sklearn_SVM,1780052279784_edb427c117800541871173107,0.949119373776908,0.4754901960784314,0.4989711934156378,0.4869477911646586,0.9044549326579948,0.949119373776908,0.926249027420838,0.949119373776908,0.949119373776908,0.949119373776908,0.7795189045137939
8,infgain,standard,noAug,noImbl,sklearn_SVM,first,0.5,0.2,42,2026-05-29 19:29:55,20260529-185745,log/stroke_prediction_v2/8/infgain/standard__noAug__noImbl/sklearn_SVM,1780052279784_edb427c117800541953554337,0.9500978473581212,0.4755142017629775,0.499485596707819,0.4872052182639237,0.9045005951342742,0.9500978473581214,0.9267386930577962,0.9500978473581212,0.9500978473581212,0.9500978473581212,0.7800807650020133
8,infgain,standard,noAug,noImbl,sklearn_SVM,last,0.25,0.1,42,2026-05-29 19:29:57,20260529-185745,log/stroke_prediction_v2/8/infgain/noAug__noImbl__standard/sklearn_SVM,1780052279784_edb427c117800541979711334,0.949119373776908,0.4754901960784314,0.4989711934156378,0.4869477911646586,0.9044549326579948,0.949119373776908,0.926249027420838,0.949119373776908,0.949119373776908,0.949119373776908,0.7795189045137939
8,infgain,standard,noAug,noImbl,sklearn_SVM,last,0.25,0.2,42,2026-05-29 19:30:06,20260529-185745,log/stroke_prediction_v2/8/infgain/noAug__noImbl__standard/sklearn_SVM,1780052279784_edb427c117800542064411954,0.9500978473581212,0.6426234870788354,0.5089711934156378,0.5060602901737061,0.9216504163874,0.9500978473581212,0.9285604219838514,0.9500978473581212,0.9500978473581212,0.9500978473581212,0.8025567554550692
8,infgain,standard,noAug,noImbl,sklearn_SVM,last,0.3,0.1,42,2026-05-29 19:30:00,20260529-185745,log/stroke_prediction_v2/8/infgain/noAug__noImbl__standard/sklearn_SVM,1780052279784_edb427c117800542000872421,0.949119373776908,0.4754901960784314,0.4989711934156378,0.4869477911646586,0.9044549326579948,0.949119373776908,0.926249027420838,0.949119373776908,0.949119373776908,0.949119373776908,0.7795189045137939
8,infgain,standard,noAug,noImbl,sklearn_SVM,last,0.3,0.2,42,2026-05-29 19:30:08,20260529-185745,log/stroke_prediction_v2/8/infgain/noAug__noImbl__standard/sklearn_SVM,1780052279784_edb427c117800542085449749,0.9500978473581212,0.6426234870788354,0.5089711934156378,0.5060602901737061,0.9216504163874,0.9500978473581212,0.9285604219838514,0.9500978473581212,0.9500978473581212,0.9500978473581212,0.8025567554550692
8,infgain,standard,noAug,noImbl,sklearn_SVM,last,0.35,0.1,42,2026-05-29 19:30:02,20260529-185745,log/stroke_prediction_v2/8/infgain/noAug__noImbl__standard/sklearn_SVM,1780052279784_edb427c117800542022378021,0.949119373776908,0.4754901960784314,0.4989711934156378,0.4869477911646586,0.9044549326579948,0.949119373776908,0.926249027420838,0.949119373776908,0.949119373776908,0.949119373776908,0.7795189045137939
8,infgain,standard,noAug,noImbl,sklearn_SVM,last,0.35,0.2,42,2026-05-29 19:30:10,20260529-185745,log/stroke_prediction_v2/8/infgain/noAug__noImbl__standard/sklearn_SVM,1780052279784_edb427c117800542105811148,0.9500978473581212,0.6426234870788354,0.5089711934156378,0.5060602901737061,0.9216504163874,0.9500978473581212,0.9285604219838514,0.9500978473581212,0.9500978473581212,0.9500978473581212,0.8025567554550692
8,infgain,standard,noAug,noImbl,sklearn_SVM,last,0.5,0.1,42,2026-05-29 19:30:04,20260529-185745,log/stroke_prediction_v2/8/infgain/noAug__noImbl__standard/sklearn_SVM,1780052279784_edb427c117800542044119360,0.9510763209393346,0.4755381604696673,0.5,0.4874623871614844,0.9045461682515002,0.9510763209393346,0.9272278675557002,0.9510763209393346,0.9510763209393346,0.9510763209393346,0.7806424994554282
8,infgain,standard,noAug,noImbl,sklearn_SVM,last,0.5,0.2,42,2026-05-29 19:30:12,20260529-185745,log/stroke_prediction_v2/8/infgain/noAug__noImbl__standard/sklearn_SVM,1780052279784_edb427c117800542126115362,0.9510763209393346,0.4755381604696673,0.5,0.4874623871614844,0.9045461682515002,0.9510763209393346,0.9272278675557002,0.9510763209393346,0.9510763209393346,0.9510763209393346,0.7806424994554282
