FeatureNum,FS_Method,Scaler,AugName,ImblName,Model,Norm_Order,Prob_Threshold,Split_Ratio,Random_State,Timestamp,RunID,LogDir,Model_RunID,Accuracy,Macro_Precision,Macro_Recall,Macro_F1,Weighted_Precision,Weighted_Recall,Weighted_F1,Micro_Precision,Micro_Recall,Micro_F1,Integrated_Score
4,biMaxInfgain,minmax,gaussian_noise,ADASYN,random_forest,first,0.35,0.1,42,2026-02-20 16:13:33,20260220-161321,log/pimaindians_diabetes/4/biMaxInfgain/minmax__gaussian_noise__ADASYN/random_forest,1771575212296_720c096117715752134796516,0.4935064935064935,0.5930127041742287,0.575925925925926,0.4879795396419437,0.6516958540552007,0.4935064935064935,0.4720895472813631,0.4935064935064935,0.4935064935064935,0.4935064935064935,0.5234764088566289
4,biMaxInfgain,minmax,gaussian_noise,ADASYN,random_forest,first,0.35,0.2,42,2026-02-20 16:13:35,20260220-161321,log/pimaindians_diabetes/4/biMaxInfgain/minmax__gaussian_noise__ADASYN/random_forest,1771575212296_720c096117715752159823330,0.512987012987013,0.5907237512742101,0.5824074074074074,0.5113179606515761,0.6465970319181329,0.512987012987013,0.5027872487148984,0.512987012987013,0.512987012987013,0.512987012987013,0.5392834056597513
4,biMaxInfgain,minmax,gaussian_noise,ADASYN,random_forest,first,0.5,0.1,42,2026-02-20 16:13:35,20260220-161321,log/pimaindians_diabetes/4/biMaxInfgain/minmax__gaussian_noise__ADASYN/random_forest,1771575212296_720c096117715752150166124,0.7532467532467533,0.7295918367346939,0.7333333333333334,0.7313131313131314,0.755499602438378,0.7532467532467533,0.7542437360619179,0.7532467532467533,0.7532467532467533,0.7532467532467532,0.7459747086555988
4,biMaxInfgain,minmax,gaussian_noise,ADASYN,random_forest,first,0.5,0.2,42,2026-02-20 16:13:36,20260220-161321,log/pimaindians_diabetes/4/biMaxInfgain/minmax__gaussian_noise__ADASYN/random_forest,1771575212296_720c096117715752169503939,0.5974025974025974,0.5710028050490883,0.575,0.5713002873563218,0.6114824866578022,0.5974025974025974,0.6028978205702344,0.5974025974025974,0.5974025974025974,0.5974025974025974,0.5908392843207113
4,biMaxInfgain,minmax,gaussian_noise,ADASYN,random_forest,last,0.35,0.1,42,2026-02-20 16:13:38,20260220-161321,log/pimaindians_diabetes/4/biMaxInfgain/gaussian_noise__ADASYN__minmax/random_forest,1771575212296_720c096117715752180121286,0.4545454545454545,0.608974358974359,0.562962962962963,0.4330294530154277,0.6759906759906761,0.4545454545454545,0.4000382506693867,0.4545454545454545,0.4545454545454545,0.4545454545454545,0.4915711371637037
4,biMaxInfgain,minmax,gaussian_noise,ADASYN,random_forest,last,0.35,0.2,42,2026-02-20 16:13:40,20260220-161321,log/pimaindians_diabetes/4/biMaxInfgain/gaussian_noise__ADASYN__minmax/random_forest,1771575212296_720c096117715752200434989,0.5194805194805194,0.6495098039215687,0.612962962962963,0.5112369188540058,0.7190603514132926,0.5194805194805194,0.4922766374130244,0.5194805194805194,0.5194805194805194,0.5194805194805194,0.5564725530620447
4,biMaxInfgain,minmax,gaussian_noise,ADASYN,random_forest,last,0.5,0.1,42,2026-02-20 16:13:39,20260220-161321,log/pimaindians_diabetes/4/biMaxInfgain/gaussian_noise__ADASYN__minmax/random_forest,1771575212296_720c096117715752190822210,0.6623376623376623,0.6567567567567567,0.6718518518518519,0.6524305555555556,0.6995436995436995,0.6623376623376623,0.6699585137085138,0.6623376623376623,0.6623376623376623,0.6623376623376623,0.6661086561399059
4,biMaxInfgain,minmax,gaussian_noise,ADASYN,random_forest,last,0.5,0.2,42,2026-02-20 16:13:41,20260220-161321,log/pimaindians_diabetes/4/biMaxInfgain/gaussian_noise__ADASYN__minmax/random_forest,1771575212296_720c096117715752210101870,0.577922077922078,0.5901069064992364,0.5983333333333334,0.5727152430955735,0.6368154160450105,0.577922077922078,0.5868043255672915,0.577922077922078,0.577922077922078,0.577922077922078,0.5876223320560188
4,biMaxInfgain,minmax,gaussian_noise,RandomUnderSampler,random_forest,first,0.35,0.1,42,2026-02-20 16:13:41,20260220-161321,log/pimaindians_diabetes/4/biMaxInfgain/minmax__gaussian_noise__RandomUnderSampler/random_forest,1771575212296_720c096117715752217697667,0.5064935064935064,0.6424180327868853,0.602962962962963,0.4962121212121212,0.7118905684479455,0.5064935064935066,0.4747146792601338,0.5064935064935064,0.5064935064935064,0.5064935064935064,0.5439635790880202
4,biMaxInfgain,minmax,gaussian_noise,RandomUnderSampler,random_forest,first,0.35,0.2,42,2026-02-20 16:13:43,20260220-161321,log/pimaindians_diabetes/4/biMaxInfgain/minmax__gaussian_noise__RandomUnderSampler/random_forest,1771575212296_720c096117715752231811017,0.4935064935064935,0.6226946721311475,0.5887037037037037,0.4829545454545454,0.6887241856504152,0.4935064935064935,0.4608913813459268,0.4935064935064935,0.4935064935064935,0.4935064935064935,0.5289917425711947
4,biMaxInfgain,minmax,gaussian_noise,RandomUnderSampler,random_forest,first,0.5,0.1,42,2026-02-20 16:13:42,20260220-161321,log/pimaindians_diabetes/4/biMaxInfgain/minmax__gaussian_noise__RandomUnderSampler/random_forest,1771575212296_720c096117715752224971701,0.5714285714285714,0.5946969696969697,0.6018518518518519,0.5688104530799254,0.6433490751672569,0.5714285714285714,0.578846573416402,0.5714285714285714,0.5714285714285714,0.5714285714285714,0.5847097722174854
4,biMaxInfgain,minmax,gaussian_noise,RandomUnderSampler,random_forest,first,0.5,0.2,42,2026-02-20 16:13:43,20260220-161321,log/pimaindians_diabetes/4/biMaxInfgain/minmax__gaussian_noise__RandomUnderSampler/random_forest,1771575212296_720c096117715752238606796,0.6623376623376623,0.6468878248974008,0.6590740740740741,0.6471002996650802,0.6863707428002914,0.6623376623376623,0.669004008506917,0.6623376623376623,0.6623376623376623,0.6623376623376623,0.6615839753380409
4,biMaxInfgain,minmax,gaussian_noise,RandomUnderSampler,random_forest,last,0.35,0.1,42,2026-02-20 16:13:44,20260220-161321,log/pimaindians_diabetes/4/biMaxInfgain/gaussian_noise__RandomUnderSampler__minmax/random_forest,1771575212296_720c096117715752246035857,0.5194805194805194,0.6763440860215053,0.6214814814814814,0.5075194468452895,0.7531071079458176,0.5194805194805194,0.4845940576277655,0.5194805194805194,0.5194805194805194,0.5194805194805194,0.5617025010080463
4,biMaxInfgain,minmax,gaussian_noise,RandomUnderSampler,random_forest,last,0.35,0.2,42,2026-02-20 16:13:45,20260220-161321,log/pimaindians_diabetes/4/biMaxInfgain/gaussian_noise__RandomUnderSampler__minmax/random_forest,1771575212296_720c096117715752259827620,0.4415584415584415,0.5615079365079365,0.5401851851851852,0.4251736111111111,0.6178107606679035,0.4415584415584415,0.3961850649350649,0.4415584415584415,0.4415584415584415,0.4415584415584415,0.4717775662664054
4,biMaxInfgain,minmax,gaussian_noise,RandomUnderSampler,random_forest,last,0.5,0.1,42,2026-02-20 16:13:45,20260220-161321,log/pimaindians_diabetes/4/biMaxInfgain/gaussian_noise__RandomUnderSampler__minmax/random_forest,1771575212296_720c096117715752253054627,0.5584415584415584,0.6195324283559578,0.6174074074074074,0.5583670715249662,0.6757360286772052,0.5584415584415584,0.5566538724433461,0.5584415584415584,0.5584415584415584,0.5584415584415584,0.5818973514159271
4,biMaxInfgain,minmax,gaussian_noise,RandomUnderSampler,random_forest,last,0.5,0.2,42,2026-02-20 16:13:46,20260220-161321,log/pimaindians_diabetes/4/biMaxInfgain/gaussian_noise__RandomUnderSampler__minmax/random_forest,1771575212296_720c096117715752266676588,0.6428571428571429,0.6090909090909091,0.61,0.6095154672444794,0.644391971664699,0.6428571428571429,0.6435980689818688,0.6428571428571429,0.6428571428571429,0.6428571428571429,0.6314581756523701
4,biMaxInfgain,minmax,gaussian_noise,SMOTE,random_forest,first,0.35,0.1,42,2026-02-20 16:13:47,20260220-161321,log/pimaindians_diabetes/4/biMaxInfgain/minmax__gaussian_noise__SMOTE/random_forest,1771575212296_720c096117715752277345847,0.5064935064935064,0.6200564971751412,0.5944444444444444,0.4996580027359781,0.6837625651184974,0.5064935064935064,0.4821894931334056,0.5064935064935064,0.5064935064935064,0.5064935064935064,0.5397008776516182
4,biMaxInfgain,minmax,gaussian_noise,SMOTE,random_forest,first,0.35,0.2,42,2026-02-20 16:13:49,20260220-161321,log/pimaindians_diabetes/4/biMaxInfgain/minmax__gaussian_noise__SMOTE/random_forest,1771575212296_720c096117715752297107613,0.5974025974025974,0.7199561403508772,0.6857407407407408,0.594047619047619,0.7961380724538619,0.5974025974025974,0.5830241187384044,0.5974025974025974,0.5974025974025974,0.5974025974025974,0.6357052949834903
4,biMaxInfgain,minmax,gaussian_noise,SMOTE,random_forest,first,0.5,0.1,42,2026-02-20 16:13:48,20260220-161321,log/pimaindians_diabetes/4/biMaxInfgain/minmax__gaussian_noise__SMOTE/random_forest,1771575212296_720c096117715752287557264,0.7272727272727273,0.7042553191489361,0.7133333333333334,0.7075420510037982,0.7353965183752418,0.7272727272727273,0.7302323287130666,0.7272727272727273,0.7272727272727273,0.7272727272727273,0.7218737649523717
4,biMaxInfgain,minmax,gaussian_noise,SMOTE,random_forest,first,0.5,0.2,42,2026-02-20 16:13:50,20260220-161321,log/pimaindians_diabetes/4/biMaxInfgain/minmax__gaussian_noise__SMOTE/random_forest,1771575212296_720c096117715752306495719,0.6363636363636364,0.5886363636363636,0.5794444444444444,0.5809523809523809,0.6219008264462811,0.6363636363636364,0.6264687693259121,0.6363636363636364,0.6363636363636364,0.6363636363636364,0.6146567905399073
4,biMaxInfgain,minmax,gaussian_noise,SMOTE,random_forest,last,0.35,0.1,42,2026-02-20 16:13:51,20260220-161321,log/pimaindians_diabetes/4/biMaxInfgain/gaussian_noise__SMOTE__minmax/random_forest,1771575212296_720c096117715752316821116,0.4805194805194805,0.6029713114754098,0.5744444444444444,0.4696969696969696,0.6655578028528848,0.4805194805194805,0.4470680834317198,0.4805194805194805,0.4805194805194805,0.4805194805194805,0.5140199060543694
4,biMaxInfgain,minmax,gaussian_noise,SMOTE,random_forest,last,0.35,0.2,42,2026-02-20 16:13:53,20260220-161321,log/pimaindians_diabetes/4/biMaxInfgain/gaussian_noise__SMOTE__minmax/random_forest,1771575212296_720c096117715752336139221,0.4285714285714285,0.571969696969697,0.5387037037037037,0.4027851225101357,0.6319362455726092,0.4285714285714285,0.3657173075470272,0.4285714285714285,0.4285714285714285,0.4285714285714285,0.4609649005617466
4,biMaxInfgain,minmax,gaussian_noise,SMOTE,random_forest,last,0.5,0.1,42,2026-02-20 16:13:52,20260220-161321,log/pimaindians_diabetes/4/biMaxInfgain/gaussian_noise__SMOTE__minmax/random_forest,1771575212296_720c096117715752326840799,0.7272727272727273,0.7253711201079622,0.7474074074074074,0.7204840103716508,0.7691080848975587,0.7272727272727273,0.7334957177653806,0.7272727272727273,0.7272727272727273,0.7272727272727273,0.7331947113709383
4,biMaxInfgain,minmax,gaussian_noise,SMOTE,random_forest,last,0.5,0.2,42,2026-02-20 16:13:54,20260220-161321,log/pimaindians_diabetes/4/biMaxInfgain/gaussian_noise__SMOTE__minmax/random_forest,1771575212296_720c096117715752345658952,0.6038961038961039,0.6038961038961039,0.614074074074074,0.594859188338293,0.6485073368190252,0.6038961038961039,0.6129330194539147,0.6038961038961039,0.6038961038961039,0.6038961038961039,0.6093750242061928
4,biMaxInfgain,minmax,gaussian_noise,TomekLinks,random_forest,first,0.35,0.1,42,2026-02-20 16:13:55,20260220-161321,log/pimaindians_diabetes/4/biMaxInfgain/minmax__gaussian_noise__TomekLinks/random_forest,1771575212296_720c096117715752354715980,0.7272727272727273,0.7428571428571429,0.7644444444444445,0.7242966751918158,0.7940630797773655,0.7272727272727273,0.7328528249244362,0.7272727272727273,0.7272727272727273,0.7272727272727273,0.7396179826344239
4,biMaxInfgain,minmax,gaussian_noise,TomekLinks,random_forest,first,0.35,0.2,42,2026-02-20 16:13:57,20260220-161321,log/pimaindians_diabetes/4/biMaxInfgain/minmax__gaussian_noise__TomekLinks/random_forest,1771575212296_720c096117715752371521327,0.6103896103896104,0.6344696969696969,0.6446296296296297,0.6080095027999322,0.6848189689098779,0.6103896103896104,0.6171332485603654,0.6103896103896104,0.6103896103896104,0.6103896103896104,0.624319086410809
4,biMaxInfgain,minmax,gaussian_noise,TomekLinks,random_forest,first,0.5,0.1,42,2026-02-20 16:13:56,20260220-161321,log/pimaindians_diabetes/4/biMaxInfgain/minmax__gaussian_noise__TomekLinks/random_forest,1771575212296_720c096117715752363370346,0.7142857142857143,0.6846153846153846,0.6777777777777778,0.6806184012066365,0.70989010989011,0.7142857142857143,0.7115923292393881,0.7142857142857143,0.7142857142857143,0.7142857142857143,0.7017742225095165
4,biMaxInfgain,minmax,gaussian_noise,TomekLinks,random_forest,first,0.5,0.2,42,2026-02-20 16:13:57,20260220-161321,log/pimaindians_diabetes/4/biMaxInfgain/minmax__gaussian_noise__TomekLinks/random_forest,1771575212296_720c096117715752379691416,0.6753246753246753,0.633578431372549,0.6009259259259259,0.6022727272727273,0.6559078176725236,0.6753246753246753,0.6531877213695396,0.6753246753246753,0.6753246753246753,0.6753246753246753,0.64749015492331
4,biMaxInfgain,minmax,gaussian_noise,TomekLinks,random_forest,last,0.35,0.1,42,2026-02-20 16:13:58,20260220-161321,log/pimaindians_diabetes/4/biMaxInfgain/gaussian_noise__TomekLinks__minmax/random_forest,1771575212296_720c096117715752388730369,0.4935064935064935,0.6349462365591398,0.592962962962963,0.4808988764044944,0.7041614299678816,0.4935064935064935,0.4567342769589961,0.4935064935064935,0.4935064935064935,0.4935064935064935,0.5312546333561193
4,biMaxInfgain,minmax,gaussian_noise,TomekLinks,random_forest,last,0.35,0.2,42,2026-02-20 16:14:00,20260220-161321,log/pimaindians_diabetes/4/biMaxInfgain/gaussian_noise__TomekLinks__minmax/random_forest,1771575212296_720c096117715752407024619,0.5454545454545454,0.5824468085106382,0.5861111111111111,0.5447635135135135,0.632495164410058,0.5454545454545454,0.550061425061425,0.5454545454545454,0.5454545454545454,0.5454545454545454,0.5625108673712396
4,biMaxInfgain,minmax,gaussian_noise,TomekLinks,random_forest,last,0.5,0.1,42,2026-02-20 16:13:59,20260220-161321,log/pimaindians_diabetes/4/biMaxInfgain/gaussian_noise__TomekLinks__minmax/random_forest,1771575212296_720c096117715752399065310,0.6753246753246753,0.6600547195622435,0.6733333333333333,0.6606733650625771,0.6990779398440138,0.6753246753246753,0.6817346235643433,0.6753246753246753,0.6753246753246753,0.6753246753246753,0.6747376676978671
4,biMaxInfgain,minmax,gaussian_noise,TomekLinks,random_forest,last,0.5,0.2,42,2026-02-20 16:14:01,20260220-161321,log/pimaindians_diabetes/4/biMaxInfgain/gaussian_noise__TomekLinks__minmax/random_forest,1771575212296_720c096117715752414970447,0.6948051948051948,0.6604485219164118,0.6457407407407407,0.6501860712387029,0.6851423805552246,0.6948051948051948,0.6875038836761325,0.6948051948051948,0.6948051948051948,0.6948051948051948,0.6777087354805408
4,biMaxInfgain,minmax,gaussian_noise,noImbl,random_forest,first,0.35,0.1,42,2026-02-20 16:14:02,20260220-161321,log/pimaindians_diabetes/4/biMaxInfgain/minmax__gaussian_noise__noImbl/random_forest,1771575212296_720c096117715752423861741,0.7012987012987013,0.7535919540229885,0.7614814814814814,0.7010970464135021,0.8168943125839677,0.7012987012987013,0.7034160775932927,0.7012987012987013,0.7012987012987013,0.7012987012987013,0.7243932239293434
4,biMaxInfgain,minmax,gaussian_noise,noImbl,random_forest,first,0.35,0.2,42,2026-02-20 16:14:04,20260220-161321,log/pimaindians_diabetes/4/biMaxInfgain/minmax__gaussian_noise__noImbl/random_forest,1771575212296_720c096117715752440456522,0.525974025974026,0.5644067796610169,0.5668518518518518,0.5254738086193069,0.613515298261061,0.525974025974026,0.5300758082827223,0.525974025974026,0.525974025974026,0.525974025974026,0.5431994459023075
4,biMaxInfgain,minmax,gaussian_noise,noImbl,random_forest,first,0.5,0.1,42,2026-02-20 16:14:03,20260220-161321,log/pimaindians_diabetes/4/biMaxInfgain/minmax__gaussian_noise__noImbl/random_forest,1771575212296_720c096117715752432445159,0.7012987012987013,0.6684210526315789,0.6422222222222222,0.6478425134221515,0.6888585099111415,0.7012987012987013,0.688825590794173,0.7012987012987013,0.7012987012987013,0.7012987012987013,0.6809698746284233
4,biMaxInfgain,minmax,gaussian_noise,noImbl,random_forest,first,0.5,0.2,42,2026-02-20 16:14:04,20260220-161321,log/pimaindians_diabetes/4/biMaxInfgain/minmax__gaussian_noise__noImbl/random_forest,1771575212296_720c096117715752448702608,0.6103896103896104,0.5257936507936507,0.5168518518518518,0.5014029786315563,0.5655019583591012,0.6103896103896104,0.5710333266992019,0.6103896103896104,0.6103896103896104,0.6103896103896104,0.565836036055918
4,biMaxInfgain,minmax,gaussian_noise,noImbl,random_forest,last,0.35,0.1,42,2026-02-20 16:14:05,20260220-161321,log/pimaindians_diabetes/4/biMaxInfgain/gaussian_noise__noImbl__minmax/random_forest,1771575212296_720c096117715752457669452,0.5584415584415584,0.6499999999999999,0.6344444444444444,0.5565718157181572,0.7138134592680047,0.5584415584415584,0.5479709991905114,0.5584415584415584,0.5584415584415584,0.5584415584415584,0.5888838359841684
4,biMaxInfgain,minmax,gaussian_noise,noImbl,random_forest,last,0.35,0.2,42,2026-02-20 16:14:07,20260220-161321,log/pimaindians_diabetes/4/biMaxInfgain/gaussian_noise__noImbl__minmax/random_forest,1771575212296_720c096117715752474258067,0.564935064935065,0.6302113078241005,0.6266666666666667,0.5647698991858945,0.6879556765336319,0.564935064935065,0.5622373576986138,0.564935064935065,0.564935064935065,0.564935064935065,0.589508479609142
4,biMaxInfgain,minmax,gaussian_noise,noImbl,random_forest,last,0.5,0.1,42,2026-02-20 16:14:06,20260220-161321,log/pimaindians_diabetes/4/biMaxInfgain/gaussian_noise__noImbl__minmax/random_forest,1771575212296_720c096117715752466362024,0.6103896103896104,0.5599838969404187,0.5551851851851851,0.5557692307692308,0.597381684338206,0.6103896103896104,0.6022977022977023,0.6103896103896104,0.6103896103896104,0.6103896103896104,0.589120960762265
4,biMaxInfgain,minmax,gaussian_noise,noImbl,random_forest,last,0.5,0.2,42,2026-02-20 16:14:08,20260220-161321,log/pimaindians_diabetes/4/biMaxInfgain/gaussian_noise__noImbl__minmax/random_forest,1771575212296_720c096117715752482115368,0.6233766233766234,0.5580882352941177,0.5438888888888889,0.5386363636363636,0.5930099312452254,0.6233766233766234,0.5976977567886658,0.6233766233766234,0.6233766233766234,0.6233766233766234,0.5892994729572268
4,biMaxInfgain,minmax,mixup,ADASYN,random_forest,first,0.35,0.1,42,2026-02-20 16:14:08,20260220-161321,log/pimaindians_diabetes/4/biMaxInfgain/minmax__mixup__ADASYN/random_forest,1771575212296_720c096117715752489764607,0.7142857142857143,0.7249322493224932,0.7459259259259259,0.710328317373461,0.7739063104916764,0.7142857142857143,0.7204416650381084,0.7142857142857143,0.7142857142857143,0.7142857142857143,0.7248062316500304
4,biMaxInfgain,minmax,mixup,ADASYN,random_forest,first,0.35,0.2,42,2026-02-20 16:14:10,20260220-161321,log/pimaindians_diabetes/4/biMaxInfgain/minmax__mixup__ADASYN/random_forest,1771575212296_720c096117715752502913293,0.7012987012987013,0.7272727272727273,0.7444444444444445,0.6994739521466147,0.7815820543093271,0.7012987012987013,0.7064688238962803,0.7012987012987013,0.7012987012987013,0.7012987012987013,0.7167408195285644
4,biMaxInfgain,minmax,mixup,ADASYN,random_forest,first,0.5,0.1,42,2026-02-20 16:14:09,20260220-161321,log/pimaindians_diabetes/4/biMaxInfgain/minmax__mixup__ADASYN/random_forest,1771575212296_720c096117715752496434781,0.7792207792207793,0.7773279352226721,0.8044444444444444,0.7737251512532412,0.8208633471791368,0.7792207792207793,0.7842584381910224,0.7792207792207793,0.7792207792207793,0.7792207792207793,0.7856494227895764
4,biMaxInfgain,minmax,mixup,ADASYN,random_forest,first,0.5,0.2,42,2026-02-20 16:14:10,20260220-161321,log/pimaindians_diabetes/4/biMaxInfgain/minmax__mixup__ADASYN/random_forest,1771575212296_720c096117715752509525717,0.7272727272727273,0.7079861111111111,0.7218518518518519,0.711507582515611,0.7421085858585859,0.7272727272727273,0.731651934149704,0.7272727272727273,0.7272727272727273,0.7272727272727273,0.724577673291043
4,biMaxInfgain,minmax,mixup,ADASYN,random_forest,last,0.35,0.1,42,2026-02-20 16:14:11,20260220-161321,log/pimaindians_diabetes/4/biMaxInfgain/mixup__ADASYN__minmax/random_forest,1771575212296_720c096117715752516931595,0.7532467532467533,0.769047619047619,0.7929629629629631,0.7505541346973572,0.820964749536178,0.7532467532467533,0.7582954130268709,0.7532467532467533,0.7532467532467533,0.7532467532467532,0.7659236666120113
4,biMaxInfgain,minmax,mixup,ADASYN,random_forest,last,0.35,0.2,42,2026-02-20 16:14:13,20260220-161321,log/pimaindians_diabetes/4/biMaxInfgain/mixup__ADASYN__minmax/random_forest,1771575212296_720c096117715752530089101,0.7077922077922078,0.7310859495625321,0.7494444444444444,0.7056949929927379,0.7846615556342782,0.7077922077922078,0.7131159068985544,0.7077922077922078,0.7077922077922078,0.7077922077922078,0.7224577130647023
4,biMaxInfgain,minmax,mixup,ADASYN,random_forest,last,0.5,0.1,42,2026-02-20 16:14:12,20260220-161321,log/pimaindians_diabetes/4/biMaxInfgain/mixup__ADASYN__minmax/random_forest,1771575212296_720c096117715752523623115,0.8311688311688312,0.8180574555403557,0.8444444444444444,0.8235501498325402,0.8515643043686819,0.8311688311688312,0.8345020042534584,0.8311688311688312,0.8311688311688312,0.8311688311688312,0.8325819760157804
4,biMaxInfgain,minmax,mixup,ADASYN,random_forest,last,0.5,0.2,42,2026-02-20 16:14:13,20260220-161321,log/pimaindians_diabetes/4/biMaxInfgain/mixup__ADASYN__minmax/random_forest,1771575212296_720c096117715752536589527,0.6948051948051948,0.6711616428697338,0.6798148148148149,0.6738905158819555,0.705149248776959,0.6948051948051948,0.698559111535007,0.6948051948051948,0.6948051948051948,0.6948051948051948,0.6894020926807729
4,biMaxInfgain,minmax,mixup,RandomUnderSampler,random_forest,first,0.35,0.1,42,2026-02-20 16:14:14,20260220-161321,log/pimaindians_diabetes/4/biMaxInfgain/minmax__mixup__RandomUnderSampler/random_forest,1771575212296_720c096117715752542348178,0.7402597402597403,0.7612859097127223,0.7829629629629631,0.7380952380952381,0.815019453870343,0.7402597402597403,0.7452071737786023,0.7402597402597403,0.7402597402597403,0.7402597402597403,0.754526090539575
4,biMaxInfgain,minmax,mixup,RandomUnderSampler,random_forest,first,0.35,0.2,42,2026-02-20 16:14:15,20260220-161321,log/pimaindians_diabetes/4/biMaxInfgain/minmax__mixup__RandomUnderSampler/random_forest,1771575212296_720c096117715752553097125,0.6688311688311688,0.7088841882601798,0.7194444444444444,0.6681455190771961,0.7664604036893832,0.6688311688311688,0.6726512174604455,0.6688311688311688,0.6688311688311688,0.6688311688311688,0.6881308816525142
4,biMaxInfgain,minmax,mixup,RandomUnderSampler,random_forest,first,0.5,0.1,42,2026-02-20 16:14:14,20260220-161321,log/pimaindians_diabetes/4/biMaxInfgain/minmax__mixup__RandomUnderSampler/random_forest,1771575212296_720c096117715752547816565,0.7402597402597403,0.7347972972972974,0.7574074074074073,0.7326388888888888,0.7766760266760268,0.7402597402597403,0.7461219336219337,0.7402597402597403,0.7402597402597403,0.7402597402597403,0.7448060926185925
4,biMaxInfgain,minmax,mixup,RandomUnderSampler,random_forest,first,0.5,0.2,42,2026-02-20 16:14:15,20260220-161321,log/pimaindians_diabetes/4/biMaxInfgain/minmax__mixup__RandomUnderSampler/random_forest,1771575212296_720c096117715752558396090,0.7207792207792207,0.710419141354149,0.7296296296296296,0.7105136612021858,0.7501327791502576,0.7207792207792207,0.7267969626002413,0.7207792207792207,0.7207792207792207,0.7207792207792207,0.7229264368954558
4,biMaxInfgain,minmax,mixup,RandomUnderSampler,random_forest,last,0.35,0.1,42,2026-02-20 16:14:16,20260220-161321,log/pimaindians_diabetes/4/biMaxInfgain/mixup__RandomUnderSampler__minmax/random_forest,1771575212296_720c096117715752564270361,0.7272727272727273,0.7428571428571429,0.7644444444444445,0.7242966751918158,0.7940630797773655,0.7272727272727273,0.7328528249244362,0.7272727272727273,0.7272727272727273,0.7272727272727273,0.7396179826344239
4,biMaxInfgain,minmax,mixup,RandomUnderSampler,random_forest,last,0.35,0.2,42,2026-02-20 16:14:17,20260220-161321,log/pimaindians_diabetes/4/biMaxInfgain/mixup__RandomUnderSampler__minmax/random_forest,1771575212296_720c096117715752575190942,0.6753246753246753,0.7334183673469388,0.7372222222222222,0.6752699055330634,0.7970447919427511,0.6753246753246753,0.6765296107401371,0.6753246753246753,0.6753246753246753,0.6753246753246753,0.6996683357220412
4,biMaxInfgain,minmax,mixup,RandomUnderSampler,random_forest,last,0.5,0.1,42,2026-02-20 16:14:16,20260220-161321,log/pimaindians_diabetes/4/biMaxInfgain/mixup__RandomUnderSampler__minmax/random_forest,1771575212296_720c096117715752569784863,0.7922077922077922,0.7941970310391364,0.822962962962963,0.7878787878787878,0.8399495241600506,0.7922077922077922,0.7969303423848879,0.7922077922077922,0.7922077922077922,0.7922077922077922,0.8003154382388832
4,biMaxInfgain,minmax,mixup,RandomUnderSampler,random_forest,last,0.5,0.2,42,2026-02-20 16:14:18,20260220-161321,log/pimaindians_diabetes/4/biMaxInfgain/mixup__RandomUnderSampler__minmax/random_forest,1771575212296_720c096117715752580498996,0.7012987012987013,0.6892857142857143,0.7061111111111111,0.689516129032258,0.7287569573283859,0.7012987012987013,0.7075827398408043,0.7012987012987013,0.7012987012987013,0.7012987012987013,0.7024996891229608
4,biMaxInfgain,minmax,mixup,SMOTE,random_forest,first,0.35,0.1,42,2026-02-20 16:14:18,20260220-161321,log/pimaindians_diabetes/4/biMaxInfgain/minmax__mixup__SMOTE/random_forest,1771575212296_720c096117715752587521268,0.7402597402597403,0.7510162601626016,0.7744444444444445,0.7366621067031465,0.8004962517157639,0.7402597402597403,0.745856059125553,0.7402597402597403,0.7402597402597403,0.7402597402597403,0.7510773166104818
4,biMaxInfgain,minmax,mixup,SMOTE,random_forest,first,0.35,0.2,42,2026-02-20 16:14:20,20260220-161321,log/pimaindians_diabetes/4/biMaxInfgain/minmax__mixup__SMOTE/random_forest,1771575212296_720c096117715752600493132,0.6688311688311688,0.6968885047536733,0.710925925925926,0.6671328671328671,0.7506650652718069,0.6688311688311688,0.6742348560530379,0.6688311688311688,0.6688311688311688,0.6688311688311688,0.6845855756054936
4,biMaxInfgain,minmax,mixup,SMOTE,random_forest,first,0.5,0.1,42,2026-02-20 16:14:19,20260220-161321,log/pimaindians_diabetes/4/biMaxInfgain/minmax__mixup__SMOTE/random_forest,1771575212296_720c096117715752594175494,0.7662337662337663,0.7464936886395512,0.7603703703703704,0.7510775862068966,0.7767618076173475,0.7662337662337663,0.7694245409762651,0.7662337662337663,0.7662337662337663,0.7662337662337663,0.7629314122337074
4,biMaxInfgain,minmax,mixup,SMOTE,random_forest,first,0.5,0.2,42,2026-02-20 16:14:20,20260220-161321,log/pimaindians_diabetes/4/biMaxInfgain/minmax__mixup__SMOTE/random_forest,1771575212296_720c096117715752606889940,0.7402597402597403,0.7213541666666667,0.7361111111111112,0.7252453166815344,0.7548024891774893,0.7402597402597403,0.7444304134759085,0.7402597402597403,0.7402597402597403,0.7402597402597403,0.7377820323230392
4,biMaxInfgain,minmax,mixup,SMOTE,random_forest,last,0.35,0.1,42,2026-02-20 16:14:21,20260220-161321,log/pimaindians_diabetes/4/biMaxInfgain/mixup__SMOTE__minmax/random_forest,1771575212296_720c096117715752614004705,0.7922077922077922,0.7868243243243244,0.8144444444444444,0.7861111111111111,0.8280975780975781,0.7922077922077922,0.7968975468975469,0.7922077922077922,0.7922077922077922,0.7922077922077922,0.7972710502710503
4,biMaxInfgain,minmax,mixup,SMOTE,random_forest,last,0.35,0.2,42,2026-02-20 16:14:22,20260220-161321,log/pimaindians_diabetes/4/biMaxInfgain/mixup__SMOTE__minmax/random_forest,1771575212296_720c096117715752627042090,0.6688311688311688,0.7026862026862026,0.7151851851851851,0.6676962132430717,0.7583051868766155,0.6688311688311688,0.6734970973600125,0.6688311688311688,0.6688311688311688,0.6688311688311688,0.6863291215977303
4,biMaxInfgain,minmax,mixup,SMOTE,random_forest,last,0.5,0.1,42,2026-02-20 16:14:22,20260220-161321,log/pimaindians_diabetes/4/biMaxInfgain/mixup__SMOTE__minmax/random_forest,1771575212296_720c096117715752620719959,0.7272727272727273,0.7127222982216143,0.7303703703703703,0.7149656266525648,0.7499067280189031,0.7272727272727273,0.7326570837940484,0.7272727272727273,0.7272727272727273,0.7272727272727273,0.7273524371371716
4,biMaxInfgain,minmax,mixup,SMOTE,random_forest,last,0.5,0.2,42,2026-02-20 16:14:23,20260220-161321,log/pimaindians_diabetes/4/biMaxInfgain/mixup__SMOTE__minmax/random_forest,1771575212296_720c096117715752633374366,0.7142857142857143,0.6946180555555556,0.7075925925925926,0.6977698483496877,0.7294146825396826,0.7142857142857143,0.7188734548234994,0.7142857142857143,0.7142857142857143,0.7142857142857143,0.7113733142590466
4,biMaxInfgain,minmax,mixup,TomekLinks,random_forest,first,0.35,0.1,42,2026-02-20 16:14:23,20260220-161321,log/pimaindians_diabetes/4/biMaxInfgain/minmax__mixup__TomekLinks/random_forest,1771575212296_720c096117715752639754903,0.7402597402597403,0.7510162601626016,0.7744444444444445,0.7366621067031465,0.8004962517157639,0.7402597402597403,0.745856059125553,0.7402597402597403,0.7402597402597403,0.7402597402597403,0.7510773166104818
4,biMaxInfgain,minmax,mixup,TomekLinks,random_forest,first,0.35,0.2,42,2026-02-20 16:14:25,20260220-161321,log/pimaindians_diabetes/4/biMaxInfgain/minmax__mixup__TomekLinks/random_forest,1771575212296_720c096117715752653301849,0.6948051948051948,0.6910548523206751,0.7096296296296296,0.6865445411632238,0.7341837908926516,0.6948051948051948,0.7017441438644506,0.6948051948051948,0.6948051948051948,0.6948051948051948,0.6996522079605245
4,biMaxInfgain,minmax,mixup,TomekLinks,random_forest,first,0.5,0.1,42,2026-02-20 16:14:24,20260220-161321,log/pimaindians_diabetes/4/biMaxInfgain/minmax__mixup__TomekLinks/random_forest,1771575212296_720c096117715752645764621,0.7272727272727273,0.7184959349593496,0.7388888888888889,0.717948717948718,0.7588691796008868,0.7272727272727273,0.7332667332667333,0.7272727272727273,0.7272727272727273,0.7272727272727273,0.730216808936321
4,biMaxInfgain,minmax,mixup,TomekLinks,random_forest,first,0.5,0.2,42,2026-02-20 16:14:25,20260220-161321,log/pimaindians_diabetes/4/biMaxInfgain/minmax__mixup__TomekLinks/random_forest,1771575212296_720c096117715752659052965,0.7272727272727273,0.7079861111111111,0.7218518518518519,0.711507582515611,0.7421085858585859,0.7272727272727273,0.731651934149704,0.7272727272727273,0.7272727272727273,0.7272727272727273,0.724577673291043
4,biMaxInfgain,minmax,mixup,TomekLinks,random_forest,last,0.35,0.1,42,2026-02-20 16:14:26,20260220-161321,log/pimaindians_diabetes/4/biMaxInfgain/mixup__TomekLinks__minmax/random_forest,1771575212296_720c096117715752665442885,0.7402597402597403,0.7422402159244265,0.7659259259259259,0.7348484848484849,0.7877911562122089,0.7402597402597403,0.7461629279811098,0.7402597402597403,0.7402597402597403,0.7402597402597403,0.7478513378345913
4,biMaxInfgain,minmax,mixup,TomekLinks,random_forest,last,0.35,0.2,42,2026-02-20 16:14:27,20260220-161321,log/pimaindians_diabetes/4/biMaxInfgain/mixup__TomekLinks__minmax/random_forest,1771575212296_720c096117715752677249840,0.6623376623376623,0.6499999999999999,0.6633333333333333,0.6490182328190743,0.6905380333951763,0.6623376623376623,0.6694413580809093,0.6623376623376623,0.6623376623376623,0.6623376623376623,0.6630911402429132
4,biMaxInfgain,minmax,mixup,TomekLinks,random_forest,last,0.5,0.1,42,2026-02-20 16:14:27,20260220-161321,log/pimaindians_diabetes/4/biMaxInfgain/mixup__TomekLinks__minmax/random_forest,1771575212296_720c096117715752671416371,0.7532467532467533,0.7390560875512996,0.758888888888889,0.7421117574475586,0.7753211221063478,0.7532467532467533,0.7581183139089008,0.7532467532467533,0.7532467532467533,0.7532467532467532,0.7536598218568236
4,biMaxInfgain,minmax,mixup,TomekLinks,random_forest,last,0.5,0.2,42,2026-02-20 16:14:28,20260220-161321,log/pimaindians_diabetes/4/biMaxInfgain/mixup__TomekLinks__minmax/random_forest,1771575212296_720c096117715752682886019,0.7207792207792207,0.7002442002442002,0.7125925925925927,0.7036738712131383,0.7339803054088768,0.7207792207792207,0.7249399814844841,0.7207792207792207,0.7207792207792207,0.7207792207792207,0.7172854760408984
4,biMaxInfgain,minmax,mixup,noImbl,random_forest,first,0.35,0.1,42,2026-02-20 16:14:28,20260220-161321,log/pimaindians_diabetes/4/biMaxInfgain/minmax__mixup__noImbl/random_forest,1771575212296_720c096117715752689226436,0.7532467532467533,0.7594594594594595,0.7844444444444445,0.74901355292503,0.8070902070902072,0.7532467532467533,0.7587499136649934,0.7532467532467533,0.7532467532467533,0.7532467532467532,0.7625626323866157
4,biMaxInfgain,minmax,mixup,noImbl,random_forest,first,0.35,0.2,42,2026-02-20 16:14:30,20260220-161321,log/pimaindians_diabetes/4/biMaxInfgain/minmax__mixup__noImbl/random_forest,1771575212296_720c096117715752700994533,0.7077922077922078,0.7310859495625321,0.7494444444444444,0.7056949929927379,0.7846615556342782,0.7077922077922078,0.7131159068985544,0.7077922077922078,0.7077922077922078,0.7077922077922078,0.7224577130647023
4,biMaxInfgain,minmax,mixup,noImbl,random_forest,first,0.5,0.1,42,2026-02-20 16:14:29,20260220-161321,log/pimaindians_diabetes/4/biMaxInfgain/minmax__mixup__noImbl/random_forest,1771575212296_720c096117715752695220137,0.7402597402597403,0.7234848484848485,0.7403703703703703,0.7269503546099291,0.7585596221959858,0.7402597402597403,0.7449571704890854,0.7402597402597403,0.7402597402597403,0.7402597402597403,0.7391315089738686
4,biMaxInfgain,minmax,mixup,noImbl,random_forest,first,0.5,0.2,42,2026-02-20 16:14:30,20260220-161321,log/pimaindians_diabetes/4/biMaxInfgain/minmax__mixup__noImbl/random_forest,1771575212296_720c096117715752706761214,0.7402597402597403,0.7213541666666667,0.7361111111111112,0.7252453166815344,0.7548024891774893,0.7402597402597403,0.7444304134759085,0.7402597402597403,0.7402597402597403,0.7402597402597403,0.7377820323230392
4,biMaxInfgain,minmax,mixup,noImbl,random_forest,last,0.35,0.1,42,2026-02-20 16:14:31,20260220-161321,log/pimaindians_diabetes/4/biMaxInfgain/mixup__noImbl__minmax/random_forest,1771575212296_720c096117715752713139040,0.7402597402597403,0.7510162601626016,0.7744444444444445,0.7366621067031465,0.8004962517157639,0.7402597402597403,0.745856059125553,0.7402597402597403,0.7402597402597403,0.7402597402597403,0.7510773166104818
4,biMaxInfgain,minmax,mixup,noImbl,random_forest,last,0.35,0.2,42,2026-02-20 16:14:32,20260220-161321,log/pimaindians_diabetes/4/biMaxInfgain/mixup__noImbl__minmax/random_forest,1771575212296_720c096117715752724924167,0.7272727272727273,0.7217905405405405,0.7431481481481481,0.7192708333333333,0.7638206388206388,0.7272727272727273,0.7334280303030304,0.7272727272727273,0.7272727272727273,0.7272727272727273,0.7316898532054781
4,biMaxInfgain,minmax,mixup,noImbl,random_forest,last,0.5,0.1,42,2026-02-20 16:14:31,20260220-161321,log/pimaindians_diabetes/4/biMaxInfgain/mixup__noImbl__minmax/random_forest,1771575212296_720c096117715752719146597,0.7662337662337663,0.7464936886395512,0.7603703703703704,0.7510775862068966,0.7767618076173475,0.7662337662337663,0.7694245409762651,0.7662337662337663,0.7662337662337663,0.7662337662337663,0.7629314122337074
4,biMaxInfgain,minmax,mixup,noImbl,random_forest,last,0.5,0.2,42,2026-02-20 16:14:33,20260220-161321,log/pimaindians_diabetes/4/biMaxInfgain/mixup__noImbl__minmax/random_forest,1771575212296_720c096117715752730667275,0.7012987012987013,0.6681818181818182,0.6507407407407406,0.6557823129251701,0.6912632821723731,0.7012987012987013,0.6931707748034278,0.7012987012987013,0.7012987012987013,0.7012987012987013,0.6838810277882632
4,biMaxInfgain,minmax,noAug,ADASYN,random_forest,first,0.35,0.1,42,2026-02-20 16:14:33,20260220-161321,log/pimaindians_diabetes/4/biMaxInfgain/minmax__noAug__ADASYN/random_forest,1771575212296_720c096117715752736396066,0.7272727272727273,0.7664796633941093,0.7814814814814814,0.7265347539320142,0.8265969654468953,0.7272727272727273,0.7307781006411144,0.7272727272727273,0.7272727272727273,0.7272727272727273,0.7469618301273088
4,biMaxInfgain,minmax,noAug,ADASYN,random_forest,first,0.35,0.2,42,2026-02-20 16:14:34,20260220-161321,log/pimaindians_diabetes/4/biMaxInfgain/minmax__noAug__ADASYN/random_forest,1771575212296_720c096117715752746802825,0.6753246753246753,0.7334183673469388,0.7372222222222222,0.6752699055330634,0.7970447919427511,0.6753246753246753,0.6765296107401371,0.6753246753246753,0.6753246753246753,0.6753246753246753,0.6996683357220412
4,biMaxInfgain,minmax,noAug,ADASYN,random_forest,first,0.5,0.1,42,2026-02-20 16:14:34,20260220-161321,log/pimaindians_diabetes/4/biMaxInfgain/minmax__noAug__ADASYN/random_forest,1771575212296_720c096117715752741630395,0.7662337662337663,0.7608108108108108,0.7859259259259259,0.759375,0.8023868023868024,0.7662337662337663,0.7715097402597403,0.7662337662337663,0.7662337662337663,0.7662337662337663,0.7710385714448212
4,biMaxInfgain,minmax,noAug,ADASYN,random_forest,first,0.5,0.2,42,2026-02-20 16:14:35,20260220-161321,log/pimaindians_diabetes/4/biMaxInfgain/minmax__noAug__ADASYN/random_forest,1771575212296_720c096117715752751919861,0.7337662337662337,0.723485491260818,0.7438888888888888,0.7239781420765028,0.7628950041982452,0.7337662337662337,0.7395040806188347,0.7337662337662337,0.7337662337662337,0.7337662337662337,0.7360557653455891
4,biMaxInfgain,minmax,noAug,ADASYN,random_forest,last,0.35,0.1,42,2026-02-20 16:14:35,20260220-161321,log/pimaindians_diabetes/4/biMaxInfgain/noAug__ADASYN__minmax/random_forest,1771575212296_720c096117715752757587809,0.7142857142857143,0.7349521203830369,0.7544444444444445,0.7119047619047619,0.7877662692984169,0.7142857142857143,0.7197278911564625,0.7142857142857143,0.7142857142857143,0.7142857142857143,0.728175467086059
4,biMaxInfgain,minmax,noAug,ADASYN,random_forest,last,0.35,0.2,42,2026-02-20 16:14:36,20260220-161321,log/pimaindians_diabetes/4/biMaxInfgain/noAug__ADASYN__minmax/random_forest,1771575212296_720c096117715752767999486,0.6623376623376623,0.7053191489361702,0.7144444444444444,0.6618243243243244,0.7634705719812103,0.6623376623376623,0.6657599157599158,0.6623376623376623,0.6623376623376623,0.6623376623376623,0.6823961174838832
4,biMaxInfgain,minmax,noAug,ADASYN,random_forest,last,0.5,0.1,42,2026-02-20 16:14:36,20260220-161321,log/pimaindians_diabetes/4/biMaxInfgain/noAug__ADASYN__minmax/random_forest,1771575212296_720c096117715752762867135,0.7532467532467533,0.744579945799458,0.7674074074074073,0.7448107448107448,0.7844472600570161,0.7532467532467533,0.7586699015270445,0.7532467532467533,0.7532467532467533,0.7532467532467532,0.7564642595757576
4,biMaxInfgain,minmax,noAug,ADASYN,random_forest,last,0.5,0.2,42,2026-02-20 16:14:37,20260220-161321,log/pimaindians_diabetes/4/biMaxInfgain/noAug__ADASYN__minmax/random_forest,1771575212296_720c096117715752773089236,0.7402597402597403,0.7315379403794038,0.7531481481481481,0.7313797313797314,0.7716582198289514,0.7402597402597403,0.7459683173968888,0.7402597402597403,0.7402597402597403,0.7402597402597403,0.7433405342560394
4,biMaxInfgain,minmax,noAug,RandomUnderSampler,random_forest,first,0.35,0.1,42,2026-02-20 16:14:37,20260220-161321,log/pimaindians_diabetes/4/biMaxInfgain/minmax__noAug__RandomUnderSampler/random_forest,1771575212296_720c096117715752778106108,0.7272727272727273,0.7537878787878789,0.7729629629629631,0.7256066519599524,0.809228650137741,0.7272727272727273,0.7319932739922557,0.7272727272727273,0.7272727272727273,0.7272727272727273,0.7431470289907803
4,biMaxInfgain,minmax,noAug,RandomUnderSampler,random_forest,first,0.35,0.2,42,2026-02-20 16:14:38,20260220-161321,log/pimaindians_diabetes/4/biMaxInfgain/minmax__noAug__RandomUnderSampler/random_forest,1771575212296_720c096117715752787391515,0.6558441558441559,0.7087176704648219,0.7137037037037037,0.6557135023410807,0.7695222122785877,0.6558441558441559,0.6577168560548996,0.6558441558441559,0.6558441558441559,0.6558441558441559,0.6785465747417707
4,biMaxInfgain,minmax,noAug,RandomUnderSampler,random_forest,first,0.5,0.1,42,2026-02-20 16:14:38,20260220-161321,log/pimaindians_diabetes/4/biMaxInfgain/minmax__noAug__RandomUnderSampler/random_forest,1771575212296_720c096117715752782766085,0.7532467532467533,0.744579945799458,0.7674074074074073,0.7448107448107448,0.7844472600570161,0.7532467532467533,0.7586699015270445,0.7532467532467533,0.7532467532467533,0.7532467532467532,0.7564642595757576
4,biMaxInfgain,minmax,noAug,RandomUnderSampler,random_forest,first,0.5,0.2,42,2026-02-20 16:14:39,20260220-161321,log/pimaindians_diabetes/4/biMaxInfgain/minmax__noAug__RandomUnderSampler/random_forest,1771575212296_720c096117715752791976509,0.7077922077922078,0.6973527914474801,0.7153703703703703,0.6970491803278689,0.7373705541022698,0.7077922077922078,0.7140898445816479,0.7077922077922078,0.7077922077922078,0.7077922077922078,0.7097971084453225
4,biMaxInfgain,minmax,noAug,RandomUnderSampler,random_forest,last,0.35,0.1,42,2026-02-20 16:14:39,20260220-161321,log/pimaindians_diabetes/4/biMaxInfgain/noAug__RandomUnderSampler__minmax/random_forest,1771575212296_720c096117715752796974231,0.7792207792207793,0.785472972972973,0.812962962962963,0.7754331789329216,0.8334064584064586,0.7792207792207793,0.7841446595949941,0.7792207792207793,0.7792207792207793,0.7792207792207793,0.7888092269017385
4,biMaxInfgain,minmax,noAug,RandomUnderSampler,random_forest,last,0.35,0.2,42,2026-02-20 16:14:40,20260220-161321,log/pimaindians_diabetes/4/biMaxInfgain/noAug__RandomUnderSampler__minmax/random_forest,1771575212296_720c096117715752806349565,0.6558441558441559,0.7087176704648219,0.7137037037037037,0.6557135023410807,0.7695222122785877,0.6558441558441559,0.6577168560548996,0.6558441558441559,0.6558441558441559,0.6558441558441559,0.6785465747417707
4,biMaxInfgain,minmax,noAug,RandomUnderSampler,random_forest,last,0.5,0.1,42,2026-02-20 16:14:40,20260220-161321,log/pimaindians_diabetes/4/biMaxInfgain/noAug__RandomUnderSampler__minmax/random_forest,1771575212296_720c096117715752801695437,0.7532467532467533,0.744579945799458,0.7674074074074073,0.7448107448107448,0.7844472600570161,0.7532467532467533,0.7586699015270445,0.7532467532467533,0.7532467532467533,0.7532467532467532,0.7564642595757576
4,biMaxInfgain,minmax,noAug,RandomUnderSampler,random_forest,last,0.5,0.2,42,2026-02-20 16:14:41,20260220-161321,log/pimaindians_diabetes/4/biMaxInfgain/noAug__RandomUnderSampler__minmax/random_forest,1771575212296_720c096117715752810919024,0.7077922077922078,0.6973527914474801,0.7153703703703703,0.6970491803278689,0.7373705541022698,0.7077922077922078,0.7140898445816479,0.7077922077922078,0.7077922077922078,0.7077922077922078,0.7097971084453225
4,biMaxInfgain,minmax,noAug,SMOTE,random_forest,first,0.35,0.1,42,2026-02-20 16:14:41,20260220-161321,log/pimaindians_diabetes/4/biMaxInfgain/minmax__noAug__SMOTE/random_forest,1771575212296_720c096117715752816407160,0.6753246753246753,0.7124824684431976,0.7244444444444444,0.6744461356333502,0.7694577512249321,0.6753246753246753,0.6794977388584694,0.6753246753246753,0.6753246753246753,0.6753246753246753,0.6938599177149003
4,biMaxInfgain,minmax,noAug,SMOTE,random_forest,first,0.35,0.2,42,2026-02-20 16:14:42,20260220-161321,log/pimaindians_diabetes/4/biMaxInfgain/minmax__noAug__SMOTE/random_forest,1771575212296_720c096117715752826581363,0.6558441558441559,0.6892551892551892,0.700925925925926,0.6546646921937804,0.7441447441447442,0.6558441558441559,0.660693061962366,0.6558441558441559,0.6558441558441559,0.6558441558441559,0.6730739113936701
4,biMaxInfgain,minmax,noAug,SMOTE,random_forest,first,0.5,0.1,42,2026-02-20 16:14:42,20260220-161321,log/pimaindians_diabetes/4/biMaxInfgain/minmax__noAug__SMOTE/random_forest,1771575212296_720c096117715752821542181,0.7662337662337663,0.7547619047619047,0.7774074074074073,0.7570126227208976,0.7924551638837353,0.7662337662337663,0.7711517094406296,0.7662337662337663,0.7662337662337663,0.7662337662337663,0.7681806039230401
4,biMaxInfgain,minmax,noAug,SMOTE,random_forest,first,0.5,0.2,42,2026-02-20 16:14:43,20260220-161321,log/pimaindians_diabetes/4/biMaxInfgain/minmax__noAug__SMOTE/random_forest,1771575212296_720c096117715752831823932,0.7142857142857143,0.6946180555555556,0.7075925925925926,0.6977698483496877,0.7294146825396826,0.7142857142857143,0.7188734548234994,0.7142857142857143,0.7142857142857143,0.7142857142857143,0.7113733142590466
4,biMaxInfgain,minmax,noAug,SMOTE,random_forest,last,0.35,0.1,42,2026-02-20 16:14:43,20260220-161321,log/pimaindians_diabetes/4/biMaxInfgain/noAug__SMOTE__minmax/random_forest,1771575212296_720c096117715752837365271,0.7792207792207793,0.785472972972973,0.812962962962963,0.7754331789329216,0.8334064584064586,0.7792207792207793,0.7841446595949941,0.7792207792207793,0.7792207792207793,0.7792207792207793,0.7888092269017385
4,biMaxInfgain,minmax,noAug,SMOTE,random_forest,last,0.35,0.2,42,2026-02-20 16:14:44,20260220-161321,log/pimaindians_diabetes/4/biMaxInfgain/noAug__SMOTE__minmax/random_forest,1771575212296_720c096117715752847712134,0.6883116883116883,0.7259817671809257,0.7387037037037036,0.6874682902080163,0.783742554780423,0.6883116883116883,0.6923178293041307,0.6883116883116883,0.6883116883116883,0.6883116883116883,0.7071353958180024
4,biMaxInfgain,minmax,noAug,SMOTE,random_forest,last,0.5,0.1,42,2026-02-20 16:14:44,20260220-161321,log/pimaindians_diabetes/4/biMaxInfgain/noAug__SMOTE__minmax/random_forest,1771575212296_720c096117715752842580082,0.8051948051948052,0.7881944444444444,0.8074074074074074,0.7939339875111507,0.8182720057720058,0.8051948051948052,0.8083228101069314,0.8051948051948052,0.8051948051948052,0.8051948051948051,0.8038038274830199
4,biMaxInfgain,minmax,noAug,SMOTE,random_forest,last,0.5,0.2,42,2026-02-20 16:14:45,20260220-161321,log/pimaindians_diabetes/4/biMaxInfgain/noAug__SMOTE__minmax/random_forest,1771575212296_720c096117715752852697754,0.7142857142857143,0.6946180555555556,0.7075925925925926,0.6977698483496877,0.7294146825396826,0.7142857142857143,0.7188734548234994,0.7142857142857143,0.7142857142857143,0.7142857142857143,0.7113733142590466
4,biMaxInfgain,minmax,noAug,TomekLinks,random_forest,first,0.35,0.1,42,2026-02-20 16:14:45,20260220-161321,log/pimaindians_diabetes/4/biMaxInfgain/minmax__noAug__TomekLinks/random_forest,1771575212296_720c096117715752857923131,0.7272727272727273,0.7428571428571429,0.7644444444444445,0.7242966751918158,0.7940630797773655,0.7272727272727273,0.7328528249244362,0.7272727272727273,0.7272727272727273,0.7272727272727273,0.7396179826344239
4,biMaxInfgain,minmax,noAug,TomekLinks,random_forest,first,0.35,0.2,42,2026-02-20 16:14:46,20260220-161321,log/pimaindians_diabetes/4/biMaxInfgain/minmax__noAug__TomekLinks/random_forest,1771575212296_720c096117715752869281373,0.6883116883116883,0.7259817671809257,0.7387037037037036,0.6874682902080163,0.783742554780423,0.6883116883116883,0.6923178293041307,0.6883116883116883,0.6883116883116883,0.6883116883116883,0.7071353958180024
4,biMaxInfgain,minmax,noAug,TomekLinks,random_forest,first,0.5,0.1,42,2026-02-20 16:14:46,20260220-161321,log/pimaindians_diabetes/4/biMaxInfgain/minmax__noAug__TomekLinks/random_forest,1771575212296_720c096117715752862738842,0.7792207792207793,0.7706639566395664,0.7959259259259259,0.7716727716727716,0.8100253405131456,0.7792207792207793,0.7840730697873554,0.7792207792207793,0.7792207792207793,0.7792207792207793,0.7827117102151944
4,biMaxInfgain,minmax,noAug,TomekLinks,random_forest,first,0.5,0.2,42,2026-02-20 16:14:47,20260220-161321,log/pimaindians_diabetes/4/biMaxInfgain/minmax__noAug__TomekLinks/random_forest,1771575212296_720c096117715752873961438,0.7012987012987013,0.6993927125506073,0.7188888888888889,0.6938634399308556,0.7432304537567695,0.7012987012987013,0.7081143575525599,0.7012987012987013,0.7012987012987013,0.7012987012987013,0.7069673556616192
4,biMaxInfgain,minmax,noAug,TomekLinks,random_forest,last,0.35,0.1,42,2026-02-20 16:14:47,20260220-161321,log/pimaindians_diabetes/4/biMaxInfgain/noAug__TomekLinks__minmax/random_forest,1771575212296_720c096117715752879096362,0.7272727272727273,0.7428571428571429,0.7644444444444445,0.7242966751918158,0.7940630797773655,0.7272727272727273,0.7328528249244362,0.7272727272727273,0.7272727272727273,0.7272727272727273,0.7396179826344239
4,biMaxInfgain,minmax,noAug,TomekLinks,random_forest,last,0.35,0.2,42,2026-02-20 16:14:48,20260220-161321,log/pimaindians_diabetes/4/biMaxInfgain/noAug__TomekLinks__minmax/random_forest,1771575212296_720c096117715752888747378,0.6818181818181818,0.7161172161172161,0.7294444444444443,0.680727734292363,0.7724656296084867,0.6818181818181818,0.686301132757659,0.6818181818181818,0.6818181818181818,0.6818181818181818,0.6995843318017905
4,biMaxInfgain,minmax,noAug,TomekLinks,random_forest,last,0.5,0.1,42,2026-02-20 16:14:48,20260220-161321,log/pimaindians_diabetes/4/biMaxInfgain/noAug__TomekLinks__minmax/random_forest,1771575212296_720c096117715752883907387,0.7792207792207793,0.7706639566395664,0.7959259259259259,0.7716727716727716,0.8100253405131456,0.7792207792207793,0.7840730697873554,0.7792207792207793,0.7792207792207793,0.7792207792207793,0.7827117102151944
4,biMaxInfgain,minmax,noAug,TomekLinks,random_forest,last,0.5,0.2,42,2026-02-20 16:14:49,20260220-161321,log/pimaindians_diabetes/4/biMaxInfgain/noAug__TomekLinks__minmax/random_forest,1771575212296_720c096117715752893437516,0.7272727272727273,0.7042553191489361,0.7133333333333334,0.7075420510037982,0.7353965183752418,0.7272727272727273,0.7302323287130666,0.7272727272727273,0.7272727272727273,0.7272727272727273,0.7218737649523717
4,biMaxInfgain,minmax,noAug,noImbl,random_forest,first,0.35,0.1,42,2026-02-20 16:14:49,20260220-161321,log/pimaindians_diabetes/4/biMaxInfgain/minmax__noAug__noImbl/random_forest,1771575212296_720c096117715752898645122,0.7142857142857143,0.7249322493224932,0.7459259259259259,0.710328317373461,0.7739063104916764,0.7142857142857143,0.7204416650381084,0.7142857142857143,0.7142857142857143,0.7142857142857143,0.7248062316500304
4,biMaxInfgain,minmax,noAug,noImbl,random_forest,first,0.35,0.2,42,2026-02-20 16:14:50,20260220-161321,log/pimaindians_diabetes/4/biMaxInfgain/minmax__noAug__noImbl/random_forest,1771575212296_720c096117715752908266494,0.6883116883116883,0.6988482384823849,0.7174074074074074,0.6839945280437756,0.7473163692675887,0.6883116883116883,0.6950272709506636,0.6883116883116883,0.6883116883116883,0.6883116883116883,0.6985351466895792
4,biMaxInfgain,minmax,noAug,noImbl,random_forest,first,0.5,0.1,42,2026-02-20 16:14:50,20260220-161321,log/pimaindians_diabetes/4/biMaxInfgain/minmax__noAug__noImbl/random_forest,1771575212296_720c096117715752903475066,0.7922077922077922,0.7765151515151515,0.7974074074074073,0.7815602836879432,0.8093270365997639,0.7922077922077922,0.7959657363912682,0.7922077922077922,0.7922077922077922,0.7922077922077922,0.7918369794472307
4,biMaxInfgain,minmax,noAug,noImbl,random_forest,first,0.5,0.2,42,2026-02-20 16:14:51,20260220-161321,log/pimaindians_diabetes/4/biMaxInfgain/minmax__noAug__noImbl/random_forest,1771575212296_720c096117715752913027570,0.7467532467532467,0.7222222222222222,0.7240740740740741,0.723110967682449,0.7478682933228387,0.7467532467532467,0.7472786307325978,0.7467532467532467,0.7467532467532467,0.7467532467532466,0.7386761974254691
4,biMaxInfgain,minmax,noAug,noImbl,random_forest,last,0.35,0.1,42,2026-02-20 16:14:51,20260220-161321,log/pimaindians_diabetes/4/biMaxInfgain/noAug__noImbl__minmax/random_forest,1771575212296_720c096117715752918272868,0.7142857142857143,0.7249322493224932,0.7459259259259259,0.710328317373461,0.7739063104916764,0.7142857142857143,0.7204416650381084,0.7142857142857143,0.7142857142857143,0.7142857142857143,0.7248062316500304
4,biMaxInfgain,minmax,noAug,noImbl,random_forest,last,0.35,0.2,42,2026-02-20 16:14:52,20260220-161321,log/pimaindians_diabetes/4/biMaxInfgain/noAug__noImbl__minmax/random_forest,1771575212296_720c096117715752927960046,0.6883116883116883,0.6988482384823849,0.7174074074074074,0.6839945280437756,0.7473163692675887,0.6883116883116883,0.6950272709506636,0.6883116883116883,0.6883116883116883,0.6883116883116883,0.6985351466895792
4,biMaxInfgain,minmax,noAug,noImbl,random_forest,last,0.5,0.1,42,2026-02-20 16:14:52,20260220-161321,log/pimaindians_diabetes/4/biMaxInfgain/noAug__noImbl__minmax/random_forest,1771575212296_720c096117715752923151060,0.7922077922077922,0.7765151515151515,0.7974074074074073,0.7815602836879432,0.8093270365997639,0.7922077922077922,0.7959657363912682,0.7922077922077922,0.7922077922077922,0.7922077922077922,0.7918369794472307
4,biMaxInfgain,minmax,noAug,noImbl,random_forest,last,0.5,0.2,42,2026-02-20 16:14:53,20260220-161321,log/pimaindians_diabetes/4/biMaxInfgain/noAug__noImbl__minmax/random_forest,1771575212296_720c096117715752932732223,0.7467532467532467,0.7222222222222222,0.7240740740740741,0.723110967682449,0.7478682933228387,0.7467532467532467,0.7472786307325978,0.7467532467532467,0.7467532467532467,0.7467532467532466,0.7386761974254691
4,biMeanInfgain,minmax,gaussian_noise,ADASYN,random_forest,first,0.35,0.1,42,2026-02-20 16:16:15,20260220-161321,log/pimaindians_diabetes/4/biMeanInfgain/minmax__gaussian_noise__ADASYN/random_forest,1771575212296_720c096117715753753944751,0.4805194805194805,0.626984126984127,0.582962962962963,0.4652777777777778,0.6957328385899815,0.4805194805194805,0.4383116883116883,0.4805194805194805,0.4805194805194805,0.4805194805194805,0.5183142049749191
4,biMeanInfgain,minmax,gaussian_noise,ADASYN,random_forest,first,0.35,0.2,42,2026-02-20 16:16:17,20260220-161321,log/pimaindians_diabetes/4/biMeanInfgain/minmax__gaussian_noise__ADASYN/random_forest,1771575212296_720c096117715753774355102,0.551948051948052,0.6155530173234343,0.6124074074074074,0.5517779558780107,0.6718189482324263,0.551948051948052,0.5491698161373785,0.551948051948052,0.551948051948052,0.551948051948052,0.5758993238778558
4,biMeanInfgain,minmax,gaussian_noise,ADASYN,random_forest,first,0.5,0.1,42,2026-02-20 16:16:16,20260220-161321,log/pimaindians_diabetes/4/biMeanInfgain/minmax__gaussian_noise__ADASYN/random_forest,1771575212296_720c096117715753764588794,0.6363636363636364,0.6663194444444445,0.6774074074074075,0.6348238482384825,0.7193181818181819,0.6363636363636364,0.6419068736141907,0.6363636363636364,0.6363636363636364,0.6363636363636364,0.6523595661903588
4,biMeanInfgain,minmax,gaussian_noise,ADASYN,random_forest,first,0.5,0.2,42,2026-02-20 16:16:18,20260220-161321,log/pimaindians_diabetes/4/biMeanInfgain/minmax__gaussian_noise__ADASYN/random_forest,1771575212296_720c096117715753784334229,0.6688311688311688,0.6373737373737374,0.6385185185185185,0.6379143423539717,0.6702610520792339,0.6688311688311688,0.669518209419551,0.6688311688311688,0.6688311688311688,0.6688311688311688,0.6582626810956447
4,biMeanInfgain,minmax,gaussian_noise,ADASYN,random_forest,last,0.35,0.1,42,2026-02-20 16:16:19,20260220-161321,log/pimaindians_diabetes/4/biMeanInfgain/gaussian_noise__ADASYN__minmax/random_forest,1771575212296_720c096117715753795320248,0.4675324675324675,0.6515151515151516,0.5814814814814814,0.4435043187026264,0.7284533648170012,0.4675324675324675,0.4089638547597298,0.4675324675324675,0.4675324675324675,0.4675324675324675,0.5110282128137038
4,biMeanInfgain,minmax,gaussian_noise,ADASYN,random_forest,last,0.35,0.2,42,2026-02-20 16:16:21,20260220-161321,log/pimaindians_diabetes/4/biMeanInfgain/gaussian_noise__ADASYN__minmax/random_forest,1771575212296_720c096117715753815569883,0.461038961038961,0.6294390972452705,0.5722222222222222,0.4382773016919358,0.7011650811849949,0.461038961038961,0.4045019362092533,0.461038961038961,0.461038961038961,0.461038961038961,0.5011151101660114
4,biMeanInfgain,minmax,gaussian_noise,ADASYN,random_forest,last,0.5,0.1,42,2026-02-20 16:16:20,20260220-161321,log/pimaindians_diabetes/4/biMeanInfgain/gaussian_noise__ADASYN__minmax/random_forest,1771575212296_720c096117715753805900772,0.5974025974025974,0.611904761904762,0.6218518518518519,0.5930093776641091,0.6595547309833025,0.5974025974025974,0.6056398844122628,0.5974025974025974,0.5974025974025974,0.5974025974025974,0.6080895627464862
4,biMeanInfgain,minmax,gaussian_noise,ADASYN,random_forest,last,0.5,0.2,42,2026-02-20 16:16:22,20260220-161321,log/pimaindians_diabetes/4/biMeanInfgain/gaussian_noise__ADASYN__minmax/random_forest,1771575212296_720c096117715753825253885,0.5454545454545454,0.5246212121212122,0.5264814814814814,0.5221631205673759,0.5681818181818182,0.5454545454545454,0.5536750483558993,0.5454545454545454,0.5454545454545454,0.5454545454545454,0.5414859946987605
4,biMeanInfgain,minmax,gaussian_noise,RandomUnderSampler,random_forest,first,0.35,0.1,42,2026-02-20 16:16:23,20260220-161321,log/pimaindians_diabetes/4/biMeanInfgain/minmax__gaussian_noise__RandomUnderSampler/random_forest,1771575212296_720c096117715753832783594,0.5064935064935064,0.6706349206349207,0.6114814814814814,0.4920138888888888,0.7476808905380333,0.5064935064935064,0.4663961038961038,0.5064935064935064,0.5064935064935064,0.5064935064935064,0.5493386307805949
4,biMeanInfgain,minmax,gaussian_noise,RandomUnderSampler,random_forest,first,0.35,0.2,42,2026-02-20 16:16:24,20260220-161321,log/pimaindians_diabetes/4/biMeanInfgain/minmax__gaussian_noise__RandomUnderSampler/random_forest,1771575212296_720c096117715753846854470,0.5324675324675324,0.6355263157894736,0.6144444444444445,0.5285714285714286,0.6995898838004101,0.5324675324675324,0.5157699443413728,0.5324675324675324,0.5324675324675324,0.5324675324675324,0.5645942833273658
4,biMeanInfgain,minmax,gaussian_noise,RandomUnderSampler,random_forest,first,0.5,0.1,42,2026-02-20 16:16:23,20260220-161321,log/pimaindians_diabetes/4/biMeanInfgain/minmax__gaussian_noise__RandomUnderSampler/random_forest,1771575212296_720c096117715753839942297,0.6363636363636364,0.6913265306122449,0.6944444444444444,0.6363022941970311,0.7515239862178638,0.6363636363636364,0.6377131640289534,0.6363636363636364,0.6363636363636364,0.6363636363636364,0.6593772694068074
4,biMeanInfgain,minmax,gaussian_noise,RandomUnderSampler,random_forest,first,0.5,0.2,42,2026-02-20 16:16:25,20260220-161321,log/pimaindians_diabetes/4/biMeanInfgain/minmax__gaussian_noise__RandomUnderSampler/random_forest,1771575212296_720c096117715753853715548,0.5974025974025974,0.611904761904762,0.6218518518518519,0.5930093776641091,0.6595547309833025,0.5974025974025974,0.6056398844122628,0.5974025974025974,0.5974025974025974,0.5974025974025974,0.6080895627464862
4,biMeanInfgain,minmax,gaussian_noise,RandomUnderSampler,random_forest,last,0.35,0.1,42,2026-02-20 16:16:40,20260220-161321,log/pimaindians_diabetes/4/biMeanInfgain/gaussian_noise__RandomUnderSampler__minmax/random_forest,1771575212296_720c096117715754006742836,0.4025974025974026,0.5291044776119402,0.5144444444444445,0.3719858156028368,0.5801511920914906,0.4025974025974026,0.3305701390807773,0.4025974025974026,0.4025974025974026,0.4025974025974025,0.4287923656562906
4,biMeanInfgain,minmax,gaussian_noise,RandomUnderSampler,random_forest,last,0.35,0.2,42,2026-02-20 16:16:42,20260220-161321,log/pimaindians_diabetes/4/biMeanInfgain/gaussian_noise__RandomUnderSampler__minmax/random_forest,1771575212296_720c096117715754021752576,0.435064935064935,0.566046511627907,0.5394444444444444,0.4142950819672131,0.6239806704922983,0.435064935064935,0.3813497977432404,0.435064935064935,0.435064935064935,0.435064935064935,0.4663198686390069
4,biMeanInfgain,minmax,gaussian_noise,RandomUnderSampler,random_forest,last,0.5,0.1,42,2026-02-20 16:16:41,20260220-161321,log/pimaindians_diabetes/4/biMeanInfgain/gaussian_noise__RandomUnderSampler__minmax/random_forest,1771575212296_720c096117715754014681044,0.5844155844155844,0.60328317373461,0.6118518518518519,0.5809523809523809,0.651500346438787,0.5844155844155844,0.5923314780457637,0.5844155844155844,0.5844155844155844,0.5844155844155844,0.5964223498184803
4,biMeanInfgain,minmax,gaussian_noise,RandomUnderSampler,random_forest,last,0.5,0.2,42,2026-02-20 16:16:42,20260220-161321,log/pimaindians_diabetes/4/biMeanInfgain/gaussian_noise__RandomUnderSampler__minmax/random_forest,1771575212296_720c096117715754028577707,0.6493506493506493,0.6513157894736843,0.6661111111111111,0.6420454545454546,0.6965140123034861,0.6493506493506493,0.6573199527744983,0.6493506493506493,0.6493506493506493,0.6493506493506493,0.6560391621270806
4,biMeanInfgain,minmax,gaussian_noise,SMOTE,random_forest,first,0.35,0.1,42,2026-02-20 16:16:44,20260220-161321,log/pimaindians_diabetes/4/biMeanInfgain/minmax__gaussian_noise__SMOTE/random_forest,1771575212296_720c096117715754041385820,0.5974025974025974,0.7083333333333334,0.6814814814814814,0.5949431528932632,0.781230674087817,0.5974025974025974,0.5855152822741487,0.5974025974025974,0.5974025974025974,0.5974025974025974,0.6331343531264136
4,biMeanInfgain,minmax,gaussian_noise,SMOTE,random_forest,first,0.35,0.2,42,2026-02-20 16:16:46,20260220-161321,log/pimaindians_diabetes/4/biMeanInfgain/minmax__gaussian_noise__SMOTE/random_forest,1771575212296_720c096117715754060977608,0.512987012987013,0.5907237512742101,0.5824074074074074,0.5113179606515761,0.6465970319181329,0.512987012987013,0.5027872487148984,0.512987012987013,0.512987012987013,0.512987012987013,0.5392834056597513
4,biMeanInfgain,minmax,gaussian_noise,SMOTE,random_forest,first,0.5,0.1,42,2026-02-20 16:16:45,20260220-161321,log/pimaindians_diabetes/4/biMeanInfgain/minmax__gaussian_noise__SMOTE/random_forest,1771575212296_720c096117715754051571300,0.6753246753246753,0.649645390070922,0.6562962962962963,0.6518357750045216,0.6843879524730588,0.6753246753246753,0.6788480103726984,0.6753246753246753,0.6753246753246753,0.6753246753246753,0.6687654018204807
4,biMeanInfgain,minmax,gaussian_noise,SMOTE,random_forest,first,0.5,0.2,42,2026-02-20 16:16:47,20260220-161321,log/pimaindians_diabetes/4/biMeanInfgain/minmax__gaussian_noise__SMOTE/random_forest,1771575212296_720c096117715754070550317,0.6883116883116883,0.6732216142270862,0.6875925925925925,0.674246430460074,0.711785136887736,0.6883116883116883,0.6944652386217696,0.6883116883116883,0.6883116883116883,0.6883116883116883,0.6878913600576932
4,biMeanInfgain,minmax,gaussian_noise,SMOTE,random_forest,last,0.35,0.1,42,2026-02-20 16:16:48,20260220-161321,log/pimaindians_diabetes/4/biMeanInfgain/gaussian_noise__SMOTE__minmax/random_forest,1771575212296_720c096117715754081057801,0.4675324675324675,0.5740196078431372,0.5559259259259259,0.4583976668382227,0.6309778456837281,0.4675324675324675,0.4373876252414596,0.4675324675324675,0.4675324675324675,0.4675324675324675,0.4974731187702184
4,biMeanInfgain,minmax,gaussian_noise,SMOTE,random_forest,last,0.35,0.2,42,2026-02-20 16:16:50,20260220-161321,log/pimaindians_diabetes/4/biMeanInfgain/gaussian_noise__SMOTE__minmax/random_forest,1771575212296_720c096117715754100851609,0.4155844155844156,0.5578358208955224,0.5287037037037037,0.3856382978723404,0.6152355107578987,0.4155844155844156,0.3451229621442387,0.4155844155844156,0.4155844155844156,0.4155844155844156,0.4460254587719656
4,biMeanInfgain,minmax,gaussian_noise,SMOTE,random_forest,last,0.5,0.1,42,2026-02-20 16:16:49,20260220-161321,log/pimaindians_diabetes/4/biMeanInfgain/gaussian_noise__SMOTE__minmax/random_forest,1771575212296_720c096117715754091257276,0.6233766233766234,0.6584852734922861,0.6674074074074074,0.6223575173346862,0.712318537002969,0.6233766233766234,0.6282173770758246,0.6233766233766234,0.6233766233766234,0.6233766233766234,0.6407580053024922
4,biMeanInfgain,minmax,gaussian_noise,SMOTE,random_forest,last,0.5,0.2,42,2026-02-20 16:16:51,20260220-161321,log/pimaindians_diabetes/4/biMeanInfgain/gaussian_noise__SMOTE__minmax/random_forest,1771575212296_720c096117715754110306092,0.5844155844155844,0.5437037037037037,0.5437037037037037,0.5437037037037037,0.5844155844155844,0.5844155844155844,0.5844155844155844,0.5844155844155844,0.5844155844155844,0.5844155844155844,0.5701664261664259
4,biMeanInfgain,minmax,gaussian_noise,TomekLinks,random_forest,first,0.35,0.1,42,2026-02-20 16:16:51,20260220-161321,log/pimaindians_diabetes/4/biMeanInfgain/minmax__gaussian_noise__TomekLinks/random_forest,1771575212296_720c096117715754119141967,0.6103896103896104,0.6941823899371069,0.682962962962963,0.6097972972972974,0.7606387323368455,0.6103896103896104,0.6052562302562302,0.6103896103896104,0.6103896103896104,0.6103896103896104,0.6401922818125646
4,biMeanInfgain,minmax,gaussian_noise,TomekLinks,random_forest,first,0.35,0.2,42,2026-02-20 16:16:53,20260220-161321,log/pimaindians_diabetes/4/biMeanInfgain/minmax__gaussian_noise__TomekLinks/random_forest,1771575212296_720c096117715754135977748,0.551948051948052,0.5867265996827076,0.5911111111111111,0.5510204081632653,0.636720762051275,0.551948051948052,0.5571163530347203,0.551948051948052,0.551948051948052,0.551948051948052,0.5684555822434278
4,biMeanInfgain,minmax,gaussian_noise,TomekLinks,random_forest,first,0.5,0.1,42,2026-02-20 16:16:52,20260220-161321,log/pimaindians_diabetes/4/biMeanInfgain/minmax__gaussian_noise__TomekLinks/random_forest,1771575212296_720c096117715754127742148,0.6363636363636364,0.5909822866344605,0.5837037037037037,0.5853846153846154,0.6246523203044941,0.6363636363636364,0.6288111888111888,0.6363636363636364,0.6363636363636364,0.6363636363636364,0.6166086562390909
4,biMeanInfgain,minmax,gaussian_noise,TomekLinks,random_forest,first,0.5,0.2,42,2026-02-20 16:16:54,20260220-161321,log/pimaindians_diabetes/4/biMeanInfgain/minmax__gaussian_noise__TomekLinks/random_forest,1771575212296_720c096117715754144067862,0.6493506493506493,0.597457627118644,0.5766666666666667,0.5761467889908257,0.62656834690733,0.6493506493506493,0.628762063624449,0.6493506493506493,0.6493506493506493,0.6493506493506493,0.6205458517018149
4,biMeanInfgain,minmax,gaussian_noise,TomekLinks,random_forest,last,0.35,0.1,42,2026-02-20 16:16:55,20260220-161321,log/pimaindians_diabetes/4/biMeanInfgain/gaussian_noise__TomekLinks__minmax/random_forest,1771575212296_720c096117715754152907080,0.4675324675324675,0.558076225045372,0.5474074074074073,0.4617220801364024,0.6114738256299054,0.4675324675324675,0.4450172163727152,0.4675324675324675,0.4675324675324675,0.4675324675324675,0.494719627297623
4,biMeanInfgain,minmax,gaussian_noise,TomekLinks,random_forest,last,0.35,0.2,42,2026-02-20 16:16:56,20260220-161321,log/pimaindians_diabetes/4/biMeanInfgain/gaussian_noise__TomekLinks__minmax/random_forest,1771575212296_720c096117715754169493952,0.5324675324675324,0.5464285714285714,0.5505555555555556,0.5273657289002558,0.5923005565862708,0.5324675324675324,0.5420334141561762,0.5324675324675324,0.5324675324675324,0.5324675324675324,0.5423253528025174
4,biMeanInfgain,minmax,gaussian_noise,TomekLinks,random_forest,last,0.5,0.1,42,2026-02-20 16:16:56,20260220-161321,log/pimaindians_diabetes/4/biMeanInfgain/gaussian_noise__TomekLinks__minmax/random_forest,1771575212296_720c096117715754161438048,0.6623376623376623,0.6190476190476191,0.6037037037037037,0.6065251572327044,0.6474953617810761,0.6623376623376623,0.6507902474883607,0.6623376623376623,0.6623376623376623,0.6623376623376623,0.6405570440964643
4,biMeanInfgain,minmax,gaussian_noise,TomekLinks,random_forest,last,0.5,0.2,42,2026-02-20 16:16:57,20260220-161321,log/pimaindians_diabetes/4/biMeanInfgain/gaussian_noise__TomekLinks__minmax/random_forest,1771575212296_720c096117715754177610878,0.6623376623376623,0.6139856557377049,0.5824074074074074,0.580557301487534,0.6386989035554609,0.6623376623376623,0.635879310297915,0.6623376623376623,0.6623376623376623,0.6623376623376623,0.6309097533729394
4,biMeanInfgain,minmax,gaussian_noise,noImbl,random_forest,first,0.35,0.1,42,2026-02-20 16:16:58,20260220-161321,log/pimaindians_diabetes/4/biMeanInfgain/minmax__gaussian_noise__noImbl/random_forest,1771575212296_720c096117715754186682962,0.6363636363636364,0.6913265306122449,0.6944444444444444,0.6363022941970311,0.7515239862178638,0.6363636363636364,0.6377131640289534,0.6363636363636364,0.6363636363636364,0.6363636363636364,0.6593772694068074
4,biMeanInfgain,minmax,gaussian_noise,noImbl,random_forest,first,0.35,0.2,42,2026-02-20 16:17:00,20260220-161321,log/pimaindians_diabetes/4/biMeanInfgain/minmax__gaussian_noise__noImbl/random_forest,1771575212296_720c096117715754203434807,0.6233766233766234,0.6214574898785425,0.6333333333333333,0.6140017286084702,0.6655975603344024,0.6233766233766234,0.6319702769140972,0.6233766233766234,0.6233766233766234,0.6233766233766234,0.6282852885336623
4,biMeanInfgain,minmax,gaussian_noise,noImbl,random_forest,first,0.5,0.1,42,2026-02-20 16:16:59,20260220-161321,log/pimaindians_diabetes/4/biMeanInfgain/minmax__gaussian_noise__noImbl/random_forest,1771575212296_720c096117715754195384409,0.6753246753246753,0.6387578616352201,0.6307407407407407,0.6335427374833429,0.6677591276647881,0.6753246753246753,0.6705036824968292,0.6753246753246753,0.6753246753246753,0.6753246753246753,0.6594626061309707
4,biMeanInfgain,minmax,gaussian_noise,noImbl,random_forest,first,0.5,0.2,42,2026-02-20 16:17:01,20260220-161321,log/pimaindians_diabetes/4/biMeanInfgain/minmax__gaussian_noise__noImbl/random_forest,1771575212296_720c096117715754211731734,0.6688311688311688,0.6304434281169218,0.6214814814814815,0.6243363466781461,0.6598740293311779,0.6688311688311688,0.6629544942071848,0.6688311688311688,0.6688311688311688,0.6688311688311688,0.651805987558225
4,biMeanInfgain,minmax,gaussian_noise,noImbl,random_forest,last,0.35,0.1,42,2026-02-20 16:17:02,20260220-161321,log/pimaindians_diabetes/4/biMeanInfgain/gaussian_noise__noImbl__minmax/random_forest,1771575212296_720c096117715754220698504,0.3766233766233766,0.4451844262295081,0.4603703703703703,0.3636363636363636,0.4802267404726421,0.3766233766233766,0.3364817001180637,0.3766233766233766,0.3766233766233766,0.3766233766233766,0.3942452139197666
4,biMeanInfgain,minmax,gaussian_noise,noImbl,random_forest,last,0.35,0.2,42,2026-02-20 16:17:03,20260220-161321,log/pimaindians_diabetes/4/biMeanInfgain/gaussian_noise__noImbl__minmax/random_forest,1771575212296_720c096117715754237516500,0.577922077922078,0.6313131313131313,0.6324074074074074,0.5779042799915666,0.6871310507674144,0.577922077922078,0.5787229847950911,0.577922077922078,0.577922077922078,0.577922077922078,0.599748079835625
4,biMeanInfgain,minmax,gaussian_noise,noImbl,random_forest,last,0.5,0.1,42,2026-02-20 16:17:02,20260220-161321,log/pimaindians_diabetes/4/biMeanInfgain/gaussian_noise__noImbl__minmax/random_forest,1771575212296_720c096117715754229310245,0.7142857142857143,0.6864791288566243,0.6522222222222223,0.6590177133655395,0.7028778843660877,0.7142857142857143,0.7000230043708305,0.7142857142857143,0.7142857142857143,0.7142857142857143,0.6937283169192344
4,biMeanInfgain,minmax,gaussian_noise,noImbl,random_forest,last,0.5,0.2,42,2026-02-20 16:17:04,20260220-161321,log/pimaindians_diabetes/4/biMeanInfgain/gaussian_noise__noImbl__minmax/random_forest,1771575212296_720c096117715754245836178,0.6428571428571429,0.5873949579831933,0.5674074074074074,0.5654404596993483,0.6177671068427371,0.6428571428571429,0.6202276508571721,0.6428571428571429,0.6428571428571429,0.6428571428571429,0.612250020949669
4,biMeanInfgain,minmax,mixup,ADASYN,random_forest,first,0.35,0.1,42,2026-02-20 16:17:05,20260220-161321,log/pimaindians_diabetes/4/biMeanInfgain/minmax__mixup__ADASYN/random_forest,1771575212296_720c096117715754253433794,0.7012987012987013,0.7272727272727273,0.7444444444444445,0.6994739521466147,0.7815820543093271,0.7012987012987013,0.7064688238962803,0.7012987012987013,0.7012987012987013,0.7012987012987013,0.7167408195285644
4,biMeanInfgain,minmax,mixup,ADASYN,random_forest,first,0.35,0.2,42,2026-02-20 16:17:06,20260220-161321,log/pimaindians_diabetes/4/biMeanInfgain/minmax__mixup__ADASYN/random_forest,1771575212296_720c096117715754266563057,0.6493506493506493,0.685483870967742,0.695925925925926,0.6484018264840182,0.7408881441139505,0.6493506493506493,0.653857557967147,0.6493506493506493,0.6493506493506493,0.6493506493506493,0.6673089615086961
4,biMeanInfgain,minmax,mixup,ADASYN,random_forest,first,0.5,0.1,42,2026-02-20 16:17:06,20260220-161321,log/pimaindians_diabetes/4/biMeanInfgain/minmax__mixup__ADASYN/random_forest,1771575212296_720c096117715754260146287,0.8051948051948052,0.7917236662106703,0.8159259259259259,0.7964040190375463,0.8261499102812372,0.8051948051948052,0.809040774138606,0.8051948051948052,0.8051948051948052,0.8051948051948051,0.806274591296128
4,biMeanInfgain,minmax,mixup,ADASYN,random_forest,first,0.5,0.2,42,2026-02-20 16:17:07,20260220-161321,log/pimaindians_diabetes/4/biMeanInfgain/minmax__mixup__ADASYN/random_forest,1771575212296_720c096117715754273199964,0.7142857142857143,0.7249322493224932,0.7459259259259259,0.710328317373461,0.7739063104916764,0.7142857142857143,0.7204416650381084,0.7142857142857143,0.7142857142857143,0.7142857142857143,0.7248062316500304
4,biMeanInfgain,minmax,mixup,ADASYN,random_forest,last,0.35,0.1,42,2026-02-20 16:17:08,20260220-161321,log/pimaindians_diabetes/4/biMeanInfgain/mixup__ADASYN__minmax/random_forest,1771575212296_720c096117715754280414019,0.7402597402597403,0.7510162601626016,0.7744444444444445,0.7366621067031465,0.8004962517157639,0.7402597402597403,0.745856059125553,0.7402597402597403,0.7402597402597403,0.7402597402597403,0.7510773166104818
4,biMeanInfgain,minmax,mixup,ADASYN,random_forest,last,0.35,0.2,42,2026-02-20 16:17:09,20260220-161321,log/pimaindians_diabetes/4/biMeanInfgain/mixup__ADASYN__minmax/random_forest,1771575212296_720c096117715754293726496,0.6948051948051948,0.7360303190551736,0.7479629629629629,0.6941733215025141,0.7952914351645183,0.6948051948051948,0.6983256317772732,0.6948051948051948,0.6948051948051948,0.6948051948051948,0.7147253926323114
4,biMeanInfgain,minmax,mixup,ADASYN,random_forest,last,0.5,0.1,42,2026-02-20 16:17:08,20260220-161321,log/pimaindians_diabetes/4/biMeanInfgain/mixup__ADASYN__minmax/random_forest,1771575212296_720c096117715754287214874,0.8051948051948052,0.7881944444444444,0.8074074074074074,0.7939339875111507,0.8182720057720058,0.8051948051948052,0.8083228101069314,0.8051948051948052,0.8051948051948052,0.8051948051948051,0.8038038274830199
4,biMeanInfgain,minmax,mixup,ADASYN,random_forest,last,0.5,0.2,42,2026-02-20 16:17:10,20260220-161321,log/pimaindians_diabetes/4/biMeanInfgain/mixup__ADASYN__minmax/random_forest,1771575212296_720c096117715754300039790,0.7012987012987013,0.6863885088919288,0.7018518518518518,0.687819495857571,0.7244923339314584,0.7012987012987013,0.7071958536791958,0.7012987012987013,0.7012987012987013,0.7012987012987013,0.7010450524175192
4,biMeanInfgain,minmax,mixup,RandomUnderSampler,random_forest,first,0.35,0.1,42,2026-02-20 16:17:10,20260220-161321,log/pimaindians_diabetes/4/biMeanInfgain/minmax__mixup__RandomUnderSampler/random_forest,1771575212296_720c096117715754305895057,0.6753246753246753,0.7007575757575757,0.7159259259259259,0.6733412523332768,0.7539354584809129,0.6753246753246753,0.6809443738003046,0.6753246753246753,0.6753246753246753,0.6753246753246753,0.6903346100663487
4,biMeanInfgain,minmax,mixup,RandomUnderSampler,random_forest,first,0.35,0.2,42,2026-02-20 16:17:11,20260220-161321,log/pimaindians_diabetes/4/biMeanInfgain/minmax__mixup__RandomUnderSampler/random_forest,1771575212296_720c096117715754316883374,0.6558441558441559,0.7017841213202498,0.7094444444444444,0.6554809843400446,0.7604851883174809,0.6558441558441559,0.6588221621778668,0.6558441558441559,0.6558441558441559,0.6558441558441559,0.6766545097235666
4,biMeanInfgain,minmax,mixup,RandomUnderSampler,random_forest,first,0.5,0.1,42,2026-02-20 16:17:11,20260220-161321,log/pimaindians_diabetes/4/biMeanInfgain/minmax__mixup__RandomUnderSampler/random_forest,1771575212296_720c096117715754311359474,0.7662337662337663,0.7608108108108108,0.7859259259259259,0.759375,0.8023868023868024,0.7662337662337663,0.7715097402597403,0.7662337662337663,0.7662337662337663,0.7662337662337663,0.7710385714448212
4,biMeanInfgain,minmax,mixup,RandomUnderSampler,random_forest,first,0.5,0.2,42,2026-02-20 16:17:12,20260220-161321,log/pimaindians_diabetes/4/biMeanInfgain/minmax__mixup__RandomUnderSampler/random_forest,1771575212296_720c096117715754322151033,0.7142857142857143,0.7023809523809523,0.7203703703703703,0.703015427769986,0.7414965986394558,0.7142857142857143,0.7202965337607694,0.7142857142857143,0.7142857142857143,0.7142857142857143,0.7156358720829766
4,biMeanInfgain,minmax,mixup,RandomUnderSampler,random_forest,last,0.35,0.1,42,2026-02-20 16:17:12,20260220-161321,log/pimaindians_diabetes/4/biMeanInfgain/mixup__RandomUnderSampler__minmax/random_forest,1771575212296_720c096117715754328150761,0.7662337662337663,0.77710027100271,0.8029629629629631,0.7629958960328318,0.8270861929398514,0.7662337662337663,0.7712704532129977,0.7662337662337663,0.7662337662337663,0.7662337662337663,0.7773484015709332
4,biMeanInfgain,minmax,mixup,RandomUnderSampler,random_forest,last,0.35,0.2,42,2026-02-20 16:17:13,20260220-161321,log/pimaindians_diabetes/4/biMeanInfgain/mixup__RandomUnderSampler__minmax/random_forest,1771575212296_720c096117715754339054758,0.6818181818181818,0.7161172161172161,0.7294444444444443,0.680727734292363,0.7724656296084867,0.6818181818181818,0.686301132757659,0.6818181818181818,0.6818181818181818,0.6818181818181818,0.6995843318017905
4,biMeanInfgain,minmax,mixup,RandomUnderSampler,random_forest,last,0.5,0.1,42,2026-02-20 16:17:13,20260220-161321,log/pimaindians_diabetes/4/biMeanInfgain/mixup__RandomUnderSampler__minmax/random_forest,1771575212296_720c096117715754333631521,0.7402597402597403,0.7285714285714285,0.7488888888888889,0.7300140252454418,0.7669758812615954,0.7402597402597403,0.7457241216006995,0.7402597402597403,0.7402597402597403,0.7402597402597403,0.7419082380030084
4,biMeanInfgain,minmax,mixup,RandomUnderSampler,random_forest,last,0.5,0.2,42,2026-02-20 16:17:14,20260220-161321,log/pimaindians_diabetes/4/biMeanInfgain/mixup__RandomUnderSampler__minmax/random_forest,1771575212296_720c096117715754344471522,0.7142857142857143,0.7023809523809523,0.7203703703703703,0.703015427769986,0.7414965986394558,0.7142857142857143,0.7202965337607694,0.7142857142857143,0.7142857142857143,0.7142857142857143,0.7156358720829766
4,biMeanInfgain,minmax,mixup,SMOTE,random_forest,first,0.35,0.1,42,2026-02-20 16:17:15,20260220-161321,log/pimaindians_diabetes/4/biMeanInfgain/minmax__mixup__SMOTE/random_forest,1771575212296_720c096117715754351500255,0.7922077922077922,0.7868243243243244,0.8144444444444444,0.7861111111111111,0.8280975780975781,0.7922077922077922,0.7968975468975469,0.7922077922077922,0.7922077922077922,0.7922077922077922,0.7972710502710503
4,biMeanInfgain,minmax,mixup,SMOTE,random_forest,first,0.35,0.2,42,2026-02-20 16:17:16,20260220-161321,log/pimaindians_diabetes/4/biMeanInfgain/minmax__mixup__SMOTE/random_forest,1771575212296_720c096117715754364816511,0.6688311688311688,0.7026862026862026,0.7151851851851851,0.6676962132430717,0.7583051868766155,0.6688311688311688,0.6734970973600125,0.6688311688311688,0.6688311688311688,0.6688311688311688,0.6863291215977303
4,biMeanInfgain,minmax,mixup,SMOTE,random_forest,first,0.5,0.1,42,2026-02-20 16:17:15,20260220-161321,log/pimaindians_diabetes/4/biMeanInfgain/minmax__mixup__SMOTE/random_forest,1771575212296_720c096117715754358371555,0.7532467532467533,0.7315602836879432,0.7418518518518519,0.7353951890034365,0.7609008013263333,0.7532467532467533,0.7559244878832507,0.7532467532467533,0.7532467532467533,0.7532467532467532,0.748427946518317
4,biMeanInfgain,minmax,mixup,SMOTE,random_forest,first,0.5,0.2,42,2026-02-20 16:17:17,20260220-161321,log/pimaindians_diabetes/4/biMeanInfgain/minmax__mixup__SMOTE/random_forest,1771575212296_720c096117715754372751241,0.7207792207792207,0.7048378795676788,0.721111111111111,0.7073407875546913,0.7415029643542252,0.7207792207792207,0.726073149019187,0.7207792207792207,0.7207792207792207,0.7207792207792207,0.7200689743010713
4,biMeanInfgain,minmax,mixup,SMOTE,random_forest,last,0.35,0.1,42,2026-02-20 16:17:18,20260220-161321,log/pimaindians_diabetes/4/biMeanInfgain/mixup__SMOTE__minmax/random_forest,1771575212296_720c096117715754380001520,0.7012987012987013,0.7166666666666667,0.7359259259259259,0.6980392156862745,0.7671614100185529,0.7012987012987013,0.7074102368220015,0.7012987012987013,0.7012987012987013,0.7012987012987013,0.7133122986568362
4,biMeanInfgain,minmax,mixup,SMOTE,random_forest,last,0.35,0.2,42,2026-02-20 16:17:19,20260220-161321,log/pimaindians_diabetes/4/biMeanInfgain/mixup__SMOTE__minmax/random_forest,1771575212296_720c096117715754393344850,0.6948051948051948,0.712617220801364,0.730925925925926,0.6918819973606913,0.7638267955403505,0.6948051948051948,0.7008464695238353,0.6948051948051948,0.6948051948051948,0.6948051948051948,0.7075683421815209
4,biMeanInfgain,minmax,mixup,SMOTE,random_forest,last,0.5,0.1,42,2026-02-20 16:17:18,20260220-161321,log/pimaindians_diabetes/4/biMeanInfgain/mixup__SMOTE__minmax/random_forest,1771575212296_720c096117715754386860000,0.7792207792207793,0.7614583333333333,0.778888888888889,0.7664585191793042,0.7928841991341992,0.7792207792207793,0.7827658514545224,0.7792207792207793,0.7792207792207793,0.7792207792207793,0.7773951094190278
4,biMeanInfgain,minmax,mixup,SMOTE,random_forest,last,0.5,0.2,42,2026-02-20 16:17:19,20260220-161321,log/pimaindians_diabetes/4/biMeanInfgain/mixup__SMOTE__minmax/random_forest,1771575212296_720c096117715754399819349,0.7337662337662337,0.7180476925716246,0.7353703703703703,0.7209528439474964,0.7542003373192256,0.7337662337662337,0.7388139327857364,0.7337662337662337,0.7337662337662337,0.7337662337662337,0.7332333500426003
4,biMeanInfgain,minmax,mixup,TomekLinks,random_forest,first,0.35,0.1,42,2026-02-20 16:17:20,20260220-161321,log/pimaindians_diabetes/4/biMeanInfgain/minmax__mixup__TomekLinks/random_forest,1771575212296_720c096117715754406221100,0.7402597402597403,0.7510162601626016,0.7744444444444445,0.7366621067031465,0.8004962517157639,0.7402597402597403,0.745856059125553,0.7402597402597403,0.7402597402597403,0.7402597402597403,0.7510773166104818
4,biMeanInfgain,minmax,mixup,TomekLinks,random_forest,first,0.35,0.2,42,2026-02-20 16:17:21,20260220-161321,log/pimaindians_diabetes/4/biMeanInfgain/minmax__mixup__TomekLinks/random_forest,1771575212296_720c096117715754418160097,0.7207792207792207,0.7248101265822785,0.7466666666666667,0.7154887218045113,0.771165543317442,0.7207792207792207,0.7270774338443511,0.7207792207792207,0.7207792207792207,0.7207792207792207,0.7289608453156562
4,biMeanInfgain,minmax,mixup,TomekLinks,random_forest,first,0.5,0.1,42,2026-02-20 16:17:21,20260220-161321,log/pimaindians_diabetes/4/biMeanInfgain/minmax__mixup__TomekLinks/random_forest,1771575212296_720c096117715754412252998,0.7532467532467533,0.7390560875512996,0.758888888888889,0.7421117574475586,0.7753211221063478,0.7532467532467533,0.7581183139089008,0.7532467532467533,0.7532467532467533,0.7532467532467532,0.7536598218568236
4,biMeanInfgain,minmax,mixup,TomekLinks,random_forest,first,0.5,0.2,42,2026-02-20 16:17:22,20260220-161321,log/pimaindians_diabetes/4/biMeanInfgain/minmax__mixup__TomekLinks/random_forest,1771575212296_720c096117715754424031316,0.7337662337662337,0.730042194092827,0.7524074074074074,0.726560131653025,0.7728686503370048,0.7337662337662337,0.7398193595413292,0.7337662337662337,0.7337662337662337,0.7337662337662337,0.7389952423693703
4,biMeanInfgain,minmax,mixup,TomekLinks,random_forest,last,0.35,0.1,42,2026-02-20 16:17:23,20260220-161321,log/pimaindians_diabetes/4/biMeanInfgain/mixup__TomekLinks__minmax/random_forest,1771575212296_720c096117715754430373084,0.7662337662337663,0.77710027100271,0.8029629629629631,0.7629958960328318,0.8270861929398514,0.7662337662337663,0.7712704532129977,0.7662337662337663,0.7662337662337663,0.7662337662337663,0.7773484015709332
4,biMeanInfgain,minmax,mixup,TomekLinks,random_forest,last,0.35,0.2,42,2026-02-20 16:17:24,20260220-161321,log/pimaindians_diabetes/4/biMeanInfgain/mixup__TomekLinks__minmax/random_forest,1771575212296_720c096117715754442441678,0.6753246753246753,0.6858062330623307,0.7031481481481481,0.6708276333789329,0.734021398655545,0.6753246753246753,0.6823200739069412,0.6753246753246753,0.6753246753246753,0.6753246753246753,0.6853996042093535
4,biMeanInfgain,minmax,mixup,TomekLinks,random_forest,last,0.5,0.1,42,2026-02-20 16:17:23,20260220-161321,log/pimaindians_diabetes/4/biMeanInfgain/mixup__TomekLinks__minmax/random_forest,1771575212296_720c096117715754436524521,0.7662337662337663,0.7547619047619047,0.7774074074074073,0.7570126227208976,0.7924551638837353,0.7662337662337663,0.7711517094406296,0.7662337662337663,0.7662337662337663,0.7662337662337663,0.7681806039230401
4,biMeanInfgain,minmax,mixup,TomekLinks,random_forest,last,0.5,0.2,42,2026-02-20 16:17:24,20260220-161321,log/pimaindians_diabetes/4/biMeanInfgain/mixup__TomekLinks__minmax/random_forest,1771575212296_720c096117715754448318352,0.7467532467532467,0.7290406222990493,0.7453703703703703,0.7329598506069095,0.7629898191695945,0.7467532467532467,0.7510883141135243,0.7467532467532467,0.7467532467532467,0.7467532467532466,0.745048604593265
4,biMeanInfgain,minmax,mixup,noImbl,random_forest,first,0.35,0.1,42,2026-02-20 16:17:25,20260220-161321,log/pimaindians_diabetes/4/biMeanInfgain/minmax__mixup__noImbl/random_forest,1771575212296_720c096117715754454780160,0.7142857142857143,0.7162618083670715,0.7374074074074074,0.7083333333333333,0.7617119722382881,0.7142857142857143,0.7207792207792207,0.7142857142857143,0.7142857142857143,0.7142857142857143,0.7216192876324453
4,biMeanInfgain,minmax,mixup,noImbl,random_forest,first,0.35,0.2,42,2026-02-20 16:17:26,20260220-161321,log/pimaindians_diabetes/4/biMeanInfgain/minmax__mixup__noImbl/random_forest,1771575212296_720c096117715754466727609,0.6818181818181818,0.6818181818181819,0.6996296296296296,0.674559020140596,0.726429414741103,0.6818181818181818,0.6890773434957677,0.6818181818181818,0.6818181818181818,0.6818181818181818,0.6880604498916185
4,biMeanInfgain,minmax,mixup,noImbl,random_forest,first,0.5,0.1,42,2026-02-20 16:17:26,20260220-161321,log/pimaindians_diabetes/4/biMeanInfgain/minmax__mixup__noImbl/random_forest,1771575212296_720c096117715754460809377,0.7922077922077922,0.7719109195402298,0.7803703703703704,0.7755102040816326,0.7964808180325421,0.7922077922077922,0.7937980386959979,0.7922077922077922,0.7922077922077922,0.7922077922077922,0.7871555640940756
4,biMeanInfgain,minmax,mixup,noImbl,random_forest,first,0.5,0.2,42,2026-02-20 16:17:27,20260220-161321,log/pimaindians_diabetes/4/biMeanInfgain/minmax__mixup__noImbl/random_forest,1771575212296_720c096117715754472493254,0.7337662337662337,0.7118808390622247,0.7225925925925927,0.7155215138544717,0.7433410939492379,0.7337662337662337,0.7370409270837295,0.7337662337662337,0.7337662337662337,0.7337662337662337,0.729172312207629
4,biMeanInfgain,minmax,mixup,noImbl,random_forest,last,0.35,0.1,42,2026-02-20 16:17:27,20260220-161321,log/pimaindians_diabetes/4/biMeanInfgain/mixup__noImbl__minmax/random_forest,1771575212296_720c096117715754478963591,0.7272727272727273,0.7334459459459459,0.7559259259259259,0.7225939269171384,0.7807739557739558,0.7272727272727273,0.7333551677349927,0.7272727272727273,0.7272727272727273,0.7272727272727273,0.7363160378714932
4,biMeanInfgain,minmax,mixup,noImbl,random_forest,last,0.35,0.2,42,2026-02-20 16:17:29,20260220-161321,log/pimaindians_diabetes/4/biMeanInfgain/mixup__noImbl__minmax/random_forest,1771575212296_720c096117715754491025087,0.7337662337662337,0.7378059071729958,0.760925925925926,0.7287218045112782,0.7842621513507589,0.7337662337662337,0.7397715066887999,0.7337662337662337,0.7337662337662337,0.7337662337662337,0.742079888631473
4,biMeanInfgain,minmax,mixup,noImbl,random_forest,last,0.5,0.1,42,2026-02-20 16:17:28,20260220-161321,log/pimaindians_diabetes/4/biMeanInfgain/mixup__noImbl__minmax/random_forest,1771575212296_720c096117715754485051482,0.7792207792207793,0.7614583333333333,0.778888888888889,0.7664585191793042,0.7928841991341992,0.7792207792207793,0.7827658514545224,0.7792207792207793,0.7792207792207793,0.7792207792207793,0.7773951094190278
4,biMeanInfgain,minmax,mixup,noImbl,random_forest,last,0.5,0.2,42,2026-02-20 16:17:29,20260220-161321,log/pimaindians_diabetes/4/biMeanInfgain/mixup__noImbl__minmax/random_forest,1771575212296_720c096117715754497790355,0.6883116883116883,0.659438775510204,0.662037037037037,0.6606060606060606,0.6910614895308772,0.6883116883116883,0.6895710350255805,0.6883116883116883,0.6883116883116883,0.6883116883116883,0.6791049698772332
4,biMeanInfgain,minmax,noAug,ADASYN,random_forest,first,0.35,0.1,42,2026-02-20 16:17:30,20260220-161321,log/pimaindians_diabetes/4/biMeanInfgain/minmax__noAug__ADASYN/random_forest,1771575212296_720c096117715754503536845,0.7272727272727273,0.7664796633941093,0.7814814814814814,0.7265347539320142,0.8265969654468953,0.7272727272727273,0.7307781006411144,0.7272727272727273,0.7272727272727273,0.7272727272727273,0.7469618301273088
4,biMeanInfgain,minmax,noAug,ADASYN,random_forest,first,0.35,0.2,42,2026-02-20 16:17:31,20260220-161321,log/pimaindians_diabetes/4/biMeanInfgain/minmax__noAug__ADASYN/random_forest,1771575212296_720c096117715754514234407,0.6753246753246753,0.7334183673469388,0.7372222222222222,0.6752699055330634,0.7970447919427511,0.6753246753246753,0.6765296107401371,0.6753246753246753,0.6753246753246753,0.6753246753246753,0.6996683357220412
4,biMeanInfgain,minmax,noAug,ADASYN,random_forest,first,0.5,0.1,42,2026-02-20 16:17:30,20260220-161321,log/pimaindians_diabetes/4/biMeanInfgain/minmax__noAug__ADASYN/random_forest,1771575212296_720c096117715754508908099,0.7662337662337663,0.7608108108108108,0.7859259259259259,0.759375,0.8023868023868024,0.7662337662337663,0.7715097402597403,0.7662337662337663,0.7662337662337663,0.7662337662337663,0.7710385714448212
4,biMeanInfgain,minmax,noAug,ADASYN,random_forest,first,0.5,0.2,42,2026-02-20 16:17:31,20260220-161321,log/pimaindians_diabetes/4/biMeanInfgain/minmax__noAug__ADASYN/random_forest,1771575212296_720c096117715754519458231,0.7337662337662337,0.723485491260818,0.7438888888888888,0.7239781420765028,0.7628950041982452,0.7337662337662337,0.7395040806188347,0.7337662337662337,0.7337662337662337,0.7337662337662337,0.7360557653455891
4,biMeanInfgain,minmax,noAug,ADASYN,random_forest,last,0.35,0.1,42,2026-02-20 16:17:32,20260220-161321,log/pimaindians_diabetes/4/biMeanInfgain/noAug__ADASYN__minmax/random_forest,1771575212296_720c096117715754525175968,0.7142857142857143,0.7349521203830369,0.7544444444444445,0.7119047619047619,0.7877662692984169,0.7142857142857143,0.7197278911564625,0.7142857142857143,0.7142857142857143,0.7142857142857143,0.728175467086059
4,biMeanInfgain,minmax,noAug,ADASYN,random_forest,last,0.35,0.2,42,2026-02-20 16:17:33,20260220-161321,log/pimaindians_diabetes/4/biMeanInfgain/noAug__ADASYN__minmax/random_forest,1771575212296_720c096117715754535803952,0.6623376623376623,0.7053191489361702,0.7144444444444444,0.6618243243243244,0.7634705719812103,0.6623376623376623,0.6657599157599158,0.6623376623376623,0.6623376623376623,0.6623376623376623,0.6823961174838832
4,biMeanInfgain,minmax,noAug,ADASYN,random_forest,last,0.5,0.1,42,2026-02-20 16:17:33,20260220-161321,log/pimaindians_diabetes/4/biMeanInfgain/noAug__ADASYN__minmax/random_forest,1771575212296_720c096117715754530586762,0.7532467532467533,0.744579945799458,0.7674074074074073,0.7448107448107448,0.7844472600570161,0.7532467532467533,0.7586699015270445,0.7532467532467533,0.7532467532467533,0.7532467532467532,0.7564642595757576
4,biMeanInfgain,minmax,noAug,ADASYN,random_forest,last,0.5,0.2,42,2026-02-20 16:17:34,20260220-161321,log/pimaindians_diabetes/4/biMeanInfgain/noAug__ADASYN__minmax/random_forest,1771575212296_720c096117715754540977210,0.7402597402597403,0.7315379403794038,0.7531481481481481,0.7313797313797314,0.7716582198289514,0.7402597402597403,0.7459683173968888,0.7402597402597403,0.7402597402597403,0.7402597402597403,0.7433405342560394
4,biMeanInfgain,minmax,noAug,RandomUnderSampler,random_forest,first,0.35,0.1,42,2026-02-20 16:17:34,20260220-161321,log/pimaindians_diabetes/4/biMeanInfgain/minmax__noAug__RandomUnderSampler/random_forest,1771575212296_720c096117715754546242004,0.7272727272727273,0.7537878787878789,0.7729629629629631,0.7256066519599524,0.809228650137741,0.7272727272727273,0.7319932739922557,0.7272727272727273,0.7272727272727273,0.7272727272727273,0.7431470289907803
4,biMeanInfgain,minmax,noAug,RandomUnderSampler,random_forest,first,0.35,0.2,42,2026-02-20 16:17:35,20260220-161321,log/pimaindians_diabetes/4/biMeanInfgain/minmax__noAug__RandomUnderSampler/random_forest,1771575212296_720c096117715754555779773,0.6558441558441559,0.7087176704648219,0.7137037037037037,0.6557135023410807,0.7695222122785877,0.6558441558441559,0.6577168560548996,0.6558441558441559,0.6558441558441559,0.6558441558441559,0.6785465747417707
4,biMeanInfgain,minmax,noAug,RandomUnderSampler,random_forest,first,0.5,0.1,42,2026-02-20 16:17:35,20260220-161321,log/pimaindians_diabetes/4/biMeanInfgain/minmax__noAug__RandomUnderSampler/random_forest,1771575212296_720c096117715754551068001,0.7532467532467533,0.744579945799458,0.7674074074074073,0.7448107448107448,0.7844472600570161,0.7532467532467533,0.7586699015270445,0.7532467532467533,0.7532467532467533,0.7532467532467532,0.7564642595757576
4,biMeanInfgain,minmax,noAug,RandomUnderSampler,random_forest,first,0.5,0.2,42,2026-02-20 16:17:36,20260220-161321,log/pimaindians_diabetes/4/biMeanInfgain/minmax__noAug__RandomUnderSampler/random_forest,1771575212296_720c096117715754560433031,0.7077922077922078,0.6973527914474801,0.7153703703703703,0.6970491803278689,0.7373705541022698,0.7077922077922078,0.7140898445816479,0.7077922077922078,0.7077922077922078,0.7077922077922078,0.7097971084453225
4,biMeanInfgain,minmax,noAug,RandomUnderSampler,random_forest,last,0.35,0.1,42,2026-02-20 16:17:36,20260220-161321,log/pimaindians_diabetes/4/biMeanInfgain/noAug__RandomUnderSampler__minmax/random_forest,1771575212296_720c096117715754565480446,0.7792207792207793,0.785472972972973,0.812962962962963,0.7754331789329216,0.8334064584064586,0.7792207792207793,0.7841446595949941,0.7792207792207793,0.7792207792207793,0.7792207792207793,0.7888092269017385
4,biMeanInfgain,minmax,noAug,RandomUnderSampler,random_forest,last,0.35,0.2,42,2026-02-20 16:17:37,20260220-161321,log/pimaindians_diabetes/4/biMeanInfgain/noAug__RandomUnderSampler__minmax/random_forest,1771575212296_720c096117715754574968222,0.6558441558441559,0.7087176704648219,0.7137037037037037,0.6557135023410807,0.7695222122785877,0.6558441558441559,0.6577168560548996,0.6558441558441559,0.6558441558441559,0.6558441558441559,0.6785465747417707
4,biMeanInfgain,minmax,noAug,RandomUnderSampler,random_forest,last,0.5,0.1,42,2026-02-20 16:17:37,20260220-161321,log/pimaindians_diabetes/4/biMeanInfgain/noAug__RandomUnderSampler__minmax/random_forest,1771575212296_720c096117715754570246948,0.7532467532467533,0.744579945799458,0.7674074074074073,0.7448107448107448,0.7844472600570161,0.7532467532467533,0.7586699015270445,0.7532467532467533,0.7532467532467533,0.7532467532467532,0.7564642595757576
4,biMeanInfgain,minmax,noAug,RandomUnderSampler,random_forest,last,0.5,0.2,42,2026-02-20 16:17:37,20260220-161321,log/pimaindians_diabetes/4/biMeanInfgain/noAug__RandomUnderSampler__minmax/random_forest,1771575212296_720c096117715754579688790,0.7077922077922078,0.6973527914474801,0.7153703703703703,0.6970491803278689,0.7373705541022698,0.7077922077922078,0.7140898445816479,0.7077922077922078,0.7077922077922078,0.7077922077922078,0.7097971084453225
4,biMeanInfgain,minmax,noAug,SMOTE,random_forest,first,0.35,0.1,42,2026-02-20 16:17:38,20260220-161321,log/pimaindians_diabetes/4/biMeanInfgain/minmax__noAug__SMOTE/random_forest,1771575212296_720c096117715754585296040,0.6753246753246753,0.7124824684431976,0.7244444444444444,0.6744461356333502,0.7694577512249321,0.6753246753246753,0.6794977388584694,0.6753246753246753,0.6753246753246753,0.6753246753246753,0.6938599177149003
4,biMeanInfgain,minmax,noAug,SMOTE,random_forest,first,0.35,0.2,42,2026-02-20 16:17:39,20260220-161321,log/pimaindians_diabetes/4/biMeanInfgain/minmax__noAug__SMOTE/random_forest,1771575212296_720c096117715754595624941,0.6558441558441559,0.6892551892551892,0.700925925925926,0.6546646921937804,0.7441447441447442,0.6558441558441559,0.660693061962366,0.6558441558441559,0.6558441558441559,0.6558441558441559,0.6730739113936701
4,biMeanInfgain,minmax,noAug,SMOTE,random_forest,first,0.5,0.1,42,2026-02-20 16:17:39,20260220-161321,log/pimaindians_diabetes/4/biMeanInfgain/minmax__noAug__SMOTE/random_forest,1771575212296_720c096117715754590507685,0.7662337662337663,0.7547619047619047,0.7774074074074073,0.7570126227208976,0.7924551638837353,0.7662337662337663,0.7711517094406296,0.7662337662337663,0.7662337662337663,0.7662337662337663,0.7681806039230401
4,biMeanInfgain,minmax,noAug,SMOTE,random_forest,first,0.5,0.2,42,2026-02-20 16:17:40,20260220-161321,log/pimaindians_diabetes/4/biMeanInfgain/minmax__noAug__SMOTE/random_forest,1771575212296_720c096117715754600754917,0.7142857142857143,0.6946180555555556,0.7075925925925926,0.6977698483496877,0.7294146825396826,0.7142857142857143,0.7188734548234994,0.7142857142857143,0.7142857142857143,0.7142857142857143,0.7113733142590466
4,biMeanInfgain,minmax,noAug,SMOTE,random_forest,last,0.35,0.1,42,2026-02-20 16:17:40,20260220-161321,log/pimaindians_diabetes/4/biMeanInfgain/noAug__SMOTE__minmax/random_forest,1771575212296_720c096117715754606398374,0.7792207792207793,0.785472972972973,0.812962962962963,0.7754331789329216,0.8334064584064586,0.7792207792207793,0.7841446595949941,0.7792207792207793,0.7792207792207793,0.7792207792207793,0.7888092269017385
4,biMeanInfgain,minmax,noAug,SMOTE,random_forest,last,0.35,0.2,42,2026-02-20 16:17:41,20260220-161321,log/pimaindians_diabetes/4/biMeanInfgain/noAug__SMOTE__minmax/random_forest,1771575212296_720c096117715754616980673,0.6883116883116883,0.7259817671809257,0.7387037037037036,0.6874682902080163,0.783742554780423,0.6883116883116883,0.6923178293041307,0.6883116883116883,0.6883116883116883,0.6883116883116883,0.7071353958180024
4,biMeanInfgain,minmax,noAug,SMOTE,random_forest,last,0.5,0.1,42,2026-02-20 16:17:41,20260220-161321,log/pimaindians_diabetes/4/biMeanInfgain/noAug__SMOTE__minmax/random_forest,1771575212296_720c096117715754611682092,0.8051948051948052,0.7881944444444444,0.8074074074074074,0.7939339875111507,0.8182720057720058,0.8051948051948052,0.8083228101069314,0.8051948051948052,0.8051948051948052,0.8051948051948051,0.8038038274830199
4,biMeanInfgain,minmax,noAug,SMOTE,random_forest,last,0.5,0.2,42,2026-02-20 16:17:42,20260220-161321,log/pimaindians_diabetes/4/biMeanInfgain/noAug__SMOTE__minmax/random_forest,1771575212296_720c096117715754622145879,0.7142857142857143,0.6946180555555556,0.7075925925925926,0.6977698483496877,0.7294146825396826,0.7142857142857143,0.7188734548234994,0.7142857142857143,0.7142857142857143,0.7142857142857143,0.7113733142590466
4,biMeanInfgain,minmax,noAug,TomekLinks,random_forest,first,0.35,0.1,42,2026-02-20 16:17:42,20260220-161321,log/pimaindians_diabetes/4/biMeanInfgain/minmax__noAug__TomekLinks/random_forest,1771575212296_720c096117715754629338952,0.7272727272727273,0.7428571428571429,0.7644444444444445,0.7242966751918158,0.7940630797773655,0.7272727272727273,0.7328528249244362,0.7272727272727273,0.7272727272727273,0.7272727272727273,0.7396179826344239
4,biMeanInfgain,minmax,noAug,TomekLinks,random_forest,first,0.35,0.2,42,2026-02-20 16:17:43,20260220-161321,log/pimaindians_diabetes/4/biMeanInfgain/minmax__noAug__TomekLinks/random_forest,1771575212296_720c096117715754639051352,0.6883116883116883,0.7259817671809257,0.7387037037037036,0.6874682902080163,0.783742554780423,0.6883116883116883,0.6923178293041307,0.6883116883116883,0.6883116883116883,0.6883116883116883,0.7071353958180024
4,biMeanInfgain,minmax,noAug,TomekLinks,random_forest,first,0.5,0.1,42,2026-02-20 16:17:43,20260220-161321,log/pimaindians_diabetes/4/biMeanInfgain/minmax__noAug__TomekLinks/random_forest,1771575212296_720c096117715754634210683,0.7792207792207793,0.7706639566395664,0.7959259259259259,0.7716727716727716,0.8100253405131456,0.7792207792207793,0.7840730697873554,0.7792207792207793,0.7792207792207793,0.7792207792207793,0.7827117102151944
4,biMeanInfgain,minmax,noAug,TomekLinks,random_forest,first,0.5,0.2,42,2026-02-20 16:17:44,20260220-161321,log/pimaindians_diabetes/4/biMeanInfgain/minmax__noAug__TomekLinks/random_forest,1771575212296_720c096117715754643948694,0.7012987012987013,0.6993927125506073,0.7188888888888889,0.6938634399308556,0.7432304537567695,0.7012987012987013,0.7081143575525599,0.7012987012987013,0.7012987012987013,0.7012987012987013,0.7069673556616192
4,biMeanInfgain,minmax,noAug,TomekLinks,random_forest,last,0.35,0.1,42,2026-02-20 16:17:44,20260220-161321,log/pimaindians_diabetes/4/biMeanInfgain/noAug__TomekLinks__minmax/random_forest,1771575212296_720c096117715754649192075,0.7272727272727273,0.7428571428571429,0.7644444444444445,0.7242966751918158,0.7940630797773655,0.7272727272727273,0.7328528249244362,0.7272727272727273,0.7272727272727273,0.7272727272727273,0.7396179826344239
4,biMeanInfgain,minmax,noAug,TomekLinks,random_forest,last,0.35,0.2,42,2026-02-20 16:17:45,20260220-161321,log/pimaindians_diabetes/4/biMeanInfgain/noAug__TomekLinks__minmax/random_forest,1771575212296_720c096117715754659095746,0.6818181818181818,0.7161172161172161,0.7294444444444443,0.680727734292363,0.7724656296084867,0.6818181818181818,0.686301132757659,0.6818181818181818,0.6818181818181818,0.6818181818181818,0.6995843318017905
4,biMeanInfgain,minmax,noAug,TomekLinks,random_forest,last,0.5,0.1,42,2026-02-20 16:17:45,20260220-161321,log/pimaindians_diabetes/4/biMeanInfgain/noAug__TomekLinks__minmax/random_forest,1771575212296_720c096117715754654152086,0.7792207792207793,0.7706639566395664,0.7959259259259259,0.7716727716727716,0.8100253405131456,0.7792207792207793,0.7840730697873554,0.7792207792207793,0.7792207792207793,0.7792207792207793,0.7827117102151944
4,biMeanInfgain,minmax,noAug,TomekLinks,random_forest,last,0.5,0.2,42,2026-02-20 16:17:46,20260220-161321,log/pimaindians_diabetes/4/biMeanInfgain/noAug__TomekLinks__minmax/random_forest,1771575212296_720c096117715754663904881,0.7272727272727273,0.7042553191489361,0.7133333333333334,0.7075420510037982,0.7353965183752418,0.7272727272727273,0.7302323287130666,0.7272727272727273,0.7272727272727273,0.7272727272727273,0.7218737649523717
4,biMeanInfgain,minmax,noAug,noImbl,random_forest,first,0.35,0.1,42,2026-02-20 16:17:46,20260220-161321,log/pimaindians_diabetes/4/biMeanInfgain/minmax__noAug__noImbl/random_forest,1771575212296_720c096117715754669174961,0.7142857142857143,0.7249322493224932,0.7459259259259259,0.710328317373461,0.7739063104916764,0.7142857142857143,0.7204416650381084,0.7142857142857143,0.7142857142857143,0.7142857142857143,0.7248062316500304
4,biMeanInfgain,minmax,noAug,noImbl,random_forest,first,0.35,0.2,42,2026-02-20 16:17:47,20260220-161321,log/pimaindians_diabetes/4/biMeanInfgain/minmax__noAug__noImbl/random_forest,1771575212296_720c096117715754678999011,0.6883116883116883,0.6988482384823849,0.7174074074074074,0.6839945280437756,0.7473163692675887,0.6883116883116883,0.6950272709506636,0.6883116883116883,0.6883116883116883,0.6883116883116883,0.6985351466895792
4,biMeanInfgain,minmax,noAug,noImbl,random_forest,first,0.5,0.1,42,2026-02-20 16:17:47,20260220-161321,log/pimaindians_diabetes/4/biMeanInfgain/minmax__noAug__noImbl/random_forest,1771575212296_720c096117715754674113135,0.7922077922077922,0.7765151515151515,0.7974074074074073,0.7815602836879432,0.8093270365997639,0.7922077922077922,0.7959657363912682,0.7922077922077922,0.7922077922077922,0.7922077922077922,0.7918369794472307
4,biMeanInfgain,minmax,noAug,noImbl,random_forest,first,0.5,0.2,42,2026-02-20 16:17:48,20260220-161321,log/pimaindians_diabetes/4/biMeanInfgain/minmax__noAug__noImbl/random_forest,1771575212296_720c096117715754683836327,0.7467532467532467,0.7222222222222222,0.7240740740740741,0.723110967682449,0.7478682933228387,0.7467532467532467,0.7472786307325978,0.7467532467532467,0.7467532467532467,0.7467532467532466,0.7386761974254691
4,biMeanInfgain,minmax,noAug,noImbl,random_forest,last,0.35,0.1,42,2026-02-20 16:17:48,20260220-161321,log/pimaindians_diabetes/4/biMeanInfgain/noAug__noImbl__minmax/random_forest,1771575212296_720c096117715754689162023,0.7142857142857143,0.7249322493224932,0.7459259259259259,0.710328317373461,0.7739063104916764,0.7142857142857143,0.7204416650381084,0.7142857142857143,0.7142857142857143,0.7142857142857143,0.7248062316500304
4,biMeanInfgain,minmax,noAug,noImbl,random_forest,last,0.35,0.2,42,2026-02-20 16:17:49,20260220-161321,log/pimaindians_diabetes/4/biMeanInfgain/noAug__noImbl__minmax/random_forest,1771575212296_720c096117715754699038785,0.6883116883116883,0.6988482384823849,0.7174074074074074,0.6839945280437756,0.7473163692675887,0.6883116883116883,0.6950272709506636,0.6883116883116883,0.6883116883116883,0.6883116883116883,0.6985351466895792
4,biMeanInfgain,minmax,noAug,noImbl,random_forest,last,0.5,0.1,42,2026-02-20 16:17:49,20260220-161321,log/pimaindians_diabetes/4/biMeanInfgain/noAug__noImbl__minmax/random_forest,1771575212296_720c096117715754694126031,0.7922077922077922,0.7765151515151515,0.7974074074074073,0.7815602836879432,0.8093270365997639,0.7922077922077922,0.7959657363912682,0.7922077922077922,0.7922077922077922,0.7922077922077922,0.7918369794472307
4,biMeanInfgain,minmax,noAug,noImbl,random_forest,last,0.5,0.2,42,2026-02-20 16:17:50,20260220-161321,log/pimaindians_diabetes/4/biMeanInfgain/noAug__noImbl__minmax/random_forest,1771575212296_720c096117715754703903548,0.7467532467532467,0.7222222222222222,0.7240740740740741,0.723110967682449,0.7478682933228387,0.7467532467532467,0.7472786307325978,0.7467532467532467,0.7467532467532467,0.7467532467532466,0.7386761974254691
4,infgain,minmax,gaussian_noise,ADASYN,random_forest,first,0.35,0.1,42,2026-02-20 16:19:13,20260220-161321,log/pimaindians_diabetes/4/infgain/minmax__gaussian_noise__ADASYN/random_forest,1771575212296_720c096117715755537835614,0.5714285714285714,0.6755952380952381,0.652962962962963,0.5688104530799254,0.7440476190476191,0.5714285714285714,0.5587743327434486,0.5714285714285714,0.5714285714285714,0.5714285714285714,0.6049697284555166
4,infgain,minmax,gaussian_noise,ADASYN,random_forest,first,0.35,0.2,42,2026-02-20 16:19:15,20260220-161321,log/pimaindians_diabetes/4/infgain/minmax__gaussian_noise__ADASYN/random_forest,1771575212296_720c096117715755558678727,0.487012987012987,0.5231935771632471,0.5240740740740741,0.4864716559030855,0.5694243312441349,0.487012987012987,0.4914519021141789,0.487012987012987,0.487012987012987,0.487012987012987,0.50316292675593
4,infgain,minmax,gaussian_noise,ADASYN,random_forest,first,0.5,0.1,42,2026-02-20 16:19:14,20260220-161321,log/pimaindians_diabetes/4/infgain/minmax__gaussian_noise__ADASYN/random_forest,1771575212296_720c096117715755548436203,0.5844155844155844,0.5643939393939394,0.5692592592592592,0.5631205673758866,0.6062573789846517,0.5844155844155844,0.5919314727825367,0.5844155844155844,0.5844155844155844,0.5844155844155844,0.5810150975537821
4,infgain,minmax,gaussian_noise,ADASYN,random_forest,first,0.5,0.2,42,2026-02-20 16:19:16,20260220-161321,log/pimaindians_diabetes/4/infgain/minmax__gaussian_noise__ADASYN/random_forest,1771575212296_720c096117715755568771503,0.6103896103896104,0.5568181818181818,0.5509259259259259,0.5510204081632653,0.5941558441558441,0.6103896103896104,0.5997879671349059,0.6103896103896104,0.6103896103896104,0.6103896103896104,0.5869670956405648
4,infgain,minmax,gaussian_noise,ADASYN,random_forest,last,0.35,0.1,42,2026-02-20 16:19:18,20260220-161321,log/pimaindians_diabetes/4/infgain/gaussian_noise__ADASYN__minmax/random_forest,1771575212296_720c096117715755580359979,0.3896103896103896,0.4924242424242424,0.4959259259259259,0.3620659263176449,0.5354191263282172,0.3896103896103896,0.3224707603343245,0.3896103896103896,0.3896103896103896,0.3896103896103896,0.4109015883097897
4,infgain,minmax,gaussian_noise,ADASYN,random_forest,last,0.35,0.2,42,2026-02-20 16:19:20,20260220-161321,log/pimaindians_diabetes/4/infgain/gaussian_noise__ADASYN__minmax/random_forest,1771575212296_720c096117715755600701604,0.5454545454545454,0.6428571428571428,0.6244444444444444,0.5426777532665874,0.706864564007421,0.5454545454545454,0.5320333832127485,0.5454545454545454,0.5454545454545454,0.5454545454545454,0.5768051037846192
4,infgain,minmax,gaussian_noise,ADASYN,random_forest,last,0.5,0.1,42,2026-02-20 16:19:19,20260220-161321,log/pimaindians_diabetes/4/infgain/gaussian_noise__ADASYN__minmax/random_forest,1771575212296_720c096117715755590916856,0.6753246753246753,0.6734143049932524,0.6903703703703703,0.6672428694900605,0.7173528226159804,0.6753246753246753,0.6827329973397389,0.6753246753246753,0.6753246753246753,0.6753246753246753,0.6807399999523003
4,infgain,minmax,gaussian_noise,ADASYN,random_forest,last,0.5,0.2,42,2026-02-20 16:19:21,20260220-161321,log/pimaindians_diabetes/4/infgain/gaussian_noise__ADASYN__minmax/random_forest,1771575212296_720c096117715755610656146,0.6493506493506493,0.615,0.615,0.615,0.6493506493506493,0.6493506493506493,0.6493506493506493,0.6493506493506493,0.6493506493506493,0.6493506493506493,0.6373279220779219
4,infgain,minmax,gaussian_noise,RandomUnderSampler,random_forest,first,0.35,0.1,42,2026-02-20 16:19:21,20260220-161321,log/pimaindians_diabetes/4/infgain/minmax__gaussian_noise__RandomUnderSampler/random_forest,1771575212296_720c096117715755618973493,0.4935064935064935,0.6349462365591398,0.592962962962963,0.4808988764044944,0.7041614299678816,0.4935064935064935,0.4567342769589961,0.4935064935064935,0.4935064935064935,0.4935064935064935,0.5312546333561193
4,infgain,minmax,gaussian_noise,RandomUnderSampler,random_forest,first,0.35,0.2,42,2026-02-20 16:19:23,20260220-161321,log/pimaindians_diabetes/4/infgain/minmax__gaussian_noise__RandomUnderSampler/random_forest,1771575212296_720c096117715755633866852,0.512987012987013,0.634453781512605,0.6037037037037037,0.5054592164418754,0.700971297609953,0.512987012987013,0.4872340248062791,0.512987012987013,0.512987012987013,0.512987012987013,0.5480116696646544
4,infgain,minmax,gaussian_noise,RandomUnderSampler,random_forest,first,0.5,0.1,42,2026-02-20 16:19:22,20260220-161321,log/pimaindians_diabetes/4/infgain/minmax__gaussian_noise__RandomUnderSampler/random_forest,1771575212296_720c096117715755626655882,0.6363636363636364,0.6913265306122449,0.6944444444444444,0.6363022941970311,0.7515239862178638,0.6363636363636364,0.6377131640289534,0.6363636363636364,0.6363636363636364,0.6363636363636364,0.6593772694068074
4,infgain,minmax,gaussian_noise,RandomUnderSampler,random_forest,first,0.5,0.2,42,2026-02-20 16:19:24,20260220-161321,log/pimaindians_diabetes/4/infgain/minmax__gaussian_noise__RandomUnderSampler/random_forest,1771575212296_720c096117715755642715874,0.5584415584415584,0.5565114709851552,0.5620370370370371,0.5474503025064823,0.6009034824824299,0.5584415584415584,0.568516876382045,0.5584415584415584,0.5584415584415584,0.5584415584415584,0.5627168992603645
4,infgain,minmax,gaussian_noise,RandomUnderSampler,random_forest,last,0.35,0.1,42,2026-02-20 16:19:25,20260220-161321,log/pimaindians_diabetes/4/infgain/gaussian_noise__RandomUnderSampler__minmax/random_forest,1771575212296_720c096117715755651159099,0.4805194805194805,0.6583333333333333,0.5914814814814814,0.4600280504908836,0.7354978354978354,0.4805194805194805,0.4286078577803683,0.4805194805194805,0.4805194805194805,0.4805194805194805,0.5240344434797448
4,infgain,minmax,gaussian_noise,RandomUnderSampler,random_forest,last,0.35,0.2,42,2026-02-20 16:19:26,20260220-161321,log/pimaindians_diabetes/4/infgain/gaussian_noise__RandomUnderSampler__minmax/random_forest,1771575212296_720c096117715755665730711,0.474025974025974,0.5881542699724518,0.5651851851851852,0.4640601503759398,0.6478122428535651,0.474025974025974,0.4422302509520553,0.474025974025974,0.474025974025974,0.474025974025974,0.505669119610709
4,infgain,minmax,gaussian_noise,RandomUnderSampler,random_forest,last,0.5,0.1,42,2026-02-20 16:19:25,20260220-161321,log/pimaindians_diabetes/4/infgain/gaussian_noise__RandomUnderSampler__minmax/random_forest,1771575212296_720c096117715755658650600,0.5714285714285714,0.5619918699186992,0.5677777777777777,0.5567765567765567,0.6054006968641115,0.5714285714285714,0.5808477237048665,0.5714285714285714,0.5714285714285714,0.5714285714285714,0.5727321050997007
4,infgain,minmax,gaussian_noise,RandomUnderSampler,random_forest,last,0.5,0.2,42,2026-02-20 16:19:27,20260220-161321,log/pimaindians_diabetes/4/infgain/gaussian_noise__RandomUnderSampler__minmax/random_forest,1771575212296_720c096117715755672812103,0.6558441558441559,0.6255199855308374,0.6285185185185185,0.6267434947637993,0.6603927813911536,0.6558441558441559,0.6578744345241808,0.6558441558441559,0.6558441558441559,0.6558441558441559,0.6464734802749104
4,infgain,minmax,gaussian_noise,SMOTE,random_forest,first,0.35,0.1,42,2026-02-20 16:19:28,20260220-161321,log/pimaindians_diabetes/4/infgain/minmax__gaussian_noise__SMOTE/random_forest,1771575212296_720c096117715755684245539,0.6623376623376623,0.7193877551020409,0.722962962962963,0.6622807017543859,0.7818711900344554,0.6623376623376623,0.6635907951697425,0.6623376623376623,0.6623376623376623,0.6623376623376623,0.6862379802836299
4,infgain,minmax,gaussian_noise,SMOTE,random_forest,first,0.35,0.2,42,2026-02-20 16:19:30,20260220-161321,log/pimaindians_diabetes/4/infgain/minmax__gaussian_noise__SMOTE/random_forest,1771575212296_720c096117715755704760958,0.4675324675324675,0.5330112721417068,0.5303703703703704,0.4660916624386944,0.5815923207227555,0.4675324675324675,0.4578070331494989,0.4675324675324675,0.4675324675324675,0.4675324675324675,0.4900951876746992
4,infgain,minmax,gaussian_noise,SMOTE,random_forest,first,0.5,0.1,42,2026-02-20 16:19:29,20260220-161321,log/pimaindians_diabetes/4/infgain/minmax__gaussian_noise__SMOTE/random_forest,1771575212296_720c096117715755694908307,0.5974025974025974,0.6033783783783784,0.6133333333333333,0.5904957968776805,0.6491926991926992,0.5974025974025974,0.6063814380849893,0.5974025974025974,0.5974025974025974,0.5974025974025974,0.6050830652958803
4,infgain,minmax,gaussian_noise,SMOTE,random_forest,first,0.5,0.2,42,2026-02-20 16:19:31,20260220-161321,log/pimaindians_diabetes/4/infgain/minmax__gaussian_noise__SMOTE/random_forest,1771575212296_720c096117715755714679228,0.6363636363636364,0.6059626436781609,0.6092592592592592,0.6071428571428572,0.6427638453500522,0.6363636363636364,0.6391465677179963,0.6363636363636364,0.6363636363636364,0.6363636363636364,0.6272874431033297
4,infgain,minmax,gaussian_noise,SMOTE,random_forest,last,0.35,0.1,42,2026-02-20 16:19:32,20260220-161321,log/pimaindians_diabetes/4/infgain/gaussian_noise__SMOTE__minmax/random_forest,1771575212296_720c096117715755726092026,0.5194805194805194,0.6279491833030852,0.6044444444444445,0.5142369991474851,0.6919178824804958,0.5194805194805194,0.4991618781900112,0.5194805194805194,0.5194805194805194,0.5194805194805194,0.5522331904156347
4,infgain,minmax,gaussian_noise,SMOTE,random_forest,last,0.35,0.2,42,2026-02-20 16:19:34,20260220-161321,log/pimaindians_diabetes/4/infgain/gaussian_noise__SMOTE__minmax/random_forest,1771575212296_720c096117715755746182621,0.4675324675324675,0.558076225045372,0.5474074074074073,0.4617220801364024,0.6114738256299054,0.4675324675324675,0.4450172163727152,0.4675324675324675,0.4675324675324675,0.4675324675324675,0.494719627297623
4,infgain,minmax,gaussian_noise,SMOTE,random_forest,last,0.5,0.1,42,2026-02-20 16:19:33,20260220-161321,log/pimaindians_diabetes/4/infgain/gaussian_noise__SMOTE__minmax/random_forest,1771575212296_720c096117715755736491245,0.6103896103896104,0.5783045977011494,0.5807407407407408,0.5790816326530612,0.6171443499029707,0.6103896103896104,0.613371322554996,0.6103896103896104,0.6103896103896104,0.6103896103896104,0.6006427562715386
4,infgain,minmax,gaussian_noise,SMOTE,random_forest,last,0.5,0.2,42,2026-02-20 16:19:35,20260220-161321,log/pimaindians_diabetes/4/infgain/gaussian_noise__SMOTE__minmax/random_forest,1771575212296_720c096117715755756116130,0.525974025974026,0.4947117927022739,0.4944444444444444,0.4934895246677179,0.5396512530304175,0.525974025974026,0.5318045774905429,0.525974025974026,0.525974025974026,0.525974025974026,0.5170644747310629
4,infgain,minmax,gaussian_noise,TomekLinks,random_forest,first,0.35,0.1,42,2026-02-20 16:19:36,20260220-161321,log/pimaindians_diabetes/4/infgain/minmax__gaussian_noise__TomekLinks/random_forest,1771575212296_720c096117715755766021635,0.4935064935064935,0.5323275862068966,0.5333333333333333,0.4931645569620253,0.5793215405284371,0.4935064935064935,0.4970968272234095,0.4935064935064935,0.4935064935064935,0.4935064935064935,0.5104400510372793
4,infgain,minmax,gaussian_noise,TomekLinks,random_forest,first,0.35,0.2,42,2026-02-20 16:19:38,20260220-161321,log/pimaindians_diabetes/4/infgain/minmax__gaussian_noise__TomekLinks/random_forest,1771575212296_720c096117715755783326483,0.5714285714285714,0.5857142857142856,0.5933333333333333,0.5667519181585678,0.6326530612244898,0.5714285714285714,0.5801972963098283,0.5714285714285714,0.5714285714285714,0.5714285714285714,0.5817838787688988
4,infgain,minmax,gaussian_noise,TomekLinks,random_forest,first,0.5,0.1,42,2026-02-20 16:19:37,20260220-161321,log/pimaindians_diabetes/4/infgain/minmax__gaussian_noise__TomekLinks/random_forest,1771575212296_720c096117715755774998340,0.5714285714285714,0.5256410256410255,0.5251851851851852,0.5253129086493555,0.5677655677655677,0.5714285714285714,0.5695070854794374,0.5714285714285714,0.5714285714285714,0.5714285714285714,0.5546536055499253
4,infgain,minmax,gaussian_noise,TomekLinks,random_forest,first,0.5,0.2,42,2026-02-20 16:19:39,20260220-161321,log/pimaindians_diabetes/4/infgain/minmax__gaussian_noise__TomekLinks/random_forest,1771575212296_720c096117715755791688265,0.6948051948051948,0.6727131782945737,0.6031481481481482,0.5999115582333757,0.6824846471358099,0.6948051948051948,0.6581129886640914,0.6948051948051948,0.6948051948051948,0.6948051948051948,0.6624603573145511
4,infgain,minmax,gaussian_noise,TomekLinks,random_forest,last,0.35,0.1,42,2026-02-20 16:19:40,20260220-161321,log/pimaindians_diabetes/4/infgain/gaussian_noise__TomekLinks__minmax/random_forest,1771575212296_720c096117715755801600747,0.6103896103896104,0.677601809954751,0.6744444444444444,0.6103238866396761,0.7394370335546805,0.6103896103896104,0.6088122403911879,0.6103896103896104,0.6103896103896104,0.6103896103896104,0.6361745920058612
4,infgain,minmax,gaussian_noise,TomekLinks,random_forest,last,0.35,0.2,42,2026-02-20 16:19:41,20260220-161321,log/pimaindians_diabetes/4/infgain/gaussian_noise__TomekLinks__minmax/random_forest,1771575212296_720c096117715755818641252,0.5909090909090909,0.6170267934312879,0.6253703703703704,0.5888111888111889,0.6670857232654985,0.5909090909090909,0.5975842339478703,0.5909090909090909,0.5909090909090909,0.5909090909090909,0.6052712384842107
4,infgain,minmax,gaussian_noise,TomekLinks,random_forest,last,0.5,0.1,42,2026-02-20 16:19:41,20260220-161321,log/pimaindians_diabetes/4/infgain/gaussian_noise__TomekLinks__minmax/random_forest,1771575212296_720c096117715755810396820,0.7402597402597403,0.7148148148148148,0.7148148148148148,0.7148148148148148,0.7402597402597403,0.7402597402597403,0.7402597402597403,0.7402597402597403,0.7402597402597403,0.7402597402597403,0.7313540163540163
4,infgain,minmax,gaussian_noise,TomekLinks,random_forest,last,0.5,0.2,42,2026-02-20 16:19:42,20260220-161321,log/pimaindians_diabetes/4/infgain/gaussian_noise__TomekLinks__minmax/random_forest,1771575212296_720c096117715755827004011,0.6948051948051948,0.6619047619047619,0.6542592592592593,0.6572105138527113,0.6889301175015461,0.6948051948051948,0.6911194417706376,0.6948051948051948,0.6948051948051948,0.6948051948051948,0.6806809851321368
4,infgain,minmax,gaussian_noise,noImbl,random_forest,first,0.35,0.1,42,2026-02-20 16:19:43,20260220-161321,log/pimaindians_diabetes/4/infgain/minmax__gaussian_noise__noImbl/random_forest,1771575212296_720c096117715755836938745,0.7012987012987013,0.7166666666666667,0.7359259259259259,0.6980392156862745,0.7671614100185529,0.7012987012987013,0.7074102368220015,0.7012987012987013,0.7012987012987013,0.7012987012987013,0.7133122986568362
4,infgain,minmax,gaussian_noise,noImbl,random_forest,first,0.35,0.2,42,2026-02-20 16:19:45,20260220-161321,log/pimaindians_diabetes/4/infgain/minmax__gaussian_noise__noImbl/random_forest,1771575212296_720c096117715755854289929,0.577922077922078,0.6523809523809523,0.6451851851851852,0.577476678907602,0.7135435992578849,0.577922077922078,0.573379007974424,0.577922077922078,0.577922077922078,0.577922077922078,0.6049081578835371
4,infgain,minmax,gaussian_noise,noImbl,random_forest,first,0.5,0.1,42,2026-02-20 16:19:44,20260220-161321,log/pimaindians_diabetes/4/infgain/minmax__gaussian_noise__noImbl/random_forest,1771575212296_720c096117715755845819925,0.7402597402597403,0.7149758454106281,0.6977777777777778,0.7038461538461538,0.7337348641696468,0.7402597402597403,0.7348651348651349,0.7402597402597403,0.7402597402597403,0.7402597402597403,0.7265594381463947
4,infgain,minmax,gaussian_noise,noImbl,random_forest,first,0.5,0.2,42,2026-02-20 16:19:46,20260220-161321,log/pimaindians_diabetes/4/infgain/minmax__gaussian_noise__noImbl/random_forest,1771575212296_720c096117715755862589322,0.5909090909090909,0.4964137931034483,0.4975925925925926,0.4804819277108433,0.541692789968652,0.5909090909090909,0.5520262869660459,0.5909090909090909,0.5909090909090909,0.5909090909090909,0.544809786131639
4,infgain,minmax,gaussian_noise,noImbl,random_forest,last,0.35,0.1,42,2026-02-20 16:19:47,20260220-161321,log/pimaindians_diabetes/4/infgain/gaussian_noise__noImbl__minmax/random_forest,1771575212296_720c096117715755872567044,0.6103896103896104,0.6941823899371069,0.682962962962963,0.6097972972972974,0.7606387323368455,0.6103896103896104,0.6052562302562302,0.6103896103896104,0.6103896103896104,0.6103896103896104,0.6401922818125646
4,infgain,minmax,gaussian_noise,noImbl,random_forest,last,0.35,0.2,42,2026-02-20 16:19:48,20260220-161321,log/pimaindians_diabetes/4/infgain/gaussian_noise__noImbl__minmax/random_forest,1771575212296_720c096117715755889723037,0.564935064935065,0.5770405565925675,0.5840740740740741,0.5595680198062065,0.6234449412796604,0.564935064935065,0.5740906125078233,0.564935064935065,0.564935064935065,0.564935064935065,0.5744787780157606
4,infgain,minmax,gaussian_noise,noImbl,random_forest,last,0.5,0.1,42,2026-02-20 16:19:48,20260220-161321,log/pimaindians_diabetes/4/infgain/gaussian_noise__noImbl__minmax/random_forest,1771575212296_720c096117715755881442535,0.6753246753246753,0.6363636363636364,0.6222222222222222,0.6258503401360545,0.6635182998819362,0.6753246753246753,0.6664899726124216,0.6753246753246753,0.6753246753246753,0.6753246753246753,0.656191332888921
4,infgain,minmax,gaussian_noise,noImbl,random_forest,last,0.5,0.2,42,2026-02-20 16:19:49,20260220-161321,log/pimaindians_diabetes/4/infgain/gaussian_noise__noImbl__minmax/random_forest,1771575212296_720c096117715755898096141,0.6428571428571429,0.60432134018656,0.6014814814814815,0.6026272577996715,0.6384107040874603,0.6428571428571429,0.6403940886699507,0.6428571428571429,0.6428571428571429,0.6428571428571429,0.6280174116888505
4,infgain,minmax,mixup,ADASYN,random_forest,first,0.35,0.1,42,2026-02-20 16:19:50,20260220-161321,log/pimaindians_diabetes/4/infgain/minmax__mixup__ADASYN/random_forest,1771575212296_720c096117715755905928469,0.6493506493506493,0.6982758620689655,0.7044444444444444,0.649113924050633,0.7575011195700851,0.6493506493506493,0.6518362650008219,0.6493506493506493,0.6493506493506493,0.6493506493506493,0.6709049307063272
4,infgain,minmax,mixup,ADASYN,random_forest,first,0.35,0.2,42,2026-02-20 16:19:51,20260220-161321,log/pimaindians_diabetes/4/infgain/minmax__mixup__ADASYN/random_forest,1771575212296_720c096117715755919311417,0.6298701298701299,0.6743086529884033,0.6809259259259259,0.6294795491958971,0.731091210306197,0.6298701298701299,0.6330728913988379,0.6298701298701299,0.6298701298701299,0.6298701298701299,0.6499634969593147
4,infgain,minmax,mixup,ADASYN,random_forest,first,0.5,0.1,42,2026-02-20 16:19:51,20260220-161321,log/pimaindians_diabetes/4/infgain/minmax__mixup__ADASYN/random_forest,1771575212296_720c096117715755912761304,0.6883116883116883,0.6827702702702703,0.7003703703703703,0.6791666666666667,0.7252544752544753,0.6883116883116883,0.6953463203463203,0.6883116883116883,0.6883116883116883,0.6883116883116883,0.6923411349661349
4,infgain,minmax,mixup,ADASYN,random_forest,first,0.5,0.2,42,2026-02-20 16:19:52,20260220-161321,log/pimaindians_diabetes/4/infgain/minmax__mixup__ADASYN/random_forest,1771575212296_720c096117715755926132631,0.6363636363636364,0.6086879432624113,0.6135185185185186,0.6100560680050642,0.6461315280464216,0.6363636363636364,0.6403097716174222,0.6363636363636364,0.6363636363636364,0.6363636363636364,0.6289341294715626
4,infgain,minmax,mixup,ADASYN,random_forest,last,0.35,0.1,42,2026-02-20 16:19:53,20260220-161321,log/pimaindians_diabetes/4/infgain/mixup__ADASYN__minmax/random_forest,1771575212296_720c096117715755934074656,0.7272727272727273,0.7334459459459459,0.7559259259259259,0.7225939269171384,0.7807739557739558,0.7272727272727273,0.7333551677349927,0.7272727272727273,0.7272727272727273,0.7272727272727273,0.7363160378714932
4,infgain,minmax,mixup,ADASYN,random_forest,last,0.35,0.2,42,2026-02-20 16:19:54,20260220-161321,log/pimaindians_diabetes/4/infgain/mixup__ADASYN__minmax/random_forest,1771575212296_720c096117715755947628600,0.6688311688311688,0.6581537417274732,0.6725925925925926,0.656655737704918,0.6990838789583061,0.6688311688311688,0.6759684905258676,0.6688311688311688,0.6688311688311688,0.6688311688311688,0.6704091230949224
4,infgain,minmax,mixup,ADASYN,random_forest,last,0.5,0.1,42,2026-02-20 16:19:54,20260220-161321,log/pimaindians_diabetes/4/infgain/mixup__ADASYN__minmax/random_forest,1771575212296_720c096117715755941106007,0.7272727272727273,0.7015306122448979,0.7048148148148148,0.703030303030303,0.7297243572753777,0.7272727272727273,0.7283746556473828,0.7272727272727273,0.7272727272727273,0.7272727272727273,0.7192268131442527
4,infgain,minmax,mixup,ADASYN,random_forest,last,0.5,0.2,42,2026-02-20 16:19:55,20260220-161321,log/pimaindians_diabetes/4/infgain/mixup__ADASYN__minmax/random_forest,1771575212296_720c096117715755954204777,0.6428571428571429,0.6354642313546424,0.6483333333333333,0.6315308652716753,0.6779734724940205,0.6428571428571429,0.6508274863432126,0.6428571428571429,0.6428571428571429,0.6428571428571429,0.6456737136032897
4,infgain,minmax,mixup,RandomUnderSampler,random_forest,first,0.35,0.1,42,2026-02-20 16:19:56,20260220-161321,log/pimaindians_diabetes/4/infgain/minmax__mixup__RandomUnderSampler/random_forest,1771575212296_720c096117715755960976269,0.7012987012987013,0.7166666666666667,0.7359259259259259,0.6980392156862745,0.7671614100185529,0.7012987012987013,0.7074102368220015,0.7012987012987013,0.7012987012987013,0.7012987012987013,0.7133122986568362
4,infgain,minmax,mixup,RandomUnderSampler,random_forest,first,0.35,0.2,42,2026-02-20 16:19:57,20260220-161321,log/pimaindians_diabetes/4/infgain/minmax__mixup__RandomUnderSampler/random_forest,1771575212296_720c096117715755972282292,0.6818181818181818,0.7046663235546407,0.720925925925926,0.6795345479254258,0.7572170495484958,0.6818181818181818,0.6876150986228703,0.6818181818181818,0.6818181818181818,0.6818181818181818,0.6960806496124231
4,infgain,minmax,mixup,RandomUnderSampler,random_forest,first,0.5,0.1,42,2026-02-20 16:19:56,20260220-161321,log/pimaindians_diabetes/4/infgain/minmax__mixup__RandomUnderSampler/random_forest,1771575212296_720c096117715755966653328,0.7532467532467533,0.7390560875512996,0.758888888888889,0.7421117574475586,0.7753211221063478,0.7532467532467533,0.7581183139089008,0.7532467532467533,0.7532467532467533,0.7532467532467532,0.7536598218568236
4,infgain,minmax,mixup,RandomUnderSampler,random_forest,first,0.5,0.2,42,2026-02-20 16:19:57,20260220-161321,log/pimaindians_diabetes/4/infgain/minmax__mixup__RandomUnderSampler/random_forest,1771575212296_720c096117715755977754270,0.7077922077922078,0.6973527914474801,0.7153703703703703,0.6970491803278689,0.7373705541022698,0.7077922077922078,0.7140898445816479,0.7077922077922078,0.7077922077922078,0.7077922077922078,0.7097971084453225
4,infgain,minmax,mixup,RandomUnderSampler,random_forest,last,0.35,0.1,42,2026-02-20 16:19:58,20260220-161321,log/pimaindians_diabetes/4/infgain/mixup__RandomUnderSampler__minmax/random_forest,1771575212296_720c096117715755984272665,0.6493506493506493,0.685483870967742,0.695925925925926,0.6484018264840182,0.7408881441139505,0.6493506493506493,0.653857557967147,0.6493506493506493,0.6493506493506493,0.6493506493506493,0.6673089615086961
4,infgain,minmax,mixup,RandomUnderSampler,random_forest,last,0.35,0.2,42,2026-02-20 16:19:59,20260220-161321,log/pimaindians_diabetes/4/infgain/mixup__RandomUnderSampler__minmax/random_forest,1771575212296_720c096117715755997447981,0.6753246753246753,0.7189716312056738,0.7287037037037037,0.6748310810810811,0.7780233950446716,0.6753246753246753,0.6786153036153036,0.6753246753246753,0.6753246753246753,0.6753246753246753,0.6957167008297327
4,infgain,minmax,mixup,RandomUnderSampler,random_forest,last,0.5,0.1,42,2026-02-20 16:19:59,20260220-161321,log/pimaindians_diabetes/4/infgain/mixup__RandomUnderSampler__minmax/random_forest,1771575212296_720c096117715755991931372,0.7272727272727273,0.7079861111111111,0.7218518518518519,0.711507582515611,0.7421085858585859,0.7272727272727273,0.731651934149704,0.7272727272727273,0.7272727272727273,0.7272727272727273,0.724577673291043
4,infgain,minmax,mixup,RandomUnderSampler,random_forest,last,0.5,0.2,42,2026-02-20 16:20:00,20260220-161321,log/pimaindians_diabetes/4/infgain/mixup__RandomUnderSampler__minmax/random_forest,1771575212296_720c096117715756002958732,0.6753246753246753,0.6600547195622435,0.6733333333333333,0.6606733650625771,0.6990779398440138,0.6753246753246753,0.6817346235643433,0.6753246753246753,0.6753246753246753,0.6753246753246753,0.6747376676978671
4,infgain,minmax,mixup,SMOTE,random_forest,first,0.35,0.1,42,2026-02-20 16:20:01,20260220-161321,log/pimaindians_diabetes/4/infgain/minmax__mixup__SMOTE/random_forest,1771575212296_720c096117715756010781815,0.6753246753246753,0.7007575757575757,0.7159259259259259,0.6733412523332768,0.7539354584809129,0.6753246753246753,0.6809443738003046,0.6753246753246753,0.6753246753246753,0.6753246753246753,0.6903346100663487
4,infgain,minmax,mixup,SMOTE,random_forest,first,0.35,0.2,42,2026-02-20 16:20:02,20260220-161321,log/pimaindians_diabetes/4/infgain/minmax__mixup__SMOTE/random_forest,1771575212296_720c096117715756024464175,0.6558441558441559,0.673231031543052,0.6881481481481482,0.6525477842578009,0.7232182991773785,0.6558441558441559,0.6626566571226229,0.6558441558441559,0.6558441558441559,0.6558441558441559,0.6680780764315837
4,infgain,minmax,mixup,SMOTE,random_forest,first,0.5,0.1,42,2026-02-20 16:20:01,20260220-161321,log/pimaindians_diabetes/4/infgain/minmax__mixup__SMOTE/random_forest,1771575212296_720c096117715756017757015,0.7272727272727273,0.7042553191489361,0.7133333333333334,0.7075420510037982,0.7353965183752418,0.7272727272727273,0.7302323287130666,0.7272727272727273,0.7272727272727273,0.7272727272727273,0.7218737649523717
4,infgain,minmax,mixup,SMOTE,random_forest,first,0.5,0.2,42,2026-02-20 16:20:03,20260220-161321,log/pimaindians_diabetes/4/infgain/minmax__mixup__SMOTE/random_forest,1771575212296_720c096117715756030971487,0.6428571428571429,0.6255790015440041,0.6355555555555557,0.625668449197861,0.6653187265642232,0.6428571428571429,0.6496284464198903,0.6428571428571429,0.6428571428571429,0.6428571428571429,0.641082719851898
4,infgain,minmax,mixup,SMOTE,random_forest,last,0.35,0.1,42,2026-02-20 16:20:03,20260220-161321,log/pimaindians_diabetes/4/infgain/mixup__SMOTE__minmax/random_forest,1771575212296_720c096117715756039023473,0.6753246753246753,0.6904761904761905,0.7074074074074074,0.6717817561807331,0.7402597402597403,0.6753246753246753,0.6819676487195669,0.6753246753246753,0.6753246753246753,0.6753246753246753,0.6870066146792488
4,infgain,minmax,mixup,SMOTE,random_forest,last,0.35,0.2,42,2026-02-20 16:20:05,20260220-161321,log/pimaindians_diabetes/4/infgain/mixup__SMOTE__minmax/random_forest,1771575212296_720c096117715756052459391,0.6558441558441559,0.6640453238626755,0.6796296296296296,0.6505245129522585,0.7112020399691633,0.6558441558441559,0.6634036483747466,0.6558441558441559,0.6558441558441559,0.6558441558441559,0.6649145858828598
4,infgain,minmax,mixup,SMOTE,random_forest,last,0.5,0.1,42,2026-02-20 16:20:04,20260220-161321,log/pimaindians_diabetes/4/infgain/mixup__SMOTE__minmax/random_forest,1771575212296_720c096117715756045898510,0.7792207792207793,0.7576530612244898,0.7618518518518518,0.7595959595959596,0.7812748476013783,0.7792207792207793,0.7801128164764528,0.7792207792207793,0.7792207792207793,0.7792207792207793,0.7727226041669455
4,infgain,minmax,mixup,SMOTE,random_forest,last,0.5,0.2,42,2026-02-20 16:20:05,20260220-161321,log/pimaindians_diabetes/4/infgain/mixup__SMOTE__minmax/random_forest,1771575212296_720c096117715756058935245,0.6168831168831169,0.5927960927960928,0.5985185185185186,0.5934129860831431,0.6323676323676324,0.6168831168831169,0.6225920676182456,0.6168831168831169,0.6168831168831169,0.6168831168831169,0.6115222291766794
4,infgain,minmax,mixup,TomekLinks,random_forest,first,0.35,0.1,42,2026-02-20 16:20:06,20260220-161321,log/pimaindians_diabetes/4/infgain/minmax__mixup__TomekLinks/random_forest,1771575212296_720c096117715756066218216,0.6883116883116883,0.7086183310533516,0.7259259259259259,0.6857142857142857,0.760513084726491,0.6883116883116883,0.6942486085343228,0.6883116883116883,0.6883116883116883,0.6883116883116883,0.7018248436325434
4,infgain,minmax,mixup,TomekLinks,random_forest,first,0.35,0.2,42,2026-02-20 16:20:07,20260220-161321,log/pimaindians_diabetes/4/infgain/minmax__mixup__TomekLinks/random_forest,1771575212296_720c096117715756078391785,0.6363636363636364,0.63444669365722,0.6475925925925926,0.6273120138288677,0.6785363759047969,0.6363636363636364,0.6446609570205075,0.6363636363636364,0.6363636363636364,0.6363636363636364,0.6413989663883217
4,infgain,minmax,mixup,TomekLinks,random_forest,first,0.5,0.1,42,2026-02-20 16:20:07,20260220-161321,log/pimaindians_diabetes/4/infgain/minmax__mixup__TomekLinks/random_forest,1771575212296_720c096117715756072395419,0.7402597402597403,0.7165948275862069,0.7233333333333334,0.7193877551020409,0.7452418271383789,0.7402597402597403,0.7422475483699973,0.7402597402597403,0.7402597402597403,0.7402597402597403,0.7338661904304936
4,infgain,minmax,mixup,TomekLinks,random_forest,first,0.5,0.2,42,2026-02-20 16:20:08,20260220-161321,log/pimaindians_diabetes/4/infgain/minmax__mixup__TomekLinks/random_forest,1771575212296_720c096117715756084545818,0.6818181818181818,0.6553969669937556,0.6612962962962963,0.657544815066939,0.6891574081583003,0.6818181818181818,0.6847783484951627,0.6818181818181818,0.6818181818181818,0.6818181818181818,0.6746608144064229
4,infgain,minmax,mixup,TomekLinks,random_forest,last,0.35,0.1,42,2026-02-20 16:20:09,20260220-161321,log/pimaindians_diabetes/4/infgain/mixup__TomekLinks__minmax/random_forest,1771575212296_720c096117715756091530426,0.7532467532467533,0.769047619047619,0.7929629629629631,0.7505541346973572,0.820964749536178,0.7532467532467533,0.7582954130268709,0.7532467532467533,0.7532467532467533,0.7532467532467532,0.7659236666120113
4,infgain,minmax,mixup,TomekLinks,random_forest,last,0.35,0.2,42,2026-02-20 16:20:10,20260220-161321,log/pimaindians_diabetes/4/infgain/mixup__TomekLinks__minmax/random_forest,1771575212296_720c096117715756103726393,0.6623376623376623,0.6643049932523617,0.6803703703703703,0.6553030303030303,0.7095536042904464,0.6623376623376623,0.6700118063754428,0.6623376623376623,0.6623376623376623,0.6623376623376623,0.6691551872281536
4,infgain,minmax,mixup,TomekLinks,random_forest,last,0.5,0.1,42,2026-02-20 16:20:09,20260220-161321,log/pimaindians_diabetes/4/infgain/mixup__TomekLinks__minmax/random_forest,1771575212296_720c096117715756097778555,0.7532467532467533,0.7315602836879432,0.7418518518518519,0.7353951890034365,0.7609008013263333,0.7532467532467533,0.7559244878832507,0.7532467532467533,0.7532467532467533,0.7532467532467532,0.748427946518317
4,infgain,minmax,mixup,TomekLinks,random_forest,last,0.5,0.2,42,2026-02-20 16:20:10,20260220-161321,log/pimaindians_diabetes/4/infgain/mixup__TomekLinks__minmax/random_forest,1771575212296_720c096117715756109693687,0.7012987012987013,0.6769503546099291,0.6848148148148148,0.6796889130041599,0.7098922354241503,0.7012987012987013,0.7045401695428825,0.7012987012987013,0.7012987012987013,0.7012987012987013,0.6953195833864261
4,infgain,minmax,mixup,noImbl,random_forest,first,0.35,0.1,42,2026-02-20 16:20:11,20260220-161321,log/pimaindians_diabetes/4/infgain/minmax__mixup__noImbl/random_forest,1771575212296_720c096117715756116823311,0.6883116883116883,0.6827702702702703,0.7003703703703703,0.6791666666666667,0.7252544752544753,0.6883116883116883,0.6953463203463203,0.6883116883116883,0.6883116883116883,0.6883116883116883,0.6923411349661349
4,infgain,minmax,mixup,noImbl,random_forest,first,0.35,0.2,42,2026-02-20 16:20:12,20260220-161321,log/pimaindians_diabetes/4/infgain/minmax__mixup__noImbl/random_forest,1771575212296_720c096117715756128908520,0.6688311688311688,0.6728270042194093,0.6896296296296296,0.6625563909774436,0.7187791111841745,0.6688311688311688,0.6763011424665559,0.6688311688311688,0.6688311688311688,0.6688311688311688,0.6764846720523885
4,infgain,minmax,mixup,noImbl,random_forest,first,0.5,0.1,42,2026-02-20 16:20:12,20260220-161321,log/pimaindians_diabetes/4/infgain/minmax__mixup__noImbl/random_forest,1771575212296_720c096117715756122977979,0.6883116883116883,0.6654978962131837,0.6748148148148148,0.6681034482758621,0.7004790440975573,0.6883116883116883,0.6925660546350201,0.6883116883116883,0.6883116883116883,0.6883116883116883,0.6835042762738631
4,infgain,minmax,mixup,noImbl,random_forest,first,0.5,0.2,42,2026-02-20 16:20:13,20260220-161321,log/pimaindians_diabetes/4/infgain/minmax__mixup__noImbl/random_forest,1771575212296_720c096117715756134893309,0.6753246753246753,0.6401923076923077,0.635,0.6370663650075414,0.6701198801198801,0.6753246753246753,0.6722640104993045,0.6753246753246753,0.6753246753246753,0.6753246753246753,0.6610606452371157
4,infgain,minmax,mixup,noImbl,random_forest,last,0.35,0.1,42,2026-02-20 16:20:14,20260220-161321,log/pimaindians_diabetes/4/infgain/mixup__noImbl__minmax/random_forest,1771575212296_720c096117715756142029027,0.7532467532467533,0.7594594594594595,0.7844444444444445,0.74901355292503,0.8070902070902072,0.7532467532467533,0.7587499136649934,0.7532467532467533,0.7532467532467533,0.7532467532467532,0.7625626323866157
4,infgain,minmax,mixup,noImbl,random_forest,last,0.35,0.2,42,2026-02-20 16:20:15,20260220-161321,log/pimaindians_diabetes/4/infgain/mixup__noImbl__minmax/random_forest,1771575212296_720c096117715756154266875,0.6753246753246753,0.6663279132791329,0.6818518518518519,0.6642246642246642,0.7077130186886286,0.6753246753246753,0.682460396746111,0.6753246753246753,0.6753246753246753,0.6753246753246753,0.6777219076574477
4,infgain,minmax,mixup,noImbl,random_forest,last,0.5,0.1,42,2026-02-20 16:20:14,20260220-161321,log/pimaindians_diabetes/4/infgain/mixup__noImbl__minmax/random_forest,1771575212296_720c096117715756148318961,0.7142857142857143,0.6889367816091954,0.6948148148148148,0.6913265306122449,0.7196223316912971,0.7142857142857143,0.7164723032069972,0.7142857142857143,0.7142857142857143,0.7142857142857143,0.7072215035987025
4,infgain,minmax,mixup,noImbl,random_forest,last,0.5,0.2,42,2026-02-20 16:20:16,20260220-161321,log/pimaindians_diabetes/4/infgain/mixup__noImbl__minmax/random_forest,1771575212296_720c096117715756160230805,0.6883116883116883,0.6654978962131837,0.6748148148148148,0.6681034482758621,0.7004790440975573,0.6883116883116883,0.6925660546350201,0.6883116883116883,0.6883116883116883,0.6883116883116883,0.6835042762738631
4,infgain,minmax,noAug,ADASYN,random_forest,first,0.35,0.1,42,2026-02-20 16:20:16,20260220-161321,log/pimaindians_diabetes/4/infgain/minmax__noAug__ADASYN/random_forest,1771575212296_720c096117715756166669650,0.7272727272727273,0.7537878787878789,0.7729629629629631,0.7256066519599524,0.809228650137741,0.7272727272727273,0.7319932739922557,0.7272727272727273,0.7272727272727273,0.7272727272727273,0.7431470289907803
4,infgain,minmax,noAug,ADASYN,random_forest,first,0.35,0.2,42,2026-02-20 16:20:17,20260220-161321,log/pimaindians_diabetes/4/infgain/minmax__noAug__ADASYN/random_forest,1771575212296_720c096117715756177433768,0.6558441558441559,0.7087176704648219,0.7137037037037037,0.6557135023410807,0.7695222122785877,0.6558441558441559,0.6577168560548996,0.6558441558441559,0.6558441558441559,0.6558441558441559,0.6785465747417707
4,infgain,minmax,noAug,ADASYN,random_forest,first,0.5,0.1,42,2026-02-20 16:20:17,20260220-161321,log/pimaindians_diabetes/4/infgain/minmax__noAug__ADASYN/random_forest,1771575212296_720c096117715756172164746,0.7012987012987013,0.6924119241192412,0.7103703703703703,0.6910866910866911,0.7332910991447577,0.7012987012987013,0.7078635650064222,0.7012987012987013,0.7012987012987013,0.7012987012987013,0.7039693582968841
4,infgain,minmax,noAug,ADASYN,random_forest,first,0.5,0.2,42,2026-02-20 16:20:18,20260220-161321,log/pimaindians_diabetes/4/infgain/minmax__noAug__ADASYN/random_forest,1771575212296_720c096117715756182692566,0.6363636363636364,0.63444669365722,0.6475925925925926,0.6273120138288677,0.6785363759047969,0.6363636363636364,0.6446609570205075,0.6363636363636364,0.6363636363636364,0.6363636363636364,0.6413989663883217
4,infgain,minmax,noAug,ADASYN,random_forest,last,0.35,0.1,42,2026-02-20 16:20:18,20260220-161321,log/pimaindians_diabetes/4/infgain/noAug__ADASYN__minmax/random_forest,1771575212296_720c096117715756189246195,0.7142857142857143,0.7349521203830369,0.7544444444444445,0.7119047619047619,0.7877662692984169,0.7142857142857143,0.7197278911564625,0.7142857142857143,0.7142857142857143,0.7142857142857143,0.728175467086059
4,infgain,minmax,noAug,ADASYN,random_forest,last,0.35,0.2,42,2026-02-20 16:20:19,20260220-161321,log/pimaindians_diabetes/4/infgain/noAug__ADASYN__minmax/random_forest,1771575212296_720c096117715756199992881,0.6948051948051948,0.7235090751944684,0.7394444444444443,0.6932400932400933,0.7785248459405762,0.6948051948051948,0.6997850634214271,0.6948051948051948,0.6948051948051948,0.6948051948051948,0.7110236879792547
4,infgain,minmax,noAug,ADASYN,random_forest,last,0.5,0.1,42,2026-02-20 16:20:19,20260220-161321,log/pimaindians_diabetes/4/infgain/noAug__ADASYN__minmax/random_forest,1771575212296_720c096117715756194669302,0.7532467532467533,0.7390560875512996,0.758888888888889,0.7421117574475586,0.7753211221063478,0.7532467532467533,0.7581183139089008,0.7532467532467533,0.7532467532467533,0.7532467532467532,0.7536598218568236
4,infgain,minmax,noAug,ADASYN,random_forest,last,0.5,0.2,42,2026-02-20 16:20:20,20260220-161321,log/pimaindians_diabetes/4/infgain/noAug__ADASYN__minmax/random_forest,1771575212296_720c096117715756205239573,0.6688311688311688,0.6549872122762148,0.6683333333333333,0.6548450889914305,0.6947885873717077,0.6688311688311688,0.675598626818139,0.6688311688311688,0.6688311688311688,0.6688311688311688,0.6689099382020283
4,infgain,minmax,noAug,RandomUnderSampler,random_forest,first,0.35,0.1,42,2026-02-20 16:20:21,20260220-161321,log/pimaindians_diabetes/4/infgain/minmax__noAug__RandomUnderSampler/random_forest,1771575212296_720c096117715756212836477,0.6623376623376623,0.7053191489361702,0.7144444444444444,0.6618243243243244,0.7634705719812103,0.6623376623376623,0.6657599157599158,0.6623376623376623,0.6623376623376623,0.6623376623376623,0.6823961174838832
4,infgain,minmax,noAug,RandomUnderSampler,random_forest,first,0.35,0.2,42,2026-02-20 16:20:22,20260220-161321,log/pimaindians_diabetes/4/infgain/minmax__noAug__RandomUnderSampler/random_forest,1771575212296_720c096117715756222436029,0.6753246753246753,0.6904761904761905,0.7074074074074074,0.6717817561807331,0.7402597402597403,0.6753246753246753,0.6819676487195669,0.6753246753246753,0.6753246753246753,0.6753246753246753,0.6870066146792488
4,infgain,minmax,noAug,RandomUnderSampler,random_forest,first,0.5,0.1,42,2026-02-20 16:20:21,20260220-161321,log/pimaindians_diabetes/4/infgain/minmax__noAug__RandomUnderSampler/random_forest,1771575212296_720c096117715756217658066,0.7272727272727273,0.7184959349593496,0.7388888888888889,0.717948717948718,0.7588691796008868,0.7272727272727273,0.7332667332667333,0.7272727272727273,0.7272727272727273,0.7272727272727273,0.730216808936321
4,infgain,minmax,noAug,RandomUnderSampler,random_forest,first,0.5,0.2,42,2026-02-20 16:20:22,20260220-161321,log/pimaindians_diabetes/4/infgain/minmax__noAug__RandomUnderSampler/random_forest,1771575212296_720c096117715756227250140,0.6818181818181818,0.6553969669937556,0.6612962962962963,0.657544815066939,0.6891574081583003,0.6818181818181818,0.6847783484951627,0.6818181818181818,0.6818181818181818,0.6818181818181818,0.6746608144064229
4,infgain,minmax,noAug,RandomUnderSampler,random_forest,last,0.35,0.1,42,2026-02-20 16:20:23,20260220-161321,log/pimaindians_diabetes/4/infgain/noAug__RandomUnderSampler__minmax/random_forest,1771575212296_720c096117715756233068584,0.6493506493506493,0.6982758620689655,0.7044444444444444,0.649113924050633,0.7575011195700851,0.6493506493506493,0.6518362650008219,0.6493506493506493,0.6493506493506493,0.6493506493506493,0.6709049307063272
4,infgain,minmax,noAug,RandomUnderSampler,random_forest,last,0.35,0.2,42,2026-02-20 16:20:24,20260220-161321,log/pimaindians_diabetes/4/infgain/noAug__RandomUnderSampler__minmax/random_forest,1771575212296_720c096117715756242943590,0.6753246753246753,0.6904761904761905,0.7074074074074074,0.6717817561807331,0.7402597402597403,0.6753246753246753,0.6819676487195669,0.6753246753246753,0.6753246753246753,0.6753246753246753,0.6870066146792488
4,infgain,minmax,noAug,RandomUnderSampler,random_forest,last,0.5,0.1,42,2026-02-20 16:20:23,20260220-161321,log/pimaindians_diabetes/4/infgain/noAug__RandomUnderSampler__minmax/random_forest,1771575212296_720c096117715756238050732,0.7402597402597403,0.7347972972972974,0.7574074074074073,0.7326388888888888,0.7766760266760268,0.7402597402597403,0.7461219336219337,0.7402597402597403,0.7402597402597403,0.7402597402597403,0.7448060926185925
4,infgain,minmax,noAug,RandomUnderSampler,random_forest,last,0.5,0.2,42,2026-02-20 16:20:24,20260220-161321,log/pimaindians_diabetes/4/infgain/noAug__RandomUnderSampler__minmax/random_forest,1771575212296_720c096117715756247834969,0.6818181818181818,0.6553969669937556,0.6612962962962963,0.657544815066939,0.6891574081583003,0.6818181818181818,0.6847783484951627,0.6818181818181818,0.6818181818181818,0.6818181818181818,0.6746608144064229
4,infgain,minmax,noAug,SMOTE,random_forest,first,0.35,0.1,42,2026-02-20 16:20:25,20260220-161321,log/pimaindians_diabetes/4/infgain/minmax__noAug__SMOTE/random_forest,1771575212296_720c096117715756254070447,0.7142857142857143,0.7349521203830369,0.7544444444444445,0.7119047619047619,0.7877662692984169,0.7142857142857143,0.7197278911564625,0.7142857142857143,0.7142857142857143,0.7142857142857143,0.728175467086059
4,infgain,minmax,noAug,SMOTE,random_forest,first,0.35,0.2,42,2026-02-20 16:20:26,20260220-161321,log/pimaindians_diabetes/4/infgain/minmax__noAug__SMOTE/random_forest,1771575212296_720c096117715756264816052,0.6688311688311688,0.6914565105506948,0.7066666666666667,0.6664543253917696,0.7434947965056045,0.6688311688311688,0.6748646944850283,0.6688311688311688,0.6688311688311688,0.6688311688311688,0.6828921178862836
4,infgain,minmax,noAug,SMOTE,random_forest,first,0.5,0.1,42,2026-02-20 16:20:25,20260220-161321,log/pimaindians_diabetes/4/infgain/minmax__noAug__SMOTE/random_forest,1771575212296_720c096117715756259515789,0.7012987012987013,0.68125,0.6933333333333334,0.6840321141837645,0.7167207792207793,0.7012987012987013,0.7060949754972949,0.7012987012987013,0.7012987012987013,0.7012987012987013,0.6981689552270505
4,infgain,minmax,noAug,SMOTE,random_forest,first,0.5,0.2,42,2026-02-20 16:20:27,20260220-161321,log/pimaindians_diabetes/4/infgain/minmax__noAug__SMOTE/random_forest,1771575212296_720c096117715756270045960,0.6493506493506493,0.6277777777777778,0.6362962962962964,0.6290811775200713,0.665945165945166,0.6493506493506493,0.6549810581924765,0.6493506493506493,0.6493506493506493,0.6493506493506493,0.6453515190990657
4,infgain,minmax,noAug,SMOTE,random_forest,last,0.35,0.1,42,2026-02-20 16:20:27,20260220-161321,log/pimaindians_diabetes/4/infgain/noAug__SMOTE__minmax/random_forest,1771575212296_720c096117715756276284594,0.6493506493506493,0.685483870967742,0.695925925925926,0.6484018264840182,0.7408881441139505,0.6493506493506493,0.653857557967147,0.6493506493506493,0.6493506493506493,0.6493506493506493,0.6673089615086961
4,infgain,minmax,noAug,SMOTE,random_forest,last,0.35,0.2,42,2026-02-20 16:20:28,20260220-161321,log/pimaindians_diabetes/4/infgain/noAug__SMOTE__minmax/random_forest,1771575212296_720c096117715756286962458,0.6753246753246753,0.6814189189189189,0.6988888888888889,0.6697546749013553,0.7281414531414533,0.6753246753246753,0.6825656758749914,0.6753246753246753,0.6753246753246753,0.6753246753246753,0.6838228488412482
4,infgain,minmax,noAug,SMOTE,random_forest,last,0.5,0.1,42,2026-02-20 16:20:28,20260220-161321,log/pimaindians_diabetes/4/infgain/noAug__SMOTE__minmax/random_forest,1771575212296_720c096117715756281655708,0.7402597402597403,0.7194950911640954,0.7318518518518519,0.7234195402298851,0.7513342197774174,0.7402597402597403,0.7438050455291834,0.7402597402597403,0.7402597402597403,0.7402597402597403,0.7364557002470927
4,infgain,minmax,noAug,SMOTE,random_forest,last,0.5,0.2,42,2026-02-20 16:20:29,20260220-161321,log/pimaindians_diabetes/4/infgain/noAug__SMOTE__minmax/random_forest,1771575212296_720c096117715756292215496,0.6298701298701299,0.6004460303300625,0.6042592592592593,0.6016337644656229,0.6380434908534819,0.6298701298701299,0.6333135890658015,0.6298701298701299,0.6298701298701299,0.6298701298701299,0.6214650330220457
4,infgain,minmax,noAug,TomekLinks,random_forest,first,0.35,0.1,42,2026-02-20 16:20:29,20260220-161321,log/pimaindians_diabetes/4/infgain/minmax__noAug__TomekLinks/random_forest,1771575212296_720c096117715756298280900,0.6883116883116883,0.6988482384823849,0.7174074074074074,0.6839945280437756,0.7473163692675887,0.6883116883116883,0.6950272709506636,0.6883116883116883,0.6883116883116883,0.6883116883116883,0.6985351466895792
4,infgain,minmax,noAug,TomekLinks,random_forest,first,0.35,0.2,42,2026-02-20 16:20:30,20260220-161321,log/pimaindians_diabetes/4/infgain/minmax__noAug__TomekLinks/random_forest,1771575212296_720c096117715756308286030,0.6948051948051948,0.7031117875866735,0.7224074074074074,0.6900877756369086,0.7508746960801755,0.6948051948051948,0.7015088957285489,0.6948051948051948,0.6948051948051948,0.6948051948051948,0.704300967734322
4,infgain,minmax,noAug,TomekLinks,random_forest,first,0.5,0.1,42,2026-02-20 16:20:30,20260220-161321,log/pimaindians_diabetes/4/infgain/minmax__noAug__TomekLinks/random_forest,1771575212296_720c096117715756303302223,0.7272727272727273,0.7127222982216143,0.7303703703703703,0.7149656266525648,0.7499067280189031,0.7272727272727273,0.7326570837940484,0.7272727272727273,0.7272727272727273,0.7272727272727273,0.7273524371371716
4,infgain,minmax,noAug,TomekLinks,random_forest,first,0.5,0.2,42,2026-02-20 16:20:31,20260220-161321,log/pimaindians_diabetes/4/infgain/minmax__noAug__TomekLinks/random_forest,1771575212296_720c096117715756313194440,0.6948051948051948,0.6711616428697338,0.6798148148148149,0.6738905158819555,0.705149248776959,0.6948051948051948,0.698559111535007,0.6948051948051948,0.6948051948051948,0.6948051948051948,0.6894020926807729
4,infgain,minmax,noAug,TomekLinks,random_forest,last,0.35,0.1,42,2026-02-20 16:20:31,20260220-161321,log/pimaindians_diabetes/4/infgain/noAug__TomekLinks__minmax/random_forest,1771575212296_720c096117715756319101895,0.7012987012987013,0.7272727272727273,0.7444444444444445,0.6994739521466147,0.7815820543093271,0.7012987012987013,0.7064688238962803,0.7012987012987013,0.7012987012987013,0.7012987012987013,0.7167408195285644
4,infgain,minmax,noAug,TomekLinks,random_forest,last,0.35,0.2,42,2026-02-20 16:20:32,20260220-161321,log/pimaindians_diabetes/4/infgain/noAug__TomekLinks__minmax/random_forest,1771575212296_720c096117715756329077515,0.6753246753246753,0.6858062330623307,0.7031481481481481,0.6708276333789329,0.734021398655545,0.6753246753246753,0.6823200739069412,0.6753246753246753,0.6753246753246753,0.6753246753246753,0.6853996042093535
4,infgain,minmax,noAug,TomekLinks,random_forest,last,0.5,0.1,42,2026-02-20 16:20:32,20260220-161321,log/pimaindians_diabetes/4/infgain/noAug__TomekLinks__minmax/random_forest,1771575212296_720c096117715756324137039,0.7142857142857143,0.696969696969697,0.7118518518518518,0.699645390070922,0.7331759149940968,0.7142857142857143,0.719452887537994,0.7142857142857143,0.7142857142857143,0.7142857142857143,0.7127787737371875
4,infgain,minmax,noAug,TomekLinks,random_forest,last,0.5,0.2,42,2026-02-20 16:20:33,20260220-161321,log/pimaindians_diabetes/4/infgain/noAug__TomekLinks__minmax/random_forest,1771575212296_720c096117715756334018974,0.6298701298701299,0.5949494949494949,0.5957407407407407,0.5953160296897331,0.6314574314574314,0.6298701298701299,0.6306379987630276,0.6298701298701299,0.6298701298701299,0.6298701298701299,0.6180559229307325
4,infgain,minmax,noAug,noImbl,random_forest,first,0.35,0.1,42,2026-02-20 16:20:34,20260220-161321,log/pimaindians_diabetes/4/infgain/minmax__noAug__noImbl/random_forest,1771575212296_720c096117715756340163810,0.7142857142857143,0.7087837837837838,0.7288888888888889,0.7059027777777778,0.7509652509652509,0.7142857142857143,0.720734126984127,0.7142857142857143,0.7142857142857143,0.7142857142857143,0.7185736137923636
4,infgain,minmax,noAug,noImbl,random_forest,first,0.35,0.2,42,2026-02-20 16:20:35,20260220-161321,log/pimaindians_diabetes/4/infgain/minmax__noAug__noImbl/random_forest,1771575212296_720c096117715756350173208,0.6883116883116883,0.679369918699187,0.6961111111111111,0.6776556776556777,0.7205020589166931,0.6883116883116883,0.6951619808762667,0.6883116883116883,0.6883116883116883,0.6883116883116883,0.6908456329771661
4,infgain,minmax,noAug,noImbl,random_forest,first,0.5,0.1,42,2026-02-20 16:20:34,20260220-161321,log/pimaindians_diabetes/4/infgain/minmax__noAug__noImbl/random_forest,1771575212296_720c096117715756345152292,0.7402597402597403,0.7194950911640954,0.7318518518518519,0.7234195402298851,0.7513342197774174,0.7402597402597403,0.7438050455291834,0.7402597402597403,0.7402597402597403,0.7402597402597403,0.7364557002470927
4,infgain,minmax,noAug,noImbl,random_forest,first,0.5,0.2,42,2026-02-20 16:20:35,20260220-161321,log/pimaindians_diabetes/4/infgain/minmax__noAug__noImbl/random_forest,1771575212296_720c096117715756355142031,0.6818181818181818,0.6469387755102041,0.64,0.6426237272081459,0.6755897164060429,0.6818181818181818,0.6779755882289625,0.6818181818181818,0.6818181818181818,0.6818181818181818,0.6670700192344634
4,infgain,minmax,noAug,noImbl,random_forest,last,0.35,0.1,42,2026-02-20 16:20:36,20260220-161321,log/pimaindians_diabetes/4/infgain/noAug__noImbl__minmax/random_forest,1771575212296_720c096117715756361065415,0.7142857142857143,0.7087837837837838,0.7288888888888889,0.7059027777777778,0.7509652509652509,0.7142857142857143,0.720734126984127,0.7142857142857143,0.7142857142857143,0.7142857142857143,0.7185736137923636
4,infgain,minmax,noAug,noImbl,random_forest,last,0.35,0.2,42,2026-02-20 16:20:37,20260220-161321,log/pimaindians_diabetes/4/infgain/noAug__noImbl__minmax/random_forest,1771575212296_720c096117715756371194734,0.6883116883116883,0.679369918699187,0.6961111111111111,0.6776556776556777,0.7205020589166931,0.6883116883116883,0.6951619808762667,0.6883116883116883,0.6883116883116883,0.6883116883116883,0.6908456329771661
4,infgain,minmax,noAug,noImbl,random_forest,last,0.5,0.1,42,2026-02-20 16:20:36,20260220-161321,log/pimaindians_diabetes/4/infgain/noAug__noImbl__minmax/random_forest,1771575212296_720c096117715756366122935,0.7402597402597403,0.7194950911640954,0.7318518518518519,0.7234195402298851,0.7513342197774174,0.7402597402597403,0.7438050455291834,0.7402597402597403,0.7402597402597403,0.7402597402597403,0.7364557002470927
4,infgain,minmax,noAug,noImbl,random_forest,last,0.5,0.2,42,2026-02-20 16:20:37,20260220-161321,log/pimaindians_diabetes/4/infgain/noAug__noImbl__minmax/random_forest,1771575212296_720c096117715756376307559,0.6818181818181818,0.6469387755102041,0.64,0.6426237272081459,0.6755897164060429,0.6818181818181818,0.6779755882289625,0.6818181818181818,0.6818181818181818,0.6818181818181818,0.6670700192344634
5,biMaxInfgain,minmax,gaussian_noise,ADASYN,random_forest,first,0.35,0.1,42,2026-02-20 16:22:04,20260220-161321,log/pimaindians_diabetes/5/biMaxInfgain/minmax__gaussian_noise__ADASYN/random_forest,1771575212296_720c096117715757242090046,0.4935064935064935,0.6646634615384617,0.6014814814814814,0.4761904761904761,0.7418518981018982,0.4935064935064935,0.447742733457019,0.4935064935064935,0.4935064935064935,0.4935064935064935,0.5367922629619057
5,biMaxInfgain,minmax,gaussian_noise,ADASYN,random_forest,first,0.35,0.2,42,2026-02-20 16:22:06,20260220-161321,log/pimaindians_diabetes/5/biMaxInfgain/minmax__gaussian_noise__ADASYN/random_forest,1771575212296_720c096117715757262342000,0.4415584415584415,0.5438012295081966,0.5316666666666667,0.4299242424242424,0.5960586544602938,0.4415584415584415,0.4055981896890988,0.4415584415584415,0.4415584415584415,0.4415584415584415,0.4691043965038934
5,biMaxInfgain,minmax,gaussian_noise,ADASYN,random_forest,first,0.5,0.1,42,2026-02-20 16:22:05,20260220-161321,log/pimaindians_diabetes/5/biMaxInfgain/minmax__gaussian_noise__ADASYN/random_forest,1771575212296_720c096117715757252864477,0.6883116883116883,0.6704545454545454,0.6833333333333333,0.6723404255319149,0.7077922077922078,0.6883116883116883,0.6939486045869024,0.6883116883116883,0.6883116883116883,0.6883116883116883,0.6864260385005065
5,biMaxInfgain,minmax,gaussian_noise,ADASYN,random_forest,first,0.5,0.2,42,2026-02-20 16:22:07,20260220-161321,log/pimaindians_diabetes/5/biMaxInfgain/minmax__gaussian_noise__ADASYN/random_forest,1771575212296_720c096117715757272046951,0.6688311688311688,0.6581537417274732,0.6725925925925926,0.656655737704918,0.6990838789583061,0.6688311688311688,0.6759684905258676,0.6688311688311688,0.6688311688311688,0.6688311688311688,0.6704091230949224
5,biMaxInfgain,minmax,gaussian_noise,ADASYN,random_forest,last,0.35,0.1,42,2026-02-20 16:22:08,20260220-161321,log/pimaindians_diabetes/5/biMaxInfgain/gaussian_noise__ADASYN__minmax/random_forest,1771575212296_720c096117715757282734594,0.4415584415584415,0.6356209150326797,0.5614814814814814,0.4092774308652989,0.711272387742976,0.4415584415584415,0.3680294727573943,0.4415584415584415,0.4415584415584415,0.4415584415584415,0.4840568905924942
5,biMaxInfgain,minmax,gaussian_noise,ADASYN,random_forest,last,0.35,0.2,42,2026-02-20 16:22:10,20260220-161321,log/pimaindians_diabetes/5/biMaxInfgain/gaussian_noise__ADASYN__minmax/random_forest,1771575212296_720c096117715757305168396,0.3571428571428571,0.4298245614035088,0.4666666666666667,0.3221288515406162,0.4586466165413533,0.3571428571428571,0.276110444177671,0.3571428571428571,0.3571428571428571,0.3571428571428571,0.3681068216760387
5,biMaxInfgain,minmax,gaussian_noise,ADASYN,random_forest,last,0.5,0.1,42,2026-02-20 16:22:09,20260220-161321,log/pimaindians_diabetes/5/biMaxInfgain/gaussian_noise__ADASYN__minmax/random_forest,1771575212296_720c096117715757295244405,0.5324675324675324,0.5687943262411347,0.5718518518518518,0.5317567567567567,0.6179423413465965,0.5324675324675324,0.5372060372060373,0.5324675324675324,0.5324675324675324,0.5324675324675324,0.5491902840253903
5,biMaxInfgain,minmax,gaussian_noise,ADASYN,random_forest,last,0.5,0.2,42,2026-02-20 16:22:11,20260220-161321,log/pimaindians_diabetes/5/biMaxInfgain/gaussian_noise__ADASYN__minmax/random_forest,1771575212296_720c096117715757315077731,0.4805194805194805,0.5141843971631206,0.5148148148148148,0.4797297297297297,0.5597310490927512,0.4805194805194805,0.4857844857844857,0.4805194805194805,0.4805194805194805,0.4805194805194805,0.495907950641993
5,biMaxInfgain,minmax,gaussian_noise,RandomUnderSampler,random_forest,first,0.35,0.1,42,2026-02-20 16:22:12,20260220-161321,log/pimaindians_diabetes/5/biMaxInfgain/minmax__gaussian_noise__RandomUnderSampler/random_forest,1771575212296_720c096117715757322843206,0.4545454545454545,0.6440298507462687,0.5714814814814814,0.426595744680851,0.7204884667571235,0.4545454545454545,0.3887814313346228,0.4545454545454545,0.4545454545454545,0.4545454545454545,0.4977247381189901
5,biMaxInfgain,minmax,gaussian_noise,RandomUnderSampler,random_forest,first,0.35,0.2,42,2026-02-20 16:22:13,20260220-161321,log/pimaindians_diabetes/5/biMaxInfgain/minmax__gaussian_noise__RandomUnderSampler/random_forest,1771575212296_720c096117715757337231156,0.4415584415584415,0.6356209150326797,0.5614814814814814,0.4092774308652989,0.711272387742976,0.4415584415584415,0.3680294727573943,0.4415584415584415,0.4415584415584415,0.4415584415584415,0.4840568905924942
5,biMaxInfgain,minmax,gaussian_noise,RandomUnderSampler,random_forest,first,0.5,0.1,42,2026-02-20 16:22:13,20260220-161321,log/pimaindians_diabetes/5/biMaxInfgain/minmax__gaussian_noise__RandomUnderSampler/random_forest,1771575212296_720c096117715757330253771,0.7792207792207793,0.765389876880985,0.7874074074074073,0.7692578882425525,0.8007355161937925,0.7792207792207793,0.7835795440237534,0.7792207792207793,0.7792207792207793,0.7792207792207793,0.779967206576476
5,biMaxInfgain,minmax,gaussian_noise,RandomUnderSampler,random_forest,first,0.5,0.2,42,2026-02-20 16:22:14,20260220-161321,log/pimaindians_diabetes/5/biMaxInfgain/minmax__gaussian_noise__RandomUnderSampler/random_forest,1771575212296_720c096117715757344242862,0.6948051948051948,0.6910548523206751,0.7096296296296296,0.6865445411632238,0.7341837908926516,0.6948051948051948,0.7017441438644506,0.6948051948051948,0.6948051948051948,0.6948051948051948,0.6996522079605245
5,biMaxInfgain,minmax,gaussian_noise,RandomUnderSampler,random_forest,last,0.35,0.1,42,2026-02-20 16:22:15,20260220-161321,log/pimaindians_diabetes/5/biMaxInfgain/gaussian_noise__RandomUnderSampler__minmax/random_forest,1771575212296_720c096117715757351898092,0.4675324675324675,0.6515151515151516,0.5814814814814814,0.4435043187026264,0.7284533648170012,0.4675324675324675,0.4089638547597298,0.4675324675324675,0.4675324675324675,0.4675324675324675,0.5110282128137038
5,biMaxInfgain,minmax,gaussian_noise,RandomUnderSampler,random_forest,last,0.35,0.2,42,2026-02-20 16:22:16,20260220-161321,log/pimaindians_diabetes/5/biMaxInfgain/gaussian_noise__RandomUnderSampler__minmax/random_forest,1771575212296_720c096117715757366174361,0.487012987012987,0.6310344827586207,0.587962962962963,0.4731280585509506,0.7000447828034034,0.487012987012987,0.4475797901808035,0.487012987012987,0.487012987012987,0.487012987012987,0.5248155949674566
5,biMaxInfgain,minmax,gaussian_noise,RandomUnderSampler,random_forest,last,0.5,0.1,42,2026-02-20 16:22:15,20260220-161321,log/pimaindians_diabetes/5/biMaxInfgain/gaussian_noise__RandomUnderSampler__minmax/random_forest,1771575212296_720c096117715757359148111,0.6623376623376623,0.6567567567567567,0.6718518518518519,0.6524305555555556,0.6995436995436995,0.6623376623376623,0.6699585137085138,0.6623376623376623,0.6623376623376623,0.6623376623376623,0.6661086561399059
5,biMaxInfgain,minmax,gaussian_noise,RandomUnderSampler,random_forest,last,0.5,0.2,42,2026-02-20 16:22:17,20260220-161321,log/pimaindians_diabetes/5/biMaxInfgain/gaussian_noise__RandomUnderSampler__minmax/random_forest,1771575212296_720c096117715757373199082,0.564935064935065,0.5857780065191285,0.5925925925925926,0.5618125451225209,0.6337167721624747,0.564935064935065,0.572861461382292,0.564935064935065,0.564935064935065,0.564935064935065,0.5773838640771674
5,biMaxInfgain,minmax,gaussian_noise,SMOTE,random_forest,first,0.35,0.1,42,2026-02-20 16:22:18,20260220-161321,log/pimaindians_diabetes/5/biMaxInfgain/minmax__gaussian_noise__SMOTE/random_forest,1771575212296_720c096117715757383864990,0.4675324675324675,0.6985294117647058,0.59,0.4367528991971454,0.7885790679908327,0.4675324675324675,0.3974234507686783,0.4675324675324675,0.4675324675324675,0.4675324675324675,0.5198502874834143
5,biMaxInfgain,minmax,gaussian_noise,SMOTE,random_forest,first,0.35,0.2,42,2026-02-20 16:22:20,20260220-161321,log/pimaindians_diabetes/5/biMaxInfgain/minmax__gaussian_noise__SMOTE/random_forest,1771575212296_720c096117715757403626553,0.577922077922078,0.6787135973182483,0.6579629629629631,0.5757575757575757,0.746896095733305,0.577922077922078,0.5667060212514757,0.577922077922078,0.577922077922078,0.577922077922078,0.6108956363216405
5,biMaxInfgain,minmax,gaussian_noise,SMOTE,random_forest,first,0.5,0.1,42,2026-02-20 16:22:19,20260220-161321,log/pimaindians_diabetes/5/biMaxInfgain/minmax__gaussian_noise__SMOTE/random_forest,1771575212296_720c096117715757394278139,0.7012987012987013,0.673469387755102,0.6762962962962963,0.6747474747474747,0.7039491121123773,0.7012987012987013,0.702505575232848,0.7012987012987013,0.7012987012987013,0.7012987012987013,0.6924789176329063
5,biMaxInfgain,minmax,gaussian_noise,SMOTE,random_forest,first,0.5,0.2,42,2026-02-20 16:22:21,20260220-161321,log/pimaindians_diabetes/5/biMaxInfgain/minmax__gaussian_noise__SMOTE/random_forest,1771575212296_720c096117715757413210202,0.5909090909090909,0.534862385321101,0.5316666666666666,0.5311004784688995,0.5751459549624687,0.5909090909090909,0.5811222270552413,0.5909090909090909,0.5909090909090909,0.5909090909090909,0.567364542887281
5,biMaxInfgain,minmax,gaussian_noise,SMOTE,random_forest,last,0.35,0.1,42,2026-02-20 16:22:22,20260220-161321,log/pimaindians_diabetes/5/biMaxInfgain/gaussian_noise__SMOTE__minmax/random_forest,1771575212296_720c096117715757423847529,0.4285714285714285,0.6901408450704225,0.56,0.3826530612244897,0.7826961770623743,0.4285714285714285,0.3323615160349853,0.4285714285714285,0.4285714285714285,0.4285714285714285,0.4819644602307722
5,biMaxInfgain,minmax,gaussian_noise,SMOTE,random_forest,last,0.35,0.2,42,2026-02-20 16:22:24,20260220-161321,log/pimaindians_diabetes/5/biMaxInfgain/gaussian_noise__SMOTE__minmax/random_forest,1771575212296_720c096117715757443756677,0.4415584415584415,0.6152985074626866,0.5572222222222222,0.4129432624113475,0.6854041480907153,0.4415584415584415,0.3742286082711614,0.4415584415584415,0.4415584415584415,0.4415584415584415,0.4804916450033152
5,biMaxInfgain,minmax,gaussian_noise,SMOTE,random_forest,last,0.5,0.1,42,2026-02-20 16:22:23,20260220-161321,log/pimaindians_diabetes/5/biMaxInfgain/gaussian_noise__SMOTE__minmax/random_forest,1771575212296_720c096117715757434129448,0.5194805194805194,0.5333333333333333,0.5362962962962963,0.5142369991474851,0.5788497217068646,0.5194805194805194,0.529312120104959,0.5194805194805194,0.5194805194805194,0.5194805194805194,0.5291725108137237
5,biMaxInfgain,minmax,gaussian_noise,SMOTE,random_forest,last,0.5,0.2,42,2026-02-20 16:22:25,20260220-161321,log/pimaindians_diabetes/5/biMaxInfgain/gaussian_noise__SMOTE__minmax/random_forest,1771575212296_720c096117715757453542269,0.5909090909090909,0.5797556422874597,0.587037037037037,0.5758688524590163,0.6225105286703793,0.5909090909090909,0.599725782414307,0.5909090909090909,0.5909090909090909,0.5909090909090909,0.5916331523941223
5,biMaxInfgain,minmax,gaussian_noise,TomekLinks,random_forest,first,0.35,0.1,42,2026-02-20 16:22:26,20260220-161321,log/pimaindians_diabetes/5/biMaxInfgain/minmax__gaussian_noise__TomekLinks/random_forest,1771575212296_720c096117715757462722254,0.5714285714285714,0.6755952380952381,0.652962962962963,0.5688104530799254,0.7440476190476191,0.5714285714285714,0.5587743327434486,0.5714285714285714,0.5714285714285714,0.5714285714285714,0.6049697284555166
5,biMaxInfgain,minmax,gaussian_noise,TomekLinks,random_forest,first,0.35,0.2,42,2026-02-20 16:22:27,20260220-161321,log/pimaindians_diabetes/5/biMaxInfgain/minmax__gaussian_noise__TomekLinks/random_forest,1771575212296_720c096117715757479966611,0.6233766233766234,0.6293918918918919,0.6418518518518519,0.6169154228855721,0.6755089505089504,0.6233766233766234,0.6317761840149898,0.6233766233766234,0.6233766233766234,0.6233766233766234,0.631329659811003
5,biMaxInfgain,minmax,gaussian_noise,TomekLinks,random_forest,first,0.5,0.1,42,2026-02-20 16:22:27,20260220-161321,log/pimaindians_diabetes/5/biMaxInfgain/minmax__gaussian_noise__TomekLinks/random_forest,1771575212296_720c096117715757471411584,0.7662337662337663,0.7459742351046699,0.7262962962962962,0.7334615384615384,0.7610055001359349,0.7662337662337663,0.7613786213786214,0.7662337662337663,0.7662337662337663,0.7662337662337663,0.7540471336232204
5,biMaxInfgain,minmax,gaussian_noise,TomekLinks,random_forest,first,0.5,0.2,42,2026-02-20 16:22:28,20260220-161321,log/pimaindians_diabetes/5/biMaxInfgain/minmax__gaussian_noise__TomekLinks/random_forest,1771575212296_720c096117715757488279714,0.6558441558441559,0.6151322330483198,0.6072222222222222,0.60960443870474,0.6463447071917942,0.6558441558441559,0.6497370233917801,0.6558441558441559,0.6558441558441559,0.6558441558441559,0.6381087978983739
5,biMaxInfgain,minmax,gaussian_noise,TomekLinks,random_forest,last,0.35,0.1,42,2026-02-20 16:22:29,20260220-161321,log/pimaindians_diabetes/5/biMaxInfgain/gaussian_noise__TomekLinks__minmax/random_forest,1771575212296_720c096117715757497316134,0.4545454545454545,0.608974358974359,0.562962962962963,0.4330294530154277,0.6759906759906761,0.4545454545454545,0.4000382506693867,0.4545454545454545,0.4545454545454545,0.4545454545454545,0.4915711371637037
5,biMaxInfgain,minmax,gaussian_noise,TomekLinks,random_forest,last,0.35,0.2,42,2026-02-20 16:22:31,20260220-161321,log/pimaindians_diabetes/5/biMaxInfgain/gaussian_noise__TomekLinks__minmax/random_forest,1771575212296_720c096117715757514323063,0.564935064935065,0.5857780065191285,0.5925925925925926,0.5618125451225209,0.6337167721624747,0.564935064935065,0.572861461382292,0.564935064935065,0.564935064935065,0.564935064935065,0.5773838640771674
5,biMaxInfgain,minmax,gaussian_noise,TomekLinks,random_forest,last,0.5,0.1,42,2026-02-20 16:22:30,20260220-161321,log/pimaindians_diabetes/5/biMaxInfgain/gaussian_noise__TomekLinks__minmax/random_forest,1771575212296_720c096117715757506097338,0.6493506493506493,0.6008771929824561,0.5851851851851851,0.5865977331477431,0.6310093415356572,0.6493506493506493,0.6347083022366379,0.6493506493506493,0.6493506493506493,0.6493506493506493,0.6246433370182466
5,biMaxInfgain,minmax,gaussian_noise,TomekLinks,random_forest,last,0.5,0.2,42,2026-02-20 16:22:32,20260220-161321,log/pimaindians_diabetes/5/biMaxInfgain/gaussian_noise__TomekLinks__minmax/random_forest,1771575212296_720c096117715757522590814,0.5909090909090909,0.5082644628099173,0.5061111111111112,0.4953970978311749,0.5514650638617581,0.5909090909090909,0.5609724960637739,0.5909090909090909,0.5909090909090909,0.5909090909090909,0.5514031392261572
5,biMaxInfgain,minmax,gaussian_noise,noImbl,random_forest,first,0.35,0.1,42,2026-02-20 16:22:33,20260220-161321,log/pimaindians_diabetes/5/biMaxInfgain/minmax__gaussian_noise__noImbl/random_forest,1771575212296_720c096117715757531701238,0.5974025974025974,0.6707692307692308,0.6644444444444444,0.5971308016877637,0.7332667332667332,0.5974025974025974,0.5940051509671762,0.5974025974025974,0.5974025974025974,0.5974025974025974,0.6244794727073205
5,biMaxInfgain,minmax,gaussian_noise,noImbl,random_forest,first,0.35,0.2,42,2026-02-20 16:22:34,20260220-161321,log/pimaindians_diabetes/5/biMaxInfgain/minmax__gaussian_noise__noImbl/random_forest,1771575212296_720c096117715757548501738,0.6558441558441559,0.6520675105485232,0.6668518518518518,0.6465289506734226,0.6954989314482986,0.6558441558441559,0.6636689281875718,0.6558441558441559,0.6558441558441559,0.6558441558441559,0.6603091735516788
5,biMaxInfgain,minmax,gaussian_noise,noImbl,random_forest,first,0.5,0.1,42,2026-02-20 16:22:34,20260220-161321,log/pimaindians_diabetes/5/biMaxInfgain/minmax__gaussian_noise__noImbl/random_forest,1771575212296_720c096117715757540324631,0.7532467532467533,0.729559748427673,0.7162962962962962,0.7214924804873406,0.7483459936290124,0.7532467532467533,0.7495827986975903,0.7532467532467533,0.7532467532467533,0.7532467532467532,0.7413801970117389
5,biMaxInfgain,minmax,gaussian_noise,noImbl,random_forest,first,0.5,0.2,42,2026-02-20 16:22:35,20260220-161321,log/pimaindians_diabetes/5/biMaxInfgain/minmax__gaussian_noise__noImbl/random_forest,1771575212296_720c096117715757556658344,0.6233766233766234,0.5809615384615384,0.5779629629629629,0.5789969834087481,0.6170929070929071,0.6233766233766234,0.6198262521791933,0.6233766233766234,0.6233766233766234,0.6233766233766234,0.6067758755405813
5,biMaxInfgain,minmax,gaussian_noise,noImbl,random_forest,last,0.35,0.1,42,2026-02-20 16:22:36,20260220-161321,log/pimaindians_diabetes/5/biMaxInfgain/gaussian_noise__noImbl__minmax/random_forest,1771575212296_720c096117715757565682467,0.5324675324675324,0.6355263157894736,0.6144444444444445,0.5285714285714286,0.6995898838004101,0.5324675324675324,0.5157699443413728,0.5324675324675324,0.5324675324675324,0.5324675324675324,0.5645942833273658
5,biMaxInfgain,minmax,gaussian_noise,noImbl,random_forest,last,0.35,0.2,42,2026-02-20 16:22:38,20260220-161321,log/pimaindians_diabetes/5/biMaxInfgain/gaussian_noise__noImbl__minmax/random_forest,1771575212296_720c096117715757582438275,0.4675324675324675,0.5046695402298851,0.5048148148148148,0.4671729957805907,0.5496249440214958,0.4675324675324675,0.4713069209271741,0.4675324675324675,0.4675324675324675,0.4675324675324675,0.4836959044257712
5,biMaxInfgain,minmax,gaussian_noise,noImbl,random_forest,last,0.5,0.1,42,2026-02-20 16:22:37,20260220-161321,log/pimaindians_diabetes/5/biMaxInfgain/gaussian_noise__noImbl__minmax/random_forest,1771575212296_720c096117715757574316279,0.5974025974025974,0.5333333333333333,0.5281481481481481,0.5253529528733346,0.5731601731601731,0.5974025974025974,0.5805910136791027,0.5974025974025974,0.5974025974025974,0.5974025974025974,0.5683167994080699
5,biMaxInfgain,minmax,gaussian_noise,noImbl,random_forest,last,0.5,0.2,42,2026-02-20 16:22:39,20260220-161321,log/pimaindians_diabetes/5/biMaxInfgain/gaussian_noise__noImbl__minmax/random_forest,1771575212296_720c096117715757590737950,0.6363636363636364,0.579331450094162,0.5624074074074075,0.5604485219164118,0.6113251155624037,0.6363636363636364,0.6150125104253543,0.6363636363636364,0.6363636363636364,0.6363636363636364,0.6061710067031166
5,biMaxInfgain,minmax,mixup,ADASYN,random_forest,first,0.35,0.1,42,2026-02-20 16:22:39,20260220-161321,log/pimaindians_diabetes/5/biMaxInfgain/minmax__mixup__ADASYN/random_forest,1771575212296_720c096117715757599679798,0.7012987012987013,0.7394810659186536,0.7529629629629631,0.7004904447826822,0.7980273583359138,0.7012987012987013,0.7051379197497919,0.7012987012987013,0.7012987012987013,0.7012987012987013,0.7204108739211045
5,biMaxInfgain,minmax,mixup,ADASYN,random_forest,first,0.35,0.2,42,2026-02-20 16:22:41,20260220-161321,log/pimaindians_diabetes/5/biMaxInfgain/minmax__mixup__ADASYN/random_forest,1771575212296_720c096117715757613380519,0.7142857142857143,0.740530303030303,0.7587037037037037,0.7125403020532836,0.795405352223534,0.7142857142857143,0.719231048944268,0.7142857142857143,0.7142857142857143,0.7142857142857143,0.7299439242596724
5,biMaxInfgain,minmax,mixup,ADASYN,random_forest,first,0.5,0.1,42,2026-02-20 16:22:40,20260220-161321,log/pimaindians_diabetes/5/biMaxInfgain/minmax__mixup__ADASYN/random_forest,1771575212296_720c096117715757606730114,0.7532467532467533,0.7513495276653172,0.7759259259259259,0.747104580812446,0.7949857160383476,0.7532467532467533,0.7588770779782017,0.7532467532467533,0.7532467532467533,0.7532467532467532,0.7594220670802572
5,biMaxInfgain,minmax,mixup,ADASYN,random_forest,first,0.5,0.2,42,2026-02-20 16:22:41,20260220-161321,log/pimaindians_diabetes/5/biMaxInfgain/minmax__mixup__ADASYN/random_forest,1771575212296_720c096117715757619964717,0.7207792207792207,0.7048378795676788,0.721111111111111,0.7073407875546913,0.7415029643542252,0.7207792207792207,0.726073149019187,0.7207792207792207,0.7207792207792207,0.7207792207792207,0.7200689743010713
5,biMaxInfgain,minmax,mixup,ADASYN,random_forest,last,0.35,0.1,42,2026-02-20 16:22:42,20260220-161321,log/pimaindians_diabetes/5/biMaxInfgain/mixup__ADASYN__minmax/random_forest,1771575212296_720c096117715757627184744,0.7402597402597403,0.7612859097127223,0.7829629629629631,0.7380952380952381,0.815019453870343,0.7402597402597403,0.7452071737786023,0.7402597402597403,0.7402597402597403,0.7402597402597403,0.754526090539575
5,biMaxInfgain,minmax,mixup,ADASYN,random_forest,last,0.35,0.2,42,2026-02-20 16:22:44,20260220-161321,log/pimaindians_diabetes/5/biMaxInfgain/mixup__ADASYN__minmax/random_forest,1771575212296_720c096117715757641011907,0.7142857142857143,0.7465277777777778,0.7629629629629631,0.7130758807588076,0.8035714285714286,0.7142857142857143,0.7186411149825784,0.7142857142857143,0.7142857142857143,0.7142857142857143,0.7317780520067104
5,biMaxInfgain,minmax,mixup,ADASYN,random_forest,last,0.5,0.1,42,2026-02-20 16:22:43,20260220-161321,log/pimaindians_diabetes/5/biMaxInfgain/mixup__ADASYN__minmax/random_forest,1771575212296_720c096117715757634091131,0.7662337662337663,0.7682186234817814,0.7944444444444444,0.7613636363636364,0.8138703401861297,0.7662337662337663,0.7715466351829988,0.7662337662337663,0.7662337662337663,0.7662337662337663,0.7740833880367372
5,biMaxInfgain,minmax,mixup,ADASYN,random_forest,last,0.5,0.2,42,2026-02-20 16:22:44,20260220-161321,log/pimaindians_diabetes/5/biMaxInfgain/mixup__ADASYN__minmax/random_forest,1771575212296_720c096117715757647624449,0.7272727272727273,0.7217905405405405,0.7431481481481481,0.7192708333333333,0.7638206388206388,0.7272727272727273,0.7334280303030304,0.7272727272727273,0.7272727272727273,0.7272727272727273,0.7316898532054781
5,biMaxInfgain,minmax,mixup,RandomUnderSampler,random_forest,first,0.35,0.1,42,2026-02-20 16:22:45,20260220-161321,log/pimaindians_diabetes/5/biMaxInfgain/minmax__mixup__RandomUnderSampler/random_forest,1771575212296_720c096117715757653642420,0.7272727272727273,0.7537878787878789,0.7729629629629631,0.7256066519599524,0.809228650137741,0.7272727272727273,0.7319932739922557,0.7272727272727273,0.7272727272727273,0.7272727272727273,0.7431470289907803
5,biMaxInfgain,minmax,mixup,RandomUnderSampler,random_forest,first,0.35,0.2,42,2026-02-20 16:22:46,20260220-161321,log/pimaindians_diabetes/5/biMaxInfgain/minmax__mixup__RandomUnderSampler/random_forest,1771575212296_720c096117715757665004680,0.7272727272727273,0.7598958333333333,0.7772222222222223,0.7261178861788617,0.8176136363636364,0.7272727272727273,0.731430155210643,0.7272727272727273,0.7272727272727273,0.7272727272727273,0.7450144663094357
5,biMaxInfgain,minmax,mixup,RandomUnderSampler,random_forest,first,0.5,0.1,42,2026-02-20 16:22:45,20260220-161321,log/pimaindians_diabetes/5/biMaxInfgain/minmax__mixup__RandomUnderSampler/random_forest,1771575212296_720c096117715757659325592,0.7142857142857143,0.7249322493224932,0.7459259259259259,0.710328317373461,0.7739063104916764,0.7142857142857143,0.7204416650381084,0.7142857142857143,0.7142857142857143,0.7142857142857143,0.7248062316500304
5,biMaxInfgain,minmax,mixup,RandomUnderSampler,random_forest,first,0.5,0.2,42,2026-02-20 16:22:47,20260220-161321,log/pimaindians_diabetes/5/biMaxInfgain/minmax__mixup__RandomUnderSampler/random_forest,1771575212296_720c096117715757670603560,0.7207792207792207,0.7170464135021097,0.7381481481481482,0.7132216014897579,0.7599736971888872,0.7207792207792207,0.7271276209823695,0.7207792207792207,0.7207792207792207,0.7207792207792207,0.7258808975664217
5,biMaxInfgain,minmax,mixup,RandomUnderSampler,random_forest,last,0.35,0.1,42,2026-02-20 16:22:47,20260220-161321,log/pimaindians_diabetes/5/biMaxInfgain/mixup__RandomUnderSampler__minmax/random_forest,1771575212296_720c096117715757676682723,0.7272727272727273,0.7537878787878789,0.7729629629629631,0.7256066519599524,0.809228650137741,0.7272727272727273,0.7319932739922557,0.7272727272727273,0.7272727272727273,0.7272727272727273,0.7431470289907803
5,biMaxInfgain,minmax,mixup,RandomUnderSampler,random_forest,last,0.35,0.2,42,2026-02-20 16:22:48,20260220-161321,log/pimaindians_diabetes/5/biMaxInfgain/mixup__RandomUnderSampler__minmax/random_forest,1771575212296_720c096117715757687899267,0.6753246753246753,0.6858062330623307,0.7031481481481481,0.6708276333789329,0.734021398655545,0.6753246753246753,0.6823200739069412,0.6753246753246753,0.6753246753246753,0.6753246753246753,0.6853996042093535
5,biMaxInfgain,minmax,mixup,RandomUnderSampler,random_forest,last,0.5,0.1,42,2026-02-20 16:22:48,20260220-161321,log/pimaindians_diabetes/5/biMaxInfgain/mixup__RandomUnderSampler__minmax/random_forest,1771575212296_720c096117715757682334113,0.7272727272727273,0.7334459459459459,0.7559259259259259,0.7225939269171384,0.7807739557739558,0.7272727272727273,0.7333551677349927,0.7272727272727273,0.7272727272727273,0.7272727272727273,0.7363160378714932
5,biMaxInfgain,minmax,mixup,RandomUnderSampler,random_forest,last,0.5,0.2,42,2026-02-20 16:22:49,20260220-161321,log/pimaindians_diabetes/5/biMaxInfgain/mixup__RandomUnderSampler__minmax/random_forest,1771575212296_720c096117715757693359042,0.7272727272727273,0.7253711201079622,0.7474074074074074,0.7204840103716508,0.7691080848975587,0.7272727272727273,0.7334957177653806,0.7272727272727273,0.7272727272727273,0.7272727272727273,0.7331947113709383
5,biMaxInfgain,minmax,mixup,SMOTE,random_forest,first,0.35,0.1,42,2026-02-20 16:22:50,20260220-161321,log/pimaindians_diabetes/5/biMaxInfgain/minmax__mixup__SMOTE/random_forest,1771575212296_720c096117715757700592175,0.7272727272727273,0.7664796633941093,0.7814814814814814,0.7265347539320142,0.8265969654468953,0.7272727272727273,0.7307781006411144,0.7272727272727273,0.7272727272727273,0.7272727272727273,0.7469618301273088
5,biMaxInfgain,minmax,mixup,SMOTE,random_forest,first,0.35,0.2,42,2026-02-20 16:22:51,20260220-161321,log/pimaindians_diabetes/5/biMaxInfgain/minmax__mixup__SMOTE/random_forest,1771575212296_720c096117715757713913244,0.6883116883116883,0.7259817671809257,0.7387037037037036,0.6874682902080163,0.783742554780423,0.6883116883116883,0.6923178293041307,0.6883116883116883,0.6883116883116883,0.6883116883116883,0.7071353958180024
5,biMaxInfgain,minmax,mixup,SMOTE,random_forest,first,0.5,0.1,42,2026-02-20 16:22:50,20260220-161321,log/pimaindians_diabetes/5/biMaxInfgain/minmax__mixup__SMOTE/random_forest,1771575212296_720c096117715757707402994,0.7142857142857143,0.7087837837837838,0.7288888888888889,0.7059027777777778,0.7509652509652509,0.7142857142857143,0.720734126984127,0.7142857142857143,0.7142857142857143,0.7142857142857143,0.7185736137923636
5,biMaxInfgain,minmax,mixup,SMOTE,random_forest,first,0.5,0.2,42,2026-02-20 16:22:52,20260220-161321,log/pimaindians_diabetes/5/biMaxInfgain/minmax__mixup__SMOTE/random_forest,1771575212296_720c096117715757720418426,0.7077922077922078,0.6868131868131868,0.6983333333333333,0.6898912605718889,0.7212787212787212,0.7077922077922078,0.7121464922512044,0.7077922077922078,0.7077922077922078,0.7077922077922078,0.7040650701828711
5,biMaxInfgain,minmax,mixup,SMOTE,random_forest,last,0.35,0.1,42,2026-02-20 16:22:52,20260220-161321,log/pimaindians_diabetes/5/biMaxInfgain/mixup__SMOTE__minmax/random_forest,1771575212296_720c096117715757727879718,0.7012987012987013,0.7166666666666667,0.7359259259259259,0.6980392156862745,0.7671614100185529,0.7012987012987013,0.7074102368220015,0.7012987012987013,0.7012987012987013,0.7012987012987013,0.7133122986568362
5,biMaxInfgain,minmax,mixup,SMOTE,random_forest,last,0.35,0.2,42,2026-02-20 16:22:54,20260220-161321,log/pimaindians_diabetes/5/biMaxInfgain/mixup__SMOTE__minmax/random_forest,1771575212296_720c096117715757741299284,0.6948051948051948,0.7178761365585864,0.7351851851851852,0.6926147704590818,0.770939302591387,0.6948051948051948,0.7003655027607123,0.6948051948051948,0.6948051948051948,0.6948051948051948,0.7092691813385628
5,biMaxInfgain,minmax,mixup,SMOTE,random_forest,last,0.5,0.1,42,2026-02-20 16:22:53,20260220-161321,log/pimaindians_diabetes/5/biMaxInfgain/mixup__SMOTE__minmax/random_forest,1771575212296_720c096117715757734714056,0.7662337662337663,0.75,0.768888888888889,0.7542553191489361,0.7839433293978748,0.7662337662337663,0.7704614534401768,0.7662337662337663,0.7662337662337663,0.7662337662337663,0.7654842442105496
5,biMaxInfgain,minmax,mixup,SMOTE,random_forest,last,0.5,0.2,42,2026-02-20 16:22:54,20260220-161321,log/pimaindians_diabetes/5/biMaxInfgain/mixup__SMOTE__minmax/random_forest,1771575212296_720c096117715757747787844,0.7077922077922078,0.6868131868131868,0.6983333333333333,0.6898912605718889,0.7212787212787212,0.7077922077922078,0.7121464922512044,0.7077922077922078,0.7077922077922078,0.7077922077922078,0.7040650701828711
5,biMaxInfgain,minmax,mixup,TomekLinks,random_forest,first,0.35,0.1,42,2026-02-20 16:22:55,20260220-161321,log/pimaindians_diabetes/5/biMaxInfgain/minmax__mixup__TomekLinks/random_forest,1771575212296_720c096117715757754396977,0.7272727272727273,0.7537878787878789,0.7729629629629631,0.7256066519599524,0.809228650137741,0.7272727272727273,0.7319932739922557,0.7272727272727273,0.7272727272727273,0.7272727272727273,0.7431470289907803
5,biMaxInfgain,minmax,mixup,TomekLinks,random_forest,first,0.35,0.2,42,2026-02-20 16:22:56,20260220-161321,log/pimaindians_diabetes/5/biMaxInfgain/minmax__mixup__TomekLinks/random_forest,1771575212296_720c096117715757766655299,0.7077922077922078,0.7161339421613394,0.7366666666666667,0.7032755298651252,0.7640989147838463,0.7077922077922078,0.7142106448464829,0.7077922077922078,0.7077922077922078,0.7077922077922078,0.7174297616848094
5,biMaxInfgain,minmax,mixup,TomekLinks,random_forest,first,0.5,0.1,42,2026-02-20 16:22:56,20260220-161321,log/pimaindians_diabetes/5/biMaxInfgain/minmax__mixup__TomekLinks/random_forest,1771575212296_720c096117715757760613622,0.7662337662337663,0.7682186234817814,0.7944444444444444,0.7613636363636364,0.8138703401861297,0.7662337662337663,0.7715466351829988,0.7662337662337663,0.7662337662337663,0.7662337662337663,0.7740833880367372
5,biMaxInfgain,minmax,mixup,TomekLinks,random_forest,first,0.5,0.2,42,2026-02-20 16:22:57,20260220-161321,log/pimaindians_diabetes/5/biMaxInfgain/minmax__mixup__TomekLinks/random_forest,1771575212296_720c096117715757772634859,0.7207792207792207,0.6983077736647276,0.7083333333333333,0.7016445145302996,0.7306104788918115,0.7207792207792207,0.7242136552341554,0.7207792207792207,0.7207792207792207,0.7207792207792207,0.7159155723653435
5,biMaxInfgain,minmax,mixup,TomekLinks,random_forest,last,0.35,0.1,42,2026-02-20 16:22:57,20260220-161321,log/pimaindians_diabetes/5/biMaxInfgain/mixup__TomekLinks__minmax/random_forest,1771575212296_720c096117715757779160984,0.7012987012987013,0.7272727272727273,0.7444444444444445,0.6994739521466147,0.7815820543093271,0.7012987012987013,0.7064688238962803,0.7012987012987013,0.7012987012987013,0.7012987012987013,0.7167408195285644
5,biMaxInfgain,minmax,mixup,TomekLinks,random_forest,last,0.35,0.2,42,2026-02-20 16:22:59,20260220-161321,log/pimaindians_diabetes/5/biMaxInfgain/mixup__TomekLinks__minmax/random_forest,1771575212296_720c096117715757791304297,0.6883116883116883,0.6864035087719298,0.7046296296296297,0.6805531547104581,0.7302916381863751,0.6883116883116883,0.6954236774461493,0.6883116883116883,0.6883116883116883,0.6883116883116883,0.6938536778069598
5,biMaxInfgain,minmax,mixup,TomekLinks,random_forest,last,0.5,0.1,42,2026-02-20 16:22:58,20260220-161321,log/pimaindians_diabetes/5/biMaxInfgain/mixup__TomekLinks__minmax/random_forest,1771575212296_720c096117715757785278191,0.7792207792207793,0.7706639566395664,0.7959259259259259,0.7716727716727716,0.8100253405131456,0.7792207792207793,0.7840730697873554,0.7792207792207793,0.7792207792207793,0.7792207792207793,0.7827117102151944
5,biMaxInfgain,minmax,mixup,TomekLinks,random_forest,last,0.5,0.2,42,2026-02-20 16:22:59,20260220-161321,log/pimaindians_diabetes/5/biMaxInfgain/mixup__TomekLinks__minmax/random_forest,1771575212296_720c096117715757797261184,0.7207792207792207,0.7075021312872976,0.7253703703703703,0.7089870358163042,0.7456737635765769,0.7207792207792207,0.7264851167290192,0.7207792207792207,0.7207792207792207,0.7207792207792207,0.721487137716911
5,biMaxInfgain,minmax,mixup,noImbl,random_forest,first,0.35,0.1,42,2026-02-20 16:23:00,20260220-161321,log/pimaindians_diabetes/5/biMaxInfgain/minmax__mixup__noImbl/random_forest,1771575212296_720c096117715757803878442,0.6883116883116883,0.7086183310533516,0.7259259259259259,0.6857142857142857,0.760513084726491,0.6883116883116883,0.6942486085343228,0.6883116883116883,0.6883116883116883,0.6883116883116883,0.7018248436325434
5,biMaxInfgain,minmax,mixup,noImbl,random_forest,first,0.35,0.2,42,2026-02-20 16:23:01,20260220-161321,log/pimaindians_diabetes/5/biMaxInfgain/minmax__mixup__noImbl/random_forest,1771575212296_720c096117715757816119264,0.7207792207792207,0.7388746803069054,0.7594444444444444,0.7181048060959516,0.7908991264489986,0.7207792207792207,0.7263063444579771,0.7207792207792207,0.7207792207792207,0.7207792207792207,0.7338951860148123
5,biMaxInfgain,minmax,mixup,noImbl,random_forest,first,0.5,0.1,42,2026-02-20 16:23:01,20260220-161321,log/pimaindians_diabetes/5/biMaxInfgain/minmax__mixup__noImbl/random_forest,1771575212296_720c096117715757810105360,0.7532467532467533,0.7513495276653172,0.7759259259259259,0.747104580812446,0.7949857160383476,0.7532467532467533,0.7588770779782017,0.7532467532467533,0.7532467532467533,0.7532467532467532,0.7594220670802572
5,biMaxInfgain,minmax,mixup,noImbl,random_forest,first,0.5,0.2,42,2026-02-20 16:23:02,20260220-161321,log/pimaindians_diabetes/5/biMaxInfgain/minmax__mixup__noImbl/random_forest,1771575212296_720c096117715757822062869,0.7402597402597403,0.7213541666666667,0.7361111111111112,0.7252453166815344,0.7548024891774893,0.7402597402597403,0.7444304134759085,0.7402597402597403,0.7402597402597403,0.7402597402597403,0.7377820323230392
5,biMaxInfgain,minmax,mixup,noImbl,random_forest,last,0.35,0.1,42,2026-02-20 16:23:02,20260220-161321,log/pimaindians_diabetes/5/biMaxInfgain/mixup__noImbl__minmax/random_forest,1771575212296_720c096117715757828636614,0.7532467532467533,0.769047619047619,0.7929629629629631,0.7505541346973572,0.820964749536178,0.7532467532467533,0.7582954130268709,0.7532467532467533,0.7532467532467533,0.7532467532467532,0.7659236666120113
5,biMaxInfgain,minmax,mixup,noImbl,random_forest,last,0.35,0.2,42,2026-02-20 16:23:04,20260220-161321,log/pimaindians_diabetes/5/biMaxInfgain/mixup__noImbl__minmax/random_forest,1771575212296_720c096117715757842699137,0.6753246753246753,0.6734143049932524,0.6903703703703703,0.6672428694900605,0.7173528226159804,0.6753246753246753,0.6827329973397389,0.6753246753246753,0.6753246753246753,0.6753246753246753,0.6807399999523003
5,biMaxInfgain,minmax,mixup,noImbl,random_forest,last,0.5,0.1,42,2026-02-20 16:23:03,20260220-161321,log/pimaindians_diabetes/5/biMaxInfgain/mixup__noImbl__minmax/random_forest,1771575212296_720c096117715757834831207,0.7922077922077922,0.7765151515151515,0.7974074074074073,0.7815602836879432,0.8093270365997639,0.7922077922077922,0.7959657363912682,0.7922077922077922,0.7922077922077922,0.7922077922077922,0.7918369794472307
5,biMaxInfgain,minmax,mixup,noImbl,random_forest,last,0.5,0.2,42,2026-02-20 16:23:04,20260220-161321,log/pimaindians_diabetes/5/biMaxInfgain/mixup__noImbl__minmax/random_forest,1771575212296_720c096117715757848627386,0.6948051948051948,0.6656565656565656,0.6670370370370371,0.6663132174634641,0.6961301324937689,0.6948051948051948,0.6954383498572333,0.6948051948051948,0.6948051948051948,0.6948051948051948,0.6850671865389195
5,biMaxInfgain,minmax,noAug,ADASYN,random_forest,first,0.35,0.1,42,2026-02-20 16:23:05,20260220-161321,log/pimaindians_diabetes/5/biMaxInfgain/minmax__noAug__ADASYN/random_forest,1771575212296_720c096117715757854397714,0.6493506493506493,0.712962962962963,0.712962962962963,0.6493506493506493,0.7765752765752767,0.6493506493506493,0.6493506493506493,0.6493506493506493,0.6493506493506493,0.6493506493506493,0.6747955747955746
5,biMaxInfgain,minmax,noAug,ADASYN,random_forest,first,0.35,0.2,42,2026-02-20 16:23:06,20260220-161321,log/pimaindians_diabetes/5/biMaxInfgain/minmax__noAug__ADASYN/random_forest,1771575212296_720c096117715757865261508,0.6753246753246753,0.7189716312056738,0.7287037037037037,0.6748310810810811,0.7780233950446716,0.6753246753246753,0.6786153036153036,0.6753246753246753,0.6753246753246753,0.6753246753246753,0.6957167008297327
5,biMaxInfgain,minmax,noAug,ADASYN,random_forest,first,0.5,0.1,42,2026-02-20 16:23:05,20260220-161321,log/pimaindians_diabetes/5/biMaxInfgain/minmax__noAug__ADASYN/random_forest,1771575212296_720c096117715757859839510,0.7272727272727273,0.7184959349593496,0.7388888888888889,0.717948717948718,0.7588691796008868,0.7272727272727273,0.7332667332667333,0.7272727272727273,0.7272727272727273,0.7272727272727273,0.730216808936321
5,biMaxInfgain,minmax,noAug,ADASYN,random_forest,first,0.5,0.2,42,2026-02-20 16:23:07,20260220-161321,log/pimaindians_diabetes/5/biMaxInfgain/minmax__noAug__ADASYN/random_forest,1771575212296_720c096117715757870556982,0.7207792207792207,0.7170464135021097,0.7381481481481482,0.7132216014897579,0.7599736971888872,0.7207792207792207,0.7271276209823695,0.7207792207792207,0.7207792207792207,0.7207792207792207,0.7258808975664217
5,biMaxInfgain,minmax,noAug,ADASYN,random_forest,last,0.35,0.1,42,2026-02-20 16:23:07,20260220-161321,log/pimaindians_diabetes/5/biMaxInfgain/noAug__ADASYN__minmax/random_forest,1771575212296_720c096117715757876450450,0.7272727272727273,0.78125,0.79,0.7270886075949368,0.8465909090909091,0.7272727272727273,0.7292059838895282,0.7272727272727273,0.7272727272727273,0.7272727272727273,0.7511373705408515
5,biMaxInfgain,minmax,noAug,ADASYN,random_forest,last,0.35,0.2,42,2026-02-20 16:23:08,20260220-161321,log/pimaindians_diabetes/5/biMaxInfgain/noAug__ADASYN__minmax/random_forest,1771575212296_720c096117715757887314155,0.7012987012987013,0.7394810659186536,0.7529629629629631,0.7004904447826822,0.7980273583359138,0.7012987012987013,0.7051379197497919,0.7012987012987013,0.7012987012987013,0.7012987012987013,0.7204108739211045
5,biMaxInfgain,minmax,noAug,ADASYN,random_forest,last,0.5,0.1,42,2026-02-20 16:23:08,20260220-161321,log/pimaindians_diabetes/5/biMaxInfgain/noAug__ADASYN__minmax/random_forest,1771575212296_720c096117715757881946650,0.7662337662337663,0.7682186234817814,0.7944444444444444,0.7613636363636364,0.8138703401861297,0.7662337662337663,0.7715466351829988,0.7662337662337663,0.7662337662337663,0.7662337662337663,0.7740833880367372
5,biMaxInfgain,minmax,noAug,ADASYN,random_forest,last,0.5,0.2,42,2026-02-20 16:23:09,20260220-161321,log/pimaindians_diabetes/5/biMaxInfgain/noAug__ADASYN__minmax/random_forest,1771575212296_720c096117715757892629250,0.7272727272727273,0.7184959349593496,0.7388888888888889,0.717948717948718,0.7588691796008868,0.7272727272727273,0.7332667332667333,0.7272727272727273,0.7272727272727273,0.7272727272727273,0.730216808936321
5,biMaxInfgain,minmax,noAug,RandomUnderSampler,random_forest,first,0.35,0.1,42,2026-02-20 16:23:09,20260220-161321,log/pimaindians_diabetes/5/biMaxInfgain/minmax__noAug__RandomUnderSampler/random_forest,1771575212296_720c096117715757897892837,0.6883116883116883,0.7197916666666666,0.7344444444444445,0.6869918699186992,0.775487012987013,0.6883116883116883,0.6930630345264491,0.6883116883116883,0.6883116883116883,0.6883116883116883,0.7053052234012599
5,biMaxInfgain,minmax,noAug,RandomUnderSampler,random_forest,first,0.35,0.2,42,2026-02-20 16:23:10,20260220-161321,log/pimaindians_diabetes/5/biMaxInfgain/minmax__noAug__RandomUnderSampler/random_forest,1771575212296_720c096117715757907760202,0.7077922077922078,0.742979242979243,0.757962962962963,0.7067907763909457,0.8007865150722293,0.7077922077922078,0.7119092035529522,0.7077922077922078,0.7077922077922078,0.7077922077922078,0.7260947522099112
5,biMaxInfgain,minmax,noAug,RandomUnderSampler,random_forest,first,0.5,0.1,42,2026-02-20 16:23:10,20260220-161321,log/pimaindians_diabetes/5/biMaxInfgain/minmax__noAug__RandomUnderSampler/random_forest,1771575212296_720c096117715757902778705,0.7402597402597403,0.7422402159244265,0.7659259259259259,0.7348484848484849,0.7877911562122089,0.7402597402597403,0.7461629279811098,0.7402597402597403,0.7402597402597403,0.7402597402597403,0.7478513378345913
5,biMaxInfgain,minmax,noAug,RandomUnderSampler,random_forest,first,0.5,0.2,42,2026-02-20 16:23:11,20260220-161321,log/pimaindians_diabetes/5/biMaxInfgain/minmax__noAug__RandomUnderSampler/random_forest,1771575212296_720c096117715757912599481,0.6948051948051948,0.6812446717817562,0.6968518518518518,0.6819160624038674,0.7202311754741422,0.6948051948051948,0.701041871773579,0.6948051948051948,0.6948051948051948,0.6948051948051948,0.6951985379594698
5,biMaxInfgain,minmax,noAug,RandomUnderSampler,random_forest,last,0.35,0.1,42,2026-02-20 16:23:11,20260220-161321,log/pimaindians_diabetes/5/biMaxInfgain/noAug__RandomUnderSampler__minmax/random_forest,1771575212296_720c096117715757917800729,0.7142857142857143,0.7349521203830369,0.7544444444444445,0.7119047619047619,0.7877662692984169,0.7142857142857143,0.7197278911564625,0.7142857142857143,0.7142857142857143,0.7142857142857143,0.728175467086059
5,biMaxInfgain,minmax,noAug,RandomUnderSampler,random_forest,last,0.35,0.2,42,2026-02-20 16:23:12,20260220-161321,log/pimaindians_diabetes/5/biMaxInfgain/noAug__RandomUnderSampler__minmax/random_forest,1771575212296_720c096117715757927691364,0.7077922077922078,0.742979242979243,0.757962962962963,0.7067907763909457,0.8007865150722293,0.7077922077922078,0.7119092035529522,0.7077922077922078,0.7077922077922078,0.7077922077922078,0.7260947522099112
5,biMaxInfgain,minmax,noAug,RandomUnderSampler,random_forest,last,0.5,0.1,42,2026-02-20 16:23:12,20260220-161321,log/pimaindians_diabetes/5/biMaxInfgain/noAug__RandomUnderSampler__minmax/random_forest,1771575212296_720c096117715757922780029,0.7792207792207793,0.7706639566395664,0.7959259259259259,0.7716727716727716,0.8100253405131456,0.7792207792207793,0.7840730697873554,0.7792207792207793,0.7792207792207793,0.7792207792207793,0.7827117102151944
5,biMaxInfgain,minmax,noAug,RandomUnderSampler,random_forest,last,0.5,0.2,42,2026-02-20 16:23:13,20260220-161321,log/pimaindians_diabetes/5/biMaxInfgain/noAug__RandomUnderSampler__minmax/random_forest,1771575212296_720c096117715757932524791,0.6948051948051948,0.6812446717817562,0.6968518518518518,0.6819160624038674,0.7202311754741422,0.6948051948051948,0.701041871773579,0.6948051948051948,0.6948051948051948,0.6948051948051948,0.6951985379594698
5,biMaxInfgain,minmax,noAug,SMOTE,random_forest,first,0.35,0.1,42,2026-02-20 16:23:13,20260220-161321,log/pimaindians_diabetes/5/biMaxInfgain/minmax__noAug__SMOTE/random_forest,1771575212296_720c096117715757938232626,0.6753246753246753,0.7124824684431976,0.7244444444444444,0.6744461356333502,0.7694577512249321,0.6753246753246753,0.6794977388584694,0.6753246753246753,0.6753246753246753,0.6753246753246753,0.6938599177149003
5,biMaxInfgain,minmax,noAug,SMOTE,random_forest,first,0.35,0.2,42,2026-02-20 16:23:14,20260220-161321,log/pimaindians_diabetes/5/biMaxInfgain/minmax__noAug__SMOTE/random_forest,1771575212296_720c096117715757948851302,0.7077922077922078,0.7368193604148661,0.7537037037037038,0.7062937062937062,0.7924547362749611,0.7077922077922078,0.7125601671056216,0.7077922077922078,0.7077922077922078,0.7077922077922078,0.7242427441661353
5,biMaxInfgain,minmax,noAug,SMOTE,random_forest,first,0.5,0.1,42,2026-02-20 16:23:14,20260220-161321,log/pimaindians_diabetes/5/biMaxInfgain/minmax__noAug__SMOTE/random_forest,1771575212296_720c096117715757943603353,0.7272727272727273,0.7253711201079622,0.7474074074074074,0.7204840103716508,0.7691080848975587,0.7272727272727273,0.7334957177653806,0.7272727272727273,0.7272727272727273,0.7272727272727273,0.7331947113709383
5,biMaxInfgain,minmax,noAug,SMOTE,random_forest,first,0.5,0.2,42,2026-02-20 16:23:15,20260220-161321,log/pimaindians_diabetes/5/biMaxInfgain/minmax__noAug__SMOTE/random_forest,1771575212296_720c096117715757954075180,0.7337662337662337,0.7206308610400682,0.7396296296296296,0.7225225225225225,0.7583950576277941,0.7337662337662337,0.7392067392067392,0.7337662337662337,0.7337662337662337,0.7337662337662337,0.7346314375956317
5,biMaxInfgain,minmax,noAug,SMOTE,random_forest,last,0.35,0.1,42,2026-02-20 16:23:15,20260220-161321,log/pimaindians_diabetes/5/biMaxInfgain/noAug__SMOTE__minmax/random_forest,1771575212296_720c096117715757959798179,0.7402597402597403,0.7732638888888889,0.7914814814814815,0.7391598915989159,0.831655844155844,0.7402597402597403,0.7442191954387076,0.7402597402597403,0.7402597402597403,0.7402597402597403,0.758250880612161
5,biMaxInfgain,minmax,noAug,SMOTE,random_forest,last,0.35,0.2,42,2026-02-20 16:23:17,20260220-161321,log/pimaindians_diabetes/5/biMaxInfgain/noAug__SMOTE__minmax/random_forest,1771575212296_720c096117715757970511704,0.7142857142857143,0.7465277777777778,0.7629629629629631,0.7130758807588076,0.8035714285714286,0.7142857142857143,0.7186411149825784,0.7142857142857143,0.7142857142857143,0.7142857142857143,0.7317780520067104
5,biMaxInfgain,minmax,noAug,SMOTE,random_forest,last,0.5,0.1,42,2026-02-20 16:23:16,20260220-161321,log/pimaindians_diabetes/5/biMaxInfgain/noAug__SMOTE__minmax/random_forest,1771575212296_720c096117715757965187772,0.7792207792207793,0.7706639566395664,0.7959259259259259,0.7716727716727716,0.8100253405131456,0.7792207792207793,0.7840730697873554,0.7792207792207793,0.7792207792207793,0.7792207792207793,0.7827117102151944
5,biMaxInfgain,minmax,noAug,SMOTE,random_forest,last,0.5,0.2,42,2026-02-20 16:23:17,20260220-161321,log/pimaindians_diabetes/5/biMaxInfgain/noAug__SMOTE__minmax/random_forest,1771575212296_720c096117715757975762060,0.7467532467532467,0.7430379746835443,0.7666666666666666,0.739898661816292,0.7857636034851223,0.7467532467532467,0.7525110981002887,0.7467532467532467,0.7467532467532467,0.7467532467532466,0.7521095871723191
5,biMaxInfgain,minmax,noAug,TomekLinks,random_forest,first,0.35,0.1,42,2026-02-20 16:23:18,20260220-161321,log/pimaindians_diabetes/5/biMaxInfgain/minmax__noAug__TomekLinks/random_forest,1771575212296_720c096117715757981173145,0.7142857142857143,0.7349521203830369,0.7544444444444445,0.7119047619047619,0.7877662692984169,0.7142857142857143,0.7197278911564625,0.7142857142857143,0.7142857142857143,0.7142857142857143,0.728175467086059
5,biMaxInfgain,minmax,noAug,TomekLinks,random_forest,first,0.35,0.2,42,2026-02-20 16:23:19,20260220-161321,log/pimaindians_diabetes/5/biMaxInfgain/minmax__noAug__TomekLinks/random_forest,1771575212296_720c096117715757991255823,0.7142857142857143,0.740530303030303,0.7587037037037037,0.7125403020532836,0.795405352223534,0.7142857142857143,0.719231048944268,0.7142857142857143,0.7142857142857143,0.7142857142857143,0.7299439242596724
5,biMaxInfgain,minmax,noAug,TomekLinks,random_forest,first,0.5,0.1,42,2026-02-20 16:23:18,20260220-161321,log/pimaindians_diabetes/5/biMaxInfgain/minmax__noAug__TomekLinks/random_forest,1771575212296_720c096117715757986219938,0.7662337662337663,0.7608108108108108,0.7859259259259259,0.759375,0.8023868023868024,0.7662337662337663,0.7715097402597403,0.7662337662337663,0.7662337662337663,0.7662337662337663,0.7710385714448212
5,biMaxInfgain,minmax,noAug,TomekLinks,random_forest,first,0.5,0.2,42,2026-02-20 16:23:19,20260220-161321,log/pimaindians_diabetes/5/biMaxInfgain/minmax__noAug__TomekLinks/random_forest,1771575212296_720c096117715757996193651,0.7532467532467533,0.747804054054054,0.7716666666666667,0.7460069444444444,0.7895314145314145,0.7532467532467533,0.7588158369408369,0.7532467532467533,0.7532467532467533,0.7532467532467532,0.7579223320317068
5,biMaxInfgain,minmax,noAug,TomekLinks,random_forest,last,0.35,0.1,42,2026-02-20 16:23:20,20260220-161321,log/pimaindians_diabetes/5/biMaxInfgain/noAug__TomekLinks__minmax/random_forest,1771575212296_720c096117715758001664700,0.7142857142857143,0.7249322493224932,0.7459259259259259,0.710328317373461,0.7739063104916764,0.7142857142857143,0.7204416650381084,0.7142857142857143,0.7142857142857143,0.7142857142857143,0.7248062316500304
5,biMaxInfgain,minmax,noAug,TomekLinks,random_forest,last,0.35,0.2,42,2026-02-20 16:23:21,20260220-161321,log/pimaindians_diabetes/5/biMaxInfgain/noAug__TomekLinks__minmax/random_forest,1771575212296_720c096117715758011710965,0.7207792207792207,0.7442957625664779,0.7637037037037038,0.718775215526394,0.7983838086771694,0.7207792207792207,0.7258663110363963,0.7207792207792207,0.7207792207792207,0.7207792207792207,0.7356462447908417
5,biMaxInfgain,minmax,noAug,TomekLinks,random_forest,last,0.5,0.1,42,2026-02-20 16:23:20,20260220-161321,log/pimaindians_diabetes/5/biMaxInfgain/noAug__TomekLinks__minmax/random_forest,1771575212296_720c096117715758006687404,0.7532467532467533,0.7513495276653172,0.7759259259259259,0.747104580812446,0.7949857160383476,0.7532467532467533,0.7588770779782017,0.7532467532467533,0.7532467532467533,0.7532467532467532,0.7594220670802572
5,biMaxInfgain,minmax,noAug,TomekLinks,random_forest,last,0.5,0.2,42,2026-02-20 16:23:21,20260220-161321,log/pimaindians_diabetes/5/biMaxInfgain/noAug__TomekLinks__minmax/random_forest,1771575212296_720c096117715758016853132,0.7337662337662337,0.7206308610400682,0.7396296296296296,0.7225225225225225,0.7583950576277941,0.7337662337662337,0.7392067392067392,0.7337662337662337,0.7337662337662337,0.7337662337662337,0.7346314375956317
5,biMaxInfgain,minmax,noAug,noImbl,random_forest,first,0.35,0.1,42,2026-02-20 16:23:22,20260220-161321,log/pimaindians_diabetes/5/biMaxInfgain/minmax__noAug__noImbl/random_forest,1771575212296_720c096117715758022308648,0.7012987012987013,0.7166666666666667,0.7359259259259259,0.6980392156862745,0.7671614100185529,0.7012987012987013,0.7074102368220015,0.7012987012987013,0.7012987012987013,0.7012987012987013,0.7133122986568362
5,biMaxInfgain,minmax,noAug,noImbl,random_forest,first,0.35,0.2,42,2026-02-20 16:23:23,20260220-161321,log/pimaindians_diabetes/5/biMaxInfgain/minmax__noAug__noImbl/random_forest,1771575212296_720c096117715758032216184,0.7207792207792207,0.7248101265822785,0.7466666666666667,0.7154887218045113,0.771165543317442,0.7207792207792207,0.7270774338443511,0.7207792207792207,0.7207792207792207,0.7207792207792207,0.7289608453156562
5,biMaxInfgain,minmax,noAug,noImbl,random_forest,first,0.5,0.1,42,2026-02-20 16:23:22,20260220-161321,log/pimaindians_diabetes/5/biMaxInfgain/minmax__noAug__noImbl/random_forest,1771575212296_720c096117715758027285807,0.7402597402597403,0.7347972972972974,0.7574074074074073,0.7326388888888888,0.7766760266760268,0.7402597402597403,0.7461219336219337,0.7402597402597403,0.7402597402597403,0.7402597402597403,0.7448060926185925
5,biMaxInfgain,minmax,noAug,noImbl,random_forest,first,0.5,0.2,42,2026-02-20 16:23:23,20260220-161321,log/pimaindians_diabetes/5/biMaxInfgain/minmax__noAug__noImbl/random_forest,1771575212296_720c096117715758037184178,0.7077922077922078,0.6828724353256022,0.6898148148148149,0.685500340367597,0.7147143668107093,0.7077922077922078,0.7105107282098433,0.7077922077922078,0.7077922077922078,0.7077922077922078,0.7012587050986117
5,biMaxInfgain,minmax,noAug,noImbl,random_forest,last,0.35,0.1,42,2026-02-20 16:23:24,20260220-161321,log/pimaindians_diabetes/5/biMaxInfgain/noAug__noImbl__minmax/random_forest,1771575212296_720c096117715758042557085,0.7012987012987013,0.7166666666666667,0.7359259259259259,0.6980392156862745,0.7671614100185529,0.7012987012987013,0.7074102368220015,0.7012987012987013,0.7012987012987013,0.7012987012987013,0.7133122986568362
5,biMaxInfgain,minmax,noAug,noImbl,random_forest,last,0.35,0.2,42,2026-02-20 16:23:25,20260220-161321,log/pimaindians_diabetes/5/biMaxInfgain/noAug__noImbl__minmax/random_forest,1771575212296_720c096117715758052551170,0.7207792207792207,0.7248101265822785,0.7466666666666667,0.7154887218045113,0.771165543317442,0.7207792207792207,0.7270774338443511,0.7207792207792207,0.7207792207792207,0.7207792207792207,0.7289608453156562
5,biMaxInfgain,minmax,noAug,noImbl,random_forest,last,0.5,0.1,42,2026-02-20 16:23:24,20260220-161321,log/pimaindians_diabetes/5/biMaxInfgain/noAug__noImbl__minmax/random_forest,1771575212296_720c096117715758047575182,0.7402597402597403,0.7347972972972974,0.7574074074074073,0.7326388888888888,0.7766760266760268,0.7402597402597403,0.7461219336219337,0.7402597402597403,0.7402597402597403,0.7402597402597403,0.7448060926185925
5,biMaxInfgain,minmax,noAug,noImbl,random_forest,last,0.5,0.2,42,2026-02-20 16:23:25,20260220-161321,log/pimaindians_diabetes/5/biMaxInfgain/noAug__noImbl__minmax/random_forest,1771575212296_720c096117715758057546744,0.7077922077922078,0.6828724353256022,0.6898148148148149,0.685500340367597,0.7147143668107093,0.7077922077922078,0.7105107282098433,0.7077922077922078,0.7077922077922078,0.7077922077922078,0.7012587050986117
5,biMeanInfgain,minmax,gaussian_noise,ADASYN,random_forest,first,0.35,0.1,42,2026-02-20 16:24:50,20260220-161321,log/pimaindians_diabetes/5/biMeanInfgain/minmax__gaussian_noise__ADASYN/random_forest,1771575212296_720c096117715758902178267,0.5584415584415584,0.6692982456140351,0.642962962962963,0.5547619047619048,0.7382091592617908,0.5584415584415584,0.5426716141001855,0.5584415584415584,0.5584415584415584,0.5584415584415584,0.5930386879898156
5,biMeanInfgain,minmax,gaussian_noise,ADASYN,random_forest,first,0.35,0.2,42,2026-02-20 16:24:52,20260220-161321,log/pimaindians_diabetes/5/biMeanInfgain/minmax__gaussian_noise__ADASYN/random_forest,1771575212296_720c096117715758924792021,0.512987012987013,0.6460055096418733,0.607962962962963,0.5037593984962405,0.7155379056205502,0.512987012987013,0.4835465286593104,0.512987012987013,0.512987012987013,0.512987012987013,0.5502413320906764
5,biMeanInfgain,minmax,gaussian_noise,ADASYN,random_forest,first,0.5,0.1,42,2026-02-20 16:24:51,20260220-161321,log/pimaindians_diabetes/5/biMeanInfgain/minmax__gaussian_noise__ADASYN/random_forest,1771575212296_720c096117715758913090327,0.7012987012987013,0.6863885088919288,0.7018518518518518,0.687819495857571,0.7244923339314584,0.7012987012987013,0.7071958536791958,0.7012987012987013,0.7012987012987013,0.7012987012987013,0.7010450524175192
5,biMeanInfgain,minmax,gaussian_noise,ADASYN,random_forest,first,0.5,0.2,42,2026-02-20 16:24:53,20260220-161321,log/pimaindians_diabetes/5/biMeanInfgain/minmax__gaussian_noise__ADASYN/random_forest,1771575212296_720c096117715758935065196,0.6883116883116883,0.6678819444444444,0.679074074074074,0.6702943800178411,0.7040268759018758,0.6883116883116883,0.6933164961710903,0.6883116883116883,0.6883116883116883,0.6883116883116883,0.6849645961950543
5,biMeanInfgain,minmax,gaussian_noise,ADASYN,random_forest,last,0.35,0.1,42,2026-02-20 16:24:54,20260220-161321,log/pimaindians_diabetes/5/biMeanInfgain/gaussian_noise__ADASYN__minmax/random_forest,1771575212296_720c096117715758946335801,0.4285714285714285,0.6901408450704225,0.56,0.3826530612244897,0.7826961770623743,0.4285714285714285,0.3323615160349853,0.4285714285714285,0.4285714285714285,0.4285714285714285,0.4819644602307722
5,biMeanInfgain,minmax,gaussian_noise,ADASYN,random_forest,last,0.35,0.2,42,2026-02-20 16:24:56,20260220-161321,log/pimaindians_diabetes/5/biMeanInfgain/gaussian_noise__ADASYN__minmax/random_forest,1771575212296_720c096117715758967683373,0.5064935064935064,0.6306372549019608,0.5987037037037037,0.49802710585006,0.6970397249809015,0.5064935064935064,0.4785543843701332,0.5064935064935064,0.5064935064935064,0.5064935064935064,0.5417226944890879
5,biMeanInfgain,minmax,gaussian_noise,ADASYN,random_forest,last,0.5,0.1,42,2026-02-20 16:24:55,20260220-161321,log/pimaindians_diabetes/5/biMeanInfgain/gaussian_noise__ADASYN__minmax/random_forest,1771575212296_720c096117715758957340774,0.5584415584415584,0.5527027027027027,0.5577777777777778,0.5454861111111111,0.5967005967005967,0.5584415584415584,0.5684072871572872,0.5584415584415584,0.5584415584415584,0.5584415584415584,0.5611787408349906
5,biMeanInfgain,minmax,gaussian_noise,ADASYN,random_forest,last,0.5,0.2,42,2026-02-20 16:24:57,20260220-161321,log/pimaindians_diabetes/5/biMeanInfgain/gaussian_noise__ADASYN__minmax/random_forest,1771575212296_720c096117715758977789195,0.5194805194805194,0.5253378378378378,0.5277777777777778,0.5112369188540058,0.5702439452439452,0.5194805194805194,0.5301972002949872,0.5194805194805194,0.5194805194805194,0.5194805194805194,0.5263432817505127
5,biMeanInfgain,minmax,gaussian_noise,RandomUnderSampler,random_forest,first,0.35,0.1,42,2026-02-20 16:24:58,20260220-161321,log/pimaindians_diabetes/5/biMeanInfgain/minmax__gaussian_noise__RandomUnderSampler/random_forest,1771575212296_720c096117715758985611604,0.4675324675324675,0.6515151515151516,0.5814814814814814,0.4435043187026264,0.7284533648170012,0.4675324675324675,0.4089638547597298,0.4675324675324675,0.4675324675324675,0.4675324675324675,0.5110282128137038
5,biMeanInfgain,minmax,gaussian_noise,RandomUnderSampler,random_forest,first,0.35,0.2,42,2026-02-20 16:25:00,20260220-161321,log/pimaindians_diabetes/5/biMeanInfgain/minmax__gaussian_noise__RandomUnderSampler/random_forest,1771575212296_720c096117715759000337365,0.474025974025974,0.6376744186046511,0.5822222222222222,0.4546885245901639,0.7100573844759892,0.474025974025974,0.4240153289333616,0.474025974025974,0.474025974025974,0.474025974025974,0.5144113701692046
5,biMeanInfgain,minmax,gaussian_noise,RandomUnderSampler,random_forest,first,0.5,0.1,42,2026-02-20 16:24:59,20260220-161321,log/pimaindians_diabetes/5/biMeanInfgain/minmax__gaussian_noise__RandomUnderSampler/random_forest,1771575212296_720c096117715758993195452,0.7012987012987013,0.7272727272727273,0.7444444444444445,0.6994739521466147,0.7815820543093271,0.7012987012987013,0.7064688238962803,0.7012987012987013,0.7012987012987013,0.7012987012987013,0.7167408195285644
5,biMeanInfgain,minmax,gaussian_noise,RandomUnderSampler,random_forest,first,0.5,0.2,42,2026-02-20 16:25:00,20260220-161321,log/pimaindians_diabetes/5/biMeanInfgain/minmax__gaussian_noise__RandomUnderSampler/random_forest,1771575212296_720c096117715759007518934,0.6428571428571429,0.6255790015440041,0.6355555555555557,0.625668449197861,0.6653187265642232,0.6428571428571429,0.6496284464198903,0.6428571428571429,0.6428571428571429,0.6428571428571429,0.641082719851898
5,biMeanInfgain,minmax,gaussian_noise,RandomUnderSampler,random_forest,last,0.35,0.1,42,2026-02-20 16:25:01,20260220-161321,log/pimaindians_diabetes/5/biMeanInfgain/gaussian_noise__RandomUnderSampler__minmax/random_forest,1771575212296_720c096117715759015514690,0.4155844155844156,0.6875,0.55,0.3636363636363636,0.7808441558441559,0.4155844155844156,0.3093270365997638,0.4155844155844156,0.4155844155844156,0.4155844155844156,0.4690126918536009
5,biMeanInfgain,minmax,gaussian_noise,RandomUnderSampler,random_forest,last,0.35,0.2,42,2026-02-20 16:25:03,20260220-161321,log/pimaindians_diabetes/5/biMeanInfgain/gaussian_noise__RandomUnderSampler__minmax/random_forest,1771575212296_720c096117715759030452130,0.487012987012987,0.6185418305795961,0.5837037037037037,0.4753094406348385,0.6843062523629008,0.487012987012987,0.4519023478785414,0.487012987012987,0.487012987012987,0.487012987012987,0.5225421417468217
5,biMeanInfgain,minmax,gaussian_noise,RandomUnderSampler,random_forest,last,0.5,0.1,42,2026-02-20 16:25:02,20260220-161321,log/pimaindians_diabetes/5/biMeanInfgain/gaussian_noise__RandomUnderSampler__minmax/random_forest,1771575212296_720c096117715759023343093,0.6233766233766234,0.6477272727272727,0.6588888888888889,0.621075852706601,0.698642266824085,0.6233766233766234,0.6298954736083532,0.6233766233766234,0.6233766233766234,0.6233766233766234,0.637522191141917
5,biMeanInfgain,minmax,gaussian_noise,RandomUnderSampler,random_forest,last,0.5,0.2,42,2026-02-20 16:25:03,20260220-161321,log/pimaindians_diabetes/5/biMeanInfgain/gaussian_noise__RandomUnderSampler__minmax/random_forest,1771575212296_720c096117715759037736798,0.564935064935065,0.5354309888947646,0.5372222222222223,0.5351205226402342,0.5778430982026962,0.564935064935065,0.5702863930392653,0.564935064935065,0.564935064935065,0.564935064935065,0.5568346942579191
5,biMeanInfgain,minmax,gaussian_noise,SMOTE,random_forest,first,0.35,0.1,42,2026-02-20 16:25:04,20260220-161321,log/pimaindians_diabetes/5/biMeanInfgain/minmax__gaussian_noise__SMOTE/random_forest,1771575212296_720c096117715759048928826,0.6363636363636364,0.7066365007541479,0.702962962962963,0.6363022941970311,0.7712875359934184,0.6363636363636364,0.6348914243651086,0.6363636363636364,0.6363636363636364,0.6363636363636364,0.6633132123008283
5,biMeanInfgain,minmax,gaussian_noise,SMOTE,random_forest,first,0.35,0.2,42,2026-02-20 16:25:06,20260220-161321,log/pimaindians_diabetes/5/biMeanInfgain/minmax__gaussian_noise__SMOTE/random_forest,1771575212296_720c096117715759069772641,0.5454545454545454,0.6260064412238325,0.615925925925926,0.5442245898866903,0.6857707509881422,0.5454545454545454,0.5371523453715233,0.5454545454545454,0.5454545454545454,0.5454545454545454,0.5731586702843402
5,biMeanInfgain,minmax,gaussian_noise,SMOTE,random_forest,first,0.5,0.1,42,2026-02-20 16:25:05,20260220-161321,log/pimaindians_diabetes/5/biMeanInfgain/minmax__gaussian_noise__SMOTE/random_forest,1771575212296_720c096117715759059427626,0.7012987012987013,0.68125,0.6933333333333334,0.6840321141837645,0.7167207792207793,0.7012987012987013,0.7060949754972949,0.7012987012987013,0.7012987012987013,0.7012987012987013,0.6981689552270505
5,biMeanInfgain,minmax,gaussian_noise,SMOTE,random_forest,first,0.5,0.2,42,2026-02-20 16:25:07,20260220-161321,log/pimaindians_diabetes/5/biMeanInfgain/minmax__gaussian_noise__SMOTE/random_forest,1771575212296_720c096117715759079438238,0.6753246753246753,0.6374798711755234,0.6264814814814814,0.6298076923076923,0.6655582742539264,0.6753246753246753,0.6685814185814185,0.6753246753246753,0.6753246753246753,0.6753246753246753,0.6578401994543298
5,biMeanInfgain,minmax,gaussian_noise,SMOTE,random_forest,last,0.35,0.1,42,2026-02-20 16:25:09,20260220-161321,log/pimaindians_diabetes/5/biMeanInfgain/gaussian_noise__SMOTE__minmax/random_forest,1771575212296_720c096117715759090293162,0.4545454545454545,0.6440298507462687,0.5714814814814814,0.426595744680851,0.7204884667571235,0.4545454545454545,0.3887814313346228,0.4545454545454545,0.4545454545454545,0.4545454545454545,0.4977247381189901
5,biMeanInfgain,minmax,gaussian_noise,SMOTE,random_forest,last,0.35,0.2,42,2026-02-20 16:25:11,20260220-161321,log/pimaindians_diabetes/5/biMeanInfgain/gaussian_noise__SMOTE__minmax/random_forest,1771575212296_720c096117715759110671423,0.4090909090909091,0.5499025341130604,0.5237037037037038,0.3769063180827886,0.6057416267942582,0.4090909090909091,0.3346065699006875,0.4090909090909091,0.4090909090909091,0.4090909090909091,0.4382980832949872
5,biMeanInfgain,minmax,gaussian_noise,SMOTE,random_forest,last,0.5,0.1,42,2026-02-20 16:25:10,20260220-161321,log/pimaindians_diabetes/5/biMeanInfgain/gaussian_noise__SMOTE__minmax/random_forest,1771575212296_720c096117715759100862953,0.5844155844155844,0.60328317373461,0.6118518518518519,0.5809523809523809,0.651500346438787,0.5844155844155844,0.5923314780457637,0.5844155844155844,0.5844155844155844,0.5844155844155844,0.5964223498184803
5,biMeanInfgain,minmax,gaussian_noise,SMOTE,random_forest,last,0.5,0.2,42,2026-02-20 16:25:12,20260220-161321,log/pimaindians_diabetes/5/biMeanInfgain/gaussian_noise__SMOTE__minmax/random_forest,1771575212296_720c096117715759120477288,0.6168831168831169,0.58374027853138,0.5857407407407407,0.5844880413408332,0.6218545426358775,0.6168831168831169,0.6191432384325785,0.6168831168831169,0.6168831168831169,0.6168831168831169,0.6064314949100583
5,biMeanInfgain,minmax,gaussian_noise,TomekLinks,random_forest,first,0.35,0.1,42,2026-02-20 16:25:12,20260220-161321,log/pimaindians_diabetes/5/biMeanInfgain/minmax__gaussian_noise__TomekLinks/random_forest,1771575212296_720c096117715759129678281,0.6363636363636364,0.7066365007541479,0.702962962962963,0.6363022941970311,0.7712875359934184,0.6363636363636364,0.6348914243651086,0.6363636363636364,0.6363636363636364,0.6363636363636364,0.6633132123008283
5,biMeanInfgain,minmax,gaussian_noise,TomekLinks,random_forest,first,0.35,0.2,42,2026-02-20 16:25:14,20260220-161321,log/pimaindians_diabetes/5/biMeanInfgain/minmax__gaussian_noise__TomekLinks/random_forest,1771575212296_720c096117715759146675719,0.5909090909090909,0.6390848254657262,0.6424074074074073,0.5907537858016619,0.6944869202058567,0.5909090909090909,0.5931351307822392,0.5909090909090909,0.5909090909090909,0.5909090909090909,0.6115448891591204
5,biMeanInfgain,minmax,gaussian_noise,TomekLinks,random_forest,first,0.5,0.1,42,2026-02-20 16:25:13,20260220-161321,log/pimaindians_diabetes/5/biMeanInfgain/minmax__gaussian_noise__TomekLinks/random_forest,1771575212296_720c096117715759138388149,0.7272727272727273,0.7,0.6792592592592592,0.6857142857142857,0.71900826446281,0.7272727272727273,0.7198515769944341,0.7272727272727273,0.7272727272727273,0.7272727272727273,0.7115707226876057
5,biMeanInfgain,minmax,gaussian_noise,TomekLinks,random_forest,first,0.5,0.2,42,2026-02-20 16:25:15,20260220-161321,log/pimaindians_diabetes/5/biMeanInfgain/minmax__gaussian_noise__TomekLinks/random_forest,1771575212296_720c096117715759155252090,0.7012987012987013,0.6690251572327044,0.6592592592592592,0.6628593184846754,0.6946214163195296,0.7012987012987013,0.6968633878970829,0.7012987012987013,0.7012987012987013,0.7012987012987013,0.6867684697578934
5,biMeanInfgain,minmax,gaussian_noise,TomekLinks,random_forest,last,0.35,0.1,42,2026-02-20 16:25:16,20260220-161321,log/pimaindians_diabetes/5/biMeanInfgain/gaussian_noise__TomekLinks__minmax/random_forest,1771575212296_720c096117715759164542121,0.4805194805194805,0.6029713114754098,0.5744444444444444,0.4696969696969696,0.6655578028528848,0.4805194805194805,0.4470680834317198,0.4805194805194805,0.4805194805194805,0.4805194805194805,0.5140199060543694
5,biMeanInfgain,minmax,gaussian_noise,TomekLinks,random_forest,last,0.35,0.2,42,2026-02-20 16:25:18,20260220-161321,log/pimaindians_diabetes/5/biMeanInfgain/gaussian_noise__TomekLinks__minmax/random_forest,1771575212296_720c096117715759182141250,0.474025974025974,0.5094558429973238,0.5098148148148148,0.4734709383310117,0.5547273422384931,0.474025974025974,0.4785772667246645,0.474025974025974,0.474025974025974,0.474025974025974,0.4898174203738041
5,biMeanInfgain,minmax,gaussian_noise,TomekLinks,random_forest,last,0.5,0.1,42,2026-02-20 16:25:17,20260220-161321,log/pimaindians_diabetes/5/biMeanInfgain/gaussian_noise__TomekLinks__minmax/random_forest,1771575212296_720c096117715759173382773,0.5844155844155844,0.5787162162162162,0.5862962962962963,0.5722222222222222,0.6224113724113725,0.5844155844155844,0.5937950937950938,0.5844155844155844,0.5844155844155844,0.5844155844155844,0.5874112196612195
5,biMeanInfgain,minmax,gaussian_noise,TomekLinks,random_forest,last,0.5,0.2,42,2026-02-20 16:25:19,20260220-161321,log/pimaindians_diabetes/5/biMeanInfgain/gaussian_noise__TomekLinks__minmax/random_forest,1771575212296_720c096117715759190592749,0.6493506493506493,0.5958333333333333,0.5724074074074074,0.5704545454545454,0.6244588744588745,0.6493506493506493,0.6254427390791026,0.6493506493506493,0.6493506493506493,0.6493506493506493,0.6183948139402683
5,biMeanInfgain,minmax,gaussian_noise,noImbl,random_forest,first,0.35,0.1,42,2026-02-20 16:25:19,20260220-161321,log/pimaindians_diabetes/5/biMeanInfgain/minmax__gaussian_noise__noImbl/random_forest,1771575212296_720c096117715759199805371,0.6103896103896104,0.677601809954751,0.6744444444444444,0.6103238866396761,0.7394370335546805,0.6103896103896104,0.6088122403911879,0.6103896103896104,0.6103896103896104,0.6103896103896104,0.6361745920058612
5,biMeanInfgain,minmax,gaussian_noise,noImbl,random_forest,first,0.35,0.2,42,2026-02-20 16:25:21,20260220-161321,log/pimaindians_diabetes/5/biMeanInfgain/minmax__gaussian_noise__noImbl/random_forest,1771575212296_720c096117715759216861390,0.577922077922078,0.61935771632471,0.6238888888888889,0.577476678907602,0.6723032542836289,0.577922077922078,0.58157434984078,0.577922077922078,0.577922077922078,0.577922077922078,0.5965814714308111
5,biMeanInfgain,minmax,gaussian_noise,noImbl,random_forest,first,0.5,0.1,42,2026-02-20 16:25:20,20260220-161321,log/pimaindians_diabetes/5/biMeanInfgain/minmax__gaussian_noise__noImbl/random_forest,1771575212296_720c096117715759208674356,0.6623376623376623,0.6336206896551724,0.6377777777777778,0.6352040816326531,0.6683833407971339,0.6623376623376623,0.6649218128809966,0.6623376623376623,0.6623376623376623,0.6623376623376623,0.6539321299351206
5,biMeanInfgain,minmax,gaussian_noise,noImbl,random_forest,first,0.5,0.2,42,2026-02-20 16:25:22,20260220-161321,log/pimaindians_diabetes/5/biMeanInfgain/minmax__gaussian_noise__noImbl/random_forest,1771575212296_720c096117715759225243261,0.7077922077922078,0.6843692630474691,0.6301851851851852,0.6343972566605117,0.6960807354198384,0.7077922077922078,0.6833272240816424,0.7077922077922078,0.7077922077922078,0.7077922077922078,0.6818390735934554
5,biMeanInfgain,minmax,gaussian_noise,noImbl,random_forest,last,0.35,0.1,42,2026-02-20 16:25:23,20260220-161321,log/pimaindians_diabetes/5/biMeanInfgain/gaussian_noise__noImbl__minmax/random_forest,1771575212296_720c096117715759234508220,0.5454545454545454,0.6628856624319419,0.6329629629629631,0.5404944586530265,0.7321399109057911,0.5454545454545454,0.5262342090986593,0.5454545454545454,0.5454545454545454,0.5454545454545454,0.5809899719746405
5,biMeanInfgain,minmax,gaussian_noise,noImbl,random_forest,last,0.35,0.2,42,2026-02-20 16:25:25,20260220-161321,log/pimaindians_diabetes/5/biMeanInfgain/gaussian_noise__noImbl__minmax/random_forest,1771575212296_720c096117715759251861556,0.5454545454545454,0.5931122448979592,0.5946296296296296,0.5453778677462888,0.6453087728597933,0.5454545454545454,0.5471414550361918,0.5454545454545454,0.5454545454545454,0.5454545454545454,0.5653647813379283
5,biMeanInfgain,minmax,gaussian_noise,noImbl,random_forest,last,0.5,0.1,42,2026-02-20 16:25:24,20260220-161321,log/pimaindians_diabetes/5/biMeanInfgain/gaussian_noise__noImbl__minmax/random_forest,1771575212296_720c096117715759243549256,0.6363636363636364,0.5816696914700544,0.5666666666666667,0.5660225442834138,0.6139250948688336,0.6363636363636364,0.618211096471966,0.6363636363636364,0.6363636363636364,0.6363636363636364,0.6084066459593169
5,biMeanInfgain,minmax,gaussian_noise,noImbl,random_forest,last,0.5,0.2,42,2026-02-20 16:25:26,20260220-161321,log/pimaindians_diabetes/5/biMeanInfgain/gaussian_noise__noImbl__minmax/random_forest,1771575212296_720c096117715759260415017,0.6688311688311688,0.625752508361204,0.6044444444444445,0.6072018004501125,0.6518264344351301,0.6688311688311688,0.6536764061145157,0.6688311688311688,0.6688311688311688,0.6688311688311688,0.6448665372412394
5,biMeanInfgain,minmax,mixup,ADASYN,random_forest,first,0.35,0.1,42,2026-02-20 16:25:26,20260220-161321,log/pimaindians_diabetes/5/biMeanInfgain/minmax__mixup__ADASYN/random_forest,1771575212296_720c096117715759269762119,0.7272727272727273,0.7664796633941093,0.7814814814814814,0.7265347539320142,0.8265969654468953,0.7272727272727273,0.7307781006411144,0.7272727272727273,0.7272727272727273,0.7272727272727273,0.7469618301273088
5,biMeanInfgain,minmax,mixup,ADASYN,random_forest,first,0.35,0.2,42,2026-02-20 16:25:28,20260220-161321,log/pimaindians_diabetes/5/biMeanInfgain/minmax__mixup__ADASYN/random_forest,1771575212296_720c096117715759283726240,0.7467532467532467,0.7707153885743694,0.7922222222222222,0.7449356605937063,0.8258283147629518,0.7467532467532467,0.7513671193120804,0.7467532467532467,0.7467532467532467,0.7467532467532466,0.7620233082431209
5,biMeanInfgain,minmax,mixup,ADASYN,random_forest,first,0.5,0.1,42,2026-02-20 16:25:27,20260220-161321,log/pimaindians_diabetes/5/biMeanInfgain/minmax__mixup__ADASYN/random_forest,1771575212296_720c096117715759276935952,0.7662337662337663,0.77710027100271,0.8029629629629631,0.7629958960328318,0.8270861929398514,0.7662337662337663,0.7712704532129977,0.7662337662337663,0.7662337662337663,0.7662337662337663,0.7773484015709332
5,biMeanInfgain,minmax,mixup,ADASYN,random_forest,first,0.5,0.2,42,2026-02-20 16:25:29,20260220-161321,log/pimaindians_diabetes/5/biMeanInfgain/minmax__mixup__ADASYN/random_forest,1771575212296_720c096117715759290497062,0.7402597402597403,0.7315379403794038,0.7531481481481481,0.7313797313797314,0.7716582198289514,0.7402597402597403,0.7459683173968888,0.7402597402597403,0.7402597402597403,0.7402597402597403,0.7433405342560394
5,biMeanInfgain,minmax,mixup,ADASYN,random_forest,last,0.35,0.1,42,2026-02-20 16:25:29,20260220-161321,log/pimaindians_diabetes/5/biMeanInfgain/mixup__ADASYN__minmax/random_forest,1771575212296_720c096117715759297886841,0.7532467532467533,0.769047619047619,0.7929629629629631,0.7505541346973572,0.820964749536178,0.7532467532467533,0.7582954130268709,0.7532467532467533,0.7532467532467533,0.7532467532467532,0.7659236666120113
5,biMeanInfgain,minmax,mixup,ADASYN,random_forest,last,0.35,0.2,42,2026-02-20 16:25:31,20260220-161321,log/pimaindians_diabetes/5/biMeanInfgain/mixup__ADASYN__minmax/random_forest,1771575212296_720c096117715759311569157,0.7077922077922078,0.7368193604148661,0.7537037037037038,0.7062937062937062,0.7924547362749611,0.7077922077922078,0.7125601671056216,0.7077922077922078,0.7077922077922078,0.7077922077922078,0.7242427441661353
5,biMeanInfgain,minmax,mixup,ADASYN,random_forest,last,0.5,0.1,42,2026-02-20 16:25:30,20260220-161321,log/pimaindians_diabetes/5/biMeanInfgain/mixup__ADASYN__minmax/random_forest,1771575212296_720c096117715759304834258,0.7532467532467533,0.7347222222222223,0.7503703703703704,0.7389830508474576,0.7674963924963925,0.7532467532467533,0.7572088928021131,0.7532467532467533,0.7532467532467533,0.7532467532467532,0.7509863913550352
5,biMeanInfgain,minmax,mixup,ADASYN,random_forest,last,0.5,0.2,42,2026-02-20 16:25:31,20260220-161321,log/pimaindians_diabetes/5/biMeanInfgain/mixup__ADASYN__minmax/random_forest,1771575212296_720c096117715759318365014,0.7272727272727273,0.7079861111111111,0.7218518518518519,0.711507582515611,0.7421085858585859,0.7272727272727273,0.731651934149704,0.7272727272727273,0.7272727272727273,0.7272727272727273,0.724577673291043
5,biMeanInfgain,minmax,mixup,RandomUnderSampler,random_forest,first,0.35,0.1,42,2026-02-20 16:25:32,20260220-161321,log/pimaindians_diabetes/5/biMeanInfgain/minmax__mixup__RandomUnderSampler/random_forest,1771575212296_720c096117715759324584184,0.7272727272727273,0.7664796633941093,0.7814814814814814,0.7265347539320142,0.8265969654468953,0.7272727272727273,0.7307781006411144,0.7272727272727273,0.7272727272727273,0.7272727272727273,0.7469618301273088
5,biMeanInfgain,minmax,mixup,RandomUnderSampler,random_forest,first,0.35,0.2,42,2026-02-20 16:25:33,20260220-161321,log/pimaindians_diabetes/5/biMeanInfgain/minmax__mixup__RandomUnderSampler/random_forest,1771575212296_720c096117715759336022698,0.7207792207792207,0.7501296456352635,0.767962962962963,0.7193473193473193,0.8063846266093457,0.7207792207792207,0.7253352707898162,0.7207792207792207,0.7207792207792207,0.7207792207792207,0.7374618003530157
5,biMeanInfgain,minmax,mixup,RandomUnderSampler,random_forest,first,0.5,0.1,42,2026-02-20 16:25:33,20260220-161321,log/pimaindians_diabetes/5/biMeanInfgain/minmax__mixup__RandomUnderSampler/random_forest,1771575212296_720c096117715759330312180,0.7402597402597403,0.7510162601626016,0.7744444444444445,0.7366621067031465,0.8004962517157639,0.7402597402597403,0.745856059125553,0.7402597402597403,0.7402597402597403,0.7402597402597403,0.7510773166104818
5,biMeanInfgain,minmax,mixup,RandomUnderSampler,random_forest,first,0.5,0.2,42,2026-02-20 16:25:34,20260220-161321,log/pimaindians_diabetes/5/biMeanInfgain/minmax__mixup__RandomUnderSampler/random_forest,1771575212296_720c096117715759341923979,0.7142857142857143,0.7123819163292847,0.7331481481481481,0.7071737251512532,0.7561692693271641,0.7142857142857143,0.7208050376589703,0.7142857142857143,0.7142857142857143,0.7142857142857143,0.7200810335162787
5,biMeanInfgain,minmax,mixup,RandomUnderSampler,random_forest,last,0.35,0.1,42,2026-02-20 16:25:34,20260220-161321,log/pimaindians_diabetes/5/biMeanInfgain/mixup__RandomUnderSampler__minmax/random_forest,1771575212296_720c096117715759348190828,0.7402597402597403,0.7732638888888889,0.7914814814814815,0.7391598915989159,0.831655844155844,0.7402597402597403,0.7442191954387076,0.7402597402597403,0.7402597402597403,0.7402597402597403,0.758250880612161
5,biMeanInfgain,minmax,mixup,RandomUnderSampler,random_forest,last,0.35,0.2,42,2026-02-20 16:25:35,20260220-161321,log/pimaindians_diabetes/5/biMeanInfgain/mixup__RandomUnderSampler__minmax/random_forest,1771575212296_720c096117715759359724926,0.6753246753246753,0.7189716312056738,0.7287037037037037,0.6748310810810811,0.7780233950446716,0.6753246753246753,0.6786153036153036,0.6753246753246753,0.6753246753246753,0.6753246753246753,0.6957167008297327
5,biMeanInfgain,minmax,mixup,RandomUnderSampler,random_forest,last,0.5,0.1,42,2026-02-20 16:25:35,20260220-161321,log/pimaindians_diabetes/5/biMeanInfgain/mixup__RandomUnderSampler__minmax/random_forest,1771575212296_720c096117715759353951629,0.7402597402597403,0.7422402159244265,0.7659259259259259,0.7348484848484849,0.7877911562122089,0.7402597402597403,0.7461629279811098,0.7402597402597403,0.7402597402597403,0.7402597402597403,0.7478513378345913
5,biMeanInfgain,minmax,mixup,RandomUnderSampler,random_forest,last,0.5,0.2,42,2026-02-20 16:25:36,20260220-161321,log/pimaindians_diabetes/5/biMeanInfgain/mixup__RandomUnderSampler__minmax/random_forest,1771575212296_720c096117715759365409211,0.7207792207792207,0.7002442002442002,0.7125925925925927,0.7036738712131383,0.7339803054088768,0.7207792207792207,0.7249399814844841,0.7207792207792207,0.7207792207792207,0.7207792207792207,0.7172854760408984
5,biMeanInfgain,minmax,mixup,SMOTE,random_forest,first,0.35,0.1,42,2026-02-20 16:25:37,20260220-161321,log/pimaindians_diabetes/5/biMeanInfgain/minmax__mixup__SMOTE/random_forest,1771575212296_720c096117715759372823749,0.7142857142857143,0.7349521203830369,0.7544444444444445,0.7119047619047619,0.7877662692984169,0.7142857142857143,0.7197278911564625,0.7142857142857143,0.7142857142857143,0.7142857142857143,0.728175467086059
5,biMeanInfgain,minmax,mixup,SMOTE,random_forest,first,0.35,0.2,42,2026-02-20 16:25:38,20260220-161321,log/pimaindians_diabetes/5/biMeanInfgain/minmax__mixup__SMOTE/random_forest,1771575212296_720c096117715759386316569,0.7207792207792207,0.7442957625664779,0.7637037037037038,0.718775215526394,0.7983838086771694,0.7207792207792207,0.7258663110363963,0.7207792207792207,0.7207792207792207,0.7207792207792207,0.7356462447908417
5,biMeanInfgain,minmax,mixup,SMOTE,random_forest,first,0.5,0.1,42,2026-02-20 16:25:37,20260220-161321,log/pimaindians_diabetes/5/biMeanInfgain/minmax__mixup__SMOTE/random_forest,1771575212296_720c096117715759379747934,0.7402597402597403,0.7347972972972974,0.7574074074074073,0.7326388888888888,0.7766760266760268,0.7402597402597403,0.7461219336219337,0.7402597402597403,0.7402597402597403,0.7402597402597403,0.7448060926185925
5,biMeanInfgain,minmax,mixup,SMOTE,random_forest,first,0.5,0.2,42,2026-02-20 16:25:39,20260220-161321,log/pimaindians_diabetes/5/biMeanInfgain/minmax__mixup__SMOTE/random_forest,1771575212296_720c096117715759392980624,0.7597402597402597,0.7468883205456096,0.7681481481481481,0.7495934959349594,0.7838376457302288,0.7597402597402597,0.7646499841621792,0.7597402597402597,0.7597402597402597,0.7597402597402597,0.7609200373530732
5,biMeanInfgain,minmax,mixup,SMOTE,random_forest,last,0.35,0.1,42,2026-02-20 16:25:40,20260220-161321,log/pimaindians_diabetes/5/biMeanInfgain/mixup__SMOTE__minmax/random_forest,1771575212296_720c096117715759400298978,0.7662337662337663,0.7876196990424076,0.8114814814814815,0.7642857142857142,0.8422726384422691,0.7662337662337663,0.7706864564007421,0.7662337662337663,0.7662337662337663,0.7662337662337663,0.7808767139930907
5,biMeanInfgain,minmax,mixup,SMOTE,random_forest,last,0.35,0.2,42,2026-02-20 16:25:41,20260220-161321,log/pimaindians_diabetes/5/biMeanInfgain/mixup__SMOTE__minmax/random_forest,1771575212296_720c096117715759413994483,0.7142857142857143,0.7465277777777778,0.7629629629629631,0.7130758807588076,0.8035714285714286,0.7142857142857143,0.7186411149825784,0.7142857142857143,0.7142857142857143,0.7142857142857143,0.7317780520067104
5,biMeanInfgain,minmax,mixup,SMOTE,random_forest,last,0.5,0.1,42,2026-02-20 16:25:40,20260220-161321,log/pimaindians_diabetes/5/biMeanInfgain/mixup__SMOTE__minmax/random_forest,1771575212296_720c096117715759407282551,0.7922077922077922,0.773492286115007,0.788888888888889,0.7787356321839081,0.8021893954572776,0.7922077922077922,0.7950440364233468,0.7922077922077922,0.7922077922077922,0.7922077922077922,0.7894071242203224
5,biMeanInfgain,minmax,mixup,SMOTE,random_forest,last,0.5,0.2,42,2026-02-20 16:25:42,20260220-161321,log/pimaindians_diabetes/5/biMeanInfgain/mixup__SMOTE__minmax/random_forest,1771575212296_720c096117715759420586809,0.7077922077922078,0.6847347082672307,0.6940740740740741,0.6877675152061276,0.7178798638343852,0.7077922077922078,0.7113863833845812,0.7077922077922078,0.7077922077922078,0.7077922077922078,0.7026588325230584
5,biMeanInfgain,minmax,mixup,TomekLinks,random_forest,first,0.35,0.1,42,2026-02-20 16:25:42,20260220-161321,log/pimaindians_diabetes/5/biMeanInfgain/minmax__mixup__TomekLinks/random_forest,1771575212296_720c096117715759427268152,0.7142857142857143,0.7465277777777778,0.7629629629629631,0.7130758807588076,0.8035714285714286,0.7142857142857143,0.7186411149825784,0.7142857142857143,0.7142857142857143,0.7142857142857143,0.7317780520067104
5,biMeanInfgain,minmax,mixup,TomekLinks,random_forest,first,0.35,0.2,42,2026-02-20 16:25:43,20260220-161321,log/pimaindians_diabetes/5/biMeanInfgain/minmax__mixup__TomekLinks/random_forest,1771575212296_720c096117715759439703167,0.7077922077922078,0.7310859495625321,0.7494444444444444,0.7056949929927379,0.7846615556342782,0.7077922077922078,0.7131159068985544,0.7077922077922078,0.7077922077922078,0.7077922077922078,0.7224577130647023
5,biMeanInfgain,minmax,mixup,TomekLinks,random_forest,first,0.5,0.1,42,2026-02-20 16:25:43,20260220-161321,log/pimaindians_diabetes/5/biMeanInfgain/minmax__mixup__TomekLinks/random_forest,1771575212296_720c096117715759433561389,0.7792207792207793,0.7706639566395664,0.7959259259259259,0.7716727716727716,0.8100253405131456,0.7792207792207793,0.7840730697873554,0.7792207792207793,0.7792207792207793,0.7792207792207793,0.7827117102151944
5,biMeanInfgain,minmax,mixup,TomekLinks,random_forest,first,0.5,0.2,42,2026-02-20 16:25:44,20260220-161321,log/pimaindians_diabetes/5/biMeanInfgain/minmax__mixup__TomekLinks/random_forest,1771575212296_720c096117715759445840584,0.7467532467532467,0.7254539044597215,0.7368518518518519,0.7293985131786438,0.7560717090066641,0.7467532467532467,0.7498681989333036,0.7467532467532467,0.7467532467532467,0.7467532467532466,0.7424290520499145
5,biMeanInfgain,minmax,mixup,TomekLinks,random_forest,last,0.35,0.1,42,2026-02-20 16:25:45,20260220-161321,log/pimaindians_diabetes/5/biMeanInfgain/mixup__TomekLinks__minmax/random_forest,1771575212296_720c096117715759452531905,0.7402597402597403,0.7510162601626016,0.7744444444444445,0.7366621067031465,0.8004962517157639,0.7402597402597403,0.745856059125553,0.7402597402597403,0.7402597402597403,0.7402597402597403,0.7510773166104818
5,biMeanInfgain,minmax,mixup,TomekLinks,random_forest,last,0.35,0.2,42,2026-02-20 16:25:46,20260220-161321,log/pimaindians_diabetes/5/biMeanInfgain/mixup__TomekLinks__minmax/random_forest,1771575212296_720c096117715759464918769,0.7337662337662337,0.7469031053792634,0.7694444444444444,0.7304819225679771,0.7972611132292108,0.7337662337662337,0.7393688822809069,0.7337662337662337,0.7337662337662337,0.7337662337662337,0.7453449805391177
5,biMeanInfgain,minmax,mixup,TomekLinks,random_forest,last,0.5,0.1,42,2026-02-20 16:25:45,20260220-161321,log/pimaindians_diabetes/5/biMeanInfgain/mixup__TomekLinks__minmax/random_forest,1771575212296_720c096117715759458794161,0.7402597402597403,0.7347972972972974,0.7574074074074073,0.7326388888888888,0.7766760266760268,0.7402597402597403,0.7461219336219337,0.7402597402597403,0.7402597402597403,0.7402597402597403,0.7448060926185925
5,biMeanInfgain,minmax,mixup,TomekLinks,random_forest,last,0.5,0.2,42,2026-02-20 16:25:47,20260220-161321,log/pimaindians_diabetes/5/biMeanInfgain/mixup__TomekLinks__minmax/random_forest,1771575212296_720c096117715759471052299,0.7597402597402597,0.7444673185795162,0.7638888888888888,0.7481769567331065,0.7795950832492263,0.7597402597402597,0.7642955003188352,0.7597402597402597,0.7597402597402597,0.7597402597402597,0.7595621015256582
5,biMeanInfgain,minmax,mixup,noImbl,random_forest,first,0.35,0.1,42,2026-02-20 16:25:47,20260220-161321,log/pimaindians_diabetes/5/biMeanInfgain/minmax__mixup__noImbl/random_forest,1771575212296_720c096117715759477738969,0.7272727272727273,0.7428571428571429,0.7644444444444445,0.7242966751918158,0.7940630797773655,0.7272727272727273,0.7328528249244362,0.7272727272727273,0.7272727272727273,0.7272727272727273,0.7396179826344239
5,biMeanInfgain,minmax,mixup,noImbl,random_forest,first,0.35,0.2,42,2026-02-20 16:25:49,20260220-161321,log/pimaindians_diabetes/5/biMeanInfgain/minmax__mixup__noImbl/random_forest,1771575212296_720c096117715759491959092,0.7142857142857143,0.7297619047619048,0.7501851851851852,0.7111679454390452,0.7806122448979592,0.7142857142857143,0.7201315308732189,0.7142857142857143,0.7142857142857143,0.7142857142857143,0.7264651406456301
5,biMeanInfgain,minmax,mixup,noImbl,random_forest,first,0.5,0.1,42,2026-02-20 16:25:48,20260220-161321,log/pimaindians_diabetes/5/biMeanInfgain/minmax__mixup__noImbl/random_forest,1771575212296_720c096117715759484036551,0.7922077922077922,0.780952380952381,0.8059259259259259,0.7840112201963534,0.8179344465058752,0.7922077922077922,0.7965792972805595,0.7922077922077922,0.7922077922077922,0.7922077922077922,0.794452969843072
5,biMeanInfgain,minmax,mixup,noImbl,random_forest,first,0.5,0.2,42,2026-02-20 16:25:49,20260220-161321,log/pimaindians_diabetes/5/biMeanInfgain/minmax__mixup__noImbl/random_forest,1771575212296_720c096117715759498034452,0.6948051948051948,0.6691347011596789,0.6755555555555556,0.671522577717268,0.7019358874845048,0.6948051948051948,0.697644538352503,0.6948051948051948,0.6948051948051948,0.6948051948051948,0.6879597597525173
5,biMeanInfgain,minmax,mixup,noImbl,random_forest,last,0.35,0.1,42,2026-02-20 16:25:50,20260220-161321,log/pimaindians_diabetes/5/biMeanInfgain/mixup__noImbl__minmax/random_forest,1771575212296_720c096117715759504634163,0.7272727272727273,0.7428571428571429,0.7644444444444445,0.7242966751918158,0.7940630797773655,0.7272727272727273,0.7328528249244362,0.7272727272727273,0.7272727272727273,0.7272727272727273,0.7396179826344239
5,biMeanInfgain,minmax,mixup,noImbl,random_forest,last,0.35,0.2,42,2026-02-20 16:25:51,20260220-161321,log/pimaindians_diabetes/5/biMeanInfgain/mixup__noImbl__minmax/random_forest,1771575212296_720c096117715759517105103,0.7077922077922078,0.7207704055659256,0.740925925925926,0.7041874759892431,0.7705201636985108,0.7077922077922078,0.7139414561619709,0.7077922077922078,0.7077922077922078,0.7077922077922078,0.7190578724586014
5,biMeanInfgain,minmax,mixup,noImbl,random_forest,last,0.5,0.1,42,2026-02-20 16:25:51,20260220-161321,log/pimaindians_diabetes/5/biMeanInfgain/mixup__noImbl__minmax/random_forest,1771575212296_720c096117715759510977112,0.8051948051948052,0.7967479674796748,0.8244444444444444,0.7985347985347986,0.8356034209692746,0.8051948051948052,0.8094762380476666,0.8051948051948052,0.8051948051948052,0.8051948051948051,0.8089591608546309
5,biMeanInfgain,minmax,mixup,noImbl,random_forest,last,0.5,0.2,42,2026-02-20 16:25:52,20260220-161321,log/pimaindians_diabetes/5/biMeanInfgain/mixup__noImbl__minmax/random_forest,1771575212296_720c096117715759523186952,0.6948051948051948,0.6711616428697338,0.6798148148148149,0.6738905158819555,0.705149248776959,0.6948051948051948,0.698559111535007,0.6948051948051948,0.6948051948051948,0.6948051948051948,0.6894020926807729
5,biMeanInfgain,minmax,noAug,ADASYN,random_forest,first,0.35,0.1,42,2026-02-20 16:25:52,20260220-161321,log/pimaindians_diabetes/5/biMeanInfgain/minmax__noAug__ADASYN/random_forest,1771575212296_720c096117715759529110279,0.6493506493506493,0.712962962962963,0.712962962962963,0.6493506493506493,0.7765752765752767,0.6493506493506493,0.6493506493506493,0.6493506493506493,0.6493506493506493,0.6493506493506493,0.6747955747955746
5,biMeanInfgain,minmax,noAug,ADASYN,random_forest,first,0.35,0.2,42,2026-02-20 16:25:54,20260220-161321,log/pimaindians_diabetes/5/biMeanInfgain/minmax__noAug__ADASYN/random_forest,1771575212296_720c096117715759540155151,0.6753246753246753,0.7189716312056738,0.7287037037037037,0.6748310810810811,0.7780233950446716,0.6753246753246753,0.6786153036153036,0.6753246753246753,0.6753246753246753,0.6753246753246753,0.6957167008297327
5,biMeanInfgain,minmax,noAug,ADASYN,random_forest,first,0.5,0.1,42,2026-02-20 16:25:53,20260220-161321,log/pimaindians_diabetes/5/biMeanInfgain/minmax__noAug__ADASYN/random_forest,1771575212296_720c096117715759534687369,0.7272727272727273,0.7184959349593496,0.7388888888888889,0.717948717948718,0.7588691796008868,0.7272727272727273,0.7332667332667333,0.7272727272727273,0.7272727272727273,0.7272727272727273,0.730216808936321
5,biMeanInfgain,minmax,noAug,ADASYN,random_forest,first,0.5,0.2,42,2026-02-20 16:25:54,20260220-161321,log/pimaindians_diabetes/5/biMeanInfgain/minmax__noAug__ADASYN/random_forest,1771575212296_720c096117715759545502254,0.7207792207792207,0.7170464135021097,0.7381481481481482,0.7132216014897579,0.7599736971888872,0.7207792207792207,0.7271276209823695,0.7207792207792207,0.7207792207792207,0.7207792207792207,0.7258808975664217
5,biMeanInfgain,minmax,noAug,ADASYN,random_forest,last,0.35,0.1,42,2026-02-20 16:25:55,20260220-161321,log/pimaindians_diabetes/5/biMeanInfgain/noAug__ADASYN__minmax/random_forest,1771575212296_720c096117715759551371241,0.7272727272727273,0.78125,0.79,0.7270886075949368,0.8465909090909091,0.7272727272727273,0.7292059838895282,0.7272727272727273,0.7272727272727273,0.7272727272727273,0.7511373705408515
5,biMeanInfgain,minmax,noAug,ADASYN,random_forest,last,0.35,0.2,42,2026-02-20 16:25:56,20260220-161321,log/pimaindians_diabetes/5/biMeanInfgain/noAug__ADASYN__minmax/random_forest,1771575212296_720c096117715759562365106,0.7012987012987013,0.7394810659186536,0.7529629629629631,0.7004904447826822,0.7980273583359138,0.7012987012987013,0.7051379197497919,0.7012987012987013,0.7012987012987013,0.7012987012987013,0.7204108739211045
5,biMeanInfgain,minmax,noAug,ADASYN,random_forest,last,0.5,0.1,42,2026-02-20 16:25:55,20260220-161321,log/pimaindians_diabetes/5/biMeanInfgain/noAug__ADASYN__minmax/random_forest,1771575212296_720c096117715759556950159,0.7662337662337663,0.7682186234817814,0.7944444444444444,0.7613636363636364,0.8138703401861297,0.7662337662337663,0.7715466351829988,0.7662337662337663,0.7662337662337663,0.7662337662337663,0.7740833880367372
5,biMeanInfgain,minmax,noAug,ADASYN,random_forest,last,0.5,0.2,42,2026-02-20 16:25:56,20260220-161321,log/pimaindians_diabetes/5/biMeanInfgain/noAug__ADASYN__minmax/random_forest,1771575212296_720c096117715759567799084,0.7272727272727273,0.7184959349593496,0.7388888888888889,0.717948717948718,0.7588691796008868,0.7272727272727273,0.7332667332667333,0.7272727272727273,0.7272727272727273,0.7272727272727273,0.730216808936321
5,biMeanInfgain,minmax,noAug,RandomUnderSampler,random_forest,first,0.35,0.1,42,2026-02-20 16:25:57,20260220-161321,log/pimaindians_diabetes/5/biMeanInfgain/minmax__noAug__RandomUnderSampler/random_forest,1771575212296_720c096117715759573221194,0.6883116883116883,0.7197916666666666,0.7344444444444445,0.6869918699186992,0.775487012987013,0.6883116883116883,0.6930630345264491,0.6883116883116883,0.6883116883116883,0.6883116883116883,0.7053052234012599
5,biMeanInfgain,minmax,noAug,RandomUnderSampler,random_forest,first,0.35,0.2,42,2026-02-20 16:25:58,20260220-161321,log/pimaindians_diabetes/5/biMeanInfgain/minmax__noAug__RandomUnderSampler/random_forest,1771575212296_720c096117715759584164555,0.7077922077922078,0.742979242979243,0.757962962962963,0.7067907763909457,0.8007865150722293,0.7077922077922078,0.7119092035529522,0.7077922077922078,0.7077922077922078,0.7077922077922078,0.7260947522099112
5,biMeanInfgain,minmax,noAug,RandomUnderSampler,random_forest,first,0.5,0.1,42,2026-02-20 16:25:57,20260220-161321,log/pimaindians_diabetes/5/biMeanInfgain/minmax__noAug__RandomUnderSampler/random_forest,1771575212296_720c096117715759579167016,0.7402597402597403,0.7422402159244265,0.7659259259259259,0.7348484848484849,0.7877911562122089,0.7402597402597403,0.7461629279811098,0.7402597402597403,0.7402597402597403,0.7402597402597403,0.7478513378345913
5,biMeanInfgain,minmax,noAug,RandomUnderSampler,random_forest,first,0.5,0.2,42,2026-02-20 16:25:58,20260220-161321,log/pimaindians_diabetes/5/biMeanInfgain/minmax__noAug__RandomUnderSampler/random_forest,1771575212296_720c096117715759589154572,0.6948051948051948,0.6812446717817562,0.6968518518518518,0.6819160624038674,0.7202311754741422,0.6948051948051948,0.701041871773579,0.6948051948051948,0.6948051948051948,0.6948051948051948,0.6951985379594698
5,biMeanInfgain,minmax,noAug,RandomUnderSampler,random_forest,last,0.35,0.1,42,2026-02-20 16:25:59,20260220-161321,log/pimaindians_diabetes/5/biMeanInfgain/noAug__RandomUnderSampler__minmax/random_forest,1771575212296_720c096117715759594526501,0.7142857142857143,0.7349521203830369,0.7544444444444445,0.7119047619047619,0.7877662692984169,0.7142857142857143,0.7197278911564625,0.7142857142857143,0.7142857142857143,0.7142857142857143,0.728175467086059
5,biMeanInfgain,minmax,noAug,RandomUnderSampler,random_forest,last,0.35,0.2,42,2026-02-20 16:26:00,20260220-161321,log/pimaindians_diabetes/5/biMeanInfgain/noAug__RandomUnderSampler__minmax/random_forest,1771575212296_720c096117715759604630950,0.7077922077922078,0.742979242979243,0.757962962962963,0.7067907763909457,0.8007865150722293,0.7077922077922078,0.7119092035529522,0.7077922077922078,0.7077922077922078,0.7077922077922078,0.7260947522099112
5,biMeanInfgain,minmax,noAug,RandomUnderSampler,random_forest,last,0.5,0.1,42,2026-02-20 16:25:59,20260220-161321,log/pimaindians_diabetes/5/biMeanInfgain/noAug__RandomUnderSampler__minmax/random_forest,1771575212296_720c096117715759599593205,0.7792207792207793,0.7706639566395664,0.7959259259259259,0.7716727716727716,0.8100253405131456,0.7792207792207793,0.7840730697873554,0.7792207792207793,0.7792207792207793,0.7792207792207793,0.7827117102151944
5,biMeanInfgain,minmax,noAug,RandomUnderSampler,random_forest,last,0.5,0.2,42,2026-02-20 16:26:00,20260220-161321,log/pimaindians_diabetes/5/biMeanInfgain/noAug__RandomUnderSampler__minmax/random_forest,1771575212296_720c096117715759609651241,0.6948051948051948,0.6812446717817562,0.6968518518518518,0.6819160624038674,0.7202311754741422,0.6948051948051948,0.701041871773579,0.6948051948051948,0.6948051948051948,0.6948051948051948,0.6951985379594698
5,biMeanInfgain,minmax,noAug,SMOTE,random_forest,first,0.35,0.1,42,2026-02-20 16:26:01,20260220-161321,log/pimaindians_diabetes/5/biMeanInfgain/minmax__noAug__SMOTE/random_forest,1771575212296_720c096117715759615475940,0.6753246753246753,0.7124824684431976,0.7244444444444444,0.6744461356333502,0.7694577512249321,0.6753246753246753,0.6794977388584694,0.6753246753246753,0.6753246753246753,0.6753246753246753,0.6938599177149003
5,biMeanInfgain,minmax,noAug,SMOTE,random_forest,first,0.35,0.2,42,2026-02-20 16:26:02,20260220-161321,log/pimaindians_diabetes/5/biMeanInfgain/minmax__noAug__SMOTE/random_forest,1771575212296_720c096117715759626330643,0.7077922077922078,0.7368193604148661,0.7537037037037038,0.7062937062937062,0.7924547362749611,0.7077922077922078,0.7125601671056216,0.7077922077922078,0.7077922077922078,0.7077922077922078,0.7242427441661353
5,biMeanInfgain,minmax,noAug,SMOTE,random_forest,first,0.5,0.1,42,2026-02-20 16:26:02,20260220-161321,log/pimaindians_diabetes/5/biMeanInfgain/minmax__noAug__SMOTE/random_forest,1771575212296_720c096117715759621042217,0.7272727272727273,0.7253711201079622,0.7474074074074074,0.7204840103716508,0.7691080848975587,0.7272727272727273,0.7334957177653806,0.7272727272727273,0.7272727272727273,0.7272727272727273,0.7331947113709383
5,biMeanInfgain,minmax,noAug,SMOTE,random_forest,first,0.5,0.2,42,2026-02-20 16:26:03,20260220-161321,log/pimaindians_diabetes/5/biMeanInfgain/minmax__noAug__SMOTE/random_forest,1771575212296_720c096117715759631706911,0.7337662337662337,0.7206308610400682,0.7396296296296296,0.7225225225225225,0.7583950576277941,0.7337662337662337,0.7392067392067392,0.7337662337662337,0.7337662337662337,0.7337662337662337,0.7346314375956317
5,biMeanInfgain,minmax,noAug,SMOTE,random_forest,last,0.35,0.1,42,2026-02-20 16:26:03,20260220-161321,log/pimaindians_diabetes/5/biMeanInfgain/noAug__SMOTE__minmax/random_forest,1771575212296_720c096117715759637529631,0.7402597402597403,0.7732638888888889,0.7914814814814815,0.7391598915989159,0.831655844155844,0.7402597402597403,0.7442191954387076,0.7402597402597403,0.7402597402597403,0.7402597402597403,0.758250880612161
5,biMeanInfgain,minmax,noAug,SMOTE,random_forest,last,0.35,0.2,42,2026-02-20 16:26:04,20260220-161321,log/pimaindians_diabetes/5/biMeanInfgain/noAug__SMOTE__minmax/random_forest,1771575212296_720c096117715759648565937,0.7142857142857143,0.7465277777777778,0.7629629629629631,0.7130758807588076,0.8035714285714286,0.7142857142857143,0.7186411149825784,0.7142857142857143,0.7142857142857143,0.7142857142857143,0.7317780520067104
5,biMeanInfgain,minmax,noAug,SMOTE,random_forest,last,0.5,0.1,42,2026-02-20 16:26:04,20260220-161321,log/pimaindians_diabetes/5/biMeanInfgain/noAug__SMOTE__minmax/random_forest,1771575212296_720c096117715759643084419,0.7792207792207793,0.7706639566395664,0.7959259259259259,0.7716727716727716,0.8100253405131456,0.7792207792207793,0.7840730697873554,0.7792207792207793,0.7792207792207793,0.7792207792207793,0.7827117102151944
5,biMeanInfgain,minmax,noAug,SMOTE,random_forest,last,0.5,0.2,42,2026-02-20 16:26:05,20260220-161321,log/pimaindians_diabetes/5/biMeanInfgain/noAug__SMOTE__minmax/random_forest,1771575212296_720c096117715759653949590,0.7467532467532467,0.7430379746835443,0.7666666666666666,0.739898661816292,0.7857636034851223,0.7467532467532467,0.7525110981002887,0.7467532467532467,0.7467532467532467,0.7467532467532466,0.7521095871723191
5,biMeanInfgain,minmax,noAug,TomekLinks,random_forest,first,0.35,0.1,42,2026-02-20 16:26:05,20260220-161321,log/pimaindians_diabetes/5/biMeanInfgain/minmax__noAug__TomekLinks/random_forest,1771575212296_720c096117715759659447587,0.7142857142857143,0.7349521203830369,0.7544444444444445,0.7119047619047619,0.7877662692984169,0.7142857142857143,0.7197278911564625,0.7142857142857143,0.7142857142857143,0.7142857142857143,0.728175467086059
5,biMeanInfgain,minmax,noAug,TomekLinks,random_forest,first,0.35,0.2,42,2026-02-20 16:26:07,20260220-161321,log/pimaindians_diabetes/5/biMeanInfgain/minmax__noAug__TomekLinks/random_forest,1771575212296_720c096117715759670007072,0.7142857142857143,0.740530303030303,0.7587037037037037,0.7125403020532836,0.795405352223534,0.7142857142857143,0.719231048944268,0.7142857142857143,0.7142857142857143,0.7142857142857143,0.7299439242596724
5,biMeanInfgain,minmax,noAug,TomekLinks,random_forest,first,0.5,0.1,42,2026-02-20 16:26:06,20260220-161321,log/pimaindians_diabetes/5/biMeanInfgain/minmax__noAug__TomekLinks/random_forest,1771575212296_720c096117715759664714241,0.7662337662337663,0.7608108108108108,0.7859259259259259,0.759375,0.8023868023868024,0.7662337662337663,0.7715097402597403,0.7662337662337663,0.7662337662337663,0.7662337662337663,0.7710385714448212
5,biMeanInfgain,minmax,noAug,TomekLinks,random_forest,first,0.5,0.2,42,2026-02-20 16:26:07,20260220-161321,log/pimaindians_diabetes/5/biMeanInfgain/minmax__noAug__TomekLinks/random_forest,1771575212296_720c096117715759675059949,0.7532467532467533,0.747804054054054,0.7716666666666667,0.7460069444444444,0.7895314145314145,0.7532467532467533,0.7588158369408369,0.7532467532467533,0.7532467532467533,0.7532467532467532,0.7579223320317068
5,biMeanInfgain,minmax,noAug,TomekLinks,random_forest,last,0.35,0.1,42,2026-02-20 16:26:08,20260220-161321,log/pimaindians_diabetes/5/biMeanInfgain/noAug__TomekLinks__minmax/random_forest,1771575212296_720c096117715759680647932,0.7142857142857143,0.7249322493224932,0.7459259259259259,0.710328317373461,0.7739063104916764,0.7142857142857143,0.7204416650381084,0.7142857142857143,0.7142857142857143,0.7142857142857143,0.7248062316500304
5,biMeanInfgain,minmax,noAug,TomekLinks,random_forest,last,0.35,0.2,42,2026-02-20 16:26:09,20260220-161321,log/pimaindians_diabetes/5/biMeanInfgain/noAug__TomekLinks__minmax/random_forest,1771575212296_720c096117715759690877619,0.7207792207792207,0.7442957625664779,0.7637037037037038,0.718775215526394,0.7983838086771694,0.7207792207792207,0.7258663110363963,0.7207792207792207,0.7207792207792207,0.7207792207792207,0.7356462447908417
5,biMeanInfgain,minmax,noAug,TomekLinks,random_forest,last,0.5,0.1,42,2026-02-20 16:26:08,20260220-161321,log/pimaindians_diabetes/5/biMeanInfgain/noAug__TomekLinks__minmax/random_forest,1771575212296_720c096117715759685815014,0.7532467532467533,0.7513495276653172,0.7759259259259259,0.747104580812446,0.7949857160383476,0.7532467532467533,0.7588770779782017,0.7532467532467533,0.7532467532467533,0.7532467532467532,0.7594220670802572
5,biMeanInfgain,minmax,noAug,TomekLinks,random_forest,last,0.5,0.2,42,2026-02-20 16:26:09,20260220-161321,log/pimaindians_diabetes/5/biMeanInfgain/noAug__TomekLinks__minmax/random_forest,1771575212296_720c096117715759696012075,0.7337662337662337,0.7206308610400682,0.7396296296296296,0.7225225225225225,0.7583950576277941,0.7337662337662337,0.7392067392067392,0.7337662337662337,0.7337662337662337,0.7337662337662337,0.7346314375956317
5,biMeanInfgain,minmax,noAug,noImbl,random_forest,first,0.35,0.1,42,2026-02-20 16:26:10,20260220-161321,log/pimaindians_diabetes/5/biMeanInfgain/minmax__noAug__noImbl/random_forest,1771575212296_720c096117715759701462789,0.7012987012987013,0.7166666666666667,0.7359259259259259,0.6980392156862745,0.7671614100185529,0.7012987012987013,0.7074102368220015,0.7012987012987013,0.7012987012987013,0.7012987012987013,0.7133122986568362
5,biMeanInfgain,minmax,noAug,noImbl,random_forest,first,0.35,0.2,42,2026-02-20 16:26:11,20260220-161321,log/pimaindians_diabetes/5/biMeanInfgain/minmax__noAug__noImbl/random_forest,1771575212296_720c096117715759711599431,0.7207792207792207,0.7248101265822785,0.7466666666666667,0.7154887218045113,0.771165543317442,0.7207792207792207,0.7270774338443511,0.7207792207792207,0.7207792207792207,0.7207792207792207,0.7289608453156562
5,biMeanInfgain,minmax,noAug,noImbl,random_forest,first,0.5,0.1,42,2026-02-20 16:26:10,20260220-161321,log/pimaindians_diabetes/5/biMeanInfgain/minmax__noAug__noImbl/random_forest,1771575212296_720c096117715759706566096,0.7402597402597403,0.7347972972972974,0.7574074074074073,0.7326388888888888,0.7766760266760268,0.7402597402597403,0.7461219336219337,0.7402597402597403,0.7402597402597403,0.7402597402597403,0.7448060926185925
5,biMeanInfgain,minmax,noAug,noImbl,random_forest,first,0.5,0.2,42,2026-02-20 16:26:11,20260220-161321,log/pimaindians_diabetes/5/biMeanInfgain/minmax__noAug__noImbl/random_forest,1771575212296_720c096117715759716646947,0.7077922077922078,0.6828724353256022,0.6898148148148149,0.685500340367597,0.7147143668107093,0.7077922077922078,0.7105107282098433,0.7077922077922078,0.7077922077922078,0.7077922077922078,0.7012587050986117
5,biMeanInfgain,minmax,noAug,noImbl,random_forest,last,0.35,0.1,42,2026-02-20 16:26:12,20260220-161321,log/pimaindians_diabetes/5/biMeanInfgain/noAug__noImbl__minmax/random_forest,1771575212296_720c096117715759722158970,0.7012987012987013,0.7166666666666667,0.7359259259259259,0.6980392156862745,0.7671614100185529,0.7012987012987013,0.7074102368220015,0.7012987012987013,0.7012987012987013,0.7012987012987013,0.7133122986568362
5,biMeanInfgain,minmax,noAug,noImbl,random_forest,last,0.35,0.2,42,2026-02-20 16:26:13,20260220-161321,log/pimaindians_diabetes/5/biMeanInfgain/noAug__noImbl__minmax/random_forest,1771575212296_720c096117715759732413798,0.7207792207792207,0.7248101265822785,0.7466666666666667,0.7154887218045113,0.771165543317442,0.7207792207792207,0.7270774338443511,0.7207792207792207,0.7207792207792207,0.7207792207792207,0.7289608453156562
5,biMeanInfgain,minmax,noAug,noImbl,random_forest,last,0.5,0.1,42,2026-02-20 16:26:12,20260220-161321,log/pimaindians_diabetes/5/biMeanInfgain/noAug__noImbl__minmax/random_forest,1771575212296_720c096117715759727308231,0.7402597402597403,0.7347972972972974,0.7574074074074073,0.7326388888888888,0.7766760266760268,0.7402597402597403,0.7461219336219337,0.7402597402597403,0.7402597402597403,0.7402597402597403,0.7448060926185925
5,biMeanInfgain,minmax,noAug,noImbl,random_forest,last,0.5,0.2,42,2026-02-20 16:26:13,20260220-161321,log/pimaindians_diabetes/5/biMeanInfgain/noAug__noImbl__minmax/random_forest,1771575212296_720c096117715759737499187,0.7077922077922078,0.6828724353256022,0.6898148148148149,0.685500340367597,0.7147143668107093,0.7077922077922078,0.7105107282098433,0.7077922077922078,0.7077922077922078,0.7077922077922078,0.7012587050986117
5,infgain,minmax,gaussian_noise,ADASYN,random_forest,first,0.35,0.1,42,2026-02-20 16:27:39,20260220-161321,log/pimaindians_diabetes/5/infgain/minmax__gaussian_noise__ADASYN/random_forest,1771575212296_720c096117715760597984586,0.5194805194805194,0.6763440860215053,0.6214814814814814,0.5075194468452895,0.7531071079458176,0.5194805194805194,0.4845940576277655,0.5194805194805194,0.5194805194805194,0.5194805194805194,0.5617025010080463
5,infgain,minmax,gaussian_noise,ADASYN,random_forest,first,0.35,0.2,42,2026-02-20 16:27:41,20260220-161321,log/pimaindians_diabetes/5/infgain/minmax__gaussian_noise__ADASYN/random_forest,1771575212296_720c096117715760619252370,0.5194805194805194,0.6381826741996234,0.6087037037037037,0.5128248974008207,0.7047716878225353,0.5194805194805194,0.4958160854193685,0.5194805194805194,0.5194805194805194,0.5194805194805194,0.5542541617878223
5,infgain,minmax,gaussian_noise,ADASYN,random_forest,first,0.5,0.1,42,2026-02-20 16:27:40,20260220-161321,log/pimaindians_diabetes/5/infgain/minmax__gaussian_noise__ADASYN/random_forest,1771575212296_720c096117715760609167000,0.6883116883116883,0.6577777777777778,0.6577777777777778,0.6577777777777778,0.6883116883116883,0.6883116883116883,0.6883116883116883,0.6883116883116883,0.6883116883116883,0.6883116883116883,0.6776248196248196
5,infgain,minmax,gaussian_noise,ADASYN,random_forest,first,0.5,0.2,42,2026-02-20 16:27:42,20260220-161321,log/pimaindians_diabetes/5/infgain/minmax__gaussian_noise__ADASYN/random_forest,1771575212296_720c096117715760629522929,0.6558441558441559,0.6116698093442279,0.5987037037037037,0.6012117066497288,0.6415524555059439,0.6558441558441559,0.6453010516136524,0.6558441558441559,0.6558441558441559,0.6558441558441559,0.6345071729325571
5,infgain,minmax,gaussian_noise,ADASYN,random_forest,last,0.35,0.1,42,2026-02-20 16:27:44,20260220-161321,log/pimaindians_diabetes/5/infgain/gaussian_noise__ADASYN__minmax/random_forest,1771575212296_720c096117715760641394115,0.5064935064935064,0.6424180327868853,0.602962962962963,0.4962121212121212,0.7118905684479455,0.5064935064935066,0.4747146792601338,0.5064935064935064,0.5064935064935064,0.5064935064935064,0.5439635790880202
5,infgain,minmax,gaussian_noise,ADASYN,random_forest,last,0.35,0.2,42,2026-02-20 16:27:46,20260220-161321,log/pimaindians_diabetes/5/infgain/gaussian_noise__ADASYN__minmax/random_forest,1771575212296_720c096117715760662185387,0.3701298701298701,0.4726618705035971,0.4894444444444444,0.3269655327776526,0.5106979351583668,0.3701298701298701,0.2760537502596525,0.3701298701298701,0.3701298701298701,0.3701298701298701,0.3857852655181846
5,infgain,minmax,gaussian_noise,ADASYN,random_forest,last,0.5,0.1,42,2026-02-20 16:27:45,20260220-161321,log/pimaindians_diabetes/5/infgain/gaussian_noise__ADASYN__minmax/random_forest,1771575212296_720c096117715760652240638,0.6493506493506493,0.6642857142857144,0.6788888888888889,0.6455242966751918,0.7133580705009277,0.6493506493506493,0.6565250606171322,0.6493506493506493,0.6493506493506493,0.6493506493506493,0.6607009307016612
5,infgain,minmax,gaussian_noise,ADASYN,random_forest,last,0.5,0.2,42,2026-02-20 16:27:47,20260220-161321,log/pimaindians_diabetes/5/infgain/gaussian_noise__ADASYN__minmax/random_forest,1771575212296_720c096117715760672560875,0.5584415584415584,0.5527027027027027,0.5577777777777778,0.5454861111111111,0.5967005967005967,0.5584415584415584,0.5684072871572872,0.5584415584415584,0.5584415584415584,0.5584415584415584,0.5611787408349906
5,infgain,minmax,gaussian_noise,RandomUnderSampler,random_forest,first,0.35,0.1,42,2026-02-20 16:27:48,20260220-161321,log/pimaindians_diabetes/5/infgain/minmax__gaussian_noise__RandomUnderSampler/random_forest,1771575212296_720c096117715760681189951,0.5584415584415584,0.6925612052730696,0.6514814814814814,0.5523255813953488,0.7677990559346491,0.5584415584415584,0.5366958622772576,0.5584415584415584,0.5584415584415584,0.5584415584415584,0.5979140141964342
5,infgain,minmax,gaussian_noise,RandomUnderSampler,random_forest,first,0.35,0.2,42,2026-02-20 16:27:49,20260220-161321,log/pimaindians_diabetes/5/infgain/minmax__gaussian_noise__RandomUnderSampler/random_forest,1771575212296_720c096117715760695932491,0.4805194805194805,0.6029713114754098,0.5744444444444444,0.4696969696969696,0.6655578028528848,0.4805194805194805,0.4470680834317198,0.4805194805194805,0.4805194805194805,0.4805194805194805,0.5140199060543694
5,infgain,minmax,gaussian_noise,RandomUnderSampler,random_forest,first,0.5,0.1,42,2026-02-20 16:27:48,20260220-161321,log/pimaindians_diabetes/5/infgain/minmax__gaussian_noise__RandomUnderSampler/random_forest,1771575212296_720c096117715760688716563,0.7012987012987013,0.7166666666666667,0.7359259259259259,0.6980392156862745,0.7671614100185529,0.7012987012987013,0.7074102368220015,0.7012987012987013,0.7012987012987013,0.7012987012987013,0.7133122986568362
5,infgain,minmax,gaussian_noise,RandomUnderSampler,random_forest,first,0.5,0.2,42,2026-02-20 16:27:50,20260220-161321,log/pimaindians_diabetes/5/infgain/minmax__gaussian_noise__RandomUnderSampler/random_forest,1771575212296_720c096117715760703279229,0.6818181818181818,0.6652084405558415,0.6783333333333332,0.6665046183762762,0.7034108454592243,0.6818181818181818,0.6878507977195387,0.6818181818181818,0.6818181818181818,0.6818181818181818,0.6805758470764847
5,infgain,minmax,gaussian_noise,RandomUnderSampler,random_forest,last,0.35,0.1,42,2026-02-20 16:27:51,20260220-161321,log/pimaindians_diabetes/5/infgain/gaussian_noise__RandomUnderSampler__minmax/random_forest,1771575212296_720c096117715760711879160,0.4155844155844156,0.6875,0.55,0.3636363636363636,0.7808441558441559,0.4155844155844156,0.3093270365997638,0.4155844155844156,0.4155844155844156,0.4155844155844156,0.4690126918536009
5,infgain,minmax,gaussian_noise,RandomUnderSampler,random_forest,last,0.35,0.2,42,2026-02-20 16:27:52,20260220-161321,log/pimaindians_diabetes/5/infgain/gaussian_noise__RandomUnderSampler__minmax/random_forest,1771575212296_720c096117715760726970170,0.461038961038961,0.6137984496124032,0.567962962962963,0.441224043715847,0.6813651464814255,0.461038961038961,0.4097934852033213,0.461038961038961,0.461038961038961,0.461038961038961,0.4983808696591387
5,infgain,minmax,gaussian_noise,RandomUnderSampler,random_forest,last,0.5,0.1,42,2026-02-20 16:27:51,20260220-161321,log/pimaindians_diabetes/5/infgain/gaussian_noise__RandomUnderSampler__minmax/random_forest,1771575212296_720c096117715760719585798,0.6103896103896104,0.650709219858156,0.6574074074074074,0.6097972972972974,0.7052592797273649,0.6103896103896104,0.6143383643383644,0.6103896103896104,0.6103896103896104,0.6103896103896104,0.629113784100486
5,infgain,minmax,gaussian_noise,RandomUnderSampler,random_forest,last,0.5,0.2,42,2026-02-20 16:27:53,20260220-161321,log/pimaindians_diabetes/5/infgain/gaussian_noise__RandomUnderSampler__minmax/random_forest,1771575212296_720c096117715760734405629,0.6298701298701299,0.6423723061259121,0.6553703703703704,0.6253041362530414,0.6902973151064107,0.6298701298701299,0.6376591778051631,0.6298701298701299,0.6298701298701299,0.6298701298701299,0.6401965482170517
5,infgain,minmax,gaussian_noise,SMOTE,random_forest,first,0.35,0.1,42,2026-02-20 16:27:54,20260220-161321,log/pimaindians_diabetes/5/infgain/minmax__gaussian_noise__SMOTE/random_forest,1771575212296_720c096117715760746781249,0.4675324675324675,0.6183894230769231,0.572962962962963,0.4493284493284493,0.686422952047952,0.4675324675324675,0.4194218479932765,0.4675324675324675,0.4675324675324675,0.4675324675324675,0.5051030654200296
5,infgain,minmax,gaussian_noise,SMOTE,random_forest,first,0.35,0.2,42,2026-02-20 16:27:56,20260220-161321,log/pimaindians_diabetes/5/infgain/minmax__gaussian_noise__SMOTE/random_forest,1771575212296_720c096117715760767394379,0.5714285714285714,0.6570048309178744,0.6444444444444444,0.5702688990360223,0.7204968944099379,0.5714285714285714,0.563600782778865,0.5714285714285714,0.5714285714285714,0.5714285714285714,0.6008464978208872
5,infgain,minmax,gaussian_noise,SMOTE,random_forest,first,0.5,0.1,42,2026-02-20 16:27:55,20260220-161321,log/pimaindians_diabetes/5/infgain/minmax__gaussian_noise__SMOTE/random_forest,1771575212296_720c096117715760757562595,0.6493506493506493,0.6402439024390244,0.6533333333333333,0.6373626373626373,0.6821349382324992,0.6493506493506493,0.6570572284858,0.6493506493506493,0.6493506493506493,0.6493506493506493,0.6514744570180108
5,infgain,minmax,gaussian_noise,SMOTE,random_forest,first,0.5,0.2,42,2026-02-20 16:27:57,20260220-161321,log/pimaindians_diabetes/5/infgain/minmax__gaussian_noise__SMOTE/random_forest,1771575212296_720c096117715760777196031,0.6363636363636364,0.5863095238095237,0.5751851851851851,0.5762578616352201,0.6192022263450834,0.6363636363636364,0.6239279588336192,0.6363636363636364,0.6363636363636364,0.6363636363636364,0.6126430211497595
5,infgain,minmax,gaussian_noise,SMOTE,random_forest,last,0.35,0.1,42,2026-02-20 16:27:58,20260220-161321,log/pimaindians_diabetes/5/infgain/gaussian_noise__SMOTE__minmax/random_forest,1771575212296_720c096117715760788804543,0.5454545454545454,0.6628856624319419,0.6329629629629631,0.5404944586530265,0.7321399109057911,0.5454545454545454,0.5262342090986593,0.5454545454545454,0.5454545454545454,0.5454545454545454,0.5809899719746405
5,infgain,minmax,gaussian_noise,SMOTE,random_forest,last,0.35,0.2,42,2026-02-20 16:28:00,20260220-161321,log/pimaindians_diabetes/5/infgain/gaussian_noise__SMOTE__minmax/random_forest,1771575212296_720c096117715760809392148,0.512987012987013,0.6460055096418733,0.607962962962963,0.5037593984962405,0.7155379056205502,0.512987012987013,0.4835465286593104,0.512987012987013,0.512987012987013,0.512987012987013,0.5502413320906764
5,infgain,minmax,gaussian_noise,SMOTE,random_forest,last,0.5,0.1,42,2026-02-20 16:27:59,20260220-161321,log/pimaindians_diabetes/5/infgain/gaussian_noise__SMOTE__minmax/random_forest,1771575212296_720c096117715760799378586,0.7272727272727273,0.7042553191489361,0.7133333333333334,0.7075420510037982,0.7353965183752418,0.7272727272727273,0.7302323287130666,0.7272727272727273,0.7272727272727273,0.7272727272727273,0.7218737649523717
5,infgain,minmax,gaussian_noise,SMOTE,random_forest,last,0.5,0.2,42,2026-02-20 16:28:01,20260220-161321,log/pimaindians_diabetes/5/infgain/gaussian_noise__SMOTE__minmax/random_forest,1771575212296_720c096117715760819344098,0.6363636363636364,0.5982277526395173,0.5964814814814814,0.5972351952176349,0.6333127656657068,0.6363636363636364,0.6347332846492197,0.6363636363636364,0.6363636363636364,0.6363636363636364,0.6221429265041531
5,infgain,minmax,gaussian_noise,TomekLinks,random_forest,first,0.35,0.1,42,2026-02-20 16:28:02,20260220-161321,log/pimaindians_diabetes/5/infgain/minmax__gaussian_noise__TomekLinks/random_forest,1771575212296_720c096117715760829219806,0.5714285714285714,0.6570048309178744,0.6444444444444444,0.5702688990360223,0.7204968944099379,0.5714285714285714,0.563600782778865,0.5714285714285714,0.5714285714285714,0.5714285714285714,0.6008464978208872
5,infgain,minmax,gaussian_noise,TomekLinks,random_forest,first,0.35,0.2,42,2026-02-20 16:28:04,20260220-161321,log/pimaindians_diabetes/5/infgain/minmax__gaussian_noise__TomekLinks/random_forest,1771575212296_720c096117715760846932713,0.6103896103896104,0.6205962059620597,0.6318518518518519,0.6049931600547196,0.6675465455953262,0.6103896103896104,0.6187840886883295,0.6103896103896104,0.6103896103896104,0.6103896103896104,0.6197218918082251
5,infgain,minmax,gaussian_noise,TomekLinks,random_forest,first,0.5,0.1,42,2026-02-20 16:28:03,20260220-161321,log/pimaindians_diabetes/5/infgain/minmax__gaussian_noise__TomekLinks/random_forest,1771575212296_720c096117715760838312857,0.6883116883116883,0.6515426497277677,0.6237037037037036,0.6280193236714976,0.6732269545336695,0.6883116883116883,0.6727523684045423,0.6883116883116883,0.6883116883116883,0.6883116883116883,0.6652877599325954
5,infgain,minmax,gaussian_noise,TomekLinks,random_forest,first,0.5,0.2,42,2026-02-20 16:28:05,20260220-161321,log/pimaindians_diabetes/5/infgain/minmax__gaussian_noise__TomekLinks/random_forest,1771575212296_720c096117715760855512374,0.6688311688311688,0.6335337054529842,0.5575925925925925,0.5332501337136744,0.6470643997479549,0.6688311688311688,0.6083914302848159,0.6688311688311688,0.6688311688311688,0.6688311688311688,0.622597771911594
5,infgain,minmax,gaussian_noise,TomekLinks,random_forest,last,0.35,0.1,42,2026-02-20 16:28:06,20260220-161321,log/pimaindians_diabetes/5/infgain/gaussian_noise__TomekLinks__minmax/random_forest,1771575212296_720c096117715760865591209,0.5324675324675324,0.6818647540983607,0.6314814814814814,0.5227272727272727,0.7582233340430062,0.5324675324675324,0.5023612750885478,0.5324675324675324,0.5324675324675324,0.5324675324675324,0.5739072521216707
5,infgain,minmax,gaussian_noise,TomekLinks,random_forest,last,0.35,0.2,42,2026-02-20 16:28:08,20260220-161321,log/pimaindians_diabetes/5/infgain/gaussian_noise__TomekLinks__minmax/random_forest,1771575212296_720c096117715760883137881,0.525974025974026,0.5461485675072911,0.5498148148148148,0.5225718775215527,0.5925500130338011,0.525974025974026,0.534610248968766,0.525974025974026,0.525974025974026,0.525974025974026,0.5378182688987487
5,infgain,minmax,gaussian_noise,TomekLinks,random_forest,last,0.5,0.1,42,2026-02-20 16:28:07,20260220-161321,log/pimaindians_diabetes/5/infgain/gaussian_noise__TomekLinks__minmax/random_forest,1771575212296_720c096117715760874662550,0.6623376623376623,0.6292592592592592,0.6292592592592592,0.6292592592592592,0.6623376623376623,0.6623376623376623,0.6623376623376623,0.6623376623376623,0.6623376623376623,0.6623376623376623,0.650760221260221
5,infgain,minmax,gaussian_noise,TomekLinks,random_forest,last,0.5,0.2,42,2026-02-20 16:28:09,20260220-161321,log/pimaindians_diabetes/5/infgain/gaussian_noise__TomekLinks__minmax/random_forest,1771575212296_720c096117715760891725284,0.6623376623376623,0.6130952380952381,0.5738888888888889,0.567882581480682,0.6362090290661719,0.6623376623376623,0.6282288831393082,0.6623376623376623,0.6623376623376623,0.6623376623376623,0.6266711002330931
5,infgain,minmax,gaussian_noise,noImbl,random_forest,first,0.35,0.1,42,2026-02-20 16:28:10,20260220-161321,log/pimaindians_diabetes/5/infgain/minmax__gaussian_noise__noImbl/random_forest,1771575212296_720c096117715760901806374,0.5974025974025974,0.6880032206119162,0.672962962962963,0.5963132081853543,0.7552230378317335,0.5974025974025974,0.5900492201862064,0.5974025974025974,0.5974025974025974,0.5974025974025974,0.6285343253574341
5,infgain,minmax,gaussian_noise,noImbl,random_forest,first,0.35,0.2,42,2026-02-20 16:28:11,20260220-161321,log/pimaindians_diabetes/5/infgain/minmax__gaussian_noise__noImbl/random_forest,1771575212296_720c096117715760919085064,0.6233766233766234,0.6214574898785425,0.6333333333333333,0.6140017286084702,0.6655975603344024,0.6233766233766234,0.6319702769140972,0.6233766233766234,0.6233766233766234,0.6233766233766234,0.6282852885336623
5,infgain,minmax,gaussian_noise,noImbl,random_forest,first,0.5,0.1,42,2026-02-20 16:28:11,20260220-161321,log/pimaindians_diabetes/5/infgain/minmax__gaussian_noise__noImbl/random_forest,1771575212296_720c096117715760910677895,0.7922077922077922,0.7718518518518518,0.7718518518518518,0.7718518518518518,0.7922077922077922,0.7922077922077922,0.7922077922077922,0.7922077922077922,0.7922077922077922,0.7922077922077922,0.785083213083213
5,infgain,minmax,gaussian_noise,noImbl,random_forest,first,0.5,0.2,42,2026-02-20 16:28:12,20260220-161321,log/pimaindians_diabetes/5/infgain/minmax__gaussian_noise__noImbl/random_forest,1771575212296_720c096117715760927723861,0.7077922077922078,0.6798319327731093,0.6387037037037037,0.6444512852085578,0.6951435119502346,0.7077922077922078,0.689277168883141,0.7077922077922078,0.7077922077922078,0.7077922077922078,0.6845440660733425
5,infgain,minmax,gaussian_noise,noImbl,random_forest,last,0.35,0.1,42,2026-02-20 16:28:13,20260220-161321,log/pimaindians_diabetes/5/infgain/gaussian_noise__noImbl__minmax/random_forest,1771575212296_720c096117715760937801039,0.5324675324675324,0.5790816326530612,0.5803703703703703,0.5323886639676113,0.6301351709514974,0.5324675324675324,0.5342026394657974,0.5324675324675324,0.5324675324675324,0.5324675324675324,0.551934425899517
5,infgain,minmax,gaussian_noise,noImbl,random_forest,last,0.35,0.2,42,2026-02-20 16:28:15,20260220-161321,log/pimaindians_diabetes/5/infgain/gaussian_noise__noImbl__minmax/random_forest,1771575212296_720c096117715760957254000,0.5909090909090909,0.6454545454545454,0.6466666666666667,0.5908918406072106,0.7024793388429752,0.5909090909090909,0.5916853544937036,0.5909090909090909,0.5909090909090909,0.5909090909090909,0.6132102707251921
5,infgain,minmax,gaussian_noise,noImbl,random_forest,last,0.5,0.1,42,2026-02-20 16:28:14,20260220-161321,log/pimaindians_diabetes/5/infgain/gaussian_noise__noImbl__minmax/random_forest,1771575212296_720c096117715760946960592,0.7792207792207793,0.7636363636363637,0.7362962962962962,0.745578231292517,0.7744982290436836,0.7792207792207793,0.7732131813764467,0.7792207792207793,0.7792207792207793,0.7792207792207793,0.7669501124862905
5,infgain,minmax,gaussian_noise,noImbl,random_forest,last,0.5,0.2,42,2026-02-20 16:28:16,20260220-161321,log/pimaindians_diabetes/5/infgain/gaussian_noise__noImbl__minmax/random_forest,1771575212296_720c096117715760965920381,0.6948051948051948,0.662534435261708,0.6201851851851852,0.6235502158423051,0.6794032413867125,0.6948051948051948,0.672471544682498,0.6948051948051948,0.6948051948051948,0.6948051948051948,0.6685376281841588
5,infgain,minmax,mixup,ADASYN,random_forest,first,0.35,0.1,42,2026-02-20 16:28:17,20260220-161321,log/pimaindians_diabetes/5/infgain/minmax__mixup__ADASYN/random_forest,1771575212296_720c096117715760974247931,0.7662337662337663,0.7682186234817814,0.7944444444444444,0.7613636363636364,0.8138703401861297,0.7662337662337663,0.7715466351829988,0.7662337662337663,0.7662337662337663,0.7662337662337663,0.7740833880367372
5,infgain,minmax,mixup,ADASYN,random_forest,first,0.35,0.2,42,2026-02-20 16:28:18,20260220-161321,log/pimaindians_diabetes/5/infgain/minmax__mixup__ADASYN/random_forest,1771575212296_720c096117715760988222018,0.6753246753246753,0.7064236111111111,0.7201851851851852,0.673949864498645,0.7614448051948052,0.6753246753246753,0.6802739942983844,0.6753246753246753,0.6753246753246753,0.6753246753246753,0.6920688090985345
5,infgain,minmax,mixup,ADASYN,random_forest,first,0.5,0.1,42,2026-02-20 16:28:18,20260220-161321,log/pimaindians_diabetes/5/infgain/minmax__mixup__ADASYN/random_forest,1771575212296_720c096117715760981417291,0.7532467532467533,0.7347222222222223,0.7503703703703704,0.7389830508474576,0.7674963924963925,0.7532467532467533,0.7572088928021131,0.7532467532467533,0.7532467532467533,0.7532467532467532,0.7509863913550352
5,infgain,minmax,mixup,ADASYN,random_forest,first,0.5,0.2,42,2026-02-20 16:28:19,20260220-161321,log/pimaindians_diabetes/5/infgain/minmax__mixup__ADASYN/random_forest,1771575212296_720c096117715760995315955,0.7272727272727273,0.7079861111111111,0.7218518518518519,0.711507582515611,0.7421085858585859,0.7272727272727273,0.731651934149704,0.7272727272727273,0.7272727272727273,0.7272727272727273,0.724577673291043
5,infgain,minmax,mixup,ADASYN,random_forest,last,0.35,0.1,42,2026-02-20 16:28:20,20260220-161321,log/pimaindians_diabetes/5/infgain/mixup__ADASYN__minmax/random_forest,1771575212296_720c096117715761003358330,0.7532467532467533,0.7594594594594595,0.7844444444444445,0.74901355292503,0.8070902070902072,0.7532467532467533,0.7587499136649934,0.7532467532467533,0.7532467532467533,0.7532467532467532,0.7625626323866157
5,infgain,minmax,mixup,ADASYN,random_forest,last,0.35,0.2,42,2026-02-20 16:28:21,20260220-161321,log/pimaindians_diabetes/5/infgain/mixup__ADASYN__minmax/random_forest,1771575212296_720c096117715761017314661,0.6883116883116883,0.7259817671809257,0.7387037037037036,0.6874682902080163,0.783742554780423,0.6883116883116883,0.6923178293041307,0.6883116883116883,0.6883116883116883,0.6883116883116883,0.7071353958180024
5,infgain,minmax,mixup,ADASYN,random_forest,last,0.5,0.1,42,2026-02-20 16:28:21,20260220-161321,log/pimaindians_diabetes/5/infgain/mixup__ADASYN__minmax/random_forest,1771575212296_720c096117715761010567761,0.7922077922077922,0.773492286115007,0.788888888888889,0.7787356321839081,0.8021893954572776,0.7922077922077922,0.7950440364233468,0.7922077922077922,0.7922077922077922,0.7922077922077922,0.7894071242203224
5,infgain,minmax,mixup,ADASYN,random_forest,last,0.5,0.2,42,2026-02-20 16:28:22,20260220-161321,log/pimaindians_diabetes/5/infgain/mixup__ADASYN__minmax/random_forest,1771575212296_720c096117715761024125577,0.7337662337662337,0.7136752136752136,0.7268518518518519,0.7174564818543876,0.7466818895390324,0.7337662337662337,0.737733470717764,0.7337662337662337,0.7337662337662337,0.7337662337662337,0.7305058818989258
5,infgain,minmax,mixup,RandomUnderSampler,random_forest,first,0.35,0.1,42,2026-02-20 16:28:23,20260220-161321,log/pimaindians_diabetes/5/infgain/minmax__mixup__RandomUnderSampler/random_forest,1771575212296_720c096117715761030895975,0.7272727272727273,0.7537878787878789,0.7729629629629631,0.7256066519599524,0.809228650137741,0.7272727272727273,0.7319932739922557,0.7272727272727273,0.7272727272727273,0.7272727272727273,0.7431470289907803
5,infgain,minmax,mixup,RandomUnderSampler,random_forest,first,0.35,0.2,42,2026-02-20 16:28:24,20260220-161321,log/pimaindians_diabetes/5/infgain/minmax__mixup__RandomUnderSampler/random_forest,1771575212296_720c096117715761042445573,0.7077922077922078,0.742979242979243,0.757962962962963,0.7067907763909457,0.8007865150722293,0.7077922077922078,0.7119092035529522,0.7077922077922078,0.7077922077922078,0.7077922077922078,0.7260947522099112
5,infgain,minmax,mixup,RandomUnderSampler,random_forest,first,0.5,0.1,42,2026-02-20 16:28:23,20260220-161321,log/pimaindians_diabetes/5/infgain/minmax__mixup__RandomUnderSampler/random_forest,1771575212296_720c096117715761036718410,0.7402597402597403,0.7234848484848485,0.7403703703703703,0.7269503546099291,0.7585596221959858,0.7402597402597403,0.7449571704890854,0.7402597402597403,0.7402597402597403,0.7402597402597403,0.7391315089738686
5,infgain,minmax,mixup,RandomUnderSampler,random_forest,first,0.5,0.2,42,2026-02-20 16:28:24,20260220-161321,log/pimaindians_diabetes/5/infgain/minmax__mixup__RandomUnderSampler/random_forest,1771575212296_720c096117715761048087996,0.6948051948051948,0.6842864415408112,0.7011111111111111,0.6835846994535519,0.7246083290542819,0.6948051948051948,0.7013827265630544,0.6948051948051948,0.6948051948051948,0.6948051948051948,0.6966677799951891
5,infgain,minmax,mixup,RandomUnderSampler,random_forest,last,0.35,0.1,42,2026-02-20 16:28:25,20260220-161321,log/pimaindians_diabetes/5/infgain/mixup__RandomUnderSampler__minmax/random_forest,1771575212296_720c096117715761054830415,0.7142857142857143,0.7349521203830369,0.7544444444444445,0.7119047619047619,0.7877662692984169,0.7142857142857143,0.7197278911564625,0.7142857142857143,0.7142857142857143,0.7142857142857143,0.728175467086059
5,infgain,minmax,mixup,RandomUnderSampler,random_forest,last,0.35,0.2,42,2026-02-20 16:28:26,20260220-161321,log/pimaindians_diabetes/5/infgain/mixup__RandomUnderSampler__minmax/random_forest,1771575212296_720c096117715761066394600,0.6623376623376623,0.6930555555555555,0.705925925925926,0.6609078590785908,0.7474025974025974,0.6623376623376623,0.6674849540703199,0.6623376623376623,0.6623376623376623,0.6623376623376623,0.6788323947958093
5,infgain,minmax,mixup,RandomUnderSampler,random_forest,last,0.5,0.1,42,2026-02-20 16:28:26,20260220-161321,log/pimaindians_diabetes/5/infgain/mixup__RandomUnderSampler__minmax/random_forest,1771575212296_720c096117715761060692671,0.7922077922077922,0.7868243243243244,0.8144444444444444,0.7861111111111111,0.8280975780975781,0.7922077922077922,0.7968975468975469,0.7922077922077922,0.7922077922077922,0.7922077922077922,0.7972710502710503
5,infgain,minmax,mixup,RandomUnderSampler,random_forest,last,0.5,0.2,42,2026-02-20 16:28:27,20260220-161321,log/pimaindians_diabetes/5/infgain/mixup__RandomUnderSampler__minmax/random_forest,1771575212296_720c096117715761072095687,0.7012987012987013,0.672037037037037,0.672037037037037,0.672037037037037,0.7012987012987013,0.7012987012987013,0.7012987012987013,0.7012987012987013,0.7012987012987013,0.7012987012987013,0.6910571188071185
5,infgain,minmax,mixup,SMOTE,random_forest,first,0.35,0.1,42,2026-02-20 16:28:28,20260220-161321,log/pimaindians_diabetes/5/infgain/minmax__mixup__SMOTE/random_forest,1771575212296_720c096117715761080105402,0.7792207792207793,0.7952380952380953,0.8214814814814815,0.7768115942028986,0.8478664192949906,0.7792207792207793,0.7837380011293055,0.7792207792207793,0.7792207792207793,0.7792207792207793,0.792229350589599
5,infgain,minmax,mixup,SMOTE,random_forest,first,0.35,0.2,42,2026-02-20 16:28:29,20260220-161321,log/pimaindians_diabetes/5/infgain/minmax__mixup__SMOTE/random_forest,1771575212296_720c096117715761094085977,0.7142857142857143,0.7349521203830369,0.7544444444444445,0.7119047619047619,0.7877662692984169,0.7142857142857143,0.7197278911564625,0.7142857142857143,0.7142857142857143,0.7142857142857143,0.728175467086059
5,infgain,minmax,mixup,SMOTE,random_forest,first,0.5,0.1,42,2026-02-20 16:28:28,20260220-161321,log/pimaindians_diabetes/5/infgain/minmax__mixup__SMOTE/random_forest,1771575212296_720c096117715761087261357,0.7922077922077922,0.773492286115007,0.788888888888889,0.7787356321839081,0.8021893954572776,0.7922077922077922,0.7950440364233468,0.7922077922077922,0.7922077922077922,0.7922077922077922,0.7894071242203224
5,infgain,minmax,mixup,SMOTE,random_forest,first,0.5,0.2,42,2026-02-20 16:28:30,20260220-161321,log/pimaindians_diabetes/5/infgain/minmax__mixup__SMOTE/random_forest,1771575212296_720c096117715761100890219,0.6948051948051948,0.6733821733821734,0.6840740740740741,0.6761086499306395,0.7085771371485657,0.6948051948051948,0.6993530030179245,0.6948051948051948,0.6948051948051948,0.6948051948051948,0.6908446643248437
5,infgain,minmax,mixup,SMOTE,random_forest,last,0.35,0.1,42,2026-02-20 16:28:30,20260220-161321,log/pimaindians_diabetes/5/infgain/mixup__SMOTE__minmax/random_forest,1771575212296_720c096117715761109009806,0.7662337662337663,0.77710027100271,0.8029629629629631,0.7629958960328318,0.8270861929398514,0.7662337662337663,0.7712704532129977,0.7662337662337663,0.7662337662337663,0.7662337662337663,0.7773484015709332
5,infgain,minmax,mixup,SMOTE,random_forest,last,0.35,0.2,42,2026-02-20 16:28:32,20260220-161321,log/pimaindians_diabetes/5/infgain/mixup__SMOTE__minmax/random_forest,1771575212296_720c096117715761122952663,0.6688311688311688,0.6863597612958228,0.7024074074074074,0.665659188625431,0.7367544646317025,0.6688311688311688,0.6753865945896937,0.6688311688311688,0.6688311688311688,0.6688311688311688,0.6812414983482293
5,infgain,minmax,mixup,SMOTE,random_forest,last,0.5,0.1,42,2026-02-20 16:28:31,20260220-161321,log/pimaindians_diabetes/5/infgain/mixup__SMOTE__minmax/random_forest,1771575212296_720c096117715761116142760,0.7402597402597403,0.7165948275862069,0.7233333333333334,0.7193877551020409,0.7452418271383789,0.7402597402597403,0.7422475483699973,0.7402597402597403,0.7402597402597403,0.7402597402597403,0.7338661904304936
5,infgain,minmax,mixup,SMOTE,random_forest,last,0.5,0.2,42,2026-02-20 16:28:32,20260220-161321,log/pimaindians_diabetes/5/infgain/mixup__SMOTE__minmax/random_forest,1771575212296_720c096117715761129686745,0.6948051948051948,0.6757994814174589,0.6883333333333332,0.678182384064737,0.7122270987439526,0.6948051948051948,0.7000295067521958,0.6948051948051948,0.6948051948051948,0.6948051948051948,0.6922898528940922
5,infgain,minmax,mixup,TomekLinks,random_forest,first,0.35,0.1,42,2026-02-20 16:28:33,20260220-161321,log/pimaindians_diabetes/5/infgain/minmax__mixup__TomekLinks/random_forest,1771575212296_720c096117715761137009633,0.7402597402597403,0.7510162601626016,0.7744444444444445,0.7366621067031465,0.8004962517157639,0.7402597402597403,0.745856059125553,0.7402597402597403,0.7402597402597403,0.7402597402597403,0.7510773166104818
5,infgain,minmax,mixup,TomekLinks,random_forest,first,0.35,0.2,42,2026-02-20 16:28:34,20260220-161321,log/pimaindians_diabetes/5/infgain/minmax__mixup__TomekLinks/random_forest,1771575212296_720c096117715761149594086,0.7142857142857143,0.7123819163292847,0.7331481481481481,0.7071737251512532,0.7561692693271641,0.7142857142857143,0.7208050376589703,0.7142857142857143,0.7142857142857143,0.7142857142857143,0.7200810335162787
5,infgain,minmax,mixup,TomekLinks,random_forest,first,0.5,0.1,42,2026-02-20 16:28:34,20260220-161321,log/pimaindians_diabetes/5/infgain/minmax__mixup__TomekLinks/random_forest,1771575212296_720c096117715761143423795,0.7532467532467533,0.7347222222222223,0.7503703703703704,0.7389830508474576,0.7674963924963925,0.7532467532467533,0.7572088928021131,0.7532467532467533,0.7532467532467533,0.7532467532467532,0.7509863913550352
5,infgain,minmax,mixup,TomekLinks,random_forest,first,0.5,0.2,42,2026-02-20 16:28:35,20260220-161321,log/pimaindians_diabetes/5/infgain/minmax__mixup__TomekLinks/random_forest,1771575212296_720c096117715761155773218,0.7012987012987013,0.673469387755102,0.6762962962962963,0.6747474747474747,0.7039491121123773,0.7012987012987013,0.702505575232848,0.7012987012987013,0.7012987012987013,0.7012987012987013,0.6924789176329063
5,infgain,minmax,mixup,TomekLinks,random_forest,last,0.35,0.1,42,2026-02-20 16:28:36,20260220-161321,log/pimaindians_diabetes/5/infgain/mixup__TomekLinks__minmax/random_forest,1771575212296_720c096117715761163128623,0.7532467532467533,0.7594594594594595,0.7844444444444445,0.74901355292503,0.8070902070902072,0.7532467532467533,0.7587499136649934,0.7532467532467533,0.7532467532467533,0.7532467532467532,0.7625626323866157
5,infgain,minmax,mixup,TomekLinks,random_forest,last,0.35,0.2,42,2026-02-20 16:28:37,20260220-161321,log/pimaindians_diabetes/5/infgain/mixup__TomekLinks__minmax/random_forest,1771575212296_720c096117715761175718848,0.6883116883116883,0.7086183310533516,0.7259259259259259,0.6857142857142857,0.760513084726491,0.6883116883116883,0.6942486085343228,0.6883116883116883,0.6883116883116883,0.6883116883116883,0.7018248436325434
5,infgain,minmax,mixup,TomekLinks,random_forest,last,0.5,0.1,42,2026-02-20 16:28:36,20260220-161321,log/pimaindians_diabetes/5/infgain/mixup__TomekLinks__minmax/random_forest,1771575212296_720c096117715761169499770,0.7792207792207793,0.7614583333333333,0.778888888888889,0.7664585191793042,0.7928841991341992,0.7792207792207793,0.7827658514545224,0.7792207792207793,0.7792207792207793,0.7792207792207793,0.7773951094190278
5,infgain,minmax,mixup,TomekLinks,random_forest,last,0.5,0.2,42,2026-02-20 16:28:38,20260220-161321,log/pimaindians_diabetes/5/infgain/mixup__TomekLinks__minmax/random_forest,1771575212296_720c096117715761181902596,0.7467532467532467,0.724085637823372,0.7325925925925927,0.727433628318584,0.753049804789323,0.7467532467532467,0.7491092977818641,0.7467532467532467,0.7467532467532467,0.7467532467532466,0.7411555411368945
5,infgain,minmax,mixup,noImbl,random_forest,first,0.35,0.1,42,2026-02-20 16:28:38,20260220-161321,log/pimaindians_diabetes/5/infgain/minmax__mixup__noImbl/random_forest,1771575212296_720c096117715761189217523,0.7272727272727273,0.7334459459459459,0.7559259259259259,0.7225939269171384,0.7807739557739558,0.7272727272727273,0.7333551677349927,0.7272727272727273,0.7272727272727273,0.7272727272727273,0.7363160378714932
5,infgain,minmax,mixup,noImbl,random_forest,first,0.35,0.2,42,2026-02-20 16:28:40,20260220-161321,log/pimaindians_diabetes/5/infgain/minmax__mixup__noImbl/random_forest,1771575212296_720c096117715761203627510,0.7012987012987013,0.7217852257181943,0.7401851851851852,0.6988095238095238,0.774139677012454,0.7012987012987013,0.7069882498453927,0.7012987012987013,0.7012987012987013,0.7012987012987013,0.7150001553593012
5,infgain,minmax,mixup,noImbl,random_forest,first,0.5,0.1,42,2026-02-20 16:28:39,20260220-161321,log/pimaindians_diabetes/5/infgain/minmax__mixup__noImbl/random_forest,1771575212296_720c096117715761195636247,0.7272727272727273,0.7015306122448979,0.7048148148148148,0.703030303030303,0.7297243572753777,0.7272727272727273,0.7283746556473828,0.7272727272727273,0.7272727272727273,0.7272727272727273,0.7192268131442527
5,infgain,minmax,mixup,noImbl,random_forest,first,0.5,0.2,42,2026-02-20 16:28:40,20260220-161321,log/pimaindians_diabetes/5/infgain/minmax__mixup__noImbl/random_forest,1771575212296_720c096117715761209821368,0.7077922077922078,0.6797979797979798,0.6812962962962963,0.6805126550182103,0.7090646727010365,0.7077922077922078,0.7083984200760743,0.7077922077922078,0.7077922077922078,0.7077922077922078,0.6984694392605569
5,infgain,minmax,mixup,noImbl,random_forest,last,0.35,0.1,42,2026-02-20 16:28:41,20260220-161321,log/pimaindians_diabetes/5/infgain/mixup__noImbl__minmax/random_forest,1771575212296_720c096117715761217134409,0.7532467532467533,0.744579945799458,0.7674074074074073,0.7448107448107448,0.7844472600570161,0.7532467532467533,0.7586699015270445,0.7532467532467533,0.7532467532467533,0.7532467532467532,0.7564642595757576
5,infgain,minmax,mixup,noImbl,random_forest,last,0.35,0.2,42,2026-02-20 16:28:42,20260220-161321,log/pimaindians_diabetes/5/infgain/mixup__noImbl__minmax/random_forest,1771575212296_720c096117715761229756280,0.7207792207792207,0.7291560967360053,0.750925925925926,0.7164632840933418,0.777323133487517,0.7207792207792207,0.726912393964417,0.7207792207792207,0.7207792207792207,0.7207792207792207,0.7305585556352967
5,infgain,minmax,mixup,noImbl,random_forest,last,0.5,0.1,42,2026-02-20 16:28:42,20260220-161321,log/pimaindians_diabetes/5/infgain/mixup__noImbl__minmax/random_forest,1771575212296_720c096117715761223535315,0.7922077922077922,0.7718518518518518,0.7718518518518518,0.7718518518518518,0.7922077922077922,0.7922077922077922,0.7922077922077922,0.7922077922077922,0.7922077922077922,0.7922077922077922,0.785083213083213
5,infgain,minmax,mixup,noImbl,random_forest,last,0.5,0.2,42,2026-02-20 16:28:43,20260220-161321,log/pimaindians_diabetes/5/infgain/mixup__noImbl__minmax/random_forest,1771575212296_720c096117715761236069819,0.6818181818181818,0.6482962116885589,0.6442592592592593,0.6459770114942529,0.6779502621878408,0.6818181818181818,0.6796238244514107,0.6818181818181818,0.6818181818181818,0.6818181818181818,0.668617971432688
5,infgain,minmax,noAug,ADASYN,random_forest,first,0.35,0.1,42,2026-02-20 16:28:44,20260220-161321,log/pimaindians_diabetes/5/infgain/minmax__noAug__ADASYN/random_forest,1771575212296_720c096117715761242722054,0.6883116883116883,0.7326241134751772,0.742962962962963,0.6878378378378378,0.792576218108133,0.6883116883116884,0.6914706914706914,0.6883116883116883,0.6883116883116883,0.6883116883116883,0.7090372841755819
5,infgain,minmax,noAug,ADASYN,random_forest,first,0.35,0.2,42,2026-02-20 16:28:45,20260220-161321,log/pimaindians_diabetes/5/infgain/minmax__noAug__ADASYN/random_forest,1771575212296_720c096117715761254039394,0.6558441558441559,0.6953111228626829,0.7051851851851851,0.6551316178645372,0.7520448879518155,0.6558441558441559,0.6598140103020316,0.6558441558441559,0.6558441558441559,0.6558441558441559,0.674833626162616
5,infgain,minmax,noAug,ADASYN,random_forest,first,0.5,0.1,42,2026-02-20 16:28:44,20260220-161321,log/pimaindians_diabetes/5/infgain/minmax__noAug__ADASYN/random_forest,1771575212296_720c096117715761248440313,0.7532467532467533,0.744579945799458,0.7674074074074073,0.7448107448107448,0.7844472600570161,0.7532467532467533,0.7586699015270445,0.7532467532467533,0.7532467532467533,0.7532467532467532,0.7564642595757576
5,infgain,minmax,noAug,ADASYN,random_forest,first,0.5,0.2,42,2026-02-20 16:28:45,20260220-161321,log/pimaindians_diabetes/5/infgain/minmax__noAug__ADASYN/random_forest,1771575212296_720c096117715761259538076,0.7077922077922078,0.7040506329113925,0.7238888888888889,0.6998830713264909,0.7470787440407692,0.7077922077922078,0.71443588242341,0.7077922077922078,0.7077922077922078,0.7077922077922078,0.7127665527634732
5,infgain,minmax,noAug,ADASYN,random_forest,last,0.35,0.1,42,2026-02-20 16:28:46,20260220-161321,log/pimaindians_diabetes/5/infgain/noAug__ADASYN__minmax/random_forest,1771575212296_720c096117715761266167663,0.7142857142857143,0.7465277777777778,0.7629629629629631,0.7130758807588076,0.8035714285714286,0.7142857142857143,0.7186411149825784,0.7142857142857143,0.7142857142857143,0.7142857142857143,0.7317780520067104
5,infgain,minmax,noAug,ADASYN,random_forest,last,0.35,0.2,42,2026-02-20 16:28:47,20260220-161321,log/pimaindians_diabetes/5/infgain/noAug__ADASYN__minmax/random_forest,1771575212296_720c096117715761277591703,0.6623376623376623,0.7053191489361702,0.7144444444444444,0.6618243243243244,0.7634705719812103,0.6623376623376623,0.6657599157599158,0.6623376623376623,0.6623376623376623,0.6623376623376623,0.6823961174838832
5,infgain,minmax,noAug,ADASYN,random_forest,last,0.5,0.1,42,2026-02-20 16:28:47,20260220-161321,log/pimaindians_diabetes/5/infgain/noAug__ADASYN__minmax/random_forest,1771575212296_720c096117715761271888808,0.8051948051948052,0.7881944444444444,0.8074074074074074,0.7939339875111507,0.8182720057720058,0.8051948051948052,0.8083228101069314,0.8051948051948052,0.8051948051948052,0.8051948051948051,0.8038038274830199
5,infgain,minmax,noAug,ADASYN,random_forest,last,0.5,0.2,42,2026-02-20 16:28:48,20260220-161321,log/pimaindians_diabetes/5/infgain/noAug__ADASYN__minmax/random_forest,1771575212296_720c096117715761283175033,0.7142857142857143,0.7087837837837838,0.7288888888888889,0.7059027777777778,0.7509652509652509,0.7142857142857143,0.720734126984127,0.7142857142857143,0.7142857142857143,0.7142857142857143,0.7185736137923636
5,infgain,minmax,noAug,RandomUnderSampler,random_forest,first,0.35,0.1,42,2026-02-20 16:28:48,20260220-161321,log/pimaindians_diabetes/5/infgain/minmax__noAug__RandomUnderSampler/random_forest,1771575212296_720c096117715761289199718,0.6883116883116883,0.7326241134751772,0.742962962962963,0.6878378378378378,0.792576218108133,0.6883116883116884,0.6914706914706914,0.6883116883116883,0.6883116883116883,0.6883116883116883,0.7090372841755819
5,infgain,minmax,noAug,RandomUnderSampler,random_forest,first,0.35,0.2,42,2026-02-20 16:28:49,20260220-161321,log/pimaindians_diabetes/5/infgain/minmax__noAug__RandomUnderSampler/random_forest,1771575212296_720c096117715761299317124,0.6298701298701299,0.6743086529884033,0.6809259259259259,0.6294795491958971,0.731091210306197,0.6298701298701299,0.6330728913988379,0.6298701298701299,0.6298701298701299,0.6298701298701299,0.6499634969593147
5,infgain,minmax,noAug,RandomUnderSampler,random_forest,first,0.5,0.1,42,2026-02-20 16:28:49,20260220-161321,log/pimaindians_diabetes/5/infgain/minmax__noAug__RandomUnderSampler/random_forest,1771575212296_720c096117715761294203139,0.7792207792207793,0.7773279352226721,0.8044444444444444,0.7737251512532412,0.8208633471791368,0.7792207792207793,0.7842584381910224,0.7792207792207793,0.7792207792207793,0.7792207792207793,0.7856494227895764
5,infgain,minmax,noAug,RandomUnderSampler,random_forest,first,0.5,0.2,42,2026-02-20 16:28:50,20260220-161321,log/pimaindians_diabetes/5/infgain/minmax__noAug__RandomUnderSampler/random_forest,1771575212296_720c096117715761304486458,0.7337662337662337,0.7136752136752136,0.7268518518518519,0.7174564818543876,0.7466818895390324,0.7337662337662337,0.737733470717764,0.7337662337662337,0.7337662337662337,0.7337662337662337,0.7305058818989258
5,infgain,minmax,noAug,RandomUnderSampler,random_forest,last,0.35,0.1,42,2026-02-20 16:28:51,20260220-161321,log/pimaindians_diabetes/5/infgain/noAug__RandomUnderSampler__minmax/random_forest,1771575212296_720c096117715761310536905,0.7272727272727273,0.7537878787878789,0.7729629629629631,0.7256066519599524,0.809228650137741,0.7272727272727273,0.7319932739922557,0.7272727272727273,0.7272727272727273,0.7272727272727273,0.7431470289907803
5,infgain,minmax,noAug,RandomUnderSampler,random_forest,last,0.35,0.2,42,2026-02-20 16:28:52,20260220-161321,log/pimaindians_diabetes/5/infgain/noAug__RandomUnderSampler__minmax/random_forest,1771575212296_720c096117715761320739606,0.6298701298701299,0.6743086529884033,0.6809259259259259,0.6294795491958971,0.731091210306197,0.6298701298701299,0.6330728913988379,0.6298701298701299,0.6298701298701299,0.6298701298701299,0.6499634969593147
5,infgain,minmax,noAug,RandomUnderSampler,random_forest,last,0.5,0.1,42,2026-02-20 16:28:51,20260220-161321,log/pimaindians_diabetes/5/infgain/noAug__RandomUnderSampler__minmax/random_forest,1771575212296_720c096117715761315630191,0.7922077922077922,0.7868243243243244,0.8144444444444444,0.7861111111111111,0.8280975780975781,0.7922077922077922,0.7968975468975469,0.7922077922077922,0.7922077922077922,0.7922077922077922,0.7972710502710503
5,infgain,minmax,noAug,RandomUnderSampler,random_forest,last,0.5,0.2,42,2026-02-20 16:28:52,20260220-161321,log/pimaindians_diabetes/5/infgain/noAug__RandomUnderSampler__minmax/random_forest,1771575212296_720c096117715761325869538,0.7272727272727273,0.7079861111111111,0.7218518518518519,0.711507582515611,0.7421085858585859,0.7272727272727273,0.731651934149704,0.7272727272727273,0.7272727272727273,0.7272727272727273,0.724577673291043
5,infgain,minmax,noAug,SMOTE,random_forest,first,0.35,0.1,42,2026-02-20 16:28:53,20260220-161321,log/pimaindians_diabetes/5/infgain/minmax__noAug__SMOTE/random_forest,1771575212296_720c096117715761332342774,0.7272727272727273,0.7537878787878789,0.7729629629629631,0.7256066519599524,0.809228650137741,0.7272727272727273,0.7319932739922557,0.7272727272727273,0.7272727272727273,0.7272727272727273,0.7431470289907803
5,infgain,minmax,noAug,SMOTE,random_forest,first,0.35,0.2,42,2026-02-20 16:28:54,20260220-161321,log/pimaindians_diabetes/5/infgain/minmax__noAug__SMOTE/random_forest,1771575212296_720c096117715761343534844,0.6688311688311688,0.7088841882601798,0.7194444444444444,0.6681455190771961,0.7664604036893832,0.6688311688311688,0.6726512174604455,0.6688311688311688,0.6688311688311688,0.6688311688311688,0.6881308816525142
5,infgain,minmax,noAug,SMOTE,random_forest,first,0.5,0.1,42,2026-02-20 16:28:53,20260220-161321,log/pimaindians_diabetes/5/infgain/minmax__noAug__SMOTE/random_forest,1771575212296_720c096117715761337977939,0.8181818181818182,0.8071428571428572,0.8344444444444444,0.8110098176718092,0.8434137291280149,0.8181818181818182,0.8220068851204896,0.8181818181818182,0.8181818181818182,0.8181818181818182,0.8207253357631035
5,infgain,minmax,noAug,SMOTE,random_forest,first,0.5,0.2,42,2026-02-20 16:28:54,20260220-161321,log/pimaindians_diabetes/5/infgain/minmax__noAug__SMOTE/random_forest,1771575212296_720c096117715761349009028,0.7467532467532467,0.7365518411674868,0.7581481481481481,0.7374426229508196,0.7756572292462331,0.7467532467532467,0.7522111986374281,0.7467532467532467,0.7467532467532467,0.7467532467532466,0.7491850937957225
5,infgain,minmax,noAug,SMOTE,random_forest,last,0.35,0.1,42,2026-02-20 16:28:55,20260220-161321,log/pimaindians_diabetes/5/infgain/noAug__SMOTE__minmax/random_forest,1771575212296_720c096117715761355544601,0.7532467532467533,0.769047619047619,0.7929629629629631,0.7505541346973572,0.820964749536178,0.7532467532467533,0.7582954130268709,0.7532467532467533,0.7532467532467533,0.7532467532467532,0.7659236666120113
5,infgain,minmax,noAug,SMOTE,random_forest,last,0.35,0.2,42,2026-02-20 16:28:56,20260220-161321,log/pimaindians_diabetes/5/infgain/noAug__SMOTE__minmax/random_forest,1771575212296_720c096117715761366755949,0.6883116883116883,0.7197916666666666,0.7344444444444445,0.6869918699186992,0.775487012987013,0.6883116883116883,0.6930630345264491,0.6883116883116883,0.6883116883116883,0.6883116883116883,0.7053052234012599
5,infgain,minmax,noAug,SMOTE,random_forest,last,0.5,0.1,42,2026-02-20 16:28:56,20260220-161321,log/pimaindians_diabetes/5/infgain/noAug__SMOTE__minmax/random_forest,1771575212296_720c096117715761361201649,0.8181818181818182,0.8004908835904628,0.8174074074074074,0.8063936781609196,0.8276169832972077,0.8181818181818182,0.8206635318704283,0.8181818181818182,0.8181818181818182,0.8181818181818182,0.815882836206937
5,infgain,minmax,noAug,SMOTE,random_forest,last,0.5,0.2,42,2026-02-20 16:28:57,20260220-161321,log/pimaindians_diabetes/5/infgain/noAug__SMOTE__minmax/random_forest,1771575212296_720c096117715761372195302,0.7272727272727273,0.7127222982216143,0.7303703703703703,0.7149656266525648,0.7499067280189031,0.7272727272727273,0.7326570837940484,0.7272727272727273,0.7272727272727273,0.7272727272727273,0.7273524371371716
5,infgain,minmax,noAug,TomekLinks,random_forest,first,0.35,0.1,42,2026-02-20 16:28:57,20260220-161321,log/pimaindians_diabetes/5/infgain/minmax__noAug__TomekLinks/random_forest,1771575212296_720c096117715761378377897,0.7402597402597403,0.7612859097127223,0.7829629629629631,0.7380952380952381,0.815019453870343,0.7402597402597403,0.7452071737786023,0.7402597402597403,0.7402597402597403,0.7402597402597403,0.754526090539575
5,infgain,minmax,noAug,TomekLinks,random_forest,first,0.35,0.2,42,2026-02-20 16:28:58,20260220-161321,log/pimaindians_diabetes/5/infgain/minmax__noAug__TomekLinks/random_forest,1771575212296_720c096117715761388854217,0.7337662337662337,0.7575055755704238,0.777962962962963,0.7318554380600502,0.8121060617200607,0.7337662337662337,0.7386167151742383,0.7337662337662337,0.7337662337662337,0.7337662337662337,0.7488347765169813
5,infgain,minmax,noAug,TomekLinks,random_forest,first,0.5,0.1,42,2026-02-20 16:28:58,20260220-161321,log/pimaindians_diabetes/5/infgain/minmax__noAug__TomekLinks/random_forest,1771575212296_720c096117715761383630617,0.7922077922077922,0.7765151515151515,0.7974074074074073,0.7815602836879432,0.8093270365997639,0.7922077922077922,0.7959657363912682,0.7922077922077922,0.7922077922077922,0.7922077922077922,0.7918369794472307
5,infgain,minmax,noAug,TomekLinks,random_forest,first,0.5,0.2,42,2026-02-20 16:28:59,20260220-161321,log/pimaindians_diabetes/5/infgain/minmax__noAug__TomekLinks/random_forest,1771575212296_720c096117715761394074556,0.7727272727272727,0.753968253968254,0.7696296296296297,0.7588043137781357,0.7847866419294991,0.7727272727272727,0.7761139384176032,0.7727272727272727,0.7727272727272727,0.7727272727272727,0.770167099473008
5,infgain,minmax,noAug,TomekLinks,random_forest,last,0.35,0.1,42,2026-02-20 16:29:00,20260220-161321,log/pimaindians_diabetes/5/infgain/noAug__TomekLinks__minmax/random_forest,1771575212296_720c096117715761400221697,0.7272727272727273,0.7428571428571429,0.7644444444444445,0.7242966751918158,0.7940630797773655,0.7272727272727273,0.7328528249244362,0.7272727272727273,0.7272727272727273,0.7272727272727273,0.7396179826344239
5,infgain,minmax,noAug,TomekLinks,random_forest,last,0.35,0.2,42,2026-02-20 16:29:01,20260220-161321,log/pimaindians_diabetes/5/infgain/noAug__TomekLinks__minmax/random_forest,1771575212296_720c096117715761410625293,0.6883116883116883,0.7140151515151515,0.7301851851851852,0.6864076022399457,0.76775875639512,0.6883116883116883,0.6937065988482923,0.6883116883116883,0.6883116883116883,0.6883116883116883,0.7035377147974565
5,infgain,minmax,noAug,TomekLinks,random_forest,last,0.5,0.1,42,2026-02-20 16:29:00,20260220-161321,log/pimaindians_diabetes/5/infgain/noAug__TomekLinks__minmax/random_forest,1771575212296_720c096117715761405459808,0.7662337662337663,0.7547619047619047,0.7774074074074073,0.7570126227208976,0.7924551638837353,0.7662337662337663,0.7711517094406296,0.7662337662337663,0.7662337662337663,0.7662337662337663,0.7681806039230401
5,infgain,minmax,noAug,TomekLinks,random_forest,last,0.5,0.2,42,2026-02-20 16:29:01,20260220-161321,log/pimaindians_diabetes/5/infgain/noAug__TomekLinks__minmax/random_forest,1771575212296_720c096117715761415819618,0.7467532467532467,0.724085637823372,0.7325925925925927,0.727433628318584,0.753049804789323,0.7467532467532467,0.7491092977818641,0.7467532467532467,0.7467532467532467,0.7467532467532466,0.7411555411368945
5,infgain,minmax,noAug,noImbl,random_forest,first,0.35,0.1,42,2026-02-20 16:29:02,20260220-161321,log/pimaindians_diabetes/5/infgain/minmax__noAug__noImbl/random_forest,1771575212296_720c096117715761422010997,0.7142857142857143,0.7349521203830369,0.7544444444444445,0.7119047619047619,0.7877662692984169,0.7142857142857143,0.7197278911564625,0.7142857142857143,0.7142857142857143,0.7142857142857143,0.728175467086059
5,infgain,minmax,noAug,noImbl,random_forest,first,0.35,0.2,42,2026-02-20 16:29:03,20260220-161321,log/pimaindians_diabetes/5/infgain/minmax__noAug__noImbl/random_forest,1771575212296_720c096117715761432452437,0.6818181818181818,0.6858227848101266,0.7038888888888889,0.6757894736842105,0.7318757192174913,0.6818181818181818,0.6889952153110048,0.6818181818181818,0.6818181818181818,0.6818181818181818,0.6896037153682055
5,infgain,minmax,noAug,noImbl,random_forest,first,0.5,0.1,42,2026-02-20 16:29:02,20260220-161321,log/pimaindians_diabetes/5/infgain/minmax__noAug__noImbl/random_forest,1771575212296_720c096117715761427227936,0.7922077922077922,0.773492286115007,0.788888888888889,0.7787356321839081,0.8021893954572776,0.7922077922077922,0.7950440364233468,0.7922077922077922,0.7922077922077922,0.7922077922077922,0.7894071242203224
5,infgain,minmax,noAug,noImbl,random_forest,first,0.5,0.2,42,2026-02-20 16:29:03,20260220-161321,log/pimaindians_diabetes/5/infgain/minmax__noAug__noImbl/random_forest,1771575212296_720c096117715761437626622,0.7597402597402597,0.7363636363636363,0.7383333333333333,0.7373104052371952,0.7608028335301064,0.7597402597402597,0.760238700951439,0.7597402597402597,0.7597402597402597,0.7597402597402597,0.7520784501471065
5,infgain,minmax,noAug,noImbl,random_forest,last,0.35,0.1,42,2026-02-20 16:29:04,20260220-161321,log/pimaindians_diabetes/5/infgain/noAug__noImbl__minmax/random_forest,1771575212296_720c096117715761443890489,0.7142857142857143,0.7349521203830369,0.7544444444444445,0.7119047619047619,0.7877662692984169,0.7142857142857143,0.7197278911564625,0.7142857142857143,0.7142857142857143,0.7142857142857143,0.728175467086059
5,infgain,minmax,noAug,noImbl,random_forest,last,0.35,0.2,42,2026-02-20 16:29:05,20260220-161321,log/pimaindians_diabetes/5/infgain/noAug__noImbl__minmax/random_forest,1771575212296_720c096117715761456360525,0.6818181818181818,0.6858227848101266,0.7038888888888889,0.6757894736842105,0.7318757192174913,0.6818181818181818,0.6889952153110048,0.6818181818181818,0.6818181818181818,0.6818181818181818,0.6896037153682055
5,infgain,minmax,noAug,noImbl,random_forest,last,0.5,0.1,42,2026-02-20 16:29:04,20260220-161321,log/pimaindians_diabetes/5/infgain/noAug__noImbl__minmax/random_forest,1771575212296_720c096117715761449176157,0.7922077922077922,0.773492286115007,0.788888888888889,0.7787356321839081,0.8021893954572776,0.7922077922077922,0.7950440364233468,0.7922077922077922,0.7922077922077922,0.7922077922077922,0.7894071242203224
5,infgain,minmax,noAug,noImbl,random_forest,last,0.5,0.2,42,2026-02-20 16:29:06,20260220-161321,log/pimaindians_diabetes/5/infgain/noAug__noImbl__minmax/random_forest,1771575212296_720c096117715761461539258,0.7597402597402597,0.7363636363636363,0.7383333333333333,0.7373104052371952,0.7608028335301064,0.7597402597402597,0.760238700951439,0.7597402597402597,0.7597402597402597,0.7597402597402597,0.7520784501471065
6,biMaxInfgain,minmax,gaussian_noise,ADASYN,random_forest,first,0.35,0.1,42,2026-02-20 16:30:35,20260220-161321,log/pimaindians_diabetes/6/biMaxInfgain/minmax__gaussian_noise__ADASYN/random_forest,1771575212296_720c096117715762358190870,0.5714285714285714,0.6978221415607986,0.6614814814814813,0.5667519181585678,0.7723619393310864,0.5714285714285714,0.5533065400073073,0.5714285714285714,0.5714285714285714,0.5714285714285714,0.6097467535336463
6,biMaxInfgain,minmax,gaussian_noise,ADASYN,random_forest,first,0.35,0.2,42,2026-02-20 16:30:37,20260220-161321,log/pimaindians_diabetes/6/biMaxInfgain/minmax__gaussian_noise__ADASYN/random_forest,1771575212296_720c096117715762379029922,0.564935064935065,0.6832775919732442,0.6522222222222223,0.5607679536843897,0.7549059636016159,0.564935064935065,0.5479888125156525,0.564935064935065,0.564935064935065,0.564935064935065,0.6013281186837404
6,biMaxInfgain,minmax,gaussian_noise,ADASYN,random_forest,first,0.5,0.1,42,2026-02-20 16:30:36,20260220-161321,log/pimaindians_diabetes/6/biMaxInfgain/minmax__gaussian_noise__ADASYN/random_forest,1771575212296_720c096117715762368987950,0.7532467532467533,0.7295918367346939,0.7333333333333334,0.7313131313131314,0.755499602438378,0.7532467532467533,0.7542437360619179,0.7532467532467533,0.7532467532467533,0.7532467532467532,0.7459747086555988
6,biMaxInfgain,minmax,gaussian_noise,ADASYN,random_forest,first,0.5,0.2,42,2026-02-20 16:30:38,20260220-161321,log/pimaindians_diabetes/6/biMaxInfgain/minmax__gaussian_noise__ADASYN/random_forest,1771575212296_720c096117715762389296489,0.6753246753246753,0.6697635135135135,0.6861111111111111,0.6657986111111112,0.7123990873990873,0.6753246753246753,0.682652417027417,0.6753246753246753,0.6753246753246753,0.6753246753246753,0.6792248955530205
6,biMaxInfgain,minmax,gaussian_noise,ADASYN,random_forest,last,0.35,0.1,42,2026-02-20 16:30:40,20260220-161321,log/pimaindians_diabetes/6/biMaxInfgain/gaussian_noise__ADASYN__minmax/random_forest,1771575212296_720c096117715762400594847,0.3636363636363636,0.4393939393939393,0.4674074074074074,0.3349197955226511,0.4710743801652892,0.3636363636363636,0.2936397288591894,0.3636363636363636,0.3636363636363636,0.3636363636363636,0.377526046808485
6,biMaxInfgain,minmax,gaussian_noise,ADASYN,random_forest,last,0.35,0.2,42,2026-02-20 16:30:42,20260220-161321,log/pimaindians_diabetes/6/biMaxInfgain/gaussian_noise__ADASYN__minmax/random_forest,1771575212296_720c096117715762421415177,0.4545454545454545,0.6440298507462687,0.5714814814814814,0.426595744680851,0.7204884667571235,0.4545454545454545,0.3887814313346228,0.4545454545454545,0.4545454545454545,0.4545454545454545,0.4977247381189901
6,biMaxInfgain,minmax,gaussian_noise,ADASYN,random_forest,last,0.5,0.1,42,2026-02-20 16:30:41,20260220-161321,log/pimaindians_diabetes/6/biMaxInfgain/gaussian_noise__ADASYN__minmax/random_forest,1771575212296_720c096117715762411529187,0.6623376623376623,0.6567567567567567,0.6718518518518519,0.6524305555555556,0.6995436995436995,0.6623376623376623,0.6699585137085138,0.6623376623376623,0.6623376623376623,0.6623376623376623,0.6661086561399059
6,biMaxInfgain,minmax,gaussian_noise,ADASYN,random_forest,last,0.5,0.2,42,2026-02-20 16:30:43,20260220-161321,log/pimaindians_diabetes/6/biMaxInfgain/gaussian_noise__ADASYN__minmax/random_forest,1771575212296_720c096117715762431387884,0.5454545454545454,0.5283857729138166,0.5307407407407407,0.5249427110876079,0.5720059694067902,0.5454545454545454,0.5544284729900806,0.5454545454545454,0.5454545454545454,0.5454545454545454,0.5432007440996062
6,biMaxInfgain,minmax,gaussian_noise,RandomUnderSampler,random_forest,first,0.35,0.1,42,2026-02-20 16:30:43,20260220-161321,log/pimaindians_diabetes/6/biMaxInfgain/minmax__gaussian_noise__RandomUnderSampler/random_forest,1771575212296_720c096117715762439299349,0.4545454545454545,0.608974358974359,0.562962962962963,0.4330294530154277,0.6759906759906761,0.4545454545454545,0.4000382506693867,0.4545454545454545,0.4545454545454545,0.4545454545454545,0.4915711371637037
6,biMaxInfgain,minmax,gaussian_noise,RandomUnderSampler,random_forest,first,0.35,0.2,42,2026-02-20 16:30:45,20260220-161321,log/pimaindians_diabetes/6/biMaxInfgain/minmax__gaussian_noise__RandomUnderSampler/random_forest,1771575212296_720c096117715762453974209,0.4155844155844156,0.5578358208955224,0.5287037037037037,0.3856382978723404,0.6152355107578987,0.4155844155844156,0.3451229621442387,0.4155844155844156,0.4155844155844156,0.4155844155844156,0.4460254587719656
6,biMaxInfgain,minmax,gaussian_noise,RandomUnderSampler,random_forest,first,0.5,0.1,42,2026-02-20 16:30:44,20260220-161321,log/pimaindians_diabetes/6/biMaxInfgain/minmax__gaussian_noise__RandomUnderSampler/random_forest,1771575212296_720c096117715762446751155,0.7142857142857143,0.7349521203830369,0.7544444444444445,0.7119047619047619,0.7877662692984169,0.7142857142857143,0.7197278911564625,0.7142857142857143,0.7142857142857143,0.7142857142857143,0.728175467086059
6,biMaxInfgain,minmax,gaussian_noise,RandomUnderSampler,random_forest,first,0.5,0.2,42,2026-02-20 16:30:46,20260220-161321,log/pimaindians_diabetes/6/biMaxInfgain/minmax__gaussian_noise__RandomUnderSampler/random_forest,1771575212296_720c096117715762461456117,0.5974025974025974,0.5993589743589743,0.6090740740740741,0.5890151515151515,0.6443556443556443,0.5974025974025974,0.6065525383707202,0.5974025974025974,0.5974025974025974,0.5974025974025974,0.6035750617227889
6,biMaxInfgain,minmax,gaussian_noise,RandomUnderSampler,random_forest,last,0.35,0.1,42,2026-02-20 16:30:46,20260220-161321,log/pimaindians_diabetes/6/biMaxInfgain/gaussian_noise__RandomUnderSampler__minmax/random_forest,1771575212296_720c096117715762469645867,0.4155844155844156,0.6875,0.55,0.3636363636363636,0.7808441558441559,0.4155844155844156,0.3093270365997638,0.4155844155844156,0.4155844155844156,0.4155844155844156,0.4690126918536009
6,biMaxInfgain,minmax,gaussian_noise,RandomUnderSampler,random_forest,last,0.35,0.2,42,2026-02-20 16:30:48,20260220-161321,log/pimaindians_diabetes/6/biMaxInfgain/gaussian_noise__RandomUnderSampler__minmax/random_forest,1771575212296_720c096117715762484486945,0.435064935064935,0.6099415204678362,0.5522222222222222,0.4042950513538749,0.6792891319207107,0.435064935064935,0.3638546327621957,0.435064935064935,0.435064935064935,0.435064935064935,0.4733937141044614
6,biMaxInfgain,minmax,gaussian_noise,RandomUnderSampler,random_forest,last,0.5,0.1,42,2026-02-20 16:30:47,20260220-161321,log/pimaindians_diabetes/6/biMaxInfgain/gaussian_noise__RandomUnderSampler__minmax/random_forest,1771575212296_720c096117715762477287841,0.4935064935064935,0.5773809523809523,0.5674074074074074,0.4904123536399117,0.6324984539270253,0.4935064935064935,0.4785514841513484,0.4935064935064935,0.4935064935064935,0.4935064935064935,0.5204758544428248
6,biMaxInfgain,minmax,gaussian_noise,RandomUnderSampler,random_forest,last,0.5,0.2,42,2026-02-20 16:30:49,20260220-161321,log/pimaindians_diabetes/6/biMaxInfgain/gaussian_noise__RandomUnderSampler__minmax/random_forest,1771575212296_720c096117715762491718046,0.6688311688311688,0.6914565105506948,0.7066666666666667,0.6664543253917696,0.7434947965056045,0.6688311688311688,0.6748646944850283,0.6688311688311688,0.6688311688311688,0.6688311688311688,0.6828921178862836
6,biMaxInfgain,minmax,gaussian_noise,SMOTE,random_forest,first,0.35,0.1,42,2026-02-20 16:30:50,20260220-161321,log/pimaindians_diabetes/6/biMaxInfgain/minmax__gaussian_noise__SMOTE/random_forest,1771575212296_720c096117715762502819662,0.4935064935064935,0.6646634615384617,0.6014814814814814,0.4761904761904761,0.7418518981018982,0.4935064935064935,0.447742733457019,0.4935064935064935,0.4935064935064935,0.4935064935064935,0.5367922629619057
6,biMaxInfgain,minmax,gaussian_noise,SMOTE,random_forest,first,0.35,0.2,42,2026-02-20 16:30:52,20260220-161321,log/pimaindians_diabetes/6/biMaxInfgain/minmax__gaussian_noise__SMOTE/random_forest,1771575212296_720c096117715762523302617,0.5324675324675324,0.6683823529411764,0.6272222222222222,0.5244467318579515,0.7410809778456836,0.5324675324675324,0.5059988904559156,0.5324675324675324,0.5324675324675324,0.5324675324675324,0.5712224116350011
6,biMaxInfgain,minmax,gaussian_noise,SMOTE,random_forest,first,0.5,0.1,42,2026-02-20 16:30:51,20260220-161321,log/pimaindians_diabetes/6/biMaxInfgain/minmax__gaussian_noise__SMOTE/random_forest,1771575212296_720c096117715762513586975,0.6493506493506493,0.6127450980392157,0.6107407407407407,0.6116196525312908,0.6464222052457347,0.6493506493506493,0.6477785244831761,0.6493506493506493,0.6493506493506493,0.6493506493506493,0.6356407906949987
6,biMaxInfgain,minmax,gaussian_noise,SMOTE,random_forest,first,0.5,0.2,42,2026-02-20 16:30:53,20260220-161321,log/pimaindians_diabetes/6/biMaxInfgain/minmax__gaussian_noise__SMOTE/random_forest,1771575212296_720c096117715762533217407,0.6493506493506493,0.6105769230769231,0.6064814814814814,0.6080316742081449,0.6436063936063936,0.6493506493506493,0.646045131339249,0.6493506493506493,0.6493506493506493,0.6493506493506493,0.6339182603888485
6,biMaxInfgain,minmax,gaussian_noise,SMOTE,random_forest,last,0.35,0.1,42,2026-02-20 16:30:54,20260220-161321,log/pimaindians_diabetes/6/biMaxInfgain/gaussian_noise__SMOTE__minmax/random_forest,1771575212296_720c096117715762544052688,0.4285714285714285,0.524077868852459,0.5174074074074074,0.4166666666666666,0.5728922716627635,0.4285714285714285,0.3917748917748917,0.4285714285714285,0.4285714285714285,0.4285714285714285,0.454132559987068
6,biMaxInfgain,minmax,gaussian_noise,SMOTE,random_forest,last,0.35,0.2,42,2026-02-20 16:30:56,20260220-161321,log/pimaindians_diabetes/6/biMaxInfgain/gaussian_noise__SMOTE__minmax/random_forest,1771575212296_720c096117715762564564743,0.4415584415584415,0.5984848484848485,0.552962962962963,0.4163581879076325,0.6641086186540732,0.4415584415584415,0.3801328232845948,0.4415584415584415,0.4415584415584415,0.4415584415584415,0.4776526713123991
6,biMaxInfgain,minmax,gaussian_noise,SMOTE,random_forest,last,0.5,0.1,42,2026-02-20 16:30:55,20260220-161321,log/pimaindians_diabetes/6/biMaxInfgain/gaussian_noise__SMOTE__minmax/random_forest,1771575212296_720c096117715762554798980,0.5064935064935064,0.5006756756756756,0.5007407407407407,0.4920138888888888,0.5452790452790452,0.5064935064935064,0.5176316738816739,0.5064935064935064,0.5064935064935064,0.5064935064935064,0.508713783182533
6,biMaxInfgain,minmax,gaussian_noise,SMOTE,random_forest,last,0.5,0.2,42,2026-02-20 16:30:57,20260220-161321,log/pimaindians_diabetes/6/biMaxInfgain/gaussian_noise__SMOTE__minmax/random_forest,1771575212296_720c096117715762574435728,0.6038961038961039,0.5436002590114397,0.5374074074074074,0.5357548801581418,0.5821226043544196,0.6038961038961039,0.5888819359538411,0.6038961038961039,0.6038961038961039,0.6038961038961039,0.5765669910525657
6,biMaxInfgain,minmax,gaussian_noise,TomekLinks,random_forest,first,0.35,0.1,42,2026-02-20 16:30:58,20260220-161321,log/pimaindians_diabetes/6/biMaxInfgain/minmax__gaussian_noise__TomekLinks/random_forest,1771575212296_720c096117715762583870228,0.6103896103896104,0.677601809954751,0.6744444444444444,0.6103238866396761,0.7394370335546805,0.6103896103896104,0.6088122403911879,0.6103896103896104,0.6103896103896104,0.6103896103896104,0.6361745920058612
6,biMaxInfgain,minmax,gaussian_noise,TomekLinks,random_forest,first,0.35,0.2,42,2026-02-20 16:31:00,20260220-161321,log/pimaindians_diabetes/6/biMaxInfgain/minmax__gaussian_noise__TomekLinks/random_forest,1771575212296_720c096117715762601134288,0.5714285714285714,0.6659090909090909,0.6487037037037038,0.5696138211382114,0.7317591499409681,0.5714285714285714,0.5612659698025552,0.5714285714285714,0.5714285714285714,0.5714285714285714,0.6028405916679197
6,biMaxInfgain,minmax,gaussian_noise,TomekLinks,random_forest,first,0.5,0.1,42,2026-02-20 16:30:59,20260220-161321,log/pimaindians_diabetes/6/biMaxInfgain/minmax__gaussian_noise__TomekLinks/random_forest,1771575212296_720c096117715762592725723,0.7792207792207793,0.7588652482269503,0.7703703703703704,0.7632483270030747,0.7864050842774247,0.7792207792207793,0.7816166470534348,0.7792207792207793,0.7792207792207793,0.7792207792207793,0.7749821280842625
6,biMaxInfgain,minmax,gaussian_noise,TomekLinks,random_forest,first,0.5,0.2,42,2026-02-20 16:31:00,20260220-161321,log/pimaindians_diabetes/6/biMaxInfgain/minmax__gaussian_noise__TomekLinks/random_forest,1771575212296_720c096117715762609634899,0.6298701298701299,0.5768400604360026,0.5659259259259259,0.5661971830985916,0.6107203825744728,0.6298701298701299,0.6158404975306385,0.6298701298701299,0.6298701298701299,0.6298701298701299,0.6046023409360763
6,biMaxInfgain,minmax,gaussian_noise,TomekLinks,random_forest,last,0.35,0.1,42,2026-02-20 16:31:01,20260220-161321,log/pimaindians_diabetes/6/biMaxInfgain/gaussian_noise__TomekLinks__minmax/random_forest,1771575212296_720c096117715762618997071,0.4545454545454545,0.6956521739130435,0.58,0.4191810344827585,0.7865612648221343,0.4545454545454545,0.3763714733542319,0.4545454545454545,0.4545454545454545,0.4545454545454545,0.507372401867248
6,biMaxInfgain,minmax,gaussian_noise,TomekLinks,random_forest,last,0.35,0.2,42,2026-02-20 16:31:03,20260220-161321,log/pimaindians_diabetes/6/biMaxInfgain/gaussian_noise__TomekLinks__minmax/random_forest,1771575212296_720c096117715762636483126,0.4935064935064935,0.611764705882353,0.5844444444444444,0.4848172928461142,0.6750190985485103,0.4935064935064935,0.464832131327242,0.4935064935064935,0.4935064935064935,0.4935064935064935,0.5269728359161315
6,biMaxInfgain,minmax,gaussian_noise,TomekLinks,random_forest,last,0.5,0.1,42,2026-02-20 16:31:02,20260220-161321,log/pimaindians_diabetes/6/biMaxInfgain/gaussian_noise__TomekLinks__minmax/random_forest,1771575212296_720c096117715762628161101,0.6363636363636364,0.5957692307692308,0.5922222222222222,0.5935143288084465,0.6303496503496504,0.6363636363636364,0.6329356917592212,0.6363636363636364,0.6363636363636364,0.6363636363636364,0.620347067964715
6,biMaxInfgain,minmax,gaussian_noise,TomekLinks,random_forest,last,0.5,0.2,42,2026-02-20 16:31:04,20260220-161321,log/pimaindians_diabetes/6/biMaxInfgain/gaussian_noise__TomekLinks__minmax/random_forest,1771575212296_720c096117715762646808796,0.7012987012987013,0.6863885088919288,0.7018518518518518,0.687819495857571,0.7244923339314584,0.7012987012987013,0.7071958536791958,0.7012987012987013,0.7012987012987013,0.7012987012987013,0.7010450524175192
6,biMaxInfgain,minmax,gaussian_noise,noImbl,random_forest,first,0.35,0.1,42,2026-02-20 16:31:05,20260220-161321,log/pimaindians_diabetes/6/biMaxInfgain/minmax__gaussian_noise__noImbl/random_forest,1771575212296_720c096117715762656094194,0.5584415584415584,0.7213114754098361,0.66,0.5492424242424242,0.8045560996380668,0.5584415584415584,0.5300078709169619,0.5584415584415584,0.5584415584415584,0.5584415584415584,0.6038509251553213
6,biMaxInfgain,minmax,gaussian_noise,noImbl,random_forest,first,0.35,0.2,42,2026-02-20 16:31:07,20260220-161321,log/pimaindians_diabetes/6/biMaxInfgain/minmax__gaussian_noise__noImbl/random_forest,1771575212296_720c096117715762674849482,0.6038961038961039,0.700611620795107,0.6822222222222222,0.6025386079966153,0.7701258985662655,0.6038961038961039,0.5956002956214508,0.6038961038961039,0.6038961038961039,0.6038961038961039,0.6365752512595109
6,biMaxInfgain,minmax,gaussian_noise,noImbl,random_forest,first,0.5,0.1,42,2026-02-20 16:31:06,20260220-161321,log/pimaindians_diabetes/6/biMaxInfgain/minmax__gaussian_noise__noImbl/random_forest,1771575212296_720c096117715762665231476,0.7662337662337663,0.7464936886395512,0.7603703703703704,0.7510775862068966,0.7767618076173475,0.7662337662337663,0.7694245409762651,0.7662337662337663,0.7662337662337663,0.7662337662337663,0.7629314122337074
6,biMaxInfgain,minmax,gaussian_noise,noImbl,random_forest,first,0.5,0.2,42,2026-02-20 16:31:08,20260220-161321,log/pimaindians_diabetes/6/biMaxInfgain/minmax__gaussian_noise__noImbl/random_forest,1771575212296_720c096117715762683956738,0.6818181818181818,0.645103448275862,0.5974074074074074,0.5959303882195448,0.6626959247648901,0.6818181818181818,0.6515760009735914,0.6818181818181818,0.6818181818181818,0.6818181818181818,0.6503739091510589
6,biMaxInfgain,minmax,gaussian_noise,noImbl,random_forest,last,0.35,0.1,42,2026-02-20 16:31:09,20260220-161321,log/pimaindians_diabetes/6/biMaxInfgain/gaussian_noise__noImbl__minmax/random_forest,1771575212296_720c096117715762693475215,0.5714285714285714,0.6978221415607986,0.6614814814814813,0.5667519181585678,0.7723619393310864,0.5714285714285714,0.5533065400073073,0.5714285714285714,0.5714285714285714,0.5714285714285714,0.6097467535336463
6,biMaxInfgain,minmax,gaussian_noise,noImbl,random_forest,last,0.35,0.2,42,2026-02-20 16:31:11,20260220-161321,log/pimaindians_diabetes/6/biMaxInfgain/gaussian_noise__noImbl__minmax/random_forest,1771575212296_720c096117715762711195308,0.5584415584415584,0.6071428571428571,0.6088888888888889,0.5583670715249662,0.660482374768089,0.5584415584415584,0.5600802706065864,0.5584415584415584,0.5584415584415584,0.5584415584415584,0.5787951367763396
6,biMaxInfgain,minmax,gaussian_noise,noImbl,random_forest,last,0.5,0.1,42,2026-02-20 16:31:10,20260220-161321,log/pimaindians_diabetes/6/biMaxInfgain/gaussian_noise__noImbl__minmax/random_forest,1771575212296_720c096117715762702434901,0.6233766233766234,0.6141598915989159,0.6248148148148148,0.6105006105006106,0.65655685777637,0.6233766233766234,0.6316540602254888,0.6233766233766234,0.6233766233766234,0.6233766233766234,0.6252270063785742
6,biMaxInfgain,minmax,gaussian_noise,noImbl,random_forest,last,0.5,0.2,42,2026-02-20 16:31:11,20260220-161321,log/pimaindians_diabetes/6/biMaxInfgain/gaussian_noise__noImbl__minmax/random_forest,1771575212296_720c096117715762719834600,0.7012987012987013,0.6699623352165724,0.6337037037037037,0.6389398572884811,0.687541272287035,0.7012987012987013,0.6837602764208268,0.7012987012987013,0.7012987012987013,0.7012987012987013,0.6780452316966077
6,biMaxInfgain,minmax,mixup,ADASYN,random_forest,first,0.35,0.1,42,2026-02-20 16:31:12,20260220-161321,log/pimaindians_diabetes/6/biMaxInfgain/minmax__mixup__ADASYN/random_forest,1771575212296_720c096117715762727585252,0.7012987012987013,0.7535919540229885,0.7614814814814814,0.7010970464135021,0.8168943125839677,0.7012987012987013,0.7034160775932927,0.7012987012987013,0.7012987012987013,0.7012987012987013,0.7243932239293434
6,biMaxInfgain,minmax,mixup,ADASYN,random_forest,first,0.35,0.2,42,2026-02-20 16:31:14,20260220-161321,log/pimaindians_diabetes/6/biMaxInfgain/minmax__mixup__ADASYN/random_forest,1771575212296_720c096117715762741404600,0.6818181818181818,0.7101987899740709,0.7251851851851852,0.6801864801864801,0.7645949556061916,0.6818181818181818,0.6870099597372324,0.6818181818181818,0.6818181818181818,0.6818181818181818,0.6978046317923742
6,biMaxInfgain,minmax,mixup,ADASYN,random_forest,first,0.5,0.1,42,2026-02-20 16:31:13,20260220-161321,log/pimaindians_diabetes/6/biMaxInfgain/minmax__mixup__ADASYN/random_forest,1771575212296_720c096117715762734664093,0.7532467532467533,0.7594594594594595,0.7844444444444445,0.74901355292503,0.8070902070902072,0.7532467532467533,0.7587499136649934,0.7532467532467533,0.7532467532467533,0.7532467532467532,0.7625626323866157
6,biMaxInfgain,minmax,mixup,ADASYN,random_forest,first,0.5,0.2,42,2026-02-20 16:31:14,20260220-161321,log/pimaindians_diabetes/6/biMaxInfgain/minmax__mixup__ADASYN/random_forest,1771575212296_720c096117715762748108951,0.7337662337662337,0.7206308610400682,0.7396296296296296,0.7225225225225225,0.7583950576277941,0.7337662337662337,0.7392067392067392,0.7337662337662337,0.7337662337662337,0.7337662337662337,0.7346314375956317
6,biMaxInfgain,minmax,mixup,ADASYN,random_forest,last,0.35,0.1,42,2026-02-20 16:31:15,20260220-161321,log/pimaindians_diabetes/6/biMaxInfgain/mixup__ADASYN__minmax/random_forest,1771575212296_720c096117715762755703477,0.7402597402597403,0.7612859097127223,0.7829629629629631,0.7380952380952381,0.815019453870343,0.7402597402597403,0.7452071737786023,0.7402597402597403,0.7402597402597403,0.7402597402597403,0.754526090539575
6,biMaxInfgain,minmax,mixup,ADASYN,random_forest,last,0.35,0.2,42,2026-02-20 16:31:16,20260220-161321,log/pimaindians_diabetes/6/biMaxInfgain/mixup__ADASYN__minmax/random_forest,1771575212296_720c096117715762769698750,0.7142857142857143,0.7599290780141845,0.7714814814814814,0.7138513513513514,0.8216818642350558,0.7142857142857142,0.7171814671814672,0.7142857142857143,0.7142857142857143,0.7142857142857143,0.7356784508672805
6,biMaxInfgain,minmax,mixup,ADASYN,random_forest,last,0.5,0.1,42,2026-02-20 16:31:16,20260220-161321,log/pimaindians_diabetes/6/biMaxInfgain/mixup__ADASYN__minmax/random_forest,1771575212296_720c096117715762762822115,0.8181818181818182,0.8030303030303031,0.825925925925926,0.8088652482269504,0.834710743801653,0.8181818181818182,0.8214700193423597,0.8181818181818182,0.8181818181818182,0.8181818181818182,0.8181897146839118
6,biMaxInfgain,minmax,mixup,ADASYN,random_forest,last,0.5,0.2,42,2026-02-20 16:31:17,20260220-161321,log/pimaindians_diabetes/6/biMaxInfgain/mixup__ADASYN__minmax/random_forest,1771575212296_720c096117715762776431371,0.7337662337662337,0.730042194092827,0.7524074074074074,0.726560131653025,0.7728686503370048,0.7337662337662337,0.7398193595413292,0.7337662337662337,0.7337662337662337,0.7337662337662337,0.7389952423693703
6,biMaxInfgain,minmax,mixup,RandomUnderSampler,random_forest,first,0.35,0.1,42,2026-02-20 16:31:18,20260220-161321,log/pimaindians_diabetes/6/biMaxInfgain/minmax__mixup__RandomUnderSampler/random_forest,1771575212296_720c096117715762782805600,0.7012987012987013,0.77,0.77,0.7012987012987013,0.8387012987012987,0.7012987012987013,0.7012987012987013,0.7012987012987013,0.7012987012987013,0.7012987012987013,0.7287792207792206
6,biMaxInfgain,minmax,mixup,RandomUnderSampler,random_forest,first,0.35,0.2,42,2026-02-20 16:31:19,20260220-161321,log/pimaindians_diabetes/6/biMaxInfgain/minmax__mixup__RandomUnderSampler/random_forest,1771575212296_720c096117715762794751317,0.6753246753246753,0.7501885369532428,0.7457407407407408,0.6752699055330634,0.819063289651525,0.6753246753246753,0.6740102003259898,0.6753246753246753,0.6753246753246753,0.6753246753246753,0.7040211427432789
6,biMaxInfgain,minmax,mixup,RandomUnderSampler,random_forest,first,0.5,0.1,42,2026-02-20 16:31:18,20260220-161321,log/pimaindians_diabetes/6/biMaxInfgain/minmax__mixup__RandomUnderSampler/random_forest,1771575212296_720c096117715762788876512,0.7142857142857143,0.7249322493224932,0.7459259259259259,0.710328317373461,0.7739063104916764,0.7142857142857143,0.7204416650381084,0.7142857142857143,0.7142857142857143,0.7142857142857143,0.7248062316500304
6,biMaxInfgain,minmax,mixup,RandomUnderSampler,random_forest,first,0.5,0.2,42,2026-02-20 16:31:20,20260220-161321,log/pimaindians_diabetes/6/biMaxInfgain/minmax__mixup__RandomUnderSampler/random_forest,1771575212296_720c096117715762800681884,0.6948051948051948,0.6910548523206751,0.7096296296296296,0.6865445411632238,0.7341837908926516,0.6948051948051948,0.7017441438644506,0.6948051948051948,0.6948051948051948,0.6948051948051948,0.6996522079605245
6,biMaxInfgain,minmax,mixup,RandomUnderSampler,random_forest,last,0.35,0.1,42,2026-02-20 16:31:20,20260220-161321,log/pimaindians_diabetes/6/biMaxInfgain/mixup__RandomUnderSampler__minmax/random_forest,1771575212296_720c096117715762806904233,0.6883116883116883,0.7474489795918369,0.7514814814814814,0.688259109311741,0.812218393851047,0.6883116883116883,0.6894684263105315,0.6883116883116883,0.6883116883116883,0.6883116883116883,0.7130986911604527
6,biMaxInfgain,minmax,mixup,RandomUnderSampler,random_forest,last,0.35,0.2,42,2026-02-20 16:31:21,20260220-161321,log/pimaindians_diabetes/6/biMaxInfgain/mixup__RandomUnderSampler__minmax/random_forest,1771575212296_720c096117715762818640054,0.7012987012987013,0.7166666666666667,0.7359259259259259,0.6980392156862745,0.7671614100185529,0.7012987012987013,0.7074102368220015,0.7012987012987013,0.7012987012987013,0.7012987012987013,0.7133122986568362
6,biMaxInfgain,minmax,mixup,RandomUnderSampler,random_forest,last,0.5,0.1,42,2026-02-20 16:31:21,20260220-161321,log/pimaindians_diabetes/6/biMaxInfgain/mixup__RandomUnderSampler__minmax/random_forest,1771575212296_720c096117715762812835459,0.7402597402597403,0.7422402159244265,0.7659259259259259,0.7348484848484849,0.7877911562122089,0.7402597402597403,0.7461629279811098,0.7402597402597403,0.7402597402597403,0.7402597402597403,0.7478513378345913
6,biMaxInfgain,minmax,mixup,RandomUnderSampler,random_forest,last,0.5,0.2,42,2026-02-20 16:31:22,20260220-161321,log/pimaindians_diabetes/6/biMaxInfgain/mixup__RandomUnderSampler__minmax/random_forest,1771575212296_720c096117715762824565380,0.7337662337662337,0.7469031053792634,0.7694444444444444,0.7304819225679771,0.7972611132292108,0.7337662337662337,0.7393688822809069,0.7337662337662337,0.7337662337662337,0.7337662337662337,0.7453449805391177
6,biMaxInfgain,minmax,mixup,SMOTE,random_forest,first,0.35,0.1,42,2026-02-20 16:31:23,20260220-161321,log/pimaindians_diabetes/6/biMaxInfgain/minmax__mixup__SMOTE/random_forest,1771575212296_720c096117715762832153357,0.7012987012987013,0.7394810659186536,0.7529629629629631,0.7004904447826822,0.7980273583359138,0.7012987012987013,0.7051379197497919,0.7012987012987013,0.7012987012987013,0.7012987012987013,0.7204108739211045
6,biMaxInfgain,minmax,mixup,SMOTE,random_forest,first,0.35,0.2,42,2026-02-20 16:31:24,20260220-161321,log/pimaindians_diabetes/6/biMaxInfgain/minmax__mixup__SMOTE/random_forest,1771575212296_720c096117715762846036591,0.7272727272727273,0.7598958333333333,0.7772222222222223,0.7261178861788617,0.8176136363636364,0.7272727272727273,0.731430155210643,0.7272727272727273,0.7272727272727273,0.7272727272727273,0.7450144663094357
6,biMaxInfgain,minmax,mixup,SMOTE,random_forest,first,0.5,0.1,42,2026-02-20 16:31:23,20260220-161321,log/pimaindians_diabetes/6/biMaxInfgain/minmax__mixup__SMOTE/random_forest,1771575212296_720c096117715762839255663,0.7792207792207793,0.7614583333333333,0.778888888888889,0.7664585191793042,0.7928841991341992,0.7792207792207793,0.7827658514545224,0.7792207792207793,0.7792207792207793,0.7792207792207793,0.7773951094190278
6,biMaxInfgain,minmax,mixup,SMOTE,random_forest,first,0.5,0.2,42,2026-02-20 16:31:25,20260220-161321,log/pimaindians_diabetes/6/biMaxInfgain/minmax__mixup__SMOTE/random_forest,1771575212296_720c096117715762852806577,0.7467532467532467,0.7396414679519703,0.7624074074074074,0.7387218862835516,0.7805341960593102,0.7467532467532467,0.7524049448615509,0.7467532467532467,0.7467532467532467,0.7467532467532466,0.7506286305149328
6,biMaxInfgain,minmax,mixup,SMOTE,random_forest,last,0.35,0.1,42,2026-02-20 16:31:26,20260220-161321,log/pimaindians_diabetes/6/biMaxInfgain/mixup__SMOTE__minmax/random_forest,1771575212296_720c096117715762860338793,0.7402597402597403,0.7732638888888889,0.7914814814814815,0.7391598915989159,0.831655844155844,0.7402597402597403,0.7442191954387076,0.7402597402597403,0.7402597402597403,0.7402597402597403,0.758250880612161
6,biMaxInfgain,minmax,mixup,SMOTE,random_forest,last,0.35,0.2,42,2026-02-20 16:31:27,20260220-161321,log/pimaindians_diabetes/6/biMaxInfgain/mixup__SMOTE__minmax/random_forest,1771575212296_720c096117715762874237118,0.6818181818181818,0.7101987899740709,0.7251851851851852,0.6801864801864801,0.7645949556061916,0.6818181818181818,0.6870099597372324,0.6818181818181818,0.6818181818181818,0.6818181818181818,0.6978046317923742
6,biMaxInfgain,minmax,mixup,SMOTE,random_forest,last,0.5,0.1,42,2026-02-20 16:31:26,20260220-161321,log/pimaindians_diabetes/6/biMaxInfgain/mixup__SMOTE__minmax/random_forest,1771575212296_720c096117715762867456907,0.7662337662337663,0.7682186234817814,0.7944444444444444,0.7613636363636364,0.8138703401861297,0.7662337662337663,0.7715466351829988,0.7662337662337663,0.7662337662337663,0.7662337662337663,0.7740833880367372
6,biMaxInfgain,minmax,mixup,SMOTE,random_forest,last,0.5,0.2,42,2026-02-20 16:31:28,20260220-161321,log/pimaindians_diabetes/6/biMaxInfgain/mixup__SMOTE__minmax/random_forest,1771575212296_720c096117715762881040480,0.7662337662337663,0.7547619047619047,0.7774074074074073,0.7570126227208976,0.7924551638837353,0.7662337662337663,0.7711517094406296,0.7662337662337663,0.7662337662337663,0.7662337662337663,0.7681806039230401
6,biMaxInfgain,minmax,mixup,TomekLinks,random_forest,first,0.35,0.1,42,2026-02-20 16:31:28,20260220-161321,log/pimaindians_diabetes/6/biMaxInfgain/minmax__mixup__TomekLinks/random_forest,1771575212296_720c096117715762887876938,0.7142857142857143,0.7349521203830369,0.7544444444444445,0.7119047619047619,0.7877662692984169,0.7142857142857143,0.7197278911564625,0.7142857142857143,0.7142857142857143,0.7142857142857143,0.728175467086059
6,biMaxInfgain,minmax,mixup,TomekLinks,random_forest,first,0.35,0.2,42,2026-02-20 16:31:30,20260220-161321,log/pimaindians_diabetes/6/biMaxInfgain/minmax__mixup__TomekLinks/random_forest,1771575212296_720c096117715762900562617,0.6948051948051948,0.7178761365585864,0.7351851851851852,0.6926147704590818,0.770939302591387,0.6948051948051948,0.7003655027607123,0.6948051948051948,0.6948051948051948,0.6948051948051948,0.7092691813385628
6,biMaxInfgain,minmax,mixup,TomekLinks,random_forest,first,0.5,0.1,42,2026-02-20 16:31:29,20260220-161321,log/pimaindians_diabetes/6/biMaxInfgain/minmax__mixup__TomekLinks/random_forest,1771575212296_720c096117715762894349794,0.7402597402597403,0.7234848484848485,0.7403703703703703,0.7269503546099291,0.7585596221959858,0.7402597402597403,0.7449571704890854,0.7402597402597403,0.7402597402597403,0.7402597402597403,0.7391315089738686
6,biMaxInfgain,minmax,mixup,TomekLinks,random_forest,first,0.5,0.2,42,2026-02-20 16:31:30,20260220-161321,log/pimaindians_diabetes/6/biMaxInfgain/minmax__mixup__TomekLinks/random_forest,1771575212296_720c096117715762906845032,0.7142857142857143,0.7054539295392954,0.7246296296296296,0.7045177045177045,0.7460801393728222,0.7142857142857143,0.7205651491365777,0.7142857142857143,0.7142857142857143,0.7142857142857143,0.7170930836166025
6,biMaxInfgain,minmax,mixup,TomekLinks,random_forest,last,0.35,0.1,42,2026-02-20 16:31:31,20260220-161321,log/pimaindians_diabetes/6/biMaxInfgain/mixup__TomekLinks__minmax/random_forest,1771575212296_720c096117715762913613513,0.6623376623376623,0.7193877551020409,0.722962962962963,0.6622807017543859,0.7818711900344554,0.6623376623376623,0.6635907951697425,0.6623376623376623,0.6623376623376623,0.6623376623376623,0.6862379802836299
6,biMaxInfgain,minmax,mixup,TomekLinks,random_forest,last,0.35,0.2,42,2026-02-20 16:31:32,20260220-161321,log/pimaindians_diabetes/6/biMaxInfgain/mixup__TomekLinks__minmax/random_forest,1771575212296_720c096117715762926245838,0.6883116883116883,0.7140151515151515,0.7301851851851852,0.6864076022399457,0.76775875639512,0.6883116883116883,0.6937065988482923,0.6883116883116883,0.6883116883116883,0.6883116883116883,0.7035377147974565
6,biMaxInfgain,minmax,mixup,TomekLinks,random_forest,last,0.5,0.1,42,2026-02-20 16:31:32,20260220-161321,log/pimaindians_diabetes/6/biMaxInfgain/mixup__TomekLinks__minmax/random_forest,1771575212296_720c096117715762920025624,0.7662337662337663,0.7608108108108108,0.7859259259259259,0.759375,0.8023868023868024,0.7662337662337663,0.7715097402597403,0.7662337662337663,0.7662337662337663,0.7662337662337663,0.7710385714448212
6,biMaxInfgain,minmax,mixup,TomekLinks,random_forest,last,0.5,0.2,42,2026-02-20 16:31:33,20260220-161321,log/pimaindians_diabetes/6/biMaxInfgain/mixup__TomekLinks__minmax/random_forest,1771575212296_720c096117715762934318173,0.7467532467532467,0.7312575055755703,0.7496296296296296,0.7345649003403014,0.7668977102842259,0.7467532467532467,0.7515547165522859,0.7467532467532467,0.7467532467532467,0.7467532467532466,0.7463977257841292
6,biMaxInfgain,minmax,mixup,noImbl,random_forest,first,0.35,0.1,42,2026-02-20 16:31:34,20260220-161321,log/pimaindians_diabetes/6/biMaxInfgain/minmax__mixup__noImbl/random_forest,1771575212296_720c096117715762941232366,0.7012987012987013,0.7394810659186536,0.7529629629629631,0.7004904447826822,0.7980273583359138,0.7012987012987013,0.7051379197497919,0.7012987012987013,0.7012987012987013,0.7012987012987013,0.7204108739211045
6,biMaxInfgain,minmax,mixup,noImbl,random_forest,first,0.35,0.2,42,2026-02-20 16:31:35,20260220-161321,log/pimaindians_diabetes/6/biMaxInfgain/minmax__mixup__noImbl/random_forest,1771575212296_720c096117715762953824810,0.6753246753246753,0.6954514363885089,0.7116666666666667,0.6726190476190477,0.746886492440528,0.6753246753246753,0.6815089672232528,0.6753246753246753,0.6753246753246753,0.6753246753246753,0.6886495319057855
6,biMaxInfgain,minmax,mixup,noImbl,random_forest,first,0.5,0.1,42,2026-02-20 16:31:34,20260220-161321,log/pimaindians_diabetes/6/biMaxInfgain/minmax__mixup__noImbl/random_forest,1771575212296_720c096117715762947614714,0.7922077922077922,0.780952380952381,0.8059259259259259,0.7840112201963534,0.8179344465058752,0.7922077922077922,0.7965792972805595,0.7922077922077922,0.7922077922077922,0.7922077922077922,0.794452969843072
6,biMaxInfgain,minmax,mixup,noImbl,random_forest,first,0.5,0.2,42,2026-02-20 16:31:36,20260220-161321,log/pimaindians_diabetes/6/biMaxInfgain/minmax__mixup__noImbl/random_forest,1771575212296_720c096117715762960040827,0.7337662337662337,0.7118808390622247,0.7225925925925927,0.7155215138544717,0.7433410939492379,0.7337662337662337,0.7370409270837295,0.7337662337662337,0.7337662337662337,0.7337662337662337,0.729172312207629
6,biMaxInfgain,minmax,mixup,noImbl,random_forest,last,0.35,0.1,42,2026-02-20 16:31:36,20260220-161321,log/pimaindians_diabetes/6/biMaxInfgain/mixup__noImbl__minmax/random_forest,1771575212296_720c096117715762966830789,0.7142857142857143,0.7465277777777778,0.7629629629629631,0.7130758807588076,0.8035714285714286,0.7142857142857143,0.7186411149825784,0.7142857142857143,0.7142857142857143,0.7142857142857143,0.7317780520067104
6,biMaxInfgain,minmax,mixup,noImbl,random_forest,last,0.35,0.2,42,2026-02-20 16:31:37,20260220-161321,log/pimaindians_diabetes/6/biMaxInfgain/mixup__noImbl__minmax/random_forest,1771575212296_720c096117715762979679014,0.7077922077922078,0.7161339421613394,0.7366666666666667,0.7032755298651252,0.7640989147838463,0.7077922077922078,0.7142106448464829,0.7077922077922078,0.7077922077922078,0.7077922077922078,0.7174297616848094
6,biMaxInfgain,minmax,mixup,noImbl,random_forest,last,0.5,0.1,42,2026-02-20 16:31:37,20260220-161321,log/pimaindians_diabetes/6/biMaxInfgain/mixup__noImbl__minmax/random_forest,1771575212296_720c096117715762973391303,0.7272727272727273,0.7334459459459459,0.7559259259259259,0.7225939269171384,0.7807739557739558,0.7272727272727273,0.7333551677349927,0.7272727272727273,0.7272727272727273,0.7272727272727273,0.7363160378714932
6,biMaxInfgain,minmax,mixup,noImbl,random_forest,last,0.5,0.2,42,2026-02-20 16:31:38,20260220-161321,log/pimaindians_diabetes/6/biMaxInfgain/mixup__noImbl__minmax/random_forest,1771575212296_720c096117715762986005645,0.7077922077922078,0.7005750042279723,0.7196296296296296,0.698525253404098,0.7420739247223265,0.7077922077922078,0.7143133979171739,0.7077922077922078,0.7077922077922078,0.7077922077922078,0.7112705366730666
6,biMaxInfgain,minmax,noAug,ADASYN,random_forest,first,0.35,0.1,42,2026-02-20 16:31:39,20260220-161321,log/pimaindians_diabetes/6/biMaxInfgain/minmax__noAug__ADASYN/random_forest,1771575212296_720c096117715762992111064,0.6623376623376623,0.7193877551020409,0.722962962962963,0.6622807017543859,0.7818711900344554,0.6623376623376623,0.6635907951697425,0.6623376623376623,0.6623376623376623,0.6623376623376623,0.6862379802836299
6,biMaxInfgain,minmax,noAug,ADASYN,random_forest,first,0.35,0.2,42,2026-02-20 16:31:40,20260220-161321,log/pimaindians_diabetes/6/biMaxInfgain/minmax__noAug__ADASYN/random_forest,1771575212296_720c096117715763003510467,0.6753246753246753,0.7189716312056738,0.7287037037037037,0.6748310810810811,0.7780233950446716,0.6753246753246753,0.6786153036153036,0.6753246753246753,0.6753246753246753,0.6753246753246753,0.6957167008297327
6,biMaxInfgain,minmax,noAug,ADASYN,random_forest,first,0.5,0.1,42,2026-02-20 16:31:39,20260220-161321,log/pimaindians_diabetes/6/biMaxInfgain/minmax__noAug__ADASYN/random_forest,1771575212296_720c096117715762997850290,0.7532467532467533,0.7594594594594595,0.7844444444444445,0.74901355292503,0.8070902070902072,0.7532467532467533,0.7587499136649934,0.7532467532467533,0.7532467532467533,0.7532467532467532,0.7625626323866157
6,biMaxInfgain,minmax,noAug,ADASYN,random_forest,first,0.5,0.2,42,2026-02-20 16:31:40,20260220-161321,log/pimaindians_diabetes/6/biMaxInfgain/minmax__noAug__ADASYN/random_forest,1771575212296_720c096117715763009142494,0.7337662337662337,0.723485491260818,0.7438888888888888,0.7239781420765028,0.7628950041982452,0.7337662337662337,0.7395040806188347,0.7337662337662337,0.7337662337662337,0.7337662337662337,0.7360557653455891
6,biMaxInfgain,minmax,noAug,ADASYN,random_forest,last,0.35,0.1,42,2026-02-20 16:31:41,20260220-161321,log/pimaindians_diabetes/6/biMaxInfgain/noAug__ADASYN__minmax/random_forest,1771575212296_720c096117715763015299751,0.7012987012987013,0.7394810659186536,0.7529629629629631,0.7004904447826822,0.7980273583359138,0.7012987012987013,0.7051379197497919,0.7012987012987013,0.7012987012987013,0.7012987012987013,0.7204108739211045
6,biMaxInfgain,minmax,noAug,ADASYN,random_forest,last,0.35,0.2,42,2026-02-20 16:31:42,20260220-161321,log/pimaindians_diabetes/6/biMaxInfgain/noAug__ADASYN__minmax/random_forest,1771575212296_720c096117715763026854813,0.6688311688311688,0.7303030303030302,0.7322222222222222,0.6688172043010753,0.79456906729634,0.6688311688311688,0.6694595726853793,0.6688311688311688,0.6688311688311688,0.6688311688311688,0.6939834160625947
6,biMaxInfgain,minmax,noAug,ADASYN,random_forest,last,0.5,0.1,42,2026-02-20 16:31:42,20260220-161321,log/pimaindians_diabetes/6/biMaxInfgain/noAug__ADASYN__minmax/random_forest,1771575212296_720c096117715763021123232,0.7792207792207793,0.7706639566395664,0.7959259259259259,0.7716727716727716,0.8100253405131456,0.7792207792207793,0.7840730697873554,0.7792207792207793,0.7792207792207793,0.7792207792207793,0.7827117102151944
6,biMaxInfgain,minmax,noAug,ADASYN,random_forest,last,0.5,0.2,42,2026-02-20 16:31:43,20260220-161321,log/pimaindians_diabetes/6/biMaxInfgain/noAug__ADASYN__minmax/random_forest,1771575212296_720c096117715763032600149,0.7532467532467533,0.7513495276653172,0.7759259259259259,0.747104580812446,0.7949857160383476,0.7532467532467533,0.7588770779782017,0.7532467532467533,0.7532467532467533,0.7532467532467532,0.7594220670802572
6,biMaxInfgain,minmax,noAug,RandomUnderSampler,random_forest,first,0.35,0.1,42,2026-02-20 16:31:43,20260220-161321,log/pimaindians_diabetes/6/biMaxInfgain/minmax__noAug__RandomUnderSampler/random_forest,1771575212296_720c096117715763038162354,0.6883116883116883,0.7474489795918369,0.7514814814814814,0.688259109311741,0.812218393851047,0.6883116883116883,0.6894684263105315,0.6883116883116883,0.6883116883116883,0.6883116883116883,0.7130986911604527
6,biMaxInfgain,minmax,noAug,RandomUnderSampler,random_forest,first,0.35,0.2,42,2026-02-20 16:31:44,20260220-161321,log/pimaindians_diabetes/6/biMaxInfgain/minmax__noAug__RandomUnderSampler/random_forest,1771575212296_720c096117715763048444227,0.6753246753246753,0.725933908045977,0.732962962962963,0.6751054852320675,0.7871977160770265,0.6753246753246753,0.6776261712970574,0.6753246753246753,0.6753246753246753,0.6753246753246753,0.6976490773178354
6,biMaxInfgain,minmax,noAug,RandomUnderSampler,random_forest,first,0.5,0.1,42,2026-02-20 16:31:44,20260220-161321,log/pimaindians_diabetes/6/biMaxInfgain/minmax__noAug__RandomUnderSampler/random_forest,1771575212296_720c096117715763043304954,0.7402597402597403,0.7422402159244265,0.7659259259259259,0.7348484848484849,0.7877911562122089,0.7402597402597403,0.7461629279811098,0.7402597402597403,0.7402597402597403,0.7402597402597403,0.7478513378345913
6,biMaxInfgain,minmax,noAug,RandomUnderSampler,random_forest,first,0.5,0.2,42,2026-02-20 16:31:45,20260220-161321,log/pimaindians_diabetes/6/biMaxInfgain/minmax__noAug__RandomUnderSampler/random_forest,1771575212296_720c096117715763053451409,0.7272727272727273,0.7253711201079622,0.7474074074074074,0.7204840103716508,0.7691080848975587,0.7272727272727273,0.7334957177653806,0.7272727272727273,0.7272727272727273,0.7272727272727273,0.7331947113709383
6,biMaxInfgain,minmax,noAug,RandomUnderSampler,random_forest,last,0.35,0.1,42,2026-02-20 16:31:45,20260220-161321,log/pimaindians_diabetes/6/biMaxInfgain/noAug__RandomUnderSampler__minmax/random_forest,1771575212296_720c096117715763058949305,0.7272727272727273,0.7664796633941093,0.7814814814814814,0.7265347539320142,0.8265969654468953,0.7272727272727273,0.7307781006411144,0.7272727272727273,0.7272727272727273,0.7272727272727273,0.7469618301273088
6,biMaxInfgain,minmax,noAug,RandomUnderSampler,random_forest,last,0.35,0.2,42,2026-02-20 16:31:46,20260220-161321,log/pimaindians_diabetes/6/biMaxInfgain/noAug__RandomUnderSampler__minmax/random_forest,1771575212296_720c096117715763069206071,0.6753246753246753,0.725933908045977,0.732962962962963,0.6751054852320675,0.7871977160770265,0.6753246753246753,0.6776261712970574,0.6753246753246753,0.6753246753246753,0.6753246753246753,0.6976490773178354
6,biMaxInfgain,minmax,noAug,RandomUnderSampler,random_forest,last,0.5,0.1,42,2026-02-20 16:31:46,20260220-161321,log/pimaindians_diabetes/6/biMaxInfgain/noAug__RandomUnderSampler__minmax/random_forest,1771575212296_720c096117715763064068889,0.7662337662337663,0.7547619047619047,0.7774074074074073,0.7570126227208976,0.7924551638837353,0.7662337662337663,0.7711517094406296,0.7662337662337663,0.7662337662337663,0.7662337662337663,0.7681806039230401
6,biMaxInfgain,minmax,noAug,RandomUnderSampler,random_forest,last,0.5,0.2,42,2026-02-20 16:31:47,20260220-161321,log/pimaindians_diabetes/6/biMaxInfgain/noAug__RandomUnderSampler__minmax/random_forest,1771575212296_720c096117715763074261016,0.7272727272727273,0.7253711201079622,0.7474074074074074,0.7204840103716508,0.7691080848975587,0.7272727272727273,0.7334957177653806,0.7272727272727273,0.7272727272727273,0.7272727272727273,0.7331947113709383
6,biMaxInfgain,minmax,noAug,SMOTE,random_forest,first,0.35,0.1,42,2026-02-20 16:31:48,20260220-161321,log/pimaindians_diabetes/6/biMaxInfgain/minmax__noAug__SMOTE/random_forest,1771575212296_720c096117715763080344903,0.6493506493506493,0.6982758620689655,0.7044444444444444,0.649113924050633,0.7575011195700851,0.6493506493506493,0.6518362650008219,0.6493506493506493,0.6493506493506493,0.6493506493506493,0.6709049307063272
6,biMaxInfgain,minmax,noAug,SMOTE,random_forest,first,0.35,0.2,42,2026-02-20 16:31:49,20260220-161321,log/pimaindians_diabetes/6/biMaxInfgain/minmax__noAug__SMOTE/random_forest,1771575212296_720c096117715763091569697,0.6818181818181818,0.7161172161172161,0.7294444444444443,0.680727734292363,0.7724656296084867,0.6818181818181818,0.686301132757659,0.6818181818181818,0.6818181818181818,0.6818181818181818,0.6995843318017905
6,biMaxInfgain,minmax,noAug,SMOTE,random_forest,first,0.5,0.1,42,2026-02-20 16:31:48,20260220-161321,log/pimaindians_diabetes/6/biMaxInfgain/minmax__noAug__SMOTE/random_forest,1771575212296_720c096117715763085996200,0.7532467532467533,0.744579945799458,0.7674074074074073,0.7448107448107448,0.7844472600570161,0.7532467532467533,0.7586699015270445,0.7532467532467533,0.7532467532467533,0.7532467532467532,0.7564642595757576
6,biMaxInfgain,minmax,noAug,SMOTE,random_forest,first,0.5,0.2,42,2026-02-20 16:31:49,20260220-161321,log/pimaindians_diabetes/6/biMaxInfgain/minmax__noAug__SMOTE/random_forest,1771575212296_720c096117715763097150246,0.7272727272727273,0.7217905405405405,0.7431481481481481,0.7192708333333333,0.7638206388206388,0.7272727272727273,0.7334280303030304,0.7272727272727273,0.7272727272727273,0.7272727272727273,0.7316898532054781
6,biMaxInfgain,minmax,noAug,SMOTE,random_forest,last,0.35,0.1,42,2026-02-20 16:31:50,20260220-161321,log/pimaindians_diabetes/6/biMaxInfgain/noAug__SMOTE__minmax/random_forest,1771575212296_720c096117715763103138656,0.7402597402597403,0.7612859097127223,0.7829629629629631,0.7380952380952381,0.815019453870343,0.7402597402597403,0.7452071737786023,0.7402597402597403,0.7402597402597403,0.7402597402597403,0.754526090539575
6,biMaxInfgain,minmax,noAug,SMOTE,random_forest,last,0.35,0.2,42,2026-02-20 16:31:51,20260220-161321,log/pimaindians_diabetes/6/biMaxInfgain/noAug__SMOTE__minmax/random_forest,1771575212296_720c096117715763114293470,0.6948051948051948,0.7429973238180196,0.7522222222222222,0.6944831370562661,0.8045761553344069,0.6948051948051948,0.6974460683464102,0.6948051948051948,0.6948051948051948,0.6948051948051948,0.7166910288699441
6,biMaxInfgain,minmax,noAug,SMOTE,random_forest,last,0.5,0.1,42,2026-02-20 16:31:50,20260220-161321,log/pimaindians_diabetes/6/biMaxInfgain/noAug__SMOTE__minmax/random_forest,1771575212296_720c096117715763108750488,0.7792207792207793,0.7773279352226721,0.8044444444444444,0.7737251512532412,0.8208633471791368,0.7792207792207793,0.7842584381910224,0.7792207792207793,0.7792207792207793,0.7792207792207793,0.7856494227895764
6,biMaxInfgain,minmax,noAug,SMOTE,random_forest,last,0.5,0.2,42,2026-02-20 16:31:51,20260220-161321,log/pimaindians_diabetes/6/biMaxInfgain/noAug__SMOTE__minmax/random_forest,1771575212296_720c096117715763119767390,0.7272727272727273,0.7253711201079622,0.7474074074074074,0.7204840103716508,0.7691080848975587,0.7272727272727273,0.7334957177653806,0.7272727272727273,0.7272727272727273,0.7272727272727273,0.7331947113709383
6,biMaxInfgain,minmax,noAug,TomekLinks,random_forest,first,0.35,0.1,42,2026-02-20 16:31:52,20260220-161321,log/pimaindians_diabetes/6/biMaxInfgain/minmax__noAug__TomekLinks/random_forest,1771575212296_720c096117715763125479529,0.7402597402597403,0.7612859097127223,0.7829629629629631,0.7380952380952381,0.815019453870343,0.7402597402597403,0.7452071737786023,0.7402597402597403,0.7402597402597403,0.7402597402597403,0.754526090539575
6,biMaxInfgain,minmax,noAug,TomekLinks,random_forest,first,0.35,0.2,42,2026-02-20 16:31:53,20260220-161321,log/pimaindians_diabetes/6/biMaxInfgain/minmax__noAug__TomekLinks/random_forest,1771575212296_720c096117715763136060662,0.7207792207792207,0.7501296456352635,0.767962962962963,0.7193473193473193,0.8063846266093457,0.7207792207792207,0.7253352707898162,0.7207792207792207,0.7207792207792207,0.7207792207792207,0.7374618003530157
6,biMaxInfgain,minmax,noAug,TomekLinks,random_forest,first,0.5,0.1,42,2026-02-20 16:31:53,20260220-161321,log/pimaindians_diabetes/6/biMaxInfgain/minmax__noAug__TomekLinks/random_forest,1771575212296_720c096117715763130822977,0.7662337662337663,0.7682186234817814,0.7944444444444444,0.7613636363636364,0.8138703401861297,0.7662337662337663,0.7715466351829988,0.7662337662337663,0.7662337662337663,0.7662337662337663,0.7740833880367372
6,biMaxInfgain,minmax,noAug,TomekLinks,random_forest,first,0.5,0.2,42,2026-02-20 16:31:54,20260220-161321,log/pimaindians_diabetes/6/biMaxInfgain/minmax__noAug__TomekLinks/random_forest,1771575212296_720c096117715763141271644,0.7207792207792207,0.7248101265822785,0.7466666666666667,0.7154887218045113,0.771165543317442,0.7207792207792207,0.7270774338443511,0.7207792207792207,0.7207792207792207,0.7207792207792207,0.7289608453156562
6,biMaxInfgain,minmax,noAug,TomekLinks,random_forest,last,0.35,0.1,42,2026-02-20 16:31:54,20260220-161321,log/pimaindians_diabetes/6/biMaxInfgain/noAug__TomekLinks__minmax/random_forest,1771575212296_720c096117715763146915138,0.7402597402597403,0.7612859097127223,0.7829629629629631,0.7380952380952381,0.815019453870343,0.7402597402597403,0.7452071737786023,0.7402597402597403,0.7402597402597403,0.7402597402597403,0.754526090539575
6,biMaxInfgain,minmax,noAug,TomekLinks,random_forest,last,0.35,0.2,42,2026-02-20 16:31:55,20260220-161321,log/pimaindians_diabetes/6/biMaxInfgain/noAug__TomekLinks__minmax/random_forest,1771575212296_720c096117715763157542672,0.7077922077922078,0.742979242979243,0.757962962962963,0.7067907763909457,0.8007865150722293,0.7077922077922078,0.7119092035529522,0.7077922077922078,0.7077922077922078,0.7077922077922078,0.7260947522099112
6,biMaxInfgain,minmax,noAug,TomekLinks,random_forest,last,0.5,0.1,42,2026-02-20 16:31:55,20260220-161321,log/pimaindians_diabetes/6/biMaxInfgain/noAug__TomekLinks__minmax/random_forest,1771575212296_720c096117715763152313159,0.7662337662337663,0.7682186234817814,0.7944444444444444,0.7613636363636364,0.8138703401861297,0.7662337662337663,0.7715466351829988,0.7662337662337663,0.7662337662337663,0.7662337662337663,0.7740833880367372
6,biMaxInfgain,minmax,noAug,TomekLinks,random_forest,last,0.5,0.2,42,2026-02-20 16:31:56,20260220-161321,log/pimaindians_diabetes/6/biMaxInfgain/noAug__TomekLinks__minmax/random_forest,1771575212296_720c096117715763162740440,0.7662337662337663,0.7608108108108108,0.7859259259259259,0.759375,0.8023868023868024,0.7662337662337663,0.7715097402597403,0.7662337662337663,0.7662337662337663,0.7662337662337663,0.7710385714448212
6,biMaxInfgain,minmax,noAug,noImbl,random_forest,first,0.35,0.1,42,2026-02-20 16:31:56,20260220-161321,log/pimaindians_diabetes/6/biMaxInfgain/minmax__noAug__noImbl/random_forest,1771575212296_720c096117715763168448789,0.7272727272727273,0.7537878787878789,0.7729629629629631,0.7256066519599524,0.809228650137741,0.7272727272727273,0.7319932739922557,0.7272727272727273,0.7272727272727273,0.7272727272727273,0.7431470289907803
6,biMaxInfgain,minmax,noAug,noImbl,random_forest,first,0.35,0.2,42,2026-02-20 16:31:58,20260220-161321,log/pimaindians_diabetes/6/biMaxInfgain/minmax__noAug__noImbl/random_forest,1771575212296_720c096117715763180914840,0.7012987012987013,0.7217852257181943,0.7401851851851852,0.6988095238095238,0.774139677012454,0.7012987012987013,0.7069882498453927,0.7012987012987013,0.7012987012987013,0.7012987012987013,0.7150001553593012
6,biMaxInfgain,minmax,noAug,noImbl,random_forest,first,0.5,0.1,42,2026-02-20 16:31:57,20260220-161321,log/pimaindians_diabetes/6/biMaxInfgain/minmax__noAug__noImbl/random_forest,1771575212296_720c096117715763175638830,0.7662337662337663,0.7608108108108108,0.7859259259259259,0.759375,0.8023868023868024,0.7662337662337663,0.7715097402597403,0.7662337662337663,0.7662337662337663,0.7662337662337663,0.7710385714448212
6,biMaxInfgain,minmax,noAug,noImbl,random_forest,first,0.5,0.2,42,2026-02-20 16:31:58,20260220-161321,log/pimaindians_diabetes/6/biMaxInfgain/minmax__noAug__noImbl/random_forest,1771575212296_720c096117715763186163267,0.7337662337662337,0.7136752136752136,0.7268518518518519,0.7174564818543876,0.7466818895390324,0.7337662337662337,0.737733470717764,0.7337662337662337,0.7337662337662337,0.7337662337662337,0.7305058818989258
6,biMaxInfgain,minmax,noAug,noImbl,random_forest,last,0.35,0.1,42,2026-02-20 16:31:59,20260220-161321,log/pimaindians_diabetes/6/biMaxInfgain/noAug__noImbl__minmax/random_forest,1771575212296_720c096117715763191908537,0.7272727272727273,0.7537878787878789,0.7729629629629631,0.7256066519599524,0.809228650137741,0.7272727272727273,0.7319932739922557,0.7272727272727273,0.7272727272727273,0.7272727272727273,0.7431470289907803
6,biMaxInfgain,minmax,noAug,noImbl,random_forest,last,0.35,0.2,42,2026-02-20 16:32:00,20260220-161321,log/pimaindians_diabetes/6/biMaxInfgain/noAug__noImbl__minmax/random_forest,1771575212296_720c096117715763202401664,0.7012987012987013,0.7217852257181943,0.7401851851851852,0.6988095238095238,0.774139677012454,0.7012987012987013,0.7069882498453927,0.7012987012987013,0.7012987012987013,0.7012987012987013,0.7150001553593012
6,biMaxInfgain,minmax,noAug,noImbl,random_forest,last,0.5,0.1,42,2026-02-20 16:31:59,20260220-161321,log/pimaindians_diabetes/6/biMaxInfgain/noAug__noImbl__minmax/random_forest,1771575212296_720c096117715763197171832,0.7662337662337663,0.7608108108108108,0.7859259259259259,0.759375,0.8023868023868024,0.7662337662337663,0.7715097402597403,0.7662337662337663,0.7662337662337663,0.7662337662337663,0.7710385714448212
6,biMaxInfgain,minmax,noAug,noImbl,random_forest,last,0.5,0.2,42,2026-02-20 16:32:00,20260220-161321,log/pimaindians_diabetes/6/biMaxInfgain/noAug__noImbl__minmax/random_forest,1771575212296_720c096117715763207629559,0.7337662337662337,0.7136752136752136,0.7268518518518519,0.7174564818543876,0.7466818895390324,0.7337662337662337,0.737733470717764,0.7337662337662337,0.7337662337662337,0.7337662337662337,0.7305058818989258
6,biMeanInfgain,minmax,gaussian_noise,ADASYN,random_forest,first,0.35,0.1,42,2026-02-20 16:33:28,20260220-161321,log/pimaindians_diabetes/6/biMeanInfgain/minmax__gaussian_noise__ADASYN/random_forest,1771575212296_720c096117715764081984640,0.4935064935064935,0.6646634615384617,0.6014814814814814,0.4761904761904761,0.7418518981018982,0.4935064935064935,0.447742733457019,0.4935064935064935,0.4935064935064935,0.4935064935064935,0.5367922629619057
6,biMeanInfgain,minmax,gaussian_noise,ADASYN,random_forest,first,0.35,0.2,42,2026-02-20 16:33:30,20260220-161321,log/pimaindians_diabetes/6/biMeanInfgain/minmax__gaussian_noise__ADASYN/random_forest,1771575212296_720c096117715764103094405,0.422077922077922,0.5651629072681704,0.5337037037037037,0.394263490520175,0.6239299547570224,0.422077922077922,0.3554918586518003,0.422077922077922,0.422077922077922,0.422077922077922,0.4535741277798545
6,biMeanInfgain,minmax,gaussian_noise,ADASYN,random_forest,first,0.5,0.1,42,2026-02-20 16:33:29,20260220-161321,log/pimaindians_diabetes/6/biMeanInfgain/minmax__gaussian_noise__ADASYN/random_forest,1771575212296_720c096117715764092844340,0.7402597402597403,0.7149758454106281,0.6977777777777778,0.7038461538461538,0.7337348641696468,0.7402597402597403,0.7348651348651349,0.7402597402597403,0.7402597402597403,0.7402597402597403,0.7265594381463947
6,biMeanInfgain,minmax,gaussian_noise,ADASYN,random_forest,first,0.5,0.2,42,2026-02-20 16:33:31,20260220-161321,log/pimaindians_diabetes/6/biMeanInfgain/minmax__gaussian_noise__ADASYN/random_forest,1771575212296_720c096117715764113293951,0.5844155844155844,0.5506465517241379,0.5522222222222222,0.5510204081632653,0.5915248544558889,0.5844155844155844,0.5875960773919957,0.5844155844155844,0.5844155844155844,0.5844155844155844,0.5739980694397476
6,biMeanInfgain,minmax,gaussian_noise,ADASYN,random_forest,last,0.35,0.1,42,2026-02-20 16:33:32,20260220-161321,log/pimaindians_diabetes/6/biMeanInfgain/gaussian_noise__ADASYN__minmax/random_forest,1771575212296_720c096117715764124720686,0.4415584415584415,0.5984848484848485,0.552962962962963,0.4163581879076325,0.6641086186540732,0.4415584415584415,0.3801328232845948,0.4415584415584415,0.4415584415584415,0.4415584415584415,0.4776526713123991
6,biMeanInfgain,minmax,gaussian_noise,ADASYN,random_forest,last,0.35,0.2,42,2026-02-20 16:33:34,20260220-161321,log/pimaindians_diabetes/6/biMeanInfgain/gaussian_noise__ADASYN__minmax/random_forest,1771575212296_720c096117715764145651874,0.448051948051948,0.5899224806201551,0.5537037037037037,0.42775956284153,0.652672908486862,0.448051948051948,0.3955716414732808,0.448051948051948,0.448051948051948,0.4480519480519481,0.4823503691490728
6,biMeanInfgain,minmax,gaussian_noise,ADASYN,random_forest,last,0.5,0.1,42,2026-02-20 16:33:33,20260220-161321,log/pimaindians_diabetes/6/biMeanInfgain/gaussian_noise__ADASYN__minmax/random_forest,1771575212296_720c096117715764135472331,0.6363636363636364,0.6559507523939808,0.6688888888888889,0.6333333333333333,0.7060067155826389,0.6363636363636364,0.6432900432900432,0.6363636363636364,0.6363636363636364,0.6363636363636364,0.6491235967255118
6,biMeanInfgain,minmax,gaussian_noise,ADASYN,random_forest,last,0.5,0.2,42,2026-02-20 16:33:35,20260220-161321,log/pimaindians_diabetes/6/biMeanInfgain/gaussian_noise__ADASYN__minmax/random_forest,1771575212296_720c096117715764155939695,0.5909090909090909,0.5989345509893456,0.6083333333333334,0.5845857418111753,0.6450809464508095,0.5909090909090909,0.5998949027850762,0.5909090909090909,0.5909090909090909,0.5909090909090909,0.5992706161304229
6,biMeanInfgain,minmax,gaussian_noise,RandomUnderSampler,random_forest,first,0.35,0.1,42,2026-02-20 16:33:36,20260220-161321,log/pimaindians_diabetes/6/biMeanInfgain/minmax__gaussian_noise__RandomUnderSampler/random_forest,1771575212296_720c096117715764164212063,0.4545454545454545,0.6956521739130435,0.58,0.4191810344827585,0.7865612648221343,0.4545454545454545,0.3763714733542319,0.4545454545454545,0.4545454545454545,0.4545454545454545,0.507372401867248
6,biMeanInfgain,minmax,gaussian_noise,RandomUnderSampler,random_forest,first,0.35,0.2,42,2026-02-20 16:33:37,20260220-161321,log/pimaindians_diabetes/6/biMeanInfgain/minmax__gaussian_noise__RandomUnderSampler/random_forest,1771575212296_720c096117715764179368108,0.4090909090909091,0.6398601398601399,0.5407407407407409,0.3591256230850139,0.7202797202797203,0.4090909090909091,0.3056743868926609,0.4090909090909091,0.4090909090909091,0.4090909090909091,0.4534444252210748
6,biMeanInfgain,minmax,gaussian_noise,RandomUnderSampler,random_forest,first,0.5,0.1,42,2026-02-20 16:33:37,20260220-161321,log/pimaindians_diabetes/6/biMeanInfgain/minmax__gaussian_noise__RandomUnderSampler/random_forest,1771575212296_720c096117715764172039057,0.6363636363636364,0.6913265306122449,0.6944444444444444,0.6363022941970311,0.7515239862178638,0.6363636363636364,0.6377131640289534,0.6363636363636364,0.6363636363636364,0.6363636363636364,0.6593772694068074
6,biMeanInfgain,minmax,gaussian_noise,RandomUnderSampler,random_forest,first,0.5,0.2,42,2026-02-20 16:33:38,20260220-161321,log/pimaindians_diabetes/6/biMeanInfgain/minmax__gaussian_noise__RandomUnderSampler/random_forest,1771575212296_720c096117715764186719531,0.7012987012987013,0.7166666666666667,0.7359259259259259,0.6980392156862745,0.7671614100185529,0.7012987012987013,0.7074102368220015,0.7012987012987013,0.7012987012987013,0.7012987012987013,0.7133122986568362
6,biMeanInfgain,minmax,gaussian_noise,RandomUnderSampler,random_forest,last,0.35,0.1,42,2026-02-20 16:33:39,20260220-161321,log/pimaindians_diabetes/6/biMeanInfgain/gaussian_noise__RandomUnderSampler__minmax/random_forest,1771575212296_720c096117715764194750241,0.4285714285714285,0.6259057971014492,0.5514814814814815,0.3915229885057471,0.7003105590062112,0.4285714285714285,0.3466748768472906,0.4285714285714285,0.4285714285714285,0.4285714285714285,0.4699280349904411
6,biMeanInfgain,minmax,gaussian_noise,RandomUnderSampler,random_forest,last,0.35,0.2,42,2026-02-20 16:33:40,20260220-161321,log/pimaindians_diabetes/6/biMeanInfgain/gaussian_noise__RandomUnderSampler__minmax/random_forest,1771575212296_720c096117715764209791655,0.422077922077922,0.6494817239498092,0.5507407407407408,0.3779895620603585,0.7312049652475185,0.422077922077922,0.3285245727723603,0.422077922077922,0.422077922077922,0.422077922077922,0.4679510320498833
6,biMeanInfgain,minmax,gaussian_noise,RandomUnderSampler,random_forest,last,0.5,0.1,42,2026-02-20 16:33:40,20260220-161321,log/pimaindians_diabetes/6/biMeanInfgain/gaussian_noise__RandomUnderSampler__minmax/random_forest,1771575212296_720c096117715764202341356,0.5844155844155844,0.6352040816326531,0.6374074074074074,0.5843454790823213,0.6908295785846806,0.5844155844155844,0.5859579017473755,0.5844155844155844,0.5844155844155844,0.5844155844155844,0.6056558476531623
6,biMeanInfgain,minmax,gaussian_noise,RandomUnderSampler,random_forest,last,0.5,0.2,42,2026-02-20 16:33:41,20260220-161321,log/pimaindians_diabetes/6/biMeanInfgain/gaussian_noise__RandomUnderSampler__minmax/random_forest,1771575212296_720c096117715764217280886,0.564935064935065,0.6056199821587868,0.6096296296296296,0.5644759613355282,0.6576062652779869,0.564935064935065,0.5686997144512655,0.564935064935065,0.564935064935065,0.564935064935065,0.5832359650486852
6,biMeanInfgain,minmax,gaussian_noise,SMOTE,random_forest,first,0.35,0.1,42,2026-02-20 16:33:42,20260220-161321,log/pimaindians_diabetes/6/biMeanInfgain/minmax__gaussian_noise__SMOTE/random_forest,1771575212296_720c096117715764228482807,0.5974025974025974,0.6880032206119162,0.672962962962963,0.5963132081853543,0.7552230378317335,0.5974025974025974,0.5900492201862064,0.5974025974025974,0.5974025974025974,0.5974025974025974,0.6285343253574341
6,biMeanInfgain,minmax,gaussian_noise,SMOTE,random_forest,first,0.35,0.2,42,2026-02-20 16:33:44,20260220-161321,log/pimaindians_diabetes/6/biMeanInfgain/minmax__gaussian_noise__SMOTE/random_forest,1771575212296_720c096117715764249256227,0.512987012987013,0.634453781512605,0.6037037037037037,0.5054592164418754,0.700971297609953,0.512987012987013,0.4872340248062791,0.512987012987013,0.512987012987013,0.512987012987013,0.5480116696646544
6,biMeanInfgain,minmax,gaussian_noise,SMOTE,random_forest,first,0.5,0.1,42,2026-02-20 16:33:43,20260220-161321,log/pimaindians_diabetes/6/biMeanInfgain/minmax__gaussian_noise__SMOTE/random_forest,1771575212296_720c096117715764239296574,0.7402597402597403,0.7142307692307692,0.7062962962962962,0.7096530920060332,0.7364035964035964,0.7402597402597403,0.7378112083994437,0.7402597402597403,0.7402597402597403,0.7402597402597403,0.7289166073577837
6,biMeanInfgain,minmax,gaussian_noise,SMOTE,random_forest,first,0.5,0.2,42,2026-02-20 16:33:45,20260220-161321,log/pimaindians_diabetes/6/biMeanInfgain/minmax__gaussian_noise__SMOTE/random_forest,1771575212296_720c096117715764259200305,0.6493506493506493,0.6084905660377358,0.6022222222222222,0.6042261564820103,0.6408968390100466,0.6493506493506493,0.6441439770965756,0.6493506493506493,0.6493506493506493,0.6493506493506493,0.6321567425040479
6,biMeanInfgain,minmax,gaussian_noise,SMOTE,random_forest,last,0.35,0.1,42,2026-02-20 16:33:47,20260220-161321,log/pimaindians_diabetes/6/biMeanInfgain/gaussian_noise__SMOTE__minmax/random_forest,1771575212296_720c096117715764270112209,0.3896103896103896,0.5805555555555556,0.5214814814814814,0.3353535353535353,0.6461038961038961,0.3896103896103896,0.2786304604486422,0.3896103896103896,0.3896103896103896,0.3896103896103896,0.4227558485285758
6,biMeanInfgain,minmax,gaussian_noise,SMOTE,random_forest,last,0.35,0.2,42,2026-02-20 16:33:49,20260220-161321,log/pimaindians_diabetes/6/biMeanInfgain/gaussian_noise__SMOTE__minmax/random_forest,1771575212296_720c096117715764290639382,0.4545454545454545,0.517512077294686,0.5161111111111111,0.4530695078640283,0.5642292490118578,0.4545454545454545,0.4445828144458281,0.4545454545454545,0.4545454545454545,0.4545454545454545,0.4762512739064255
6,biMeanInfgain,minmax,gaussian_noise,SMOTE,random_forest,last,0.5,0.1,42,2026-02-20 16:33:48,20260220-161321,log/pimaindians_diabetes/6/biMeanInfgain/gaussian_noise__SMOTE__minmax/random_forest,1771575212296_720c096117715764280789381,0.7662337662337663,0.7464936886395512,0.7603703703703704,0.7510775862068966,0.7767618076173475,0.7662337662337663,0.7694245409762651,0.7662337662337663,0.7662337662337663,0.7662337662337663,0.7629314122337074
6,biMeanInfgain,minmax,gaussian_noise,SMOTE,random_forest,last,0.5,0.2,42,2026-02-20 16:33:50,20260220-161321,log/pimaindians_diabetes/6/biMeanInfgain/gaussian_noise__SMOTE__minmax/random_forest,1771575212296_720c096117715764300382755,0.6753246753246753,0.6435185185185186,0.6435185185185186,0.6435185185185186,0.6753246753246753,0.6753246753246753,0.6753246753246753,0.6753246753246753,0.6753246753246753,0.6753246753246753,0.6641925204425203
6,biMeanInfgain,minmax,gaussian_noise,TomekLinks,random_forest,first,0.35,0.1,42,2026-02-20 16:33:50,20260220-161321,log/pimaindians_diabetes/6/biMeanInfgain/minmax__gaussian_noise__TomekLinks/random_forest,1771575212296_720c096117715764309732534,0.5064935064935064,0.6706349206349207,0.6114814814814814,0.4920138888888888,0.7476808905380333,0.5064935064935064,0.4663961038961038,0.5064935064935064,0.5064935064935064,0.5064935064935064,0.5493386307805949
6,biMeanInfgain,minmax,gaussian_noise,TomekLinks,random_forest,first,0.35,0.2,42,2026-02-20 16:33:52,20260220-161321,log/pimaindians_diabetes/6/biMeanInfgain/minmax__gaussian_noise__TomekLinks/random_forest,1771575212296_720c096117715764327505540,0.564935064935065,0.6724584502482194,0.6479629629629631,0.5618125451225209,0.7411539464205125,0.564935064935065,0.5507636288627497,0.564935064935065,0.564935064935065,0.564935064935065,0.5990179880349858
6,biMeanInfgain,minmax,gaussian_noise,TomekLinks,random_forest,first,0.5,0.1,42,2026-02-20 16:33:51,20260220-161321,log/pimaindians_diabetes/6/biMeanInfgain/minmax__gaussian_noise__TomekLinks/random_forest,1771575212296_720c096117715764318852047,0.7142857142857143,0.6862962962962963,0.6862962962962963,0.6862962962962963,0.7142857142857143,0.7142857142857143,0.7142857142857143,0.7142857142857143,0.7142857142857143,0.7142857142857143,0.7044894179894178
6,biMeanInfgain,minmax,gaussian_noise,TomekLinks,random_forest,first,0.5,0.2,42,2026-02-20 16:33:53,20260220-161321,log/pimaindians_diabetes/6/biMeanInfgain/minmax__gaussian_noise__TomekLinks/random_forest,1771575212296_720c096117715764336098857,0.6688311688311688,0.6243697478991597,0.5959259259259259,0.5970447899030321,0.6487176688857361,0.6688311688311688,0.6478474580675596,0.6688311688311688,0.6688311688311688,0.6688311688311688,0.6411676389991383
6,biMeanInfgain,minmax,gaussian_noise,TomekLinks,random_forest,last,0.35,0.1,42,2026-02-20 16:33:54,20260220-161321,log/pimaindians_diabetes/6/biMeanInfgain/gaussian_noise__TomekLinks__minmax/random_forest,1771575212296_720c096117715764345455943,0.5194805194805194,0.6495098039215687,0.612962962962963,0.5112369188540058,0.7190603514132926,0.5194805194805194,0.4922766374130244,0.5194805194805194,0.5194805194805194,0.5194805194805194,0.5564725530620447
6,biMeanInfgain,minmax,gaussian_noise,TomekLinks,random_forest,last,0.35,0.2,42,2026-02-20 16:33:56,20260220-161321,log/pimaindians_diabetes/6/biMeanInfgain/gaussian_noise__TomekLinks__minmax/random_forest,1771575212296_720c096117715764363315820,0.5,0.589358946686812,0.5766666666666667,0.4964114324542404,0.6464493848478308,0.5,0.483713424215399,0.5,0.5,0.5,0.5282662283205768
6,biMeanInfgain,minmax,gaussian_noise,TomekLinks,random_forest,last,0.5,0.1,42,2026-02-20 16:33:55,20260220-161321,log/pimaindians_diabetes/6/biMeanInfgain/gaussian_noise__TomekLinks__minmax/random_forest,1771575212296_720c096117715764354549271,0.5714285714285714,0.5331632653061225,0.5337037037037037,0.5333333333333333,0.575072886297376,0.5714285714285714,0.5731601731601731,0.5714285714285714,0.5714285714285714,0.5714285714285714,0.5587394400761746
6,biMeanInfgain,minmax,gaussian_noise,TomekLinks,random_forest,last,0.5,0.2,42,2026-02-20 16:33:57,20260220-161321,log/pimaindians_diabetes/6/biMeanInfgain/gaussian_noise__TomekLinks__minmax/random_forest,1771575212296_720c096117715764371842526,0.6623376623376623,0.6134408602150538,0.5781481481481481,0.5744047619047619,0.6373690825303728,0.6623376623376623,0.6321892393320965,0.6623376623376623,0.6623376623376623,0.6623376623376623,0.628819974209951
6,biMeanInfgain,minmax,gaussian_noise,noImbl,random_forest,first,0.35,0.1,42,2026-02-20 16:33:58,20260220-161321,log/pimaindians_diabetes/6/biMeanInfgain/minmax__gaussian_noise__noImbl/random_forest,1771575212296_720c096117715764383045650,0.5064935064935064,0.6200564971751412,0.5944444444444444,0.4996580027359781,0.6837625651184974,0.5064935064935064,0.4821894931334056,0.5064935064935064,0.5064935064935064,0.5064935064935064,0.5397008776516182
6,biMeanInfgain,minmax,gaussian_noise,noImbl,random_forest,first,0.35,0.2,42,2026-02-20 16:34:00,20260220-161321,log/pimaindians_diabetes/6/biMeanInfgain/minmax__gaussian_noise__noImbl/random_forest,1771575212296_720c096117715764400571340,0.5714285714285714,0.5901162790697674,0.5975925925925927,0.5678571428571428,0.637873754152824,0.5714285714285714,0.5795918367346938,0.5714285714285714,0.5714285714285714,0.5714285714285714,0.5832470380917224
6,biMeanInfgain,minmax,gaussian_noise,noImbl,random_forest,first,0.5,0.1,42,2026-02-20 16:33:59,20260220-161321,log/pimaindians_diabetes/6/biMeanInfgain/minmax__gaussian_noise__noImbl/random_forest,1771575212296_720c096117715764392084711,0.6883116883116883,0.6517857142857142,0.6322222222222222,0.6367924528301887,0.6757884972170686,0.6883116883116883,0.6776525361431023,0.6883116883116883,0.6883116883116883,0.6883116883116883,0.6684710670431694
6,biMeanInfgain,minmax,gaussian_noise,noImbl,random_forest,first,0.5,0.2,42,2026-02-20 16:34:00,20260220-161321,log/pimaindians_diabetes/6/biMeanInfgain/minmax__gaussian_noise__noImbl/random_forest,1771575212296_720c096117715764409055876,0.6558441558441559,0.6255199855308374,0.6285185185185185,0.6267434947637993,0.6603927813911536,0.6558441558441559,0.6578744345241808,0.6558441558441559,0.6558441558441559,0.6558441558441559,0.6464734802749104
6,biMeanInfgain,minmax,gaussian_noise,noImbl,random_forest,last,0.35,0.1,42,2026-02-20 16:34:01,20260220-161321,log/pimaindians_diabetes/6/biMeanInfgain/gaussian_noise__noImbl__minmax/random_forest,1771575212296_720c096117715764418280540,0.4805194805194805,0.626984126984127,0.582962962962963,0.4652777777777778,0.6957328385899815,0.4805194805194805,0.4383116883116883,0.4805194805194805,0.4805194805194805,0.4805194805194805,0.5183142049749191
6,biMeanInfgain,minmax,gaussian_noise,noImbl,random_forest,last,0.35,0.2,42,2026-02-20 16:34:03,20260220-161321,log/pimaindians_diabetes/6/biMeanInfgain/gaussian_noise__noImbl__minmax/random_forest,1771575212296_720c096117715764435734254,0.525974025974026,0.5992244979121097,0.5924074074074074,0.5249926057379474,0.6553831930646407,0.525974025974026,0.5185432727580022,0.525974025974026,0.525974025974026,0.525974025974026,0.5516215020024184
6,biMeanInfgain,minmax,gaussian_noise,noImbl,random_forest,last,0.5,0.1,42,2026-02-20 16:34:02,20260220-161321,log/pimaindians_diabetes/6/biMeanInfgain/gaussian_noise__noImbl__minmax/random_forest,1771575212296_720c096117715764427262876,0.6493506493506493,0.6084905660377358,0.6022222222222222,0.6042261564820103,0.6408968390100466,0.6493506493506493,0.6441439770965756,0.6493506493506493,0.6493506493506493,0.6493506493506493,0.6321567425040479
6,biMeanInfgain,minmax,gaussian_noise,noImbl,random_forest,last,0.5,0.2,42,2026-02-20 16:34:04,20260220-161321,log/pimaindians_diabetes/6/biMeanInfgain/gaussian_noise__noImbl__minmax/random_forest,1771575212296_720c096117715764444197423,0.6623376623376623,0.623624213836478,0.6164814814814814,0.6188844469826765,0.6543279833374173,0.6623376623376623,0.6573238297967025,0.6623376623376623,0.6623376623376623,0.6623376623376623,0.6458096743175092
6,biMeanInfgain,minmax,mixup,ADASYN,random_forest,first,0.35,0.1,42,2026-02-20 16:34:05,20260220-161321,log/pimaindians_diabetes/6/biMeanInfgain/minmax__mixup__ADASYN/random_forest,1771575212296_720c096117715764451887127,0.7402597402597403,0.7732638888888889,0.7914814814814815,0.7391598915989159,0.831655844155844,0.7402597402597403,0.7442191954387076,0.7402597402597403,0.7402597402597403,0.7402597402597403,0.758250880612161
6,biMeanInfgain,minmax,mixup,ADASYN,random_forest,first,0.35,0.2,42,2026-02-20 16:34:06,20260220-161321,log/pimaindians_diabetes/6/biMeanInfgain/minmax__mixup__ADASYN/random_forest,1771575212296_720c096117715764465869228,0.7207792207792207,0.7564102564102564,0.7722222222222221,0.7198222974402368,0.8149469578041006,0.7207792207792207,0.7247132389505988,0.7207792207792207,0.7207792207792207,0.7207792207792207,0.7393499624139712
6,biMeanInfgain,minmax,mixup,ADASYN,random_forest,first,0.5,0.1,42,2026-02-20 16:34:05,20260220-161321,log/pimaindians_diabetes/6/biMeanInfgain/minmax__mixup__ADASYN/random_forest,1771575212296_720c096117715764459084066,0.7402597402597403,0.7347972972972974,0.7574074074074073,0.7326388888888888,0.7766760266760268,0.7402597402597403,0.7461219336219337,0.7402597402597403,0.7402597402597403,0.7402597402597403,0.7448060926185925
6,biMeanInfgain,minmax,mixup,ADASYN,random_forest,first,0.5,0.2,42,2026-02-20 16:34:07,20260220-161321,log/pimaindians_diabetes/6/biMeanInfgain/minmax__mixup__ADASYN/random_forest,1771575212296_720c096117715764472747433,0.7402597402597403,0.7383603238866396,0.7616666666666667,0.7337942955920485,0.782046900467953,0.7402597402597403,0.7461863978717911,0.7402597402597403,0.7402597402597403,0.7402597402597403,0.7463083892255978
6,biMeanInfgain,minmax,mixup,ADASYN,random_forest,last,0.35,0.1,42,2026-02-20 16:34:08,20260220-161321,log/pimaindians_diabetes/6/biMeanInfgain/mixup__ADASYN__minmax/random_forest,1771575212296_720c096117715764480356765,0.7272727272727273,0.7537878787878789,0.7729629629629631,0.7256066519599524,0.809228650137741,0.7272727272727273,0.7319932739922557,0.7272727272727273,0.7272727272727273,0.7272727272727273,0.7431470289907803
6,biMeanInfgain,minmax,mixup,ADASYN,random_forest,last,0.35,0.2,42,2026-02-20 16:34:09,20260220-161321,log/pimaindians_diabetes/6/biMeanInfgain/mixup__ADASYN__minmax/random_forest,1771575212296_720c096117715764494457217,0.6883116883116883,0.7326241134751772,0.742962962962963,0.6878378378378378,0.792576218108133,0.6883116883116884,0.6914706914706914,0.6883116883116883,0.6883116883116883,0.6883116883116883,0.7090372841755819
6,biMeanInfgain,minmax,mixup,ADASYN,random_forest,last,0.5,0.1,42,2026-02-20 16:34:08,20260220-161321,log/pimaindians_diabetes/6/biMeanInfgain/mixup__ADASYN__minmax/random_forest,1771575212296_720c096117715764487590618,0.7532467532467533,0.7347222222222223,0.7503703703703704,0.7389830508474576,0.7674963924963925,0.7532467532467533,0.7572088928021131,0.7532467532467533,0.7532467532467533,0.7532467532467532,0.7509863913550352
6,biMeanInfgain,minmax,mixup,ADASYN,random_forest,last,0.5,0.2,42,2026-02-20 16:34:10,20260220-161321,log/pimaindians_diabetes/6/biMeanInfgain/mixup__ADASYN__minmax/random_forest,1771575212296_720c096117715764501397256,0.7402597402597403,0.7347972972972974,0.7574074074074073,0.7326388888888888,0.7766760266760268,0.7402597402597403,0.7461219336219337,0.7402597402597403,0.7402597402597403,0.7402597402597403,0.7448060926185925
6,biMeanInfgain,minmax,mixup,RandomUnderSampler,random_forest,first,0.35,0.1,42,2026-02-20 16:34:10,20260220-161321,log/pimaindians_diabetes/6/biMeanInfgain/minmax__mixup__RandomUnderSampler/random_forest,1771575212296_720c096117715764507832474,0.7142857142857143,0.7755102040816326,0.78,0.7142375168690958,0.8425655976676385,0.7142857142857143,0.7153460574513206,0.7142857142857143,0.7142857142857143,0.7142857142857143,0.7399594020372751
6,biMeanInfgain,minmax,mixup,RandomUnderSampler,random_forest,first,0.35,0.2,42,2026-02-20 16:34:11,20260220-161321,log/pimaindians_diabetes/6/biMeanInfgain/minmax__mixup__RandomUnderSampler/random_forest,1771575212296_720c096117715764519708182,0.6818181818181818,0.7292595896520964,0.737962962962963,0.6814824194841923,0.7898791663287649,0.6818181818181819,0.6845714329568958,0.6818181818181818,0.6818181818181818,0.6818181818181818,0.7033455224878181
6,biMeanInfgain,minmax,mixup,RandomUnderSampler,random_forest,first,0.5,0.1,42,2026-02-20 16:34:11,20260220-161321,log/pimaindians_diabetes/6/biMeanInfgain/minmax__mixup__RandomUnderSampler/random_forest,1771575212296_720c096117715764513822355,0.7272727272727273,0.7334459459459459,0.7559259259259259,0.7225939269171384,0.7807739557739558,0.7272727272727273,0.7333551677349927,0.7272727272727273,0.7272727272727273,0.7272727272727273,0.7363160378714932
6,biMeanInfgain,minmax,mixup,RandomUnderSampler,random_forest,first,0.5,0.2,42,2026-02-20 16:34:12,20260220-161321,log/pimaindians_diabetes/6/biMeanInfgain/minmax__mixup__RandomUnderSampler/random_forest,1771575212296_720c096117715764525570461,0.6818181818181818,0.6818181818181819,0.6996296296296296,0.674559020140596,0.726429414741103,0.6818181818181818,0.6890773434957677,0.6818181818181818,0.6818181818181818,0.6818181818181818,0.6880604498916185
6,biMeanInfgain,minmax,mixup,RandomUnderSampler,random_forest,last,0.35,0.1,42,2026-02-20 16:34:13,20260220-161321,log/pimaindians_diabetes/6/biMeanInfgain/mixup__RandomUnderSampler__minmax/random_forest,1771575212296_720c096117715764531911915,0.6883116883116883,0.7326241134751772,0.742962962962963,0.6878378378378378,0.792576218108133,0.6883116883116884,0.6914706914706914,0.6883116883116883,0.6883116883116883,0.6883116883116883,0.7090372841755819
6,biMeanInfgain,minmax,mixup,RandomUnderSampler,random_forest,last,0.35,0.2,42,2026-02-20 16:34:14,20260220-161321,log/pimaindians_diabetes/6/biMeanInfgain/mixup__RandomUnderSampler__minmax/random_forest,1771575212296_720c096117715764543970818,0.6818181818181818,0.7365708084644602,0.7422222222222222,0.6816973889568482,0.7995363291076802,0.6818181818181818,0.6835495461639638,0.6818181818181818,0.6818181818181818,0.6818181818181818,0.7053472489748305
6,biMeanInfgain,minmax,mixup,RandomUnderSampler,random_forest,last,0.5,0.1,42,2026-02-20 16:34:13,20260220-161321,log/pimaindians_diabetes/6/biMeanInfgain/mixup__RandomUnderSampler__minmax/random_forest,1771575212296_720c096117715764537977859,0.7532467532467533,0.7513495276653172,0.7759259259259259,0.747104580812446,0.7949857160383476,0.7532467532467533,0.7588770779782017,0.7532467532467533,0.7532467532467533,0.7532467532467532,0.7594220670802572
6,biMeanInfgain,minmax,mixup,RandomUnderSampler,random_forest,last,0.5,0.2,42,2026-02-20 16:34:14,20260220-161321,log/pimaindians_diabetes/6/biMeanInfgain/mixup__RandomUnderSampler__minmax/random_forest,1771575212296_720c096117715764549760487,0.7337662337662337,0.7378059071729958,0.760925925925926,0.7287218045112782,0.7842621513507589,0.7337662337662337,0.7397715066887999,0.7337662337662337,0.7337662337662337,0.7337662337662337,0.742079888631473
6,biMeanInfgain,minmax,mixup,SMOTE,random_forest,first,0.35,0.1,42,2026-02-20 16:34:15,20260220-161321,log/pimaindians_diabetes/6/biMeanInfgain/minmax__mixup__SMOTE/random_forest,1771575212296_720c096117715764557402024,0.7272727272727273,0.7664796633941093,0.7814814814814814,0.7265347539320142,0.8265969654468953,0.7272727272727273,0.7307781006411144,0.7272727272727273,0.7272727272727273,0.7272727272727273,0.7469618301273088
6,biMeanInfgain,minmax,mixup,SMOTE,random_forest,first,0.35,0.2,42,2026-02-20 16:34:17,20260220-161321,log/pimaindians_diabetes/6/biMeanInfgain/minmax__mixup__SMOTE/random_forest,1771575212296_720c096117715764571444907,0.6818181818181818,0.7161172161172161,0.7294444444444443,0.680727734292363,0.7724656296084867,0.6818181818181818,0.686301132757659,0.6818181818181818,0.6818181818181818,0.6818181818181818,0.6995843318017905
6,biMeanInfgain,minmax,mixup,SMOTE,random_forest,first,0.5,0.1,42,2026-02-20 16:34:16,20260220-161321,log/pimaindians_diabetes/6/biMeanInfgain/minmax__mixup__SMOTE/random_forest,1771575212296_720c096117715764564523040,0.7792207792207793,0.765389876880985,0.7874074074074073,0.7692578882425525,0.8007355161937925,0.7792207792207793,0.7835795440237534,0.7792207792207793,0.7792207792207793,0.7792207792207793,0.779967206576476
6,biMeanInfgain,minmax,mixup,SMOTE,random_forest,first,0.5,0.2,42,2026-02-20 16:34:17,20260220-161321,log/pimaindians_diabetes/6/biMeanInfgain/minmax__mixup__SMOTE/random_forest,1771575212296_720c096117715764578263116,0.7402597402597403,0.7315379403794038,0.7531481481481481,0.7313797313797314,0.7716582198289514,0.7402597402597403,0.7459683173968888,0.7402597402597403,0.7402597402597403,0.7402597402597403,0.7433405342560394
6,biMeanInfgain,minmax,mixup,SMOTE,random_forest,last,0.35,0.1,42,2026-02-20 16:34:18,20260220-161321,log/pimaindians_diabetes/6/biMeanInfgain/mixup__SMOTE__minmax/random_forest,1771575212296_720c096117715764585886174,0.7142857142857143,0.7349521203830369,0.7544444444444445,0.7119047619047619,0.7877662692984169,0.7142857142857143,0.7197278911564625,0.7142857142857143,0.7142857142857143,0.7142857142857143,0.728175467086059
6,biMeanInfgain,minmax,mixup,SMOTE,random_forest,last,0.35,0.2,42,2026-02-20 16:34:19,20260220-161321,log/pimaindians_diabetes/6/biMeanInfgain/mixup__SMOTE__minmax/random_forest,1771575212296_720c096117715764599916456,0.7012987012987013,0.7331597222222221,0.7487037037037036,0.7000338753387534,0.7895292207792208,0.7012987012987013,0.7058520747545138,0.7012987012987013,0.7012987012987013,0.7012987012987013,0.718541637703985
6,biMeanInfgain,minmax,mixup,SMOTE,random_forest,last,0.5,0.1,42,2026-02-20 16:34:19,20260220-161321,log/pimaindians_diabetes/6/biMeanInfgain/mixup__SMOTE__minmax/random_forest,1771575212296_720c096117715764593103061,0.7792207792207793,0.7773279352226721,0.8044444444444444,0.7737251512532412,0.8208633471791368,0.7792207792207793,0.7842584381910224,0.7792207792207793,0.7792207792207793,0.7792207792207793,0.7856494227895764
6,biMeanInfgain,minmax,mixup,SMOTE,random_forest,last,0.5,0.2,42,2026-02-20 16:34:20,20260220-161321,log/pimaindians_diabetes/6/biMeanInfgain/mixup__SMOTE__minmax/random_forest,1771575212296_720c096117715764606820268,0.7272727272727273,0.7184959349593496,0.7388888888888889,0.717948717948718,0.7588691796008868,0.7272727272727273,0.7332667332667333,0.7272727272727273,0.7272727272727273,0.7272727272727273,0.730216808936321
6,biMeanInfgain,minmax,mixup,TomekLinks,random_forest,first,0.35,0.1,42,2026-02-20 16:34:21,20260220-161321,log/pimaindians_diabetes/6/biMeanInfgain/minmax__mixup__TomekLinks/random_forest,1771575212296_720c096117715764613645654,0.7532467532467533,0.769047619047619,0.7929629629629631,0.7505541346973572,0.820964749536178,0.7532467532467533,0.7582954130268709,0.7532467532467533,0.7532467532467533,0.7532467532467532,0.7659236666120113
6,biMeanInfgain,minmax,mixup,TomekLinks,random_forest,first,0.35,0.2,42,2026-02-20 16:34:22,20260220-161321,log/pimaindians_diabetes/6/biMeanInfgain/minmax__mixup__TomekLinks/random_forest,1771575212296_720c096117715764627046233,0.6948051948051948,0.712617220801364,0.730925925925926,0.6918819973606913,0.7638267955403505,0.6948051948051948,0.7008464695238353,0.6948051948051948,0.6948051948051948,0.6948051948051948,0.7075683421815209
6,biMeanInfgain,minmax,mixup,TomekLinks,random_forest,first,0.5,0.1,42,2026-02-20 16:34:22,20260220-161321,log/pimaindians_diabetes/6/biMeanInfgain/minmax__mixup__TomekLinks/random_forest,1771575212296_720c096117715764620696812,0.8051948051948052,0.7917236662106703,0.8159259259259259,0.7964040190375463,0.8261499102812372,0.8051948051948052,0.809040774138606,0.8051948051948052,0.8051948051948052,0.8051948051948051,0.806274591296128
6,biMeanInfgain,minmax,mixup,TomekLinks,random_forest,first,0.5,0.2,42,2026-02-20 16:34:23,20260220-161321,log/pimaindians_diabetes/6/biMeanInfgain/minmax__mixup__TomekLinks/random_forest,1771575212296_720c096117715764633442062,0.7142857142857143,0.6889367816091954,0.6948148148148148,0.6913265306122449,0.7196223316912971,0.7142857142857143,0.7164723032069972,0.7142857142857143,0.7142857142857143,0.7142857142857143,0.7072215035987025
6,biMeanInfgain,minmax,mixup,TomekLinks,random_forest,last,0.35,0.1,42,2026-02-20 16:34:24,20260220-161321,log/pimaindians_diabetes/6/biMeanInfgain/mixup__TomekLinks__minmax/random_forest,1771575212296_720c096117715764640373478,0.6753246753246753,0.7124824684431976,0.7244444444444444,0.6744461356333502,0.7694577512249321,0.6753246753246753,0.6794977388584694,0.6753246753246753,0.6753246753246753,0.6753246753246753,0.6938599177149003
6,biMeanInfgain,minmax,mixup,TomekLinks,random_forest,last,0.35,0.2,42,2026-02-20 16:34:25,20260220-161321,log/pimaindians_diabetes/6/biMeanInfgain/mixup__TomekLinks__minmax/random_forest,1771575212296_720c096117715764653156272,0.6883116883116883,0.7197916666666666,0.7344444444444445,0.6869918699186992,0.775487012987013,0.6883116883116883,0.6930630345264491,0.6883116883116883,0.6883116883116883,0.6883116883116883,0.7053052234012599
6,biMeanInfgain,minmax,mixup,TomekLinks,random_forest,last,0.5,0.1,42,2026-02-20 16:34:24,20260220-161321,log/pimaindians_diabetes/6/biMeanInfgain/mixup__TomekLinks__minmax/random_forest,1771575212296_720c096117715764646797253,0.7662337662337663,0.7608108108108108,0.7859259259259259,0.759375,0.8023868023868024,0.7662337662337663,0.7715097402597403,0.7662337662337663,0.7662337662337663,0.7662337662337663,0.7710385714448212
6,biMeanInfgain,minmax,mixup,TomekLinks,random_forest,last,0.5,0.2,42,2026-02-20 16:34:25,20260220-161321,log/pimaindians_diabetes/6/biMeanInfgain/mixup__TomekLinks__minmax/random_forest,1771575212296_720c096117715764659382416,0.7337662337662337,0.7180476925716246,0.7353703703703703,0.7209528439474964,0.7542003373192256,0.7337662337662337,0.7388139327857364,0.7337662337662337,0.7337662337662337,0.7337662337662337,0.7332333500426003
6,biMeanInfgain,minmax,mixup,noImbl,random_forest,first,0.35,0.1,42,2026-02-20 16:34:26,20260220-161321,log/pimaindians_diabetes/6/biMeanInfgain/minmax__mixup__noImbl/random_forest,1771575212296_720c096117715764666272755,0.7402597402597403,0.7612859097127223,0.7829629629629631,0.7380952380952381,0.815019453870343,0.7402597402597403,0.7452071737786023,0.7402597402597403,0.7402597402597403,0.7402597402597403,0.754526090539575
6,biMeanInfgain,minmax,mixup,noImbl,random_forest,first,0.35,0.2,42,2026-02-20 16:34:28,20260220-161321,log/pimaindians_diabetes/6/biMeanInfgain/minmax__mixup__noImbl/random_forest,1771575212296_720c096117715764680976914,0.7012987012987013,0.7217852257181943,0.7401851851851852,0.6988095238095238,0.774139677012454,0.7012987012987013,0.7069882498453927,0.7012987012987013,0.7012987012987013,0.7012987012987013,0.7150001553593012
6,biMeanInfgain,minmax,mixup,noImbl,random_forest,first,0.5,0.1,42,2026-02-20 16:34:27,20260220-161321,log/pimaindians_diabetes/6/biMeanInfgain/minmax__mixup__noImbl/random_forest,1771575212296_720c096117715764674601056,0.7402597402597403,0.7422402159244265,0.7659259259259259,0.7348484848484849,0.7877911562122089,0.7402597402597403,0.7461629279811098,0.7402597402597403,0.7402597402597403,0.7402597402597403,0.7478513378345913
6,biMeanInfgain,minmax,mixup,noImbl,random_forest,first,0.5,0.2,42,2026-02-20 16:34:28,20260220-161321,log/pimaindians_diabetes/6/biMeanInfgain/minmax__mixup__noImbl/random_forest,1771575212296_720c096117715764687389332,0.7207792207792207,0.6939393939393939,0.6955555555555556,0.6947120925729565,0.7219992129083038,0.7207792207792207,0.7213584902949155,0.7207792207792207,0.7207792207792207,0.7207792207792207,0.7118716919821941
6,biMeanInfgain,minmax,mixup,noImbl,random_forest,last,0.35,0.1,42,2026-02-20 16:38:02,20260220-161321,log/pimaindians_diabetes/6/biMeanInfgain/mixup__noImbl__minmax/random_forest,1771575212296_720c096117715766824312214,0.7402597402597403,0.7612859097127223,0.7829629629629631,0.7380952380952381,0.815019453870343,0.7402597402597403,0.7452071737786023,0.7402597402597403,0.7402597402597403,0.7402597402597403,0.754526090539575
6,biMeanInfgain,minmax,mixup,noImbl,random_forest,last,0.35,0.2,42,2026-02-20 16:38:04,20260220-161321,log/pimaindians_diabetes/6/biMeanInfgain/mixup__noImbl__minmax/random_forest,1771575212296_720c096117715766840690941,0.6948051948051948,0.7178761365585864,0.7351851851851852,0.6926147704590818,0.770939302591387,0.6948051948051948,0.7003655027607123,0.6948051948051948,0.6948051948051948,0.6948051948051948,0.7092691813385628
6,biMeanInfgain,minmax,mixup,noImbl,random_forest,last,0.5,0.1,42,2026-02-20 16:38:03,20260220-161321,log/pimaindians_diabetes/6/biMeanInfgain/mixup__noImbl__minmax/random_forest,1771575212296_720c096117715766834254545,0.7272727272727273,0.7253711201079622,0.7474074074074074,0.7204840103716508,0.7691080848975587,0.7272727272727273,0.7334957177653806,0.7272727272727273,0.7272727272727273,0.7272727272727273,0.7331947113709383
6,biMeanInfgain,minmax,mixup,noImbl,random_forest,last,0.5,0.2,42,2026-02-20 16:38:04,20260220-161321,log/pimaindians_diabetes/6/biMeanInfgain/mixup__noImbl__minmax/random_forest,1771575212296_720c096117715766847015917,0.7272727272727273,0.7127222982216143,0.7303703703703703,0.7149656266525648,0.7499067280189031,0.7272727272727273,0.7326570837940484,0.7272727272727273,0.7272727272727273,0.7272727272727273,0.7273524371371716
6,biMeanInfgain,minmax,noAug,ADASYN,random_forest,first,0.35,0.1,42,2026-02-20 16:38:05,20260220-161321,log/pimaindians_diabetes/6/biMeanInfgain/minmax__noAug__ADASYN/random_forest,1771575212296_720c096117715766853307962,0.6623376623376623,0.7193877551020409,0.722962962962963,0.6622807017543859,0.7818711900344554,0.6623376623376623,0.6635907951697425,0.6623376623376623,0.6623376623376623,0.6623376623376623,0.6862379802836299
6,biMeanInfgain,minmax,noAug,ADASYN,random_forest,first,0.35,0.2,42,2026-02-20 16:38:06,20260220-161321,log/pimaindians_diabetes/6/biMeanInfgain/minmax__noAug__ADASYN/random_forest,1771575212296_720c096117715766864730242,0.6753246753246753,0.7189716312056738,0.7287037037037037,0.6748310810810811,0.7780233950446716,0.6753246753246753,0.6786153036153036,0.6753246753246753,0.6753246753246753,0.6753246753246753,0.6957167008297327
6,biMeanInfgain,minmax,noAug,ADASYN,random_forest,first,0.5,0.1,42,2026-02-20 16:38:05,20260220-161321,log/pimaindians_diabetes/6/biMeanInfgain/minmax__noAug__ADASYN/random_forest,1771575212296_720c096117715766859101573,0.7532467532467533,0.7594594594594595,0.7844444444444445,0.74901355292503,0.8070902070902072,0.7532467532467533,0.7587499136649934,0.7532467532467533,0.7532467532467533,0.7532467532467532,0.7625626323866157
6,biMeanInfgain,minmax,noAug,ADASYN,random_forest,first,0.5,0.2,42,2026-02-20 16:38:07,20260220-161321,log/pimaindians_diabetes/6/biMeanInfgain/minmax__noAug__ADASYN/random_forest,1771575212296_720c096117715766870335964,0.7337662337662337,0.723485491260818,0.7438888888888888,0.7239781420765028,0.7628950041982452,0.7337662337662337,0.7395040806188347,0.7337662337662337,0.7337662337662337,0.7337662337662337,0.7360557653455891
6,biMeanInfgain,minmax,noAug,ADASYN,random_forest,last,0.35,0.1,42,2026-02-20 16:38:07,20260220-161321,log/pimaindians_diabetes/6/biMeanInfgain/noAug__ADASYN__minmax/random_forest,1771575212296_720c096117715766876540153,0.7012987012987013,0.7394810659186536,0.7529629629629631,0.7004904447826822,0.7980273583359138,0.7012987012987013,0.7051379197497919,0.7012987012987013,0.7012987012987013,0.7012987012987013,0.7204108739211045
6,biMeanInfgain,minmax,noAug,ADASYN,random_forest,last,0.35,0.2,42,2026-02-20 16:38:08,20260220-161321,log/pimaindians_diabetes/6/biMeanInfgain/noAug__ADASYN__minmax/random_forest,1771575212296_720c096117715766888091236,0.6688311688311688,0.7303030303030302,0.7322222222222222,0.6688172043010753,0.79456906729634,0.6688311688311688,0.6694595726853793,0.6688311688311688,0.6688311688311688,0.6688311688311688,0.6939834160625947
6,biMeanInfgain,minmax,noAug,ADASYN,random_forest,last,0.5,0.1,42,2026-02-20 16:38:08,20260220-161321,log/pimaindians_diabetes/6/biMeanInfgain/noAug__ADASYN__minmax/random_forest,1771575212296_720c096117715766882349796,0.7792207792207793,0.7706639566395664,0.7959259259259259,0.7716727716727716,0.8100253405131456,0.7792207792207793,0.7840730697873554,0.7792207792207793,0.7792207792207793,0.7792207792207793,0.7827117102151944
6,biMeanInfgain,minmax,noAug,ADASYN,random_forest,last,0.5,0.2,42,2026-02-20 16:38:09,20260220-161321,log/pimaindians_diabetes/6/biMeanInfgain/noAug__ADASYN__minmax/random_forest,1771575212296_720c096117715766893705975,0.7532467532467533,0.7513495276653172,0.7759259259259259,0.747104580812446,0.7949857160383476,0.7532467532467533,0.7588770779782017,0.7532467532467533,0.7532467532467533,0.7532467532467532,0.7594220670802572
6,biMeanInfgain,minmax,noAug,RandomUnderSampler,random_forest,first,0.35,0.1,42,2026-02-20 16:38:09,20260220-161321,log/pimaindians_diabetes/6/biMeanInfgain/minmax__noAug__RandomUnderSampler/random_forest,1771575212296_720c096117715766899324740,0.6883116883116883,0.7474489795918369,0.7514814814814814,0.688259109311741,0.812218393851047,0.6883116883116883,0.6894684263105315,0.6883116883116883,0.6883116883116883,0.6883116883116883,0.7130986911604527
6,biMeanInfgain,minmax,noAug,RandomUnderSampler,random_forest,first,0.35,0.2,42,2026-02-20 16:38:10,20260220-161321,log/pimaindians_diabetes/6/biMeanInfgain/minmax__noAug__RandomUnderSampler/random_forest,1771575212296_720c096117715766909609822,0.6753246753246753,0.725933908045977,0.732962962962963,0.6751054852320675,0.7871977160770265,0.6753246753246753,0.6776261712970574,0.6753246753246753,0.6753246753246753,0.6753246753246753,0.6976490773178354
6,biMeanInfgain,minmax,noAug,RandomUnderSampler,random_forest,first,0.5,0.1,42,2026-02-20 16:38:10,20260220-161321,log/pimaindians_diabetes/6/biMeanInfgain/minmax__noAug__RandomUnderSampler/random_forest,1771575212296_720c096117715766904490227,0.7402597402597403,0.7422402159244265,0.7659259259259259,0.7348484848484849,0.7877911562122089,0.7402597402597403,0.7461629279811098,0.7402597402597403,0.7402597402597403,0.7402597402597403,0.7478513378345913
6,biMeanInfgain,minmax,noAug,RandomUnderSampler,random_forest,first,0.5,0.2,42,2026-02-20 16:38:11,20260220-161321,log/pimaindians_diabetes/6/biMeanInfgain/minmax__noAug__RandomUnderSampler/random_forest,1771575212296_720c096117715766914707788,0.7272727272727273,0.7253711201079622,0.7474074074074074,0.7204840103716508,0.7691080848975587,0.7272727272727273,0.7334957177653806,0.7272727272727273,0.7272727272727273,0.7272727272727273,0.7331947113709383
6,biMeanInfgain,minmax,noAug,RandomUnderSampler,random_forest,last,0.35,0.1,42,2026-02-20 16:38:12,20260220-161321,log/pimaindians_diabetes/6/biMeanInfgain/noAug__RandomUnderSampler__minmax/random_forest,1771575212296_720c096117715766920252866,0.7272727272727273,0.7664796633941093,0.7814814814814814,0.7265347539320142,0.8265969654468953,0.7272727272727273,0.7307781006411144,0.7272727272727273,0.7272727272727273,0.7272727272727273,0.7469618301273088
6,biMeanInfgain,minmax,noAug,RandomUnderSampler,random_forest,last,0.35,0.2,42,2026-02-20 16:38:13,20260220-161321,log/pimaindians_diabetes/6/biMeanInfgain/noAug__RandomUnderSampler__minmax/random_forest,1771575212296_720c096117715766930644211,0.6753246753246753,0.725933908045977,0.732962962962963,0.6751054852320675,0.7871977160770265,0.6753246753246753,0.6776261712970574,0.6753246753246753,0.6753246753246753,0.6753246753246753,0.6976490773178354
6,biMeanInfgain,minmax,noAug,RandomUnderSampler,random_forest,last,0.5,0.1,42,2026-02-20 16:38:12,20260220-161321,log/pimaindians_diabetes/6/biMeanInfgain/noAug__RandomUnderSampler__minmax/random_forest,1771575212296_720c096117715766925462953,0.7662337662337663,0.7547619047619047,0.7774074074074073,0.7570126227208976,0.7924551638837353,0.7662337662337663,0.7711517094406296,0.7662337662337663,0.7662337662337663,0.7662337662337663,0.7681806039230401
6,biMeanInfgain,minmax,noAug,RandomUnderSampler,random_forest,last,0.5,0.2,42,2026-02-20 16:38:13,20260220-161321,log/pimaindians_diabetes/6/biMeanInfgain/noAug__RandomUnderSampler__minmax/random_forest,1771575212296_720c096117715766935764621,0.7272727272727273,0.7253711201079622,0.7474074074074074,0.7204840103716508,0.7691080848975587,0.7272727272727273,0.7334957177653806,0.7272727272727273,0.7272727272727273,0.7272727272727273,0.7331947113709383
6,biMeanInfgain,minmax,noAug,SMOTE,random_forest,first,0.35,0.1,42,2026-02-20 16:38:14,20260220-161321,log/pimaindians_diabetes/6/biMeanInfgain/minmax__noAug__SMOTE/random_forest,1771575212296_720c096117715766941845915,0.6493506493506493,0.6982758620689655,0.7044444444444444,0.649113924050633,0.7575011195700851,0.6493506493506493,0.6518362650008219,0.6493506493506493,0.6493506493506493,0.6493506493506493,0.6709049307063272
6,biMeanInfgain,minmax,noAug,SMOTE,random_forest,first,0.35,0.2,42,2026-02-20 16:38:15,20260220-161321,log/pimaindians_diabetes/6/biMeanInfgain/minmax__noAug__SMOTE/random_forest,1771575212296_720c096117715766953190041,0.6818181818181818,0.7161172161172161,0.7294444444444443,0.680727734292363,0.7724656296084867,0.6818181818181818,0.686301132757659,0.6818181818181818,0.6818181818181818,0.6818181818181818,0.6995843318017905
6,biMeanInfgain,minmax,noAug,SMOTE,random_forest,first,0.5,0.1,42,2026-02-20 16:38:14,20260220-161321,log/pimaindians_diabetes/6/biMeanInfgain/minmax__noAug__SMOTE/random_forest,1771575212296_720c096117715766947586993,0.7532467532467533,0.744579945799458,0.7674074074074073,0.7448107448107448,0.7844472600570161,0.7532467532467533,0.7586699015270445,0.7532467532467533,0.7532467532467533,0.7532467532467532,0.7564642595757576
6,biMeanInfgain,minmax,noAug,SMOTE,random_forest,first,0.5,0.2,42,2026-02-20 16:38:15,20260220-161321,log/pimaindians_diabetes/6/biMeanInfgain/minmax__noAug__SMOTE/random_forest,1771575212296_720c096117715766958764112,0.7272727272727273,0.7217905405405405,0.7431481481481481,0.7192708333333333,0.7638206388206388,0.7272727272727273,0.7334280303030304,0.7272727272727273,0.7272727272727273,0.7272727272727273,0.7316898532054781
6,biMeanInfgain,minmax,noAug,SMOTE,random_forest,last,0.35,0.1,42,2026-02-20 16:38:16,20260220-161321,log/pimaindians_diabetes/6/biMeanInfgain/noAug__SMOTE__minmax/random_forest,1771575212296_720c096117715766964862941,0.7402597402597403,0.7612859097127223,0.7829629629629631,0.7380952380952381,0.815019453870343,0.7402597402597403,0.7452071737786023,0.7402597402597403,0.7402597402597403,0.7402597402597403,0.754526090539575
6,biMeanInfgain,minmax,noAug,SMOTE,random_forest,last,0.35,0.2,42,2026-02-20 16:38:17,20260220-161321,log/pimaindians_diabetes/6/biMeanInfgain/noAug__SMOTE__minmax/random_forest,1771575212296_720c096117715766976303716,0.6948051948051948,0.7429973238180196,0.7522222222222222,0.6944831370562661,0.8045761553344069,0.6948051948051948,0.6974460683464102,0.6948051948051948,0.6948051948051948,0.6948051948051948,0.7166910288699441
6,biMeanInfgain,minmax,noAug,SMOTE,random_forest,last,0.5,0.1,42,2026-02-20 16:38:17,20260220-161321,log/pimaindians_diabetes/6/biMeanInfgain/noAug__SMOTE__minmax/random_forest,1771575212296_720c096117715766970601974,0.7792207792207793,0.7773279352226721,0.8044444444444444,0.7737251512532412,0.8208633471791368,0.7792207792207793,0.7842584381910224,0.7792207792207793,0.7792207792207793,0.7792207792207793,0.7856494227895764
6,biMeanInfgain,minmax,noAug,SMOTE,random_forest,last,0.5,0.2,42,2026-02-20 16:38:18,20260220-161321,log/pimaindians_diabetes/6/biMeanInfgain/noAug__SMOTE__minmax/random_forest,1771575212296_720c096117715766982072745,0.7272727272727273,0.7253711201079622,0.7474074074074074,0.7204840103716508,0.7691080848975587,0.7272727272727273,0.7334957177653806,0.7272727272727273,0.7272727272727273,0.7272727272727273,0.7331947113709383
6,biMeanInfgain,minmax,noAug,TomekLinks,random_forest,first,0.35,0.1,42,2026-02-20 16:38:18,20260220-161321,log/pimaindians_diabetes/6/biMeanInfgain/minmax__noAug__TomekLinks/random_forest,1771575212296_720c096117715766987849031,0.7402597402597403,0.7612859097127223,0.7829629629629631,0.7380952380952381,0.815019453870343,0.7402597402597403,0.7452071737786023,0.7402597402597403,0.7402597402597403,0.7402597402597403,0.754526090539575
6,biMeanInfgain,minmax,noAug,TomekLinks,random_forest,first,0.35,0.2,42,2026-02-20 16:38:19,20260220-161321,log/pimaindians_diabetes/6/biMeanInfgain/minmax__noAug__TomekLinks/random_forest,1771575212296_720c096117715766998505533,0.7207792207792207,0.7501296456352635,0.767962962962963,0.7193473193473193,0.8063846266093457,0.7207792207792207,0.7253352707898162,0.7207792207792207,0.7207792207792207,0.7207792207792207,0.7374618003530157
6,biMeanInfgain,minmax,noAug,TomekLinks,random_forest,first,0.5,0.1,42,2026-02-20 16:38:19,20260220-161321,log/pimaindians_diabetes/6/biMeanInfgain/minmax__noAug__TomekLinks/random_forest,1771575212296_720c096117715766993178668,0.7662337662337663,0.7682186234817814,0.7944444444444444,0.7613636363636364,0.8138703401861297,0.7662337662337663,0.7715466351829988,0.7662337662337663,0.7662337662337663,0.7662337662337663,0.7740833880367372
6,biMeanInfgain,minmax,noAug,TomekLinks,random_forest,first,0.5,0.2,42,2026-02-20 16:38:20,20260220-161321,log/pimaindians_diabetes/6/biMeanInfgain/minmax__noAug__TomekLinks/random_forest,1771575212296_720c096117715767003797099,0.7207792207792207,0.7248101265822785,0.7466666666666667,0.7154887218045113,0.771165543317442,0.7207792207792207,0.7270774338443511,0.7207792207792207,0.7207792207792207,0.7207792207792207,0.7289608453156562
6,biMeanInfgain,minmax,noAug,TomekLinks,random_forest,last,0.35,0.1,42,2026-02-20 16:38:20,20260220-161321,log/pimaindians_diabetes/6/biMeanInfgain/noAug__TomekLinks__minmax/random_forest,1771575212296_720c096117715767009537007,0.7402597402597403,0.7612859097127223,0.7829629629629631,0.7380952380952381,0.815019453870343,0.7402597402597403,0.7452071737786023,0.7402597402597403,0.7402597402597403,0.7402597402597403,0.754526090539575
6,biMeanInfgain,minmax,noAug,TomekLinks,random_forest,last,0.35,0.2,42,2026-02-20 16:38:22,20260220-161321,log/pimaindians_diabetes/6/biMeanInfgain/noAug__TomekLinks__minmax/random_forest,1771575212296_720c096117715767020174545,0.7077922077922078,0.742979242979243,0.757962962962963,0.7067907763909457,0.8007865150722293,0.7077922077922078,0.7119092035529522,0.7077922077922078,0.7077922077922078,0.7077922077922078,0.7260947522099112
6,biMeanInfgain,minmax,noAug,TomekLinks,random_forest,last,0.5,0.1,42,2026-02-20 16:38:21,20260220-161321,log/pimaindians_diabetes/6/biMeanInfgain/noAug__TomekLinks__minmax/random_forest,1771575212296_720c096117715767014883059,0.7662337662337663,0.7682186234817814,0.7944444444444444,0.7613636363636364,0.8138703401861297,0.7662337662337663,0.7715466351829988,0.7662337662337663,0.7662337662337663,0.7662337662337663,0.7740833880367372
6,biMeanInfgain,minmax,noAug,TomekLinks,random_forest,last,0.5,0.2,42,2026-02-20 16:38:22,20260220-161321,log/pimaindians_diabetes/6/biMeanInfgain/noAug__TomekLinks__minmax/random_forest,1771575212296_720c096117715767025426794,0.7662337662337663,0.7608108108108108,0.7859259259259259,0.759375,0.8023868023868024,0.7662337662337663,0.7715097402597403,0.7662337662337663,0.7662337662337663,0.7662337662337663,0.7710385714448212
6,biMeanInfgain,minmax,noAug,noImbl,random_forest,first,0.35,0.1,42,2026-02-20 16:38:23,20260220-161321,log/pimaindians_diabetes/6/biMeanInfgain/minmax__noAug__noImbl/random_forest,1771575212296_720c096117715767031270325,0.7272727272727273,0.7537878787878789,0.7729629629629631,0.7256066519599524,0.809228650137741,0.7272727272727273,0.7319932739922557,0.7272727272727273,0.7272727272727273,0.7272727272727273,0.7431470289907803
6,biMeanInfgain,minmax,noAug,noImbl,random_forest,first,0.35,0.2,42,2026-02-20 16:38:24,20260220-161321,log/pimaindians_diabetes/6/biMeanInfgain/minmax__noAug__noImbl/random_forest,1771575212296_720c096117715767041922771,0.7012987012987013,0.7217852257181943,0.7401851851851852,0.6988095238095238,0.774139677012454,0.7012987012987013,0.7069882498453927,0.7012987012987013,0.7012987012987013,0.7012987012987013,0.7150001553593012
6,biMeanInfgain,minmax,noAug,noImbl,random_forest,first,0.5,0.1,42,2026-02-20 16:38:23,20260220-161321,log/pimaindians_diabetes/6/biMeanInfgain/minmax__noAug__noImbl/random_forest,1771575212296_720c096117715767036632479,0.7662337662337663,0.7608108108108108,0.7859259259259259,0.759375,0.8023868023868024,0.7662337662337663,0.7715097402597403,0.7662337662337663,0.7662337662337663,0.7662337662337663,0.7710385714448212
6,biMeanInfgain,minmax,noAug,noImbl,random_forest,first,0.5,0.2,42,2026-02-20 16:38:24,20260220-161321,log/pimaindians_diabetes/6/biMeanInfgain/minmax__noAug__noImbl/random_forest,1771575212296_720c096117715767047220431,0.7337662337662337,0.7136752136752136,0.7268518518518519,0.7174564818543876,0.7466818895390324,0.7337662337662337,0.737733470717764,0.7337662337662337,0.7337662337662337,0.7337662337662337,0.7305058818989258
6,biMeanInfgain,minmax,noAug,noImbl,random_forest,last,0.35,0.1,42,2026-02-20 16:38:25,20260220-161321,log/pimaindians_diabetes/6/biMeanInfgain/noAug__noImbl__minmax/random_forest,1771575212296_720c096117715767052991708,0.7272727272727273,0.7537878787878789,0.7729629629629631,0.7256066519599524,0.809228650137741,0.7272727272727273,0.7319932739922557,0.7272727272727273,0.7272727272727273,0.7272727272727273,0.7431470289907803
6,biMeanInfgain,minmax,noAug,noImbl,random_forest,last,0.35,0.2,42,2026-02-20 16:38:26,20260220-161321,log/pimaindians_diabetes/6/biMeanInfgain/noAug__noImbl__minmax/random_forest,1771575212296_720c096117715767066100608,0.7012987012987013,0.7217852257181943,0.7401851851851852,0.6988095238095238,0.774139677012454,0.7012987012987013,0.7069882498453927,0.7012987012987013,0.7012987012987013,0.7012987012987013,0.7150001553593012
6,biMeanInfgain,minmax,noAug,noImbl,random_forest,last,0.5,0.1,42,2026-02-20 16:38:25,20260220-161321,log/pimaindians_diabetes/6/biMeanInfgain/noAug__noImbl__minmax/random_forest,1771575212296_720c096117715767058368395,0.7662337662337663,0.7608108108108108,0.7859259259259259,0.759375,0.8023868023868024,0.7662337662337663,0.7715097402597403,0.7662337662337663,0.7662337662337663,0.7662337662337663,0.7710385714448212
6,biMeanInfgain,minmax,noAug,noImbl,random_forest,last,0.5,0.2,42,2026-02-20 16:38:27,20260220-161321,log/pimaindians_diabetes/6/biMeanInfgain/noAug__noImbl__minmax/random_forest,1771575212296_720c096117715767071411481,0.7337662337662337,0.7136752136752136,0.7268518518518519,0.7174564818543876,0.7466818895390324,0.7337662337662337,0.737733470717764,0.7337662337662337,0.7337662337662337,0.7337662337662337,0.7305058818989258
6,infgain,minmax,gaussian_noise,ADASYN,random_forest,first,0.35,0.1,42,2026-02-20 16:39:55,20260220-161321,log/pimaindians_diabetes/6/infgain/minmax__gaussian_noise__ADASYN/random_forest,1771575212296_720c096117715767957909490,0.4415584415584415,0.5984848484848485,0.552962962962963,0.4163581879076325,0.6641086186540732,0.4415584415584415,0.3801328232845948,0.4415584415584415,0.4415584415584415,0.4415584415584415,0.4776526713123991
6,infgain,minmax,gaussian_noise,ADASYN,random_forest,first,0.35,0.2,42,2026-02-20 16:39:58,20260220-161321,log/pimaindians_diabetes/6/infgain/minmax__gaussian_noise__ADASYN/random_forest,1771575212296_720c096117715767980073416,0.487012987012987,0.6074380165289256,0.5794444444444444,0.4772932330827067,0.6703874637758935,0.487012987012987,0.4560023435211404,0.487012987012987,0.487012987012987,0.487012987012987,0.5205265237706981
6,infgain,minmax,gaussian_noise,ADASYN,random_forest,first,0.5,0.1,42,2026-02-20 16:39:56,20260220-161321,log/pimaindians_diabetes/6/infgain/minmax__gaussian_noise__ADASYN/random_forest,1771575212296_720c096117715767969455627,0.7662337662337663,0.7459742351046699,0.7262962962962962,0.7334615384615384,0.7610055001359349,0.7662337662337663,0.7613786213786214,0.7662337662337663,0.7662337662337663,0.7662337662337663,0.7540471336232204
6,infgain,minmax,gaussian_noise,ADASYN,random_forest,first,0.5,0.2,42,2026-02-20 16:39:59,20260220-161321,log/pimaindians_diabetes/6/infgain/minmax__gaussian_noise__ADASYN/random_forest,1771575212296_720c096117715767990595088,0.7142857142857143,0.6906028368794326,0.6990740740740741,0.693615482003979,0.7226443768996961,0.7142857142857143,0.7173862491279747,0.7142857142857143,0.7142857142857143,0.7142857142857143,0.7085966741693989
6,infgain,minmax,gaussian_noise,ADASYN,random_forest,last,0.35,0.1,42,2026-02-20 16:40:00,20260220-161321,log/pimaindians_diabetes/6/infgain/gaussian_noise__ADASYN__minmax/random_forest,1771575212296_720c096117715768002735446,0.4805194805194805,0.6583333333333333,0.5914814814814814,0.4600280504908836,0.7354978354978354,0.4805194805194805,0.4286078577803683,0.4805194805194805,0.4805194805194805,0.4805194805194805,0.5240344434797448
6,infgain,minmax,gaussian_noise,ADASYN,random_forest,last,0.35,0.2,42,2026-02-20 16:40:02,20260220-161321,log/pimaindians_diabetes/6/infgain/gaussian_noise__ADASYN__minmax/random_forest,1771575212296_720c096117715768024037698,0.422077922077922,0.6494817239498092,0.5507407407407408,0.3779895620603585,0.7312049652475185,0.422077922077922,0.3285245727723603,0.422077922077922,0.422077922077922,0.422077922077922,0.4679510320498833
6,infgain,minmax,gaussian_noise,ADASYN,random_forest,last,0.5,0.1,42,2026-02-20 16:40:01,20260220-161321,log/pimaindians_diabetes/6/infgain/gaussian_noise__ADASYN__minmax/random_forest,1771575212296_720c096117715768013698664,0.7272727272727273,0.7127222982216143,0.7303703703703703,0.7149656266525648,0.7499067280189031,0.7272727272727273,0.7326570837940484,0.7272727272727273,0.7272727272727273,0.7272727272727273,0.7273524371371716
6,infgain,minmax,gaussian_noise,ADASYN,random_forest,last,0.5,0.2,42,2026-02-20 16:40:03,20260220-161321,log/pimaindians_diabetes/6/infgain/gaussian_noise__ADASYN__minmax/random_forest,1771575212296_720c096117715768034568057,0.6233766233766234,0.6477272727272727,0.6588888888888889,0.621075852706601,0.698642266824085,0.6233766233766234,0.6298954736083532,0.6233766233766234,0.6233766233766234,0.6233766233766234,0.637522191141917
6,infgain,minmax,gaussian_noise,RandomUnderSampler,random_forest,first,0.35,0.1,42,2026-02-20 16:40:04,20260220-161321,log/pimaindians_diabetes/6/infgain/minmax__gaussian_noise__RandomUnderSampler/random_forest,1771575212296_720c096117715768043257122,0.5194805194805194,0.6763440860215053,0.6214814814814814,0.5075194468452895,0.7531071079458176,0.5194805194805194,0.4845940576277655,0.5194805194805194,0.5194805194805194,0.5194805194805194,0.5617025010080463
6,infgain,minmax,gaussian_noise,RandomUnderSampler,random_forest,first,0.35,0.2,42,2026-02-20 16:40:05,20260220-161321,log/pimaindians_diabetes/6/infgain/minmax__gaussian_noise__RandomUnderSampler/random_forest,1771575212296_720c096117715768058479552,0.5064935064935064,0.7076923076923077,0.62,0.4870266479663394,0.795004995004995,0.5064935064935064,0.4571774648913498,0.5064935064935064,0.5064935064935064,0.5064935064935064,0.556497749795786
6,infgain,minmax,gaussian_noise,RandomUnderSampler,random_forest,first,0.5,0.1,42,2026-02-20 16:40:05,20260220-161321,log/pimaindians_diabetes/6/infgain/minmax__gaussian_noise__RandomUnderSampler/random_forest,1771575212296_720c096117715768051074945,0.7012987012987013,0.6993927125506073,0.7188888888888889,0.6938634399308556,0.7432304537567695,0.7012987012987013,0.7081143575525599,0.7012987012987013,0.7012987012987013,0.7012987012987013,0.7069673556616192
6,infgain,minmax,gaussian_noise,RandomUnderSampler,random_forest,first,0.5,0.2,42,2026-02-20 16:40:06,20260220-161321,log/pimaindians_diabetes/6/infgain/minmax__gaussian_noise__RandomUnderSampler/random_forest,1771575212296_720c096117715768066038014,0.7012987012987013,0.6751077586206897,0.6805555555555556,0.6772959183673469,0.7068125839677564,0.7012987012987013,0.7035846806254968,0.7012987012987013,0.7012987012987013,0.7012987012987013,0.6938991601828071
6,infgain,minmax,gaussian_noise,RandomUnderSampler,random_forest,last,0.35,0.1,42,2026-02-20 16:40:07,20260220-161321,log/pimaindians_diabetes/6/infgain/gaussian_noise__RandomUnderSampler__minmax/random_forest,1771575212296_720c096117715768074726616,0.4675324675324675,0.6985294117647058,0.59,0.4367528991971454,0.7885790679908327,0.4675324675324675,0.3974234507686783,0.4675324675324675,0.4675324675324675,0.4675324675324675,0.5198502874834143
6,infgain,minmax,gaussian_noise,RandomUnderSampler,random_forest,last,0.35,0.2,42,2026-02-20 16:40:09,20260220-161321,log/pimaindians_diabetes/6/infgain/gaussian_noise__RandomUnderSampler__minmax/random_forest,1771575212296_720c096117715768090174644,0.435064935064935,0.5783272485894457,0.5437037037037037,0.411206328279499,0.6393463821276633,0.435064935064935,0.3758032343398197,0.435064935064935,0.435064935064935,0.435064935064935,0.4682151418609529
6,infgain,minmax,gaussian_noise,RandomUnderSampler,random_forest,last,0.5,0.1,42,2026-02-20 16:40:08,20260220-161321,log/pimaindians_diabetes/6/infgain/gaussian_noise__RandomUnderSampler__minmax/random_forest,1771575212296_720c096117715768082525041,0.5584415584415584,0.5769493844049248,0.5833333333333333,0.5547619047619048,0.6242471618668609,0.5584415584415584,0.566852195423624,0.5584415584415584,0.5584415584415584,0.5584415584415584,0.5700717263649644
6,infgain,minmax,gaussian_noise,RandomUnderSampler,random_forest,last,0.5,0.2,42,2026-02-20 16:40:09,20260220-161321,log/pimaindians_diabetes/6/infgain/gaussian_noise__RandomUnderSampler__minmax/random_forest,1771575212296_720c096117715768097706546,0.6103896103896104,0.59422024623803,0.602037037037037,0.5928080380750925,0.6355419546254019,0.6103896103896104,0.6180815482772118,0.6103896103896104,0.6103896103896104,0.6103896103896104,0.6089692058987365
6,infgain,minmax,gaussian_noise,SMOTE,random_forest,first,0.35,0.1,42,2026-02-20 16:40:10,20260220-161321,log/pimaindians_diabetes/6/infgain/minmax__gaussian_noise__SMOTE/random_forest,1771575212296_720c096117715768109573934,0.5454545454545454,0.717741935483871,0.65,0.5341400172860847,0.8020527859237536,0.5454545454545454,0.5124538382965349,0.5454545454545454,0.5454545454545454,0.5454545454545454,0.5921503686599734
6,infgain,minmax,gaussian_noise,SMOTE,random_forest,first,0.35,0.2,42,2026-02-20 16:40:13,20260220-161321,log/pimaindians_diabetes/6/infgain/minmax__gaussian_noise__SMOTE/random_forest,1771575212296_720c096117715768131105920,0.5194805194805194,0.6381826741996234,0.6087037037037037,0.5128248974008207,0.7047716878225353,0.5194805194805194,0.4958160854193685,0.5194805194805194,0.5194805194805194,0.5194805194805194,0.5542541617878223
6,infgain,minmax,gaussian_noise,SMOTE,random_forest,first,0.5,0.1,42,2026-02-20 16:40:12,20260220-161321,log/pimaindians_diabetes/6/infgain/minmax__gaussian_noise__SMOTE/random_forest,1771575212296_720c096117715768120819861,0.7012987012987013,0.670814479638009,0.6677777777777778,0.6691574817859145,0.6988599635658459,0.7012987012987013,0.6999594838190019,0.7012987012987013,0.7012987012987013,0.7012987012987013,0.689632247458381
6,infgain,minmax,gaussian_noise,SMOTE,random_forest,first,0.5,0.2,42,2026-02-20 16:40:14,20260220-161321,log/pimaindians_diabetes/6/infgain/minmax__gaussian_noise__SMOTE/random_forest,1771575212296_720c096117715768141297234,0.7077922077922078,0.6761467889908257,0.6599999999999999,0.6650717703349283,0.698891933754319,0.7077922077922078,0.7008015907537438,0.7077922077922078,0.7077922077922078,0.7077922077922078,0.6915017595546983
6,infgain,minmax,gaussian_noise,SMOTE,random_forest,last,0.35,0.1,42,2026-02-20 16:40:15,20260220-161321,log/pimaindians_diabetes/6/infgain/gaussian_noise__SMOTE__minmax/random_forest,1771575212296_720c096117715768153133981,0.5454545454545454,0.717741935483871,0.65,0.5341400172860847,0.8020527859237536,0.5454545454545454,0.5124538382965349,0.5454545454545454,0.5454545454545454,0.5454545454545454,0.5921503686599734
6,infgain,minmax,gaussian_noise,SMOTE,random_forest,last,0.35,0.2,42,2026-02-20 16:40:17,20260220-161321,log/pimaindians_diabetes/6/infgain/gaussian_noise__SMOTE__minmax/random_forest,1771575212296_720c096117715768174207276,0.4935064935064935,0.6349462365591398,0.592962962962963,0.4808988764044944,0.7041614299678816,0.4935064935064935,0.4567342769589961,0.4935064935064935,0.4935064935064935,0.4935064935064935,0.5312546333561193
6,infgain,minmax,gaussian_noise,SMOTE,random_forest,last,0.5,0.1,42,2026-02-20 16:40:16,20260220-161321,log/pimaindians_diabetes/6/infgain/gaussian_noise__SMOTE__minmax/random_forest,1771575212296_720c096117715768164066271,0.6363636363636364,0.6307432432432433,0.6433333333333333,0.6256944444444444,0.6738329238329238,0.6363636363636364,0.6445707070707071,0.6363636363636364,0.6363636363636364,0.6363636363636364,0.6398761773136772
6,infgain,minmax,gaussian_noise,SMOTE,random_forest,last,0.5,0.2,42,2026-02-20 16:40:18,20260220-161321,log/pimaindians_diabetes/6/infgain/gaussian_noise__SMOTE__minmax/random_forest,1771575212296_720c096117715768184342261,0.6558441558441559,0.6210536147954417,0.62,0.6204956525782304,0.6543945499671261,0.6558441558441559,0.6550920600299872,0.6558441558441559,0.6558441558441559,0.6558441558441559,0.6432206357051518
6,infgain,minmax,gaussian_noise,TomekLinks,random_forest,first,0.35,0.1,42,2026-02-20 16:40:19,20260220-161321,log/pimaindians_diabetes/6/infgain/minmax__gaussian_noise__TomekLinks/random_forest,1771575212296_720c096117715768194409337,0.6363636363636364,0.7066365007541479,0.702962962962963,0.6363022941970311,0.7712875359934184,0.6363636363636364,0.6348914243651086,0.6363636363636364,0.6363636363636364,0.6363636363636364,0.6633132123008283
6,infgain,minmax,gaussian_noise,TomekLinks,random_forest,first,0.35,0.2,42,2026-02-20 16:40:21,20260220-161321,log/pimaindians_diabetes/6/infgain/minmax__gaussian_noise__TomekLinks/random_forest,1771575212296_720c096117715768212410663,0.6363636363636364,0.6780141843971631,0.6859259259259259,0.6358108108108108,0.7343649258542876,0.6363636363636364,0.64004914004914,0.6363636363636364,0.6363636363636364,0.6363636363636364,0.6557549507921847
6,infgain,minmax,gaussian_noise,TomekLinks,random_forest,first,0.5,0.1,42,2026-02-20 16:40:20,20260220-161321,log/pimaindians_diabetes/6/infgain/minmax__gaussian_noise__TomekLinks/random_forest,1771575212296_720c096117715768203611384,0.7272727272727273,0.7062146892655368,0.6622222222222223,0.6703363914373088,0.7180277349768875,0.7272727272727273,0.7112593828190159,0.7272727272727273,0.7272727272727273,0.7272727272727273,0.7067949216940042
6,infgain,minmax,gaussian_noise,TomekLinks,random_forest,first,0.5,0.2,42,2026-02-20 16:40:22,20260220-161321,log/pimaindians_diabetes/6/infgain/minmax__gaussian_noise__TomekLinks/random_forest,1771575212296_720c096117715768221269710,0.5909090909090909,0.4817054263565892,0.489074074074074,0.4637112376319717,0.5300070472163496,0.5909090909090909,0.5417259209752715,0.5909090909090909,0.5909090909090909,0.5909090909090909,0.537257864919424
6,infgain,minmax,gaussian_noise,TomekLinks,random_forest,last,0.35,0.1,42,2026-02-20 16:40:23,20260220-161321,log/pimaindians_diabetes/6/infgain/gaussian_noise__TomekLinks__minmax/random_forest,1771575212296_720c096117715768231764117,0.4935064935064935,0.6646634615384617,0.6014814814814814,0.4761904761904761,0.7418518981018982,0.4935064935064935,0.447742733457019,0.4935064935064935,0.4935064935064935,0.4935064935064935,0.5367922629619057
6,infgain,minmax,gaussian_noise,TomekLinks,random_forest,last,0.35,0.2,42,2026-02-20 16:40:25,20260220-161321,log/pimaindians_diabetes/6/infgain/gaussian_noise__TomekLinks__minmax/random_forest,1771575212296_720c096117715768251897141,0.5584415584415584,0.6263461538461539,0.6216666666666667,0.5581434599156119,0.6841908091908092,0.5584415584415584,0.5547153268672256,0.5584415584415584,0.5584415584415584,0.5584415584415584,0.5835258043644118
6,infgain,minmax,gaussian_noise,TomekLinks,random_forest,last,0.5,0.1,42,2026-02-20 16:40:24,20260220-161321,log/pimaindians_diabetes/6/infgain/gaussian_noise__TomekLinks__minmax/random_forest,1771575212296_720c096117715768241165967,0.7402597402597403,0.7142307692307692,0.7062962962962962,0.7096530920060332,0.7364035964035964,0.7402597402597403,0.7378112083994437,0.7402597402597403,0.7402597402597403,0.7402597402597403,0.7289166073577837
6,infgain,minmax,gaussian_noise,TomekLinks,random_forest,last,0.5,0.2,42,2026-02-20 16:40:26,20260220-161321,log/pimaindians_diabetes/6/infgain/gaussian_noise__TomekLinks__minmax/random_forest,1771575212296_720c096117715768260701830,0.7207792207792207,0.6961191961191961,0.6572222222222222,0.6646579227224388,0.7102987102987104,0.7207792207792207,0.7056353784464383,0.7207792207792207,0.7207792207792207,0.7207792207792207,0.7002196963510325
6,infgain,minmax,gaussian_noise,noImbl,random_forest,first,0.35,0.1,42,2026-02-20 16:40:27,20260220-161321,log/pimaindians_diabetes/6/infgain/minmax__gaussian_noise__noImbl/random_forest,1771575212296_720c096117715768270834308,0.5974025974025974,0.6707692307692308,0.6644444444444444,0.5971308016877637,0.7332667332667332,0.5974025974025974,0.5940051509671762,0.5974025974025974,0.5974025974025974,0.5974025974025974,0.6244794727073205
6,infgain,minmax,gaussian_noise,noImbl,random_forest,first,0.35,0.2,42,2026-02-20 16:40:28,20260220-161321,log/pimaindians_diabetes/6/infgain/minmax__gaussian_noise__noImbl/random_forest,1771575212296_720c096117715768288781999,0.6428571428571429,0.7370252535295287,0.7207407407407408,0.6421177166518781,0.8092208050450246,0.6428571428571429,0.6372586301601386,0.6428571428571429,0.6428571428571429,0.6428571428571429,0.6757479890961889
6,infgain,minmax,gaussian_noise,noImbl,random_forest,first,0.5,0.1,42,2026-02-20 16:40:28,20260220-161321,log/pimaindians_diabetes/6/infgain/minmax__gaussian_noise__noImbl/random_forest,1771575212296_720c096117715768280089251,0.6753246753246753,0.6387578616352201,0.6307407407407407,0.6335427374833429,0.6677591276647881,0.6753246753246753,0.6705036824968292,0.6753246753246753,0.6753246753246753,0.6753246753246753,0.6594626061309707
6,infgain,minmax,gaussian_noise,noImbl,random_forest,first,0.5,0.2,42,2026-02-20 16:40:29,20260220-161321,log/pimaindians_diabetes/6/infgain/minmax__gaussian_noise__noImbl/random_forest,1771575212296_720c096117715768297385811,0.6623376623376623,0.6139856557377049,0.5824074074074074,0.580557301487534,0.6386989035554609,0.6623376623376623,0.635879310297915,0.6623376623376623,0.6623376623376623,0.6623376623376623,0.6309097533729394
6,infgain,minmax,gaussian_noise,noImbl,random_forest,last,0.35,0.1,42,2026-02-20 16:40:30,20260220-161321,log/pimaindians_diabetes/6/infgain/gaussian_noise__noImbl__minmax/random_forest,1771575212296_720c096117715768307517904,0.5584415584415584,0.6925612052730696,0.6514814814814814,0.5523255813953488,0.7677990559346491,0.5584415584415584,0.5366958622772576,0.5584415584415584,0.5584415584415584,0.5584415584415584,0.5979140141964342
6,infgain,minmax,gaussian_noise,noImbl,random_forest,last,0.35,0.2,42,2026-02-20 16:40:32,20260220-161321,log/pimaindians_diabetes/6/infgain/gaussian_noise__noImbl__minmax/random_forest,1771575212296_720c096117715768325300688,0.577922077922078,0.6604692781865182,0.6494444444444444,0.5770482105885832,0.7237554650559225,0.577922077922078,0.5713056538256183,0.577922077922078,0.577922077922078,0.577922077922078,0.6067888295996497
6,infgain,minmax,gaussian_noise,noImbl,random_forest,last,0.5,0.1,42,2026-02-20 16:40:31,20260220-161321,log/pimaindians_diabetes/6/infgain/gaussian_noise__noImbl__minmax/random_forest,1771575212296_720c096117715768316550088,0.6753246753246753,0.6363636363636364,0.6222222222222222,0.6258503401360545,0.6635182998819362,0.6753246753246753,0.6664899726124216,0.6753246753246753,0.6753246753246753,0.6753246753246753,0.656191332888921
6,infgain,minmax,gaussian_noise,noImbl,random_forest,last,0.5,0.2,42,2026-02-20 16:40:33,20260220-161321,log/pimaindians_diabetes/6/infgain/gaussian_noise__noImbl__minmax/random_forest,1771575212296_720c096117715768334121702,0.6948051948051948,0.661344537815126,0.6244444444444445,0.6286491201067159,0.6796682309287352,0.6948051948051948,0.6754672652779471,0.6948051948051948,0.6948051948051948,0.6948051948051948,0.6700852570486078
6,infgain,minmax,mixup,ADASYN,random_forest,first,0.35,0.1,42,2026-02-20 16:40:34,20260220-161321,log/pimaindians_diabetes/6/infgain/minmax__mixup__ADASYN/random_forest,1771575212296_720c096117715768342550371,0.7402597402597403,0.7422402159244265,0.7659259259259259,0.7348484848484849,0.7877911562122089,0.7402597402597403,0.7461629279811098,0.7402597402597403,0.7402597402597403,0.7402597402597403,0.7478513378345913
6,infgain,minmax,mixup,ADASYN,random_forest,first,0.35,0.2,42,2026-02-20 16:40:35,20260220-161321,log/pimaindians_diabetes/6/infgain/minmax__mixup__ADASYN/random_forest,1771575212296_720c096117715768357163647,0.6818181818181818,0.7224572536576768,0.7337037037037037,0.681159420289855,0.7808759194269507,0.6818181818181818,0.6854884246188594,0.6818181818181818,0.6818181818181818,0.6818181818181818,0.7014281371424128
6,infgain,minmax,mixup,ADASYN,random_forest,first,0.5,0.1,42,2026-02-20 16:40:34,20260220-161321,log/pimaindians_diabetes/6/infgain/minmax__mixup__ADASYN/random_forest,1771575212296_720c096117715768349912979,0.7532467532467533,0.7347222222222223,0.7503703703703704,0.7389830508474576,0.7674963924963925,0.7532467532467533,0.7572088928021131,0.7532467532467533,0.7532467532467533,0.7532467532467532,0.7509863913550352
6,infgain,minmax,mixup,ADASYN,random_forest,first,0.5,0.2,42,2026-02-20 16:40:36,20260220-161321,log/pimaindians_diabetes/6/infgain/minmax__mixup__ADASYN/random_forest,1771575212296_720c096117715768364124461,0.7142857142857143,0.6875,0.6905555555555556,0.6888888888888889,0.7168367346938775,0.7142857142857143,0.7154401154401154,0.7142857142857143,0.7142857142857143,0.7142857142857143,0.7058528653885794
6,infgain,minmax,mixup,ADASYN,random_forest,last,0.35,0.1,42,2026-02-20 16:40:37,20260220-161321,log/pimaindians_diabetes/6/infgain/mixup__ADASYN__minmax/random_forest,1771575212296_720c096117715768372332506,0.7272727272727273,0.7184959349593496,0.7388888888888889,0.717948717948718,0.7588691796008868,0.7272727272727273,0.7332667332667333,0.7272727272727273,0.7272727272727273,0.7272727272727273,0.730216808936321
6,infgain,minmax,mixup,ADASYN,random_forest,last,0.35,0.2,42,2026-02-20 16:40:38,20260220-161321,log/pimaindians_diabetes/6/infgain/mixup__ADASYN__minmax/random_forest,1771575212296_720c096117715768386760427,0.6818181818181818,0.6994884910485933,0.7166666666666667,0.6787705929930612,0.7502906300860266,0.6818181818181818,0.6881165320567645,0.6818181818181818,0.6818181818181818,0.6818181818181818,0.694404920264875
6,infgain,minmax,mixup,ADASYN,random_forest,last,0.5,0.1,42,2026-02-20 16:40:37,20260220-161321,log/pimaindians_diabetes/6/infgain/mixup__ADASYN__minmax/random_forest,1771575212296_720c096117715768379713247,0.7792207792207793,0.7579185520361991,0.7533333333333333,0.7554642256678498,0.7775166010460127,0.7792207792207793,0.7782309228227405,0.7792207792207793,0.7792207792207793,0.7792207792207793,0.7706194326034547
6,infgain,minmax,mixup,ADASYN,random_forest,last,0.5,0.2,42,2026-02-20 16:40:39,20260220-161321,log/pimaindians_diabetes/6/infgain/mixup__ADASYN__minmax/random_forest,1771575212296_720c096117715768394075911,0.7272727272727273,0.7005555555555556,0.7005555555555556,0.7005555555555556,0.7272727272727273,0.7272727272727273,0.7272727272727273,0.7272727272727273,0.7272727272727273,0.7272727272727273,0.717921717171717
6,infgain,minmax,mixup,RandomUnderSampler,random_forest,first,0.35,0.1,42,2026-02-20 16:40:40,20260220-161321,log/pimaindians_diabetes/6/infgain/minmax__mixup__RandomUnderSampler/random_forest,1771575212296_720c096117715768401007577,0.7142857142857143,0.7599290780141845,0.7714814814814814,0.7138513513513514,0.8216818642350558,0.7142857142857142,0.7171814671814672,0.7142857142857143,0.7142857142857143,0.7142857142857143,0.7356784508672805
6,infgain,minmax,mixup,RandomUnderSampler,random_forest,first,0.35,0.2,42,2026-02-20 16:40:41,20260220-161321,log/pimaindians_diabetes/6/infgain/minmax__mixup__RandomUnderSampler/random_forest,1771575212296_720c096117715768413058043,0.6883116883116883,0.7397629310344829,0.7472222222222222,0.6881012658227849,0.8020460143304972,0.6883116883116883,0.6905211244451751,0.6883116883116883,0.6883116883116883,0.6883116883116883,0.7110211506235894
6,infgain,minmax,mixup,RandomUnderSampler,random_forest,first,0.5,0.1,42,2026-02-20 16:40:40,20260220-161321,log/pimaindians_diabetes/6/infgain/minmax__mixup__RandomUnderSampler/random_forest,1771575212296_720c096117715768407078422,0.7662337662337663,0.77710027100271,0.8029629629629631,0.7629958960328318,0.8270861929398514,0.7662337662337663,0.7712704532129977,0.7662337662337663,0.7662337662337663,0.7662337662337663,0.7773484015709332
6,infgain,minmax,mixup,RandomUnderSampler,random_forest,first,0.5,0.2,42,2026-02-20 16:40:41,20260220-161321,log/pimaindians_diabetes/6/infgain/minmax__mixup__RandomUnderSampler/random_forest,1771575212296_720c096117715768419052105,0.7597402597402597,0.7526636225266362,0.7766666666666666,0.752120763910036,0.7933542865049714,0.7597402597402597,0.7651021271763431,0.7597402597402597,0.7597402597402597,0.7597402597402597,0.763747995128888
6,infgain,minmax,mixup,RandomUnderSampler,random_forest,last,0.35,0.1,42,2026-02-20 16:40:42,20260220-161321,log/pimaindians_diabetes/6/infgain/mixup__RandomUnderSampler__minmax/random_forest,1771575212296_720c096117715768426172401,0.7532467532467533,0.7803030303030303,0.8014814814814815,0.7517393517732904,0.836875245966155,0.7532467532467533,0.7575177240882315,0.7532467532467533,0.7532467532467533,0.7532467532467532,0.769553238452996
6,infgain,minmax,mixup,RandomUnderSampler,random_forest,last,0.35,0.2,42,2026-02-20 16:40:43,20260220-161321,log/pimaindians_diabetes/6/infgain/mixup__RandomUnderSampler__minmax/random_forest,1771575212296_720c096117715768438413655,0.7207792207792207,0.7170464135021097,0.7381481481481482,0.7132216014897579,0.7599736971888872,0.7207792207792207,0.7271276209823695,0.7207792207792207,0.7207792207792207,0.7207792207792207,0.7258808975664217
6,infgain,minmax,mixup,RandomUnderSampler,random_forest,last,0.5,0.1,42,2026-02-20 16:40:43,20260220-161321,log/pimaindians_diabetes/6/infgain/mixup__RandomUnderSampler__minmax/random_forest,1771575212296_720c096117715768432342205,0.8181818181818182,0.8030303030303031,0.825925925925926,0.8088652482269504,0.834710743801653,0.8181818181818182,0.8214700193423597,0.8181818181818182,0.8181818181818182,0.8181818181818182,0.8181897146839118
6,infgain,minmax,mixup,RandomUnderSampler,random_forest,last,0.5,0.2,42,2026-02-20 16:40:44,20260220-161321,log/pimaindians_diabetes/6/infgain/mixup__RandomUnderSampler__minmax/random_forest,1771575212296_720c096117715768444377163,0.7272727272727273,0.7027658045977012,0.7090740740740741,0.7053571428571428,0.732432079414838,0.7272727272727273,0.7293599257884972,0.7272727272727273,0.7272727272727273,0.7272727272727273,0.7205438470145982
6,infgain,minmax,mixup,SMOTE,random_forest,first,0.35,0.1,42,2026-02-20 16:40:45,20260220-161321,log/pimaindians_diabetes/6/infgain/minmax__mixup__SMOTE/random_forest,1771575212296_720c096117715768452705239,0.7532467532467533,0.769047619047619,0.7929629629629631,0.7505541346973572,0.820964749536178,0.7532467532467533,0.7582954130268709,0.7532467532467533,0.7532467532467533,0.7532467532467532,0.7659236666120113
6,infgain,minmax,mixup,SMOTE,random_forest,first,0.35,0.2,42,2026-02-20 16:40:46,20260220-161321,log/pimaindians_diabetes/6/infgain/minmax__mixup__SMOTE/random_forest,1771575212296_720c096117715768467184741,0.7077922077922078,0.7567350579839429,0.7664814814814813,0.7074838546283398,0.8192731443400489,0.7077922077922078,0.7103207037359247,0.7077922077922078,0.7077922077922078,0.7077922077922078,0.73003653525207
6,infgain,minmax,mixup,SMOTE,random_forest,first,0.5,0.1,42,2026-02-20 16:40:46,20260220-161321,log/pimaindians_diabetes/6/infgain/minmax__mixup__SMOTE/random_forest,1771575212296_720c096117715768460102571,0.7662337662337663,0.7438461538461538,0.7348148148148148,0.7386877828054299,0.7629170829170829,0.7662337662337663,0.7640300875594993,0.7662337662337663,0.7662337662337663,0.7662337662337663,0.7560589922060509
6,infgain,minmax,mixup,SMOTE,random_forest,first,0.5,0.2,42,2026-02-20 16:40:47,20260220-161321,log/pimaindians_diabetes/6/infgain/minmax__mixup__SMOTE/random_forest,1771575212296_720c096117715768474186310,0.7207792207792207,0.7024200518582542,0.7168518518518519,0.7055711173358232,0.7376084589567735,0.7207792207792207,0.7255589104328599,0.7207792207792207,0.7207792207792207,0.7207792207792207,0.7186692287436786
6,infgain,minmax,mixup,SMOTE,random_forest,last,0.35,0.1,42,2026-02-20 16:40:48,20260220-161321,log/pimaindians_diabetes/6/infgain/mixup__SMOTE__minmax/random_forest,1771575212296_720c096117715768482536912,0.7532467532467533,0.7513495276653172,0.7759259259259259,0.747104580812446,0.7949857160383476,0.7532467532467533,0.7588770779782017,0.7532467532467533,0.7532467532467533,0.7532467532467532,0.7594220670802572
6,infgain,minmax,mixup,SMOTE,random_forest,last,0.35,0.2,42,2026-02-20 16:40:49,20260220-161321,log/pimaindians_diabetes/6/infgain/mixup__SMOTE__minmax/random_forest,1771575212296_720c096117715768497044050,0.6623376623376623,0.6727642276422765,0.6888888888888889,0.6576607387140903,0.7207264280435013,0.6623376623376623,0.6696128768632188,0.6623376623376623,0.6623376623376623,0.6623376623376623,0.6722640617291278
6,infgain,minmax,mixup,SMOTE,random_forest,last,0.5,0.1,42,2026-02-20 16:40:48,20260220-161321,log/pimaindians_diabetes/6/infgain/mixup__SMOTE__minmax/random_forest,1771575212296_720c096117715768489915004,0.7662337662337663,0.7438461538461538,0.7348148148148148,0.7386877828054299,0.7629170829170829,0.7662337662337663,0.7640300875594993,0.7662337662337663,0.7662337662337663,0.7662337662337663,0.7560589922060509
6,infgain,minmax,mixup,SMOTE,random_forest,last,0.5,0.2,42,2026-02-20 16:40:50,20260220-161321,log/pimaindians_diabetes/6/infgain/mixup__SMOTE__minmax/random_forest,1771575212296_720c096117715768504000363,0.7402597402597403,0.715561224489796,0.7190740740740741,0.7171717171717171,0.7426119798568779,0.7402597402597403,0.7413091958546504,0.7402597402597403,0.7402597402597403,0.7402597402597403,0.7326007608999259
6,infgain,minmax,mixup,TomekLinks,random_forest,first,0.35,0.1,42,2026-02-20 16:40:51,20260220-161321,log/pimaindians_diabetes/6/infgain/minmax__mixup__TomekLinks/random_forest,1771575212296_720c096117715768513403224,0.7532467532467533,0.7594594594594595,0.7844444444444445,0.74901355292503,0.8070902070902072,0.7532467532467533,0.7587499136649934,0.7532467532467533,0.7532467532467533,0.7532467532467532,0.7625626323866157
6,infgain,minmax,mixup,TomekLinks,random_forest,first,0.35,0.2,42,2026-02-20 16:40:52,20260220-161321,log/pimaindians_diabetes/6/infgain/minmax__mixup__TomekLinks/random_forest,1771575212296_720c096117715768526457561,0.6753246753246753,0.6697635135135135,0.6861111111111111,0.6657986111111112,0.7123990873990873,0.6753246753246753,0.682652417027417,0.6753246753246753,0.6753246753246753,0.6753246753246753,0.6792248955530205
6,infgain,minmax,mixup,TomekLinks,random_forest,first,0.5,0.1,42,2026-02-20 16:40:52,20260220-161321,log/pimaindians_diabetes/6/infgain/minmax__mixup__TomekLinks/random_forest,1771575212296_720c096117715768520058910,0.7272727272727273,0.7015306122448979,0.7048148148148148,0.703030303030303,0.7297243572753777,0.7272727272727273,0.7283746556473828,0.7272727272727273,0.7272727272727273,0.7272727272727273,0.7192268131442527
6,infgain,minmax,mixup,TomekLinks,random_forest,first,0.5,0.2,42,2026-02-20 16:40:53,20260220-161321,log/pimaindians_diabetes/6/infgain/minmax__mixup__TomekLinks/random_forest,1771575212296_720c096117715768532856049,0.7272727272727273,0.6994230769230769,0.692037037037037,0.6951357466063348,0.7231468531468531,0.7272727272727273,0.7247017688194158,0.7272727272727273,0.7272727272727273,0.7272727272727273,0.7153454149336501
6,infgain,minmax,mixup,TomekLinks,random_forest,last,0.35,0.1,42,2026-02-20 16:40:54,20260220-161321,log/pimaindians_diabetes/6/infgain/mixup__TomekLinks__minmax/random_forest,1771575212296_720c096117715768540576099,0.7402597402597403,0.7510162601626016,0.7744444444444445,0.7366621067031465,0.8004962517157639,0.7402597402597403,0.745856059125553,0.7402597402597403,0.7402597402597403,0.7402597402597403,0.7510773166104818
6,infgain,minmax,mixup,TomekLinks,random_forest,last,0.35,0.2,42,2026-02-20 16:40:55,20260220-161321,log/pimaindians_diabetes/6/infgain/mixup__TomekLinks__minmax/random_forest,1771575212296_720c096117715768553682140,0.6948051948051948,0.7235090751944684,0.7394444444444443,0.6932400932400933,0.7785248459405762,0.6948051948051948,0.6997850634214271,0.6948051948051948,0.6948051948051948,0.6948051948051948,0.7110236879792547
6,infgain,minmax,mixup,TomekLinks,random_forest,last,0.5,0.1,42,2026-02-20 16:40:54,20260220-161321,log/pimaindians_diabetes/6/infgain/mixup__TomekLinks__minmax/random_forest,1771575212296_720c096117715768547218480,0.7792207792207793,0.7579185520361991,0.7533333333333333,0.7554642256678498,0.7775166010460127,0.7792207792207793,0.7782309228227405,0.7792207792207793,0.7792207792207793,0.7792207792207793,0.7706194326034547
6,infgain,minmax,mixup,TomekLinks,random_forest,last,0.5,0.2,42,2026-02-20 16:40:56,20260220-161321,log/pimaindians_diabetes/6/infgain/mixup__TomekLinks__minmax/random_forest,1771575212296_720c096117715768560028414,0.6948051948051948,0.6757994814174589,0.6883333333333332,0.678182384064737,0.7122270987439526,0.6948051948051948,0.7000295067521958,0.6948051948051948,0.6948051948051948,0.6948051948051948,0.6922898528940922
6,infgain,minmax,mixup,noImbl,random_forest,first,0.35,0.1,42,2026-02-20 16:40:56,20260220-161321,log/pimaindians_diabetes/6/infgain/minmax__mixup__noImbl/random_forest,1771575212296_720c096117715768567577754,0.7792207792207793,0.785472972972973,0.812962962962963,0.7754331789329216,0.8334064584064586,0.7792207792207793,0.7841446595949941,0.7792207792207793,0.7792207792207793,0.7792207792207793,0.7888092269017385
6,infgain,minmax,mixup,noImbl,random_forest,first,0.35,0.2,42,2026-02-20 16:40:58,20260220-161321,log/pimaindians_diabetes/6/infgain/minmax__mixup__noImbl/random_forest,1771575212296_720c096117715768580753380,0.6818181818181818,0.6946377057525879,0.7124074074074074,0.6778930294105092,0.7437792141678108,0.6818181818181818,0.6885140300430349,0.6818181818181818,0.6818181818181818,0.6818181818181818,0.6927707643780847
6,infgain,minmax,mixup,noImbl,random_forest,first,0.5,0.1,42,2026-02-20 16:40:57,20260220-161321,log/pimaindians_diabetes/6/infgain/minmax__mixup__noImbl/random_forest,1771575212296_720c096117715768574225813,0.7922077922077922,0.7734615384615384,0.7633333333333333,0.7677224736048265,0.7894305694305694,0.7922077922077922,0.7902489667195549,0.7922077922077922,0.7922077922077922,0.7922077922077922,0.7832013770543181
6,infgain,minmax,mixup,noImbl,random_forest,first,0.5,0.2,42,2026-02-20 16:40:58,20260220-161321,log/pimaindians_diabetes/6/infgain/minmax__mixup__noImbl/random_forest,1771575212296_720c096117715768587206533,0.7077922077922078,0.6916280665637331,0.7068518518518518,0.6937287311618863,0.728805591389225,0.7077922077922078,0.7133323652526375,0.7077922077922078,0.7077922077922078,0.7077922077922078,0.7069045985595426
6,infgain,minmax,mixup,noImbl,random_forest,last,0.35,0.1,42,2026-02-20 16:40:59,20260220-161321,log/pimaindians_diabetes/6/infgain/mixup__noImbl__minmax/random_forest,1771575212296_720c096117715768594854841,0.7272727272727273,0.7537878787878789,0.7729629629629631,0.7256066519599524,0.809228650137741,0.7272727272727273,0.7319932739922557,0.7272727272727273,0.7272727272727273,0.7272727272727273,0.7431470289907803
6,infgain,minmax,mixup,noImbl,random_forest,last,0.35,0.2,42,2026-02-20 16:41:00,20260220-161321,log/pimaindians_diabetes/6/infgain/mixup__noImbl__minmax/random_forest,1771575212296_720c096117715768607984028,0.6883116883116883,0.7140151515151515,0.7301851851851852,0.6864076022399457,0.76775875639512,0.6883116883116883,0.6937065988482923,0.6883116883116883,0.6883116883116883,0.6883116883116883,0.7035377147974565
6,infgain,minmax,mixup,noImbl,random_forest,last,0.5,0.1,42,2026-02-20 16:41:00,20260220-161321,log/pimaindians_diabetes/6/infgain/mixup__noImbl__minmax/random_forest,1771575212296_720c096117715768601524179,0.7792207792207793,0.7598270440251573,0.7448148148148148,0.7508090614886731,0.775208282283754,0.7792207792207793,0.7759425040978438,0.7792207792207793,0.7792207792207793,0.7792207792207793,0.7686860606386617
6,infgain,minmax,mixup,noImbl,random_forest,last,0.5,0.2,42,2026-02-20 16:41:01,20260220-161321,log/pimaindians_diabetes/6/infgain/mixup__noImbl__minmax/random_forest,1771575212296_720c096117715768614385505,0.7012987012987013,0.670814479638009,0.6677777777777778,0.6691574817859145,0.6988599635658459,0.7012987012987013,0.6999594838190019,0.7012987012987013,0.7012987012987013,0.7012987012987013,0.689632247458381
6,infgain,minmax,noAug,ADASYN,random_forest,first,0.35,0.1,42,2026-02-20 16:41:02,20260220-161321,log/pimaindians_diabetes/6/infgain/minmax__noAug__ADASYN/random_forest,1771575212296_720c096117715768621277131,0.7272727272727273,0.7664796633941093,0.7814814814814814,0.7265347539320142,0.8265969654468953,0.7272727272727273,0.7307781006411144,0.7272727272727273,0.7272727272727273,0.7272727272727273,0.7469618301273088
6,infgain,minmax,noAug,ADASYN,random_forest,first,0.35,0.2,42,2026-02-20 16:41:03,20260220-161321,log/pimaindians_diabetes/6/infgain/minmax__noAug__ADASYN/random_forest,1771575212296_720c096117715768632961553,0.7077922077922078,0.742979242979243,0.757962962962963,0.7067907763909457,0.8007865150722293,0.7077922077922078,0.7119092035529522,0.7077922077922078,0.7077922077922078,0.7077922077922078,0.7260947522099112
6,infgain,minmax,noAug,ADASYN,random_forest,first,0.5,0.1,42,2026-02-20 16:41:02,20260220-161321,log/pimaindians_diabetes/6/infgain/minmax__noAug__ADASYN/random_forest,1771575212296_720c096117715768627169448,0.7922077922077922,0.7765151515151515,0.7974074074074073,0.7815602836879432,0.8093270365997639,0.7922077922077922,0.7959657363912682,0.7922077922077922,0.7922077922077922,0.7922077922077922,0.7918369794472307
6,infgain,minmax,noAug,ADASYN,random_forest,first,0.5,0.2,42,2026-02-20 16:41:03,20260220-161321,log/pimaindians_diabetes/6/infgain/minmax__noAug__ADASYN/random_forest,1771575212296_720c096117715768638682141,0.7272727272727273,0.7217905405405405,0.7431481481481481,0.7192708333333333,0.7638206388206388,0.7272727272727273,0.7334280303030304,0.7272727272727273,0.7272727272727273,0.7272727272727273,0.7316898532054781
6,infgain,minmax,noAug,ADASYN,random_forest,last,0.35,0.1,42,2026-02-20 16:41:04,20260220-161321,log/pimaindians_diabetes/6/infgain/noAug__ADASYN__minmax/random_forest,1771575212296_720c096117715768645524624,0.7272727272727273,0.7664796633941093,0.7814814814814814,0.7265347539320142,0.8265969654468953,0.7272727272727273,0.7307781006411144,0.7272727272727273,0.7272727272727273,0.7272727272727273,0.7469618301273088
6,infgain,minmax,noAug,ADASYN,random_forest,last,0.35,0.2,42,2026-02-20 16:41:05,20260220-161321,log/pimaindians_diabetes/6/infgain/noAug__ADASYN__minmax/random_forest,1771575212296_720c096117715768657235875,0.6753246753246753,0.7124824684431976,0.7244444444444444,0.6744461356333502,0.7694577512249321,0.6753246753246753,0.6794977388584694,0.6753246753246753,0.6753246753246753,0.6753246753246753,0.6938599177149003
6,infgain,minmax,noAug,ADASYN,random_forest,last,0.5,0.1,42,2026-02-20 16:41:05,20260220-161321,log/pimaindians_diabetes/6/infgain/noAug__ADASYN__minmax/random_forest,1771575212296_720c096117715768651449353,0.7532467532467533,0.7390560875512996,0.758888888888889,0.7421117574475586,0.7753211221063478,0.7532467532467533,0.7581183139089008,0.7532467532467533,0.7532467532467533,0.7532467532467532,0.7536598218568236
6,infgain,minmax,noAug,ADASYN,random_forest,last,0.5,0.2,42,2026-02-20 16:41:06,20260220-161321,log/pimaindians_diabetes/6/infgain/noAug__ADASYN__minmax/random_forest,1771575212296_720c096117715768662913193,0.7597402597402597,0.7423509075194468,0.7596296296296297,0.7466542172424525,0.7756804992760048,0.7597402597402597,0.7638530159538564,0.7597402597402597,0.7597402597402597,0.7597402597402597,0.7582382925180582
6,infgain,minmax,noAug,RandomUnderSampler,random_forest,first,0.35,0.1,42,2026-02-20 16:41:06,20260220-161321,log/pimaindians_diabetes/6/infgain/minmax__noAug__RandomUnderSampler/random_forest,1771575212296_720c096117715768669211341,0.7012987012987013,0.7394810659186536,0.7529629629629631,0.7004904447826822,0.7980273583359138,0.7012987012987013,0.7051379197497919,0.7012987012987013,0.7012987012987013,0.7012987012987013,0.7204108739211045
6,infgain,minmax,noAug,RandomUnderSampler,random_forest,first,0.35,0.2,42,2026-02-20 16:41:07,20260220-161321,log/pimaindians_diabetes/6/infgain/minmax__noAug__RandomUnderSampler/random_forest,1771575212296_720c096117715768679820832,0.6753246753246753,0.7334183673469388,0.7372222222222222,0.6752699055330634,0.7970447919427511,0.6753246753246753,0.6765296107401371,0.6753246753246753,0.6753246753246753,0.6753246753246753,0.6996683357220412
6,infgain,minmax,noAug,RandomUnderSampler,random_forest,first,0.5,0.1,42,2026-02-20 16:41:07,20260220-161321,log/pimaindians_diabetes/6/infgain/minmax__noAug__RandomUnderSampler/random_forest,1771575212296_720c096117715768674479049,0.7662337662337663,0.7608108108108108,0.7859259259259259,0.759375,0.8023868023868024,0.7662337662337663,0.7715097402597403,0.7662337662337663,0.7662337662337663,0.7662337662337663,0.7710385714448212
6,infgain,minmax,noAug,RandomUnderSampler,random_forest,first,0.5,0.2,42,2026-02-20 16:41:08,20260220-161321,log/pimaindians_diabetes/6/infgain/minmax__noAug__RandomUnderSampler/random_forest,1771575212296_720c096117715768685044875,0.7077922077922078,0.6973527914474801,0.7153703703703703,0.6970491803278689,0.7373705541022698,0.7077922077922078,0.7140898445816479,0.7077922077922078,0.7077922077922078,0.7077922077922078,0.7097971084453225
6,infgain,minmax,noAug,RandomUnderSampler,random_forest,last,0.35,0.1,42,2026-02-20 16:41:09,20260220-161321,log/pimaindians_diabetes/6/infgain/noAug__RandomUnderSampler__minmax/random_forest,1771575212296_720c096117715768691308886,0.7142857142857143,0.7465277777777778,0.7629629629629631,0.7130758807588076,0.8035714285714286,0.7142857142857143,0.7186411149825784,0.7142857142857143,0.7142857142857143,0.7142857142857143,0.7317780520067104
6,infgain,minmax,noAug,RandomUnderSampler,random_forest,last,0.35,0.2,42,2026-02-20 16:41:10,20260220-161321,log/pimaindians_diabetes/6/infgain/noAug__RandomUnderSampler__minmax/random_forest,1771575212296_720c096117715768702033112,0.6753246753246753,0.7334183673469388,0.7372222222222222,0.6752699055330634,0.7970447919427511,0.6753246753246753,0.6765296107401371,0.6753246753246753,0.6753246753246753,0.6753246753246753,0.6996683357220412
6,infgain,minmax,noAug,RandomUnderSampler,random_forest,last,0.5,0.1,42,2026-02-20 16:41:09,20260220-161321,log/pimaindians_diabetes/6/infgain/noAug__RandomUnderSampler__minmax/random_forest,1771575212296_720c096117715768696672466,0.7922077922077922,0.7868243243243244,0.8144444444444444,0.7861111111111111,0.8280975780975781,0.7922077922077922,0.7968975468975469,0.7922077922077922,0.7922077922077922,0.7922077922077922,0.7972710502710503
6,infgain,minmax,noAug,RandomUnderSampler,random_forest,last,0.5,0.2,42,2026-02-20 16:41:10,20260220-161321,log/pimaindians_diabetes/6/infgain/noAug__RandomUnderSampler__minmax/random_forest,1771575212296_720c096117715768707283839,0.7077922077922078,0.6973527914474801,0.7153703703703703,0.6970491803278689,0.7373705541022698,0.7077922077922078,0.7140898445816479,0.7077922077922078,0.7077922077922078,0.7077922077922078,0.7097971084453225
6,infgain,minmax,noAug,SMOTE,random_forest,first,0.35,0.1,42,2026-02-20 16:41:11,20260220-161321,log/pimaindians_diabetes/6/infgain/minmax__noAug__SMOTE/random_forest,1771575212296_720c096117715768714113294,0.7532467532467533,0.769047619047619,0.7929629629629631,0.7505541346973572,0.820964749536178,0.7532467532467533,0.7582954130268709,0.7532467532467533,0.7532467532467533,0.7532467532467532,0.7659236666120113
6,infgain,minmax,noAug,SMOTE,random_forest,first,0.35,0.2,42,2026-02-20 16:41:12,20260220-161321,log/pimaindians_diabetes/6/infgain/minmax__noAug__SMOTE/random_forest,1771575212296_720c096117715768725819968,0.7012987012987013,0.7272727272727273,0.7444444444444445,0.6994739521466147,0.7815820543093271,0.7012987012987013,0.7064688238962803,0.7012987012987013,0.7012987012987013,0.7012987012987013,0.7167408195285644
6,infgain,minmax,noAug,SMOTE,random_forest,first,0.5,0.1,42,2026-02-20 16:41:12,20260220-161321,log/pimaindians_diabetes/6/infgain/minmax__noAug__SMOTE/random_forest,1771575212296_720c096117715768720081572,0.7532467532467533,0.7390560875512996,0.758888888888889,0.7421117574475586,0.7753211221063478,0.7532467532467533,0.7581183139089008,0.7532467532467533,0.7532467532467533,0.7532467532467532,0.7536598218568236
6,infgain,minmax,noAug,SMOTE,random_forest,first,0.5,0.2,42,2026-02-20 16:41:13,20260220-161321,log/pimaindians_diabetes/6/infgain/minmax__noAug__SMOTE/random_forest,1771575212296_720c096117715768731512120,0.7532467532467533,0.7390560875512996,0.758888888888889,0.7421117574475586,0.7753211221063478,0.7532467532467533,0.7581183139089008,0.7532467532467533,0.7532467532467533,0.7532467532467532,0.7536598218568236
6,infgain,minmax,noAug,SMOTE,random_forest,last,0.35,0.1,42,2026-02-20 16:41:13,20260220-161321,log/pimaindians_diabetes/6/infgain/noAug__SMOTE__minmax/random_forest,1771575212296_720c096117715768738268703,0.7402597402597403,0.7612859097127223,0.7829629629629631,0.7380952380952381,0.815019453870343,0.7402597402597403,0.7452071737786023,0.7402597402597403,0.7402597402597403,0.7402597402597403,0.754526090539575
6,infgain,minmax,noAug,SMOTE,random_forest,last,0.35,0.2,42,2026-02-20 16:41:14,20260220-161321,log/pimaindians_diabetes/6/infgain/noAug__SMOTE__minmax/random_forest,1771575212296_720c096117715768749910191,0.6818181818181818,0.7046663235546407,0.720925925925926,0.6795345479254258,0.7572170495484958,0.6818181818181818,0.6876150986228703,0.6818181818181818,0.6818181818181818,0.6818181818181818,0.6960806496124231
6,infgain,minmax,noAug,SMOTE,random_forest,last,0.5,0.1,42,2026-02-20 16:41:14,20260220-161321,log/pimaindians_diabetes/6/infgain/noAug__SMOTE__minmax/random_forest,1771575212296_720c096117715768744143063,0.7662337662337663,0.7464936886395512,0.7603703703703704,0.7510775862068966,0.7767618076173475,0.7662337662337663,0.7694245409762651,0.7662337662337663,0.7662337662337663,0.7662337662337663,0.7629314122337074
6,infgain,minmax,noAug,SMOTE,random_forest,last,0.5,0.2,42,2026-02-20 16:41:15,20260220-161321,log/pimaindians_diabetes/6/infgain/noAug__SMOTE__minmax/random_forest,1771575212296_720c096117715768755581746,0.7272727272727273,0.7102272727272727,0.7261111111111112,0.7132978723404255,0.7458677685950413,0.7272727272727273,0.7322050290135397,0.7272727272727273,0.7272727272727273,0.7272727272727273,0.7259551413555281
6,infgain,minmax,noAug,TomekLinks,random_forest,first,0.35,0.1,42,2026-02-20 16:41:16,20260220-161321,log/pimaindians_diabetes/6/infgain/minmax__noAug__TomekLinks/random_forest,1771575212296_720c096117715768762124790,0.7402597402597403,0.7612859097127223,0.7829629629629631,0.7380952380952381,0.815019453870343,0.7402597402597403,0.7452071737786023,0.7402597402597403,0.7402597402597403,0.7402597402597403,0.754526090539575
6,infgain,minmax,noAug,TomekLinks,random_forest,first,0.35,0.2,42,2026-02-20 16:41:17,20260220-161321,log/pimaindians_diabetes/6/infgain/minmax__noAug__TomekLinks/random_forest,1771575212296_720c096117715768774944929,0.7142857142857143,0.7465277777777778,0.7629629629629631,0.7130758807588076,0.8035714285714286,0.7142857142857143,0.7186411149825784,0.7142857142857143,0.7142857142857143,0.7142857142857143,0.7317780520067104
6,infgain,minmax,noAug,TomekLinks,random_forest,first,0.5,0.1,42,2026-02-20 16:41:16,20260220-161321,log/pimaindians_diabetes/6/infgain/minmax__noAug__TomekLinks/random_forest,1771575212296_720c096117715768767729490,0.7922077922077922,0.773492286115007,0.788888888888889,0.7787356321839081,0.8021893954572776,0.7922077922077922,0.7950440364233468,0.7922077922077922,0.7922077922077922,0.7922077922077922,0.7894071242203224
6,infgain,minmax,noAug,TomekLinks,random_forest,first,0.5,0.2,42,2026-02-20 16:41:18,20260220-161321,log/pimaindians_diabetes/6/infgain/minmax__noAug__TomekLinks/random_forest,1771575212296_720c096117715768780318728,0.7467532467532467,0.7312575055755703,0.7496296296296296,0.7345649003403014,0.7668977102842259,0.7467532467532467,0.7515547165522859,0.7467532467532467,0.7467532467532467,0.7467532467532466,0.7463977257841292
6,infgain,minmax,noAug,TomekLinks,random_forest,last,0.35,0.1,42,2026-02-20 16:41:18,20260220-161321,log/pimaindians_diabetes/6/infgain/noAug__TomekLinks__minmax/random_forest,1771575212296_720c096117715768786675807,0.7532467532467533,0.7594594594594595,0.7844444444444445,0.74901355292503,0.8070902070902072,0.7532467532467533,0.7587499136649934,0.7532467532467533,0.7532467532467533,0.7532467532467532,0.7625626323866157
6,infgain,minmax,noAug,TomekLinks,random_forest,last,0.35,0.2,42,2026-02-20 16:41:19,20260220-161321,log/pimaindians_diabetes/6/infgain/noAug__TomekLinks__minmax/random_forest,1771575212296_720c096117715768797575642,0.7272727272727273,0.7598958333333333,0.7772222222222223,0.7261178861788617,0.8176136363636364,0.7272727272727273,0.731430155210643,0.7272727272727273,0.7272727272727273,0.7272727272727273,0.7450144663094357
6,infgain,minmax,noAug,TomekLinks,random_forest,last,0.5,0.1,42,2026-02-20 16:41:19,20260220-161321,log/pimaindians_diabetes/6/infgain/noAug__TomekLinks__minmax/random_forest,1771575212296_720c096117715768792137998,0.7662337662337663,0.7464936886395512,0.7603703703703704,0.7510775862068966,0.7767618076173475,0.7662337662337663,0.7694245409762651,0.7662337662337663,0.7662337662337663,0.7662337662337663,0.7629314122337074
6,infgain,minmax,noAug,TomekLinks,random_forest,last,0.5,0.2,42,2026-02-20 16:41:20,20260220-161321,log/pimaindians_diabetes/6/infgain/noAug__TomekLinks__minmax/random_forest,1771575212296_720c096117715768802992619,0.7532467532467533,0.7390560875512996,0.758888888888889,0.7421117574475586,0.7753211221063478,0.7532467532467533,0.7581183139089008,0.7532467532467533,0.7532467532467533,0.7532467532467532,0.7536598218568236
6,infgain,minmax,noAug,noImbl,random_forest,first,0.35,0.1,42,2026-02-20 16:41:20,20260220-161321,log/pimaindians_diabetes/6/infgain/minmax__noAug__noImbl/random_forest,1771575212296_720c096117715768809414616,0.7272727272727273,0.7428571428571429,0.7644444444444445,0.7242966751918158,0.7940630797773655,0.7272727272727273,0.7328528249244362,0.7272727272727273,0.7272727272727273,0.7272727272727273,0.7396179826344239
6,infgain,minmax,noAug,noImbl,random_forest,first,0.35,0.2,42,2026-02-20 16:41:22,20260220-161321,log/pimaindians_diabetes/6/infgain/minmax__noAug__noImbl/random_forest,1771575212296_720c096117715768820431410,0.6688311688311688,0.6863597612958228,0.7024074074074074,0.665659188625431,0.7367544646317025,0.6688311688311688,0.6753865945896937,0.6688311688311688,0.6688311688311688,0.6688311688311688,0.6812414983482293
6,infgain,minmax,noAug,noImbl,random_forest,first,0.5,0.1,42,2026-02-20 16:41:21,20260220-161321,log/pimaindians_diabetes/6/infgain/minmax__noAug__noImbl/random_forest,1771575212296_720c096117715768814950076,0.8051948051948052,0.7857142857142857,0.7903703703703704,0.7878787878787878,0.8070500927643784,0.8051948051948052,0.8059818968909879,0.8051948051948052,0.8051948051948052,0.8051948051948051,0.7994704996782915
6,infgain,minmax,noAug,noImbl,random_forest,first,0.5,0.2,42,2026-02-20 16:41:22,20260220-161321,log/pimaindians_diabetes/6/infgain/minmax__noAug__noImbl/random_forest,1771575212296_720c096117715768825799732,0.7272727272727273,0.7005555555555556,0.7005555555555556,0.7005555555555556,0.7272727272727273,0.7272727272727273,0.7272727272727273,0.7272727272727273,0.7272727272727273,0.7272727272727273,0.717921717171717
6,infgain,minmax,noAug,noImbl,random_forest,last,0.35,0.1,42,2026-02-20 16:41:23,20260220-161321,log/pimaindians_diabetes/6/infgain/noAug__noImbl__minmax/random_forest,1771575212296_720c096117715768832224232,0.7272727272727273,0.7428571428571429,0.7644444444444445,0.7242966751918158,0.7940630797773655,0.7272727272727273,0.7328528249244362,0.7272727272727273,0.7272727272727273,0.7272727272727273,0.7396179826344239
6,infgain,minmax,noAug,noImbl,random_forest,last,0.35,0.2,42,2026-02-20 16:41:24,20260220-161321,log/pimaindians_diabetes/6/infgain/noAug__noImbl__minmax/random_forest,1771575212296_720c096117715768843291451,0.6688311688311688,0.6863597612958228,0.7024074074074074,0.665659188625431,0.7367544646317025,0.6688311688311688,0.6753865945896937,0.6688311688311688,0.6688311688311688,0.6688311688311688,0.6812414983482293
6,infgain,minmax,noAug,noImbl,random_forest,last,0.5,0.1,42,2026-02-20 16:41:23,20260220-161321,log/pimaindians_diabetes/6/infgain/noAug__noImbl__minmax/random_forest,1771575212296_720c096117715768837733597,0.8051948051948052,0.7857142857142857,0.7903703703703704,0.7878787878787878,0.8070500927643784,0.8051948051948052,0.8059818968909879,0.8051948051948052,0.8051948051948052,0.8051948051948051,0.7994704996782915
6,infgain,minmax,noAug,noImbl,random_forest,last,0.5,0.2,42,2026-02-20 16:41:24,20260220-161321,log/pimaindians_diabetes/6/infgain/noAug__noImbl__minmax/random_forest,1771575212296_720c096117715768848702220,0.7272727272727273,0.7005555555555556,0.7005555555555556,0.7005555555555556,0.7272727272727273,0.7272727272727273,0.7272727272727273,0.7272727272727273,0.7272727272727273,0.7272727272727273,0.717921717171717
7,biMaxInfgain,minmax,gaussian_noise,ADASYN,random_forest,first,0.35,0.1,42,2026-02-20 16:49:03,20260220-161321,log/pimaindians_diabetes/7/biMaxInfgain/minmax__gaussian_noise__ADASYN/random_forest,1771575212296_720c096117715773432054565,0.4155844155844156,0.6142857142857142,0.5414814814814815,0.3733043950081388,0.6868274582560296,0.4155844155844155,0.3246823713454206,0.4155844155844156,0.4155844155844156,0.4155844155844156,0.4551912465891226
7,biMaxInfgain,minmax,gaussian_noise,ADASYN,random_forest,first,0.35,0.2,42,2026-02-20 16:49:05,20260220-161321,log/pimaindians_diabetes/7/biMaxInfgain/minmax__gaussian_noise__ADASYN/random_forest,1771575212296_720c096117715773453864812,0.448051948051948,0.5899224806201551,0.5537037037037037,0.42775956284153,0.652672908486862,0.448051948051948,0.3955716414732808,0.448051948051948,0.448051948051948,0.4480519480519481,0.4823503691490728
7,biMaxInfgain,minmax,gaussian_noise,ADASYN,random_forest,first,0.5,0.1,42,2026-02-20 16:49:04,20260220-161321,log/pimaindians_diabetes/7/biMaxInfgain/minmax__gaussian_noise__ADASYN/random_forest,1771575212296_720c096117715773443406100,0.7272727272727273,0.6998491704374057,0.6962962962962963,0.6979263964132263,0.7250788427259015,0.7272727272727273,0.7260499634869146,0.7272727272727273,0.7272727272727273,0.7272727272727273,0.7166279758400723
7,biMaxInfgain,minmax,gaussian_noise,ADASYN,random_forest,first,0.5,0.2,42,2026-02-20 16:49:06,20260220-161321,log/pimaindians_diabetes/7/biMaxInfgain/minmax__gaussian_noise__ADASYN/random_forest,1771575212296_720c096117715773464335249,0.5974025974025974,0.5546757164404224,0.5537037037037037,0.5540818232766672,0.5939844469256234,0.5974025974025974,0.5955975651473503,0.5974025974025974,0.5974025974025974,0.5974025974025974,0.5816493339316164
7,biMaxInfgain,minmax,gaussian_noise,ADASYN,random_forest,last,0.35,0.1,42,2026-02-20 16:49:07,20260220-161321,log/pimaindians_diabetes/7/biMaxInfgain/gaussian_noise__ADASYN__minmax/random_forest,1771575212296_720c096117715773475795734,0.3506493506493506,0.4212328767123288,0.482962962962963,0.287037037037037,0.4447607187333214,0.3506493506493507,0.2234247234247233,0.3506493506493506,0.3506493506493506,0.3506493506493506,0.3517246601698655
7,biMaxInfgain,minmax,gaussian_noise,ADASYN,random_forest,last,0.35,0.2,42,2026-02-20 16:49:09,20260220-161321,log/pimaindians_diabetes/7/biMaxInfgain/gaussian_noise__ADASYN__minmax/random_forest,1771575212296_720c096117715773497585990,0.3896103896103896,0.6824324324324325,0.53,0.323930506258173,0.7772902772902772,0.3896103896103896,0.2609872847122987,0.3896103896103896,0.3896103896103896,0.3896103896103896,0.4425540954619975
7,biMaxInfgain,minmax,gaussian_noise,ADASYN,random_forest,last,0.5,0.1,42,2026-02-20 16:49:08,20260220-161321,log/pimaindians_diabetes/7/biMaxInfgain/gaussian_noise__ADASYN__minmax/random_forest,1771575212296_720c096117715773486989079,0.4935064935064935,0.483739837398374,0.4822222222222222,0.4761904761904761,0.5286664554957238,0.4935064935064935,0.5046382189239331,0.4935064935064935,0.4935064935064935,0.4935064935064935,0.4939897531813907
7,biMaxInfgain,minmax,gaussian_noise,ADASYN,random_forest,last,0.5,0.2,42,2026-02-20 16:49:10,20260220-161321,log/pimaindians_diabetes/7/biMaxInfgain/gaussian_noise__ADASYN__minmax/random_forest,1771575212296_720c096117715773507770987,0.6298701298701299,0.6156010230179028,0.6255555555555556,0.6142386288727752,0.6566247052180556,0.6298701298701299,0.6374337593849789,0.6298701298701299,0.6298701298701299,0.6298701298701299,0.6294770385658663
7,biMaxInfgain,minmax,gaussian_noise,RandomUnderSampler,random_forest,first,0.35,0.1,42,2026-02-20 16:49:11,20260220-161321,log/pimaindians_diabetes/7/biMaxInfgain/minmax__gaussian_noise__RandomUnderSampler/random_forest,1771575212296_720c096117715773516242204,0.4155844155844156,0.6875,0.55,0.3636363636363636,0.7808441558441559,0.4155844155844156,0.3093270365997638,0.4155844155844156,0.4155844155844156,0.4155844155844156,0.4690126918536009
7,biMaxInfgain,minmax,gaussian_noise,RandomUnderSampler,random_forest,first,0.35,0.2,42,2026-02-20 16:49:13,20260220-161321,log/pimaindians_diabetes/7/biMaxInfgain/minmax__gaussian_noise__RandomUnderSampler/random_forest,1771575212296_720c096117715773532085896,0.4415584415584415,0.6356209150326797,0.5614814814814814,0.4092774308652989,0.711272387742976,0.4415584415584415,0.3680294727573943,0.4415584415584415,0.4415584415584415,0.4415584415584415,0.4840568905924942
7,biMaxInfgain,minmax,gaussian_noise,RandomUnderSampler,random_forest,first,0.5,0.1,42,2026-02-20 16:49:12,20260220-161321,log/pimaindians_diabetes/7/biMaxInfgain/minmax__gaussian_noise__RandomUnderSampler/random_forest,1771575212296_720c096117715773524493684,0.6103896103896104,0.6395833333333334,0.6488888888888888,0.608739837398374,0.6912337662337662,0.6103896103896104,0.6163287931580614,0.6103896103896104,0.6103896103896104,0.6103896103896104,0.6258867375849081
7,biMaxInfgain,minmax,gaussian_noise,RandomUnderSampler,random_forest,first,0.5,0.2,42,2026-02-20 16:49:13,20260220-161321,log/pimaindians_diabetes/7/biMaxInfgain/minmax__gaussian_noise__RandomUnderSampler/random_forest,1771575212296_720c096117715773539660364,0.6688311688311688,0.6688311688311688,0.6853703703703704,0.6612757148402122,0.7134424017540901,0.6688311688311688,0.6763866228221255,0.6688311688311688,0.6688311688311688,0.6688311688311688,0.6749462122773809
7,biMaxInfgain,minmax,gaussian_noise,RandomUnderSampler,random_forest,last,0.35,0.1,42,2026-02-20 16:49:14,20260220-161321,log/pimaindians_diabetes/7/biMaxInfgain/gaussian_noise__RandomUnderSampler__minmax/random_forest,1771575212296_720c096117715773547707937,0.4415584415584415,0.6356209150326797,0.5614814814814814,0.4092774308652989,0.711272387742976,0.4415584415584415,0.3680294727573943,0.4415584415584415,0.4415584415584415,0.4415584415584415,0.4840568905924942
7,biMaxInfgain,minmax,gaussian_noise,RandomUnderSampler,random_forest,last,0.35,0.2,42,2026-02-20 16:49:16,20260220-161321,log/pimaindians_diabetes/7/biMaxInfgain/gaussian_noise__RandomUnderSampler__minmax/random_forest,1771575212296_720c096117715773564752622,0.4155844155844156,0.6449530516431925,0.5457407407407409,0.3686224489795918,0.7261142613255288,0.4155844155844156,0.3171879141266896,0.4155844155844156,0.4155844155844156,0.4155844155844156,0.4607861260706546
7,biMaxInfgain,minmax,gaussian_noise,RandomUnderSampler,random_forest,last,0.5,0.1,42,2026-02-20 16:49:15,20260220-161321,log/pimaindians_diabetes/7/biMaxInfgain/gaussian_noise__RandomUnderSampler__minmax/random_forest,1771575212296_720c096117715773557151160,0.5064935064935064,0.6200564971751412,0.5944444444444444,0.4996580027359781,0.6837625651184974,0.5064935064935064,0.4821894931334056,0.5064935064935064,0.5064935064935064,0.5064935064935064,0.5397008776516182
7,biMaxInfgain,minmax,gaussian_noise,RandomUnderSampler,random_forest,last,0.5,0.2,42,2026-02-20 16:49:17,20260220-161321,log/pimaindians_diabetes/7/biMaxInfgain/gaussian_noise__RandomUnderSampler__minmax/random_forest,1771575212296_720c096117715773572427809,0.551948051948052,0.5256410256410255,0.5272222222222223,0.5244999328768962,0.5688597117168545,0.551948051948052,0.5586246214518465,0.551948051948052,0.551948051948052,0.551948051948052,0.5454201998865424
7,biMaxInfgain,minmax,gaussian_noise,SMOTE,random_forest,first,0.35,0.1,42,2026-02-20 16:49:18,20260220-161321,log/pimaindians_diabetes/7/biMaxInfgain/minmax__gaussian_noise__SMOTE/random_forest,1771575212296_720c096117715773583945371,0.5194805194805194,0.6279491833030852,0.6044444444444445,0.5142369991474851,0.6919178824804958,0.5194805194805194,0.4991618781900112,0.5194805194805194,0.5194805194805194,0.5194805194805194,0.5522331904156347
7,biMaxInfgain,minmax,gaussian_noise,SMOTE,random_forest,first,0.35,0.2,42,2026-02-20 16:49:20,20260220-161321,log/pimaindians_diabetes/7/biMaxInfgain/minmax__gaussian_noise__SMOTE/random_forest,1771575212296_720c096117715773606727953,0.487012987012987,0.6452318460192475,0.5922222222222222,0.4707443337538609,0.7180125211621274,0.487012987012987,0.4430273689420163,0.487012987012987,0.487012987012987,0.487012987012987,0.527417609149936
7,biMaxInfgain,minmax,gaussian_noise,SMOTE,random_forest,first,0.5,0.1,42,2026-02-20 16:49:19,20260220-161321,log/pimaindians_diabetes/7/biMaxInfgain/minmax__gaussian_noise__SMOTE/random_forest,1771575212296_720c096117715773594942544,0.7012987012987013,0.673155737704918,0.6251851851851852,0.62895453593128,0.6875399190972962,0.7012987012987013,0.677893236032771,0.7012987012987013,0.7012987012987013,0.7012987012987013,0.6751347305128279
7,biMaxInfgain,minmax,gaussian_noise,SMOTE,random_forest,first,0.5,0.2,42,2026-02-20 16:49:21,20260220-161321,log/pimaindians_diabetes/7/biMaxInfgain/minmax__gaussian_noise__SMOTE/random_forest,1771575212296_720c096117715773616894089,0.6103896103896104,0.5599838969404187,0.5551851851851851,0.5557692307692308,0.597381684338206,0.6103896103896104,0.6022977022977023,0.6103896103896104,0.6103896103896104,0.6103896103896104,0.589120960762265
7,biMaxInfgain,minmax,gaussian_noise,SMOTE,random_forest,last,0.35,0.1,42,2026-02-20 16:49:22,20260220-161321,log/pimaindians_diabetes/7/biMaxInfgain/gaussian_noise__SMOTE__minmax/random_forest,1771575212296_720c096117715773628080654,0.4805194805194805,0.7014925373134329,0.6,0.4539007092198581,0.7906571040899398,0.4805194805194805,0.4178870774615455,0.4805194805194805,0.4805194805194805,0.4805194805194805,0.5321909243503399
7,biMaxInfgain,minmax,gaussian_noise,SMOTE,random_forest,last,0.35,0.2,42,2026-02-20 16:49:24,20260220-161321,log/pimaindians_diabetes/7/biMaxInfgain/gaussian_noise__SMOTE__minmax/random_forest,1771575212296_720c096117715773648987129,0.3961038961038961,0.5909090909090909,0.5264814814814814,0.3450404719440252,0.6587957497048407,0.396103896103896,0.2904144833078843,0.3961038961038961,0.3961038961038961,0.3961038961038961,0.4313784339388861
7,biMaxInfgain,minmax,gaussian_noise,SMOTE,random_forest,last,0.5,0.1,42,2026-02-20 16:49:23,20260220-161321,log/pimaindians_diabetes/7/biMaxInfgain/gaussian_noise__SMOTE__minmax/random_forest,1771575212296_720c096117715773638932687,0.6363636363636364,0.6059626436781609,0.6092592592592592,0.6071428571428572,0.6427638453500522,0.6363636363636364,0.6391465677179963,0.6363636363636364,0.6363636363636364,0.6363636363636364,0.6272874431033297
7,biMaxInfgain,minmax,gaussian_noise,SMOTE,random_forest,last,0.5,0.2,42,2026-02-20 16:49:25,20260220-161321,log/pimaindians_diabetes/7/biMaxInfgain/gaussian_noise__SMOTE__minmax/random_forest,1771575212296_720c096117715773659203691,0.5714285714285714,0.5657094594594595,0.572037037037037,0.5588541666666667,0.6095559845559845,0.5714285714285714,0.5811011904761905,0.5714285714285714,0.5714285714285714,0.5714285714285714,0.5742949802481052
7,biMaxInfgain,minmax,gaussian_noise,TomekLinks,random_forest,first,0.35,0.1,42,2026-02-20 16:49:26,20260220-161321,log/pimaindians_diabetes/7/biMaxInfgain/minmax__gaussian_noise__TomekLinks/random_forest,1771575212296_720c096117715773668946855,0.5974025974025974,0.7083333333333334,0.6814814814814814,0.5949431528932632,0.781230674087817,0.5974025974025974,0.5855152822741487,0.5974025974025974,0.5974025974025974,0.5974025974025974,0.6331343531264136
7,biMaxInfgain,minmax,gaussian_noise,TomekLinks,random_forest,first,0.35,0.2,42,2026-02-20 16:49:28,20260220-161321,log/pimaindians_diabetes/7/biMaxInfgain/minmax__gaussian_noise__TomekLinks/random_forest,1771575212296_720c096117715773686568347,0.6623376623376623,0.7272222222222222,0.7272222222222222,0.6623376623376623,0.7921067821067821,0.6623376623376623,0.6623376623376623,0.6623376623376623,0.6623376623376623,0.6623376623376623,0.6882914862914861
7,biMaxInfgain,minmax,gaussian_noise,TomekLinks,random_forest,first,0.5,0.1,42,2026-02-20 16:49:27,20260220-161321,log/pimaindians_diabetes/7/biMaxInfgain/minmax__gaussian_noise__TomekLinks/random_forest,1771575212296_720c096117715773678037769,0.6623376623376623,0.6567567567567567,0.6718518518518519,0.6524305555555556,0.6995436995436995,0.6623376623376623,0.6699585137085138,0.6623376623376623,0.6623376623376623,0.6623376623376623,0.6661086561399059
7,biMaxInfgain,minmax,gaussian_noise,TomekLinks,random_forest,first,0.5,0.2,42,2026-02-20 16:49:29,20260220-161321,log/pimaindians_diabetes/7/biMaxInfgain/minmax__gaussian_noise__TomekLinks/random_forest,1771575212296_720c096117715773695296378,0.6428571428571429,0.5914158305462653,0.575925925925926,0.5763940985246312,0.6225513616817965,0.6428571428571429,0.6265137712999679,0.6428571428571429,0.6428571428571429,0.6428571428571429,0.6165683494319457
7,biMaxInfgain,minmax,gaussian_noise,TomekLinks,random_forest,last,0.35,0.1,42,2026-02-20 16:49:30,20260220-161321,log/pimaindians_diabetes/7/biMaxInfgain/gaussian_noise__TomekLinks__minmax/random_forest,1771575212296_720c096117715773704951063,0.5584415584415584,0.6925612052730696,0.6514814814814814,0.5523255813953488,0.7677990559346491,0.5584415584415584,0.5366958622772576,0.5584415584415584,0.5584415584415584,0.5584415584415584,0.5979140141964342
7,biMaxInfgain,minmax,gaussian_noise,TomekLinks,random_forest,last,0.35,0.2,42,2026-02-20 16:49:32,20260220-161321,log/pimaindians_diabetes/7/biMaxInfgain/gaussian_noise__TomekLinks__minmax/random_forest,1771575212296_720c096117715773722960199,0.5194805194805194,0.6101190476190477,0.595925925925926,0.5165450534532496,0.6696815089672232,0.5194805194805194,0.5052924336820485,0.5194805194805194,0.5194805194805194,0.5194805194805194,0.548640479113722
7,biMaxInfgain,minmax,gaussian_noise,TomekLinks,random_forest,last,0.5,0.1,42,2026-02-20 16:49:31,20260220-161321,log/pimaindians_diabetes/7/biMaxInfgain/gaussian_noise__TomekLinks__minmax/random_forest,1771575212296_720c096117715773714193477,0.7272727272727273,0.6992924528301887,0.6877777777777778,0.692175899486008,0.7214837049742711,0.7272727272727273,0.7232230932973366,0.7272727272727273,0.7272727272727273,0.7272727272727273,0.7140743333848163
7,biMaxInfgain,minmax,gaussian_noise,TomekLinks,random_forest,last,0.5,0.2,42,2026-02-20 16:49:33,20260220-161321,log/pimaindians_diabetes/7/biMaxInfgain/gaussian_noise__TomekLinks__minmax/random_forest,1771575212296_720c096117715773731660364,0.6883116883116883,0.6515426497277677,0.6237037037037036,0.6280193236714976,0.6732269545336695,0.6883116883116883,0.6727523684045423,0.6883116883116883,0.6883116883116883,0.6883116883116883,0.6652877599325954
7,biMaxInfgain,minmax,gaussian_noise,noImbl,random_forest,first,0.35,0.1,42,2026-02-20 16:49:34,20260220-161321,log/pimaindians_diabetes/7/biMaxInfgain/minmax__gaussian_noise__noImbl/random_forest,1771575212296_720c096117715773741272593,0.5844155844155844,0.7030701754385964,0.6714814814814813,0.5809523809523809,0.7768284347231715,0.5844155844155844,0.5695732838589982,0.5844155844155844,0.5844155844155844,0.5844155844155844,0.6214830926522655
7,biMaxInfgain,minmax,gaussian_noise,noImbl,random_forest,first,0.35,0.2,42,2026-02-20 16:49:35,20260220-161321,log/pimaindians_diabetes/7/biMaxInfgain/minmax__gaussian_noise__noImbl/random_forest,1771575212296_720c096117715773759203689,0.5909090909090909,0.6757804732551203,0.6637037037037037,0.5900621118012422,0.7408485330537429,0.5909090909090909,0.5844962490925224,0.5909090909090909,0.5909090909090909,0.5909090909090909,0.6205806614989576
7,biMaxInfgain,minmax,gaussian_noise,noImbl,random_forest,first,0.5,0.1,42,2026-02-20 16:49:35,20260220-161321,log/pimaindians_diabetes/7/biMaxInfgain/minmax__gaussian_noise__noImbl/random_forest,1771575212296_720c096117715773750544322,0.6103896103896104,0.5599838969404187,0.5551851851851851,0.5557692307692308,0.597381684338206,0.6103896103896104,0.6022977022977023,0.6103896103896104,0.6103896103896104,0.6103896103896104,0.589120960762265
7,biMaxInfgain,minmax,gaussian_noise,noImbl,random_forest,first,0.5,0.2,42,2026-02-20 16:49:36,20260220-161321,log/pimaindians_diabetes/7/biMaxInfgain/minmax__gaussian_noise__noImbl/random_forest,1771575212296_720c096117715773767857689,0.6298701298701299,0.5716100716100716,0.5574074074074075,0.5554767812832329,0.6051096051096051,0.6298701298701299,0.6097957342196973,0.6298701298701299,0.6298701298701299,0.6298701298701299,0.6001516376861997
7,biMaxInfgain,minmax,gaussian_noise,noImbl,random_forest,last,0.35,0.1,42,2026-02-20 16:49:37,20260220-161321,log/pimaindians_diabetes/7/biMaxInfgain/gaussian_noise__noImbl__minmax/random_forest,1771575212296_720c096117715773777361553,0.5194805194805194,0.7109375,0.63,0.503052503052503,0.7972808441558441,0.5194805194805194,0.4760636189207617,0.5194805194805194,0.5194805194805194,0.5194805194805194,0.5684814605037818
7,biMaxInfgain,minmax,gaussian_noise,noImbl,random_forest,last,0.35,0.2,42,2026-02-20 16:49:39,20260220-161321,log/pimaindians_diabetes/7/biMaxInfgain/gaussian_noise__noImbl__minmax/random_forest,1771575212296_720c096117715773795208242,0.487012987012987,0.5802675585284282,0.5666666666666667,0.4820995274786088,0.6367111149719845,0.487012987012987,0.4670315849065157,0.487012987012987,0.487012987012987,0.487012987012987,0.5155393956796713
7,biMaxInfgain,minmax,gaussian_noise,noImbl,random_forest,last,0.5,0.1,42,2026-02-20 16:49:38,20260220-161321,log/pimaindians_diabetes/7/biMaxInfgain/gaussian_noise__noImbl__minmax/random_forest,1771575212296_720c096117715773786626766,0.6493506493506493,0.6008771929824561,0.5851851851851851,0.5865977331477431,0.6310093415356572,0.6493506493506493,0.6347083022366379,0.6493506493506493,0.6493506493506493,0.6493506493506493,0.6246433370182466
7,biMaxInfgain,minmax,gaussian_noise,noImbl,random_forest,last,0.5,0.2,42,2026-02-20 16:49:40,20260220-161321,log/pimaindians_diabetes/7/biMaxInfgain/gaussian_noise__noImbl__minmax/random_forest,1771575212296_720c096117715773803715491,0.6038961038961039,0.5319327731092437,0.5246296296296296,0.5180339643938228,0.5713412637782386,0.6038961038961039,0.5787979400415909,0.6038961038961039,0.6038961038961039,0.6038961038961039,0.5688735938754648
7,biMaxInfgain,minmax,mixup,ADASYN,random_forest,first,0.35,0.1,42,2026-02-20 16:49:41,20260220-161321,log/pimaindians_diabetes/7/biMaxInfgain/minmax__mixup__ADASYN/random_forest,1771575212296_720c096117715773811882845,0.7012987012987013,0.7166666666666667,0.7359259259259259,0.6980392156862745,0.7671614100185529,0.7012987012987013,0.7074102368220015,0.7012987012987013,0.7012987012987013,0.7012987012987013,0.7133122986568362
7,biMaxInfgain,minmax,mixup,ADASYN,random_forest,first,0.35,0.2,42,2026-02-20 16:49:42,20260220-161321,log/pimaindians_diabetes/7/biMaxInfgain/minmax__mixup__ADASYN/random_forest,1771575212296_720c096117715773826645980,0.6948051948051948,0.7360303190551736,0.7479629629629629,0.6941733215025141,0.7952914351645183,0.6948051948051948,0.6983256317772732,0.6948051948051948,0.6948051948051948,0.6948051948051948,0.7147253926323114
7,biMaxInfgain,minmax,mixup,ADASYN,random_forest,first,0.5,0.1,42,2026-02-20 16:49:41,20260220-161321,log/pimaindians_diabetes/7/biMaxInfgain/minmax__mixup__ADASYN/random_forest,1771575212296_720c096117715773819273113,0.7532467532467533,0.744579945799458,0.7674074074074073,0.7448107448107448,0.7844472600570161,0.7532467532467533,0.7586699015270445,0.7532467532467533,0.7532467532467533,0.7532467532467532,0.7564642595757576
7,biMaxInfgain,minmax,mixup,ADASYN,random_forest,first,0.5,0.2,42,2026-02-20 16:49:43,20260220-161321,log/pimaindians_diabetes/7/biMaxInfgain/minmax__mixup__ADASYN/random_forest,1771575212296_720c096117715773834173788,0.7272727272727273,0.7253711201079622,0.7474074074074074,0.7204840103716508,0.7691080848975587,0.7272727272727273,0.7334957177653806,0.7272727272727273,0.7272727272727273,0.7272727272727273,0.7331947113709383
7,biMaxInfgain,minmax,mixup,ADASYN,random_forest,last,0.35,0.1,42,2026-02-20 16:49:44,20260220-161321,log/pimaindians_diabetes/7/biMaxInfgain/mixup__ADASYN__minmax/random_forest,1771575212296_720c096117715773841944273,0.7012987012987013,0.7394810659186536,0.7529629629629631,0.7004904447826822,0.7980273583359138,0.7012987012987013,0.7051379197497919,0.7012987012987013,0.7012987012987013,0.7012987012987013,0.7204108739211045
7,biMaxInfgain,minmax,mixup,ADASYN,random_forest,last,0.35,0.2,42,2026-02-20 16:49:45,20260220-161321,log/pimaindians_diabetes/7/biMaxInfgain/mixup__ADASYN__minmax/random_forest,1771575212296_720c096117715773856770747,0.6948051948051948,0.7295482295482295,0.7437037037037038,0.6937592553416543,0.7866260723403581,0.6948051948051948,0.6991051681553057,0.6948051948051948,0.6948051948051948,0.6948051948051948,0.7128395420058509
7,biMaxInfgain,minmax,mixup,ADASYN,random_forest,last,0.5,0.1,42,2026-02-20 16:49:44,20260220-161321,log/pimaindians_diabetes/7/biMaxInfgain/mixup__ADASYN__minmax/random_forest,1771575212296_720c096117715773849338502,0.7792207792207793,0.765389876880985,0.7874074074074073,0.7692578882425525,0.8007355161937925,0.7792207792207793,0.7835795440237534,0.7792207792207793,0.7792207792207793,0.7792207792207793,0.779967206576476
7,biMaxInfgain,minmax,mixup,ADASYN,random_forest,last,0.5,0.2,42,2026-02-20 16:49:46,20260220-161321,log/pimaindians_diabetes/7/biMaxInfgain/mixup__ADASYN__minmax/random_forest,1771575212296_720c096117715773863803116,0.7467532467532467,0.7312575055755703,0.7496296296296296,0.7345649003403014,0.7668977102842259,0.7467532467532467,0.7515547165522859,0.7467532467532467,0.7467532467532467,0.7467532467532466,0.7463977257841292
7,biMaxInfgain,minmax,mixup,RandomUnderSampler,random_forest,first,0.35,0.1,42,2026-02-20 16:49:47,20260220-161321,log/pimaindians_diabetes/7/biMaxInfgain/minmax__mixup__RandomUnderSampler/random_forest,1771575212296_720c096117715773870320849,0.7012987012987013,0.77,0.77,0.7012987012987013,0.8387012987012987,0.7012987012987013,0.7012987012987013,0.7012987012987013,0.7012987012987013,0.7012987012987013,0.7287792207792206
7,biMaxInfgain,minmax,mixup,RandomUnderSampler,random_forest,first,0.35,0.2,42,2026-02-20 16:49:48,20260220-161321,log/pimaindians_diabetes/7/biMaxInfgain/minmax__mixup__RandomUnderSampler/random_forest,1771575212296_720c096117715773882460523,0.6818181818181818,0.7292595896520964,0.737962962962963,0.6814824194841923,0.7898791663287649,0.6818181818181819,0.6845714329568958,0.6818181818181818,0.6818181818181818,0.6818181818181818,0.7033455224878181
7,biMaxInfgain,minmax,mixup,RandomUnderSampler,random_forest,first,0.5,0.1,42,2026-02-20 16:49:47,20260220-161321,log/pimaindians_diabetes/7/biMaxInfgain/minmax__mixup__RandomUnderSampler/random_forest,1771575212296_720c096117715773876392022,0.7532467532467533,0.7594594594594595,0.7844444444444445,0.74901355292503,0.8070902070902072,0.7532467532467533,0.7587499136649934,0.7532467532467533,0.7532467532467533,0.7532467532467532,0.7625626323866157
7,biMaxInfgain,minmax,mixup,RandomUnderSampler,random_forest,first,0.5,0.2,42,2026-02-20 16:49:48,20260220-161321,log/pimaindians_diabetes/7/biMaxInfgain/minmax__mixup__RandomUnderSampler/random_forest,1771575212296_720c096117715773888620516,0.7207792207792207,0.710419141354149,0.7296296296296296,0.7105136612021858,0.7501327791502576,0.7207792207792207,0.7267969626002413,0.7207792207792207,0.7207792207792207,0.7207792207792207,0.7229264368954558
7,biMaxInfgain,minmax,mixup,RandomUnderSampler,random_forest,last,0.35,0.1,42,2026-02-20 16:49:49,20260220-161321,log/pimaindians_diabetes/7/biMaxInfgain/mixup__RandomUnderSampler__minmax/random_forest,1771575212296_720c096117715773895162202,0.7142857142857143,0.7755102040816326,0.78,0.7142375168690958,0.8425655976676385,0.7142857142857143,0.7153460574513206,0.7142857142857143,0.7142857142857143,0.7142857142857143,0.7399594020372751
7,biMaxInfgain,minmax,mixup,RandomUnderSampler,random_forest,last,0.35,0.2,42,2026-02-20 16:49:50,20260220-161321,log/pimaindians_diabetes/7/biMaxInfgain/mixup__RandomUnderSampler__minmax/random_forest,1771575212296_720c096117715773907345370,0.6623376623376623,0.6930555555555555,0.705925925925926,0.6609078590785908,0.7474025974025974,0.6623376623376623,0.6674849540703199,0.6623376623376623,0.6623376623376623,0.6623376623376623,0.6788323947958093
7,biMaxInfgain,minmax,mixup,RandomUnderSampler,random_forest,last,0.5,0.1,42,2026-02-20 16:49:50,20260220-161321,log/pimaindians_diabetes/7/biMaxInfgain/mixup__RandomUnderSampler__minmax/random_forest,1771575212296_720c096117715773901352493,0.7922077922077922,0.7765151515151515,0.7974074074074073,0.7815602836879432,0.8093270365997639,0.7922077922077922,0.7959657363912682,0.7922077922077922,0.7922077922077922,0.7922077922077922,0.7918369794472307
7,biMaxInfgain,minmax,mixup,RandomUnderSampler,random_forest,last,0.5,0.2,42,2026-02-20 16:49:51,20260220-161321,log/pimaindians_diabetes/7/biMaxInfgain/mixup__RandomUnderSampler__minmax/random_forest,1771575212296_720c096117715773913265693,0.7272727272727273,0.7079861111111111,0.7218518518518519,0.711507582515611,0.7421085858585859,0.7272727272727273,0.731651934149704,0.7272727272727273,0.7272727272727273,0.7272727272727273,0.724577673291043
7,biMaxInfgain,minmax,mixup,SMOTE,random_forest,first,0.35,0.1,42,2026-02-20 16:49:52,20260220-161321,log/pimaindians_diabetes/7/biMaxInfgain/minmax__mixup__SMOTE/random_forest,1771575212296_720c096117715773921194923,0.7402597402597403,0.7732638888888889,0.7914814814814815,0.7391598915989159,0.831655844155844,0.7402597402597403,0.7442191954387076,0.7402597402597403,0.7402597402597403,0.7402597402597403,0.758250880612161
7,biMaxInfgain,minmax,mixup,SMOTE,random_forest,first,0.35,0.2,42,2026-02-20 16:49:53,20260220-161321,log/pimaindians_diabetes/7/biMaxInfgain/minmax__mixup__SMOTE/random_forest,1771575212296_720c096117715773937496695,0.6948051948051948,0.7178761365585864,0.7351851851851852,0.6926147704590818,0.770939302591387,0.6948051948051948,0.7003655027607123,0.6948051948051948,0.6948051948051948,0.6948051948051948,0.7092691813385628
7,biMaxInfgain,minmax,mixup,SMOTE,random_forest,first,0.5,0.1,42,2026-02-20 16:49:52,20260220-161321,log/pimaindians_diabetes/7/biMaxInfgain/minmax__mixup__SMOTE/random_forest,1771575212296_720c096117715773928575293,0.8051948051948052,0.7881944444444444,0.8074074074074074,0.7939339875111507,0.8182720057720058,0.8051948051948052,0.8083228101069314,0.8051948051948052,0.8051948051948052,0.8051948051948051,0.8038038274830199
7,biMaxInfgain,minmax,mixup,SMOTE,random_forest,first,0.5,0.2,42,2026-02-20 16:49:54,20260220-161321,log/pimaindians_diabetes/7/biMaxInfgain/minmax__mixup__SMOTE/random_forest,1771575212296_720c096117715773944500800,0.7337662337662337,0.723485491260818,0.7438888888888888,0.7239781420765028,0.7628950041982452,0.7337662337662337,0.7395040806188347,0.7337662337662337,0.7337662337662337,0.7337662337662337,0.7360557653455891
7,biMaxInfgain,minmax,mixup,SMOTE,random_forest,last,0.35,0.1,42,2026-02-20 16:49:55,20260220-161321,log/pimaindians_diabetes/7/biMaxInfgain/mixup__SMOTE__minmax/random_forest,1771575212296_720c096117715773952339680,0.7662337662337663,0.7876196990424076,0.8114814814814815,0.7642857142857142,0.8422726384422691,0.7662337662337663,0.7706864564007421,0.7662337662337663,0.7662337662337663,0.7662337662337663,0.7808767139930907
7,biMaxInfgain,minmax,mixup,SMOTE,random_forest,last,0.35,0.2,42,2026-02-20 16:49:56,20260220-161321,log/pimaindians_diabetes/7/biMaxInfgain/mixup__SMOTE__minmax/random_forest,1771575212296_720c096117715773966901526,0.6948051948051948,0.7295482295482295,0.7437037037037038,0.6937592553416543,0.7866260723403581,0.6948051948051948,0.6991051681553057,0.6948051948051948,0.6948051948051948,0.6948051948051948,0.7128395420058509
7,biMaxInfgain,minmax,mixup,SMOTE,random_forest,last,0.5,0.1,42,2026-02-20 16:49:55,20260220-161321,log/pimaindians_diabetes/7/biMaxInfgain/mixup__SMOTE__minmax/random_forest,1771575212296_720c096117715773959798301,0.7922077922077922,0.773492286115007,0.788888888888889,0.7787356321839081,0.8021893954572776,0.7922077922077922,0.7950440364233468,0.7922077922077922,0.7922077922077922,0.7922077922077922,0.7894071242203224
7,biMaxInfgain,minmax,mixup,SMOTE,random_forest,last,0.5,0.2,42,2026-02-20 16:49:57,20260220-161321,log/pimaindians_diabetes/7/biMaxInfgain/mixup__SMOTE__minmax/random_forest,1771575212296_720c096117715773974010893,0.7272727272727273,0.7253711201079622,0.7474074074074074,0.7204840103716508,0.7691080848975587,0.7272727272727273,0.7334957177653806,0.7272727272727273,0.7272727272727273,0.7272727272727273,0.7331947113709383
7,biMaxInfgain,minmax,mixup,TomekLinks,random_forest,first,0.35,0.1,42,2026-02-20 16:49:58,20260220-161321,log/pimaindians_diabetes/7/biMaxInfgain/minmax__mixup__TomekLinks/random_forest,1771575212296_720c096117715773981112637,0.6753246753246753,0.725933908045977,0.732962962962963,0.6751054852320675,0.7871977160770265,0.6753246753246753,0.6776261712970574,0.6753246753246753,0.6753246753246753,0.6753246753246753,0.6976490773178354
7,biMaxInfgain,minmax,mixup,TomekLinks,random_forest,first,0.35,0.2,42,2026-02-20 16:49:59,20260220-161321,log/pimaindians_diabetes/7/biMaxInfgain/minmax__mixup__TomekLinks/random_forest,1771575212296_720c096117715773994344103,0.7077922077922078,0.7310859495625321,0.7494444444444444,0.7056949929927379,0.7846615556342782,0.7077922077922078,0.7131159068985544,0.7077922077922078,0.7077922077922078,0.7077922077922078,0.7224577130647023
7,biMaxInfgain,minmax,mixup,TomekLinks,random_forest,first,0.5,0.1,42,2026-02-20 16:49:58,20260220-161321,log/pimaindians_diabetes/7/biMaxInfgain/minmax__mixup__TomekLinks/random_forest,1771575212296_720c096117715773987813327,0.7272727272727273,0.7334459459459459,0.7559259259259259,0.7225939269171384,0.7807739557739558,0.7272727272727273,0.7333551677349927,0.7272727272727273,0.7272727272727273,0.7272727272727273,0.7363160378714932
7,biMaxInfgain,minmax,mixup,TomekLinks,random_forest,first,0.5,0.2,42,2026-02-20 16:50:00,20260220-161321,log/pimaindians_diabetes/7/biMaxInfgain/minmax__mixup__TomekLinks/random_forest,1771575212296_720c096117715774000879122,0.7142857142857143,0.7054539295392954,0.7246296296296296,0.7045177045177045,0.7460801393728222,0.7142857142857143,0.7205651491365777,0.7142857142857143,0.7142857142857143,0.7142857142857143,0.7170930836166025
7,biMaxInfgain,minmax,mixup,TomekLinks,random_forest,last,0.35,0.1,42,2026-02-20 16:50:00,20260220-161321,log/pimaindians_diabetes/7/biMaxInfgain/mixup__TomekLinks__minmax/random_forest,1771575212296_720c096117715774007850731,0.7272727272727273,0.7428571428571429,0.7644444444444445,0.7242966751918158,0.7940630797773655,0.7272727272727273,0.7328528249244362,0.7272727272727273,0.7272727272727273,0.7272727272727273,0.7396179826344239
7,biMaxInfgain,minmax,mixup,TomekLinks,random_forest,last,0.35,0.2,42,2026-02-20 16:50:02,20260220-161321,log/pimaindians_diabetes/7/biMaxInfgain/mixup__TomekLinks__minmax/random_forest,1771575212296_720c096117715774021009668,0.6948051948051948,0.7178761365585864,0.7351851851851852,0.6926147704590818,0.770939302591387,0.6948051948051948,0.7003655027607123,0.6948051948051948,0.6948051948051948,0.6948051948051948,0.7092691813385628
7,biMaxInfgain,minmax,mixup,TomekLinks,random_forest,last,0.5,0.1,42,2026-02-20 16:50:01,20260220-161321,log/pimaindians_diabetes/7/biMaxInfgain/mixup__TomekLinks__minmax/random_forest,1771575212296_720c096117715774014536502,0.7792207792207793,0.765389876880985,0.7874074074074073,0.7692578882425525,0.8007355161937925,0.7792207792207793,0.7835795440237534,0.7792207792207793,0.7792207792207793,0.7792207792207793,0.779967206576476
7,biMaxInfgain,minmax,mixup,TomekLinks,random_forest,last,0.5,0.2,42,2026-02-20 16:50:02,20260220-161321,log/pimaindians_diabetes/7/biMaxInfgain/mixup__TomekLinks__minmax/random_forest,1771575212296_720c096117715774027578531,0.7272727272727273,0.7184959349593496,0.7388888888888889,0.717948717948718,0.7588691796008868,0.7272727272727273,0.7332667332667333,0.7272727272727273,0.7272727272727273,0.7272727272727273,0.730216808936321
7,biMaxInfgain,minmax,mixup,noImbl,random_forest,first,0.35,0.1,42,2026-02-20 16:50:03,20260220-161321,log/pimaindians_diabetes/7/biMaxInfgain/minmax__mixup__noImbl/random_forest,1771575212296_720c096117715774034602596,0.7272727272727273,0.7537878787878789,0.7729629629629631,0.7256066519599524,0.809228650137741,0.7272727272727273,0.7319932739922557,0.7272727272727273,0.7272727272727273,0.7272727272727273,0.7431470289907803
7,biMaxInfgain,minmax,mixup,noImbl,random_forest,first,0.35,0.2,42,2026-02-20 16:50:04,20260220-161321,log/pimaindians_diabetes/7/biMaxInfgain/minmax__mixup__noImbl/random_forest,1771575212296_720c096117715774047823156,0.7077922077922078,0.7257459505541347,0.7451851851851852,0.7049934017283215,0.7773629609946745,0.7077922077922078,0.7135764069909062,0.7077922077922078,0.7077922077922078,0.7077922077922078,0.7207317640981666
7,biMaxInfgain,minmax,mixup,noImbl,random_forest,first,0.5,0.1,42,2026-02-20 16:50:04,20260220-161321,log/pimaindians_diabetes/7/biMaxInfgain/minmax__mixup__noImbl/random_forest,1771575212296_720c096117715774041346142,0.7792207792207793,0.765389876880985,0.7874074074074073,0.7692578882425525,0.8007355161937925,0.7792207792207793,0.7835795440237534,0.7792207792207793,0.7792207792207793,0.7792207792207793,0.779967206576476
7,biMaxInfgain,minmax,mixup,noImbl,random_forest,first,0.5,0.2,42,2026-02-20 16:50:05,20260220-161321,log/pimaindians_diabetes/7/biMaxInfgain/minmax__mixup__noImbl/random_forest,1771575212296_720c096117715774054358781,0.7272727272727273,0.7127222982216143,0.7303703703703703,0.7149656266525648,0.7499067280189031,0.7272727272727273,0.7326570837940484,0.7272727272727273,0.7272727272727273,0.7272727272727273,0.7273524371371716
7,biMaxInfgain,minmax,mixup,noImbl,random_forest,last,0.35,0.1,42,2026-02-20 16:50:06,20260220-161321,log/pimaindians_diabetes/7/biMaxInfgain/mixup__noImbl__minmax/random_forest,1771575212296_720c096117715774061387884,0.7402597402597403,0.7732638888888889,0.7914814814814815,0.7391598915989159,0.831655844155844,0.7402597402597403,0.7442191954387076,0.7402597402597403,0.7402597402597403,0.7402597402597403,0.758250880612161
7,biMaxInfgain,minmax,mixup,noImbl,random_forest,last,0.35,0.2,42,2026-02-20 16:50:07,20260220-161321,log/pimaindians_diabetes/7/biMaxInfgain/mixup__noImbl__minmax/random_forest,1771575212296_720c096117715774074505298,0.7077922077922078,0.7161339421613394,0.7366666666666667,0.7032755298651252,0.7640989147838463,0.7077922077922078,0.7142106448464829,0.7077922077922078,0.7077922077922078,0.7077922077922078,0.7174297616848094
7,biMaxInfgain,minmax,mixup,noImbl,random_forest,last,0.5,0.1,42,2026-02-20 16:50:06,20260220-161321,log/pimaindians_diabetes/7/biMaxInfgain/mixup__noImbl__minmax/random_forest,1771575212296_720c096117715774068030867,0.7792207792207793,0.765389876880985,0.7874074074074073,0.7692578882425525,0.8007355161937925,0.7792207792207793,0.7835795440237534,0.7792207792207793,0.7792207792207793,0.7792207792207793,0.779967206576476
7,biMaxInfgain,minmax,mixup,noImbl,random_forest,last,0.5,0.2,42,2026-02-20 16:50:08,20260220-161321,log/pimaindians_diabetes/7/biMaxInfgain/mixup__noImbl__minmax/random_forest,1771575212296_720c096117715774080984028,0.7142857142857143,0.6924964936886395,0.7033333333333334,0.6957614942528736,0.7259066319374875,0.7142857142857143,0.7181855500821019,0.7142857142857143,0.7142857142857143,0.7142857142857143,0.7099799882604778
7,biMaxInfgain,minmax,noAug,ADASYN,random_forest,first,0.35,0.1,42,2026-02-20 16:50:08,20260220-161321,log/pimaindians_diabetes/7/biMaxInfgain/minmax__noAug__ADASYN/random_forest,1771575212296_720c096117715774087315408,0.7012987012987013,0.7535919540229885,0.7614814814814814,0.7010970464135021,0.8168943125839677,0.7012987012987013,0.7034160775932927,0.7012987012987013,0.7012987012987013,0.7012987012987013,0.7243932239293434
7,biMaxInfgain,minmax,noAug,ADASYN,random_forest,first,0.35,0.2,42,2026-02-20 16:50:09,20260220-161321,log/pimaindians_diabetes/7/biMaxInfgain/minmax__noAug__ADASYN/random_forest,1771575212296_720c096117715774099061325,0.6818181818181818,0.7444444444444445,0.7464814814814814,0.6818047649167194,0.8099173553719008,0.6818181818181818,0.6824219423839917,0.6818181818181818,0.6818181818181818,0.6818181818181818,0.7074456069521619
7,biMaxInfgain,minmax,noAug,ADASYN,random_forest,first,0.5,0.1,42,2026-02-20 16:50:09,20260220-161321,log/pimaindians_diabetes/7/biMaxInfgain/minmax__noAug__ADASYN/random_forest,1771575212296_720c096117715774093259992,0.7272727272727273,0.7253711201079622,0.7474074074074074,0.7204840103716508,0.7691080848975587,0.7272727272727273,0.7334957177653806,0.7272727272727273,0.7272727272727273,0.7272727272727273,0.7331947113709383
7,biMaxInfgain,minmax,noAug,ADASYN,random_forest,first,0.5,0.2,42,2026-02-20 16:50:10,20260220-161321,log/pimaindians_diabetes/7/biMaxInfgain/minmax__noAug__ADASYN/random_forest,1771575212296_720c096117715774104804086,0.7207792207792207,0.7248101265822785,0.7466666666666667,0.7154887218045113,0.771165543317442,0.7207792207792207,0.7270774338443511,0.7207792207792207,0.7207792207792207,0.7207792207792207,0.7289608453156562
7,biMaxInfgain,minmax,noAug,ADASYN,random_forest,last,0.35,0.1,42,2026-02-20 16:50:11,20260220-161321,log/pimaindians_diabetes/7/biMaxInfgain/noAug__ADASYN__minmax/random_forest,1771575212296_720c096117715774111184100,0.7402597402597403,0.7732638888888889,0.7914814814814815,0.7391598915989159,0.831655844155844,0.7402597402597403,0.7442191954387076,0.7402597402597403,0.7402597402597403,0.7402597402597403,0.758250880612161
7,biMaxInfgain,minmax,noAug,ADASYN,random_forest,last,0.35,0.2,42,2026-02-20 16:50:12,20260220-161321,log/pimaindians_diabetes/7/biMaxInfgain/noAug__ADASYN__minmax/random_forest,1771575212296_720c096117715774122954111,0.6883116883116883,0.7474489795918369,0.7514814814814814,0.688259109311741,0.812218393851047,0.6883116883116883,0.6894684263105315,0.6883116883116883,0.6883116883116883,0.6883116883116883,0.7130986911604527
7,biMaxInfgain,minmax,noAug,ADASYN,random_forest,last,0.5,0.1,42,2026-02-20 16:50:11,20260220-161321,log/pimaindians_diabetes/7/biMaxInfgain/noAug__ADASYN__minmax/random_forest,1771575212296_720c096117715774117118772,0.7922077922077922,0.780952380952381,0.8059259259259259,0.7840112201963534,0.8179344465058752,0.7922077922077922,0.7965792972805595,0.7922077922077922,0.7922077922077922,0.7922077922077922,0.794452969843072
7,biMaxInfgain,minmax,noAug,ADASYN,random_forest,last,0.5,0.2,42,2026-02-20 16:50:12,20260220-161321,log/pimaindians_diabetes/7/biMaxInfgain/noAug__ADASYN__minmax/random_forest,1771575212296_720c096117715774128784082,0.7077922077922078,0.7077922077922078,0.7281481481481482,0.7011256307413637,0.752403440715129,0.7077922077922078,0.7144587848430519,0.7077922077922078,0.7077922077922078,0.7077922077922078,0.7142889251200938
7,biMaxInfgain,minmax,noAug,RandomUnderSampler,random_forest,first,0.35,0.1,42,2026-02-20 16:50:13,20260220-161321,log/pimaindians_diabetes/7/biMaxInfgain/minmax__noAug__RandomUnderSampler/random_forest,1771575212296_720c096117715774134500926,0.6623376623376623,0.7547169811320755,0.74,0.6618243243243244,0.8279833374172997,0.6623376623376623,0.657888732888733,0.6623376623376623,0.6623376623376623,0.6623376623376623,0.6951620553719609
7,biMaxInfgain,minmax,noAug,RandomUnderSampler,random_forest,first,0.35,0.2,42,2026-02-20 16:50:14,20260220-161321,log/pimaindians_diabetes/7/biMaxInfgain/minmax__noAug__RandomUnderSampler/random_forest,1771575212296_720c096117715774145107430,0.6623376623376623,0.7272222222222222,0.7272222222222222,0.6623376623376623,0.7921067821067821,0.6623376623376623,0.6623376623376623,0.6623376623376623,0.6623376623376623,0.6623376623376623,0.6882914862914861
7,biMaxInfgain,minmax,noAug,RandomUnderSampler,random_forest,first,0.5,0.1,42,2026-02-20 16:50:13,20260220-161321,log/pimaindians_diabetes/7/biMaxInfgain/minmax__noAug__RandomUnderSampler/random_forest,1771575212296_720c096117715774139804553,0.7272727272727273,0.7334459459459459,0.7559259259259259,0.7225939269171384,0.7807739557739558,0.7272727272727273,0.7333551677349927,0.7272727272727273,0.7272727272727273,0.7272727272727273,0.7363160378714932
7,biMaxInfgain,minmax,noAug,RandomUnderSampler,random_forest,first,0.5,0.2,42,2026-02-20 16:50:15,20260220-161321,log/pimaindians_diabetes/7/biMaxInfgain/minmax__noAug__RandomUnderSampler/random_forest,1771575212296_720c096117715774150432854,0.6883116883116883,0.6902834008097165,0.7088888888888889,0.6818181818181819,0.7356327882643672,0.6883116883116883,0.6953955135773318,0.6883116883116883,0.6883116883116883,0.6883116883116883,0.6953872374302995
7,biMaxInfgain,minmax,noAug,RandomUnderSampler,random_forest,last,0.35,0.1,42,2026-02-20 16:50:15,20260220-161321,log/pimaindians_diabetes/7/biMaxInfgain/noAug__RandomUnderSampler__minmax/random_forest,1771575212296_720c096117715774156132132,0.7012987012987013,0.7535919540229885,0.7614814814814814,0.7010970464135021,0.8168943125839677,0.7012987012987013,0.7034160775932927,0.7012987012987013,0.7012987012987013,0.7012987012987013,0.7243932239293434
7,biMaxInfgain,minmax,noAug,RandomUnderSampler,random_forest,last,0.35,0.2,42,2026-02-20 16:50:16,20260220-161321,log/pimaindians_diabetes/7/biMaxInfgain/noAug__RandomUnderSampler__minmax/random_forest,1771575212296_720c096117715774166931808,0.6688311688311688,0.7303030303030302,0.7322222222222222,0.6688172043010753,0.79456906729634,0.6688311688311688,0.6694595726853793,0.6688311688311688,0.6688311688311688,0.6688311688311688,0.6939834160625947
7,biMaxInfgain,minmax,noAug,RandomUnderSampler,random_forest,last,0.5,0.1,42,2026-02-20 16:50:16,20260220-161321,log/pimaindians_diabetes/7/biMaxInfgain/noAug__RandomUnderSampler__minmax/random_forest,1771575212296_720c096117715774161461699,0.7792207792207793,0.7706639566395664,0.7959259259259259,0.7716727716727716,0.8100253405131456,0.7792207792207793,0.7840730697873554,0.7792207792207793,0.7792207792207793,0.7792207792207793,0.7827117102151944
7,biMaxInfgain,minmax,noAug,RandomUnderSampler,random_forest,last,0.5,0.2,42,2026-02-20 16:50:17,20260220-161321,log/pimaindians_diabetes/7/biMaxInfgain/noAug__RandomUnderSampler__minmax/random_forest,1771575212296_720c096117715774174095258,0.7012987012987013,0.6993927125506073,0.7188888888888889,0.6938634399308556,0.7432304537567695,0.7012987012987013,0.7081143575525599,0.7012987012987013,0.7012987012987013,0.7012987012987013,0.7069673556616192
7,biMaxInfgain,minmax,noAug,SMOTE,random_forest,first,0.35,0.1,42,2026-02-20 16:50:18,20260220-161321,log/pimaindians_diabetes/7/biMaxInfgain/minmax__noAug__SMOTE/random_forest,1771575212296_720c096117715774180222939,0.6753246753246753,0.7414814814814814,0.7414814814814814,0.6753246753246753,0.8076382876382875,0.6753246753246753,0.6753246753246753,0.6753246753246753,0.6753246753246753,0.6753246753246753,0.7017873977873976
7,biMaxInfgain,minmax,noAug,SMOTE,random_forest,first,0.35,0.2,42,2026-02-20 16:50:19,20260220-161321,log/pimaindians_diabetes/7/biMaxInfgain/minmax__noAug__SMOTE/random_forest,1771575212296_720c096117715774191814778,0.7012987012987013,0.7331597222222221,0.7487037037037036,0.7000338753387534,0.7895292207792208,0.7012987012987013,0.7058520747545138,0.7012987012987013,0.7012987012987013,0.7012987012987013,0.718541637703985
7,biMaxInfgain,minmax,noAug,SMOTE,random_forest,first,0.5,0.1,42,2026-02-20 16:50:18,20260220-161321,log/pimaindians_diabetes/7/biMaxInfgain/minmax__noAug__SMOTE/random_forest,1771575212296_720c096117715774186049104,0.7922077922077922,0.7765151515151515,0.7974074074074073,0.7815602836879432,0.8093270365997639,0.7922077922077922,0.7959657363912682,0.7922077922077922,0.7922077922077922,0.7922077922077922,0.7918369794472307
7,biMaxInfgain,minmax,noAug,SMOTE,random_forest,first,0.5,0.2,42,2026-02-20 16:50:19,20260220-161321,log/pimaindians_diabetes/7/biMaxInfgain/minmax__noAug__SMOTE/random_forest,1771575212296_720c096117715774197495176,0.7272727272727273,0.7253711201079622,0.7474074074074074,0.7204840103716508,0.7691080848975587,0.7272727272727273,0.7334957177653806,0.7272727272727273,0.7272727272727273,0.7272727272727273,0.7331947113709383
7,biMaxInfgain,minmax,noAug,SMOTE,random_forest,last,0.35,0.1,42,2026-02-20 16:50:20,20260220-161321,log/pimaindians_diabetes/7/biMaxInfgain/noAug__SMOTE__minmax/random_forest,1771575212296_720c096117715774203741174,0.7532467532467533,0.7803030303030303,0.8014814814814815,0.7517393517732904,0.836875245966155,0.7532467532467533,0.7575177240882315,0.7532467532467533,0.7532467532467533,0.7532467532467532,0.769553238452996
7,biMaxInfgain,minmax,noAug,SMOTE,random_forest,last,0.35,0.2,42,2026-02-20 16:50:21,20260220-161321,log/pimaindians_diabetes/7/biMaxInfgain/noAug__SMOTE__minmax/random_forest,1771575212296_720c096117715774215411186,0.6883116883116883,0.7259817671809257,0.7387037037037036,0.6874682902080163,0.783742554780423,0.6883116883116883,0.6923178293041307,0.6883116883116883,0.6883116883116883,0.6883116883116883,0.7071353958180024
7,biMaxInfgain,minmax,noAug,SMOTE,random_forest,last,0.5,0.1,42,2026-02-20 16:50:20,20260220-161321,log/pimaindians_diabetes/7/biMaxInfgain/noAug__SMOTE__minmax/random_forest,1771575212296_720c096117715774209652579,0.8051948051948052,0.7917236662106703,0.8159259259259259,0.7964040190375463,0.8261499102812372,0.8051948051948052,0.809040774138606,0.8051948051948052,0.8051948051948052,0.8051948051948051,0.806274591296128
7,biMaxInfgain,minmax,noAug,SMOTE,random_forest,last,0.5,0.2,42,2026-02-20 16:50:22,20260220-161321,log/pimaindians_diabetes/7/biMaxInfgain/noAug__SMOTE__minmax/random_forest,1771575212296_720c096117715774221141159,0.7012987012987013,0.7032726045883941,0.7231481481481481,0.6950757575757576,0.7486723802513277,0.7012987012987013,0.7080873671782761,0.7012987012987013,0.7012987012987013,0.7012987012987013,0.7085032625313723
7,biMaxInfgain,minmax,noAug,TomekLinks,random_forest,first,0.35,0.1,42,2026-02-20 16:50:22,20260220-161321,log/pimaindians_diabetes/7/biMaxInfgain/minmax__noAug__TomekLinks/random_forest,1771575212296_720c096117715774227058704,0.7142857142857143,0.7349521203830369,0.7544444444444445,0.7119047619047619,0.7877662692984169,0.7142857142857143,0.7197278911564625,0.7142857142857143,0.7142857142857143,0.7142857142857143,0.728175467086059
7,biMaxInfgain,minmax,noAug,TomekLinks,random_forest,first,0.35,0.2,42,2026-02-20 16:50:23,20260220-161321,log/pimaindians_diabetes/7/biMaxInfgain/minmax__noAug__TomekLinks/random_forest,1771575212296_720c096117715774238160688,0.7207792207792207,0.7442957625664779,0.7637037037037038,0.718775215526394,0.7983838086771694,0.7207792207792207,0.7258663110363963,0.7207792207792207,0.7207792207792207,0.7207792207792207,0.7356462447908417
7,biMaxInfgain,minmax,noAug,TomekLinks,random_forest,first,0.5,0.1,42,2026-02-20 16:50:23,20260220-161321,log/pimaindians_diabetes/7/biMaxInfgain/minmax__noAug__TomekLinks/random_forest,1771575212296_720c096117715774232620329,0.7792207792207793,0.7773279352226721,0.8044444444444444,0.7737251512532412,0.8208633471791368,0.7792207792207793,0.7842584381910224,0.7792207792207793,0.7792207792207793,0.7792207792207793,0.7856494227895764
7,biMaxInfgain,minmax,noAug,TomekLinks,random_forest,first,0.5,0.2,42,2026-02-20 16:50:24,20260220-161321,log/pimaindians_diabetes/7/biMaxInfgain/minmax__noAug__TomekLinks/random_forest,1771575212296_720c096117715774243616850,0.7337662337662337,0.7206308610400682,0.7396296296296296,0.7225225225225225,0.7583950576277941,0.7337662337662337,0.7392067392067392,0.7337662337662337,0.7337662337662337,0.7337662337662337,0.7346314375956317
7,biMaxInfgain,minmax,noAug,TomekLinks,random_forest,last,0.35,0.1,42,2026-02-20 16:50:24,20260220-161321,log/pimaindians_diabetes/7/biMaxInfgain/noAug__TomekLinks__minmax/random_forest,1771575212296_720c096117715774249597305,0.7402597402597403,0.7732638888888889,0.7914814814814815,0.7391598915989159,0.831655844155844,0.7402597402597403,0.7442191954387076,0.7402597402597403,0.7402597402597403,0.7402597402597403,0.758250880612161
7,biMaxInfgain,minmax,noAug,TomekLinks,random_forest,last,0.35,0.2,42,2026-02-20 16:50:26,20260220-161321,log/pimaindians_diabetes/7/biMaxInfgain/noAug__TomekLinks__minmax/random_forest,1771575212296_720c096117715774260711199,0.7077922077922078,0.7310859495625321,0.7494444444444444,0.7056949929927379,0.7846615556342782,0.7077922077922078,0.7131159068985544,0.7077922077922078,0.7077922077922078,0.7077922077922078,0.7224577130647023
7,biMaxInfgain,minmax,noAug,TomekLinks,random_forest,last,0.5,0.1,42,2026-02-20 16:50:25,20260220-161321,log/pimaindians_diabetes/7/biMaxInfgain/noAug__TomekLinks__minmax/random_forest,1771575212296_720c096117715774255183085,0.7272727272727273,0.7334459459459459,0.7559259259259259,0.7225939269171384,0.7807739557739558,0.7272727272727273,0.7333551677349927,0.7272727272727273,0.7272727272727273,0.7272727272727273,0.7363160378714932
7,biMaxInfgain,minmax,noAug,TomekLinks,random_forest,last,0.5,0.2,42,2026-02-20 16:50:26,20260220-161321,log/pimaindians_diabetes/7/biMaxInfgain/noAug__TomekLinks__minmax/random_forest,1771575212296_720c096117715774266217515,0.6883116883116883,0.679369918699187,0.6961111111111111,0.6776556776556777,0.7205020589166931,0.6883116883116883,0.6951619808762667,0.6883116883116883,0.6883116883116883,0.6883116883116883,0.6908456329771661
7,biMaxInfgain,minmax,noAug,noImbl,random_forest,first,0.35,0.1,42,2026-02-20 16:50:27,20260220-161321,log/pimaindians_diabetes/7/biMaxInfgain/minmax__noAug__noImbl/random_forest,1771575212296_720c096117715774272126895,0.7402597402597403,0.7612859097127223,0.7829629629629631,0.7380952380952381,0.815019453870343,0.7402597402597403,0.7452071737786023,0.7402597402597403,0.7402597402597403,0.7402597402597403,0.754526090539575
7,biMaxInfgain,minmax,noAug,noImbl,random_forest,first,0.35,0.2,42,2026-02-20 16:50:28,20260220-161321,log/pimaindians_diabetes/7/biMaxInfgain/minmax__noAug__noImbl/random_forest,1771575212296_720c096117715774283180089,0.7142857142857143,0.7349521203830369,0.7544444444444445,0.7119047619047619,0.7877662692984169,0.7142857142857143,0.7197278911564625,0.7142857142857143,0.7142857142857143,0.7142857142857143,0.728175467086059
7,biMaxInfgain,minmax,noAug,noImbl,random_forest,first,0.5,0.1,42,2026-02-20 16:50:27,20260220-161321,log/pimaindians_diabetes/7/biMaxInfgain/minmax__noAug__noImbl/random_forest,1771575212296_720c096117715774277658259,0.7662337662337663,0.7547619047619047,0.7774074074074073,0.7570126227208976,0.7924551638837353,0.7662337662337663,0.7711517094406296,0.7662337662337663,0.7662337662337663,0.7662337662337663,0.7681806039230401
7,biMaxInfgain,minmax,noAug,noImbl,random_forest,first,0.5,0.2,42,2026-02-20 16:50:28,20260220-161321,log/pimaindians_diabetes/7/biMaxInfgain/minmax__noAug__noImbl/random_forest,1771575212296_720c096117715774288720767,0.7337662337662337,0.7136752136752136,0.7268518518518519,0.7174564818543876,0.7466818895390324,0.7337662337662337,0.737733470717764,0.7337662337662337,0.7337662337662337,0.7337662337662337,0.7305058818989258
7,biMaxInfgain,minmax,noAug,noImbl,random_forest,last,0.35,0.1,42,2026-02-20 16:50:29,20260220-161321,log/pimaindians_diabetes/7/biMaxInfgain/noAug__noImbl__minmax/random_forest,1771575212296_720c096117715774294760743,0.7402597402597403,0.7612859097127223,0.7829629629629631,0.7380952380952381,0.815019453870343,0.7402597402597403,0.7452071737786023,0.7402597402597403,0.7402597402597403,0.7402597402597403,0.754526090539575
7,biMaxInfgain,minmax,noAug,noImbl,random_forest,last,0.35,0.2,42,2026-02-20 16:50:30,20260220-161321,log/pimaindians_diabetes/7/biMaxInfgain/noAug__noImbl__minmax/random_forest,1771575212296_720c096117715774305703737,0.7142857142857143,0.7349521203830369,0.7544444444444445,0.7119047619047619,0.7877662692984169,0.7142857142857143,0.7197278911564625,0.7142857142857143,0.7142857142857143,0.7142857142857143,0.728175467086059
7,biMaxInfgain,minmax,noAug,noImbl,random_forest,last,0.5,0.1,42,2026-02-20 16:50:30,20260220-161321,log/pimaindians_diabetes/7/biMaxInfgain/noAug__noImbl__minmax/random_forest,1771575212296_720c096117715774300239089,0.7662337662337663,0.7547619047619047,0.7774074074074073,0.7570126227208976,0.7924551638837353,0.7662337662337663,0.7711517094406296,0.7662337662337663,0.7662337662337663,0.7662337662337663,0.7681806039230401
7,biMaxInfgain,minmax,noAug,noImbl,random_forest,last,0.5,0.2,42,2026-02-20 16:50:31,20260220-161321,log/pimaindians_diabetes/7/biMaxInfgain/noAug__noImbl__minmax/random_forest,1771575212296_720c096117715774311171166,0.7337662337662337,0.7136752136752136,0.7268518518518519,0.7174564818543876,0.7466818895390324,0.7337662337662337,0.737733470717764,0.7337662337662337,0.7337662337662337,0.7337662337662337,0.7305058818989258
7,biMeanInfgain,minmax,gaussian_noise,ADASYN,random_forest,first,0.35,0.1,42,2026-02-20 16:52:01,20260220-161321,log/pimaindians_diabetes/7/biMeanInfgain/minmax__gaussian_noise__ADASYN/random_forest,1771575212296_720c096117715775219201152,0.4285714285714285,0.5004385964912281,0.5003703703703704,0.4238095238095237,0.5451127819548872,0.4285714285714285,0.4081632653061224,0.4285714285714285,0.4285714285714285,0.4285714285714285,0.4508166646775667
7,biMeanInfgain,minmax,gaussian_noise,ADASYN,random_forest,first,0.35,0.2,42,2026-02-20 16:52:04,20260220-161321,log/pimaindians_diabetes/7/biMeanInfgain/minmax__gaussian_noise__ADASYN/random_forest,1771575212296_720c096117715775240959351,0.525974025974026,0.6652892561983471,0.6222222222222222,0.5169924812030074,0.7381131265428786,0.525974025974026,0.4973186212283956,0.525974025974026,0.525974025974026,0.525974025974026,0.5650987362506654
7,biMeanInfgain,minmax,gaussian_noise,ADASYN,random_forest,first,0.5,0.1,42,2026-02-20 16:52:03,20260220-161321,log/pimaindians_diabetes/7/biMeanInfgain/minmax__gaussian_noise__ADASYN/random_forest,1771575212296_720c096117715775230477716,0.7662337662337663,0.7547619047619047,0.7774074074074073,0.7570126227208976,0.7924551638837353,0.7662337662337663,0.7711517094406296,0.7662337662337663,0.7662337662337663,0.7662337662337663,0.7681806039230401
7,biMeanInfgain,minmax,gaussian_noise,ADASYN,random_forest,first,0.5,0.2,42,2026-02-20 16:52:05,20260220-161321,log/pimaindians_diabetes/7/biMeanInfgain/minmax__gaussian_noise__ADASYN/random_forest,1771575212296_720c096117715775251381618,0.7532467532467533,0.7295918367346939,0.7333333333333334,0.7313131313131314,0.755499602438378,0.7532467532467533,0.7542437360619179,0.7532467532467533,0.7532467532467533,0.7532467532467532,0.7459747086555988
7,biMeanInfgain,minmax,gaussian_noise,ADASYN,random_forest,last,0.35,0.1,42,2026-02-20 16:52:06,20260220-161321,log/pimaindians_diabetes/7/biMeanInfgain/gaussian_noise__ADASYN__minmax/random_forest,1771575212296_720c096117715775262738473,0.4025974025974026,0.5997652582159625,0.5314814814814814,0.3545918367346938,0.6695323455886837,0.4025974025974025,0.3020143122183938,0.4025974025974026,0.4025974025974026,0.4025974025974025,0.4396077919105369
7,biMeanInfgain,minmax,gaussian_noise,ADASYN,random_forest,last,0.35,0.2,42,2026-02-20 16:52:08,20260220-161321,log/pimaindians_diabetes/7/biMeanInfgain/gaussian_noise__ADASYN__minmax/random_forest,1771575212296_720c096117715775284113290,0.3961038961038961,0.5909090909090909,0.5264814814814814,0.3450404719440252,0.6587957497048407,0.396103896103896,0.2904144833078843,0.3961038961038961,0.3961038961038961,0.3961038961038961,0.4313784339388861
7,biMeanInfgain,minmax,gaussian_noise,ADASYN,random_forest,last,0.5,0.1,42,2026-02-20 16:52:07,20260220-161321,log/pimaindians_diabetes/7/biMeanInfgain/gaussian_noise__ADASYN__minmax/random_forest,1771575212296_720c096117715775273820485,0.6363636363636364,0.6007407407407407,0.6007407407407407,0.6007407407407407,0.6363636363636364,0.6363636363636364,0.6363636363636364,0.6363636363636364,0.6363636363636364,0.6363636363636364,0.6238956228956227
7,biMeanInfgain,minmax,gaussian_noise,ADASYN,random_forest,last,0.5,0.2,42,2026-02-20 16:52:09,20260220-161321,log/pimaindians_diabetes/7/biMeanInfgain/gaussian_noise__ADASYN__minmax/random_forest,1771575212296_720c096117715775294646139,0.6753246753246753,0.6663279132791329,0.6818518518518519,0.6642246642246642,0.7077130186886286,0.6753246753246753,0.682460396746111,0.6753246753246753,0.6753246753246753,0.6753246753246753,0.6777219076574477
7,biMeanInfgain,minmax,gaussian_noise,RandomUnderSampler,random_forest,first,0.35,0.1,42,2026-02-20 16:52:10,20260220-161321,log/pimaindians_diabetes/7/biMeanInfgain/minmax__gaussian_noise__RandomUnderSampler/random_forest,1771575212296_720c096117715775302800205,0.4935064935064935,0.7045454545454546,0.61,0.4706504494976203,0.7927981109799291,0.4935064935064935,0.437794886234865,0.4935064935064935,0.4935064935064935,0.4935064935064935,0.5444037543150085
7,biMeanInfgain,minmax,gaussian_noise,RandomUnderSampler,random_forest,first,0.35,0.2,42,2026-02-20 16:52:11,20260220-161321,log/pimaindians_diabetes/7/biMeanInfgain/minmax__gaussian_noise__RandomUnderSampler/random_forest,1771575212296_720c096117715775318175137,0.435064935064935,0.6573141486810551,0.5607407407407408,0.3963505293985131,0.7397614376031643,0.4350649350649351,0.3506873842535027,0.435064935064935,0.435064935064935,0.435064935064935,0.4818632937762723
7,biMeanInfgain,minmax,gaussian_noise,RandomUnderSampler,random_forest,first,0.5,0.1,42,2026-02-20 16:52:11,20260220-161321,log/pimaindians_diabetes/7/biMeanInfgain/minmax__gaussian_noise__RandomUnderSampler/random_forest,1771575212296_720c096117715775310575506,0.5844155844155844,0.6234042553191489,0.6288888888888888,0.5837837837837838,0.6761536336004421,0.5844155844155844,0.5886275886275886,0.5844155844155844,0.5844155844155844,0.5844155844155844,0.6024726174087875
7,biMeanInfgain,minmax,gaussian_noise,RandomUnderSampler,random_forest,first,0.5,0.2,42,2026-02-20 16:52:12,20260220-161321,log/pimaindians_diabetes/7/biMeanInfgain/minmax__gaussian_noise__RandomUnderSampler/random_forest,1771575212296_720c096117715775327648655,0.6558441558441559,0.6450873918208043,0.6583333333333333,0.6431912568306011,0.6863216539103184,0.6558441558441559,0.6632613725072741,0.6558441558441559,0.6558441558441559,0.6558441558441559,0.6572797946447893
7,biMeanInfgain,minmax,gaussian_noise,RandomUnderSampler,random_forest,last,0.35,0.1,42,2026-02-20 16:52:13,20260220-161321,log/pimaindians_diabetes/7/biMeanInfgain/gaussian_noise__RandomUnderSampler__minmax/random_forest,1771575212296_720c096117715775335848033,0.4155844155844156,0.6875,0.55,0.3636363636363636,0.7808441558441559,0.4155844155844156,0.3093270365997638,0.4155844155844156,0.4155844155844156,0.4155844155844156,0.4690126918536009
7,biMeanInfgain,minmax,gaussian_noise,RandomUnderSampler,random_forest,last,0.35,0.2,42,2026-02-20 16:52:15,20260220-161321,log/pimaindians_diabetes/7/biMeanInfgain/gaussian_noise__RandomUnderSampler__minmax/random_forest,1771575212296_720c096117715775351307099,0.435064935064935,0.6573141486810551,0.5607407407407408,0.3963505293985131,0.7397614376031643,0.4350649350649351,0.3506873842535027,0.435064935064935,0.435064935064935,0.435064935064935,0.4818632937762723
7,biMeanInfgain,minmax,gaussian_noise,RandomUnderSampler,random_forest,last,0.5,0.1,42,2026-02-20 16:52:14,20260220-161321,log/pimaindians_diabetes/7/biMeanInfgain/gaussian_noise__RandomUnderSampler__minmax/random_forest,1771575212296_720c096117715775343861626,0.6623376623376623,0.6930555555555555,0.705925925925926,0.6609078590785908,0.7474025974025974,0.6623376623376623,0.6674849540703199,0.6623376623376623,0.6623376623376623,0.6623376623376623,0.6788323947958093
7,biMeanInfgain,minmax,gaussian_noise,RandomUnderSampler,random_forest,last,0.5,0.2,42,2026-02-20 16:52:15,20260220-161321,log/pimaindians_diabetes/7/biMeanInfgain/gaussian_noise__RandomUnderSampler__minmax/random_forest,1771575212296_720c096117715775358777732,0.6298701298701299,0.6123691885400583,0.6212962962962962,0.612056392805056,0.6526213535992228,0.6298701298701299,0.6368876626533408,0.6298701298701299,0.6298701298701299,0.6298701298701299,0.6279183441103691
7,biMeanInfgain,minmax,gaussian_noise,SMOTE,random_forest,first,0.35,0.1,42,2026-02-20 16:52:17,20260220-161321,log/pimaindians_diabetes/7/biMeanInfgain/minmax__gaussian_noise__SMOTE/random_forest,1771575212296_720c096117715775370264315,0.4805194805194805,0.5679824561403508,0.5574074074074074,0.4761904761904761,0.6223513328776487,0.4805194805194805,0.4619666048237476,0.4805194805194805,0.4805194805194805,0.4805194805194805,0.5077054740024664
7,biMeanInfgain,minmax,gaussian_noise,SMOTE,random_forest,first,0.35,0.2,42,2026-02-20 16:52:19,20260220-161321,log/pimaindians_diabetes/7/biMeanInfgain/minmax__gaussian_noise__SMOTE/random_forest,1771575212296_720c096117715775391291759,0.538961038961039,0.6845730027548209,0.6364814814814814,0.5302255639097744,0.760688347465207,0.538961038961039,0.5110907137974807,0.538961038961039,0.538961038961039,0.538961038961039,0.5799561404106546
7,biMeanInfgain,minmax,gaussian_noise,SMOTE,random_forest,first,0.5,0.1,42,2026-02-20 16:52:18,20260220-161321,log/pimaindians_diabetes/7/biMeanInfgain/minmax__gaussian_noise__SMOTE/random_forest,1771575212296_720c096117715775381120307,0.7012987012987013,0.6769503546099291,0.6848148148148148,0.6796889130041599,0.7098922354241503,0.7012987012987013,0.7045401695428825,0.7012987012987013,0.7012987012987013,0.7012987012987013,0.6953195833864261
7,biMeanInfgain,minmax,gaussian_noise,SMOTE,random_forest,first,0.5,0.2,42,2026-02-20 16:52:20,20260220-161321,log/pimaindians_diabetes/7/biMeanInfgain/minmax__gaussian_noise__SMOTE/random_forest,1771575212296_720c096117715775401620843,0.6688311688311688,0.6354380721090978,0.6342592592592593,0.6348165713488632,0.6674397898010825,0.6688311688311688,0.6681074539911198,0.6688311688311688,0.6688311688311688,0.6688311688311688,0.6566847834504087
7,biMeanInfgain,minmax,gaussian_noise,SMOTE,random_forest,last,0.35,0.1,42,2026-02-20 16:52:21,20260220-161321,log/pimaindians_diabetes/7/biMeanInfgain/gaussian_noise__SMOTE__minmax/random_forest,1771575212296_720c096117715775412830115,0.4285714285714285,0.6901408450704225,0.56,0.3826530612244897,0.7826961770623743,0.4285714285714285,0.3323615160349853,0.4285714285714285,0.4285714285714285,0.4285714285714285,0.4819644602307722
7,biMeanInfgain,minmax,gaussian_noise,SMOTE,random_forest,last,0.35,0.2,42,2026-02-20 16:52:23,20260220-161321,log/pimaindians_diabetes/7/biMeanInfgain/gaussian_noise__SMOTE__minmax/random_forest,1771575212296_720c096117715775433953266,0.422077922077922,0.6888111888111887,0.555,0.3732107742260026,0.7817636908546,0.422077922077922,0.3209342904774376,0.422077922077922,0.422077922077922,0.422077922077922,0.4755104165032636
7,biMeanInfgain,minmax,gaussian_noise,SMOTE,random_forest,last,0.5,0.1,42,2026-02-20 16:52:22,20260220-161321,log/pimaindians_diabetes/7/biMeanInfgain/gaussian_noise__SMOTE__minmax/random_forest,1771575212296_720c096117715775423931906,0.7142857142857143,0.696969696969697,0.7118518518518518,0.699645390070922,0.7331759149940968,0.7142857142857143,0.719452887537994,0.7142857142857143,0.7142857142857143,0.7142857142857143,0.7127787737371875
7,biMeanInfgain,minmax,gaussian_noise,SMOTE,random_forest,last,0.5,0.2,42,2026-02-20 16:52:24,20260220-161321,log/pimaindians_diabetes/7/biMeanInfgain/gaussian_noise__SMOTE__minmax/random_forest,1771575212296_720c096117715775444178995,0.5844155844155844,0.5575035063113605,0.5607407407407408,0.5574712643678161,0.5987686927378372,0.5844155844155844,0.5900880728466935,0.5844155844155844,0.5844155844155844,0.5844155844155844,0.5776014283274039
7,biMeanInfgain,minmax,gaussian_noise,TomekLinks,random_forest,first,0.35,0.1,42,2026-02-20 16:52:25,20260220-161321,log/pimaindians_diabetes/7/biMeanInfgain/minmax__gaussian_noise__TomekLinks/random_forest,1771575212296_720c096117715775453950869,0.5584415584415584,0.7213114754098361,0.66,0.5492424242424242,0.8045560996380668,0.5584415584415584,0.5300078709169619,0.5584415584415584,0.5584415584415584,0.5584415584415584,0.6038509251553213
7,biMeanInfgain,minmax,gaussian_noise,TomekLinks,random_forest,first,0.35,0.2,42,2026-02-20 16:52:27,20260220-161321,log/pimaindians_diabetes/7/biMeanInfgain/minmax__gaussian_noise__TomekLinks/random_forest,1771575212296_720c096117715775471935413,0.5,0.6062601062601063,0.5851851851851851,0.4938319033593716,0.6673596673596673,0.5,0.4771417595082597,0.5,0.5,0.5,0.5315265453106406
7,biMeanInfgain,minmax,gaussian_noise,TomekLinks,random_forest,first,0.5,0.1,42,2026-02-20 16:52:26,20260220-161321,log/pimaindians_diabetes/7/biMeanInfgain/minmax__gaussian_noise__TomekLinks/random_forest,1771575212296_720c096117715775463195872,0.7402597402597403,0.7234848484848485,0.7403703703703703,0.7269503546099291,0.7585596221959858,0.7402597402597403,0.7449571704890854,0.7402597402597403,0.7402597402597403,0.7402597402597403,0.7391315089738686
7,biMeanInfgain,minmax,gaussian_noise,TomekLinks,random_forest,first,0.5,0.2,42,2026-02-20 16:52:28,20260220-161321,log/pimaindians_diabetes/7/biMeanInfgain/minmax__gaussian_noise__TomekLinks/random_forest,1771575212296_720c096117715775480984741,0.6363636363636364,0.5745389344262295,0.5538888888888889,0.5482924785250367,0.6061382265275708,0.6363636363636364,0.6078700264746778,0.6363636363636364,0.6363636363636364,0.6363636363636364,0.6014264352796805
7,biMeanInfgain,minmax,gaussian_noise,TomekLinks,random_forest,last,0.35,0.1,42,2026-02-20 16:52:29,20260220-161321,log/pimaindians_diabetes/7/biMeanInfgain/gaussian_noise__TomekLinks__minmax/random_forest,1771575212296_720c096117715775490880504,0.4415584415584415,0.6928571428571428,0.5700000000000001,0.4011575330077771,0.7846011131725417,0.4415584415584415,0.3546964881745131,0.4415584415584415,0.4415584415584415,0.4415584415584415,0.4947473054036885
7,biMeanInfgain,minmax,gaussian_noise,TomekLinks,random_forest,last,0.35,0.2,42,2026-02-20 16:52:30,20260220-161321,log/pimaindians_diabetes/7/biMeanInfgain/gaussian_noise__TomekLinks__minmax/random_forest,1771575212296_720c096117715775509288977,0.5454545454545454,0.6628856624319419,0.6329629629629631,0.5404944586530265,0.7321399109057911,0.5454545454545454,0.5262342090986593,0.5454545454545454,0.5454545454545454,0.5454545454545454,0.5809899719746405
7,biMeanInfgain,minmax,gaussian_noise,TomekLinks,random_forest,last,0.5,0.1,42,2026-02-20 16:52:30,20260220-161321,log/pimaindians_diabetes/7/biMeanInfgain/gaussian_noise__TomekLinks__minmax/random_forest,1771575212296_720c096117715775500413155,0.6753246753246753,0.6337099811676083,0.6051851851851852,0.6075433231396534,0.6570548095971825,0.6753246753246753,0.656261170022638,0.6753246753246753,0.6753246753246753,0.6753246753246753,0.6492955416992113
7,biMeanInfgain,minmax,gaussian_noise,TomekLinks,random_forest,last,0.5,0.2,42,2026-02-20 16:52:31,20260220-161321,log/pimaindians_diabetes/7/biMeanInfgain/gaussian_noise__TomekLinks__minmax/random_forest,1771575212296_720c096117715775518059450,0.6363636363636364,0.5863095238095237,0.5751851851851851,0.5762578616352201,0.6192022263450834,0.6363636363636364,0.6239279588336192,0.6363636363636364,0.6363636363636364,0.6363636363636364,0.6126430211497595
7,biMeanInfgain,minmax,gaussian_noise,noImbl,random_forest,first,0.35,0.1,42,2026-02-20 16:52:32,20260220-161321,log/pimaindians_diabetes/7/biMeanInfgain/minmax__gaussian_noise__noImbl/random_forest,1771575212296_720c096117715775528218331,0.5064935064935064,0.6706349206349207,0.6114814814814814,0.4920138888888888,0.7476808905380333,0.5064935064935064,0.4663961038961038,0.5064935064935064,0.5064935064935064,0.5064935064935064,0.5493386307805949
7,biMeanInfgain,minmax,gaussian_noise,noImbl,random_forest,first,0.35,0.2,42,2026-02-20 16:52:34,20260220-161321,log/pimaindians_diabetes/7/biMeanInfgain/minmax__gaussian_noise__noImbl/random_forest,1771575212296_720c096117715775546475949,0.577922077922078,0.6313131313131313,0.6324074074074074,0.5779042799915666,0.6871310507674144,0.577922077922078,0.5787229847950911,0.577922077922078,0.577922077922078,0.577922077922078,0.599748079835625
7,biMeanInfgain,minmax,gaussian_noise,noImbl,random_forest,first,0.5,0.1,42,2026-02-20 16:52:33,20260220-161321,log/pimaindians_diabetes/7/biMeanInfgain/minmax__gaussian_noise__noImbl/random_forest,1771575212296_720c096117715775537613119,0.6753246753246753,0.6346491228070176,0.6137037037037036,0.6172201232849472,0.6599339257233994,0.6753246753246753,0.6617669465154054,0.6753246753246753,0.6753246753246753,0.6753246753246753,0.652806605823335
7,biMeanInfgain,minmax,gaussian_noise,noImbl,random_forest,first,0.5,0.2,42,2026-02-20 16:52:35,20260220-161321,log/pimaindians_diabetes/7/biMeanInfgain/minmax__gaussian_noise__noImbl/random_forest,1771575212296_720c096117715775555456595,0.6623376623376623,0.616606170598911,0.5951851851851852,0.5970209339774557,0.6435760247012515,0.6623376623376623,0.6454817324382541,0.6623376623376623,0.6623376623376623,0.6623376623376623,0.636847202945956
7,biMeanInfgain,minmax,gaussian_noise,noImbl,random_forest,last,0.35,0.1,42,2026-02-20 16:52:36,20260220-161321,log/pimaindians_diabetes/7/biMeanInfgain/gaussian_noise__noImbl__minmax/random_forest,1771575212296_720c096117715775565309858,0.4285714285714285,0.6901408450704225,0.56,0.3826530612244897,0.7826961770623743,0.4285714285714285,0.3323615160349853,0.4285714285714285,0.4285714285714285,0.4285714285714285,0.4819644602307722
7,biMeanInfgain,minmax,gaussian_noise,noImbl,random_forest,last,0.35,0.2,42,2026-02-20 16:52:38,20260220-161321,log/pimaindians_diabetes/7/biMeanInfgain/gaussian_noise__noImbl__minmax/random_forest,1771575212296_720c096117715775583550196,0.5194805194805194,0.5460069444444444,0.549074074074074,0.5174457994579946,0.5929383116883117,0.5194805194805194,0.5268055115616092,0.5194805194805194,0.5194805194805194,0.5194805194805194,0.5332318374658312
7,biMeanInfgain,minmax,gaussian_noise,noImbl,random_forest,last,0.5,0.1,42,2026-02-20 16:52:37,20260220-161321,log/pimaindians_diabetes/7/biMeanInfgain/gaussian_noise__noImbl__minmax/random_forest,1771575212296_720c096117715775574664128,0.6363636363636364,0.6115007012622721,0.6177777777777778,0.6127873563218391,0.6496238684176973,0.6363636363636364,0.6413270637408569,0.6363636363636364,0.6363636363636364,0.6363636363636364,0.6305528523006335
7,biMeanInfgain,minmax,gaussian_noise,noImbl,random_forest,last,0.5,0.2,42,2026-02-20 16:52:39,20260220-161321,log/pimaindians_diabetes/7/biMeanInfgain/gaussian_noise__noImbl__minmax/random_forest,1771575212296_720c096117715775592347791,0.6558441558441559,0.6005642217059409,0.5561111111111111,0.5411255411255411,0.6241093788388844,0.6558441558441559,0.6096587395288694,0.6558441558441559,0.6558441558441559,0.6558441558441559,0.6130337756014175
7,biMeanInfgain,minmax,mixup,ADASYN,random_forest,first,0.35,0.1,42,2026-02-20 16:52:40,20260220-161321,log/pimaindians_diabetes/7/biMeanInfgain/minmax__mixup__ADASYN/random_forest,1771575212296_720c096117715775600570472,0.6883116883116883,0.7326241134751772,0.742962962962963,0.6878378378378378,0.792576218108133,0.6883116883116884,0.6914706914706914,0.6883116883116883,0.6883116883116883,0.6883116883116883,0.7090372841755819
7,biMeanInfgain,minmax,mixup,ADASYN,random_forest,first,0.35,0.2,42,2026-02-20 16:52:41,20260220-161321,log/pimaindians_diabetes/7/biMeanInfgain/minmax__mixup__ADASYN/random_forest,1771575212296_720c096117715775615563785,0.7077922077922078,0.7567350579839429,0.7664814814814813,0.7074838546283398,0.8192731443400489,0.7077922077922078,0.7103207037359247,0.7077922077922078,0.7077922077922078,0.7077922077922078,0.73003653525207
7,biMeanInfgain,minmax,mixup,ADASYN,random_forest,first,0.5,0.1,42,2026-02-20 16:52:40,20260220-161321,log/pimaindians_diabetes/7/biMeanInfgain/minmax__mixup__ADASYN/random_forest,1771575212296_720c096117715775608065672,0.7922077922077922,0.7868243243243244,0.8144444444444444,0.7861111111111111,0.8280975780975781,0.7922077922077922,0.7968975468975469,0.7922077922077922,0.7922077922077922,0.7922077922077922,0.7972710502710503
7,biMeanInfgain,minmax,mixup,ADASYN,random_forest,first,0.5,0.2,42,2026-02-20 16:52:42,20260220-161321,log/pimaindians_diabetes/7/biMeanInfgain/minmax__mixup__ADASYN/random_forest,1771575212296_720c096117715775622681866,0.7337662337662337,0.7266193133773042,0.7481481481481481,0.725323008657067,0.767714105613649,0.7337662337662337,0.7397077625467585,0.7337662337662337,0.7337662337662337,0.7337662337662337,0.7375092659009772
7,biMeanInfgain,minmax,mixup,ADASYN,random_forest,last,0.35,0.1,42,2026-02-20 16:52:43,20260220-161321,log/pimaindians_diabetes/7/biMeanInfgain/mixup__ADASYN__minmax/random_forest,1771575212296_720c096117715775630512220,0.7272727272727273,0.78125,0.79,0.7270886075949368,0.8465909090909091,0.7272727272727273,0.7292059838895282,0.7272727272727273,0.7272727272727273,0.7272727272727273,0.7511373705408515
7,biMeanInfgain,minmax,mixup,ADASYN,random_forest,last,0.35,0.2,42,2026-02-20 16:52:44,20260220-161321,log/pimaindians_diabetes/7/biMeanInfgain/mixup__ADASYN__minmax/random_forest,1771575212296_720c096117715775645110532,0.7077922077922078,0.7368193604148661,0.7537037037037038,0.7062937062937062,0.7924547362749611,0.7077922077922078,0.7125601671056216,0.7077922077922078,0.7077922077922078,0.7077922077922078,0.7242427441661353
7,biMeanInfgain,minmax,mixup,ADASYN,random_forest,last,0.5,0.1,42,2026-02-20 16:52:43,20260220-161321,log/pimaindians_diabetes/7/biMeanInfgain/mixup__ADASYN__minmax/random_forest,1771575212296_720c096117715775637950021,0.7662337662337663,0.7547619047619047,0.7774074074074073,0.7570126227208976,0.7924551638837353,0.7662337662337663,0.7711517094406296,0.7662337662337663,0.7662337662337663,0.7662337662337663,0.7681806039230401
7,biMeanInfgain,minmax,mixup,ADASYN,random_forest,last,0.5,0.2,42,2026-02-20 16:52:45,20260220-161321,log/pimaindians_diabetes/7/biMeanInfgain/mixup__ADASYN__minmax/random_forest,1771575212296_720c096117715775652294549,0.7142857142857143,0.6995554035567715,0.7161111111111111,0.7013925612550679,0.7371995309751808,0.7142857142857143,0.719926468736622,0.7142857142857143,0.7142857142857143,0.7142857142857143,0.7141987447773454
7,biMeanInfgain,minmax,mixup,RandomUnderSampler,random_forest,first,0.35,0.1,42,2026-02-20 16:52:45,20260220-161321,log/pimaindians_diabetes/7/biMeanInfgain/minmax__mixup__RandomUnderSampler/random_forest,1771575212296_720c096117715775658992236,0.6883116883116883,0.7474489795918369,0.7514814814814814,0.688259109311741,0.812218393851047,0.6883116883116883,0.6894684263105315,0.6883116883116883,0.6883116883116883,0.6883116883116883,0.7130986911604527
7,biMeanInfgain,minmax,mixup,RandomUnderSampler,random_forest,first,0.35,0.2,42,2026-02-20 16:52:47,20260220-161321,log/pimaindians_diabetes/7/biMeanInfgain/minmax__mixup__RandomUnderSampler/random_forest,1771575212296_720c096117715775673164306,0.6948051948051948,0.7429973238180196,0.7522222222222222,0.6944831370562661,0.8045761553344069,0.6948051948051948,0.6974460683464102,0.6948051948051948,0.6948051948051948,0.6948051948051948,0.7166910288699441
7,biMeanInfgain,minmax,mixup,RandomUnderSampler,random_forest,first,0.5,0.1,42,2026-02-20 16:52:46,20260220-161321,log/pimaindians_diabetes/7/biMeanInfgain/minmax__mixup__RandomUnderSampler/random_forest,1771575212296_720c096117715775665282456,0.7792207792207793,0.7706639566395664,0.7959259259259259,0.7716727716727716,0.8100253405131456,0.7792207792207793,0.7840730697873554,0.7792207792207793,0.7792207792207793,0.7792207792207793,0.7827117102151944
7,biMeanInfgain,minmax,mixup,RandomUnderSampler,random_forest,first,0.5,0.2,42,2026-02-20 16:52:47,20260220-161321,log/pimaindians_diabetes/7/biMeanInfgain/minmax__mixup__RandomUnderSampler/random_forest,1771575212296_720c096117715775679296409,0.7272727272727273,0.7334459459459459,0.7559259259259259,0.7225939269171384,0.7807739557739558,0.7272727272727273,0.7333551677349927,0.7272727272727273,0.7272727272727273,0.7272727272727273,0.7363160378714932
7,biMeanInfgain,minmax,mixup,RandomUnderSampler,random_forest,last,0.35,0.1,42,2026-02-20 16:52:48,20260220-161321,log/pimaindians_diabetes/7/biMeanInfgain/mixup__RandomUnderSampler__minmax/random_forest,1771575212296_720c096117715775685981458,0.6883116883116883,0.7647058823529411,0.76,0.688259109311741,0.8349885408708938,0.6883116883116883,0.6870497923129502,0.6883116883116883,0.6883116883116883,0.6883116883116883,0.7175904528907624
7,biMeanInfgain,minmax,mixup,RandomUnderSampler,random_forest,last,0.35,0.2,42,2026-02-20 16:52:49,20260220-161321,log/pimaindians_diabetes/7/biMeanInfgain/mixup__RandomUnderSampler__minmax/random_forest,1771575212296_720c096117715775698514392,0.6753246753246753,0.6858062330623307,0.7031481481481481,0.6708276333789329,0.734021398655545,0.6753246753246753,0.6823200739069412,0.6753246753246753,0.6753246753246753,0.6753246753246753,0.6853996042093535
7,biMeanInfgain,minmax,mixup,RandomUnderSampler,random_forest,last,0.5,0.1,42,2026-02-20 16:52:49,20260220-161321,log/pimaindians_diabetes/7/biMeanInfgain/mixup__RandomUnderSampler__minmax/random_forest,1771575212296_720c096117715775692290892,0.7792207792207793,0.785472972972973,0.812962962962963,0.7754331789329216,0.8334064584064586,0.7792207792207793,0.7841446595949941,0.7792207792207793,0.7792207792207793,0.7792207792207793,0.7888092269017385
7,biMeanInfgain,minmax,mixup,RandomUnderSampler,random_forest,last,0.5,0.2,42,2026-02-20 16:52:50,20260220-161321,log/pimaindians_diabetes/7/biMeanInfgain/mixup__RandomUnderSampler__minmax/random_forest,1771575212296_720c096117715775704628946,0.7207792207792207,0.6918450560652396,0.6742592592592592,0.6799574694311536,0.7126414869534134,0.7207792207792207,0.7140992978313553,0.7207792207792207,0.7207792207792207,0.7207792207792207,0.7052947836288557
7,biMeanInfgain,minmax,mixup,SMOTE,random_forest,first,0.35,0.1,42,2026-02-20 16:52:51,20260220-161321,log/pimaindians_diabetes/7/biMeanInfgain/minmax__mixup__SMOTE/random_forest,1771575212296_720c096117715775712578920,0.6883116883116883,0.7326241134751772,0.742962962962963,0.6878378378378378,0.792576218108133,0.6883116883116884,0.6914706914706914,0.6883116883116883,0.6883116883116883,0.6883116883116883,0.7090372841755819
7,biMeanInfgain,minmax,mixup,SMOTE,random_forest,first,0.35,0.2,42,2026-02-20 16:52:52,20260220-161321,log/pimaindians_diabetes/7/biMeanInfgain/minmax__mixup__SMOTE/random_forest,1771575212296_720c096117715775727229636,0.7077922077922078,0.7310859495625321,0.7494444444444444,0.7056949929927379,0.7846615556342782,0.7077922077922078,0.7131159068985544,0.7077922077922078,0.7077922077922078,0.7077922077922078,0.7224577130647023
7,biMeanInfgain,minmax,mixup,SMOTE,random_forest,first,0.5,0.1,42,2026-02-20 16:52:52,20260220-161321,log/pimaindians_diabetes/7/biMeanInfgain/minmax__mixup__SMOTE/random_forest,1771575212296_720c096117715775720044783,0.7532467532467533,0.7594594594594595,0.7844444444444445,0.74901355292503,0.8070902070902072,0.7532467532467533,0.7587499136649934,0.7532467532467533,0.7532467532467533,0.7532467532467532,0.7625626323866157
7,biMeanInfgain,minmax,mixup,SMOTE,random_forest,first,0.5,0.2,42,2026-02-20 16:52:53,20260220-161321,log/pimaindians_diabetes/7/biMeanInfgain/minmax__mixup__SMOTE/random_forest,1771575212296_720c096117715775734631378,0.7402597402597403,0.7315379403794038,0.7531481481481481,0.7313797313797314,0.7716582198289514,0.7402597402597403,0.7459683173968888,0.7402597402597403,0.7402597402597403,0.7402597402597403,0.7433405342560394
7,biMeanInfgain,minmax,mixup,SMOTE,random_forest,last,0.35,0.1,42,2026-02-20 16:52:54,20260220-161321,log/pimaindians_diabetes/7/biMeanInfgain/mixup__SMOTE__minmax/random_forest,1771575212296_720c096117715775742513497,0.7662337662337663,0.7876196990424076,0.8114814814814815,0.7642857142857142,0.8422726384422691,0.7662337662337663,0.7706864564007421,0.7662337662337663,0.7662337662337663,0.7662337662337663,0.7808767139930907
7,biMeanInfgain,minmax,mixup,SMOTE,random_forest,last,0.35,0.2,42,2026-02-20 16:52:55,20260220-161321,log/pimaindians_diabetes/7/biMeanInfgain/mixup__SMOTE__minmax/random_forest,1771575212296_720c096117715775757364680,0.7077922077922078,0.742979242979243,0.757962962962963,0.7067907763909457,0.8007865150722293,0.7077922077922078,0.7119092035529522,0.7077922077922078,0.7077922077922078,0.7077922077922078,0.7260947522099112
7,biMeanInfgain,minmax,mixup,SMOTE,random_forest,last,0.5,0.1,42,2026-02-20 16:52:55,20260220-161321,log/pimaindians_diabetes/7/biMeanInfgain/mixup__SMOTE__minmax/random_forest,1771575212296_720c096117715775750075545,0.7922077922077922,0.773492286115007,0.788888888888889,0.7787356321839081,0.8021893954572776,0.7922077922077922,0.7950440364233468,0.7922077922077922,0.7922077922077922,0.7922077922077922,0.7894071242203224
7,biMeanInfgain,minmax,mixup,SMOTE,random_forest,last,0.5,0.2,42,2026-02-20 16:52:56,20260220-161321,log/pimaindians_diabetes/7/biMeanInfgain/mixup__SMOTE__minmax/random_forest,1771575212296_720c096117715775764461214,0.7142857142857143,0.6906028368794326,0.6990740740740741,0.693615482003979,0.7226443768996961,0.7142857142857143,0.7173862491279747,0.7142857142857143,0.7142857142857143,0.7142857142857143,0.7085966741693989
7,biMeanInfgain,minmax,mixup,TomekLinks,random_forest,first,0.35,0.1,42,2026-02-20 16:52:57,20260220-161321,log/pimaindians_diabetes/7/biMeanInfgain/minmax__mixup__TomekLinks/random_forest,1771575212296_720c096117715775771786698,0.7532467532467533,0.7803030303030303,0.8014814814814815,0.7517393517732904,0.836875245966155,0.7532467532467533,0.7575177240882315,0.7532467532467533,0.7532467532467533,0.7532467532467532,0.769553238452996
7,biMeanInfgain,minmax,mixup,TomekLinks,random_forest,first,0.35,0.2,42,2026-02-20 16:52:58,20260220-161321,log/pimaindians_diabetes/7/biMeanInfgain/minmax__mixup__TomekLinks/random_forest,1771575212296_720c096117715775785251730,0.6883116883116883,0.7197916666666666,0.7344444444444445,0.6869918699186992,0.775487012987013,0.6883116883116883,0.6930630345264491,0.6883116883116883,0.6883116883116883,0.6883116883116883,0.7053052234012599
7,biMeanInfgain,minmax,mixup,TomekLinks,random_forest,first,0.5,0.1,42,2026-02-20 16:52:57,20260220-161321,log/pimaindians_diabetes/7/biMeanInfgain/minmax__mixup__TomekLinks/random_forest,1771575212296_720c096117715775778613424,0.7662337662337663,0.75,0.768888888888889,0.7542553191489361,0.7839433293978748,0.7662337662337663,0.7704614534401768,0.7662337662337663,0.7662337662337663,0.7662337662337663,0.7654842442105496
7,biMeanInfgain,minmax,mixup,TomekLinks,random_forest,first,0.5,0.2,42,2026-02-20 16:52:59,20260220-161321,log/pimaindians_diabetes/7/biMeanInfgain/minmax__mixup__TomekLinks/random_forest,1771575212296_720c096117715775791826438,0.6883116883116883,0.6562971342383107,0.6535185185185186,0.6547730244722585,0.685750523985818,0.6883116883116883,0.6869142439850454,0.6883116883116883,0.6883116883116883,0.6883116883116883,0.6761343832675355
7,biMeanInfgain,minmax,mixup,TomekLinks,random_forest,last,0.35,0.1,42,2026-02-20 16:52:59,20260220-161321,log/pimaindians_diabetes/7/biMeanInfgain/mixup__TomekLinks__minmax/random_forest,1771575212296_720c096117715775798975157,0.7272727272727273,0.78125,0.79,0.7270886075949368,0.8465909090909091,0.7272727272727273,0.7292059838895282,0.7272727272727273,0.7272727272727273,0.7272727272727273,0.7511373705408515
7,biMeanInfgain,minmax,mixup,TomekLinks,random_forest,last,0.35,0.2,42,2026-02-20 16:53:01,20260220-161321,log/pimaindians_diabetes/7/biMeanInfgain/mixup__TomekLinks__minmax/random_forest,1771575212296_720c096117715775812419778,0.7077922077922078,0.7310859495625321,0.7494444444444444,0.7056949929927379,0.7846615556342782,0.7077922077922078,0.7131159068985544,0.7077922077922078,0.7077922077922078,0.7077922077922078,0.7224577130647023
7,biMeanInfgain,minmax,mixup,TomekLinks,random_forest,last,0.5,0.1,42,2026-02-20 16:53:00,20260220-161321,log/pimaindians_diabetes/7/biMeanInfgain/mixup__TomekLinks__minmax/random_forest,1771575212296_720c096117715775805828476,0.7532467532467533,0.7513495276653172,0.7759259259259259,0.747104580812446,0.7949857160383476,0.7532467532467533,0.7588770779782017,0.7532467532467533,0.7532467532467533,0.7532467532467532,0.7594220670802572
7,biMeanInfgain,minmax,mixup,TomekLinks,random_forest,last,0.5,0.2,42,2026-02-20 16:53:01,20260220-161321,log/pimaindians_diabetes/7/biMeanInfgain/mixup__TomekLinks__minmax/random_forest,1771575212296_720c096117715775819190300,0.7402597402597403,0.7383603238866396,0.7616666666666667,0.7337942955920485,0.782046900467953,0.7402597402597403,0.7461863978717911,0.7402597402597403,0.7402597402597403,0.7402597402597403,0.7463083892255978
7,biMeanInfgain,minmax,mixup,noImbl,random_forest,first,0.35,0.1,42,2026-02-20 16:53:02,20260220-161321,log/pimaindians_diabetes/7/biMeanInfgain/minmax__mixup__noImbl/random_forest,1771575212296_720c096117715775826359567,0.7532467532467533,0.7934782608695652,0.81,0.7525790630813461,0.855166572557877,0.7532467532467533,0.7564182815324366,0.7532467532467533,0.7532467532467533,0.7532467532467532,0.7735127863335125
7,biMeanInfgain,minmax,mixup,noImbl,random_forest,first,0.35,0.2,42,2026-02-20 16:53:03,20260220-161321,log/pimaindians_diabetes/7/biMeanInfgain/minmax__mixup__noImbl/random_forest,1771575212296_720c096117715775839825074,0.7077922077922078,0.7310859495625321,0.7494444444444444,0.7056949929927379,0.7846615556342782,0.7077922077922078,0.7131159068985544,0.7077922077922078,0.7077922077922078,0.7077922077922078,0.7224577130647023
7,biMeanInfgain,minmax,mixup,noImbl,random_forest,first,0.5,0.1,42,2026-02-20 16:53:03,20260220-161321,log/pimaindians_diabetes/7/biMeanInfgain/minmax__mixup__noImbl/random_forest,1771575212296_720c096117715775833167336,0.7792207792207793,0.7706639566395664,0.7959259259259259,0.7716727716727716,0.8100253405131456,0.7792207792207793,0.7840730697873554,0.7792207792207793,0.7792207792207793,0.7792207792207793,0.7827117102151944
7,biMeanInfgain,minmax,mixup,noImbl,random_forest,first,0.5,0.2,42,2026-02-20 16:53:04,20260220-161321,log/pimaindians_diabetes/7/biMeanInfgain/minmax__mixup__noImbl/random_forest,1771575212296_720c096117715775846405728,0.7142857142857143,0.6995554035567715,0.7161111111111111,0.7013925612550679,0.7371995309751808,0.7142857142857143,0.719926468736622,0.7142857142857143,0.7142857142857143,0.7142857142857143,0.7141987447773454
7,biMeanInfgain,minmax,mixup,noImbl,random_forest,last,0.35,0.1,42,2026-02-20 16:53:05,20260220-161321,log/pimaindians_diabetes/7/biMeanInfgain/mixup__noImbl__minmax/random_forest,1771575212296_720c096117715775853609647,0.6883116883116883,0.7474489795918369,0.7514814814814814,0.688259109311741,0.812218393851047,0.6883116883116883,0.6894684263105315,0.6883116883116883,0.6883116883116883,0.6883116883116883,0.7130986911604527
7,biMeanInfgain,minmax,mixup,noImbl,random_forest,last,0.35,0.2,42,2026-02-20 16:53:06,20260220-161321,log/pimaindians_diabetes/7/biMeanInfgain/mixup__noImbl__minmax/random_forest,1771575212296_720c096117715775866938955,0.7142857142857143,0.740530303030303,0.7587037037037037,0.7125403020532836,0.795405352223534,0.7142857142857143,0.719231048944268,0.7142857142857143,0.7142857142857143,0.7142857142857143,0.7299439242596724
7,biMeanInfgain,minmax,mixup,noImbl,random_forest,last,0.5,0.1,42,2026-02-20 16:53:06,20260220-161321,log/pimaindians_diabetes/7/biMeanInfgain/mixup__noImbl__minmax/random_forest,1771575212296_720c096117715775860318450,0.8051948051948052,0.7881944444444444,0.8074074074074074,0.7939339875111507,0.8182720057720058,0.8051948051948052,0.8083228101069314,0.8051948051948052,0.8051948051948052,0.8051948051948051,0.8038038274830199
7,biMeanInfgain,minmax,mixup,noImbl,random_forest,last,0.5,0.2,42,2026-02-20 16:53:07,20260220-161321,log/pimaindians_diabetes/7/biMeanInfgain/mixup__noImbl__minmax/random_forest,1771575212296_720c096117715775873464496,0.6948051948051948,0.6812446717817562,0.6968518518518518,0.6819160624038674,0.7202311754741422,0.6948051948051948,0.701041871773579,0.6948051948051948,0.6948051948051948,0.6948051948051948,0.6951985379594698
7,biMeanInfgain,minmax,noAug,ADASYN,random_forest,first,0.35,0.1,42,2026-02-20 16:53:07,20260220-161321,log/pimaindians_diabetes/7/biMeanInfgain/minmax__noAug__ADASYN/random_forest,1771575212296_720c096117715775879839857,0.7012987012987013,0.7535919540229885,0.7614814814814814,0.7010970464135021,0.8168943125839677,0.7012987012987013,0.7034160775932927,0.7012987012987013,0.7012987012987013,0.7012987012987013,0.7243932239293434
7,biMeanInfgain,minmax,noAug,ADASYN,random_forest,first,0.35,0.2,42,2026-02-20 16:53:09,20260220-161321,log/pimaindians_diabetes/7/biMeanInfgain/minmax__noAug__ADASYN/random_forest,1771575212296_720c096117715775891672435,0.6818181818181818,0.7444444444444445,0.7464814814814814,0.6818047649167194,0.8099173553719008,0.6818181818181818,0.6824219423839917,0.6818181818181818,0.6818181818181818,0.6818181818181818,0.7074456069521619
7,biMeanInfgain,minmax,noAug,ADASYN,random_forest,first,0.5,0.1,42,2026-02-20 16:53:08,20260220-161321,log/pimaindians_diabetes/7/biMeanInfgain/minmax__noAug__ADASYN/random_forest,1771575212296_720c096117715775885799145,0.7272727272727273,0.7253711201079622,0.7474074074074074,0.7204840103716508,0.7691080848975587,0.7272727272727273,0.7334957177653806,0.7272727272727273,0.7272727272727273,0.7272727272727273,0.7331947113709383
7,biMeanInfgain,minmax,noAug,ADASYN,random_forest,first,0.5,0.2,42,2026-02-20 16:53:09,20260220-161321,log/pimaindians_diabetes/7/biMeanInfgain/minmax__noAug__ADASYN/random_forest,1771575212296_720c096117715775897567481,0.7207792207792207,0.7248101265822785,0.7466666666666667,0.7154887218045113,0.771165543317442,0.7207792207792207,0.7270774338443511,0.7207792207792207,0.7207792207792207,0.7207792207792207,0.7289608453156562
7,biMeanInfgain,minmax,noAug,ADASYN,random_forest,last,0.35,0.1,42,2026-02-20 16:53:10,20260220-161321,log/pimaindians_diabetes/7/biMeanInfgain/noAug__ADASYN__minmax/random_forest,1771575212296_720c096117715775903921910,0.7402597402597403,0.7732638888888889,0.7914814814814815,0.7391598915989159,0.831655844155844,0.7402597402597403,0.7442191954387076,0.7402597402597403,0.7402597402597403,0.7402597402597403,0.758250880612161
7,biMeanInfgain,minmax,noAug,ADASYN,random_forest,last,0.35,0.2,42,2026-02-20 16:53:11,20260220-161321,log/pimaindians_diabetes/7/biMeanInfgain/noAug__ADASYN__minmax/random_forest,1771575212296_720c096117715775915855522,0.6883116883116883,0.7474489795918369,0.7514814814814814,0.688259109311741,0.812218393851047,0.6883116883116883,0.6894684263105315,0.6883116883116883,0.6883116883116883,0.6883116883116883,0.7130986911604527
7,biMeanInfgain,minmax,noAug,ADASYN,random_forest,last,0.5,0.1,42,2026-02-20 16:53:10,20260220-161321,log/pimaindians_diabetes/7/biMeanInfgain/noAug__ADASYN__minmax/random_forest,1771575212296_720c096117715775909976631,0.7922077922077922,0.780952380952381,0.8059259259259259,0.7840112201963534,0.8179344465058752,0.7922077922077922,0.7965792972805595,0.7922077922077922,0.7922077922077922,0.7922077922077922,0.794452969843072
7,biMeanInfgain,minmax,noAug,ADASYN,random_forest,last,0.5,0.2,42,2026-02-20 16:53:12,20260220-161321,log/pimaindians_diabetes/7/biMeanInfgain/noAug__ADASYN__minmax/random_forest,1771575212296_720c096117715775921750374,0.7077922077922078,0.7077922077922078,0.7281481481481482,0.7011256307413637,0.752403440715129,0.7077922077922078,0.7144587848430519,0.7077922077922078,0.7077922077922078,0.7077922077922078,0.7142889251200938
7,biMeanInfgain,minmax,noAug,RandomUnderSampler,random_forest,first,0.35,0.1,42,2026-02-20 16:53:12,20260220-161321,log/pimaindians_diabetes/7/biMeanInfgain/minmax__noAug__RandomUnderSampler/random_forest,1771575212296_720c096117715775927537003,0.6623376623376623,0.7547169811320755,0.74,0.6618243243243244,0.8279833374172997,0.6623376623376623,0.657888732888733,0.6623376623376623,0.6623376623376623,0.6623376623376623,0.6951620553719609
7,biMeanInfgain,minmax,noAug,RandomUnderSampler,random_forest,first,0.35,0.2,42,2026-02-20 16:53:14,20260220-161321,log/pimaindians_diabetes/7/biMeanInfgain/minmax__noAug__RandomUnderSampler/random_forest,1771575212296_720c096117715775940080339,0.6623376623376623,0.7272222222222222,0.7272222222222222,0.6623376623376623,0.7921067821067821,0.6623376623376623,0.6623376623376623,0.6623376623376623,0.6623376623376623,0.6623376623376623,0.6882914862914861
7,biMeanInfgain,minmax,noAug,RandomUnderSampler,random_forest,first,0.5,0.1,42,2026-02-20 16:53:13,20260220-161321,log/pimaindians_diabetes/7/biMeanInfgain/minmax__noAug__RandomUnderSampler/random_forest,1771575212296_720c096117715775934662876,0.7272727272727273,0.7334459459459459,0.7559259259259259,0.7225939269171384,0.7807739557739558,0.7272727272727273,0.7333551677349927,0.7272727272727273,0.7272727272727273,0.7272727272727273,0.7363160378714932
7,biMeanInfgain,minmax,noAug,RandomUnderSampler,random_forest,first,0.5,0.2,42,2026-02-20 16:53:14,20260220-161321,log/pimaindians_diabetes/7/biMeanInfgain/minmax__noAug__RandomUnderSampler/random_forest,1771575212296_720c096117715775945509668,0.6883116883116883,0.6902834008097165,0.7088888888888889,0.6818181818181819,0.7356327882643672,0.6883116883116883,0.6953955135773318,0.6883116883116883,0.6883116883116883,0.6883116883116883,0.6953872374302995
7,biMeanInfgain,minmax,noAug,RandomUnderSampler,random_forest,last,0.35,0.1,42,2026-02-20 16:53:15,20260220-161321,log/pimaindians_diabetes/7/biMeanInfgain/noAug__RandomUnderSampler__minmax/random_forest,1771575212296_720c096117715775951334900,0.7012987012987013,0.7535919540229885,0.7614814814814814,0.7010970464135021,0.8168943125839677,0.7012987012987013,0.7034160775932927,0.7012987012987013,0.7012987012987013,0.7012987012987013,0.7243932239293434
7,biMeanInfgain,minmax,noAug,RandomUnderSampler,random_forest,last,0.35,0.2,42,2026-02-20 16:53:16,20260220-161321,log/pimaindians_diabetes/7/biMeanInfgain/noAug__RandomUnderSampler__minmax/random_forest,1771575212296_720c096117715775962370664,0.6688311688311688,0.7303030303030302,0.7322222222222222,0.6688172043010753,0.79456906729634,0.6688311688311688,0.6694595726853793,0.6688311688311688,0.6688311688311688,0.6688311688311688,0.6939834160625947
7,biMeanInfgain,minmax,noAug,RandomUnderSampler,random_forest,last,0.5,0.1,42,2026-02-20 16:53:15,20260220-161321,log/pimaindians_diabetes/7/biMeanInfgain/noAug__RandomUnderSampler__minmax/random_forest,1771575212296_720c096117715775956925570,0.7792207792207793,0.7706639566395664,0.7959259259259259,0.7716727716727716,0.8100253405131456,0.7792207792207793,0.7840730697873554,0.7792207792207793,0.7792207792207793,0.7792207792207793,0.7827117102151944
7,biMeanInfgain,minmax,noAug,RandomUnderSampler,random_forest,last,0.5,0.2,42,2026-02-20 16:53:16,20260220-161321,log/pimaindians_diabetes/7/biMeanInfgain/noAug__RandomUnderSampler__minmax/random_forest,1771575212296_720c096117715775967781717,0.7012987012987013,0.6993927125506073,0.7188888888888889,0.6938634399308556,0.7432304537567695,0.7012987012987013,0.7081143575525599,0.7012987012987013,0.7012987012987013,0.7012987012987013,0.7069673556616192
7,biMeanInfgain,minmax,noAug,SMOTE,random_forest,first,0.35,0.1,42,2026-02-20 16:53:17,20260220-161321,log/pimaindians_diabetes/7/biMeanInfgain/minmax__noAug__SMOTE/random_forest,1771575212296_720c096117715775974116430,0.6753246753246753,0.7414814814814814,0.7414814814814814,0.6753246753246753,0.8076382876382875,0.6753246753246753,0.6753246753246753,0.6753246753246753,0.6753246753246753,0.6753246753246753,0.7017873977873976
7,biMeanInfgain,minmax,noAug,SMOTE,random_forest,first,0.35,0.2,42,2026-02-20 16:53:18,20260220-161321,log/pimaindians_diabetes/7/biMeanInfgain/minmax__noAug__SMOTE/random_forest,1771575212296_720c096117715775985825181,0.7012987012987013,0.7331597222222221,0.7487037037037036,0.7000338753387534,0.7895292207792208,0.7012987012987013,0.7058520747545138,0.7012987012987013,0.7012987012987013,0.7012987012987013,0.718541637703985
7,biMeanInfgain,minmax,noAug,SMOTE,random_forest,first,0.5,0.1,42,2026-02-20 16:53:17,20260220-161321,log/pimaindians_diabetes/7/biMeanInfgain/minmax__noAug__SMOTE/random_forest,1771575212296_720c096117715775979989312,0.7922077922077922,0.7765151515151515,0.7974074074074073,0.7815602836879432,0.8093270365997639,0.7922077922077922,0.7959657363912682,0.7922077922077922,0.7922077922077922,0.7922077922077922,0.7918369794472307
7,biMeanInfgain,minmax,noAug,SMOTE,random_forest,first,0.5,0.2,42,2026-02-20 16:53:19,20260220-161321,log/pimaindians_diabetes/7/biMeanInfgain/minmax__noAug__SMOTE/random_forest,1771575212296_720c096117715775991617748,0.7272727272727273,0.7253711201079622,0.7474074074074074,0.7204840103716508,0.7691080848975587,0.7272727272727273,0.7334957177653806,0.7272727272727273,0.7272727272727273,0.7272727272727273,0.7331947113709383
7,biMeanInfgain,minmax,noAug,SMOTE,random_forest,last,0.35,0.1,42,2026-02-20 16:53:19,20260220-161321,log/pimaindians_diabetes/7/biMeanInfgain/noAug__SMOTE__minmax/random_forest,1771575212296_720c096117715775997906445,0.7532467532467533,0.7803030303030303,0.8014814814814815,0.7517393517732904,0.836875245966155,0.7532467532467533,0.7575177240882315,0.7532467532467533,0.7532467532467533,0.7532467532467532,0.769553238452996
7,biMeanInfgain,minmax,noAug,SMOTE,random_forest,last,0.35,0.2,42,2026-02-20 16:53:20,20260220-161321,log/pimaindians_diabetes/7/biMeanInfgain/noAug__SMOTE__minmax/random_forest,1771575212296_720c096117715776009767552,0.6883116883116883,0.7259817671809257,0.7387037037037036,0.6874682902080163,0.783742554780423,0.6883116883116883,0.6923178293041307,0.6883116883116883,0.6883116883116883,0.6883116883116883,0.7071353958180024
7,biMeanInfgain,minmax,noAug,SMOTE,random_forest,last,0.5,0.1,42,2026-02-20 16:53:20,20260220-161321,log/pimaindians_diabetes/7/biMeanInfgain/noAug__SMOTE__minmax/random_forest,1771575212296_720c096117715776003900663,0.8051948051948052,0.7917236662106703,0.8159259259259259,0.7964040190375463,0.8261499102812372,0.8051948051948052,0.809040774138606,0.8051948051948052,0.8051948051948052,0.8051948051948051,0.806274591296128
7,biMeanInfgain,minmax,noAug,SMOTE,random_forest,last,0.5,0.2,42,2026-02-20 16:53:21,20260220-161321,log/pimaindians_diabetes/7/biMeanInfgain/noAug__SMOTE__minmax/random_forest,1771575212296_720c096117715776015649157,0.7012987012987013,0.7032726045883941,0.7231481481481481,0.6950757575757576,0.7486723802513277,0.7012987012987013,0.7080873671782761,0.7012987012987013,0.7012987012987013,0.7012987012987013,0.7085032625313723
7,biMeanInfgain,minmax,noAug,TomekLinks,random_forest,first,0.35,0.1,42,2026-02-20 16:53:22,20260220-161321,log/pimaindians_diabetes/7/biMeanInfgain/minmax__noAug__TomekLinks/random_forest,1771575212296_720c096117715776021644377,0.7142857142857143,0.7349521203830369,0.7544444444444445,0.7119047619047619,0.7877662692984169,0.7142857142857143,0.7197278911564625,0.7142857142857143,0.7142857142857143,0.7142857142857143,0.728175467086059
7,biMeanInfgain,minmax,noAug,TomekLinks,random_forest,first,0.35,0.2,42,2026-02-20 16:53:23,20260220-161321,log/pimaindians_diabetes/7/biMeanInfgain/minmax__noAug__TomekLinks/random_forest,1771575212296_720c096117715776032996334,0.7207792207792207,0.7442957625664779,0.7637037037037038,0.718775215526394,0.7983838086771694,0.7207792207792207,0.7258663110363963,0.7207792207792207,0.7207792207792207,0.7207792207792207,0.7356462447908417
7,biMeanInfgain,minmax,noAug,TomekLinks,random_forest,first,0.5,0.1,42,2026-02-20 16:53:22,20260220-161321,log/pimaindians_diabetes/7/biMeanInfgain/minmax__noAug__TomekLinks/random_forest,1771575212296_720c096117715776027330002,0.7792207792207793,0.7773279352226721,0.8044444444444444,0.7737251512532412,0.8208633471791368,0.7792207792207793,0.7842584381910224,0.7792207792207793,0.7792207792207793,0.7792207792207793,0.7856494227895764
7,biMeanInfgain,minmax,noAug,TomekLinks,random_forest,first,0.5,0.2,42,2026-02-20 16:53:23,20260220-161321,log/pimaindians_diabetes/7/biMeanInfgain/minmax__noAug__TomekLinks/random_forest,1771575212296_720c096117715776038560060,0.7337662337662337,0.7206308610400682,0.7396296296296296,0.7225225225225225,0.7583950576277941,0.7337662337662337,0.7392067392067392,0.7337662337662337,0.7337662337662337,0.7337662337662337,0.7346314375956317
7,biMeanInfgain,minmax,noAug,TomekLinks,random_forest,last,0.35,0.1,42,2026-02-20 16:53:24,20260220-161321,log/pimaindians_diabetes/7/biMeanInfgain/noAug__TomekLinks__minmax/random_forest,1771575212296_720c096117715776044529943,0.7402597402597403,0.7732638888888889,0.7914814814814815,0.7391598915989159,0.831655844155844,0.7402597402597403,0.7442191954387076,0.7402597402597403,0.7402597402597403,0.7402597402597403,0.758250880612161
7,biMeanInfgain,minmax,noAug,TomekLinks,random_forest,last,0.35,0.2,42,2026-02-20 16:53:25,20260220-161321,log/pimaindians_diabetes/7/biMeanInfgain/noAug__TomekLinks__minmax/random_forest,1771575212296_720c096117715776055706546,0.7077922077922078,0.7310859495625321,0.7494444444444444,0.7056949929927379,0.7846615556342782,0.7077922077922078,0.7131159068985544,0.7077922077922078,0.7077922077922078,0.7077922077922078,0.7224577130647023
7,biMeanInfgain,minmax,noAug,TomekLinks,random_forest,last,0.5,0.1,42,2026-02-20 16:53:25,20260220-161321,log/pimaindians_diabetes/7/biMeanInfgain/noAug__TomekLinks__minmax/random_forest,1771575212296_720c096117715776050102635,0.7272727272727273,0.7334459459459459,0.7559259259259259,0.7225939269171384,0.7807739557739558,0.7272727272727273,0.7333551677349927,0.7272727272727273,0.7272727272727273,0.7272727272727273,0.7363160378714932
7,biMeanInfgain,minmax,noAug,TomekLinks,random_forest,last,0.5,0.2,42,2026-02-20 16:53:26,20260220-161321,log/pimaindians_diabetes/7/biMeanInfgain/noAug__TomekLinks__minmax/random_forest,1771575212296_720c096117715776061303161,0.6883116883116883,0.679369918699187,0.6961111111111111,0.6776556776556777,0.7205020589166931,0.6883116883116883,0.6951619808762667,0.6883116883116883,0.6883116883116883,0.6883116883116883,0.6908456329771661
7,biMeanInfgain,minmax,noAug,noImbl,random_forest,first,0.35,0.1,42,2026-02-20 16:53:26,20260220-161321,log/pimaindians_diabetes/7/biMeanInfgain/minmax__noAug__noImbl/random_forest,1771575212296_720c096117715776067233705,0.7402597402597403,0.7612859097127223,0.7829629629629631,0.7380952380952381,0.815019453870343,0.7402597402597403,0.7452071737786023,0.7402597402597403,0.7402597402597403,0.7402597402597403,0.754526090539575
7,biMeanInfgain,minmax,noAug,noImbl,random_forest,first,0.35,0.2,42,2026-02-20 16:53:27,20260220-161321,log/pimaindians_diabetes/7/biMeanInfgain/minmax__noAug__noImbl/random_forest,1771575212296_720c096117715776078501417,0.7142857142857143,0.7349521203830369,0.7544444444444445,0.7119047619047619,0.7877662692984169,0.7142857142857143,0.7197278911564625,0.7142857142857143,0.7142857142857143,0.7142857142857143,0.728175467086059
7,biMeanInfgain,minmax,noAug,noImbl,random_forest,first,0.5,0.1,42,2026-02-20 16:53:27,20260220-161321,log/pimaindians_diabetes/7/biMeanInfgain/minmax__noAug__noImbl/random_forest,1771575212296_720c096117715776072857994,0.7662337662337663,0.7547619047619047,0.7774074074074073,0.7570126227208976,0.7924551638837353,0.7662337662337663,0.7711517094406296,0.7662337662337663,0.7662337662337663,0.7662337662337663,0.7681806039230401
7,biMeanInfgain,minmax,noAug,noImbl,random_forest,first,0.5,0.2,42,2026-02-20 16:53:28,20260220-161321,log/pimaindians_diabetes/7/biMeanInfgain/minmax__noAug__noImbl/random_forest,1771575212296_720c096117715776084129957,0.7337662337662337,0.7136752136752136,0.7268518518518519,0.7174564818543876,0.7466818895390324,0.7337662337662337,0.737733470717764,0.7337662337662337,0.7337662337662337,0.7337662337662337,0.7305058818989258
7,biMeanInfgain,minmax,noAug,noImbl,random_forest,last,0.35,0.1,42,2026-02-20 16:53:29,20260220-161321,log/pimaindians_diabetes/7/biMeanInfgain/noAug__noImbl__minmax/random_forest,1771575212296_720c096117715776090090596,0.7402597402597403,0.7612859097127223,0.7829629629629631,0.7380952380952381,0.815019453870343,0.7402597402597403,0.7452071737786023,0.7402597402597403,0.7402597402597403,0.7402597402597403,0.754526090539575
7,biMeanInfgain,minmax,noAug,noImbl,random_forest,last,0.35,0.2,42,2026-02-20 16:53:30,20260220-161321,log/pimaindians_diabetes/7/biMeanInfgain/noAug__noImbl__minmax/random_forest,1771575212296_720c096117715776101254497,0.7142857142857143,0.7349521203830369,0.7544444444444445,0.7119047619047619,0.7877662692984169,0.7142857142857143,0.7197278911564625,0.7142857142857143,0.7142857142857143,0.7142857142857143,0.728175467086059
7,biMeanInfgain,minmax,noAug,noImbl,random_forest,last,0.5,0.1,42,2026-02-20 16:53:29,20260220-161321,log/pimaindians_diabetes/7/biMeanInfgain/noAug__noImbl__minmax/random_forest,1771575212296_720c096117715776095719126,0.7662337662337663,0.7547619047619047,0.7774074074074073,0.7570126227208976,0.7924551638837353,0.7662337662337663,0.7711517094406296,0.7662337662337663,0.7662337662337663,0.7662337662337663,0.7681806039230401
7,biMeanInfgain,minmax,noAug,noImbl,random_forest,last,0.5,0.2,42,2026-02-20 16:53:30,20260220-161321,log/pimaindians_diabetes/7/biMeanInfgain/noAug__noImbl__minmax/random_forest,1771575212296_720c096117715776106895365,0.7337662337662337,0.7136752136752136,0.7268518518518519,0.7174564818543876,0.7466818895390324,0.7337662337662337,0.737733470717764,0.7337662337662337,0.7337662337662337,0.7337662337662337,0.7305058818989258
7,infgain,minmax,gaussian_noise,ADASYN,random_forest,first,0.35,0.1,42,2026-02-20 16:55:02,20260220-161321,log/pimaindians_diabetes/7/infgain/minmax__gaussian_noise__ADASYN/random_forest,1771575212296_720c096117715777027513649,0.5714285714285714,0.725,0.67,0.564076170869789,0.8071428571428572,0.5714285714285714,0.5471656495845894,0.5714285714285714,0.5714285714285714,0.5714285714285714,0.6154719873538709
7,infgain,minmax,gaussian_noise,ADASYN,random_forest,first,0.35,0.2,42,2026-02-20 16:55:04,20260220-161321,log/pimaindians_diabetes/7/infgain/minmax__gaussian_noise__ADASYN/random_forest,1771575212296_720c096117715777049707562,0.474025974025974,0.5983477576711251,0.5694444444444444,0.4620261353344547,0.6605086494937006,0.474025974025974,0.4380264579514158,0.474025974025974,0.474025974025974,0.474025974025974,0.5074483637641971
7,infgain,minmax,gaussian_noise,ADASYN,random_forest,first,0.5,0.1,42,2026-02-20 16:55:03,20260220-161321,log/pimaindians_diabetes/7/infgain/minmax__gaussian_noise__ADASYN/random_forest,1771575212296_720c096117715777038980357,0.7012987012987013,0.68125,0.6933333333333334,0.6840321141837645,0.7167207792207793,0.7012987012987013,0.7060949754972949,0.7012987012987013,0.7012987012987013,0.7012987012987013,0.6981689552270505
7,infgain,minmax,gaussian_noise,ADASYN,random_forest,first,0.5,0.2,42,2026-02-20 16:55:06,20260220-161321,log/pimaindians_diabetes/7/infgain/minmax__gaussian_noise__ADASYN/random_forest,1771575212296_720c096117715777060384075,0.6363636363636364,0.6059626436781609,0.6092592592592592,0.6071428571428572,0.6427638453500522,0.6363636363636364,0.6391465677179963,0.6363636363636364,0.6363636363636364,0.6363636363636364,0.6272874431033297
7,infgain,minmax,gaussian_noise,ADASYN,random_forest,last,0.35,0.1,42,2026-02-20 16:55:07,20260220-161321,log/pimaindians_diabetes/7/infgain/gaussian_noise__ADASYN__minmax/random_forest,1771575212296_720c096117715777073366195,0.4285714285714285,0.6901408450704225,0.56,0.3826530612244897,0.7826961770623743,0.4285714285714285,0.3323615160349853,0.4285714285714285,0.4285714285714285,0.4285714285714285,0.4819644602307722
7,infgain,minmax,gaussian_noise,ADASYN,random_forest,last,0.35,0.2,42,2026-02-20 16:55:09,20260220-161321,log/pimaindians_diabetes/7/infgain/gaussian_noise__ADASYN__minmax/random_forest,1771575212296_720c096117715777095923111,0.3961038961038961,0.6272030651340996,0.5307407407407408,0.3397261537043012,0.7053689605413743,0.3961038961038961,0.2820955725847155,0.3961038961038961,0.3961038961038961,0.3961038961038961,0.4380460940265324
7,infgain,minmax,gaussian_noise,ADASYN,random_forest,last,0.5,0.1,42,2026-02-20 16:55:08,20260220-161321,log/pimaindians_diabetes/7/infgain/gaussian_noise__ADASYN__minmax/random_forest,1771575212296_720c096117715777085184405,0.6883116883116883,0.6654978962131837,0.6748148148148148,0.6681034482758621,0.7004790440975573,0.6883116883116883,0.6925660546350201,0.6883116883116883,0.6883116883116883,0.6883116883116883,0.6835042762738631
7,infgain,minmax,gaussian_noise,ADASYN,random_forest,last,0.5,0.2,42,2026-02-20 16:55:10,20260220-161321,log/pimaindians_diabetes/7/infgain/gaussian_noise__ADASYN__minmax/random_forest,1771575212296_720c096117715777106451253,0.6038961038961039,0.600084388185654,0.6098148148148148,0.5931748300203543,0.6439191188558276,0.6038961038961039,0.6129019739517336,0.6038961038961039,0.6038961038961039,0.6038961038961039,0.6078517943398842
7,infgain,minmax,gaussian_noise,RandomUnderSampler,random_forest,first,0.35,0.1,42,2026-02-20 16:55:11,20260220-161321,log/pimaindians_diabetes/7/infgain/minmax__gaussian_noise__RandomUnderSampler/random_forest,1771575212296_720c096117715777115621627,0.4285714285714285,0.6901408450704225,0.56,0.3826530612244897,0.7826961770623743,0.4285714285714285,0.3323615160349853,0.4285714285714285,0.4285714285714285,0.4285714285714285,0.4819644602307722
7,infgain,minmax,gaussian_noise,RandomUnderSampler,random_forest,first,0.35,0.2,42,2026-02-20 16:55:13,20260220-161321,log/pimaindians_diabetes/7/infgain/minmax__gaussian_noise__RandomUnderSampler/random_forest,1771575212296_720c096117715777131445169,0.525974025974026,0.6947586206896552,0.6307407407407408,0.5131436490407518,0.7756345723242275,0.5259740259740261,0.4895357554835273,0.525974025974026,0.525974025974026,0.525974025974026,0.5709049144437144
7,infgain,minmax,gaussian_noise,RandomUnderSampler,random_forest,first,0.5,0.1,42,2026-02-20 16:55:12,20260220-161321,log/pimaindians_diabetes/7/infgain/minmax__gaussian_noise__RandomUnderSampler/random_forest,1771575212296_720c096117715777123832309,0.7402597402597403,0.7165948275862069,0.7233333333333334,0.7193877551020409,0.7452418271383789,0.7402597402597403,0.7422475483699973,0.7402597402597403,0.7402597402597403,0.7402597402597403,0.7338661904304936
7,infgain,minmax,gaussian_noise,RandomUnderSampler,random_forest,first,0.5,0.2,42,2026-02-20 16:55:13,20260220-161321,log/pimaindians_diabetes/7/infgain/minmax__gaussian_noise__RandomUnderSampler/random_forest,1771575212296_720c096117715777139137396,0.6493506493506493,0.6127450980392157,0.6107407407407407,0.6116196525312908,0.6464222052457347,0.6493506493506493,0.6477785244831761,0.6493506493506493,0.6493506493506493,0.6493506493506493,0.6356407906949987
7,infgain,minmax,gaussian_noise,RandomUnderSampler,random_forest,last,0.35,0.1,42,2026-02-20 16:55:14,20260220-161321,log/pimaindians_diabetes/7/infgain/gaussian_noise__RandomUnderSampler__minmax/random_forest,1771575212296_720c096117715777147937701,0.4155844155844156,0.5727124183006536,0.5329629629629631,0.3818019625334522,0.6339657074951194,0.4155844155844156,0.3386354947461102,0.4155844155844156,0.4155844155844156,0.4155844155844156,0.4482634937015741
7,infgain,minmax,gaussian_noise,RandomUnderSampler,random_forest,last,0.35,0.2,42,2026-02-20 16:55:16,20260220-161321,log/pimaindians_diabetes/7/infgain/gaussian_noise__RandomUnderSampler__minmax/random_forest,1771575212296_720c096117715777163761546,0.512987012987013,0.634453781512605,0.6037037037037037,0.5054592164418754,0.700971297609953,0.512987012987013,0.4872340248062791,0.512987012987013,0.512987012987013,0.512987012987013,0.5480116696646544
7,infgain,minmax,gaussian_noise,RandomUnderSampler,random_forest,last,0.5,0.1,42,2026-02-20 16:55:15,20260220-161321,log/pimaindians_diabetes/7/infgain/gaussian_noise__RandomUnderSampler__minmax/random_forest,1771575212296_720c096117715777156148001,0.6883116883116883,0.6988482384823849,0.7174074074074074,0.6839945280437756,0.7473163692675887,0.6883116883116883,0.6950272709506636,0.6883116883116883,0.6883116883116883,0.6883116883116883,0.6985351466895792
7,infgain,minmax,gaussian_noise,RandomUnderSampler,random_forest,last,0.5,0.2,42,2026-02-20 16:55:17,20260220-161321,log/pimaindians_diabetes/7/infgain/gaussian_noise__RandomUnderSampler__minmax/random_forest,1771575212296_720c096117715777171493211,0.6428571428571429,0.6196581196581197,0.6270370370370371,0.6209782073656419,0.6577708006279435,0.6428571428571429,0.6481790460848053,0.6428571428571429,0.6428571428571429,0.6428571428571429,0.6379630408927341
7,infgain,minmax,gaussian_noise,SMOTE,random_forest,first,0.35,0.1,42,2026-02-20 16:55:18,20260220-161321,log/pimaindians_diabetes/7/infgain/minmax__gaussian_noise__SMOTE/random_forest,1771575212296_720c096117715777183608342,0.5714285714285714,0.725,0.67,0.564076170869789,0.8071428571428572,0.5714285714285714,0.5471656495845894,0.5714285714285714,0.5714285714285714,0.5714285714285714,0.6154719873538709
7,infgain,minmax,gaussian_noise,SMOTE,random_forest,first,0.35,0.2,42,2026-02-20 16:55:20,20260220-161321,log/pimaindians_diabetes/7/infgain/minmax__gaussian_noise__SMOTE/random_forest,1771575212296_720c096117715777205334545,0.6038961038961039,0.6910916683237224,0.677962962962963,0.6030760130139012,0.7579416010515632,0.6038961038961039,0.5976868443594263,0.6038961038961039,0.6038961038961039,0.6038961038961039,0.6343724933982655
7,infgain,minmax,gaussian_noise,SMOTE,random_forest,first,0.5,0.1,42,2026-02-20 16:55:19,20260220-161321,log/pimaindians_diabetes/7/infgain/minmax__gaussian_noise__SMOTE/random_forest,1771575212296_720c096117715777194844765,0.7272727272727273,0.7,0.6792592592592592,0.6857142857142857,0.71900826446281,0.7272727272727273,0.7198515769944341,0.7272727272727273,0.7272727272727273,0.7272727272727273,0.7115707226876057
7,infgain,minmax,gaussian_noise,SMOTE,random_forest,first,0.5,0.2,42,2026-02-20 16:55:21,20260220-161321,log/pimaindians_diabetes/7/infgain/minmax__gaussian_noise__SMOTE/random_forest,1771575212296_720c096117715777215573683,0.6233766233766234,0.5671052631578948,0.5566666666666666,0.5559753430105389,0.6020847573479152,0.6233766233766234,0.6076496579578703,0.6233766233766234,0.6233766233766234,0.6233766233766234,0.5964800682131582
7,infgain,minmax,gaussian_noise,SMOTE,random_forest,last,0.35,0.1,42,2026-02-20 16:55:22,20260220-161321,log/pimaindians_diabetes/7/infgain/gaussian_noise__SMOTE__minmax/random_forest,1771575212296_720c096117715777227509913,0.4805194805194805,0.6583333333333333,0.5914814814814814,0.4600280504908836,0.7354978354978354,0.4805194805194805,0.4286078577803683,0.4805194805194805,0.4805194805194805,0.4805194805194805,0.5240344434797448
7,infgain,minmax,gaussian_noise,SMOTE,random_forest,last,0.35,0.2,42,2026-02-20 16:55:24,20260220-161321,log/pimaindians_diabetes/7/infgain/gaussian_noise__SMOTE__minmax/random_forest,1771575212296_720c096117715777249133005,0.487012987012987,0.6452318460192475,0.5922222222222222,0.4707443337538609,0.7180125211621274,0.487012987012987,0.4430273689420163,0.487012987012987,0.487012987012987,0.487012987012987,0.527417609149936
7,infgain,minmax,gaussian_noise,SMOTE,random_forest,last,0.5,0.1,42,2026-02-20 16:55:23,20260220-161321,log/pimaindians_diabetes/7/infgain/gaussian_noise__SMOTE__minmax/random_forest,1771575212296_720c096117715777238863520,0.6753246753246753,0.6663279132791329,0.6818518518518519,0.6642246642246642,0.7077130186886286,0.6753246753246753,0.682460396746111,0.6753246753246753,0.6753246753246753,0.6753246753246753,0.6777219076574477
7,infgain,minmax,gaussian_noise,SMOTE,random_forest,last,0.5,0.2,42,2026-02-20 16:55:25,20260220-161321,log/pimaindians_diabetes/7/infgain/gaussian_noise__SMOTE__minmax/random_forest,1771575212296_720c096117715777259674997,0.6558441558441559,0.6330891330891331,0.6412962962962963,0.6347608180068913,0.6704723847580991,0.6558441558441559,0.6609725353180851,0.6558441558441559,0.6558441558441559,0.6558441558441559,0.6511834467507616
7,infgain,minmax,gaussian_noise,TomekLinks,random_forest,first,0.35,0.1,42,2026-02-20 16:55:26,20260220-161321,log/pimaindians_diabetes/7/infgain/minmax__gaussian_noise__TomekLinks/random_forest,1771575212296_720c096117715777269873204,0.4805194805194805,0.7014925373134329,0.6,0.4539007092198581,0.7906571040899398,0.4805194805194805,0.4178870774615455,0.4805194805194805,0.4805194805194805,0.4805194805194805,0.5321909243503399
7,infgain,minmax,gaussian_noise,TomekLinks,random_forest,first,0.35,0.2,42,2026-02-20 16:55:28,20260220-161321,log/pimaindians_diabetes/7/infgain/minmax__gaussian_noise__TomekLinks/random_forest,1771575212296_720c096117715777288640011,0.551948051948052,0.6378185524974516,0.6251851851851852,0.5504125237994499,0.6995379747673325,0.551948051948052,0.5425642688177066,0.551948051948052,0.551948051948052,0.551948051948052,0.580979910916791
7,infgain,minmax,gaussian_noise,TomekLinks,random_forest,first,0.5,0.1,42,2026-02-20 16:55:27,20260220-161321,log/pimaindians_diabetes/7/infgain/minmax__gaussian_noise__TomekLinks/random_forest,1771575212296_720c096117715777279605946,0.6493506493506493,0.6173469387755102,0.6192592592592592,0.6181818181818182,0.652398621786377,0.6493506493506493,0.650767414403778,0.6493506493506493,0.6493506493506493,0.6493506493506493,0.6389831266102136
7,infgain,minmax,gaussian_noise,TomekLinks,random_forest,first,0.5,0.2,42,2026-02-20 16:55:29,20260220-161321,log/pimaindians_diabetes/7/infgain/minmax__gaussian_noise__TomekLinks/random_forest,1771575212296_720c096117715777297545334,0.6753246753246753,0.6340744101633394,0.6094444444444445,0.6125201288244766,0.6584014896174606,0.6753246753246753,0.6591170504213981,0.6753246753246753,0.6753246753246753,0.6753246753246753,0.6510674814392757
7,infgain,minmax,gaussian_noise,TomekLinks,random_forest,last,0.35,0.1,42,2026-02-20 16:55:30,20260220-161321,log/pimaindians_diabetes/7/infgain/gaussian_noise__TomekLinks__minmax/random_forest,1771575212296_720c096117715777308062792,0.5064935064935064,0.6424180327868853,0.602962962962963,0.4962121212121212,0.7118905684479455,0.5064935064935066,0.4747146792601338,0.5064935064935064,0.5064935064935064,0.5064935064935064,0.5439635790880202
7,infgain,minmax,gaussian_noise,TomekLinks,random_forest,last,0.35,0.2,42,2026-02-20 16:55:32,20260220-161321,log/pimaindians_diabetes/7/infgain/gaussian_noise__TomekLinks__minmax/random_forest,1771575212296_720c096117715777326715369,0.5324675324675324,0.5687943262411347,0.5718518518518518,0.5317567567567567,0.6179423413465965,0.5324675324675324,0.5372060372060373,0.5324675324675324,0.5324675324675324,0.5324675324675324,0.5491902840253903
7,infgain,minmax,gaussian_noise,TomekLinks,random_forest,last,0.5,0.1,42,2026-02-20 16:55:31,20260220-161321,log/pimaindians_diabetes/7/infgain/gaussian_noise__TomekLinks__minmax/random_forest,1771575212296_720c096117715777317661207,0.7272727272727273,0.6998491704374057,0.6962962962962963,0.6979263964132263,0.7250788427259015,0.7272727272727273,0.7260499634869146,0.7272727272727273,0.7272727272727273,0.7272727272727273,0.7166279758400723
7,infgain,minmax,gaussian_noise,TomekLinks,random_forest,last,0.5,0.2,42,2026-02-20 16:55:33,20260220-161321,log/pimaindians_diabetes/7/infgain/gaussian_noise__TomekLinks__minmax/random_forest,1771575212296_720c096117715777337649525,0.6948051948051948,0.661344537815126,0.6244444444444445,0.6286491201067159,0.6796682309287352,0.6948051948051948,0.6754672652779471,0.6948051948051948,0.6948051948051948,0.6948051948051948,0.6700852570486078
7,infgain,minmax,gaussian_noise,noImbl,random_forest,first,0.35,0.1,42,2026-02-20 16:55:34,20260220-161321,log/pimaindians_diabetes/7/infgain/minmax__gaussian_noise__noImbl/random_forest,1771575212296_720c096117715777348043313,0.6363636363636364,0.7066365007541479,0.702962962962963,0.6363022941970311,0.7712875359934184,0.6363636363636364,0.6348914243651086,0.6363636363636364,0.6363636363636364,0.6363636363636364,0.6633132123008283
7,infgain,minmax,gaussian_noise,noImbl,random_forest,first,0.35,0.2,42,2026-02-20 16:55:36,20260220-161321,log/pimaindians_diabetes/7/infgain/minmax__gaussian_noise__noImbl/random_forest,1771575212296_720c096117715777366345556,0.6428571428571429,0.6947911014650028,0.6994444444444444,0.6427215590331969,0.7545151538640416,0.6428571428571429,0.6448005110003676,0.6428571428571429,0.6428571428571429,0.6428571428571429,0.6651462376252406
7,infgain,minmax,gaussian_noise,noImbl,random_forest,first,0.5,0.1,42,2026-02-20 16:55:35,20260220-161321,log/pimaindians_diabetes/7/infgain/minmax__gaussian_noise__noImbl/random_forest,1771575212296_720c096117715777357422766,0.7792207792207793,0.8095238095238095,0.7022222222222222,0.7174616878912152,0.795299938157081,0.7792207792207793,0.7569188851295477,0.7792207792207793,0.7792207792207793,0.7792207792207793,0.7635499946317372
7,infgain,minmax,gaussian_noise,noImbl,random_forest,first,0.5,0.2,42,2026-02-20 16:55:37,20260220-161321,log/pimaindians_diabetes/7/infgain/minmax__gaussian_noise__noImbl/random_forest,1771575212296_720c096117715777375242697,0.7012987012987013,0.710375816993464,0.5953703703703703,0.5830979284369114,0.706837280366692,0.7012987012987013,0.649405679066696,0.7012987012987013,0.7012987012987013,0.7012987012987013,0.6666533684180741
7,infgain,minmax,gaussian_noise,noImbl,random_forest,last,0.35,0.1,42,2026-02-20 16:55:38,20260220-161321,log/pimaindians_diabetes/7/infgain/gaussian_noise__noImbl__minmax/random_forest,1771575212296_720c096117715777385788445,0.4805194805194805,0.626984126984127,0.582962962962963,0.4652777777777778,0.6957328385899815,0.4805194805194805,0.4383116883116883,0.4805194805194805,0.4805194805194805,0.4805194805194805,0.5183142049749191
7,infgain,minmax,gaussian_noise,noImbl,random_forest,last,0.35,0.2,42,2026-02-20 16:55:40,20260220-161321,log/pimaindians_diabetes/7/infgain/gaussian_noise__noImbl__minmax/random_forest,1771575212296_720c096117715777404196501,0.5714285714285714,0.6340497737556561,0.6316666666666667,0.5713562753036436,0.691661279896574,0.5714285714285714,0.5696934644303066,0.5714285714285714,0.5714285714285714,0.5714285714285714,0.5954666615634107
7,infgain,minmax,gaussian_noise,noImbl,random_forest,last,0.5,0.1,42,2026-02-20 16:55:39,20260220-161321,log/pimaindians_diabetes/7/infgain/gaussian_noise__noImbl__minmax/random_forest,1771575212296_720c096117715777395414240,0.6493506493506493,0.6223404255319149,0.6277777777777778,0.6239826370048833,0.6588836695219673,0.6493506493506493,0.6531558512025142,0.6493506493506493,0.6493506493506493,0.6493506493506493,0.6422112202545351
7,infgain,minmax,gaussian_noise,noImbl,random_forest,last,0.5,0.2,42,2026-02-20 16:55:41,20260220-161321,log/pimaindians_diabetes/7/infgain/gaussian_noise__noImbl__minmax/random_forest,1771575212296_720c096117715777413015171,0.6623376623376623,0.6139856557377049,0.5824074074074074,0.580557301487534,0.6386989035554609,0.6623376623376623,0.635879310297915,0.6623376623376623,0.6623376623376623,0.6623376623376623,0.6309097533729394
7,infgain,minmax,mixup,ADASYN,random_forest,first,0.35,0.1,42,2026-02-20 16:55:42,20260220-161321,log/pimaindians_diabetes/7/infgain/minmax__mixup__ADASYN/random_forest,1771575212296_720c096117715777421591969,0.7272727272727273,0.7664796633941093,0.7814814814814814,0.7265347539320142,0.8265969654468953,0.7272727272727273,0.7307781006411144,0.7272727272727273,0.7272727272727273,0.7272727272727273,0.7469618301273088
7,infgain,minmax,mixup,ADASYN,random_forest,first,0.35,0.2,42,2026-02-20 16:55:43,20260220-161321,log/pimaindians_diabetes/7/infgain/minmax__mixup__ADASYN/random_forest,1771575212296_720c096117715777436668743,0.6948051948051948,0.7429973238180196,0.7522222222222222,0.6944831370562661,0.8045761553344069,0.6948051948051948,0.6974460683464102,0.6948051948051948,0.6948051948051948,0.6948051948051948,0.7166910288699441
7,infgain,minmax,mixup,ADASYN,random_forest,first,0.5,0.1,42,2026-02-20 16:55:42,20260220-161321,log/pimaindians_diabetes/7/infgain/minmax__mixup__ADASYN/random_forest,1771575212296_720c096117715777429440871,0.7272727272727273,0.7079861111111111,0.7218518518518519,0.711507582515611,0.7421085858585859,0.7272727272727273,0.731651934149704,0.7272727272727273,0.7272727272727273,0.7272727272727273,0.724577673291043
7,infgain,minmax,mixup,ADASYN,random_forest,first,0.5,0.2,42,2026-02-20 16:55:44,20260220-161321,log/pimaindians_diabetes/7/infgain/minmax__mixup__ADASYN/random_forest,1771575212296_720c096117715777443864344,0.7662337662337663,0.75,0.768888888888889,0.7542553191489361,0.7839433293978748,0.7662337662337663,0.7704614534401768,0.7662337662337663,0.7662337662337663,0.7662337662337663,0.7654842442105496
7,infgain,minmax,mixup,ADASYN,random_forest,last,0.35,0.1,42,2026-02-20 16:55:45,20260220-161321,log/pimaindians_diabetes/7/infgain/mixup__ADASYN__minmax/random_forest,1771575212296_720c096117715777452872936,0.7532467532467533,0.7594594594594595,0.7844444444444445,0.74901355292503,0.8070902070902072,0.7532467532467533,0.7587499136649934,0.7532467532467533,0.7532467532467533,0.7532467532467532,0.7625626323866157
7,infgain,minmax,mixup,ADASYN,random_forest,last,0.35,0.2,42,2026-02-20 16:55:46,20260220-161321,log/pimaindians_diabetes/7/infgain/mixup__ADASYN__minmax/random_forest,1771575212296_720c096117715777467625790,0.6818181818181818,0.7161172161172161,0.7294444444444443,0.680727734292363,0.7724656296084867,0.6818181818181818,0.686301132757659,0.6818181818181818,0.6818181818181818,0.6818181818181818,0.6995843318017905
7,infgain,minmax,mixup,ADASYN,random_forest,last,0.5,0.1,42,2026-02-20 16:55:46,20260220-161321,log/pimaindians_diabetes/7/infgain/mixup__ADASYN__minmax/random_forest,1771575212296_720c096117715777460388057,0.7922077922077922,0.773492286115007,0.788888888888889,0.7787356321839081,0.8021893954572776,0.7922077922077922,0.7950440364233468,0.7922077922077922,0.7922077922077922,0.7922077922077922,0.7894071242203224
7,infgain,minmax,mixup,ADASYN,random_forest,last,0.5,0.2,42,2026-02-20 16:55:47,20260220-161321,log/pimaindians_diabetes/7/infgain/mixup__ADASYN__minmax/random_forest,1771575212296_720c096117715777474936804,0.7077922077922078,0.6916280665637331,0.7068518518518518,0.6937287311618863,0.728805591389225,0.7077922077922078,0.7133323652526375,0.7077922077922078,0.7077922077922078,0.7077922077922078,0.7069045985595426
7,infgain,minmax,mixup,RandomUnderSampler,random_forest,first,0.35,0.1,42,2026-02-20 16:55:48,20260220-161321,log/pimaindians_diabetes/7/infgain/minmax__mixup__RandomUnderSampler/random_forest,1771575212296_720c096117715777482476688,0.7272727272727273,0.7664796633941093,0.7814814814814814,0.7265347539320142,0.8265969654468953,0.7272727272727273,0.7307781006411144,0.7272727272727273,0.7272727272727273,0.7272727272727273,0.7469618301273088
7,infgain,minmax,mixup,RandomUnderSampler,random_forest,first,0.35,0.2,42,2026-02-20 16:55:49,20260220-161321,log/pimaindians_diabetes/7/infgain/minmax__mixup__RandomUnderSampler/random_forest,1771575212296_720c096117715777495186164,0.6883116883116883,0.7397629310344829,0.7472222222222222,0.6881012658227849,0.8020460143304972,0.6883116883116883,0.6905211244451751,0.6883116883116883,0.6883116883116883,0.6883116883116883,0.7110211506235894
7,infgain,minmax,mixup,RandomUnderSampler,random_forest,first,0.5,0.1,42,2026-02-20 16:55:48,20260220-161321,log/pimaindians_diabetes/7/infgain/minmax__mixup__RandomUnderSampler/random_forest,1771575212296_720c096117715777488792824,0.7142857142857143,0.7023809523809523,0.7203703703703703,0.703015427769986,0.7414965986394558,0.7142857142857143,0.7202965337607694,0.7142857142857143,0.7142857142857143,0.7142857142857143,0.7156358720829766
7,infgain,minmax,mixup,RandomUnderSampler,random_forest,first,0.5,0.2,42,2026-02-20 16:55:50,20260220-161321,log/pimaindians_diabetes/7/infgain/minmax__mixup__RandomUnderSampler/random_forest,1771575212296_720c096117715777501308991,0.7272727272727273,0.7334459459459459,0.7559259259259259,0.7225939269171384,0.7807739557739558,0.7272727272727273,0.7333551677349927,0.7272727272727273,0.7272727272727273,0.7272727272727273,0.7363160378714932
7,infgain,minmax,mixup,RandomUnderSampler,random_forest,last,0.35,0.1,42,2026-02-20 16:55:50,20260220-161321,log/pimaindians_diabetes/7/infgain/mixup__RandomUnderSampler__minmax/random_forest,1771575212296_720c096117715777508674937,0.7142857142857143,0.7599290780141845,0.7714814814814814,0.7138513513513514,0.8216818642350558,0.7142857142857142,0.7171814671814672,0.7142857142857143,0.7142857142857143,0.7142857142857143,0.7356784508672805
7,infgain,minmax,mixup,RandomUnderSampler,random_forest,last,0.35,0.2,42,2026-02-20 16:55:52,20260220-161321,log/pimaindians_diabetes/7/infgain/mixup__RandomUnderSampler__minmax/random_forest,1771575212296_720c096117715777521259827,0.7077922077922078,0.7368193604148661,0.7537037037037038,0.7062937062937062,0.7924547362749611,0.7077922077922078,0.7125601671056216,0.7077922077922078,0.7077922077922078,0.7077922077922078,0.7242427441661353
7,infgain,minmax,mixup,RandomUnderSampler,random_forest,last,0.5,0.1,42,2026-02-20 16:55:51,20260220-161321,log/pimaindians_diabetes/7/infgain/mixup__RandomUnderSampler__minmax/random_forest,1771575212296_720c096117715777515089921,0.7662337662337663,0.77710027100271,0.8029629629629631,0.7629958960328318,0.8270861929398514,0.7662337662337663,0.7712704532129977,0.7662337662337663,0.7662337662337663,0.7662337662337663,0.7773484015709332
7,infgain,minmax,mixup,RandomUnderSampler,random_forest,last,0.5,0.2,42,2026-02-20 16:55:52,20260220-161321,log/pimaindians_diabetes/7/infgain/mixup__RandomUnderSampler__minmax/random_forest,1771575212296_720c096117715777527480453,0.7142857142857143,0.6889367816091954,0.6948148148148148,0.6913265306122449,0.7196223316912971,0.7142857142857143,0.7164723032069972,0.7142857142857143,0.7142857142857143,0.7142857142857143,0.7072215035987025
7,infgain,minmax,mixup,SMOTE,random_forest,first,0.35,0.1,42,2026-02-20 16:55:53,20260220-161321,log/pimaindians_diabetes/7/infgain/minmax__mixup__SMOTE/random_forest,1771575212296_720c096117715777535962880,0.7012987012987013,0.7535919540229885,0.7614814814814814,0.7010970464135021,0.8168943125839677,0.7012987012987013,0.7034160775932927,0.7012987012987013,0.7012987012987013,0.7012987012987013,0.7243932239293434
7,infgain,minmax,mixup,SMOTE,random_forest,first,0.35,0.2,42,2026-02-20 16:55:55,20260220-161321,log/pimaindians_diabetes/7/infgain/minmax__mixup__SMOTE/random_forest,1771575212296_720c096117715777550858995,0.7077922077922078,0.7310859495625321,0.7494444444444444,0.7056949929927379,0.7846615556342782,0.7077922077922078,0.7131159068985544,0.7077922077922078,0.7077922077922078,0.7077922077922078,0.7224577130647023
7,infgain,minmax,mixup,SMOTE,random_forest,first,0.5,0.1,42,2026-02-20 16:55:54,20260220-161321,log/pimaindians_diabetes/7/infgain/minmax__mixup__SMOTE/random_forest,1771575212296_720c096117715777543549640,0.7662337662337663,0.7442528735632183,0.7518518518518519,0.7474489795918368,0.7708613225854606,0.7662337662337663,0.7680227935329976,0.7662337662337663,0.7662337662337663,0.7662337662337663,0.7605108772622845
7,infgain,minmax,mixup,SMOTE,random_forest,first,0.5,0.2,42,2026-02-20 16:55:55,20260220-161321,log/pimaindians_diabetes/7/infgain/minmax__mixup__SMOTE/random_forest,1771575212296_720c096117715777558113493,0.7402597402597403,0.7258891928864568,0.7446296296296296,0.7285386920500616,0.7626139250626255,0.7402597402597403,0.7453876988514745,0.7402597402597403,0.7402597402597403,0.7402597402597403,0.7405061294969976
7,infgain,minmax,mixup,SMOTE,random_forest,last,0.35,0.1,42,2026-02-20 16:55:56,20260220-161321,log/pimaindians_diabetes/7/infgain/mixup__SMOTE__minmax/random_forest,1771575212296_720c096117715777566594020,0.7142857142857143,0.7249322493224932,0.7459259259259259,0.710328317373461,0.7739063104916764,0.7142857142857143,0.7204416650381084,0.7142857142857143,0.7142857142857143,0.7142857142857143,0.7248062316500304
7,infgain,minmax,mixup,SMOTE,random_forest,last,0.35,0.2,42,2026-02-20 16:55:58,20260220-161321,log/pimaindians_diabetes/7/infgain/mixup__SMOTE__minmax/random_forest,1771575212296_720c096117715777581442246,0.6948051948051948,0.7235090751944684,0.7394444444444443,0.6932400932400933,0.7785248459405762,0.6948051948051948,0.6997850634214271,0.6948051948051948,0.6948051948051948,0.6948051948051948,0.7110236879792547
7,infgain,minmax,mixup,SMOTE,random_forest,last,0.5,0.1,42,2026-02-20 16:55:57,20260220-161321,log/pimaindians_diabetes/7/infgain/mixup__SMOTE__minmax/random_forest,1771575212296_720c096117715777574218206,0.7662337662337663,0.7464936886395512,0.7603703703703704,0.7510775862068966,0.7767618076173475,0.7662337662337663,0.7694245409762651,0.7662337662337663,0.7662337662337663,0.7662337662337663,0.7629314122337074
7,infgain,minmax,mixup,SMOTE,random_forest,last,0.5,0.2,42,2026-02-20 16:55:58,20260220-161321,log/pimaindians_diabetes/7/infgain/mixup__SMOTE__minmax/random_forest,1771575212296_720c096117715777588695942,0.7272727272727273,0.7079861111111111,0.7218518518518519,0.711507582515611,0.7421085858585859,0.7272727272727273,0.731651934149704,0.7272727272727273,0.7272727272727273,0.7272727272727273,0.724577673291043
7,infgain,minmax,mixup,TomekLinks,random_forest,first,0.35,0.1,42,2026-02-20 16:55:59,20260220-161321,log/pimaindians_diabetes/7/infgain/minmax__mixup__TomekLinks/random_forest,1771575212296_720c096117715777596572634,0.7402597402597403,0.7612859097127223,0.7829629629629631,0.7380952380952381,0.815019453870343,0.7402597402597403,0.7452071737786023,0.7402597402597403,0.7402597402597403,0.7402597402597403,0.754526090539575
7,infgain,minmax,mixup,TomekLinks,random_forest,first,0.35,0.2,42,2026-02-20 16:56:01,20260220-161321,log/pimaindians_diabetes/7/infgain/minmax__mixup__TomekLinks/random_forest,1771575212296_720c096117715777610188774,0.6948051948051948,0.7178761365585864,0.7351851851851852,0.6926147704590818,0.770939302591387,0.6948051948051948,0.7003655027607123,0.6948051948051948,0.6948051948051948,0.6948051948051948,0.7092691813385628
7,infgain,minmax,mixup,TomekLinks,random_forest,first,0.5,0.1,42,2026-02-20 16:56:00,20260220-161321,log/pimaindians_diabetes/7/infgain/minmax__mixup__TomekLinks/random_forest,1771575212296_720c096117715777603443125,0.7402597402597403,0.7285714285714285,0.7488888888888889,0.7300140252454418,0.7669758812615954,0.7402597402597403,0.7457241216006995,0.7402597402597403,0.7402597402597403,0.7402597402597403,0.7419082380030084
7,infgain,minmax,mixup,TomekLinks,random_forest,first,0.5,0.2,42,2026-02-20 16:56:01,20260220-161321,log/pimaindians_diabetes/7/infgain/minmax__mixup__TomekLinks/random_forest,1771575212296_720c096117715777616856604,0.7272727272727273,0.7005555555555556,0.7005555555555556,0.7005555555555556,0.7272727272727273,0.7272727272727273,0.7272727272727273,0.7272727272727273,0.7272727272727273,0.7272727272727273,0.717921717171717
7,infgain,minmax,mixup,TomekLinks,random_forest,last,0.35,0.1,42,2026-02-20 16:56:02,20260220-161321,log/pimaindians_diabetes/7/infgain/mixup__TomekLinks__minmax/random_forest,1771575212296_720c096117715777626440265,0.7142857142857143,0.7599290780141845,0.7714814814814814,0.7138513513513514,0.8216818642350558,0.7142857142857142,0.7171814671814672,0.7142857142857143,0.7142857142857143,0.7142857142857143,0.7356784508672805
7,infgain,minmax,mixup,TomekLinks,random_forest,last,0.35,0.2,42,2026-02-20 16:56:04,20260220-161321,log/pimaindians_diabetes/7/infgain/mixup__TomekLinks__minmax/random_forest,1771575212296_720c096117715777640074903,0.6948051948051948,0.7077040556592566,0.7266666666666667,0.6910402526998762,0.7571496889331608,0.6948051948051948,0.701227743102503,0.6948051948051948,0.6948051948051948,0.6948051948051948,0.7059143184183431
7,infgain,minmax,mixup,TomekLinks,random_forest,last,0.5,0.1,42,2026-02-20 16:56:03,20260220-161321,log/pimaindians_diabetes/7/infgain/mixup__TomekLinks__minmax/random_forest,1771575212296_720c096117715777633378823,0.7662337662337663,0.7464936886395512,0.7603703703703704,0.7510775862068966,0.7767618076173475,0.7662337662337663,0.7694245409762651,0.7662337662337663,0.7662337662337663,0.7662337662337663,0.7629314122337074
7,infgain,minmax,mixup,TomekLinks,random_forest,last,0.5,0.2,42,2026-02-20 16:56:04,20260220-161321,log/pimaindians_diabetes/7/infgain/mixup__TomekLinks__minmax/random_forest,1771575212296_720c096117715777646671646,0.7467532467532467,0.7217448159910331,0.7198148148148149,0.72074208397266,0.7457112288048213,0.7467532467532467,0.746199817757915,0.7467532467532467,0.7467532467532467,0.7467532467532466,0.7374696699219518
7,infgain,minmax,mixup,noImbl,random_forest,first,0.35,0.1,42,2026-02-20 16:56:05,20260220-161321,log/pimaindians_diabetes/7/infgain/minmax__mixup__noImbl/random_forest,1771575212296_720c096117715777654493041,0.7402597402597403,0.7510162601626016,0.7744444444444445,0.7366621067031465,0.8004962517157639,0.7402597402597403,0.745856059125553,0.7402597402597403,0.7402597402597403,0.7402597402597403,0.7510773166104818
7,infgain,minmax,mixup,noImbl,random_forest,first,0.35,0.2,42,2026-02-20 16:56:06,20260220-161321,log/pimaindians_diabetes/7/infgain/minmax__mixup__noImbl/random_forest,1771575212296_720c096117715777667991819,0.7012987012987013,0.7166666666666667,0.7359259259259259,0.6980392156862745,0.7671614100185529,0.7012987012987013,0.7074102368220015,0.7012987012987013,0.7012987012987013,0.7012987012987013,0.7133122986568362
7,infgain,minmax,mixup,noImbl,random_forest,first,0.5,0.1,42,2026-02-20 16:56:06,20260220-161321,log/pimaindians_diabetes/7/infgain/minmax__mixup__noImbl/random_forest,1771575212296_720c096117715777661305352,0.7792207792207793,0.7614583333333333,0.778888888888889,0.7664585191793042,0.7928841991341992,0.7792207792207793,0.7827658514545224,0.7792207792207793,0.7792207792207793,0.7792207792207793,0.7773951094190278
7,infgain,minmax,mixup,noImbl,random_forest,first,0.5,0.2,42,2026-02-20 16:56:07,20260220-161321,log/pimaindians_diabetes/7/infgain/minmax__mixup__noImbl/random_forest,1771575212296_720c096117715777674639663,0.7272727272727273,0.7059957924263675,0.7175925925925926,0.7095905172413793,0.7386204258574525,0.7272727272727273,0.7309952978056427,0.7272727272727273,0.7272727272727273,0.7272727272727273,0.7232178442537853
7,infgain,minmax,mixup,noImbl,random_forest,last,0.35,0.1,42,2026-02-20 16:56:08,20260220-161321,log/pimaindians_diabetes/7/infgain/mixup__noImbl__minmax/random_forest,1771575212296_720c096117715777682439360,0.7272727272727273,0.7428571428571429,0.7644444444444445,0.7242966751918158,0.7940630797773655,0.7272727272727273,0.7328528249244362,0.7272727272727273,0.7272727272727273,0.7272727272727273,0.7396179826344239
7,infgain,minmax,mixup,noImbl,random_forest,last,0.35,0.2,42,2026-02-20 16:56:09,20260220-161321,log/pimaindians_diabetes/7/infgain/mixup__noImbl__minmax/random_forest,1771575212296_720c096117715777695935343,0.6753246753246753,0.7007575757575757,0.7159259259259259,0.6733412523332768,0.7539354584809129,0.6753246753246753,0.6809443738003046,0.6753246753246753,0.6753246753246753,0.6753246753246753,0.6903346100663487
7,infgain,minmax,mixup,noImbl,random_forest,last,0.5,0.1,42,2026-02-20 16:56:08,20260220-161321,log/pimaindians_diabetes/7/infgain/mixup__noImbl__minmax/random_forest,1771575212296_720c096117715777689279372,0.7402597402597403,0.7234848484848485,0.7403703703703703,0.7269503546099291,0.7585596221959858,0.7402597402597403,0.7449571704890854,0.7402597402597403,0.7402597402597403,0.7402597402597403,0.7391315089738686
7,infgain,minmax,mixup,noImbl,random_forest,last,0.5,0.2,42,2026-02-20 16:56:10,20260220-161321,log/pimaindians_diabetes/7/infgain/mixup__noImbl__minmax/random_forest,1771575212296_720c096117715777702639217,0.7532467532467533,0.7329943899018233,0.7461111111111112,0.7372485632183908,0.7640480136973826,0.7532467532467533,0.7566147932527243,0.7532467532467533,0.7532467532467533,0.7532467532467532,0.7496935562403999
7,infgain,minmax,noAug,ADASYN,random_forest,first,0.35,0.1,42,2026-02-20 16:56:10,20260220-161321,log/pimaindians_diabetes/7/infgain/minmax__noAug__ADASYN/random_forest,1771575212296_720c096117715777709720028,0.6753246753246753,0.7414814814814814,0.7414814814814814,0.6753246753246753,0.8076382876382875,0.6753246753246753,0.6753246753246753,0.6753246753246753,0.6753246753246753,0.6753246753246753,0.7017873977873976
7,infgain,minmax,noAug,ADASYN,random_forest,first,0.35,0.2,42,2026-02-20 16:56:12,20260220-161321,log/pimaindians_diabetes/7/infgain/minmax__noAug__ADASYN/random_forest,1771575212296_720c096117715777721913529,0.6818181818181818,0.7224572536576768,0.7337037037037037,0.681159420289855,0.7808759194269507,0.6818181818181818,0.6854884246188594,0.6818181818181818,0.6818181818181818,0.6818181818181818,0.7014281371424128
7,infgain,minmax,noAug,ADASYN,random_forest,first,0.5,0.1,42,2026-02-20 16:56:11,20260220-161321,log/pimaindians_diabetes/7/infgain/minmax__noAug__ADASYN/random_forest,1771575212296_720c096117715777715873001,0.8051948051948052,0.7967479674796748,0.8244444444444444,0.7985347985347986,0.8356034209692746,0.8051948051948052,0.8094762380476666,0.8051948051948052,0.8051948051948052,0.8051948051948051,0.8089591608546309
7,infgain,minmax,noAug,ADASYN,random_forest,first,0.5,0.2,42,2026-02-20 16:56:12,20260220-161321,log/pimaindians_diabetes/7/infgain/minmax__noAug__ADASYN/random_forest,1771575212296_720c096117715777727877294,0.7402597402597403,0.7383603238866396,0.7616666666666667,0.7337942955920485,0.782046900467953,0.7402597402597403,0.7461863978717911,0.7402597402597403,0.7402597402597403,0.7402597402597403,0.7463083892255978
7,infgain,minmax,noAug,ADASYN,random_forest,last,0.35,0.1,42,2026-02-20 16:56:13,20260220-161321,log/pimaindians_diabetes/7/infgain/noAug__ADASYN__minmax/random_forest,1771575212296_720c096117715777734902778,0.6883116883116883,0.7326241134751772,0.742962962962963,0.6878378378378378,0.792576218108133,0.6883116883116884,0.6914706914706914,0.6883116883116883,0.6883116883116883,0.6883116883116883,0.7090372841755819
7,infgain,minmax,noAug,ADASYN,random_forest,last,0.35,0.2,42,2026-02-20 16:56:14,20260220-161321,log/pimaindians_diabetes/7/infgain/noAug__ADASYN__minmax/random_forest,1771575212296_720c096117715777747085436,0.6493506493506493,0.6982758620689655,0.7044444444444444,0.649113924050633,0.7575011195700851,0.6493506493506493,0.6518362650008219,0.6493506493506493,0.6493506493506493,0.6493506493506493,0.6709049307063272
7,infgain,minmax,noAug,ADASYN,random_forest,last,0.5,0.1,42,2026-02-20 16:56:14,20260220-161321,log/pimaindians_diabetes/7/infgain/noAug__ADASYN__minmax/random_forest,1771575212296_720c096117715777741054088,0.7792207792207793,0.7614583333333333,0.778888888888889,0.7664585191793042,0.7928841991341992,0.7792207792207793,0.7827658514545224,0.7792207792207793,0.7792207792207793,0.7792207792207793,0.7773951094190278
7,infgain,minmax,noAug,ADASYN,random_forest,last,0.5,0.2,42,2026-02-20 16:56:15,20260220-161321,log/pimaindians_diabetes/7/infgain/noAug__ADASYN__minmax/random_forest,1771575212296_720c096117715777753061947,0.7207792207792207,0.7075021312872976,0.7253703703703703,0.7089870358163042,0.7456737635765769,0.7207792207792207,0.7264851167290192,0.7207792207792207,0.7207792207792207,0.7207792207792207,0.721487137716911
7,infgain,minmax,noAug,RandomUnderSampler,random_forest,first,0.35,0.1,42,2026-02-20 16:56:15,20260220-161321,log/pimaindians_diabetes/7/infgain/minmax__noAug__RandomUnderSampler/random_forest,1771575212296_720c096117715777759543265,0.6753246753246753,0.7414814814814814,0.7414814814814814,0.6753246753246753,0.8076382876382875,0.6753246753246753,0.6753246753246753,0.6753246753246753,0.6753246753246753,0.6753246753246753,0.7017873977873976
7,infgain,minmax,noAug,RandomUnderSampler,random_forest,first,0.35,0.2,42,2026-02-20 16:56:17,20260220-161321,log/pimaindians_diabetes/7/infgain/minmax__noAug__RandomUnderSampler/random_forest,1771575212296_720c096117715777770676710,0.6753246753246753,0.7334183673469388,0.7372222222222222,0.6752699055330634,0.7970447919427511,0.6753246753246753,0.6765296107401371,0.6753246753246753,0.6753246753246753,0.6753246753246753,0.6996683357220412
7,infgain,minmax,noAug,RandomUnderSampler,random_forest,first,0.5,0.1,42,2026-02-20 16:56:16,20260220-161321,log/pimaindians_diabetes/7/infgain/minmax__noAug__RandomUnderSampler/random_forest,1771575212296_720c096117715777765080819,0.7662337662337663,0.7608108108108108,0.7859259259259259,0.759375,0.8023868023868024,0.7662337662337663,0.7715097402597403,0.7662337662337663,0.7662337662337663,0.7662337662337663,0.7710385714448212
7,infgain,minmax,noAug,RandomUnderSampler,random_forest,first,0.5,0.2,42,2026-02-20 16:56:17,20260220-161321,log/pimaindians_diabetes/7/infgain/minmax__noAug__RandomUnderSampler/random_forest,1771575212296_720c096117715777776351079,0.6948051948051948,0.6812446717817562,0.6968518518518518,0.6819160624038674,0.7202311754741422,0.6948051948051948,0.701041871773579,0.6948051948051948,0.6948051948051948,0.6948051948051948,0.6951985379594698
7,infgain,minmax,noAug,RandomUnderSampler,random_forest,last,0.35,0.1,42,2026-02-20 16:56:18,20260220-161321,log/pimaindians_diabetes/7/infgain/noAug__RandomUnderSampler__minmax/random_forest,1771575212296_720c096117715777782876218,0.6883116883116883,0.7474489795918369,0.7514814814814814,0.688259109311741,0.812218393851047,0.6883116883116883,0.6894684263105315,0.6883116883116883,0.6883116883116883,0.6883116883116883,0.7130986911604527
7,infgain,minmax,noAug,RandomUnderSampler,random_forest,last,0.35,0.2,42,2026-02-20 16:56:19,20260220-161321,log/pimaindians_diabetes/7/infgain/noAug__RandomUnderSampler__minmax/random_forest,1771575212296_720c096117715777794046218,0.6753246753246753,0.7334183673469388,0.7372222222222222,0.6752699055330634,0.7970447919427511,0.6753246753246753,0.6765296107401371,0.6753246753246753,0.6753246753246753,0.6753246753246753,0.6996683357220412
7,infgain,minmax,noAug,RandomUnderSampler,random_forest,last,0.5,0.1,42,2026-02-20 16:56:18,20260220-161321,log/pimaindians_diabetes/7/infgain/noAug__RandomUnderSampler__minmax/random_forest,1771575212296_720c096117715777788380996,0.7922077922077922,0.7868243243243244,0.8144444444444444,0.7861111111111111,0.8280975780975781,0.7922077922077922,0.7968975468975469,0.7922077922077922,0.7922077922077922,0.7922077922077922,0.7972710502710503
7,infgain,minmax,noAug,RandomUnderSampler,random_forest,last,0.5,0.2,42,2026-02-20 16:56:19,20260220-161321,log/pimaindians_diabetes/7/infgain/noAug__RandomUnderSampler__minmax/random_forest,1771575212296_720c096117715777799513960,0.6948051948051948,0.6812446717817562,0.6968518518518518,0.6819160624038674,0.7202311754741422,0.6948051948051948,0.701041871773579,0.6948051948051948,0.6948051948051948,0.6948051948051948,0.6951985379594698
7,infgain,minmax,noAug,SMOTE,random_forest,first,0.35,0.1,42,2026-02-20 16:56:20,20260220-161321,log/pimaindians_diabetes/7/infgain/minmax__noAug__SMOTE/random_forest,1771575212296_720c096117715777806468654,0.7272727272727273,0.7664796633941093,0.7814814814814814,0.7265347539320142,0.8265969654468953,0.7272727272727273,0.7307781006411144,0.7272727272727273,0.7272727272727273,0.7272727272727273,0.7469618301273088
7,infgain,minmax,noAug,SMOTE,random_forest,first,0.35,0.2,42,2026-02-20 16:56:21,20260220-161321,log/pimaindians_diabetes/7/infgain/minmax__noAug__SMOTE/random_forest,1771575212296_720c096117715777818543662,0.6818181818181818,0.7161172161172161,0.7294444444444443,0.680727734292363,0.7724656296084867,0.6818181818181818,0.686301132757659,0.6818181818181818,0.6818181818181818,0.6818181818181818,0.6995843318017905
7,infgain,minmax,noAug,SMOTE,random_forest,first,0.5,0.1,42,2026-02-20 16:56:21,20260220-161321,log/pimaindians_diabetes/7/infgain/minmax__noAug__SMOTE/random_forest,1771575212296_720c096117715777812541270,0.7792207792207793,0.765389876880985,0.7874074074074073,0.7692578882425525,0.8007355161937925,0.7792207792207793,0.7835795440237534,0.7792207792207793,0.7792207792207793,0.7792207792207793,0.779967206576476
7,infgain,minmax,noAug,SMOTE,random_forest,first,0.5,0.2,42,2026-02-20 16:56:22,20260220-161321,log/pimaindians_diabetes/7/infgain/minmax__noAug__SMOTE/random_forest,1771575212296_720c096117715777824399779,0.7142857142857143,0.7162618083670715,0.7374074074074074,0.7083333333333333,0.7617119722382881,0.7142857142857143,0.7207792207792207,0.7142857142857143,0.7142857142857143,0.7142857142857143,0.7216192876324453
7,infgain,minmax,noAug,SMOTE,random_forest,last,0.35,0.1,42,2026-02-20 16:56:23,20260220-161321,log/pimaindians_diabetes/7/infgain/noAug__SMOTE__minmax/random_forest,1771575212296_720c096117715777831359720,0.6883116883116883,0.7197916666666666,0.7344444444444445,0.6869918699186992,0.775487012987013,0.6883116883116883,0.6930630345264491,0.6883116883116883,0.6883116883116883,0.6883116883116883,0.7053052234012599
7,infgain,minmax,noAug,SMOTE,random_forest,last,0.35,0.2,42,2026-02-20 16:56:24,20260220-161321,log/pimaindians_diabetes/7/infgain/noAug__SMOTE__minmax/random_forest,1771575212296_720c096117715777843260679,0.6883116883116883,0.7086183310533516,0.7259259259259259,0.6857142857142857,0.760513084726491,0.6883116883116883,0.6942486085343228,0.6883116883116883,0.6883116883116883,0.6883116883116883,0.7018248436325434
7,infgain,minmax,noAug,SMOTE,random_forest,last,0.5,0.1,42,2026-02-20 16:56:23,20260220-161321,log/pimaindians_diabetes/7/infgain/noAug__SMOTE__minmax/random_forest,1771575212296_720c096117715777837330573,0.7662337662337663,0.7442528735632183,0.7518518518518519,0.7474489795918368,0.7708613225854606,0.7662337662337663,0.7680227935329976,0.7662337662337663,0.7662337662337663,0.7662337662337663,0.7605108772622845
7,infgain,minmax,noAug,SMOTE,random_forest,last,0.5,0.2,42,2026-02-20 16:56:24,20260220-161321,log/pimaindians_diabetes/7/infgain/noAug__SMOTE__minmax/random_forest,1771575212296_720c096117715777849283729,0.7662337662337663,0.7547619047619047,0.7774074074074073,0.7570126227208976,0.7924551638837353,0.7662337662337663,0.7711517094406296,0.7662337662337663,0.7662337662337663,0.7662337662337663,0.7681806039230401
7,infgain,minmax,noAug,TomekLinks,random_forest,first,0.35,0.1,42,2026-02-20 16:56:25,20260220-161321,log/pimaindians_diabetes/7/infgain/minmax__noAug__TomekLinks/random_forest,1771575212296_720c096117715777855963867,0.7012987012987013,0.7535919540229885,0.7614814814814814,0.7010970464135021,0.8168943125839677,0.7012987012987013,0.7034160775932927,0.7012987012987013,0.7012987012987013,0.7012987012987013,0.7243932239293434
7,infgain,minmax,noAug,TomekLinks,random_forest,first,0.35,0.2,42,2026-02-20 16:56:26,20260220-161321,log/pimaindians_diabetes/7/infgain/minmax__noAug__TomekLinks/random_forest,1771575212296_720c096117715777867233065,0.7012987012987013,0.7394810659186536,0.7529629629629631,0.7004904447826822,0.7980273583359138,0.7012987012987013,0.7051379197497919,0.7012987012987013,0.7012987012987013,0.7012987012987013,0.7204108739211045
7,infgain,minmax,noAug,TomekLinks,random_forest,first,0.5,0.1,42,2026-02-20 16:56:26,20260220-161321,log/pimaindians_diabetes/7/infgain/minmax__noAug__TomekLinks/random_forest,1771575212296_720c096117715777861587253,0.7272727272727273,0.7127222982216143,0.7303703703703703,0.7149656266525648,0.7499067280189031,0.7272727272727273,0.7326570837940484,0.7272727272727273,0.7272727272727273,0.7272727272727273,0.7273524371371716
7,infgain,minmax,noAug,TomekLinks,random_forest,first,0.5,0.2,42,2026-02-20 16:56:27,20260220-161321,log/pimaindians_diabetes/7/infgain/minmax__noAug__TomekLinks/random_forest,1771575212296_720c096117715777872803402,0.7207792207792207,0.7170464135021097,0.7381481481481482,0.7132216014897579,0.7599736971888872,0.7207792207792207,0.7271276209823695,0.7207792207792207,0.7207792207792207,0.7207792207792207,0.7258808975664217
7,infgain,minmax,noAug,TomekLinks,random_forest,last,0.35,0.1,42,2026-02-20 16:56:27,20260220-161321,log/pimaindians_diabetes/7/infgain/noAug__TomekLinks__minmax/random_forest,1771575212296_720c096117715777879415868,0.7402597402597403,0.7732638888888889,0.7914814814814815,0.7391598915989159,0.831655844155844,0.7402597402597403,0.7442191954387076,0.7402597402597403,0.7402597402597403,0.7402597402597403,0.758250880612161
7,infgain,minmax,noAug,TomekLinks,random_forest,last,0.35,0.2,42,2026-02-20 16:56:29,20260220-161321,log/pimaindians_diabetes/7/infgain/noAug__TomekLinks__minmax/random_forest,1771575212296_720c096117715777890933961,0.6818181818181818,0.7292595896520964,0.737962962962963,0.6814824194841923,0.7898791663287649,0.6818181818181819,0.6845714329568958,0.6818181818181818,0.6818181818181818,0.6818181818181818,0.7033455224878181
7,infgain,minmax,noAug,TomekLinks,random_forest,last,0.5,0.1,42,2026-02-20 16:56:28,20260220-161321,log/pimaindians_diabetes/7/infgain/noAug__TomekLinks__minmax/random_forest,1771575212296_720c096117715777885267243,0.7922077922077922,0.773492286115007,0.788888888888889,0.7787356321839081,0.8021893954572776,0.7922077922077922,0.7950440364233468,0.7922077922077922,0.7922077922077922,0.7922077922077922,0.7894071242203224
7,infgain,minmax,noAug,TomekLinks,random_forest,last,0.5,0.2,42,2026-02-20 16:56:29,20260220-161321,log/pimaindians_diabetes/7/infgain/noAug__TomekLinks__minmax/random_forest,1771575212296_720c096117715777896563997,0.7337662337662337,0.723485491260818,0.7438888888888888,0.7239781420765028,0.7628950041982452,0.7337662337662337,0.7395040806188347,0.7337662337662337,0.7337662337662337,0.7337662337662337,0.7360557653455891
7,infgain,minmax,noAug,noImbl,random_forest,first,0.35,0.1,42,2026-02-20 16:56:30,20260220-161321,log/pimaindians_diabetes/7/infgain/minmax__noAug__noImbl/random_forest,1771575212296_720c096117715777905029503,0.7272727272727273,0.7537878787878789,0.7729629629629631,0.7256066519599524,0.809228650137741,0.7272727272727273,0.7319932739922557,0.7272727272727273,0.7272727272727273,0.7272727272727273,0.7431470289907803
7,infgain,minmax,noAug,noImbl,random_forest,first,0.35,0.2,42,2026-02-20 16:56:31,20260220-161321,log/pimaindians_diabetes/7/infgain/minmax__noAug__noImbl/random_forest,1771575212296_720c096117715777916500933,0.6818181818181818,0.7046663235546407,0.720925925925926,0.6795345479254258,0.7572170495484958,0.6818181818181818,0.6876150986228703,0.6818181818181818,0.6818181818181818,0.6818181818181818,0.6960806496124231
7,infgain,minmax,noAug,noImbl,random_forest,first,0.5,0.1,42,2026-02-20 16:56:31,20260220-161321,log/pimaindians_diabetes/7/infgain/minmax__noAug__noImbl/random_forest,1771575212296_720c096117715777910883070,0.7402597402597403,0.7165948275862069,0.7233333333333334,0.7193877551020409,0.7452418271383789,0.7402597402597403,0.7422475483699973,0.7402597402597403,0.7402597402597403,0.7402597402597403,0.7338661904304936
7,infgain,minmax,noAug,noImbl,random_forest,first,0.5,0.2,42,2026-02-20 16:56:32,20260220-161321,log/pimaindians_diabetes/7/infgain/minmax__noAug__noImbl/random_forest,1771575212296_720c096117715777922142240,0.7337662337662337,0.7118808390622247,0.7225925925925927,0.7155215138544717,0.7433410939492379,0.7337662337662337,0.7370409270837295,0.7337662337662337,0.7337662337662337,0.7337662337662337,0.729172312207629
7,infgain,minmax,noAug,noImbl,random_forest,last,0.35,0.1,42,2026-02-20 16:56:32,20260220-161321,log/pimaindians_diabetes/7/infgain/noAug__noImbl__minmax/random_forest,1771575212296_720c096117715777928809685,0.7272727272727273,0.7537878787878789,0.7729629629629631,0.7256066519599524,0.809228650137741,0.7272727272727273,0.7319932739922557,0.7272727272727273,0.7272727272727273,0.7272727272727273,0.7431470289907803
7,infgain,minmax,noAug,noImbl,random_forest,last,0.35,0.2,42,2026-02-20 16:56:34,20260220-161321,log/pimaindians_diabetes/7/infgain/noAug__noImbl__minmax/random_forest,1771575212296_720c096117715777940146952,0.6818181818181818,0.7046663235546407,0.720925925925926,0.6795345479254258,0.7572170495484958,0.6818181818181818,0.6876150986228703,0.6818181818181818,0.6818181818181818,0.6818181818181818,0.6960806496124231
7,infgain,minmax,noAug,noImbl,random_forest,last,0.5,0.1,42,2026-02-20 16:56:33,20260220-161321,log/pimaindians_diabetes/7/infgain/noAug__noImbl__minmax/random_forest,1771575212296_720c096117715777934512722,0.7402597402597403,0.7165948275862069,0.7233333333333334,0.7193877551020409,0.7452418271383789,0.7402597402597403,0.7422475483699973,0.7402597402597403,0.7402597402597403,0.7402597402597403,0.7338661904304936
7,infgain,minmax,noAug,noImbl,random_forest,last,0.5,0.2,42,2026-02-20 16:56:34,20260220-161321,log/pimaindians_diabetes/7/infgain/noAug__noImbl__minmax/random_forest,1771575212296_720c096117715777945745799,0.7337662337662337,0.7118808390622247,0.7225925925925927,0.7155215138544717,0.7433410939492379,0.7337662337662337,0.7370409270837295,0.7337662337662337,0.7337662337662337,0.7337662337662337,0.729172312207629
8,noSelect,minmax,gaussian_noise,ADASYN,random_forest,first,0.35,0.1,42,2026-02-20 16:58:09,20260220-161321,log/pimaindians_diabetes/8/noSelect/minmax__gaussian_noise__ADASYN/random_forest,1771575212296_720c096117715778893063617,0.4545454545454545,0.5635245901639344,0.5459259259259259,0.4431818181818181,0.6192250372578242,0.4545454545454545,0.4194214876033058,0.4545454545454545,0.4545454545454545,0.4545454545454545,0.4840762330207186
8,noSelect,minmax,gaussian_noise,ADASYN,random_forest,first,0.35,0.2,42,2026-02-20 16:58:11,20260220-161321,log/pimaindians_diabetes/8/noSelect/minmax__gaussian_noise__ADASYN/random_forest,1771575212296_720c096117715778915376015,0.487012987012987,0.6452318460192475,0.5922222222222222,0.4707443337538609,0.7180125211621274,0.487012987012987,0.4430273689420163,0.487012987012987,0.487012987012987,0.487012987012987,0.527417609149936
8,noSelect,minmax,gaussian_noise,ADASYN,random_forest,first,0.5,0.1,42,2026-02-20 16:58:10,20260220-161321,log/pimaindians_diabetes/8/noSelect/minmax__gaussian_noise__ADASYN/random_forest,1771575212296_720c096117715778904723841,0.6363636363636364,0.6007407407407407,0.6007407407407407,0.6007407407407407,0.6363636363636364,0.6363636363636364,0.6363636363636364,0.6363636363636364,0.6363636363636364,0.6363636363636364,0.6238956228956227
8,noSelect,minmax,gaussian_noise,ADASYN,random_forest,first,0.5,0.2,42,2026-02-20 16:58:12,20260220-161321,log/pimaindians_diabetes/8/noSelect/minmax__gaussian_noise__ADASYN/random_forest,1771575212296_720c096117715778926351677,0.6688311688311688,0.6354380721090978,0.6342592592592593,0.6348165713488632,0.6674397898010825,0.6688311688311688,0.6681074539911198,0.6688311688311688,0.6688311688311688,0.6688311688311688,0.6566847834504087
8,noSelect,minmax,gaussian_noise,ADASYN,random_forest,last,0.35,0.1,42,2026-02-20 16:58:13,20260220-161321,log/pimaindians_diabetes/8/noSelect/gaussian_noise__ADASYN__minmax/random_forest,1771575212296_720c096117715778937928183,0.4025974025974026,0.5997652582159625,0.5314814814814814,0.3545918367346938,0.6695323455886837,0.4025974025974025,0.3020143122183938,0.4025974025974026,0.4025974025974026,0.4025974025974025,0.4396077919105369
8,noSelect,minmax,gaussian_noise,ADASYN,random_forest,last,0.35,0.2,42,2026-02-20 16:58:16,20260220-161321,log/pimaindians_diabetes/8/noSelect/gaussian_noise__ADASYN__minmax/random_forest,1771575212296_720c096117715778960143547,0.4285714285714285,0.5596153846153846,0.5344444444444444,0.406030855539972,0.6164835164835165,0.4285714285714285,0.3714686435584051,0.4285714285714285,0.4285714285714285,0.4285714285714285,0.4591078308476624
8,noSelect,minmax,gaussian_noise,ADASYN,random_forest,last,0.5,0.1,42,2026-02-20 16:58:14,20260220-161321,log/pimaindians_diabetes/8/noSelect/gaussian_noise__ADASYN__minmax/random_forest,1771575212296_720c096117715778949493113,0.5714285714285714,0.5256410256410255,0.5251851851851852,0.5253129086493555,0.5677655677655677,0.5714285714285714,0.5695070854794374,0.5714285714285714,0.5714285714285714,0.5714285714285714,0.5546536055499253
8,noSelect,minmax,gaussian_noise,ADASYN,random_forest,last,0.5,0.2,42,2026-02-20 16:58:17,20260220-161321,log/pimaindians_diabetes/8/noSelect/gaussian_noise__ADASYN__minmax/random_forest,1771575212296_720c096117715778970642949,0.5974025974025974,0.5880758807588076,0.5962962962962963,0.5836385836385836,0.6309787773202408,0.5974025974025974,0.6062508919651777,0.5974025974025974,0.5974025974025974,0.5974025974025974,0.5989795557391375
8,noSelect,minmax,gaussian_noise,RandomUnderSampler,random_forest,first,0.35,0.1,42,2026-02-20 16:58:17,20260220-161321,log/pimaindians_diabetes/8/noSelect/minmax__gaussian_noise__RandomUnderSampler/random_forest,1771575212296_720c096117715778978933635,0.4155844155844156,0.6875,0.55,0.3636363636363636,0.7808441558441559,0.4155844155844156,0.3093270365997638,0.4155844155844156,0.4155844155844156,0.4155844155844156,0.4690126918536009
8,noSelect,minmax,gaussian_noise,RandomUnderSampler,random_forest,first,0.35,0.2,42,2026-02-20 16:58:19,20260220-161321,log/pimaindians_diabetes/8/noSelect/minmax__gaussian_noise__RandomUnderSampler/random_forest,1771575212296_720c096117715778994871166,0.461038961038961,0.6970802919708029,0.585,0.4280216583881505,0.7875628021613423,0.461038961038961,0.3869731199574132,0.461038961038961,0.461038961038961,0.461038961038961,0.5136291105806334
8,noSelect,minmax,gaussian_noise,RandomUnderSampler,random_forest,first,0.5,0.1,42,2026-02-20 16:58:18,20260220-161321,log/pimaindians_diabetes/8/noSelect/minmax__gaussian_noise__RandomUnderSampler/random_forest,1771575212296_720c096117715778987261972,0.6623376623376623,0.6727642276422765,0.6888888888888889,0.6576607387140903,0.7207264280435013,0.6623376623376623,0.6696128768632188,0.6623376623376623,0.6623376623376623,0.6623376623376623,0.6722640617291278
8,noSelect,minmax,gaussian_noise,RandomUnderSampler,random_forest,first,0.5,0.2,42,2026-02-20 16:58:20,20260220-161321,log/pimaindians_diabetes/8/noSelect/minmax__gaussian_noise__RandomUnderSampler/random_forest,1771575212296_720c096117715779002816610,0.7142857142857143,0.7123819163292847,0.7331481481481481,0.7071737251512532,0.7561692693271641,0.7142857142857143,0.7208050376589703,0.7142857142857143,0.7142857142857143,0.7142857142857143,0.7200810335162787
8,noSelect,minmax,gaussian_noise,RandomUnderSampler,random_forest,last,0.35,0.1,42,2026-02-20 16:58:21,20260220-161321,log/pimaindians_diabetes/8/noSelect/gaussian_noise__RandomUnderSampler__minmax/random_forest,1771575212296_720c096117715779010887115,0.3896103896103896,0.6824324324324325,0.53,0.323930506258173,0.7772902772902772,0.3896103896103896,0.2609872847122987,0.3896103896103896,0.3896103896103896,0.3896103896103896,0.4425540954619975
8,noSelect,minmax,gaussian_noise,RandomUnderSampler,random_forest,last,0.35,0.2,42,2026-02-20 16:58:22,20260220-161321,log/pimaindians_diabetes/8/noSelect/gaussian_noise__RandomUnderSampler__minmax/random_forest,1771575212296_720c096117715779026671963,0.5,0.6676873724117819,0.6064814814814814,0.4841432113803454,0.7448235637212016,0.5,0.4571279418801932,0.5,0.5,0.5,0.5430899147505273
8,noSelect,minmax,gaussian_noise,RandomUnderSampler,random_forest,last,0.5,0.1,42,2026-02-20 16:58:21,20260220-161321,log/pimaindians_diabetes/8/noSelect/gaussian_noise__RandomUnderSampler__minmax/random_forest,1771575212296_720c096117715779018975157,0.7272727272727273,0.7428571428571429,0.7644444444444445,0.7242966751918158,0.7940630797773655,0.7272727272727273,0.7328528249244362,0.7272727272727273,0.7272727272727273,0.7272727272727273,0.7396179826344239
8,noSelect,minmax,gaussian_noise,RandomUnderSampler,random_forest,last,0.5,0.2,42,2026-02-20 16:58:23,20260220-161321,log/pimaindians_diabetes/8/noSelect/gaussian_noise__RandomUnderSampler__minmax/random_forest,1771575212296_720c096117715779034516028,0.7012987012987013,0.6789971949509117,0.6890740740740741,0.6819324712643677,0.7131928380175224,0.7012987012987013,0.7053758023585609,0.7012987012987013,0.7012987012987013,0.7012987012987013,0.6967421322671704
8,noSelect,minmax,gaussian_noise,SMOTE,random_forest,first,0.35,0.1,42,2026-02-20 16:58:24,20260220-161321,log/pimaindians_diabetes/8/noSelect/minmax__gaussian_noise__SMOTE/random_forest,1771575212296_720c096117715779045879959,0.4675324675324675,0.5935483870967742,0.5644444444444444,0.4542783059636992,0.6552157519899455,0.4675324675324675,0.4288744962902266,0.4675324675324675,0.4675324675324675,0.4675324675324675,0.5008067657041922
8,noSelect,minmax,gaussian_noise,SMOTE,random_forest,first,0.35,0.2,42,2026-02-20 16:58:26,20260220-161321,log/pimaindians_diabetes/8/noSelect/minmax__gaussian_noise__SMOTE/random_forest,1771575212296_720c096117715779069372132,0.4285714285714285,0.6041666666666667,0.5472222222222222,0.3955396966993755,0.6726190476190477,0.4285714285714285,0.3533324837517522,0.4285714285714285,0.4285714285714285,0.4285714285714285,0.4661601921470341
8,noSelect,minmax,gaussian_noise,SMOTE,random_forest,first,0.5,0.1,42,2026-02-20 16:58:25,20260220-161321,log/pimaindians_diabetes/8/noSelect/minmax__gaussian_noise__SMOTE/random_forest,1771575212296_720c096117715779058901289,0.6883116883116883,0.6529790660225443,0.6407407407407407,0.6446153846153846,0.6791935922370705,0.6883116883116883,0.6818381618381619,0.6883116883116883,0.6883116883116883,0.6883116883116883,0.6715840471927428
8,noSelect,minmax,gaussian_noise,SMOTE,random_forest,first,0.5,0.2,42,2026-02-20 16:58:27,20260220-161321,log/pimaindians_diabetes/8/noSelect/minmax__gaussian_noise__SMOTE/random_forest,1771575212296_720c096117715779079918131,0.5909090909090909,0.5082644628099173,0.5061111111111112,0.4953970978311749,0.5514650638617581,0.5909090909090909,0.5609724960637739,0.5909090909090909,0.5909090909090909,0.5909090909090909,0.5514031392261572
8,noSelect,minmax,gaussian_noise,SMOTE,random_forest,last,0.35,0.1,42,2026-02-20 16:58:29,20260220-161321,log/pimaindians_diabetes/8/noSelect/gaussian_noise__SMOTE__minmax/random_forest,1771575212296_720c096117715779091199142,0.4155844155844156,0.5727124183006536,0.5329629629629631,0.3818019625334522,0.6339657074951194,0.4155844155844156,0.3386354947461102,0.4155844155844156,0.4155844155844156,0.4155844155844156,0.4482634937015741
8,noSelect,minmax,gaussian_noise,SMOTE,random_forest,last,0.35,0.2,42,2026-02-20 16:58:31,20260220-161321,log/pimaindians_diabetes/8/noSelect/gaussian_noise__SMOTE__minmax/random_forest,1771575212296_720c096117715779112870829,0.435064935064935,0.6309574924860455,0.5564814814814814,0.4004564371056517,0.7060496394974712,0.435064935064935,0.3574296558589752,0.435064935064935,0.435064935064935,0.435064935064935,0.4770577493171677
8,noSelect,minmax,gaussian_noise,SMOTE,random_forest,last,0.5,0.1,42,2026-02-20 16:58:30,20260220-161321,log/pimaindians_diabetes/8/noSelect/gaussian_noise__SMOTE__minmax/random_forest,1771575212296_720c096117715779102395330,0.6753246753246753,0.6363636363636364,0.6222222222222222,0.6258503401360545,0.6635182998819362,0.6753246753246753,0.6664899726124216,0.6753246753246753,0.6753246753246753,0.6753246753246753,0.656191332888921
8,noSelect,minmax,gaussian_noise,SMOTE,random_forest,last,0.5,0.2,42,2026-02-20 16:58:32,20260220-161321,log/pimaindians_diabetes/8/noSelect/gaussian_noise__SMOTE__minmax/random_forest,1771575212296_720c096117715779123507712,0.5909090909090909,0.5558871405317417,0.5572222222222223,0.5563177390588558,0.5961623834656932,0.5909090909090909,0.5933224410381771,0.5909090909090909,0.5909090909090909,0.5909090909090909,0.5797368380001569
8,noSelect,minmax,gaussian_noise,TomekLinks,random_forest,first,0.35,0.1,42,2026-02-20 16:58:33,20260220-161321,log/pimaindians_diabetes/8/noSelect/minmax__gaussian_noise__TomekLinks/random_forest,1771575212296_720c096117715779133561709,0.5584415584415584,0.6692982456140351,0.642962962962963,0.5547619047619048,0.7382091592617908,0.5584415584415584,0.5426716141001855,0.5584415584415584,0.5584415584415584,0.5584415584415584,0.5930386879898156
8,noSelect,minmax,gaussian_noise,TomekLinks,random_forest,first,0.35,0.2,42,2026-02-20 16:58:35,20260220-161321,log/pimaindians_diabetes/8/noSelect/minmax__gaussian_noise__TomekLinks/random_forest,1771575212296_720c096117715779152142028,0.6493506493506493,0.685483870967742,0.695925925925926,0.6484018264840182,0.7408881441139505,0.6493506493506493,0.653857557967147,0.6493506493506493,0.6493506493506493,0.6493506493506493,0.6673089615086961
8,noSelect,minmax,gaussian_noise,TomekLinks,random_forest,first,0.5,0.1,42,2026-02-20 16:58:34,20260220-161321,log/pimaindians_diabetes/8/noSelect/minmax__gaussian_noise__TomekLinks/random_forest,1771575212296_720c096117715779143134953,0.6623376623376623,0.6336206896551724,0.6377777777777778,0.6352040816326531,0.6683833407971339,0.6623376623376623,0.6649218128809966,0.6623376623376623,0.6623376623376623,0.6623376623376623,0.6539321299351206
8,noSelect,minmax,gaussian_noise,TomekLinks,random_forest,first,0.5,0.2,42,2026-02-20 16:58:36,20260220-161321,log/pimaindians_diabetes/8/noSelect/minmax__gaussian_noise__TomekLinks/random_forest,1771575212296_720c096117715779161224774,0.6558441558441559,0.6005642217059409,0.5561111111111111,0.5411255411255411,0.6241093788388844,0.6558441558441559,0.6096587395288694,0.6558441558441559,0.6558441558441559,0.6558441558441559,0.6130337756014175
8,noSelect,minmax,gaussian_noise,TomekLinks,random_forest,last,0.35,0.1,42,2026-02-20 16:58:37,20260220-161321,log/pimaindians_diabetes/8/noSelect/gaussian_noise__TomekLinks__minmax/random_forest,1771575212296_720c096117715779170872505,0.5844155844155844,0.728813559322034,0.6799999999999999,0.5786593707250343,0.809817301342725,0.5844155844155844,0.5639490468491837,0.5844155844155844,0.5844155844155844,0.5844155844155844,0.6270205824688423
8,noSelect,minmax,gaussian_noise,TomekLinks,random_forest,last,0.35,0.2,42,2026-02-20 16:58:38,20260220-161321,log/pimaindians_diabetes/8/noSelect/gaussian_noise__TomekLinks__minmax/random_forest,1771575212296_720c096117715779189641557,0.4935064935064935,0.5704545454545454,0.5631481481481482,0.4913617886178861,0.6240850059031877,0.4935064935064935,0.4814961461302925,0.4935064935064935,0.4935064935064935,0.4935064935064935,0.5191000575654122
8,noSelect,minmax,gaussian_noise,TomekLinks,random_forest,last,0.5,0.1,42,2026-02-20 16:58:38,20260220-161321,log/pimaindians_diabetes/8/noSelect/gaussian_noise__TomekLinks__minmax/random_forest,1771575212296_720c096117715779180513983,0.6883116883116883,0.6515426497277677,0.6237037037037036,0.6280193236714976,0.6732269545336695,0.6883116883116883,0.6727523684045423,0.6883116883116883,0.6883116883116883,0.6883116883116883,0.6652877599325954
8,noSelect,minmax,gaussian_noise,TomekLinks,random_forest,last,0.5,0.2,42,2026-02-20 16:58:39,20260220-161321,log/pimaindians_diabetes/8/noSelect/gaussian_noise__TomekLinks__minmax/random_forest,1771575212296_720c096117715779198823999,0.6168831168831169,0.5808080808080808,0.5814814814814815,0.5811165921349869,0.618522891250164,0.6168831168831169,0.6176779285441865,0.6168831168831169,0.6168831168831169,0.6168831168831169,0.6046536702090953
8,noSelect,minmax,gaussian_noise,noImbl,random_forest,first,0.35,0.1,42,2026-02-20 16:58:40,20260220-161321,log/pimaindians_diabetes/8/noSelect/minmax__gaussian_noise__noImbl/random_forest,1771575212296_720c096117715779208431125,0.5454545454545454,0.6872549019607842,0.6414814814814814,0.5376565448618974,0.7631016042780747,0.5454545454545454,0.5197211434988069,0.5454545454545454,0.5454545454545454,0.5454545454545454,0.5859722702079577
8,noSelect,minmax,gaussian_noise,noImbl,random_forest,first,0.35,0.2,42,2026-02-20 16:58:42,20260220-161321,log/pimaindians_diabetes/8/noSelect/minmax__gaussian_noise__noImbl/random_forest,1771575212296_720c096117715779226883944,0.5324675324675324,0.5967307692307692,0.5931481481481482,0.5321518987341772,0.6514735264735264,0.5324675324675324,0.5285221108005917,0.5324675324675324,0.5324675324675324,0.5324675324675324,0.5562233588024725
8,noSelect,minmax,gaussian_noise,noImbl,random_forest,first,0.5,0.1,42,2026-02-20 16:58:41,20260220-161321,log/pimaindians_diabetes/8/noSelect/minmax__gaussian_noise__noImbl/random_forest,1771575212296_720c096117715779217876162,0.7272727272727273,0.6992924528301887,0.6877777777777778,0.692175899486008,0.7214837049742711,0.7272727272727273,0.7232230932973366,0.7272727272727273,0.7272727272727273,0.7272727272727273,0.7140743333848163
8,noSelect,minmax,gaussian_noise,noImbl,random_forest,first,0.5,0.2,42,2026-02-20 16:58:43,20260220-161321,log/pimaindians_diabetes/8/noSelect/minmax__gaussian_noise__noImbl/random_forest,1771575212296_720c096117715779235880070,0.7272727272727273,0.7090686274509804,0.657962962962963,0.6659090909090909,0.7188057040998218,0.7272727272727273,0.7086776859504131,0.7272727272727273,0.7272727272727273,0.7272727272727273,0.705680836889393
8,noSelect,minmax,gaussian_noise,noImbl,random_forest,last,0.35,0.1,42,2026-02-20 16:58:44,20260220-161321,log/pimaindians_diabetes/8/noSelect/gaussian_noise__noImbl__minmax/random_forest,1771575212296_720c096117715779245588378,0.4415584415584415,0.6928571428571428,0.5700000000000001,0.4011575330077771,0.7846011131725417,0.4415584415584415,0.3546964881745131,0.4415584415584415,0.4415584415584415,0.4415584415584415,0.4947473054036885
8,noSelect,minmax,gaussian_noise,noImbl,random_forest,last,0.35,0.2,42,2026-02-20 16:58:46,20260220-161321,log/pimaindians_diabetes/8/noSelect/gaussian_noise__noImbl__minmax/random_forest,1771575212296_720c096117715779263975379,0.5064935064935064,0.5863636363636364,0.5774074074074074,0.5044037940379404,0.6420306965761511,0.5064935064935064,0.4947911167423363,0.5064935064935064,0.5064935064935064,0.5064935064935064,0.5330568132491634
8,noSelect,minmax,gaussian_noise,noImbl,random_forest,last,0.5,0.1,42,2026-02-20 16:58:45,20260220-161321,log/pimaindians_diabetes/8/noSelect/gaussian_noise__noImbl__minmax/random_forest,1771575212296_720c096117715779255196215,0.6363636363636364,0.5863095238095237,0.5751851851851851,0.5762578616352201,0.6192022263450834,0.6363636363636364,0.6239279588336192,0.6363636363636364,0.6363636363636364,0.6363636363636364,0.6126430211497595
8,noSelect,minmax,gaussian_noise,noImbl,random_forest,last,0.5,0.2,42,2026-02-20 16:58:47,20260220-161321,log/pimaindians_diabetes/8/noSelect/gaussian_noise__noImbl__minmax/random_forest,1771575212296_720c096117715779272906717,0.6103896103896104,0.5535714285714286,0.5466666666666666,0.5459905660377358,0.5909090909090909,0.6103896103896104,0.5970656701788777,0.6103896103896104,0.6103896103896104,0.6103896103896104,0.5847289982030547
8,noSelect,minmax,mixup,ADASYN,random_forest,first,0.35,0.1,42,2026-02-20 16:58:48,20260220-161321,log/pimaindians_diabetes/8/noSelect/minmax__mixup__ADASYN/random_forest,1771575212296_720c096117715779280618827,0.6753246753246753,0.725933908045977,0.732962962962963,0.6751054852320675,0.7871977160770265,0.6753246753246753,0.6776261712970574,0.6753246753246753,0.6753246753246753,0.6753246753246753,0.6976490773178354
8,noSelect,minmax,mixup,ADASYN,random_forest,first,0.35,0.2,42,2026-02-20 16:58:49,20260220-161321,log/pimaindians_diabetes/8/noSelect/minmax__mixup__ADASYN/random_forest,1771575212296_720c096117715779295707451,0.6883116883116883,0.7397629310344829,0.7472222222222222,0.6881012658227849,0.8020460143304972,0.6883116883116883,0.6905211244451751,0.6883116883116883,0.6883116883116883,0.6883116883116883,0.7110211506235894
8,noSelect,minmax,mixup,ADASYN,random_forest,first,0.5,0.1,42,2026-02-20 16:58:48,20260220-161321,log/pimaindians_diabetes/8/noSelect/minmax__mixup__ADASYN/random_forest,1771575212296_720c096117715779288239248,0.8051948051948052,0.7967479674796748,0.8244444444444444,0.7985347985347986,0.8356034209692746,0.8051948051948052,0.8094762380476666,0.8051948051948052,0.8051948051948052,0.8051948051948051,0.8089591608546309
8,noSelect,minmax,mixup,ADASYN,random_forest,first,0.5,0.2,42,2026-02-20 16:58:50,20260220-161321,log/pimaindians_diabetes/8/noSelect/minmax__mixup__ADASYN/random_forest,1771575212296_720c096117715779303283428,0.7012987012987013,0.6863885088919288,0.7018518518518518,0.687819495857571,0.7244923339314584,0.7012987012987013,0.7071958536791958,0.7012987012987013,0.7012987012987013,0.7012987012987013,0.7010450524175192
8,noSelect,minmax,mixup,ADASYN,random_forest,last,0.35,0.1,42,2026-02-20 16:58:51,20260220-161321,log/pimaindians_diabetes/8/noSelect/mixup__ADASYN__minmax/random_forest,1771575212296_720c096117715779311013739,0.7662337662337663,0.8,0.8200000000000001,0.7652439024390244,0.8597402597402598,0.7662337662337663,0.7697972758948368,0.7662337662337663,0.7662337662337663,0.7662337662337663,0.7847237092176116
8,noSelect,minmax,mixup,ADASYN,random_forest,last,0.35,0.2,42,2026-02-20 16:58:52,20260220-161321,log/pimaindians_diabetes/8/noSelect/mixup__ADASYN__minmax/random_forest,1771575212296_720c096117715779326116757,0.6883116883116883,0.7197916666666666,0.7344444444444445,0.6869918699186992,0.775487012987013,0.6883116883116883,0.6930630345264491,0.6883116883116883,0.6883116883116883,0.6883116883116883,0.7053052234012599
8,noSelect,minmax,mixup,ADASYN,random_forest,last,0.5,0.1,42,2026-02-20 16:58:51,20260220-161321,log/pimaindians_diabetes/8/noSelect/mixup__ADASYN__minmax/random_forest,1771575212296_720c096117715779318635295,0.8181818181818182,0.8071428571428572,0.8344444444444444,0.8110098176718092,0.8434137291280149,0.8181818181818182,0.8220068851204896,0.8181818181818182,0.8181818181818182,0.8181818181818182,0.8207253357631035
8,noSelect,minmax,mixup,ADASYN,random_forest,last,0.5,0.2,42,2026-02-20 16:58:53,20260220-161321,log/pimaindians_diabetes/8/noSelect/mixup__ADASYN__minmax/random_forest,1771575212296_720c096117715779333678378,0.7207792207792207,0.7135971588026382,0.7338888888888888,0.7119241310305826,0.7548940151679878,0.7207792207792207,0.7270105802319662,0.7207792207792207,0.7207792207792207,0.7207792207792207,0.724389901287022
8,noSelect,minmax,mixup,RandomUnderSampler,random_forest,first,0.35,0.1,42,2026-02-20 16:58:54,20260220-161321,log/pimaindians_diabetes/8/noSelect/minmax__mixup__RandomUnderSampler/random_forest,1771575212296_720c096117715779340127489,0.7142857142857143,0.7465277777777778,0.7629629629629631,0.7130758807588076,0.8035714285714286,0.7142857142857143,0.7186411149825784,0.7142857142857143,0.7142857142857143,0.7142857142857143,0.7317780520067104
8,noSelect,minmax,mixup,RandomUnderSampler,random_forest,first,0.35,0.2,42,2026-02-20 16:58:55,20260220-161321,log/pimaindians_diabetes/8/noSelect/minmax__mixup__RandomUnderSampler/random_forest,1771575212296_720c096117715779352795126,0.6623376623376623,0.7272222222222222,0.7272222222222222,0.6623376623376623,0.7921067821067821,0.6623376623376623,0.6623376623376623,0.6623376623376623,0.6623376623376623,0.6623376623376623,0.6882914862914861
8,noSelect,minmax,mixup,RandomUnderSampler,random_forest,first,0.5,0.1,42,2026-02-20 16:58:54,20260220-161321,log/pimaindians_diabetes/8/noSelect/minmax__mixup__RandomUnderSampler/random_forest,1771575212296_720c096117715779346516167,0.7662337662337663,0.77710027100271,0.8029629629629631,0.7629958960328318,0.8270861929398514,0.7662337662337663,0.7712704532129977,0.7662337662337663,0.7662337662337663,0.7662337662337663,0.7773484015709332
8,noSelect,minmax,mixup,RandomUnderSampler,random_forest,first,0.5,0.2,42,2026-02-20 16:58:55,20260220-161321,log/pimaindians_diabetes/8/noSelect/minmax__mixup__RandomUnderSampler/random_forest,1771575212296_720c096117715779359231694,0.7207792207792207,0.7170464135021097,0.7381481481481482,0.7132216014897579,0.7599736971888872,0.7207792207792207,0.7271276209823695,0.7207792207792207,0.7207792207792207,0.7207792207792207,0.7258808975664217
8,noSelect,minmax,mixup,RandomUnderSampler,random_forest,last,0.35,0.1,42,2026-02-20 16:58:56,20260220-161321,log/pimaindians_diabetes/8/noSelect/mixup__RandomUnderSampler__minmax/random_forest,1771575212296_720c096117715779365672416,0.7662337662337663,0.7876196990424076,0.8114814814814815,0.7642857142857142,0.8422726384422691,0.7662337662337663,0.7706864564007421,0.7662337662337663,0.7662337662337663,0.7662337662337663,0.7808767139930907
8,noSelect,minmax,mixup,RandomUnderSampler,random_forest,last,0.35,0.2,42,2026-02-20 16:58:58,20260220-161321,log/pimaindians_diabetes/8/noSelect/mixup__RandomUnderSampler__minmax/random_forest,1771575212296_720c096117715779380088933,0.6948051948051948,0.7360303190551736,0.7479629629629629,0.6941733215025141,0.7952914351645183,0.6948051948051948,0.6983256317772732,0.6948051948051948,0.6948051948051948,0.6948051948051948,0.7147253926323114
8,noSelect,minmax,mixup,RandomUnderSampler,random_forest,last,0.5,0.1,42,2026-02-20 16:58:57,20260220-161321,log/pimaindians_diabetes/8/noSelect/mixup__RandomUnderSampler__minmax/random_forest,1771575212296_720c096117715779373771561,0.7532467532467533,0.744579945799458,0.7674074074074073,0.7448107448107448,0.7844472600570161,0.7532467532467533,0.7586699015270445,0.7532467532467533,0.7532467532467533,0.7532467532467532,0.7564642595757576
8,noSelect,minmax,mixup,RandomUnderSampler,random_forest,last,0.5,0.2,42,2026-02-20 16:58:58,20260220-161321,log/pimaindians_diabetes/8/noSelect/mixup__RandomUnderSampler__minmax/random_forest,1771575212296_720c096117715779386349989,0.7272727272727273,0.7015306122448979,0.7048148148148148,0.703030303030303,0.7297243572753777,0.7272727272727273,0.7283746556473828,0.7272727272727273,0.7272727272727273,0.7272727272727273,0.7192268131442527
8,noSelect,minmax,mixup,SMOTE,random_forest,first,0.35,0.1,42,2026-02-20 16:58:59,20260220-161321,log/pimaindians_diabetes/8/noSelect/minmax__mixup__SMOTE/random_forest,1771575212296_720c096117715779393956747,0.7402597402597403,0.7732638888888889,0.7914814814814815,0.7391598915989159,0.831655844155844,0.7402597402597403,0.7442191954387076,0.7402597402597403,0.7402597402597403,0.7402597402597403,0.758250880612161
8,noSelect,minmax,mixup,SMOTE,random_forest,first,0.35,0.2,42,2026-02-20 16:59:00,20260220-161321,log/pimaindians_diabetes/8/noSelect/minmax__mixup__SMOTE/random_forest,1771575212296_720c096117715779409041165,0.6948051948051948,0.7295482295482295,0.7437037037037038,0.6937592553416543,0.7866260723403581,0.6948051948051948,0.6991051681553057,0.6948051948051948,0.6948051948051948,0.6948051948051948,0.7128395420058509
8,noSelect,minmax,mixup,SMOTE,random_forest,first,0.5,0.1,42,2026-02-20 16:59:00,20260220-161321,log/pimaindians_diabetes/8/noSelect/minmax__mixup__SMOTE/random_forest,1771575212296_720c096117715779401663302,0.7922077922077922,0.7718518518518518,0.7718518518518518,0.7718518518518518,0.7922077922077922,0.7922077922077922,0.7922077922077922,0.7922077922077922,0.7922077922077922,0.7922077922077922,0.785083213083213
8,noSelect,minmax,mixup,SMOTE,random_forest,first,0.5,0.2,42,2026-02-20 16:59:01,20260220-161321,log/pimaindians_diabetes/8/noSelect/minmax__mixup__SMOTE/random_forest,1771575212296_720c096117715779416374340,0.7012987012987013,0.6924119241192412,0.7103703703703703,0.6910866910866911,0.7332910991447577,0.7012987012987013,0.7078635650064222,0.7012987012987013,0.7012987012987013,0.7012987012987013,0.7039693582968841
8,noSelect,minmax,mixup,SMOTE,random_forest,last,0.35,0.1,42,2026-02-20 16:59:02,20260220-161321,log/pimaindians_diabetes/8/noSelect/mixup__SMOTE__minmax/random_forest,1771575212296_720c096117715779424039242,0.7402597402597403,0.7612859097127223,0.7829629629629631,0.7380952380952381,0.815019453870343,0.7402597402597403,0.7452071737786023,0.7402597402597403,0.7402597402597403,0.7402597402597403,0.754526090539575
8,noSelect,minmax,mixup,SMOTE,random_forest,last,0.35,0.2,42,2026-02-20 16:59:03,20260220-161321,log/pimaindians_diabetes/8/noSelect/mixup__SMOTE__minmax/random_forest,1771575212296_720c096117715779438998104,0.6688311688311688,0.6968885047536733,0.710925925925926,0.6671328671328671,0.7506650652718069,0.6688311688311688,0.6742348560530379,0.6688311688311688,0.6688311688311688,0.6688311688311688,0.6845855756054936
8,noSelect,minmax,mixup,SMOTE,random_forest,last,0.5,0.1,42,2026-02-20 16:59:03,20260220-161321,log/pimaindians_diabetes/8/noSelect/mixup__SMOTE__minmax/random_forest,1771575212296_720c096117715779431651872,0.7792207792207793,0.7588652482269503,0.7703703703703704,0.7632483270030747,0.7864050842774247,0.7792207792207793,0.7816166470534348,0.7792207792207793,0.7792207792207793,0.7792207792207793,0.7749821280842625
8,noSelect,minmax,mixup,SMOTE,random_forest,last,0.5,0.2,42,2026-02-20 16:59:04,20260220-161321,log/pimaindians_diabetes/8/noSelect/mixup__SMOTE__minmax/random_forest,1771575212296_720c096117715779446371523,0.7207792207792207,0.6929759013637213,0.6912962962962963,0.6921002464313943,0.7196207491369083,0.7207792207792207,0.72016902983565,0.7207792207792207,0.7207792207792207,0.7207792207792207,0.7105413744314373
8,noSelect,minmax,mixup,TomekLinks,random_forest,first,0.35,0.1,42,2026-02-20 16:59:05,20260220-161321,log/pimaindians_diabetes/8/noSelect/minmax__mixup__TomekLinks/random_forest,1771575212296_720c096117715779453528444,0.7142857142857143,0.7349521203830369,0.7544444444444445,0.7119047619047619,0.7877662692984169,0.7142857142857143,0.7197278911564625,0.7142857142857143,0.7142857142857143,0.7142857142857143,0.728175467086059
8,noSelect,minmax,mixup,TomekLinks,random_forest,first,0.35,0.2,42,2026-02-20 16:59:06,20260220-161321,log/pimaindians_diabetes/8/noSelect/minmax__mixup__TomekLinks/random_forest,1771575212296_720c096117715779467457903,0.7012987012987013,0.711890243902439,0.7316666666666667,0.6971614227086183,0.7606113398796326,0.7012987012987013,0.7077344679943859,0.7012987012987013,0.7012987012987013,0.7012987012987013,0.7116706891698047
8,noSelect,minmax,mixup,TomekLinks,random_forest,first,0.5,0.1,42,2026-02-20 16:59:06,20260220-161321,log/pimaindians_diabetes/8/noSelect/minmax__mixup__TomekLinks/random_forest,1771575212296_720c096117715779460522672,0.8311688311688312,0.8149305555555556,0.835925925925926,0.8214094558429974,0.8436598124098125,0.8311688311688312,0.8338797687593408,0.8311688311688312,0.8311688311688312,0.8311688311688312,0.8302125455470124
8,noSelect,minmax,mixup,TomekLinks,random_forest,first,0.5,0.2,42,2026-02-20 16:59:07,20260220-161321,log/pimaindians_diabetes/8/noSelect/minmax__mixup__TomekLinks/random_forest,1771575212296_720c096117715779474262231,0.6818181818181818,0.657588577472237,0.6655555555555556,0.6600135165577833,0.6924186337195327,0.6818181818181818,0.6857318396854328,0.6818181818181818,0.6818181818181818,0.6818181818181818,0.6761453528384874
8,noSelect,minmax,mixup,TomekLinks,random_forest,last,0.35,0.1,42,2026-02-20 16:59:08,20260220-161321,log/pimaindians_diabetes/8/noSelect/mixup__TomekLinks__minmax/random_forest,1771575212296_720c096117715779481310150,0.7402597402597403,0.7612859097127223,0.7829629629629631,0.7380952380952381,0.815019453870343,0.7402597402597403,0.7452071737786023,0.7402597402597403,0.7402597402597403,0.7402597402597403,0.754526090539575
8,noSelect,minmax,mixup,TomekLinks,random_forest,last,0.35,0.2,42,2026-02-20 16:59:09,20260220-161321,log/pimaindians_diabetes/8/noSelect/mixup__TomekLinks__minmax/random_forest,1771575212296_720c096117715779495075535,0.6818181818181818,0.6994884910485933,0.7166666666666667,0.6787705929930612,0.7502906300860266,0.6818181818181818,0.6881165320567645,0.6818181818181818,0.6818181818181818,0.6818181818181818,0.694404920264875
8,noSelect,minmax,mixup,TomekLinks,random_forest,last,0.5,0.1,42,2026-02-20 16:59:08,20260220-161321,log/pimaindians_diabetes/8/noSelect/mixup__TomekLinks__minmax/random_forest,1771575212296_720c096117715779488306851,0.7532467532467533,0.7390560875512996,0.758888888888889,0.7421117574475586,0.7753211221063478,0.7532467532467533,0.7581183139089008,0.7532467532467533,0.7532467532467533,0.7532467532467532,0.7536598218568236
8,noSelect,minmax,mixup,TomekLinks,random_forest,last,0.5,0.2,42,2026-02-20 16:59:10,20260220-161321,log/pimaindians_diabetes/8/noSelect/mixup__TomekLinks__minmax/random_forest,1771575212296_720c096117715779501796378,0.7467532467532467,0.724085637823372,0.7325925925925927,0.727433628318584,0.753049804789323,0.7467532467532467,0.7491092977818641,0.7467532467532467,0.7467532467532467,0.7467532467532466,0.7411555411368945
8,noSelect,minmax,mixup,noImbl,random_forest,first,0.35,0.1,42,2026-02-20 16:59:10,20260220-161321,log/pimaindians_diabetes/8/noSelect/minmax__mixup__noImbl/random_forest,1771575212296_720c096117715779508778113,0.7272727272727273,0.7537878787878789,0.7729629629629631,0.7256066519599524,0.809228650137741,0.7272727272727273,0.7319932739922557,0.7272727272727273,0.7272727272727273,0.7272727272727273,0.7431470289907803
8,noSelect,minmax,mixup,noImbl,random_forest,first,0.35,0.2,42,2026-02-20 16:59:12,20260220-161321,log/pimaindians_diabetes/8/noSelect/minmax__mixup__noImbl/random_forest,1771575212296_720c096117715779522457100,0.7012987012987013,0.7331597222222221,0.7487037037037036,0.7000338753387534,0.7895292207792208,0.7012987012987013,0.7058520747545138,0.7012987012987013,0.7012987012987013,0.7012987012987013,0.718541637703985
8,noSelect,minmax,mixup,noImbl,random_forest,first,0.5,0.1,42,2026-02-20 16:59:11,20260220-161321,log/pimaindians_diabetes/8/noSelect/minmax__mixup__noImbl/random_forest,1771575212296_720c096117715779515779135,0.7532467532467533,0.744579945799458,0.7674074074074073,0.7448107448107448,0.7844472600570161,0.7532467532467533,0.7586699015270445,0.7532467532467533,0.7532467532467533,0.7532467532467532,0.7564642595757576
8,noSelect,minmax,mixup,noImbl,random_forest,first,0.5,0.2,42,2026-02-20 16:59:12,20260220-161321,log/pimaindians_diabetes/8/noSelect/minmax__mixup__noImbl/random_forest,1771575212296_720c096117715779529137898,0.7402597402597403,0.7258891928864568,0.7446296296296296,0.7285386920500616,0.7626139250626255,0.7402597402597403,0.7453876988514745,0.7402597402597403,0.7402597402597403,0.7402597402597403,0.7405061294969976
8,noSelect,minmax,mixup,noImbl,random_forest,last,0.35,0.1,42,2026-02-20 16:59:13,20260220-161321,log/pimaindians_diabetes/8/noSelect/mixup__noImbl__minmax/random_forest,1771575212296_720c096117715779536101233,0.7142857142857143,0.7349521203830369,0.7544444444444445,0.7119047619047619,0.7877662692984169,0.7142857142857143,0.7197278911564625,0.7142857142857143,0.7142857142857143,0.7142857142857143,0.728175467086059
8,noSelect,minmax,mixup,noImbl,random_forest,last,0.35,0.2,42,2026-02-20 16:59:14,20260220-161321,log/pimaindians_diabetes/8/noSelect/mixup__noImbl__minmax/random_forest,1771575212296_720c096117715779549835487,0.7337662337662337,0.7469031053792634,0.7694444444444444,0.7304819225679771,0.7972611132292108,0.7337662337662337,0.7393688822809069,0.7337662337662337,0.7337662337662337,0.7337662337662337,0.7453449805391177
8,noSelect,minmax,mixup,noImbl,random_forest,last,0.5,0.1,42,2026-02-20 16:59:14,20260220-161321,log/pimaindians_diabetes/8/noSelect/mixup__noImbl__minmax/random_forest,1771575212296_720c096117715779543082452,0.7662337662337663,0.7464936886395512,0.7603703703703704,0.7510775862068966,0.7767618076173475,0.7662337662337663,0.7694245409762651,0.7662337662337663,0.7662337662337663,0.7662337662337663,0.7629314122337074
8,noSelect,minmax,mixup,noImbl,random_forest,last,0.5,0.2,42,2026-02-20 16:59:15,20260220-161321,log/pimaindians_diabetes/8/noSelect/mixup__noImbl__minmax/random_forest,1771575212296_720c096117715779556588606,0.7272727272727273,0.6998491704374057,0.6962962962962963,0.6979263964132263,0.7250788427259015,0.7272727272727273,0.7260499634869146,0.7272727272727273,0.7272727272727273,0.7272727272727273,0.7166279758400723
8,noSelect,minmax,noAug,ADASYN,random_forest,first,0.35,0.1,42,2026-02-20 16:59:16,20260220-161321,log/pimaindians_diabetes/8/noSelect/minmax__noAug__ADASYN/random_forest,1771575212296_720c096117715779562808466,0.7142857142857143,0.7599290780141845,0.7714814814814814,0.7138513513513514,0.8216818642350558,0.7142857142857142,0.7171814671814672,0.7142857142857143,0.7142857142857143,0.7142857142857143,0.7356784508672805
8,noSelect,minmax,noAug,ADASYN,random_forest,first,0.35,0.2,42,2026-02-20 16:59:17,20260220-161321,log/pimaindians_diabetes/8/noSelect/minmax__noAug__ADASYN/random_forest,1771575212296_720c096117715779575200119,0.6883116883116883,0.7397629310344829,0.7472222222222222,0.6881012658227849,0.8020460143304972,0.6883116883116883,0.6905211244451751,0.6883116883116883,0.6883116883116883,0.6883116883116883,0.7110211506235894
8,noSelect,minmax,noAug,ADASYN,random_forest,first,0.5,0.1,42,2026-02-20 16:59:16,20260220-161321,log/pimaindians_diabetes/8/noSelect/minmax__noAug__ADASYN/random_forest,1771575212296_720c096117715779569050028,0.7532467532467533,0.7390560875512996,0.758888888888889,0.7421117574475586,0.7753211221063478,0.7532467532467533,0.7581183139089008,0.7532467532467533,0.7532467532467533,0.7532467532467532,0.7536598218568236
8,noSelect,minmax,noAug,ADASYN,random_forest,first,0.5,0.2,42,2026-02-20 16:59:18,20260220-161321,log/pimaindians_diabetes/8/noSelect/minmax__noAug__ADASYN/random_forest,1771575212296_720c096117715779581280532,0.6883116883116883,0.6864035087719298,0.7046296296296297,0.6805531547104581,0.7302916381863751,0.6883116883116883,0.6954236774461493,0.6883116883116883,0.6883116883116883,0.6883116883116883,0.6938536778069598
8,noSelect,minmax,noAug,ADASYN,random_forest,last,0.35,0.1,42,2026-02-20 16:59:18,20260220-161321,log/pimaindians_diabetes/8/noSelect/noAug__ADASYN__minmax/random_forest,1771575212296_720c096117715779587498680,0.7142857142857143,0.7599290780141845,0.7714814814814814,0.7138513513513514,0.8216818642350558,0.7142857142857142,0.7171814671814672,0.7142857142857143,0.7142857142857143,0.7142857142857143,0.7356784508672805
8,noSelect,minmax,noAug,ADASYN,random_forest,last,0.35,0.2,42,2026-02-20 16:59:19,20260220-161321,log/pimaindians_diabetes/8/noSelect/noAug__ADASYN__minmax/random_forest,1771575212296_720c096117715779599878669,0.6623376623376623,0.7053191489361702,0.7144444444444444,0.6618243243243244,0.7634705719812103,0.6623376623376623,0.6657599157599158,0.6623376623376623,0.6623376623376623,0.6623376623376623,0.6823961174838832
8,noSelect,minmax,noAug,ADASYN,random_forest,last,0.5,0.1,42,2026-02-20 16:59:19,20260220-161321,log/pimaindians_diabetes/8/noSelect/noAug__ADASYN__minmax/random_forest,1771575212296_720c096117715779593753500,0.7662337662337663,0.7547619047619047,0.7774074074074073,0.7570126227208976,0.7924551638837353,0.7662337662337663,0.7711517094406296,0.7662337662337663,0.7662337662337663,0.7662337662337663,0.7681806039230401
8,noSelect,minmax,noAug,ADASYN,random_forest,last,0.5,0.2,42,2026-02-20 16:59:20,20260220-161321,log/pimaindians_diabetes/8/noSelect/noAug__ADASYN__minmax/random_forest,1771575212296_720c096117715779605899241,0.7142857142857143,0.6995554035567715,0.7161111111111111,0.7013925612550679,0.7371995309751808,0.7142857142857143,0.719926468736622,0.7142857142857143,0.7142857142857143,0.7142857142857143,0.7141987447773454
8,noSelect,minmax,noAug,RandomUnderSampler,random_forest,first,0.35,0.1,42,2026-02-20 16:59:21,20260220-161321,log/pimaindians_diabetes/8/noSelect/minmax__noAug__RandomUnderSampler/random_forest,1771575212296_720c096117715779611579416,0.7012987012987013,0.7535919540229885,0.7614814814814814,0.7010970464135021,0.8168943125839677,0.7012987012987013,0.7034160775932927,0.7012987012987013,0.7012987012987013,0.7012987012987013,0.7243932239293434
8,noSelect,minmax,noAug,RandomUnderSampler,random_forest,first,0.35,0.2,42,2026-02-20 16:59:22,20260220-161321,log/pimaindians_diabetes/8/noSelect/minmax__noAug__RandomUnderSampler/random_forest,1771575212296_720c096117715779622972862,0.6883116883116883,0.7397629310344829,0.7472222222222222,0.6881012658227849,0.8020460143304972,0.6883116883116883,0.6905211244451751,0.6883116883116883,0.6883116883116883,0.6883116883116883,0.7110211506235894
8,noSelect,minmax,noAug,RandomUnderSampler,random_forest,first,0.5,0.1,42,2026-02-20 16:59:21,20260220-161321,log/pimaindians_diabetes/8/noSelect/minmax__noAug__RandomUnderSampler/random_forest,1771575212296_720c096117715779617386559,0.7402597402597403,0.7347972972972974,0.7574074074074073,0.7326388888888888,0.7766760266760268,0.7402597402597403,0.7461219336219337,0.7402597402597403,0.7402597402597403,0.7402597402597403,0.7448060926185925
8,noSelect,minmax,noAug,RandomUnderSampler,random_forest,first,0.5,0.2,42,2026-02-20 16:59:22,20260220-161321,log/pimaindians_diabetes/8/noSelect/minmax__noAug__RandomUnderSampler/random_forest,1771575212296_720c096117715779628478619,0.6948051948051948,0.6910548523206751,0.7096296296296296,0.6865445411632238,0.7341837908926516,0.6948051948051948,0.7017441438644506,0.6948051948051948,0.6948051948051948,0.6948051948051948,0.6996522079605245
8,noSelect,minmax,noAug,RandomUnderSampler,random_forest,last,0.35,0.1,42,2026-02-20 16:59:23,20260220-161321,log/pimaindians_diabetes/8/noSelect/noAug__RandomUnderSampler__minmax/random_forest,1771575212296_720c096117715779634029933,0.7142857142857143,0.7599290780141845,0.7714814814814814,0.7138513513513514,0.8216818642350558,0.7142857142857142,0.7171814671814672,0.7142857142857143,0.7142857142857143,0.7142857142857143,0.7356784508672805
8,noSelect,minmax,noAug,RandomUnderSampler,random_forest,last,0.35,0.2,42,2026-02-20 16:59:24,20260220-161321,log/pimaindians_diabetes/8/noSelect/noAug__RandomUnderSampler__minmax/random_forest,1771575212296_720c096117715779647294073,0.6688311688311688,0.7303030303030302,0.7322222222222222,0.6688172043010753,0.79456906729634,0.6688311688311688,0.6694595726853793,0.6688311688311688,0.6688311688311688,0.6688311688311688,0.6939834160625947
8,noSelect,minmax,noAug,RandomUnderSampler,random_forest,last,0.5,0.1,42,2026-02-20 16:59:24,20260220-161321,log/pimaindians_diabetes/8/noSelect/noAug__RandomUnderSampler__minmax/random_forest,1771575212296_720c096117715779641559547,0.7922077922077922,0.7868243243243244,0.8144444444444444,0.7861111111111111,0.8280975780975781,0.7922077922077922,0.7968975468975469,0.7922077922077922,0.7922077922077922,0.7922077922077922,0.7972710502710503
8,noSelect,minmax,noAug,RandomUnderSampler,random_forest,last,0.5,0.2,42,2026-02-20 16:59:25,20260220-161321,log/pimaindians_diabetes/8/noSelect/noAug__RandomUnderSampler__minmax/random_forest,1771575212296_720c096117715779652834473,0.7207792207792207,0.7170464135021097,0.7381481481481482,0.7132216014897579,0.7599736971888872,0.7207792207792207,0.7271276209823695,0.7207792207792207,0.7207792207792207,0.7207792207792207,0.7258808975664217
8,noSelect,minmax,noAug,SMOTE,random_forest,first,0.35,0.1,42,2026-02-20 16:59:25,20260220-161321,log/pimaindians_diabetes/8/noSelect/minmax__noAug__SMOTE/random_forest,1771575212296_720c096117715779658914094,0.7012987012987013,0.7535919540229885,0.7614814814814814,0.7010970464135021,0.8168943125839677,0.7012987012987013,0.7034160775932927,0.7012987012987013,0.7012987012987013,0.7012987012987013,0.7243932239293434
8,noSelect,minmax,noAug,SMOTE,random_forest,first,0.35,0.2,42,2026-02-20 16:59:27,20260220-161321,log/pimaindians_diabetes/8/noSelect/minmax__noAug__SMOTE/random_forest,1771575212296_720c096117715779671087761,0.6883116883116883,0.7140151515151515,0.7301851851851852,0.6864076022399457,0.76775875639512,0.6883116883116883,0.6937065988482923,0.6883116883116883,0.6883116883116883,0.6883116883116883,0.7035377147974565
8,noSelect,minmax,noAug,SMOTE,random_forest,first,0.5,0.1,42,2026-02-20 16:59:26,20260220-161321,log/pimaindians_diabetes/8/noSelect/minmax__noAug__SMOTE/random_forest,1771575212296_720c096117715779665033953,0.7792207792207793,0.7588652482269503,0.7703703703703704,0.7632483270030747,0.7864050842774247,0.7792207792207793,0.7816166470534348,0.7792207792207793,0.7792207792207793,0.7792207792207793,0.7749821280842625
8,noSelect,minmax,noAug,SMOTE,random_forest,first,0.5,0.2,42,2026-02-20 16:59:27,20260220-161321,log/pimaindians_diabetes/8/noSelect/minmax__noAug__SMOTE/random_forest,1771575212296_720c096117715779677104450,0.7272727272727273,0.7154761904761905,0.7346296296296296,0.7165147265077139,0.7542362399505257,0.7272727272727273,0.7330103276807344,0.7272727272727273,0.7272727272727273,0.7272727272727273,0.7287720550429926
8,noSelect,minmax,noAug,SMOTE,random_forest,last,0.35,0.1,42,2026-02-20 16:59:28,20260220-161321,log/pimaindians_diabetes/8/noSelect/noAug__SMOTE__minmax/random_forest,1771575212296_720c096117715779683242124,0.7402597402597403,0.7612859097127223,0.7829629629629631,0.7380952380952381,0.815019453870343,0.7402597402597403,0.7452071737786023,0.7402597402597403,0.7402597402597403,0.7402597402597403,0.754526090539575
8,noSelect,minmax,noAug,SMOTE,random_forest,last,0.35,0.2,42,2026-02-20 16:59:29,20260220-161321,log/pimaindians_diabetes/8/noSelect/noAug__SMOTE__minmax/random_forest,1771575212296_720c096117715779695550444,0.7012987012987013,0.7331597222222221,0.7487037037037036,0.7000338753387534,0.7895292207792208,0.7012987012987013,0.7058520747545138,0.7012987012987013,0.7012987012987013,0.7012987012987013,0.718541637703985
8,noSelect,minmax,noAug,SMOTE,random_forest,last,0.5,0.1,42,2026-02-20 16:59:28,20260220-161321,log/pimaindians_diabetes/8/noSelect/noAug__SMOTE__minmax/random_forest,1771575212296_720c096117715779689413431,0.8181818181818182,0.8004908835904628,0.8174074074074074,0.8063936781609196,0.8276169832972077,0.8181818181818182,0.8206635318704283,0.8181818181818182,0.8181818181818182,0.8181818181818182,0.815882836206937
8,noSelect,minmax,noAug,SMOTE,random_forest,last,0.5,0.2,42,2026-02-20 16:59:30,20260220-161321,log/pimaindians_diabetes/8/noSelect/noAug__SMOTE__minmax/random_forest,1771575212296_720c096117715779701596173,0.7142857142857143,0.7023809523809523,0.7203703703703703,0.703015427769986,0.7414965986394558,0.7142857142857143,0.7202965337607694,0.7142857142857143,0.7142857142857143,0.7142857142857143,0.7156358720829766
8,noSelect,minmax,noAug,TomekLinks,random_forest,first,0.35,0.1,42,2026-02-20 16:59:30,20260220-161321,log/pimaindians_diabetes/8/noSelect/minmax__noAug__TomekLinks/random_forest,1771575212296_720c096117715779707373534,0.7272727272727273,0.7664796633941093,0.7814814814814814,0.7265347539320142,0.8265969654468953,0.7272727272727273,0.7307781006411144,0.7272727272727273,0.7272727272727273,0.7272727272727273,0.7469618301273088
8,noSelect,minmax,noAug,TomekLinks,random_forest,first,0.35,0.2,42,2026-02-20 16:59:31,20260220-161321,log/pimaindians_diabetes/8/noSelect/minmax__noAug__TomekLinks/random_forest,1771575212296_720c096117715779718927572,0.7077922077922078,0.7368193604148661,0.7537037037037038,0.7062937062937062,0.7924547362749611,0.7077922077922078,0.7125601671056216,0.7077922077922078,0.7077922077922078,0.7077922077922078,0.7242427441661353
8,noSelect,minmax,noAug,TomekLinks,random_forest,first,0.5,0.1,42,2026-02-20 16:59:31,20260220-161321,log/pimaindians_diabetes/8/noSelect/minmax__noAug__TomekLinks/random_forest,1771575212296_720c096117715779713173866,0.7402597402597403,0.7285714285714285,0.7488888888888889,0.7300140252454418,0.7669758812615954,0.7402597402597403,0.7457241216006995,0.7402597402597403,0.7402597402597403,0.7402597402597403,0.7419082380030084
8,noSelect,minmax,noAug,TomekLinks,random_forest,first,0.5,0.2,42,2026-02-20 16:59:32,20260220-161321,log/pimaindians_diabetes/8/noSelect/minmax__noAug__TomekLinks/random_forest,1771575212296_720c096117715779724697078,0.7272727272727273,0.7079861111111111,0.7218518518518519,0.711507582515611,0.7421085858585859,0.7272727272727273,0.731651934149704,0.7272727272727273,0.7272727272727273,0.7272727272727273,0.724577673291043
8,noSelect,minmax,noAug,TomekLinks,random_forest,last,0.35,0.1,42,2026-02-20 16:59:33,20260220-161321,log/pimaindians_diabetes/8/noSelect/noAug__TomekLinks__minmax/random_forest,1771575212296_720c096117715779730534400,0.7402597402597403,0.7732638888888889,0.7914814814814815,0.7391598915989159,0.831655844155844,0.7402597402597403,0.7442191954387076,0.7402597402597403,0.7402597402597403,0.7402597402597403,0.758250880612161
8,noSelect,minmax,noAug,TomekLinks,random_forest,last,0.35,0.2,42,2026-02-20 16:59:34,20260220-161321,log/pimaindians_diabetes/8/noSelect/noAug__TomekLinks__minmax/random_forest,1771575212296_720c096117715779742156007,0.7077922077922078,0.7368193604148661,0.7537037037037038,0.7062937062937062,0.7924547362749611,0.7077922077922078,0.7125601671056216,0.7077922077922078,0.7077922077922078,0.7077922077922078,0.7242427441661353
8,noSelect,minmax,noAug,TomekLinks,random_forest,last,0.5,0.1,42,2026-02-20 16:59:33,20260220-161321,log/pimaindians_diabetes/8/noSelect/noAug__TomekLinks__minmax/random_forest,1771575212296_720c096117715779736386767,0.7532467532467533,0.7390560875512996,0.758888888888889,0.7421117574475586,0.7753211221063478,0.7532467532467533,0.7581183139089008,0.7532467532467533,0.7532467532467533,0.7532467532467532,0.7536598218568236
8,noSelect,minmax,noAug,TomekLinks,random_forest,last,0.5,0.2,42,2026-02-20 16:59:34,20260220-161321,log/pimaindians_diabetes/8/noSelect/noAug__TomekLinks__minmax/random_forest,1771575212296_720c096117715779748071112,0.6883116883116883,0.6827702702702703,0.7003703703703703,0.6791666666666667,0.7252544752544753,0.6883116883116883,0.6953463203463203,0.6883116883116883,0.6883116883116883,0.6883116883116883,0.6923411349661349
8,noSelect,minmax,noAug,noImbl,random_forest,first,0.35,0.1,42,2026-02-20 16:59:35,20260220-161321,log/pimaindians_diabetes/8/noSelect/minmax__noAug__noImbl/random_forest,1771575212296_720c096117715779753853926,0.7402597402597403,0.7732638888888889,0.7914814814814815,0.7391598915989159,0.831655844155844,0.7402597402597403,0.7442191954387076,0.7402597402597403,0.7402597402597403,0.7402597402597403,0.758250880612161
8,noSelect,minmax,noAug,noImbl,random_forest,first,0.35,0.2,42,2026-02-20 16:59:36,20260220-161321,log/pimaindians_diabetes/8/noSelect/minmax__noAug__noImbl/random_forest,1771575212296_720c096117715779765409502,0.7012987012987013,0.7217852257181943,0.7401851851851852,0.6988095238095238,0.774139677012454,0.7012987012987013,0.7069882498453927,0.7012987012987013,0.7012987012987013,0.7012987012987013,0.7150001553593012
8,noSelect,minmax,noAug,noImbl,random_forest,first,0.5,0.1,42,2026-02-20 16:59:35,20260220-161321,log/pimaindians_diabetes/8/noSelect/minmax__noAug__noImbl/random_forest,1771575212296_720c096117715779759668246,0.7662337662337663,0.75,0.768888888888889,0.7542553191489361,0.7839433293978748,0.7662337662337663,0.7704614534401768,0.7662337662337663,0.7662337662337663,0.7662337662337663,0.7654842442105496
8,noSelect,minmax,noAug,noImbl,random_forest,first,0.5,0.2,42,2026-02-20 16:59:37,20260220-161321,log/pimaindians_diabetes/8/noSelect/minmax__noAug__noImbl/random_forest,1771575212296_720c096117715779771087125,0.7272727272727273,0.7005555555555556,0.7005555555555556,0.7005555555555556,0.7272727272727273,0.7272727272727273,0.7272727272727273,0.7272727272727273,0.7272727272727273,0.7272727272727273,0.717921717171717
8,noSelect,minmax,noAug,noImbl,random_forest,last,0.35,0.1,42,2026-02-20 16:59:37,20260220-161321,log/pimaindians_diabetes/8/noSelect/noAug__noImbl__minmax/random_forest,1771575212296_720c096117715779776767662,0.7402597402597403,0.7732638888888889,0.7914814814814815,0.7391598915989159,0.831655844155844,0.7402597402597403,0.7442191954387076,0.7402597402597403,0.7402597402597403,0.7402597402597403,0.758250880612161
8,noSelect,minmax,noAug,noImbl,random_forest,last,0.35,0.2,42,2026-02-20 16:59:38,20260220-161321,log/pimaindians_diabetes/8/noSelect/noAug__noImbl__minmax/random_forest,1771575212296_720c096117715779788269773,0.7012987012987013,0.7217852257181943,0.7401851851851852,0.6988095238095238,0.774139677012454,0.7012987012987013,0.7069882498453927,0.7012987012987013,0.7012987012987013,0.7012987012987013,0.7150001553593012
8,noSelect,minmax,noAug,noImbl,random_forest,last,0.5,0.1,42,2026-02-20 16:59:38,20260220-161321,log/pimaindians_diabetes/8/noSelect/noAug__noImbl__minmax/random_forest,1771575212296_720c096117715779782575613,0.7662337662337663,0.75,0.768888888888889,0.7542553191489361,0.7839433293978748,0.7662337662337663,0.7704614534401768,0.7662337662337663,0.7662337662337663,0.7662337662337663,0.7654842442105496
8,noSelect,minmax,noAug,noImbl,random_forest,last,0.5,0.2,42,2026-02-20 16:59:39,20260220-161321,log/pimaindians_diabetes/8/noSelect/noAug__noImbl__minmax/random_forest,1771575212296_720c096117715779794075959,0.7272727272727273,0.7005555555555556,0.7005555555555556,0.7005555555555556,0.7272727272727273,0.7272727272727273,0.7272727272727273,0.7272727272727273,0.7272727272727273,0.7272727272727273,0.717921717171717
